tree
version=v4
num_class=1
num_tree_per_iteration=1
label_index=0
max_feature_idx=41
objective=quantile
feature_names=hour dow month holiday day_of_year load_fc_mw temp_c wind100_ms radiation_wm2 price_lag1 price_lag2 price_lag7 price_lag1_mean price_lag1_min price_lag1_max price_lag7_mean wind_proxy_mw solar_proxy_mw day_type bridge_day pre_holiday post_holiday year_end_break same_type_lag_days price_lag_same_type price_lag_same_type_mean nuclear_d2_mw nuclear_d2_mean_mw nuclear_d1_early_mw price_de_lu_lag1 price_be_lag1 price_nl_lag1 price_es_lag1 price_it_north_lag1 price_ch_lag1 spread_de_lu_lag1 spread_be_lag1 spread_nl_lag1 spread_es_lag1 spread_it_north_lag1 spread_ch_lag1 residual_v2_mw
feature_infos=[0:23] [0:6] [1:12] [0:1] [1:366] [27650:89563.75] [-3.7581497797356822:39.041850220264323] [0.87847222222222232:15.701388888888889] [-0.10000000000000001:918.04999999999995] [-496.86250000000001:2987.7800000000002] [-496.86250000000001:2987.7800000000002] [-496.86250000000001:2987.7800000000002] [-41.392708333333331:743.84333333333336] [-496.86250000000001:571.94000000000005] [7.54:2987.7800000000002] [-41.392708333333331:743.84333333333336] [0:21930.799999999999] [0:19081.413690000001] [0:2] [0:1] [0:1] [0:1] [0:1] [1:14] [-496.86250000000001:2987.7800000000002] [-41.392708333333331:743.84333333333336] [19179:56127.255000000005] [20350.958333333332:55888.579062500001] [20078.625:55971.288124999999] [-437.46749999999997:1029.2950000000001] [-497.90499999999997:933.28250000000003] [-500:872.96000000000004] [-39.825000000000003:700] [0:871] [-463.68000000000001:871.61000000000001] [-708.22500000000014:2807.7775000000001] [-661.9425:2757.7800000000002] [-597.96000000000004:2733.1800000000003] [-494.89750000000004:2701.7000000000003] [-496.86250000000001:2517.7800000000002] [-226.35000000000002:2550.23] [-30766.395320048367:32590.864795809088]
tree_sizes=2706 2890 2912 2895 2896 2893 2899 2901 2903 2899 2915 2918 2877 2919 2909 2888 2908 2915 2897 2911 2922 2913 2897 2905 2919 2902 2922 2900 2910 2908 2930 2898 2898 2894 2903 2915 2900 2912 2925 2910 2912 2920 2925 2897 2952 2883 2919 2921 2889 2914 2948 2899 2911 2917 2930 2927 2930 2920 2910 2914 2900 2913 2912 2927 2923 2929 2904 2915 2919 2907 2917 2919 2908 2922 2926 2909 2897 2922 2915 2890 2919 2916 2901 2888 2908 2915 2896 2902 2923 2906 2899 2923 2901 2893 2890 2914 2929 2900 2910 2903 2906 2912 2915 2912 2914 2900 2928 2914 2911 2910 2894 2917 2919 2917 2878 2917 2941 2903 2924 2906 2918 2924 2931 2882 2897 2915 2930 2923 2915 2909 2888 2927 2897 2918 2903 2926 2924 2935 2920 2948 2913 2902 2937 2902 2915 2934 2921 2881 2929 2921 2895 2909 2900 2914 2897 2898 2890 2944 2915 2906 2931 2915 2925 2935 2927 2901 2938 2875 2931 2890 2907 2926 2932 2907 2910 2888 2907 2914 2961 2883 2921 2911 2904 2924 2920 2927 2913 2930 2931 2933 2931 2888 2909 2892 2934 2947 2944 2913 2901 2921 2909 2921 2927 2910 2886 2933 2900 2946 2900 2960 2925 2947 2922 2918 2908 2918 2934 2889 2915 2953 2941 2918 2889 2909 2911 2905 2913 2941 2939 2920 2912 2920 2885 2930 2947 2917 2895 2892 2895 2932 2949 2921 2917 2926 2908 2949 2904 2903 2908 2921 2911 2932 2959 2951 2908 2927 2944 2925 2953 2917 2915 2917 2911 2881 2958 2918 2937 2916 2919 2918 2901 2879 2953 2908 2916 2888 2889 2927 2924 2904 2908 2935 2925 2933 2912 2920 2857 2905 2903 2920 2916 2897 2948 2937 2931 2940 2901 2929 2889 2922

Tree=0
num_leaves=31
num_cat=0
split_feature=9 41 24 24 1 9 24 41 41 9 41 11 9 9 11 41 14 24 4 14 32 10 41 32 41 9 41 28 14 13
split_gain=1070.86 227.575 93.8332 91.8293 42.0418 40.2012 37.9823 37.568 21.3582 20.1258 17.5696 17.1502 13.228 13.17 13.0209 11.1004 10.9325 9.91 8.95201 8.86246 8.86128 8.28424 8.08958 7.97677 7.38326 7.33497 7.30096 6.36545 6.25897 6.011
threshold=21.365000000000006 -6265.615994323095 34.795000000000009 1.7025000000000001 4.5000000000000009 8.5087500000000009 1.0000000180025095e-35 -12869.013811707102 -15042.396014350785 7.535000000000001 1100.4443608949407 34.593750000000007 57.915000000000006 44.165000000000006 1.0000000180025095e-35 -6429.3584651195806 47.195 11.487500000000002 112.50000000000001 66.280000000000015 1.6012500000000003 -0.51624999999999988 -16065.005134674457 30.511250000000004 -14279.723264012366 64.345000000000013 -2560.735940253056 40512.199687500011 69.120000000000019 -0.50499999999999989
decision_type=8 8 8 10 2 10 10 8 8 10 10 10 8 10 10 8 10 10 2 10 10 10 10 10 10 10 8 10 10 10
left_child=1 5 6 10 11 -1 13 22 -8 28 14 16 -9 -2 -3 20 18 -7 -5 -16 -10 -18 -4 -21 -19 27 -13 29 -6 -22
right_child=2 3 7 4 9 17 8 12 15 -11 -12 26 -14 -15 19 -17 21 24 -20 23 25 -23 -24 -25 -26 -27 -28 -29 -30 -31
leaf_value=10.990170163749179 11.519880111263394 11.128800104311106 11.523585111013389 11.52360011100769 11.463780121250153 11.494380110355914 11.523360111019537 12.044040129227229 11.52360011100769 11.523870111144259 11.558130112114997 11.525640111186952 13.332900176337914 11.52360011100769 11.465340116298794 11.82567012952514 11.52360011100769 11.523330111023114 11.733630116826744 11.522100111173094 11.769300111553074 11.585295114847947 11.597400120922924 11.523300111014397 11.523900111000986 11.975100113341206 11.897775110646691 11.686890116372554 10.899900112921001 11.52360011100769
leaf_weight=1267 113 340 49 83 129 207 59 4558 51 320 122 190 26991 237 197 2072 66 43 50 141 57 647 149 130 395 175 1079 270 133 135
leaf_count=1267 113 340 49 83 129 207 59 4558 51 320 122 190 26991 237 197 2072 66 43 50 141 57 647 149 130 395 175 1079 270 133 135
internal_value=11.88 11.8677 11.8819 11.8721 11.8749 11.8593 11.877 11.8824 11.8782 11.8678 11.864 11.8769 11.8825 11.8677 11.8624 11.8785 11.8736 11.8655 11.8657 11.8657 11.8752 11.8751 11.8694 11.8693 11.8681 11.8762 11.8791 11.8742 11.8617 11.8701
internal_weight=40455 5539 34916 3627 2697 1912 3169 31747 2819 582 930 2115 31549 350 808 2760 846 645 133 468 688 713 198 271 438 637 1269 462 262 192
internal_count=40455 5539 34916 3627 2697 1912 3169 31747 2819 582 930 2115 31549 350 808 2760 846 645 133 468 688 713 198 271 438 637 1269 462 262 192
is_linear=0
shrinkage=1


Tree=1
num_leaves=31
num_cat=0
split_feature=9 17 41 1 41 24 41 24 41 24 9 8 24 24 25 7 9 41 30 11 1 4 7 33 13 1 6 10 41 6
split_gain=1019.52 225.364 89.4401 65.9411 64.2978 45.0278 34.8575 26.7364 25.5007 25.1724 21.4786 16.663 16.6622 12.2775 12.2683 13.8659 12.0068 10.8191 9.81857 9.81317 9.78739 8.51507 8.22139 8.00916 7.88972 7.73346 7.12312 6.32956 6.276 6.16157
threshold=21.365000000000006 6284.6333650000006 -9281.8123357286222 4.5000000000000009 -6179.6370395720542 30.265000000000004 -8288.8521230241367 4.4375000000000009 -15042.396014350785 0.90500000000000014 2.7300000000000009 371.28750000000008 0.065000000000000016 0.90500000000000014 40.351041666666674 5.4079861111111134 38.07500000000001 -952.98979690298063 53.105000000000011 10.415000000000001 4.5000000000000009 170.50000000000003 6.1232638888888902 109.14500000000002 24.625000000000004 2.5000000000000004 12.930176211453746 49.035000000000004 -709.31347920823816 23.761233480176212
decision_type=8 10 8 2 10 8 8 10 10 10 10 2 10 10 10 2 8 10 10 10 2 2 2 10 10 2 2 10 10 2
left_child=1 3 8 6 13 11 -1 14 -2 -6 -5 24 -10 -3 15 -8 25 23 -14 -13 29 -11 -9 26 28 -7 -12 -20 -4 -15
right_child=2 4 5 10 9 16 7 22 12 21 17 19 18 20 -16 -17 -18 -19 27 -21 -22 -23 -24 -25 -26 -27 -28 -29 -30 -31
leaf_value=-0.33494880037868319 -0.34578255332872526 -1.1544050834366602 -0.24260304603325636 -0.6310604514166106 -0.39538379893331288 0.29657881984286344 -0.29326019589092767 0.1003411480968464 -0.34600800331022141 -0.34755885344543841 -0.33185382149594023 -0.35267010362647394 -0.34516800330743191 -0.34601700331644414 -0.092210924730502158 -0.34599900332372635 1.1479037674670847 -0.10400082852193578 -0.34601460373722259 -0.2720052498166064 -0.76715924255229806 -0.34570800333023072 -0.23003324814719639 -0.32715879310681545 0.72192988518430468 -0.23649120251918271 -0.35384400085481965 -0.079693792095836019 0.41739988887362972 -0.32988510488654738
leaf_weight=247 136 881 802 255 333 699 131 858 81 252 184 281 79 271 136 239 30281 99 306 247 186 255 736 210 636 658 230 619 234 99
leaf_count=247 136 881 802 255 333 699 131 858 81 252 184 281 79 271 136 239 30281 99 306 247 186 255 736 210 636 658 230 619 234 99
internal_value=1.33541e-05 -0.0118694 0.00191235 -0.00688665 -0.0191392 0.00220024 -0.0041563 -0.00289862 -0.00606137 -0.0125208 -0.013428 -0.00194911 -0.00451657 -0.0229965 -0.00889941 -0.0117251 0.00248883 -0.010761 -0.00345075 -0.00658979 -0.0194111 -0.00828543 -0.000989342 -0.0122208 -0.000480574 -0.000271723 -0.0146458 -0.00257559 -0.0020945 -0.016496
internal_weight=40661 5602 35059 3325 2277 33838 2347 2100 1221 840 978 2200 1085 1437 506 370 31638 723 1004 528 556 507 1594 624 1672 1357 414 925 1036 370
internal_count=40661 5602 35059 3325 2277 33838 2347 2100 1221 840 978 2200 1085 1437 506 370 31638 723 1004 528 556 507 1594 624 1672 1357 414 925 1036 370
is_linear=0
shrinkage=0.03


Tree=2
num_leaves=31
num_cat=0
split_feature=9 17 41 18 41 24 41 24 41 24 9 24 24 41 14 12 24 32 17 41 32 1 41 14 9 32 7 5 16 6
split_gain=1006.96 212.716 92.1258 74.243 63.3088 47.9451 35.1777 28.9295 27.8952 26.0526 23.993 20.0201 19.0259 16.5261 13.1353 12.987 11.602 11.1166 9.40573 9.17799 9.16917 8.53854 8.09355 7.99255 7.21587 6.92225 6.71557 7.17737 6.46798 5.63268
threshold=21.365000000000006 6284.6333650000006 -9281.8123357286222 1.0000000180025095e-35 -6179.6370395720542 41.675000000000004 -7967.2037011337443 0.90500000000000014 -15042.396014350785 0.065000000000000016 7.535000000000001 4.4375000000000009 0.065000000000000016 -709.31347920823816 72.915000000000006 24.694791666666671 3.5550000000000002 43.345000000000006 6635.9653650000009 -6976.7705369431287 82.347500000000011 4.5000000000000009 -538.75169692148472 38.355000000000011 67.471250000000012 92.597500000000011 7.4392361111111134 45105.812500000007 3795.6124579136617 23.761233480176212
decision_type=8 10 8 2 10 8 8 10 10 10 10 10 10 10 10 10 10 10 10 10 10 2 10 10 8 10 2 2 8 2
left_child=1 3 8 6 16 9 -1 22 -2 20 13 14 -10 25 -8 -9 -3 -14 26 -12 -4 29 -6 -13 -7 -5 -11 -28 -20 -18
right_child=2 4 5 10 7 24 11 15 12 18 19 23 17 -15 -16 -17 21 -19 28 -21 -22 -23 -24 -25 -26 -27 27 -29 -30 -31
leaf_value=-0.32146927066501613 -0.33545955171032554 -0.93996045644774362 -0.3375204001502462 -0.60808022084653635 -0.45964248361631205 0.35992716468099317 -0.33418023328196367 -0.33748761333882593 -0.33551616323188965 0.12599383682893756 -0.33560133950400139 -0.33004843084041019 -0.33755910524099109 -0.09865198469769991 -0.24029666949339801 -0.33528123772686758 -0.33563649322383071 -0.12659615239026753 -0.25255289218268967 -0.19199890435090189 -0.018179903444395525 -0.72645777266616929 -0.33488238939545051 -0.019145605607556054 1.660775788265495 -0.11579519474329235 -0.32722799849711665 -0.087408692836468432 -0.34275000056305377 -0.31995855176252619
leaf_weight=250 144 966 222 391 234 5493 211 160 80 2464 431 133 290 47 221 351 223 722 221 207 76 152 100 1377 24511 40 151 476 74 93
leaf_count=250 144 966 222 391 234 5493 211 160 80 2464 431 133 290 47 221 351 223 722 221 207 76 152 100 1377 24511 40 151 476 74 93
internal_value=-2.06604e-05 -0.0118448 0.00187121 -0.00698277 -0.0188961 0.0021664 -0.00377291 -0.0123582 -0.00616977 -0.00106323 -0.0132784 -0.00240556 -0.00452333 -0.0183633 -0.00809238 -0.0078457 -0.0227373 -0.0033998 -0.000313552 -0.00944601 -0.00955184 -0.0187548 -0.0192179 -0.000774322 0.00256297 -0.0202014 0.000175615 -0.00259395 -0.0054223 -0.0158423
internal_weight=40511 5587 34924 3308 2279 33688 2192 845 1236 3684 1116 1942 1092 478 432 511 1434 1012 3386 638 298 468 334 1510 30004 431 3091 627 295 316
internal_count=40511 5587 34924 3308 2279 33688 2192 845 1236 3684 1116 1942 1092 478 432 511 1434 1012 3386 638 298 468 334 1510 30004 431 3091 627 295 316
is_linear=0
shrinkage=0.03


Tree=3
num_leaves=31
num_cat=0
split_feature=9 24 41 41 1 8 41 24 17 24 9 41 32 8 32 41 12 26 30 7 24 11 25 9 41 28 28 12 30 25
split_gain=983.166 214.535 90.6559 84.7204 41.843 41.0915 30.3886 28.1427 22.7878 21.7354 18.7634 18.521 17.3438 15.1646 14.8178 14.2877 11.4306 9.92622 9.65277 9.53809 8.52067 7.87325 6.82393 6.73216 6.52637 6.99439 6.48472 6.37828 6.05017 5.68765
threshold=21.365000000000006 1.7025000000000001 -6711.8876563815638 -6429.3584651195806 4.5000000000000009 328.51875000000007 -14628.962492295686 41.675000000000004 7044.191020000002 5.2175000000000002 2.7300000000000009 -538.75169692148472 12.782500000000001 389.69375000000008 40.005000000000003 -2700.2515383586829 24.694791666666671 39916.293750000004 73.023750000000021 5.8697916666666687 5.2175000000000002 10.415000000000001 40.351041666666674 59.966250000000009 -14279.723264012366 39217.355156250007 40216.750000000007 24.031145833333337 53.105000000000011 81.504791666666691
decision_type=8 10 8 8 2 2 10 8 10 10 10 10 10 2 10 10 10 10 10 2 10 10 10 8 10 10 10 10 10 10
left_child=1 5 12 6 8 15 -2 13 19 18 -6 -7 -3 -5 -11 22 -10 -14 -8 -4 -15 27 -1 -9 -19 -26 -12 -21 -16 -18
right_child=3 2 4 7 10 11 9 23 16 14 26 -13 17 20 28 -17 29 24 -20 21 -22 -23 -24 -25 25 -27 -28 -29 -30 -31
leaf_value=-0.32543886117266091 -0.32538279015939298 -0.35768416274184905 0.084686003216212141 0.10004617176550835 -0.69799628076239784 -0.89614802946075078 -0.34012682663980265 0.34944389104692436 -0.32736298493866117 -0.3249700319510832 -0.32560290993509244 -0.32483591771358694 -0.32528113744698284 -0.32785228815289574 -0.25457507308835126 -0.17903591142091943 -0.32707365071026923 -0.32512662936594966 -0.30277185101342946 -0.32706617145791478 -0.33330750077347937 -0.18657601084749542 -0.2987380660203417 1.4968326213584007 -0.31807717345500913 -0.15761596972270495 -0.11891990821535958 -0.13612151039230563 0.032663240317797382 0.15848804055412319
leaf_weight=308 156 474 864 2567 154 1260 100 3651 140 469 344 109 219 171 75 101 241 42 122 68 444 767 63 25697 47 163 105 43 1455 77
leaf_count=308 156 474 864 2567 154 1260 100 3651 140 469 344 109 219 171 75 101 241 42 122 68 444 767 63 25697 47 163 105 43 1455 77
internal_value=3.45212e-05 -0.0116463 -0.00752361 0.00190504 -0.00481134 -0.0200309 -0.0035614 0.00230457 -0.0028896 -0.00265842 -0.0118063 -0.0226664 -0.015555 -0.000375118 -0.0016665 -0.0123552 -0.0088366 -0.0114343 -0.0115426 -0.00132186 -0.00460227 -0.00352218 -0.0150726 0.00259511 -0.00732806 -0.00511848 -0.00867333 -0.0109554 -0.00023514 -0.00566144
internal_weight=40496 5589 3748 34907 2803 1841 2377 32530 2200 2221 603 1369 945 3182 1999 472 458 471 222 1742 615 878 371 29348 252 210 449 111 1530 318
internal_count=40496 5589 3748 34907 2803 1841 2377 32530 2200 2221 603 1369 945 3182 1999 472 458 471 222 1742 615 878 371 29348 252 210 449 111 1530 318
is_linear=0
shrinkage=0.03


Tree=4
num_leaves=31
num_cat=0
split_feature=9 24 41 41 1 17 24 41 9 8 17 41 9 32 0 14 41 14 8 16 6 14 34 1 41 27 16 41 39 7
split_gain=943.89 219.326 92.8052 81.4435 42.0111 41.1015 33.0147 29.3721 21.7516 20.8049 20.5603 17.4298 17.0172 15.99 14.0276 12.8917 11.8501 10.5752 10.568 10.0717 8.0831 8.06363 7.9591 7.48786 8.26699 7.62235 7.43535 6.60011 6.58376 6.45422
threshold=21.365000000000006 1.7025000000000001 -6711.8876563815638 -6870.8202805429582 4.5000000000000009 6284.6333650000006 12.578750000000001 -15042.396014350785 7.535000000000001 186.11250000000004 7044.191020000002 -538.75169692148472 43.365000000000002 3.4775000000000005 15.500000000000002 44.935000000000009 -2486.4670257782541 106.37500000000001 382.25625000000008 16058.12586247374 10.113876651982382 86.15000000000002 88.145000000000024 2.5000000000000004 -2002.5833012954824 40527.620520833341 9317.2811944361565 -14628.962492295686 -17.938749999999995 5.6267361111111134
decision_type=8 10 8 8 2 10 8 10 10 2 10 10 8 10 2 10 10 10 2 8 2 10 10 2 10 8 8 10 10 2
left_child=1 5 13 7 10 16 18 -2 20 21 15 -7 23 -3 -11 19 -1 29 -5 -4 -6 -9 -15 -8 25 -25 -10 -24 -20 -12
right_child=3 2 4 6 8 11 12 9 26 14 17 -13 -14 22 -16 -17 -18 -19 28 -21 -22 -23 27 24 -26 -27 -28 -29 -30 -31
leaf_value=-0.32161589057763051 -0.31572705646960364 -0.38026530969979966 -0.090545869773622195 -0.11512882549235924 -0.30138729462035452 -0.86932557433344926 0.28865017440929203 -0.23762558875770137 -0.097149903523205641 -0.32302341421561132 -0.31489144116526824 -0.31509084018217937 1.1519605285391494 -0.31755704019267911 -0.22953630219532226 -0.0066744262010263586 -0.27379751622697124 -0.27772552914297682 -0.32461083168270954 -0.31841027398650296 -0.67094283709092939 0.05531350277379124 -0.31562122271754728 -0.34889589016614642 0.29283754483253344 -0.051029114670853609 -0.31665112692138303 -0.25640381324766615 -0.29537455940687013 -0.31754789912523135
leaf_weight=478 138 293 120 508 65 1162 1302 318 157 300 160 112 29510 298 315 1514 106 214 160 106 222 1083 43 407 364 462 182 278 67 98
leaf_count=478 138 293 120 508 65 1162 1302 318 157 300 160 112 29510 298 315 1514 106 214 160 106 222 1083 43 407 364 462 182 278 67 98
internal_value=6.23043e-05 -0.0113614 -0.00718208 0.00189644 -0.0045037 -0.0197881 0.00226778 -0.00375313 -0.0113589 -0.00283193 -0.00255942 -0.0228141 0.002412 -0.0155027 -0.00742695 -0.00105112 -0.013159 -0.00810571 -0.00401495 -0.00771806 -0.0174271 -0.000810984 -0.0127306 5.32335e-05 -0.00162156 -0.00321034 -0.00618529 -0.00940062 -0.00938158 -0.0121853
internal_weight=40542 5608 3750 34934 2838 1858 32780 2154 626 2016 2212 1274 32045 912 615 1740 584 472 735 226 287 1401 619 2535 1233 869 339 321 227 258
internal_count=40542 5608 3750 34934 2838 1858 32780 2154 626 2016 2212 1274 32045 912 615 1740 584 472 735 226 287 1401 619 2535 1233 869 339 321 227 258
is_linear=0
shrinkage=0.03


Tree=5
num_leaves=31
num_cat=0
split_feature=11 41 32 30 30 29 14 41 41 41 1 41 14 10 12 32 25 41 4 14 1 13 14 13 6 0 30 6 0 7
split_gain=620.512 190.21 165.489 107.714 101.096 61.1096 47.34 37.607 34.3141 31.6751 24.8076 23.9906 20.845 20.1019 18.2959 16.0276 15.3834 14.4935 11.9145 11.5265 11.0761 10.8056 10.7575 10.706 10.528 9.78218 9.56216 9.03343 8.84108 8.50433
threshold=10.415000000000001 -6711.8876563815638 1.9550000000000003 36.630000000000003 57.605000000000011 43.878750000000004 44.935000000000009 -9281.8123357286222 -16065.005134674457 -5511.5964703539421 4.5000000000000009 -304.88417456402743 93.75500000000001 33.57500000000001 52.225208333333335 11.273750000000001 66.697916666666671 -952.98979690298063 256.50000000000006 86.15000000000002 1.5000000000000002 5.9150000000000009 44.935000000000009 1.5350000000000004 12.674008810572689 16.500000000000004 39.425000000000004 19.965418502202649 16.500000000000004 7.1406250000000027
decision_type=8 8 10 8 10 10 10 8 10 8 2 8 10 8 8 10 10 10 2 10 2 10 10 10 2 2 10 2 2 2
left_child=2 4 9 6 15 10 17 18 -6 21 16 -8 -11 -10 22 -2 27 25 -7 -9 -13 -1 29 -22 -14 -3 -17 -4 -24 -5
right_child=1 3 5 14 8 7 11 19 13 12 -12 20 24 -15 -16 26 -18 -19 -20 -21 23 -23 28 -25 -26 -27 -28 -29 -30 -31
leaf_value=-1.0563099103782567 -0.43665396186857353 -0.37125767834538986 -0.30470327720683904 -0.03058579221562148 -0.30632392933701263 -0.31314680395083744 -0.30504274034398543 -0.25889282968825061 -0.28617842330816928 -0.41248118228609681 -0.51328827551258638 0.17550667303712988 -0.054864872077204585 -0.021917596541902611 1.2466088097919295 -0.31097201257838236 0.0035068202870088116 -0.18456789416456698 -0.13698023785019642 0.0061753370784314379 -0.31430771993649076 -0.30342891425386631 -0.041413088845361275 -0.12803994237407712 -0.31072586419507287 -0.29352618342811621 -0.30602812646733651 -0.31134084278943591 0.51985720427662674 -0.31082350847268209
leaf_weight=681 285 181 138 179 90 231 406 298 505 364 376 1055 95 1343 26435 167 133 77 91 1084 413 61 2423 534 186 51 208 110 2077 105
leaf_count=681 285 181 138 179 90 231 406 298 505 364 376 1055 95 1343 26435 167 133 77 91 1084 413 61 2423 534 186 51 208 110 2077 105
internal_value=4.47219e-05 0.00125173 -0.0114123 0.00185072 -0.00657022 -0.00673721 -0.00387748 -0.0035824 -0.00311294 -0.0196967 -0.0138245 -0.00245579 -0.014791 -0.00222607 0.00234936 -0.016702 -0.00839529 -0.0149129 -0.0127988 -0.00142733 -0.00110534 -0.0239354 0.000642006 -0.00345886 -0.00860638 -0.0186438 -0.0125665 -0.0127952 0.000999778 -0.00501053
internal_weight=40382 36534 3848 33936 2598 2461 2717 1704 1938 1387 757 2408 645 1848 31219 660 381 309 322 1382 2002 742 4784 947 281 232 375 248 4500 284
internal_count=40382 36534 3848 33936 2598 2461 2717 1704 1938 1387 757 2408 645 1848 31219 660 381 309 322 1382 2002 742 4784 947 281 232 375 248 4500 284
is_linear=0
shrinkage=0.03


Tree=6
num_leaves=31
num_cat=0
split_feature=9 41 41 24 24 41 1 24 24 8 41 17 24 9 8 0 14 14 24 1 32 0 14 4 14 13 13 41 17 16
split_gain=902.054 168.852 125.856 71.6479 42.376 41.9966 35.4965 30.9673 25.2891 24.1763 22.0875 17.0056 13.9555 13.4474 12.435 11.927 11.8781 10.8299 9.8109 11.6032 9.62082 8.77394 8.05981 7.86029 7.63609 7.45927 7.33113 8.78661 7.17343 9.40147
threshold=13.486250000000002 -6429.3584651195806 -6429.3584651195806 0.90500000000000014 55.003750000000004 -15042.396014350785 4.5000000000000009 29.205000000000002 1.0000000180025095e-35 168.18125000000003 1100.4443608949407 4403.7419000000018 41.675000000000004 2.7300000000000009 430.39375000000007 8.5000000000000018 44.935000000000009 72.915000000000006 0.28125000000000006 4.5000000000000009 37.715000000000011 17.500000000000004 88.120000000000019 261.50000000000006 64.335000000000008 28.500000000000004 35.105000000000011 -2630.1199087821474 7658.3527800000002 4406.8176425525735
decision_type=8 8 8 10 8 10 2 10 10 2 10 10 10 10 2 2 8 10 10 2 10 2 10 2 10 10 10 10 10 8
left_child=1 9 5 10 8 -2 12 11 25 -1 15 22 17 -8 26 24 -6 28 -11 -20 -9 23 -7 -13 -3 -4 27 -10 29 -5
right_child=2 3 4 6 16 7 13 20 14 18 -12 21 -14 -15 -16 -17 -18 -19 19 -21 -22 -23 -24 -25 -26 -27 -28 -29 -30 -31
leaf_value=-0.28107105154755468 -0.29705187687617707 -0.35438844818427423 -0.31655762214555405 -0.021390698808805456 -0.30825471308466768 -0.29645171853478752 -0.78650953781004851 -0.29934477559402439 -0.13514042447258645 -1.0106323603273706 -0.29326367950813104 -0.30202959463019169 0.097891436740495302 -0.2766721965016023 -0.310554374630785 -0.54288839377118603 1.2638724556625491 -0.22199005373911457 -0.28125627274881665 -0.76925849238773614 0.014692013468833497 0.0089480832175051275 -0.054080686227949142 -0.11159429196537445 -0.2775645659089766 -0.29888965864223221 0.70452932736085561 0.30271811118669445 -0.30372864902364527 -0.29752682389354673
leaf_weight=248 193 81 103 121 90 249 155 335 2082 753 120 316 532 258 827 544 27280 585 297 198 1291 44 274 58 99 137 1624 1310 82 255
leaf_count=248 193 81 103 121 90 249 155 335 2082 753 120 316 532 258 827 544 27280 585 297 198 1291 44 274 58 99 137 1624 1310 82 255
internal_value=2.37533e-05 -0.0129189 0.00157091 -0.00860713 0.00207894 -0.00458529 -0.00549321 -0.00356659 -0.000185897 -0.0210701 -0.0159266 -0.0078949 -0.00343591 -0.0133116 0.000206879 -0.0179007 0.0025823 -0.00545115 -0.022775 -0.0193851 -0.00105839 -0.012401 -0.00427672 -0.013888 -0.011105 -0.00970954 0.000768986 -2.47567e-05 -0.00890196 -0.00711406
internal_weight=40541 4328 36213 2832 33453 2760 1988 2567 6083 1496 844 941 1575 413 5843 724 27370 1043 1248 495 1626 418 523 374 180 240 5016 3392 458 376
internal_count=40541 4328 36213 2832 33453 2760 1988 2567 6083 1496 844 941 1575 413 5843 724 27370 1043 1248 495 1626 418 523 374 180 240 5016 3392 458 376
is_linear=0
shrinkage=0.03


Tree=7
num_leaves=31
num_cat=0
split_feature=9 24 41 24 8 17 14 41 17 41 1 32 9 8 17 41 24 12 12 41 7 5 5 7 1 41 14 9 4 24
split_gain=882.214 223.858 77.8845 67.7819 45.0761 36.1304 35.9926 28.6576 21.7735 21.4138 18.6061 16.8451 15.7894 15.5395 15.4527 14.9116 11.9143 8.71267 8.68701 8.4048 8.28691 8.95525 7.89098 10.9781 7.83224 7.52159 6.98131 6.83655 6.83429 6.4944
threshold=23.657500000000002 2.7300000000000009 -6179.6370395720542 33.632500000000007 324.6062500000001 6635.9653650000009 44.935000000000009 -12869.013811707102 4562.7762750000002 -538.75169692148472 4.5000000000000009 3.2050000000000005 70.00500000000001 389.69375000000008 6829.4682250000014 -3481.928524489314 1.0000000180025095e-35 25.359479166666667 20.943177083333335 -9547.064767821319 6.6579861111111134 50050.312500000007 54962.937500000007 8.6232638888888911 4.5000000000000009 -1032.143771568273 70.535000000000011 59.966250000000009 188.50000000000003 7.5250000000000012
decision_type=8 10 8 8 2 10 10 8 10 10 2 10 8 2 10 10 10 10 10 8 2 2 2 2 2 10 10 10 2 10
left_child=1 4 8 5 15 16 11 -5 18 19 14 -4 22 -12 -8 26 27 -16 -3 -6 -18 -22 23 -9 28 -13 -1 -2 -10 -7
right_child=3 2 6 7 9 29 10 12 24 -11 13 25 -14 -15 17 -17 20 -19 -20 -21 21 -23 -24 -25 -26 -27 -28 -29 -30 -31
leaf_value=-0.28770138647252547 -0.30305679336895835 -0.27316827779212238 -0.29550545390975363 -0.28651310969121047 -0.99886166764150341 -0.29615149419619896 0.00853821407720598 0.17253037285097927 -0.28843031970827465 -0.28446576912288712 -0.24432282938426486 -0.28645353902419313 1.4660743206456834 -0.98549325212616745 -0.29161298871020391 -0.15293114200335889 0.077830346662713101 -0.28900354412787688 -0.23203020208650438 -0.52518869200902107 -0.29509270852727637 0.086819655915405164 0.67146214559950113 -0.33953976822098886 -0.52949382258683442 0.097383252613845006 -0.27073178991393576 -0.21486897577135183 -0.27170834344816336 -0.28818436743498721
leaf_weight=207 98 232 151 202 633 188 1563 4615 168 116 330 184 24328 114 122 124 1518 310 284 732 344 268 2250 401 184 78 170 123 166 223
leaf_count=207 98 232 151 202 633 188 1563 4615 168 116 330 184 24328 114 122 124 1518 310 284 732 344 268 2250 401 184 78 170 123 166 223
internal_value=3.38389e-05 -0.0107201 -0.00653254 0.00186012 -0.0189228 -0.00264712 -0.00397266 0.00225172 -0.0135826 -0.0215567 -0.0025832 -0.0121522 0.00232385 -0.00813034 -0.00134519 -0.0111096 -0.00121046 -0.00636028 -0.00919149 -0.0226098 -0.000520882 -0.00346493 0.00109646 0.000434124 -0.0179306 -0.0075057 -0.0140714 -0.00782432 -0.0150985 -0.0108422
internal_weight=40426 5868 3886 34558 1982 2762 2852 31796 1034 1481 2439 413 31594 444 1995 501 2351 432 516 1365 2130 612 7266 5016 518 262 377 221 334 411
internal_count=40426 5868 3886 34558 1982 2762 2852 31796 1034 1481 2439 413 31594 444 1995 501 2351 432 516 1365 2130 612 7266 5016 518 262 377 221 334 411
is_linear=0
shrinkage=0.03


Tree=8
num_leaves=31
num_cat=0
split_feature=24 17 41 30 32 14 41 30 41 1 24 1 14 13 26 30 41 24 16 30 12 17 6 32 12 33 12 7 26 41
split_gain=850.058 193.753 107.339 53.0459 44.1778 41.0243 32.7412 30.0437 22.8867 18.1511 17.193 15.4364 15.4356 15.0558 17.5531 14.9872 13.9573 12.3661 12.2094 10.9302 10.4762 9.80989 9.04456 8.89128 8.73122 8.36734 8.27387 7.77963 13.5331 7.58094
threshold=12.578750000000001 6212.1987400000007 -6711.8876563815638 46.29375000000001 28.130000000000003 44.935000000000009 -7869.2067164811097 59.047500000000007 -14628.962492295686 5.5000000000000009 0.065000000000000016 4.5000000000000009 58.040000000000013 31.662500000000005 39273.667500000003 35.005000000000003 -11329.566953253896 63.701250000000009 6503.9519211710494 20.368750000000002 20.943177083333335 7125.456000000001 11.361674008810576 2.6150000000000007 38.983541666666675 100.89500000000002 16.892656250000005 8.5017361111111125 41684.500000000007 -3017.5656815716825
decision_type=8 10 8 8 10 10 10 10 10 2 10 2 10 10 8 10 10 8 10 10 10 10 2 10 10 10 10 2 10 10
left_child=1 7 4 5 16 23 -3 9 -6 12 25 21 -1 14 22 -10 -2 27 -14 -11 29 -7 -13 -4 -23 -8 -18 -5 -29 -9
right_child=2 6 3 17 8 11 10 20 15 19 -12 13 18 -15 -16 -17 26 -19 -20 -21 -22 24 -24 -25 -26 -27 -28 28 -30 -31
leaf_value=-0.27984032088321936 -0.2865402626771289 -0.69757579429133221 -0.2880215684629121 0.25936598909863484 -0.27835973868459574 0.26341961423532628 -0.51888050682109843 -0.27879651956055151 -0.27863225178773676 -0.7398942962426085 -0.28163090777088251 -0.22445806814430105 -0.25777876017967621 0.50852197238494223 -0.18335130568403746 -0.056418340400672506 -0.28502053906328206 1.3635513485215889 -0.28153820201894802 -0.28692464904629955 -0.085529267851372229 -0.28982984333469636 -0.59906122769883119 -0.30345509980439805 -0.086699610502835311 -0.25894605291324663 -0.26333312615087517 -0.47016225371305137 0.24811226604364844 -0.011428861792668594
leaf_weight=242 230 1169 93 5004 115 2006 305 135 78 154 369 72 544 230 326 1648 45 24758 113 184 705 96 169 154 205 155 324 187 354 67
leaf_count=242 230 1169 93 5004 115 2006 305 135 78 154 369 72 544 230 326 1648 45 24758 113 184 705 96 169 154 205 155 324 187 354 67
internal_value=6.23308e-05 -0.0128081 0.0015396 0.00198015 -0.00453503 -0.00160113 -0.0195278 -0.00653986 -0.00222964 -0.00957916 -0.0149313 -0.000662802 -0.00733667 -0.0042594 -0.00688204 -0.0013619 -0.011605 0.00237622 -0.00493769 -0.0155044 -0.00238877 0.000581023 -0.0130041 -0.0133427 -0.00446026 -0.0188069 -0.00795405 0.00109538 -0.00231919 -0.00839409
internal_weight=40236 4142 36094 33654 2440 3351 1998 2144 1841 1237 829 3104 899 797 567 1726 599 30303 657 338 907 2307 241 247 301 460 369 5545 541 202
internal_count=40236 4142 36094 33654 2440 3351 1998 2144 1841 1237 829 3104 899 797 567 1726 599 30303 657 338 907 2307 241 247 301 460 369 5545 541 202
is_linear=0
shrinkage=0.03


Tree=9
num_leaves=31
num_cat=0
split_feature=9 17 41 41 18 41 24 41 24 9 9 32 24 14 24 41 41 5 4 41 16 32 1 1 8 24 34 5 26 14
split_gain=827.891 202.537 71.5541 61.765 58.2399 32.4089 29.6048 23.7098 23.6312 21.2704 20.4268 18.8941 15.9888 15.3182 14.8838 11.0502 10.0648 9.8387 10.4254 9.4641 9.039 8.55478 8.4543 7.95118 13.7387 7.81361 7.77854 7.75967 7.49214 7.39545
threshold=21.365000000000006 6212.1987400000007 -4115.4928830555755 -6344.9923459419106 1.0000000180025095e-35 -15042.396014350785 0.065000000000000016 -7869.2067164811097 0.90500000000000014 7.535000000000001 70.622500000000016 38.915000000000006 6.3550000000000013 38.355000000000011 3.5550000000000002 -622.93188161910064 -5428.9398746881006 52400.500000000007 350.50000000000006 -538.75169692148472 3194.44551166663 89.936250000000015 4.5000000000000009 4.5000000000000009 430.39375000000007 11.487500000000002 76.635000000000005 53503.250000000007 31294.702500000003 72.915000000000006
decision_type=8 10 8 10 2 10 10 8 10 10 8 10 8 10 10 10 10 2 2 10 10 10 2 2 2 10 10 2 10 10
left_child=1 4 5 14 7 -2 26 -1 19 15 12 -8 -4 28 27 21 -11 18 23 -5 -10 -6 -16 -14 -25 29 -7 -3 -9 -15
right_child=2 3 10 8 9 6 11 13 20 16 -12 -13 17 25 22 -17 -18 -19 -20 -21 -22 -23 -24 24 -26 -27 -28 -29 -30 -31
leaf_value=-0.26451632264952701 -0.27089774186907606 -0.92501647755689043 -0.27858413420342043 -0.38113357439254186 -0.45702053224367234 -0.28902802921698761 -0.27072086568717191 -0.27933913736225768 -0.2533240175379961 -0.27091556239650194 1.4906047359612205 0.017929968006949269 0.29255805307254884 -0.26759756338890162 -0.26349321739971149 -0.12394799780463503 -0.12698119112357412 0.60869834837056669 -0.38613835496409482 -0.26157906448448021 -0.28148829213200827 -0.10021010053813996 -0.59882842198588582 -0.081123127395855213 -0.42752171480542539 0.068457002648872764 -0.25696970972755989 -0.12856312936835701 -0.25783751391846776 -0.14158422974064314
leaf_weight=241 139 919 246 247 390 80 766 40 384 444 23688 2635 3021 262 309 53 164 3001 72 97 148 46 144 1035 122 1093 80 40 162 379
leaf_count=241 139 919 246 247 390 80 766 40 384 444 23688 2635 3021 262 309 53 164 3001 72 97 148 46 144 1035 122 1093 80 40 162 379
internal_value=8.21055e-05 -0.0106658 0.00179599 -0.0175125 -0.00587725 -0.00214807 -0.00159096 -0.00303444 -0.0112338 -0.0115109 0.002264 -0.000995591 0.00089904 -0.00192669 -0.021397 -0.0161694 -0.00774384 0.00115458 0.000225829 -0.0173565 -0.00724953 -0.0177391 -0.0168304 0.000422111 -0.00169171 -0.00101326 -0.0141615 -0.0235344 -0.00972414 -0.00364019
internal_weight=40447 5562 34885 2288 3274 3700 3561 2177 876 1097 31185 3401 7497 1936 1412 489 608 7251 4250 344 532 436 453 4178 1157 1734 160 959 202 641
internal_count=40447 5562 34885 2288 3274 3700 3561 2177 876 1097 31185 3401 7497 1936 1412 489 608 7251 4250 344 532 436 453 4178 1157 1734 160 959 202 641
is_linear=0
shrinkage=0.03


Tree=10
num_leaves=31
num_cat=0
split_feature=9 41 9 18 41 17 41 8 8 8 11 14 11 25 7 41 41 1 28 41 9 8 8 9 25 5 33 8 18 34
split_gain=814.572 152.593 116.978 52.4126 41.8558 39.8273 28.1126 24.3683 21.0124 19.8597 17.5938 16.5769 15.2751 14.9625 11.4216 10.8956 10.3371 10.9065 10.9026 9.73203 9.49312 9.05757 9.04508 8.41608 7.87367 7.85793 7.79867 7.72268 8.02692 6.88357
threshold=12.578750000000001 -6344.9923459419106 41.505000000000003 1.0000000180025095e-35 -6429.3584651195806 6159.1635200000001 -9665.5854711850916 168.18125000000003 178.41875000000002 22.275000000000002 1.0000000180025095e-35 55.310000000000009 11.380000000000001 27.131875000000004 6.9010416666666687 -14628.962492295686 -622.93188161910064 2.5000000000000004 39420.500000000007 -16065.005134674457 2.7300000000000009 385.9187500000001 566.50625000000014 94.303750000000022 72.179166666666688 50050.312500000007 105.50500000000001 344.53125000000006 1.0000000180025095e-35 83.995000000000019
decision_type=8 8 8 2 8 10 8 2 2 2 8 10 8 10 2 10 10 2 10 10 10 2 2 8 10 2 10 2 2 10
left_child=1 7 4 5 8 14 19 26 15 11 -6 -5 27 -7 -3 -2 17 -12 21 -4 -9 -19 -21 -14 -15 -16 -1 -8 -29 -17
right_child=2 3 6 9 10 13 12 20 -10 -11 16 -13 23 24 25 29 -18 18 -20 22 -22 -23 -24 -25 -26 -27 -28 28 -30 -31
leaf_value=-0.24785979711540726 -0.26364935262340677 -0.062064082877768711 -0.26279941129831891 -0.26657401315547036 -0.27747059727901213 -0.23505963259728704 0.13763602969916466 -0.8606442323983643 -0.26649139492542789 -0.78485126918857506 0.030206556704129583 -0.090133996548933296 0.51796163534810358 -0.26590038844136793 -0.27013243277456528 -0.27047239943118179 0.33534693415146521 -0.29701941769566753 -0.08126799991923761 -0.15874510916110951 -0.24751777868245423 -0.41687173021889051 -0.26654473600354467 1.9550674908892895 -0.081237252157934411 -0.14155378870402366 -0.22231289730758724 -0.041100628292684037 -0.30269500297712393 -0.066633401662485769
leaf_weight=147 60 820 48 130 182 258 766 926 477 419 1116 141 11561 376 236 229 899 489 597 614 297 107 49 18265 106 200 89 208 208 456
leaf_count=147 60 820 48 130 182 258 766 926 477 419 1116 141 11561 376 236 229 899 489 597 614 297 107 49 18265 106 200 89 208 208 456
internal_value=6.19612e-05 -0.0125362 0.00149959 -0.0082888 -0.00296423 -0.00581973 0.00214871 -0.0203445 -0.00772199 -0.0154124 -0.00124742 -0.00903309 0.00228398 -0.011336 -0.00256325 -0.00456434 -0.000731069 -0.00179351 -0.00378643 -0.00374579 -0.0220515 -0.00665327 -0.00278765 0.00241654 -0.00818634 -0.00648055 -0.011443 -0.00106002 -0.00434532 -0.00347668
internal_weight=40476 4145 36331 2686 4612 1996 31719 1459 1222 690 3390 271 31008 740 1256 745 3208 2309 1193 711 1223 596 663 29826 482 436 236 1182 416 685
internal_count=40476 4145 36331 2686 4612 1996 31719 1459 1222 690 3390 271 31008 740 1256 745 3208 2309 1193 711 1223 596 663 29826 482 436 236 1182 416 685
is_linear=0
shrinkage=0.03


Tree=11
num_leaves=31
num_cat=0
split_feature=24 32 41 30 32 41 41 14 31 41 26 11 24 30 30 1 6 33 41 41 41 5 7 11 32 25 14 30 32 32
split_gain=784.146 132.038 96.99 54.939 43.504 43.2648 38.4736 35.9269 26.0924 20.1224 19.5589 18.1603 18.0377 15.2725 13.8801 12.8327 16.5287 11.9216 11.2863 10.1324 8.85939 8.48221 16.8812 8.90143 8.34084 8.13382 7.61276 7.26453 7.22036 6.95178
threshold=12.578750000000001 1.9550000000000003 -6711.8876563815638 44.455000000000005 20.108750000000004 -7075.133459498963 -622.93188161910064 44.935000000000009 46.961250000000007 -15042.396014350785 41389.500000000007 0.28125000000000006 0.28125000000000006 38.030000000000008 87.585000000000022 4.5000000000000009 13.468942731277536 113.37125000000002 -11329.566953253896 -227.12221849167324 -11329.566953253896 50050.312500000007 8.5642361111111143 74.260000000000005 -1.0000000180025095e-35 31.561510416666668 86.660000000000011 62.16875000000001 24.525000000000002 84.515000000000015
decision_type=8 10 8 8 10 8 10 10 10 10 10 10 10 10 8 2 2 10 10 10 8 2 2 10 10 10 10 10 10 10
left_child=1 6 4 7 18 10 11 19 12 -6 29 -1 -7 -11 21 24 -17 -18 -2 25 -13 22 28 -24 -9 -4 -15 -20 -5 -3
right_child=2 5 3 14 9 8 -8 15 -10 13 -12 20 -14 26 -16 16 17 -19 27 -21 -22 -23 23 -25 -26 -27 -28 -29 -30 -31
leaf_value=-0.87173371328447935 -0.26571681743111625 -0.28048976439594847 -0.25670694673228028 -0.21315669107370058 -0.25497249984037901 -0.29728779986143022 -0.24819168994425128 -0.27729061349234968 -0.15068028187894381 -0.26281038910201121 -0.23984652240547175 -0.34128219175914132 -0.24527647627343241 -0.22032941757584862 1.460547914278423 -0.061011127304537394 -0.61239185972998422 -0.18878031016999505 -0.26202412187876489 -0.01374801539127799 -0.25551843188332374 0.61669267928749705 -0.47447613989365095 -0.17184588473467785 0.132699972030767 -0.30773658494785427 0.035064969623346952 -0.22854298271018911 0.32240197470111459 -0.24149154783444202
leaf_weight=733 191 522 72 451 110 366 201 141 905 94 202 195 466 420 21828 507 174 106 115 46 544 4173 138 129 1980 124 1280 211 4117 65
leaf_count=733 191 522 72 451 110 366 201 141 905 94 202 195 466 420 21828 507 174 106 115 46 544 4173 138 129 1980 124 1280 211 4117 65
internal_value=8.76205e-05 -0.0121864 0.00150354 0.00191685 -0.00429686 -0.007852 -0.0187222 -0.00185655 -0.00520081 -0.00219843 -0.0136747 -0.0204033 -0.00903241 -0.00143064 0.00230236 -0.000930216 -0.00419924 -0.0100356 -0.0120058 -0.0129383 -0.0170311 0.00131136 0.000455955 -0.00686194 0.000284166 -0.0158985 -0.000776014 -0.00856881 0.000885095 -0.0164439
internal_weight=40606 4199 36407 33986 2421 2526 1673 3150 1737 1904 789 1472 832 1794 30836 2908 787 280 517 242 739 9008 4835 267 2121 196 1700 326 4568 587
internal_count=40606 4199 36407 33986 2421 2526 1673 3150 1737 1904 789 1472 832 1794 30836 2908 787 280 517 242 739 9008 4835 267 2121 196 1700 326 4568 587
is_linear=0
shrinkage=0.03


Tree=12
num_leaves=31
num_cat=0
split_feature=9 24 41 41 41 17 1 24 11 28 17 24 12 17 8 8 7 41 4 8 1 1 39 28 12 16 0 0 7 11
split_gain=748.189 184.619 65.3456 60.7279 48.3294 27.3658 22.8874 22.1773 20.2059 18.4534 17.8845 16.7528 14.3482 13.9842 13.3707 12.1471 11.0072 10.3831 9.58197 9.4109 8.90132 8.7409 9.11325 8.63102 8.24485 7.19705 7.17829 6.89531 6.74755 8.3954
threshold=21.365000000000006 2.7300000000000009 -3887.9533810209773 -6429.3584651195806 -3411.1625452607109 5060.1207300000015 4.5000000000000009 57.925000000000004 1.0000000180025095e-35 33777.187500000007 4053.1677550000004 20.221250000000001 52.225208333333335 6959.97174 389.69375000000008 328.51875000000007 5.8072916666666687 1374.3138850538783 76.500000000000014 457.88125000000008 4.5000000000000009 4.5000000000000009 -45.609999999999999 38720.520156250008 40.351041666666674 2702.2742284509245 16.500000000000004 16.500000000000004 5.8697916666666687 10.415000000000001
decision_type=8 10 8 8 8 10 2 8 10 10 10 10 10 10 2 2 2 10 2 2 2 2 10 10 10 10 2 2 2 10
left_child=1 4 5 10 15 12 13 14 -6 -8 23 27 18 28 -4 -1 -15 24 -2 -11 -12 -16 -23 -3 -10 -13 -17 -7 -5 -30
right_child=2 3 7 6 8 11 9 -9 17 19 20 25 -14 16 21 26 -18 -19 -20 -21 -22 22 -24 -25 -26 -27 -28 -29 29 -31
leaf_value=-0.24629558822703915 -0.2805779390440809 -0.23480906160066464 0.21808982330517093 0.091369332815660703 -0.43643568574899178 -0.25493781233672241 -0.25350057010681576 1.2071938768426798 -0.2594843649343293 -0.19201384571652025 -0.24050671858742076 0.11072759539190009 0.13808516544980287 -0.22348631606102573 -0.040098807700205005 -0.84416421888523474 -0.25784870370917728 0.030439185663700158 -0.19317756925098983 -0.85127771298394916 -0.3626597611846834 -0.35015046703573605 -0.26903300528368279 -0.16389505518538333 -0.18304092955897444 -0.29465077265288481 -0.088388004149291655 -0.17046573171089138 -0.26161571423416341 -0.15033594023597818
leaf_weight=194 61 165 4289 806 255 211 205 25808 296 329 314 226 1644 324 522 940 119 111 1233 50 167 91 338 245 101 338 66 58 103 725
leaf_count=194 61 165 4289 806 255 211 205 25808 296 329 314 226 1644 324 522 940 119 111 1233 50 167 91 338 245 101 338 66 58 103 725
internal_value=0.00014682 -0.0101187 0.00177303 -0.00603546 -0.0175005 -0.00195573 -0.00376296 0.00222597 -0.011572 -0.00900513 -0.0128105 -0.0067518 -0.000594079 -0.00228537 0.00044648 -0.0212573 -0.00700676 -0.00808644 -0.00295598 -0.00506053 -0.0167365 -0.00276996 -0.00593721 -0.00817518 -0.0103492 -0.00380177 -0.0225938 -0.0129 -0.00100183 -0.00290229
internal_weight=40334 5515 34819 3552 1963 3771 2661 31048 763 584 891 833 2938 2077 5240 1200 443 508 1294 379 481 951 429 410 397 564 1006 269 1634 828
internal_count=40334 5515 34819 3552 1963 3771 2661 31048 763 584 891 833 2938 2077 5240 1200 443 508 1294 379 481 951 429 410 397 564 1006 269 1634 828
is_linear=0
shrinkage=0.03


Tree=13
num_leaves=31
num_cat=0
split_feature=17 12 25 0 12 1 0 11 41 41 17 41 5 41 41 30 33 41 1 26 13 12 30 33 27 41 25 12 4 41
split_gain=534.554 146.343 98.6081 54.0325 44.2446 33.4449 31.9469 30.8842 27.8462 22.5055 20.5257 20.6411 18.0908 20.3656 16.6609 14.9013 14.7482 14.3803 13.9452 15.5229 12.9213 11.1262 11.0395 11.0237 10.6603 11.9338 9.73144 8.96982 8.81581 7.69986
threshold=7290.4459649999999 52.225208333333335 64.113541666666677 17.500000000000004 20.943177083333335 1.0000000180025095e-35 16.500000000000004 1.0000000180025095e-35 -9918.786858946487 -2486.4670257782541 4403.7419000000018 -5428.9398746881006 53003.125000000007 -8394.4466116639833 -11507.352955209573 52.265000000000008 109.14500000000002 -14628.962492295686 1.5000000000000002 39502.500000000007 -1.0000000180025095e-35 36.013958333333342 87.113750000000024 112.97125000000001 39138.030989583342 -4274.7218752133585 33.475000000000009 6.7772916666666676 128.50000000000003 -8169.4226699253222
decision_type=10 8 10 2 10 2 2 8 8 10 10 10 2 10 10 10 10 8 2 10 10 10 8 10 10 10 10 10 2 8
left_child=1 3 6 4 5 24 9 15 -4 20 12 -12 13 18 -8 -3 27 -9 -6 23 -2 -11 -19 28 -1 -26 -18 -7 -20 -29
right_child=2 7 8 -5 10 16 14 17 -10 21 11 -13 -14 -15 -16 -17 26 22 19 -21 -22 -23 -24 -25 25 -27 -28 29 -30 -31
leaf_value=-0.059326828294866962 -0.94249629943934199 -0.28192659269603509 -0.25729173507802516 0.20737084308084117 -0.11681200198127416 -0.24569047581154763 -0.19304352503736769 -0.24380999118869434 -0.14561763906635858 -0.23623221306615844 -0.320195309170696 -0.2259380949425524 0.21105991900700499 -0.0034393554785977719 -0.066318783037274467 -0.21274529745273649 -0.2020128564635997 0.38611034721608778 -0.23638282958867038 -0.22333627421548419 -0.25527071360219611 -0.16407535781546562 1.4959832098743231 -0.17436840726380659 -0.28108761035724705 -0.025462497954869209 -0.30572804527560515 -0.24457279450069958 -0.70488639157476551 -0.22439171696921961
leaf_weight=470 736 121 184 2479 536 144 130 53 899 184 147 225 1053 1322 200 213 333 7718 94 694 745 111 20781 115 58 57 72 90 236 389
leaf_count=470 736 121 184 2479 536 144 130 53 899 184 147 225 1053 1322 200 213 333 7718 94 694 745 111 20781 115 58 57 72 90 236 389
internal_value=0.000172875 0.00117831 -0.0116154 -0.0022781 -0.00380964 -0.00806134 -0.0153972 0.00219711 -0.00425369 -0.0169904 -0.00225729 -0.00899196 -0.00163663 -0.00282488 -0.00679758 -0.0068597 -0.0113178 0.0023033 -0.00502088 -0.00689737 -0.0185 -0.009375 0.00233253 -0.0112668 -0.00232935 -0.0104741 -0.00683498 -0.0142163 -0.0140483 -0.0121937
internal_weight=40589 37400 3189 8514 6035 1613 2106 28886 1083 1776 4422 372 4050 2997 330 334 1028 28552 1675 1139 1481 295 28499 445 585 115 405 623 330 479
internal_count=40589 37400 3189 8514 6035 1613 2106 28886 1083 1776 4422 372 4050 2997 330 334 1028 28552 1675 1139 1481 295 28499 445 585 115 405 623 330 479
is_linear=0
shrinkage=0.03


Tree=14
num_leaves=31
num_cat=0
split_feature=9 17 41 23 1 14 17 41 24 7 41 0 8 24 5 5 7 30 16 8 41 16 34 5 9 14 30 11 5 24
split_gain=597.774 120.9 64.6871 44.9749 42.7495 28.8065 25.9805 24.7833 23.194 20.9188 16.1083 15.0986 14.7696 13.7798 13.5202 13.2047 18.6159 12.2049 9.53719 9.12412 7.8039 7.56322 7.49735 7.46747 7.01439 6.75262 6.74967 6.39383 6.30469 6.10122
threshold=23.657500000000002 4356.7770500000015 -5354.8778146436443 4.5000000000000009 5.5000000000000009 31.695000000000004 5060.1207300000015 -2560.735940253056 61.077500000000008 6.4045138888888902 -12869.013811707102 14.500000000000002 465.38750000000005 40.795000000000009 50154.875000000007 52400.500000000007 8.3385416666666696 -9.6887499999999971 6358.5057919720302 209.20000000000002 -1104.1779217075016 8828.3756648697854 67.795000000000016 45303.500000000007 6.3550000000000013 86.15000000000002 -1.0000000180025095e-35 0.28125000000000006 51806.250000000007 1.0000000180025095e-35
decision_type=8 10 8 2 2 10 10 10 8 2 10 2 2 10 2 2 2 10 8 2 10 10 10 2 10 10 10 10 2 10
left_child=1 4 6 7 5 -1 10 13 15 29 21 -8 24 18 20 16 19 -9 26 -4 -11 -2 -5 -18 -6 -12 -3 -13 -20 -7
right_child=2 3 8 22 12 9 11 17 -10 14 25 27 -14 -15 -16 -17 23 -19 28 -21 -22 -23 -24 -25 -26 -27 -28 -29 -30 -31
leaf_value=-0.25518575342536648 -0.027585836029852335 -0.47394655537990216 0.2163406119833976 -1.1592690375761119 -0.20638555564251446 -0.23394890513729535 -0.2903289834422545 -0.26721550947279199 1.163659132199522 -0.2314415583468214 -0.19675535155208795 -0.2239994832116253 -0.92946341391922249 -0.12008895071328057 -0.042576189030246153 0.52935891504237687 -0.46291938227803503 -0.19313456611902943 -0.23354149948321148 -0.23365405890916369 0.12669534241709357 -0.23518653023326372 -0.20300020966284396 -0.22005970564649338 -0.2227530716957829 0.056571841087901503 -0.20624352136025514 -0.14420363729758556 -0.20974573658537501 0.061889721435192925
leaf_weight=177 70 264 2289 554 140 121 248 113 25570 682 364 87 108 101 382 2237 135 466 305 1284 78 154 197 208 319 1621 588 312 107 1247
leaf_count=177 70 264 2289 554 140 121 248 113 25570 682 364 87 108 101 382 2237 135 466 305 1284 78 154 197 208 319 1621 588 312 107 1247
internal_value=0.000256705 -0.00852655 0.00176799 -0.0132251 -0.00463226 -0.00305022 -0.00255583 -0.0108062 0.00215733 -0.00222222 -0.00100588 -0.00783796 -0.0121109 -0.0130124 -0.00521785 0.000503575 -0.000546847 -0.00559138 -0.013864 9.48518e-05 -0.00752957 -0.00861333 -0.0194641 -0.00721221 -0.00972391 -0.000143504 -0.0120211 -0.0042075 -0.0176368 0.000280497
internal_weight=40528 5949 34579 2695 3254 2687 2856 1944 31723 2510 2209 647 567 1365 1142 6153 3916 579 1264 3573 760 224 751 343 459 1985 852 399 412 1368
internal_count=40528 5949 34579 2695 3254 2687 2856 1944 31723 2510 2209 647 567 1365 1142 6153 3916 579 1264 3573 760 224 751 343 459 1985 852 399 412 1368
is_linear=0
shrinkage=0.03


Tree=15
num_leaves=31
num_cat=0
split_feature=24 8 12 0 12 1 12 41 41 17 7 26 41 34 16 24 8 41 1 7 16 32 16 12 8 30 39 23 15 11
split_gain=513.032 87.8674 72.9475 33.8186 30.4856 29.3833 28.455 24.7837 24.46 21.695 20.4199 19.3396 14.5373 17.3314 14.2719 12.3643 14.7865 12.1914 11.3905 10.9267 10.8548 9.51767 9.49262 9.29956 8.52604 7.3897 7.11207 8.17914 7.02279 7.00825
threshold=16.321250000000003 272.11250000000007 51.722291666666671 17.500000000000004 20.943177083333335 4.5000000000000009 20.943177083333335 -12421.602028083624 -5277.4313004078967 6351.7455800000016 6.633680555555558 37671.500000000007 82.763009513335433 42.585000000000008 6108.2332881863304 65.003750000000011 310.42500000000007 -2849.9328003750011 1.0000000180025095e-35 7.5434027777777795 4766.0606792502031 11.273750000000001 3022.8214322106674 29.565833333333337 477.04375000000005 53.945000000000007 -45.07 4.5000000000000009 48.726458333333333 69.345000000000013
decision_type=8 2 8 2 10 2 10 8 10 10 2 8 10 10 10 8 2 8 2 2 8 10 8 10 2 10 10 2 10 10
left_child=1 4 3 5 8 9 10 21 -1 17 -7 20 13 18 26 16 -9 -2 -3 -6 -8 -4 -11 -20 28 -21 27 -15 -13 -22
right_child=2 12 7 -5 19 6 11 15 -10 22 -12 24 -14 14 -16 -17 -18 -19 23 25 29 -23 -24 -25 -26 -27 -28 -29 -30 -31
leaf_value=-0.23217855548758146 -0.2126617374885108 -0.20940249229681659 -0.23219446902177868 0.26441189812248589 0.0031608326091148199 -0.14987077101658319 -0.10197653301071047 0.42565927579274876 -0.087215496466413689 -0.21219653778726144 -0.29350373359904741 0.079545749511920061 -0.21219502724937614 -0.1915116016258479 -0.21441693535955292 1.2204814482768278 -0.22004060242225412 0.17117441620882251 -1.5302429064722791 -0.2256615133480713 -0.87733000730743183 -0.18713027033488427 -0.25596392068609203 -0.49057953931070936 -0.61093379491705602 -0.10558080278766409 -0.21687698398737082 -0.23197577364432437 -0.22837696835779345 -0.40918154097200721
leaf_weight=422 865 197 40 2349 1005 136 59 3189 278 166 151 432 224 544 299 23935 1314 2032 333 163 81 158 146 557 44 156 232 381 447 51
leaf_count=422 865 197 40 2349 1005 136 59 3189 278 166 151 432 224 544 299 23935 1314 2032 333 163 81 158 146 557 44 156 232 381 447 51
internal_value=0.000319856 -0.00889545 0.00156043 -0.0011944 -0.00414222 -0.00268705 -0.00631027 0.00222991 -0.00920114 -0.00110374 -0.0147187 -0.00413274 -0.0123696 -0.0130153 -0.0108593 0.00230367 0.000861235 -0.000292961 -0.0158906 -0.00146264 -0.0127969 -0.00832161 -0.00860703 -0.0173401 -0.00232792 -0.00629062 -0.0093342 -0.010513 -0.00167386 -0.0175489
internal_weight=40386 4791 35595 6959 2024 4610 1401 28636 700 3209 287 1114 2767 2543 1456 28438 4503 2897 1087 1324 191 198 312 890 923 319 1157 925 879 132
internal_count=40386 4791 35595 6959 2024 4610 1401 28636 700 3209 287 1114 2767 2543 1456 28438 4503 2897 1087 1324 191 198 312 890 923 319 1157 925 879 132
is_linear=0
shrinkage=0.03


Tree=16
num_leaves=31
num_cat=0
split_feature=9 17 41 41 14 1 24 24 16 8 1 8 31 24 16 8 14 41 26 26 11 41 13 9 1 14 15 10 16 1
split_gain=487.642 85.1396 47.3009 37.0423 36.0016 31.9427 30.2739 26.4076 22.4252 19.4486 18.1985 14.7178 13.4659 12.1568 12.1181 11.8608 11.6349 9.36083 9.23844 8.23514 8.20506 8.13276 7.29126 7.27451 6.97659 6.76456 6.73561 6.51294 6.31158 7.7725
threshold=29.170000000000005 4944.9396300000017 -11507.352955209573 -1032.143771568273 52.095000000000006 4.5000000000000009 57.925000000000004 0.065000000000000016 3282.8236341293073 385.9187500000001 1.5000000000000002 556.63125000000014 8.490000000000002 7.5250000000000012 6574.3687723581397 430.39375000000007 85.125000000000014 -16065.005134674457 29280.000000000004 35636.500000000007 -1.0000000180025095e-35 -14279.723264012366 26.765000000000004 101.30750000000002 5.5000000000000009 70.535000000000011 49.953125000000007 39.065000000000005 4817.2224583123416 5.5000000000000009
decision_type=8 10 8 10 10 2 8 10 8 2 2 2 10 10 10 2 10 10 8 10 10 8 10 8 2 10 10 10 8 2
left_child=1 3 17 4 12 8 9 20 11 22 14 -3 -1 -11 -9 21 -13 -2 -10 -14 -6 -12 28 -8 -17 -22 -21 -19 -4 -30
right_child=2 5 6 -5 7 -7 23 10 18 13 15 16 19 -15 -16 24 -18 27 -20 26 25 -23 -24 -25 -26 -27 -28 -29 29 -31
leaf_value=-0.27508357285065344 -0.2216535821947932 -0.093863753742024353 0.16686334646029552 0.122624047227986 -0.19943237864196831 -0.80782727480057548 0.53907039108776278 0.18123892891367974 -0.23106489039582973 -0.24054784837467544 -0.22413541373321214 -0.28865192755719343 -0.22859200397498025 -0.22009306559233272 -0.21755316806469935 -0.20142782401367954 -0.16363406955164531 -0.25966342317458996 -0.21771128199242704 -0.15295515495767345 -0.22681276951665358 -0.19665309420795174 0.5386313767077564 1.9489793613893562 -0.87789341403363708 -0.17937117699775246 -0.22357162819841872 -0.17208719822570073 -0.045164655187552291 -0.35503340748491369
leaf_weight=131 74 412 1265 853 81 832 10907 775 129 248 43 165 116 877 90 63 476 114 757 308 40 1075 2289 16207 67 113 119 315 1125 325
leaf_count=131 74 412 1265 853 81 832 10907 775 129 248 43 165 116 877 90 63 476 114 757 308 40 1075 2289 16207 67 113 119 315 1125 325
internal_value=0.000415256 -0.00701249 0.00187803 -0.00413884 -0.00569722 -0.0110271 0.00201627 -0.0039391 -0.00890876 0.000112072 -0.00287654 -0.00594023 -0.0118044 -0.00345027 0.000467668 -0.00519295 -0.00878037 -0.00724405 -0.0124262 -0.00968934 -0.0134809 -0.00418767 0.000913487 0.00244669 -0.0137405 -0.00929221 -0.00773131 -0.0055186 -0.000138071 -0.00148863
internal_weight=40391 6645 33746 3874 3021 2771 33243 2347 1939 6129 2113 1053 674 1125 865 1248 641 503 886 543 234 1118 5004 27114 130 153 427 429 2715 1450
internal_count=40391 6645 33746 3874 3021 2771 33243 2347 1939 6129 2113 1053 674 1125 865 1248 641 503 886 543 234 1118 5004 27114 130 153 427 429 2715 1450
is_linear=0
shrinkage=0.03


Tree=17
num_leaves=31
num_cat=0
split_feature=9 24 41 1 41 9 24 41 17 18 16 34 5 0 14 41 4 17 4 28 14 24 17 16 0 26 25 16 26 11
split_gain=460.413 71.0693 46.6573 33.2892 28.7591 25.9894 20.0091 19.5932 19.4949 15.959 15.3424 12.715 12.4731 12.0699 11.4995 9.8105 8.61806 8.45455 9.6981 8.36295 9.55651 8.33488 8.12076 8.11447 8.45324 8.08575 7.86898 7.44438 7.44224 6.86173
threshold=30.235000000000003 12.578750000000001 -6344.9923459419106 4.5000000000000009 -622.93188161910064 2.7300000000000009 63.701250000000009 -3971.9236675642492 3748.2128600000005 1.0000000180025095e-35 5263.4552135108852 50.905000000000008 51579.687500000007 15.500000000000002 38.355000000000011 -10757.339275252516 82.500000000000014 6351.7455800000016 162.50000000000003 37840.312500000007 122.98500000000001 1.0000000180025095e-35 534.73731000000009 13234.436127372914 14.500000000000002 51183.745000000003 16.261927083333337 2311.9922123954616 39273.667500000003 14.426250000000001
decision_type=8 10 8 2 10 10 8 8 10 2 10 10 2 2 10 10 2 10 2 10 10 10 10 10 2 10 10 8 10 10
left_child=1 4 8 7 9 -5 12 28 23 10 14 19 21 -10 -1 16 -7 -9 -19 -11 27 -4 -16 -2 25 -25 -13 -21 -3 -6
right_child=2 3 6 5 29 15 -8 17 13 11 -12 26 -14 -15 22 -17 -18 18 -20 20 -22 -23 -24 24 -26 -27 -28 -29 -30 -31
leaf_value=-0.21077730644767348 0.018402636654959361 -0.2229625519906501 -0.23027561616983741 -0.41851293064063111 -0.20202258783760968 -0.036002459593770006 1.1177499458735567 0.074741577533518122 -0.2590360247957581 -1.0412557012724601 -0.21385430588479967 -0.095932503406866015 0.50921973646242147 -0.15456343564896841 -0.19899817484255489 -0.10167696685060208 -0.28783807417125745 -0.24439607104333513 -0.04115986525248172 -1.2962376418789441 -0.13011207013914067 -0.021269008254207741 -0.16101680772347229 -0.24796384622844281 0.05020548923299091 -0.017048577075131313 -0.21554919842151499 -0.8410449531902725 -0.12701969726648529 0.033228513958804815
leaf_weight=130 1256 411 178 190 184 77 25133 1558 289 358 486 167 2537 296 375 443 320 122 154 167 80 3705 633 85 86 44 268 109 405 247
leaf_count=130 1256 411 178 190 184 77 25133 1558 289 358 486 167 2537 296 375 443 320 122 154 167 80 3705 633 85 86 44 268 109 405 247
internal_value=0.000415839 -0.00665185 0.00186364 -0.00380603 -0.00991825 -0.00838021 0.00214898 -0.00202565 -0.00251434 -0.0110386 -0.00911262 -0.0137504 0.000654104 -0.00714164 -0.00719579 -0.00609988 -0.0095201 -0.000304087 -0.00513357 -0.016221 -0.0128908 -0.000414778 -0.00610109 -0.000670516 -0.00604167 -0.0108692 -0.00966743 -0.0155307 -0.00588984 -0.00270139
internal_weight=40493 6884 33609 3680 3204 1030 31553 2650 2056 2773 1624 1149 6420 585 1138 840 397 1834 276 714 356 3883 1008 1471 215 129 435 276 816 431
internal_count=40493 6884 33609 3680 3204 1030 31553 2650 2056 2773 1624 1149 6420 585 1138 840 397 1834 276 714 356 3883 1008 1471 215 129 435 276 816 431
is_linear=0
shrinkage=0.03


Tree=18
num_leaves=31
num_cat=0
split_feature=9 41 41 24 14 24 41 41 9 31 28 18 28 7 32 0 17 1 8 14 30 8 32 34 8 16 13 0 7 26
split_gain=430.273 59.2841 46.4458 39.8756 26.2239 24.1654 23.2505 16.8684 15.4418 14.3506 13.0016 12.504 14.43 14.0595 12.047 11.6297 10.6158 11.4893 12.3468 10.5279 9.97643 8.91757 7.85483 7.70356 7.40234 7.19533 6.78636 6.77398 6.67416 6.51837
threshold=30.235000000000003 -538.75169692148472 -3411.1625452607109 11.487500000000002 44.935000000000009 0.90500000000000014 -12048.854118306437 -15042.396014350785 91.155000000000015 -2.4924999999999997 37482.085781250011 1.0000000180025095e-35 36876.562500000007 6.3003472222222241 38.915000000000006 17.500000000000004 4053.1677550000004 2.5000000000000004 415.70625000000007 80.010000000000005 -9.6887499999999971 121.84375000000001 4.5525000000000011 76.635000000000005 626.68750000000011 13234.436127372914 10.616250000000003 15.500000000000002 7.6545138888888911 37610.973750000012
decision_type=8 10 8 10 10 8 8 10 8 10 10 2 10 2 10 2 10 2 2 10 8 2 10 10 2 10 10 2 2 10
left_child=1 3 5 9 10 23 22 -7 11 -1 27 -4 13 -13 25 -15 17 -8 29 -11 -3 28 -6 -2 -14 -9 -23 -5 -21 -19
right_child=2 20 8 4 6 7 16 14 -10 19 -12 12 24 15 -16 -17 -18 18 -20 21 -22 26 -24 -25 -26 -27 -28 -29 -30 -31
leaf_value=-1.1783039730071054 -0.2328272931537182 -0.23260896288118174 0.5550124345282389 -0.25945490236188684 -0.20634580103936392 -0.20386079809806418 0.017704443386666133 -0.22986495859731193 1.6347551192397889 -0.20836505311468762 -0.20804133579186662 -0.19286379867778516 0.19702674502313022 -0.55083488000366854 0.041601345874236417 0.10779619157539996 -0.21775655744016373 -0.26995628219446893 -0.61421075344945908 0.037932673008004729 0.028634850820267413 -0.17559658971661352 -0.21105247051181053 -0.18897026998256275 -0.40430109751433507 -0.40852466499431456 -0.4367496405266531 -0.21484910855751285 -0.24744759773992256 -0.12745021235752993
leaf_weight=436 91 85 8215 169 77 96 933 509 18674 1018 125 583 2317 218 2711 83 573 200 110 187 1146 944 139 109 52 53 41 72 62 532
leaf_count=436 91 85 8215 169 77 96 933 509 18674 1018 125 583 2317 218 2711 83 573 200 110 187 1146 944 139 109 52 53 41 72 62 532
internal_value=0.00045561 -0.00639898 0.00184839 -0.00770529 -0.00528147 -0.00138739 -0.00420585 -0.000784273 0.00223156 -0.0103444 -0.0127847 0.0013649 -0.000209281 -0.00347797 -0.000418754 -0.00873179 -0.00333589 -0.0021875 -0.00472598 -0.0093715 -0.000435877 -0.00749636 -0.0136037 -0.0114925 0.00101139 -0.00441208 -0.00877789 -0.0168471 -0.002412 -0.00330696
internal_weight=40560 6849 33711 5618 2930 3569 2564 3369 30142 2688 366 11468 3253 884 3273 301 2348 1775 842 2252 1231 1234 216 200 2369 562 985 241 249 732
internal_count=40560 6849 33711 5618 2930 3569 2564 3369 30142 2688 366 11468 3253 884 3273 301 2348 1775 842 2252 1231 1234 216 200 2369 562 985 241 249 732
is_linear=0
shrinkage=0.03


Tree=19
num_leaves=31
num_cat=0
split_feature=24 12 17 14 16 13 41 0 25 14 24 17 14 1 27 12 1 41 38 0 16 41 30 41 2 25 16 28 16 0
split_gain=365.677 54.3237 53.9157 27.9412 25.6272 23.9456 22.2257 18.2406 18.195 17.5641 15.9586 14.6308 12.8703 12.6775 19.6368 12.0558 11.0109 9.4836 9.37902 8.88737 8.88449 8.75953 8.73404 8.12577 7.30339 7.16284 6.93314 7.29796 7.80161 6.85293
threshold=21.393750000000004 57.817291666666669 4449.6181450000013 44.935000000000009 5263.4552135108852 7.4350000000000014 -12869.013811707102 17.500000000000004 40.351041666666674 85.125000000000014 -1.0000000180025095e-35 4562.7762750000002 38.355000000000011 4.5000000000000009 35711.916666666672 28.813854166666669 3.5000000000000004 -2560.735940253056 -35.264999999999986 14.500000000000002 4108.2312137203999 -3166.6819272714743 102.81500000000001 -14628.962492295686 3.5000000000000004 50.554270833333341 11229.857929594667 39491.562500000007 8309.5755768749532 17.500000000000004
decision_type=8 8 10 10 8 10 8 2 10 10 10 10 10 2 8 10 2 10 10 2 8 8 8 8 2 10 10 10 8 2
left_child=2 3 4 8 -1 10 -3 11 -2 18 -6 13 -12 21 15 -15 -10 -11 -4 -18 -13 24 -8 -14 -5 -7 27 28 -16 -20
right_child=1 6 9 7 5 25 22 -9 16 17 12 20 23 14 26 -17 19 -19 29 -21 -22 -23 -24 -25 -26 -27 -28 -29 -30 -31
leaf_value=-0.0024266868290092713 -0.091070616931604217 -0.19527346315067112 -2.8165584430284465 -0.24392435184689149 -0.28786107480262263 0.028585609851915619 0.52005973497724278 0.30713510578284553 -0.07878345728000985 -0.19766432509293333 -0.20694625676494935 -0.18542226874694048 -0.2058316966491488 -0.086759979882613553 0.017260407708922898 -0.64731362270859083 -0.29056799881531159 -0.1090247613455072 -0.33824181108347845 -0.22528670469443018 -0.29225257303134888 0.22878015824694944 1.7047650127849563 -0.19960767044034916 -0.11385027856427861 -0.31804785354820586 -0.2006882503211862 0.049825070654775948 -0.32274627708951575 -0.037995047060088015
leaf_weight=1017 209 118 81 60 157 523 10362 2512 52 1310 178 290 43 59 182 92 95 246 893 65 181 2449 16508 848 741 176 58 711 264 62
leaf_count=1017 209 118 81 60 157 523 10362 2512 52 1310 178 290 43 59 182 92 95 246 893 65 181 2449 16508 848 741 176 58 711 264 62
internal_value=0.000522556 0.0016554 -0.00664282 -0.000512405 -0.00386137 -0.00589564 0.0022996 -9.51315e-05 -0.00802607 -0.00979715 -0.00842054 -0.00112795 -0.00709626 -0.000613385 -0.00303731 -0.0132039 -0.0141972 -0.00777264 -0.0128274 -0.0180745 -0.0061589 0.000406029 0.00235682 -0.00561323 -0.00231546 -0.00146143 -0.00176398 -0.0012513 -0.00425503 -0.0119718
internal_weight=40542 35008 5534 8020 2942 1925 26988 7599 421 2592 1226 5087 1069 4616 1366 151 212 1556 1036 160 471 3250 26870 891 801 699 1215 1157 446 955
internal_count=40542 35008 5534 8020 2942 1925 26988 7599 421 2592 1226 5087 1069 4616 1366 151 212 1556 1036 160 471 3250 26870 891 801 699 1215 1157 446 955
is_linear=0
shrinkage=0.03


Tree=20
num_leaves=31
num_cat=0
split_feature=9 41 41 17 14 1 8 41 9 23 0 32 16 7 5 17 0 41 12 16 16 34 38 15 0 14 0 23 8 26
split_gain=357.657 54.0014 37.889 30.6974 30.0056 20.7782 28.0566 18.0031 14.6677 14.1691 13.1268 12.8215 12.783 12.4528 23.7321 11.0654 11.0884 10.4753 10.0135 8.88784 8.54235 8.49231 8.10365 7.79874 7.03811 10.6963 6.63188 6.59899 9.7775 6.39507
threshold=32.385000000000012 -952.98979690298063 -3166.6819272714743 3158.2068800000002 52.095000000000006 1.5000000000000002 493.56250000000006 -14010.751740187437 102.69500000000001 4.5000000000000009 15.500000000000002 -0.0087499999999999991 6574.3687723581397 8.2864583333333375 47504.500000000007 6689.1005950000008 14.500000000000002 -14628.962492295686 6.7772916666666676 6503.9519211710494 6194.6877493118373 77.105000000000004 -8.7612499999999951 45.749375000000008 16.500000000000004 111.41500000000001 15.500000000000002 3.5000000000000004 615.43750000000011 38669.481250000004
decision_type=10 10 8 10 8 2 2 10 10 2 2 10 10 2 2 10 2 8 10 8 10 10 10 10 2 10 2 2 2 8
left_child=1 3 7 4 10 12 17 -2 13 19 18 -3 -6 27 24 20 -17 -7 -1 26 -9 -22 -11 -20 25 -15 -5 -4 -29 -19
right_child=2 11 8 9 5 6 -8 15 -10 22 -12 -13 -14 14 -16 16 -18 29 23 -21 21 -23 -24 -25 -26 -27 -28 28 -30 -31
leaf_value=-0.23545501992429932 -0.18815154543651211 -0.19582846430726297 0.66447533428866223 -0.20159177293143196 0.16001752041900894 -0.19903803933447253 -0.73144366480638268 0.16203643080537328 1.8081520537502616 -1.4973502824633484 -0.089065512012583087 0.084404972031323619 -0.19970498730923442 -0.55767646826325623 0.13226115773311753 -0.29235368011203344 -0.10956294180715334 -0.20945738867265923 -0.13060614257495143 -0.18638493731051373 -0.42820051352142263 -0.1041199931152698 -0.44921787670295255 -0.22195259301109113 -0.14888731097134381 -0.41651554990407824 -0.083744277051820248 0.24830027716390571 -0.47035677919484908 -0.13680009435930743
leaf_weight=172 169 214 9062 877 897 40 164 1761 15853 165 139 1220 89 104 1201 203 293 497 185 533 72 1038 707 149 116 142 354 3133 129 805
leaf_count=172 169 214 9062 877 897 40 164 1761 15853 165 139 1220 89 104 1201 203 293 497 185 533 72 1038 707 149 116 142 354 3133 129 805
internal_value=0.000542659 -0.00551595 0.00185497 -0.00681001 -0.0048021 -0.00330686 -0.00552223 -0.00108058 0.00220403 -0.00919681 -0.010565 -0.000305226 7.90275e-05 0.00149201 -0.00103005 -0.000599465 -0.00473239 -0.0040834 -0.0128047 -0.00764193 0.000115947 -0.00194419 -0.0123299 -0.00972537 -0.00775207 -0.0106154 -0.00623133 0.00181193 0.000654612 -0.00361013
internal_weight=40483 7207 33276 5773 3137 2492 1506 3536 29740 2636 645 1434 986 13887 1563 3367 496 1342 506 1764 2871 1110 872 334 362 246 1231 12324 3262 1302
internal_count=40483 7207 33276 5773 3137 2492 1506 3536 29740 2636 645 1434 986 13887 1563 3367 496 1342 506 1764 2871 1110 872 334 362 246 1231 12324 3262 1302
is_linear=0
shrinkage=0.03


Tree=21
num_leaves=31
num_cat=0
split_feature=9 17 24 16 5 9 32 4 16 30 16 5 24 7 8 8 14 5 7 17 15 0 32 18 24 40 4 16 16 12
split_gain=322.169 47.5537 41.8807 27.9342 26.0183 22.6915 16.6769 16.289 15.1751 15.2006 13.535 12.567 11.3605 13.374 9.0152 8.90243 9.22958 8.61818 20.2945 7.73013 7.92873 6.87074 6.36474 6.51136 5.99393 8.99009 5.99988 7.63243 5.9509 5.86365
threshold=35.091250000000009 4449.6181450000013 0.065000000000000016 5205.1783118534104 42713.937500000007 80.135000000000005 11.273750000000001 353.50000000000006 6574.3687723581397 -19.114999999999998 4874.5650524793682 50368.750000000007 2.7300000000000009 6.4809027777777795 242.23125000000002 481.16250000000008 100.25500000000001 54305.500000000007 8.2309027777777803 6829.4682250000014 54.599375000000002 16.500000000000004 -1.0000000180025095e-35 1.0000000180025095e-35 0.28125000000000006 -35.399999999999977 136.50000000000003 2804.1512944801857 12524.676816973219 58.415416666666665
decision_type=8 10 8 8 2 10 10 2 8 10 10 2 10 2 2 2 10 2 2 10 10 2 10 2 10 10 2 10 10 10
left_child=1 3 19 -1 6 10 -5 22 9 -3 17 -9 -8 -14 -12 -11 21 18 -4 20 -2 24 -6 -24 25 -17 -26 -28 -7 -30
right_child=2 8 5 4 7 28 12 11 -10 15 14 -13 13 -15 -16 16 -18 -19 -20 -21 -22 -23 23 -25 26 -27 27 -29 29 -31
leaf_value=0.013070651251773627 -0.18248787367511832 -1.7026108678175569 0.21619403577896854 -0.22934592355061645 -0.26338961973932334 1.2630510211972004 -0.29043051182056329 -0.24690109676709501 -0.21121106724402475 -0.13516893316041212 -0.094228482304434813 -0.17083159982920793 -0.094712636284197751 -0.19709379169517971 -0.24764557445758764 -0.069934001129884918 -0.13293511058108021 0.57796014914788096 -0.37925849188868277 -0.18195299062833201 -0.33393029982627548 -0.063401180755670292 -0.018190339730801391 -0.14396681716997584 -0.96844510969824493 -0.99971063760362922 -0.21281161957327024 -0.30750267342999565 -0.49978650538026742 0.0031670147564130989
leaf_weight=1555 175 171 5535 274 85 22252 152 100 701 749 1216 111 385 313 182 104 788 2629 399 105 52 96 1275 347 58 146 104 87 45 291
leaf_count=1555 175 171 5535 274 85 22252 152 100 701 749 1216 111 385 313 182 104 788 2629 399 105 52 96 1275 347 58 146 104 87 45 291
internal_value=0.000578169 -0.00498777 0.00186494 -0.00306851 -0.00474006 0.00197318 -0.00836267 -0.00261386 -0.0079228 -0.00674089 0.000780265 -0.0104575 -0.00627497 -0.00464378 -0.00195568 -0.00604501 -0.00747182 0.00122711 0.000593429 -0.00872072 -0.00556579 -0.0102936 -0.00163876 -0.00121627 -0.011706 -0.00836653 -0.015012 -0.0123281 0.00249918 -0.00145994
internal_weight=40482 7601 32881 4597 3042 32549 1124 1918 3004 2303 9961 211 850 698 1398 2132 1383 8563 5934 332 227 595 1707 1622 499 250 249 191 22588 336
internal_count=40482 7601 32881 4597 3042 32549 1124 1918 3004 2303 9961 211 850 698 1398 2132 1383 8563 5934 332 227 595 1707 1622 499 250 249 191 22588 336
is_linear=0
shrinkage=0.03


Tree=22
num_leaves=31
num_cat=0
split_feature=9 41 41 24 1 9 24 9 41 17 14 41 28 1 7 5 16 0 26 7 16 16 14 14 1 14 28 33 27 34
split_gain=316.374 55.4174 34.1473 32.1687 24.73 19.1899 16.7781 12.4851 12.2508 11.8888 10.9046 9.98593 9.90745 10.9581 9.38855 17.9133 9.26808 8.43302 8.20515 8.04336 7.56139 7.48009 9.18054 7.3154 7.18043 6.7471 6.36461 7.75105 6.4884 6.33786
threshold=38.07500000000001 -1432.0687334490865 -3166.6819272714743 20.221250000000001 2.5000000000000004 8.5087500000000009 0.065000000000000016 102.69500000000001 -16065.005134674457 7889.58781 44.935000000000009 -16720.718883425146 37963.594062500008 5.5000000000000009 7.1753472222222241 53300.312500000007 5148.3729106394248 16.500000000000004 39697.007500000007 8.5017361111111125 2367.9646734465246 6503.9519211710494 36.056250000000013 117.40500000000002 1.5000000000000002 91.010000000000005 36233.739062500004 82.125000000000014 37668.578020833338 76.00500000000001
decision_type=8 10 8 8 2 10 10 10 10 10 10 8 10 2 2 2 10 2 10 2 10 10 10 10 2 10 10 10 10 10
left_child=1 3 6 11 20 10 29 14 -8 -3 -6 23 13 21 -4 17 -10 19 -7 -16 -5 22 24 -1 -13 -11 28 -28 -24 -2
right_child=2 9 7 4 5 18 8 -9 16 25 -12 12 -14 -15 15 -17 -18 -19 -20 -21 -22 -23 26 -25 -26 -27 27 -29 -30 -31
leaf_value=-1.2896259178542764 -0.2182856918232621 0.097009887800950753 0.59078888598957813 0.14357914878823091 -0.19909844728241516 -0.27325476617949707 -0.1836660683415535 1.7147805559010783 0.15810590967384708 -0.17843245351412176 -0.20825416352960299 -0.20925713293835821 -0.17100543266167142 -0.68642891857739052 -0.32229463872069464 0.41767436157447246 -0.17586845823691405 0.094388478552558733 -0.18202496161216372 -0.49632573419099041 -0.17231019289222388 -0.18907031914181077 -0.057195594654646464 -0.12569809001379698 -0.027619114160866536 -0.12437985301894232 -0.26333789828656651 -0.11526063799257059 -0.32030123874952715 -0.16356210614440053
leaf_weight=190 57 1481 10425 910 98 451 48 15875 1761 97 170 112 1923 387 524 1512 1295 423 713 334 495 176 336 74 46 178 57 169 59 82
leaf_count=190 57 1481 10425 910 98 451 48 15875 1761 97 170 112 1923 387 524 1512 1295 423 713 334 495 176 336 74 46 178 57 169 59 82
internal_value=0.000584889 -0.00470811 0.00191446 -0.00600942 -0.00362896 -0.00640195 -0.00100524 0.00223995 -0.00054686 1.02448e-05 -0.0136283 -0.00792153 -0.00746326 -0.00944453 0.00155867 1.39586e-05 -0.000308145 -0.00259516 -0.0047279 -0.00430268 -0.000800142 -0.00770397 -0.00642692 -0.0135396 -0.0128679 -0.00570652 -0.0047701 -0.00877533 -0.00246212 -0.0111643
internal_weight=40458 8122 32336 6366 2837 1432 3243 29093 3104 1756 268 3529 3265 1342 13218 2793 3056 1281 1164 858 1405 955 779 264 158 275 621 226 395 139
internal_count=40458 8122 32336 6366 2837 1432 3243 29093 3104 1756 268 3529 3265 1342 13218 2793 3056 1281 1164 858 1405 955 779 264 158 275 621 226 395 139
is_linear=0
shrinkage=0.03


Tree=23
num_leaves=31
num_cat=0
split_feature=9 41 41 24 1 9 41 24 9 12 18 16 8 10 8 7 0 9 7 29 26 16 8 9 26 25 7 0 26 18
split_gain=273.314 42.9956 33.3329 31.8048 23.2149 18.2794 12.733 12.6617 12.5128 11.9179 11.1662 9.99696 9.98213 8.74678 8.61362 10.9458 10.394 8.11384 7.97777 7.81734 7.57762 7.4398 7.27642 7.0156 6.85692 6.5095 6.06832 7.28283 7.02634 6.03137
threshold=39.992500000000014 -538.75169692148472 -3166.6819272714743 19.393750000000004 2.5000000000000004 7.535000000000001 -16065.005134674457 0.90500000000000014 98.52500000000002 9.5979687500000015 1.0000000180025095e-35 5148.3729106394248 363.65000000000003 39.065000000000005 186.11250000000004 6.6840277777777803 13.500000000000002 -1.0000000180025095e-35 7.8489583333333348 7.8675000000000006 31789.086250000004 2804.1512944801857 594.66875000000016 72.503750000000011 39273.667500000003 56.840260416666673 8.8177083333333375 11.500000000000002 42038.116250000006 1.5000000000000002
decision_type=10 10 8 8 2 8 10 10 10 10 2 10 2 10 2 2 2 10 2 10 10 10 2 10 8 10 2 2 10 2
left_child=1 3 6 9 21 18 -2 -8 10 19 -4 -9 26 -13 15 -11 -16 -3 22 29 -21 -5 -6 25 -7 -14 -12 28 -28 -1
right_child=2 17 8 4 5 24 7 11 -10 14 12 13 23 -15 16 -17 -18 -19 -20 20 -22 -23 -24 -25 -26 -27 27 -29 -30 -31
leaf_value=-0.23816380806996132 -0.17945409782517471 -0.14702172083765622 0.60832849675074041 0.13977098400881363 -0.096528664930183278 -0.25916075943947348 -0.179476684585263 0.17496987073015297 1.5916125615460126 -0.10084378919193758 0.26798438202701641 -0.24718556082877166 -0.19115987802347639 -0.13393209857991933 -0.21982242116967507 -0.1737402117189826 -0.1744897063550172 0.12050692715281064 -0.18316948296823427 -0.21010994971831956 -0.093677959276603731 -0.14933441620172691 -0.87236392856937495 -0.012720076307293361 -0.17122499756116366 -0.55906689249266117 -0.52784441186002284 0.047166727233351725 -0.16404109967460753 -1.840316152032448
leaf_weight=86 50 208 8556 1091 133 509 148 1690 16935 543 2695 203 150 1063 904 434 1196 1377 87 50 218 551 41 241 949 118 44 128 42 98
leaf_count=86 50 208 8556 1091 133 509 148 1690 16935 543 2695 203 150 1063 904 434 1196 1377 87 50 218 551 41 241 949 118 44 128 42 98
internal_value=0.000648117 -0.00414287 0.00191458 -0.00516761 -0.00307763 -0.00551337 -0.00101363 -0.000769082 0.00223407 -0.00715666 0.00149161 -0.000338857 4.21177e-05 -0.00235359 -0.00648441 -0.00415031 -0.00756782 0.000312106 -0.012813 -0.0117086 -0.00838662 -0.000525867 -0.00901714 -0.00382941 -0.00419877 -0.00715985 0.000720619 -0.00413023 -0.0108276 -0.0164757
internal_weight=40538 8475 32063 6890 3361 1719 3154 3104 28909 3529 11974 2956 3418 1266 3077 977 2100 1585 261 452 268 1642 174 509 1458 268 2909 214 86 184
internal_count=40538 8475 32063 6890 3361 1719 3154 3104 28909 3529 11974 2956 3418 1266 3077 977 2100 1585 261 452 268 1642 174 509 1458 268 2909 214 86 184
is_linear=0
shrinkage=0.03


Tree=24
num_leaves=31
num_cat=0
split_feature=9 41 24 24 41 23 32 16 32 17 9 7 5 32 34 7 8 0 32 6 28 7 13 17 18 8 0 25 2 28
split_gain=261.734 41.2064 31.7606 27.7394 23.2386 13.3258 12.0513 11.5023 11.2176 10.6082 10.4454 9.49233 16.0997 8.96143 7.67759 6.82182 8.98967 9.64867 6.73307 6.72549 6.64324 10.9864 7.97002 6.60736 6.48159 8.35224 5.8831 6.01713 8.50529 5.80431
threshold=39.992500000000014 -1181.6028620832619 1.7025000000000001 15.317500000000001 -3166.6819272714743 5.5000000000000009 -0.0087499999999999991 6434.9811605027671 1.6012500000000003 3357.6281350000004 99.767500000000013 8.2309027777777803 53806.250000000007 3.4775000000000005 -22.649999999999995 6.2777777777777803 5.4187500000000011 13.500000000000002 85.531250000000014 19.161453744493397 37338.312500000007 6.0781250000000027 -0.018749999999999999 7658.3527800000002 1.0000000180025095e-35 615.43750000000011 15.500000000000002 69.346145833333352 4.5000000000000009 40930.937500000007
decision_type=10 10 8 8 8 2 8 10 8 10 10 2 2 10 10 2 2 2 10 2 10 2 10 10 2 2 2 10 2 10
left_child=1 3 18 14 7 9 -3 -4 29 -5 11 24 26 -9 -1 16 -16 -18 -2 23 21 -10 -23 -11 -6 -26 27 28 -13 -7
right_child=2 6 4 5 10 8 -8 13 20 19 -12 12 -14 -15 15 -17 17 -19 -20 -21 -22 22 -24 -25 25 -27 -28 -29 -30 -31
leaf_value=-2.8540779893373807 -0.21657784168631469 -0.16833006140389919 0.10660722140476003 -0.080212695390261157 0.68537396255921201 -0.21909805900521551 0.10216101935502456 -0.31932529609646276 -0.055565478523797805 -0.19791047610337045 1.5722309950715685 -0.20932209405196006 0.32025006644071002 -0.16406503715602935 -0.097765664650093259 -0.17019481723298677 -0.18162048716666007 -0.15561171471943958 -0.030572766115968913 -0.10863159359923019 -0.13323305932905777 -0.14684366795771425 -0.3147549080190627 -0.23453519425156655 0.26736275502929668 -0.49145424293588619 -0.13125530353544518 -0.36628273552432061 -0.65768716433131968 -0.12558180474672795
leaf_weight=120 286 222 1890 1964 7820 101 1515 86 124 166 16594 90 784 999 360 1133 736 731 116 374 516 68 125 116 2797 99 224 164 82 50
leaf_count=120 286 222 1890 1964 7820 101 1515 86 124 166 16594 90 784 999 360 1133 736 731 116 374 516 68 125 116 2797 99 224 164 82 50
internal_value=0.000670556 -0.0040355 0.00190787 -0.00510516 0.00201445 -0.00331706 8.11278e-05 -0.000509072 -0.00629239 -0.00219763 0.00227646 0.00160434 -0.000771747 -0.00296961 -0.00719572 -0.00688956 -0.00574891 -0.00679087 -0.00646154 -0.00549772 -0.00491727 -0.00833019 -0.0127887 -0.0089894 0.0019024 0.000689679 -0.00465241 -0.00715727 -0.0110636 -0.0137961
internal_weight=40452 8421 32031 6684 31629 3604 1737 2975 984 2620 28654 12060 1344 1085 3080 2960 1827 1467 402 656 833 317 193 282 10716 2896 560 336 172 151
internal_count=40452 8421 32031 6684 31629 3604 1737 2975 984 2620 28654 12060 1344 1085 3080 2960 1827 1467 402 656 833 317 193 282 10716 2896 560 336 172 151
is_linear=0
shrinkage=0.03


Tree=25
num_leaves=31
num_cat=0
split_feature=9 24 9 14 17 7 5 24 0 4 1 34 15 4 36 1 9 17 0 7 14 5 5 36 17 15 7 14 7 18
split_gain=251.203 42.3116 26.4381 24.947 25.5932 15.564 18.1593 13.7679 13.6542 12.1481 11.7479 14.4154 12.7829 11.3656 10.1908 9.46114 10.4924 8.73431 8.51825 9.31338 8.08214 11.3787 7.84205 7.24405 7.07139 7.54179 5.73015 6.73741 5.60772 5.53924
threshold=32.385000000000012 0.90500000000000014 100.08125000000001 38.355000000000011 4562.7762750000002 6.8489583333333348 53503.250000000007 1.7025000000000001 14.500000000000002 98.500000000000014 1.5000000000000002 74.915000000000006 49.953125000000007 354.50000000000006 0.08000000000002673 1.0000000180025095e-35 -0.51624999999999988 6094.1003400000018 17.500000000000004 11.039930555555559 95.083750000000023 52701.500000000007 36201.750000000007 1.6599999999999986 6829.4682250000014 54.599375000000002 5.3697916666666687 74.815000000000012 8.6232638888888911 1.0000000180025095e-35
decision_type=10 8 10 8 10 2 2 10 2 2 2 10 10 2 10 2 10 10 2 2 10 2 2 10 10 10 2 10 2 2
left_child=3 24 5 8 7 17 13 26 9 -1 -9 12 -12 18 -11 -6 -17 29 19 22 21 23 -7 -14 25 -2 -5 -28 -10 -3
right_child=1 2 -4 4 15 6 -8 10 28 14 11 -13 20 -15 -16 16 -18 -19 -20 -21 -22 -23 -24 -25 -26 -27 27 -29 -30 -31
leaf_value=-0.16609859114467401 -0.14937741172964911 0.60227865484952847 1.4783822740430634 -0.098803103759298155 -0.12155792804492184 -0.73346932889340988 0.24030203760463109 0.050098760586163082 -0.035507483254109622 -0.16043751812192306 -0.11460321700186879 -0.053161040996830007 -0.38446682621660333 -0.5569713294824602 -0.26722343103913898 -1.6087804448326266 -0.16401285025107229 -0.13296387262241172 0.089035511191663058 -0.26267879561805374 -0.17866168342638458 0.10438785796915756 -0.20520925257761055 -0.23381127233297438 -0.17314492936663145 -0.34640623637642676 -0.18013942649987374 -0.18117825626391315 -0.19075695016712563 0.11024604868477779
leaf_weight=77 231 7514 16907 246 523 121 2023 1397 179 270 384 1167 175 71 76 225 1984 769 706 65 114 46 1300 40 129 75 86 146 64 3385
leaf_count=77 231 7514 16907 246 523 121 2023 1397 179 270 384 1167 175 71 76 225 1984 769 706 65 114 46 1300 40 129 75 86 146 64 3385
internal_value=0.000651546 0.00175025 0.00187338 -0.00442958 -0.00386455 0.000997305 -0.000548635 -0.0022717 -0.00995802 -0.0132099 -0.00158574 -0.00310431 -0.00631974 -0.00239443 -0.010755 -0.00607903 -0.00693801 0.00156517 -0.00200821 -0.00329657 -0.0102527 -0.0131565 -0.0027827 -0.0160417 -0.0075344 -0.0050228 -0.00702714 -0.0104034 -0.00426639 0.00178321
internal_weight=40495 33296 32861 7199 6533 15954 4286 3801 666 423 3323 1926 759 2263 346 2732 2209 11668 2192 1486 375 261 1421 215 435 306 478 232 243 10899
internal_count=40495 33296 32861 7199 6533 15954 4286 3801 666 423 3323 1926 759 2263 346 2732 2209 11668 2192 1486 375 261 1421 215 435 306 478 232 243 10899
is_linear=0
shrinkage=0.03


Tree=26
num_leaves=31
num_cat=0
split_feature=30 41 5 18 16 41 11 7 26 17 8 14 41 14 14 0 14 0 11 17 7 16 31 34 34 30 0 13 13 13
split_gain=163.787 81.1059 37.5888 30.6418 20.477 18.8895 16.4849 17.5538 18.4383 14.0401 12.0678 14.3214 11.6922 10.881 10.6824 10.4929 9.59272 9.14967 13.2302 8.13176 10.4637 6.46233 6.30113 5.92775 5.82061 5.81454 5.78608 5.7278 5.6962 5.85028
threshold=46.29375000000001 -3166.6819272714743 51456.250000000007 1.0000000180025095e-35 6503.9519211710494 -13130.573604254585 55.431250000000013 8.1267361111111143 41736.188750000008 5341.8720250000006 615.43750000000011 44.935000000000009 3799.9860260728242 100.74500000000002 52.095000000000006 13.500000000000002 85.125000000000014 14.500000000000002 23.573750000000004 7978.2808950000008 6.9010416666666687 5148.3729106394248 -0.057499999999999989 67.795000000000016 95.575000000000003 98.966250000000016 13.500000000000002 -2.5487499999999996 35.105000000000011 11.023750000000001
decision_type=10 8 2 2 10 10 8 2 8 10 2 10 8 10 10 2 10 2 10 10 2 10 10 10 10 10 2 10 10 10
left_child=2 5 3 4 14 -2 7 -3 26 16 11 17 -4 -12 -1 -11 24 18 -5 20 -16 -18 -6 -23 27 -8 -9 -7 29 -13
right_child=1 6 12 10 22 9 25 8 -10 15 13 28 -14 -15 19 -17 21 -19 -20 -21 -22 23 -24 -25 -26 -27 -28 -29 -30 -31
leaf_value=-0.16841196058645655 -0.15007517008122753 0.21931865298865399 -0.14602297719912097 -0.14181579827601742 -0.50568321863875976 0.042785356800059494 0.52402807535867979 -0.63113839205766176 0.25222361996301812 -0.24137366491576831 -1.8841447541343666 -0.16119326938859957 0.20052659517255925 -0.34602666094078272 0.1454836776295578 -0.12127634986709614 0.22241394613369825 -0.14865823914729268 -0.22330782297979676 -0.13287577758153982 -0.19696062227846761 -0.46377737942742026 -0.15652993855808178 -0.078649259339850605 -0.024925660490926028 1.3967425299132941 -0.18482484863306656 -0.19865961046547401 0.33405950971364579 -0.36691594076534156
leaf_weight=279 537 4385 341 82 63 107 8046 152 260 334 203 999 1234 217 1094 675 1473 82 106 686 326 43 220 1028 467 16534 125 373 75 117
leaf_count=279 537 4385 341 82 63 107 8046 152 260 334 203 999 1234 217 1094 675 1473 82 106 686 326 43 220 1028 467 16534 125 373 75 117
internal_value=0.000707727 0.00150947 -0.00381355 -0.00519626 -0.00312701 -0.00200853 0.00211016 0.00052529 -0.00458922 -0.00137303 -0.00812805 -0.00683105 0.000180838 -0.0126128 -0.0022192 -0.00448812 -0.000471649 -0.0130627 -0.0166984 -0.00148647 -0.000190007 0.000488016 -0.010743 -0.00128451 -0.00304747 0.00242748 -0.00996043 -0.00536383 -0.00540856 -0.00594628
internal_weight=40663 34539 6124 4549 2668 5037 29502 4922 537 4500 1881 1461 1575 420 2385 1009 3491 270 188 2106 1420 2544 283 1071 947 24580 277 480 1191 1116
internal_count=40663 34539 6124 4549 2668 5037 29502 4922 537 4500 1881 1461 1575 420 2385 1009 3491 270 188 2106 1420 2544 283 1071 947 24580 277 480 1191 1116
is_linear=0
shrinkage=0.03


Tree=27
num_leaves=31
num_cat=0
split_feature=24 12 8 14 7 0 23 41 0 13 14 0 34 16 38 16 0 18 8 16 7 13 4 12 29 14 24 34 1 28
split_gain=206.347 33.765 31.7977 20.0228 19.8368 14.183 13.389 13.0183 12.886 12.4836 11.8494 11.7053 10.578 10.1619 8.6957 8.62692 8.46214 9.7925 11.8078 8.32456 7.31546 7.85005 7.10221 7.02718 6.874 6.74406 6.48975 6.21068 6.05247 11.5033
threshold=34.795000000000009 59.353541666666672 265.50625000000008 44.935000000000009 6.6840277777777803 11.500000000000002 6.5000000000000009 -9054.8957344338523 14.500000000000002 5.6850000000000014 57.045000000000009 17.500000000000004 92.760000000000005 3394.0199921225399 62.451250000000002 6574.3687723581397 16.500000000000004 1.0000000180025095e-35 673.22500000000014 2988.5299402047335 5.5538194444444455 32.312500000000007 134.50000000000003 12.43125 106.64875000000002 36.056250000000013 2.7300000000000009 50.005000000000003 2.5000000000000004 39659.918125000004
decision_type=8 10 2 8 2 2 2 8 2 10 10 2 10 8 10 10 2 2 2 10 2 10 2 10 8 10 10 10 2 10
left_child=2 3 4 6 10 9 -2 -3 -8 12 13 14 22 -1 20 16 17 19 23 -4 -5 28 25 -19 -9 -6 -21 -15 -22 -30
right_child=1 7 15 11 5 -7 8 24 -10 -11 -12 -13 -14 27 -16 -17 -18 18 -20 26 21 -23 -24 -25 -26 -27 -28 -29 29 -31
leaf_value=0.0539645868779354 -0.055487701423586666 -0.1498593394638939 -0.095548352575592965 0.10976342056806591 -0.16032719991500829 0.017786700607291733 -0.24463807757725795 0.55880745130692167 -0.13653886504168314 -0.094376865861521178 0.049841143001529593 0.28540528979889884 -0.15096186747796356 -0.21844500441469902 -0.52744565012667555 -0.18117932359543354 -0.034881650979097484 -1.6650473340284835 -1.0383895386487458 -0.10730008257837946 -0.04744198222947385 0.25758090218883672 -0.19900778865222143 -0.22768726617949228 1.4286242914279637 -0.1648074196389713 -0.18228351025079795 -0.14701738375421777 -0.35925557301318378 -0.11674995799744577
leaf_weight=155 129 353 1027 1815 48 357 74 10633 63 315 2096 2450 312 112 69 446 426 63 301 169 938 466 190 973 14965 162 187 156 405 631
leaf_count=155 129 353 1027 1815 48 357 74 10633 63 315 2096 2450 312 112 69 446 426 63 301 169 938 466 190 973 14965 162 187 156 405 631
internal_value=0.000745128 0.00176597 -0.003748 -7.66935e-05 -0.00187269 -0.00475668 -0.00813483 0.00226584 -0.0146304 -0.00654572 -0.000286905 0.000240886 -0.00874334 -0.00486085 -0.000697803 -0.00578458 -0.00522784 -0.00584344 -0.00767489 -0.00406864 -0.000525141 -0.00159771 -0.0119701 -0.00614465 0.00234478 -0.00810427 -0.00801681 -0.00838662 -0.0024243 -0.00400386
internal_weight=40486 32991 7495 7040 3903 1384 266 25951 137 1027 2519 6774 712 423 4324 3592 3146 2720 1337 1383 4255 2440 400 1036 25598 210 356 268 1974 1036
internal_count=40486 32991 7495 7040 3903 1384 266 25951 137 1027 2519 6774 712 423 4324 3592 3146 2720 1337 1383 4255 2440 400 1036 25598 210 356 268 1974 1036
is_linear=0
shrinkage=0.03


Tree=28
num_leaves=31
num_cat=0
split_feature=9 41 41 24 14 17 9 41 1 32 18 41 15 8 27 15 31 32 16 7 6 1 7 16 16 13 5 14 7 4
split_gain=209.979 36.2263 32.5978 16.753 16.1026 18.487 14.2425 14.1076 13.1677 12.2446 10.6165 10.5825 10.3965 9.58232 9.03527 8.76937 11.6335 8.41336 7.74989 7.6238 9.35729 7.88151 7.71494 7.08459 6.69277 6.4244 6.41998 5.58564 5.56727 8.6691
threshold=35.091250000000009 -3166.6819272714743 -1432.0687334490865 0.065000000000000016 52.095000000000006 3357.6281350000004 99.767500000000013 -15042.396014350785 1.5000000000000002 -0.0087499999999999991 1.0000000180025095e-35 -15042.396014350785 49.953125000000007 268.53750000000008 35141.455000000009 68.928333333333356 1.0050000000000001 29.805000000000003 6503.9519211710494 8.3906250000000036 15.4852422907489 5.5000000000000009 4.0642361111111134 6574.3687723581397 12741.701076265996 56.970000000000006 46906.187500000007 38.355000000000011 6.9913194444444464 359.50000000000006
decision_type=10 8 10 8 8 10 10 10 2 8 2 10 10 2 10 10 10 10 8 2 2 2 2 10 10 10 2 10 2 2
left_child=2 3 4 -2 12 8 10 -5 23 -4 28 19 14 -12 -1 -14 -17 24 -7 20 -10 -22 -23 -6 -9 26 -15 -16 -3 -30
right_child=1 6 9 7 5 18 -8 17 11 -11 13 -13 15 25 27 16 -18 -19 -20 -21 21 22 -24 -25 -26 -27 -28 -29 29 -31
leaf_value=-0.19291123556740536 -0.15204043430864822 0.6449892302921798 -0.13561783609365594 -0.14743354278936363 0.14235647802507767 -0.1637490574850213 1.4169196932235872 -0.23947455746673091 -0.091903849040065363 0.084009338200437517 0.16884622658892329 -0.090715970987827299 -0.27737309745436928 -0.44611011508406889 -0.13504323995325462 -0.2321273601794443 -0.10848076842992513 0.012083561381742125 -0.18639417531401245 -0.22330363222890745 -0.17971044759170748 -0.035229178065782123 -0.61323830314711925 -0.16032541278241044 -0.4985241564323466 0.04077174397071659 0.066754711828800703 -0.029677214687485198 0.20993648940263132 -0.57380329965911292
leaf_weight=205 137 6995 238 95 935 1677 16590 294 375 1422 2781 782 117 325 275 52 149 2861 511 185 153 45 109 98 42 324 117 304 2125 70
leaf_count=205 137 6995 238 95 935 1677 16590 294 375 1422 2781 782 117 325 275 52 149 2861 511 185 153 45 109 98 42 324 117 304 2125 70
internal_value=0.000744114 0.00178826 -0.00373693 -0.00112915 -0.00477047 -0.00402792 0.0021294 -0.000699666 -0.00235706 -1.80613e-05 0.00137471 -0.00402 -0.00804533 -1.94475e-05 -0.0061758 -0.0126207 -0.00874752 -0.000359287 -0.00607401 -0.00630069 -0.00482284 -0.00869805 -0.013471 0.00029884 -0.00484273 -0.00298827 -0.00533634 -0.00424655 0.00191274 0.000594262
internal_weight=40388 32756 7632 3429 5972 4870 29327 3292 2682 1660 12737 1649 1102 3547 784 318 201 3197 2188 867 682 307 154 1033 336 766 442 579 9190 2195
internal_count=40388 32756 7632 3429 5972 4870 29327 3292 2682 1660 12737 1649 1102 3547 784 318 201 3197 2188 867 682 307 154 1033 336 766 442 579 9190 2195
is_linear=0
shrinkage=0.03


Tree=29
num_leaves=31
num_cat=0
split_feature=9 24 41 14 31 9 41 32 18 8 1 8 1 41 16 8 0 16 16 29 39 32 35 14 27 38 14 16 27 14
split_gain=195.041 29.6653 26.1152 18.3045 14.8188 13.2264 12.7543 10.3597 10.0618 10.6408 9.45761 13.3199 8.90166 7.87411 7.64421 7.63181 7.37856 7.36408 7.20668 6.98662 6.63089 7.15279 6.59342 6.21002 5.47837 5.00789 4.97497 4.94339 10.1775 4.89086
threshold=43.365000000000002 19.393750000000004 -3166.6819272714743 44.935000000000009 54.905000000000008 108.61125000000003 -2630.1199087821474 36.410000000000004 1.0000000180025095e-35 296.82500000000005 2.5000000000000004 363.65000000000003 2.5000000000000004 -4037.8118403665353 2804.1512944801857 253.75625000000002 13.500000000000002 13234.436127372914 5406.3174960082015 -15.628749999999998 -31.182499999999994 44.405000000000008 4.2162500000000032 68.13000000000001 36483.333333333336 -20.678749999999997 114.99500000000002 7070.5257539480526 37980.501666666671 100.25500000000001
decision_type=10 8 8 8 10 10 10 8 2 2 2 2 2 8 8 2 2 10 10 10 10 10 10 10 10 10 10 10 10 10
left_child=1 6 7 4 12 8 19 17 -4 -10 13 -12 -3 -5 -13 -8 -14 26 -17 24 21 -11 -9 -16 -1 -25 -2 29 -29 -21
right_child=2 3 5 10 -6 -7 15 22 9 20 11 14 16 -15 23 18 -18 -19 -20 27 -22 -23 -24 25 -26 -27 -28 28 -30 -31
leaf_value=-0.18485023644226392 0.074309255611859248 -0.14079425085751002 0.57616525984435474 -0.13510314083778144 -0.10049669630750653 1.5770148759472189 0.055413933689232885 0.034601291147922868 0.1992779877767013 -0.60136550052489635 -0.090592580561304537 -0.039939546918233371 -0.2288001201104847 0.20348781782109202 -0.020935989663352993 -0.11549474874986768 -0.16288189811719575 -0.33318685349107813 -0.20149351568745286 -0.173282129518293 -0.11363822239352891 -0.3952651566653686 -0.26440675683742165 -0.2560120470360347 -2.7032746651384953 -0.40696837962844057 -0.26957072703243573 -0.15367099012262245 -0.12682216787337097 -0.10484127921362521
leaf_weight=92 104 54 9882 586 253 14827 455 2414 3144 67 1620 153 83 1792 55 371 45 44 43 1455 510 146 238 59 123 208 187 162 415 1075
leaf_count=92 104 54 9882 586 253 14827 455 2414 3144 67 1620 153 83 1792 55 371 45 44 43 1455 510 146 238 59 123 208 187 162 415 1075
internal_value=0.000757101 -0.00311242 0.00187267 -0.00152903 -0.00739679 0.00215166 -0.00496589 -0.000796185 0.00148124 0.000183816 -0.000956862 -0.00242605 -0.0139016 0.000337957 -0.00683824 -0.00172759 -0.018186 -0.00575893 -0.00466988 -0.00581222 -0.0030953 -0.00752804 -0.000167358 -0.00945511 -0.0110417 -0.0113396 -0.00399658 -0.00544691 -0.00795675 -0.00487159
internal_weight=40662 9099 31563 4908 435 28576 4191 2987 13749 3867 4473 2095 182 2378 475 869 128 335 414 3322 723 213 2652 322 215 267 291 3107 577 2530
internal_count=40662 9099 31563 4908 435 28576 4191 2987 13749 3867 4473 2095 182 2378 475 869 128 335 414 3322 723 213 2652 322 215 267 291 3107 577 2530
is_linear=0
shrinkage=0.03


Tree=30
num_leaves=31
num_cat=0
split_feature=9 41 41 14 9 25 41 1 16 18 32 28 26 13 0 24 26 6 32 14 34 0 41 16 36 6 37 41 24 36
split_gain=186.242 33.0525 28.1402 18.8037 14.929 13.9625 12.9541 12.9259 14.6386 11.8405 11.655 9.36318 8.78671 8.12815 12.7236 7.97846 7.97381 7.68849 11.8123 7.51762 7.15018 6.43334 6.05813 5.8732 5.44547 5.44132 6.02955 5.64343 6.58027 5.40982
threshold=35.091250000000009 -2772.7096387059278 -1741.519881393873 44.935000000000009 115.20500000000001 40.351041666666674 -11507.352955209573 1.0000000180025095e-35 12321.12843272319 1.0000000180025095e-35 1.0000000180025095e-35 40512.199687500011 33093.500000000007 58.39500000000001 17.500000000000004 0.90500000000000014 39273.667500000003 13.551321585903084 84.515000000000015 96.010000000000005 76.00500000000001 16.500000000000004 -16065.005134674457 5148.3729106394248 2.2437500000000048 12.84471365638767 -62.064999999999991 -16720.718883425146 3.5550000000000002 -0.01125000000004661
decision_type=10 8 10 8 10 10 10 2 10 2 8 10 10 10 2 8 8 2 10 10 10 2 10 10 10 2 10 8 10 10
left_child=2 6 3 5 9 12 22 8 -5 -3 24 13 -1 14 17 20 19 -11 -19 21 -8 25 -2 -17 -4 -9 -27 -28 -29 -14
right_child=1 4 10 7 -6 -7 15 16 -10 11 -12 -13 29 -15 -16 23 -18 18 -20 -21 -22 -23 -24 -25 -26 26 27 28 -30 -31
leaf_value=-0.22567253688908154 -0.15427278807210293 0.54363629227434096 -0.11094792413575394 0.00078500072442475532 1.7443751880371314 -0.21732284898057627 -0.16877006726629623 -0.12477775224467706 -0.1517784026311759 -0.22081811201946797 0.09801074019566601 0.40000893924811737 -0.055015556837537768 0.45236849505364918 0.29765926234367995 0.13826633951175971 -0.12786544315460957 -0.50685523798957899 -0.38564214973474714 -0.13861868868414637 -0.075085051276102821 -0.066085052902875474 -0.13767855257501835 -0.14894986145515776 -0.14838015675308422 -0.096581168042419688 -6.2437389157139096 -0.60285019479661583 -0.31677717881842488 -0.2341604103961501
leaf_weight=132 51 11348 304 1002 13606 170 61 220 50 498 1356 1879 406 846 548 1823 1681 305 314 1221 69 154 369 1183 48 129 41 312 296 94
leaf_count=132 51 11348 304 1002 13606 170 61 220 50 498 1356 1879 406 846 548 1823 1681 305 314 1221 69 154 369 1183 48 129 41 312 296 94
internal_value=0.000779377 0.001758 -0.00344781 -0.00442816 0.00208901 -0.00869738 -0.000973292 -0.00375602 -0.000792023 0.00145969 -5.61731e-05 0.000136643 -0.00662559 -0.0010617 -0.00227791 -0.00030985 -0.00452478 -0.0041136 -0.00634355 -0.0056449 -0.00755725 -0.00738421 -0.00591449 5.98614e-06 -0.00491218 -0.00826426 -0.00944288 -0.01062 -0.00986207 -0.00479042
internal_weight=40516 32900 7616 5908 29344 802 3556 5106 1052 15738 1708 4390 632 2511 1665 3136 4054 1117 619 2373 130 1152 420 3006 352 998 778 649 608 500
internal_count=40516 32900 7616 5908 29344 802 3556 5106 1052 15738 1708 4390 632 2511 1665 3136 4054 1117 619 2373 130 1152 420 3006 352 998 778 649 608 500
is_linear=0
shrinkage=0.03


Tree=31
num_leaves=31
num_cat=0
split_feature=9 41 41 14 24 7 5 25 14 33 14 11 32 9 28 16 4 4 25 24 16 5 8 27 7 20 5 5 7 17
split_gain=185.62 27.563 25.594 20.5748 22.5371 13.9073 19.8919 13.7555 10.6294 8.82303 8.67028 8.65891 8.47701 8.42517 8.34926 6.98467 8.0574 13.396 7.65164 7.32966 6.7426 6.61609 8.3145 6.59916 6.48876 6.1356 6.2367 6.06483 5.78567 5.67752
threshold=43.365000000000002 1641.0353057553987 -3166.6819272714743 44.935000000000009 28.105000000000004 8.2864583333333375 47000.937500000007 40.351041666666674 111.41500000000001 109.52500000000002 100.25500000000001 -0.068749999999999992 60.101250000000007 102.00125000000001 36771.500000000007 1216.7972299047549 289.50000000000006 263.50000000000006 30.175000000000001 3.5550000000000002 13234.436127372914 44105.375000000007 533.68750000000011 37320.125000000007 11.862847222222227 1.0000000180025095e-35 43906.250000000007 41552.062500000007 6.821180555555558 4449.6181450000013
decision_type=10 10 8 8 8 2 2 10 10 10 10 10 10 10 10 10 2 2 10 10 10 2 2 10 2 2 2 2 2 10
left_child=1 3 12 7 10 13 8 9 27 -1 11 23 20 21 -10 -13 17 18 -17 -20 -2 22 28 -5 -14 26 -9 -7 -4 -6
right_child=2 -3 5 4 29 6 -8 25 14 -11 -12 15 24 -15 -16 16 -18 -19 19 -21 -22 -23 -24 -25 -26 -27 -28 -29 -30 -31
leaf_value=-0.1451252606634216 -0.15594469716547871 0.14988016977869348 0.37254917405885929 -0.16696206712905584 -0.044873691211388927 -0.6872324317433598 0.27179642334252063 -0.14995970761795813 0.11693090337523729 -0.024224160357861527 -0.10876691480812124 -0.13717977921548988 0.025923522061382848 1.4167365231550022 -1.1037747463894023 -0.11892748368861926 -0.015625498067011773 -0.19494752038038149 -0.096671090431719953 -0.17707457224284923 -0.25131108881173753 0.56283007248153594 -0.32393696794911025 -1.7412507705204809 -0.26436569930312004 -0.49562210683590935 -0.038576705905283233 -0.29609717534802082 -0.49665257802818474 -0.14452583196233607
leaf_weight=494 656 1127 2823 95 2470 50 2105 99 239 218 1736 682 2187 14638 150 752 182 85 97 264 69 7639 197 149 40 61 44 86 367 527
leaf_count=494 656 1127 2823 95 2470 50 2105 99 239 218 1736 682 2187 14638 150 752 182 85 97 264 69 7639 197 149 40 61 44 86 367 527
internal_value=0.000760098 -0.00301486 0.00185739 -0.00363688 -0.00308565 0.00213472 5.70127e-05 -0.00786478 -0.0051616 -0.00588219 -0.00454712 -0.00575293 -0.000800542 0.00234763 -0.00262308 -0.00511585 -0.00634323 -0.00723603 -0.0063474 -0.00993646 -0.0036157 0.00172105 0.000617178 -0.0110939 0.000117146 -0.014722 -0.0111875 -0.0123504 0.000987151 -0.00111374
internal_weight=40328 9082 31246 7955 7039 28294 2630 916 525 712 4042 2306 2952 25664 389 2062 1380 1198 1113 361 725 11026 3387 244 2227 204 143 136 3190 2997
internal_count=40328 9082 31246 7955 7039 28294 2630 916 525 712 4042 2306 2952 25664 389 2062 1380 1198 1113 361 725 11026 3387 244 2227 204 143 136 3190 2997
is_linear=0
shrinkage=0.03


Tree=32
num_leaves=31
num_cat=0
split_feature=24 13 32 17 41 14 1 0 16 1 13 7 5 1 16 27 30 16 24 17 25 5 16 0 5 14 41 41 7 5
split_gain=164.151 33.9961 22.1029 19.8974 16.2075 15.4946 13.692 14.0352 12.7353 11.9073 8.74368 8.78706 9.18841 8.67473 8.51576 8.64025 7.6432 7.38785 12.946 8.28734 6.55377 6.35402 6.31714 6.3095 7.15115 7.15652 6.19603 6.13573 6.10439 8.27761
threshold=34.795000000000009 32.312500000000007 5.0025000000000004 4502.9199950000011 -3411.1625452607109 47.195 4.5000000000000009 17.500000000000004 10827.95315687678 1.5000000000000002 37.350000000000009 6.3246527777777795 39805.437500000007 1.5000000000000002 5753.9148964972137 41231.270833333336 -37.196249999999999 3500.5956105060945 3.5550000000000002 7658.3527800000002 72.522083333333342 37066.312500000007 6503.9519211710494 15.500000000000002 43800.312500000007 90.00500000000001 1454.3448202590337 2085.5380311440317 7.1128472222222241 53952.562500000007
decision_type=8 10 10 10 10 10 2 2 8 2 10 2 2 2 8 8 10 8 10 10 10 2 10 2 2 10 8 8 2 2
left_child=3 2 9 4 5 13 22 8 -8 26 11 -7 -13 -1 -11 -16 -5 23 -19 -20 -12 -15 -4 24 25 -18 -2 -17 -3 -30
right_child=1 28 6 16 -6 10 7 -9 -10 14 20 12 -14 21 15 27 17 18 19 -21 -22 -23 -24 -25 -26 -27 -28 -29 29 -31
leaf_value=-0.17237509188797087 -0.17218830712097521 0.83875001814774586 0.37796112713725538 -2.2746837633891541 0.094632618308503835 -0.098255779804140422 -0.001983099039650472 0.19273990652469994 -0.31430783156259096 -0.0055070166567834991 0.42457794863570458 -0.19062894369314079 -0.13500238744266149 -0.1152003098126856 -0.41402205251232099 -0.26261965029982215 -1.0926948083584369 -0.11340371422866539 -0.17109413066768545 -0.14820365758465234 -0.47254165987729196 -0.045545370080253444 -0.073522761128054379 -0.015373956677064456 -0.097071208306584195 -0.13728850917199861 0.45071781592570159 0.10583911271782497 -0.029441832785555847 0.52071349377284315
leaf_weight=137 199 18269 5954 104 1159 1348 650 986 739 168 524 277 678 71 236 98 157 674 257 311 61 189 958 408 871 265 361 104 1857 2497
leaf_count=137 199 18269 5954 104 1159 1348 650 986 739 168 524 277 678 71 236 98 157 674 257 311 61 189 958 408 871 265 361 104 1857 2497
internal_value=0.000814706 0.00172289 0.000307921 -0.00319501 -0.00191406 -0.00298996 0.000796835 -0.00116793 -0.00311007 -0.00358355 -0.0022243 -0.00305599 -0.00525628 -0.0085402 -0.00649423 -0.00869248 -0.00506201 -0.00477615 -0.0065358 -0.00986995 0.00104949 -0.00528736 0.00147201 -0.00348825 -0.00451391 -0.00771631 -0.000427807 -0.00410837 0.00237664 0.00136671
internal_weight=40567 33076 10453 7491 4444 3285 9287 2375 1389 1166 2888 2303 955 397 606 438 3047 2943 1242 568 585 260 6912 1701 1293 422 560 202 22623 4354
internal_count=40567 33076 10453 7491 4444 3285 9287 2375 1389 1166 2888 2303 955 397 606 438 3047 2943 1242 568 585 260 6912 1701 1293 422 560 202 22623 4354
is_linear=0
shrinkage=0.03


Tree=33
num_leaves=31
num_cat=0
split_feature=24 13 8 12 1 41 0 28 32 16 11 4 16 0 5 41 7 5 29 5 17 8 7 6 41 8 27 4 24 28
split_gain=154.182 26.7144 25.6695 17.2785 17.0971 14.9651 14.6256 16.5518 15.3971 11.0526 11.3064 9.32475 8.41826 9.22512 12.3679 7.61469 7.4133 7.94295 6.58253 6.5267 6.35209 6.32532 7.53702 5.91022 5.70467 5.67642 7.22844 5.32369 6.67131 5.79006
threshold=44.305000000000007 21.085000000000004 206.51875000000004 20.943177083333335 4.5000000000000009 -5428.9398746881006 17.500000000000004 36876.562500000007 90.011250000000018 12524.676816973219 89.445000000000007 257.50000000000006 6503.9519211710494 15.500000000000002 43702.750000000007 -10757.339275252516 7.4739583333333348 40205.312500000007 109.54625000000001 43066.312500000007 6159.1635200000001 718.48750000000007 6.2170138888888911 24.897136563876654 -13718.610758391984 96.106250000000003 40716.702031250003 291.50000000000006 4.4375000000000009 38015.875000000007
decision_type=8 10 2 10 2 10 2 10 10 10 10 2 10 2 2 8 2 2 8 2 10 2 2 2 8 2 10 2 10 10
left_child=2 4 3 5 9 11 7 8 -6 -2 -11 24 13 14 21 -3 -5 -18 -17 -13 -16 22 -4 -23 -1 -9 -27 28 29 -14
right_child=1 15 12 16 6 -7 -8 25 -10 10 -12 19 27 -15 20 18 17 -19 -20 -21 -22 23 -24 -25 -26 26 -28 -29 -30 -31
leaf_value=-0.1375260156838729 0.26004958978523207 -0.14474996273466478 -0.22997610746585295 0.07826066740201619 -0.4505140077378621 -0.026003271818415476 0.11962376403331274 -0.039334290158454577 -0.093443354632243403 -0.24922047752996754 -0.0047742016436805841 -0.17930132071396768 -0.70069841057760407 -0.04615220244005417 -0.058037747672789491 0.48993066324612211 -0.16370158077612351 -0.096243090854034416 1.3421043861619315 -0.15339241509081125 -0.12684225261533791 -3.0420832438125829 -1.3137521358205608 -0.69136460734757887 -0.10923651192539549 -0.45381436552101312 -0.12315814460055226 0.0040861809066865202 -0.17512698892890569 -0.063947410688008757
leaf_weight=41 5609 107 630 2746 241 574 844 652 124 90 147 51 103 1038 651 10233 107 753 12894 46 1260 79 128 61 546 73 150 71 227 173
leaf_count=41 5609 107 630 2746 241 574 844 652 124 90 147 51 103 1038 651 10233 107 753 12894 46 1260 79 128 61 546 73 150 71 227 173
internal_value=0.000787565 0.00179856 -0.00260554 -0.00110134 0.000295045 -0.00412708 -0.00203741 -0.00410959 -0.00946721 0.00112673 -0.00520588 -0.00712117 -0.00425984 -0.00375234 -0.0046452 0.00231169 -4.49126e-05 -0.00247387 0.00234871 -0.0157041 -0.00327772 -0.00754839 -0.00645059 -0.0134043 -0.00567857 -0.00186644 -0.00598661 -0.0076487 -0.00873214 -0.00556679
internal_weight=40449 31164 9285 4864 7930 1258 2084 1240 365 5846 237 684 4421 3847 2809 23234 3606 860 23127 97 1911 898 758 140 587 875 223 574 503 276
internal_count=40449 31164 9285 4864 7930 1258 2084 1240 365 5846 237 684 4421 3847 2809 23234 3606 860 23127 97 1911 898 758 140 587 875 223 574 503 276
is_linear=0
shrinkage=0.03


Tree=34
num_leaves=31
num_cat=0
split_feature=9 41 41 12 17 9 7 5 20 16 24 10 12 0 27 5 8 39 0 41 4 12 4 0 7 9 10 5 16 4
split_gain=147.11 26.468 23.4401 13.5916 12.8208 12.6454 11.6916 14.1298 11.0653 9.07205 8.8152 8.19469 7.80584 7.59132 8.21381 7.34542 8.9178 7.98084 7.3009 8.89638 8.06137 9.2309 6.70337 7.97486 6.03168 6.40175 5.9417 5.77832 4.86742 4.86583
threshold=43.365000000000002 -1595.5828723194425 1546.770362776206 20.943177083333335 2594.4821050000005 115.20500000000001 7.9392361111111134 50466.187500000007 1.0000000180025095e-35 6669.4267913280246 0.28125000000000006 39.065000000000005 18.394166666666671 16.500000000000004 30029.083333333336 43179.937500000007 363.65000000000003 -46.534999999999989 15.500000000000002 -15496.915952787098 100.50000000000001 14.051041666666668 257.50000000000006 5.5000000000000009 6.3767361111111134 1.7025000000000001 18.335000000000004 37254.187500000007 6910.9069011364863 2.5000000000000004
decision_type=10 8 10 8 10 10 2 2 2 10 10 10 10 2 10 2 2 10 2 8 2 10 2 2 2 10 10 2 8 2
left_child=2 9 3 8 24 6 15 13 18 10 -2 -11 -10 14 -8 16 -3 -18 19 -1 21 -21 -22 -24 -5 -26 -9 -16 -6 -17
right_child=1 5 -4 4 28 -7 7 26 12 11 -12 -13 -14 -15 27 29 17 -19 -20 20 22 -23 23 -25 25 -27 -28 -29 -30 -31
leaf_value=-2.2488391519276045 -0.11900317020689438 0.42584435643294472 0.17289286148821051 -0.0020475205194283113 -0.11836886993572085 1.6165305272807498 0.17228718717702354 -0.60355378661311687 -0.29854177500034312 -0.25008144765209994 0.11469940857455245 -0.11055467032855731 -0.43976425002123215 0.076191474638877307 -1.0908328115284966 -0.4170101770019109 -0.56991393077234953 -0.19895119261934249 -0.035751598845956849 -0.13887236663572655 -0.091138544622669376 -0.12244350666691974 -0.18640287417216297 -0.084113303902427453 -0.16231668588562165 -0.1045320498249408 0.2102666844497216 -0.55915817372660237 -0.18376303419756737 0.57674219007274408
leaf_weight=77 129 2872 1137 1961 1969 13608 81 41 65 169 2445 999 57 204 41 69 61 333 515 193 938 129 88 114 116 1363 1166 298 437 9054
leaf_count=77 129 2872 1137 1961 1969 13608 81 41 65 169 2445 999 57 204 41 69 61 333 515 193 938 129 88 114 116 1363 1166 298 437 9054
internal_value=0.000838129 0.00180926 -0.00250906 -0.00308039 -0.00232632 0.00212778 0.001502 -0.000735262 -0.00510427 -0.000559444 0.000435728 -0.00275107 -0.0138537 -0.0043968 -0.00669834 0.00183269 0.00061157 -0.00361519 -0.0045781 -0.00561234 -0.00508134 -0.00926935 -0.00389132 -0.00883744 -0.00115083 -0.00259662 0.00115977 -0.00874412 -0.00400582 0.00226973
internal_weight=40729 31570 9159 8022 5846 27828 14220 1831 2176 3742 2574 1168 122 624 420 12389 3266 394 2054 1539 1462 322 1140 202 3440 1479 1207 339 2406 9123
internal_count=40729 31570 9159 8022 5846 27828 14220 1831 2176 3742 2574 1168 122 624 420 12389 3266 394 2054 1539 1462 322 1140 202 3440 1479 1207 339 2406 9123
is_linear=0
shrinkage=0.03


Tree=35
num_leaves=31
num_cat=0
split_feature=9 41 41 14 17 7 5 41 11 28 0 24 14 9 5 32 39 32 29 32 5 9 2 5 25 13 7 41 24 16
split_gain=144.474 23.8555 21.6165 16.7935 13.1384 13.0915 16.9946 11.0487 10.5278 10.0128 7.3161 7.167 7.95205 7.16557 7.26965 6.56944 7.45286 6.53676 7.40069 6.46042 6.11323 5.53539 6.48351 5.53105 5.45935 5.37841 5.34741 4.66323 4.47736 4.35134
threshold=43.365000000000002 -1671.8466823592569 -538.75169692148472 44.935000000000009 1918.6340750000002 8.2864583333333375 54656.250000000007 -16065.005134674457 74.93125000000002 36664.750000000007 14.500000000000002 1.7025000000000001 70.535000000000011 102.69500000000001 44202.437500000007 46.303750000000008 -49.177499999999988 3.4775000000000005 88.518750000000026 1.0000000180025095e-35 39056.250000000007 13.486250000000002 6.5000000000000009 44105.375000000007 34.287708333333342 -0.011249999999999998 8.8871527777777803 -15496.915952787098 0.28125000000000006 3159.8573899372191
decision_type=10 8 10 8 10 2 2 10 10 10 2 8 10 10 2 10 10 10 10 8 2 10 2 2 10 10 2 8 10 10
left_child=2 7 3 9 11 13 8 -2 20 23 21 12 -5 14 15 16 -3 -9 28 29 -7 -6 -23 26 -11 -25 -1 -13 -19 -4
right_child=1 5 19 4 10 6 -8 17 -10 24 -12 27 -14 -15 -16 -17 -18 18 -20 -21 -22 22 -24 25 -26 -27 -28 -29 -30 -31
leaf_value=-0.19354998314060526 -0.12202412805570523 -0.6998699298788521 -0.021327841017995942 -0.13041321128216982 -0.13486997574075979 -0.77098291185816126 0.46446282501821162 -0.2346406315436825 -0.16472598819316056 -0.038239292082975732 -0.084802261447295718 -0.11256661988412137 -0.11261789786938632 1.3306928034994008 0.52498136446658061 0.27325258029883442 -0.29351658305914752 -0.13150383430900311 0.096601732787281139 0.14952554833425208 -0.39541280972164988 -0.23462423539026805 -0.14299681706355979 -0.090489385662786553 -0.23845824487433298 -0.18580491496277446 -0.13117293600668656 -0.06345947525954819 -0.17282270809012223 -0.16479782283783004
leaf_weight=174 52 53 178 79 1088 47 1457 165 709 328 1168 46 265 14481 7413 2982 138 79 2512 1371 300 198 288 148 72 71 72 3408 846 110
leaf_count=174 52 53 178 79 1088 47 1457 165 709 328 1168 46 265 14481 7413 2982 138 79 2512 1371 300 198 288 148 72 71 72 3408 846 110
internal_value=0.000870096 0.00183775 -0.0024642 -0.00315757 -0.00263721 0.00213952 7.51791e-05 -0.000439945 -0.00282119 -0.0070843 -0.00421947 -0.00149408 -0.00561739 0.00234646 0.0017529 0.00055104 -0.00482812 -0.0002398 4.10123e-05 0.000630723 -0.00709483 -0.00555429 -0.00821766 -0.0100751 -0.00359102 -0.00655909 -0.013166 -0.00108191 -0.00225162 -0.00344637
internal_weight=40298 31234 9064 7405 6540 27580 2513 3654 1056 865 2742 3798 344 25067 10586 3173 191 3602 3437 1659 347 1574 486 465 400 219 246 3454 925 288
internal_count=40298 31234 9064 7405 6540 27580 2513 3654 1056 865 2742 3798 344 25067 10586 3173 191 3602 3437 1659 347 1574 486 465 400 219 246 3454 925 288
is_linear=0
shrinkage=0.03


Tree=36
num_leaves=31
num_cat=0
split_feature=24 17 12 7 5 0 4 14 41 1 24 7 16 24 4 0 5 7 12 4 30 41 14 23 0 7 10 41 12 25
split_gain=136.773 24.7309 23.5603 17.0456 16.6437 12.621 11.2345 10.4172 10.2053 9.38395 9.37212 9.26507 8.09693 8.43701 8.2552 7.61488 7.58042 10.9623 9.983 6.06485 5.58874 5.54352 5.47414 5.27592 5.05341 5.72788 4.93675 4.78962 7.12941 7.5785
threshold=45.955000000000005 3411.2167350000004 57.817291666666669 7.5434027777777795 41305.187500000007 14.500000000000002 2.5000000000000004 44.935000000000009 -1595.5828723194425 4.5000000000000009 4.4375000000000009 11.862847222222227 6434.9811605027671 2.7300000000000009 291.50000000000006 14.500000000000002 55331.250000000007 7.8107638888888911 46.149062500000007 263.50000000000006 93.483750000000015 3905.4187181298516 64.335000000000008 4.5000000000000009 5.5000000000000009 10.565972222222223 5.2025000000000015 -1510.5984735772361 41.885000000000005 47.685468750000005
decision_type=8 10 10 2 2 2 2 10 8 2 10 2 8 10 2 2 2 2 10 2 8 8 10 2 2 2 10 10 10 10
left_child=1 3 5 10 -5 7 -4 9 11 -2 22 -8 15 -14 -15 19 17 -9 -19 23 -10 -18 -1 -3 25 26 -6 28 29 -12
right_child=2 12 6 4 24 -7 8 16 20 -11 27 -13 13 14 -16 -17 21 18 -20 -21 -22 -23 -24 -25 -26 -27 -28 -29 -30 -31
leaf_value=-0.12445007535554604 -0.038022317605135636 -0.12618597578090657 -0.58498076124039589 -0.13526140425715635 -0.18787878815853393 0.17776748739316983 0.056763324482069215 -0.087159775888443897 0.46253645326903797 -0.1752662539783589 -0.064831816378494 -0.2533706024795328 -0.11165870985044382 -0.15933854305031217 -0.041879406457575478 -0.062550551365224361 -0.21823640953215065 -0.094733323418890694 -0.44200562584413905 0.076996999527528892 1.1261597466055926 0.43422694656791461 -0.099786651750052191 -0.35529652612080476 -0.041800722039621277 -0.25741395151974777 -0.1154109341755921 0.26171650378663408 0.13252432129558686 -0.39344469466832094
leaf_weight=153 61 992 74 261 60 2506 1942 1670 6406 57 1086 56 413 359 81 1085 78 162 130 144 17137 591 624 537 659 67 329 874 1738 82
leaf_count=153 61 992 74 261 60 2506 1942 1670 6406 57 1086 56 413 359 81 1085 78 162 130 144 17137 591 624 537 659 67 329 874 1738 82
internal_value=0.000810887 -0.00232771 0.00178128 -0.001136 -0.004061 -4.85159e-05 0.00215666 -0.001452 0.00219063 -0.0101345 -0.000252084 0.000132066 -0.00428488 -0.00683958 -0.00972789 -0.00349257 -0.00105889 -0.00199898 -0.00735154 -0.00476165 0.00236532 0.00169701 -0.00325064 -0.00531569 -0.00245968 -0.00488403 -0.00346923 0.000364983 -0.000220846 -0.00203251
internal_weight=40414 9544 30870 5933 1376 5255 25615 2749 25541 118 4557 1998 3611 853 440 2758 2631 1962 292 1673 23543 669 777 1529 1115 456 389 3780 2906 1168
internal_count=40414 9544 30870 5933 1376 5255 25615 2749 25541 118 4557 1998 3611 853 440 2758 2631 1962 292 1673 23543 669 777 1529 1115 456 389 3780 2906 1168
is_linear=0
shrinkage=0.03


Tree=37
num_leaves=31
num_cat=0
split_feature=9 9 7 7 5 17 5 17 4 18 5 4 5 7 23 11 15 31 34 11 17 27 5 5 17 4 32 18 15 11
split_gain=127.349 22.6372 17.4454 12.6399 16.2937 13.6455 11.4478 11.2856 10.5149 9.70495 8.22588 8.41159 7.77563 7.33932 7.25839 7.111 6.93992 6.46105 5.27457 5.13135 4.93797 4.87409 5.73032 4.8671 5.89021 4.48188 4.44495 5.01857 5.99428 5.28513
threshold=43.365000000000002 115.20500000000001 7.9392361111111134 6.3767361111111134 50578.187500000007 7889.58781 47504.500000000007 7290.4459649999999 134.50000000000003 1.5000000000000002 35601.625000000007 355.50000000000006 50050.312500000007 5.9531250000000027 3.5000000000000004 56.160000000000004 37.054635416666677 76.512500000000017 92.760000000000005 58.318750000000009 3242.5632900000005 35711.916666666672 36000.812500000007 63889.937500000007 1691.3514000000002 2.5000000000000004 86.085000000000022 1.0000000180025095e-35 57.482916666666675 59.82500000000001
decision_type=10 10 2 2 2 10 2 10 2 2 2 2 2 2 2 10 10 10 8 10 10 8 2 2 10 2 10 2 8 10
left_child=3 2 7 5 10 9 15 12 -7 -1 -5 18 13 26 -9 16 -4 21 -12 -15 -6 22 -11 24 -8 -14 27 -2 -29 -30
right_child=1 -3 6 4 20 8 23 14 -10 17 11 -13 25 19 -16 -17 -18 -19 -20 -21 -22 -23 -24 -25 -26 -27 -28 28 29 -31
leaf_value=0.03544533070152564 0.36617767876599483 1.4477060951740088 -0.11401970370102761 -0.12767628270728093 0.045041149000340064 -0.71134302875316169 -0.017792117973972867 -0.11064687443593035 -0.091190526306714342 -0.25020269654439342 -0.13096284403224581 -0.15450018916605923 -0.42283168981530034 -0.31163776451812475 -0.098644061954499332 -0.32216977295687327 -0.56579847212665069 0.040719186832923263 -0.08296456621098168 0.11001390055603083 -0.092071324517684891 -0.1105183517755068 -0.47959617094572121 0.47192752723329556 -0.44510978082842367 0.531049394590285 0.59742057647807834 0.078004671782076457 -0.48960056123913048 -0.19024730769173748
leaf_weight=2874 1444 13895 82 188 865 434 1193 451 1290 53 1331 75 64 620 160 388 129 294 698 1774 272 576 99 420 145 5589 4037 595 151 262
leaf_count=2874 1444 13895 82 188 865 434 1193 451 1290 53 1331 75 64 620 160 388 129 294 698 1774 272 576 99 420 145 5589 4037 595 151 262
internal_value=0.000887636 0.00179131 0.00107352 -0.00224785 -0.00368309 -0.00137164 -0.00132697 0.00144712 -0.00359304 -0.000387991 -0.00513912 -0.00459762 0.00161505 0.00106135 -0.00254412 -0.004905 -0.00932547 -0.00289736 -0.00422808 -0.000358246 -0.000746046 -0.00441152 -0.00917647 -0.000105742 -0.000990291 0.00248479 0.00158505 0.000577252 -0.00104658 -0.00381884
internal_weight=40448 31399 17504 9049 3429 5620 2357 15147 1724 3896 2292 2104 14536 8883 611 599 211 1022 2029 2394 1137 728 152 1758 1338 5653 6489 2452 1008 413
internal_count=40448 31399 17504 9049 3429 5620 2357 15147 1724 3896 2292 2104 14536 8883 611 599 211 1022 2029 2394 1137 728 152 1758 1338 5653 6489 2452 1008 413
is_linear=0
shrinkage=0.03


Tree=38
num_leaves=31
num_cat=0
split_feature=24 13 7 41 14 32 0 1 16 7 13 7 5 22 5 6 14 7 0 26 35 25 10 32 16 7 37 12 15 16
split_gain=111.063 31.0892 16.393 13.5125 12.631 10.223 8.47533 9.09211 10.0334 7.95494 6.76362 6.90488 9.29995 12.3323 7.82743 6.70816 9.41705 6.38577 6.74672 6.71188 7.24576 6.21804 6.18959 6.14326 6.08333 6.01209 5.98826 5.92909 6.13386 5.70345
threshold=34.795000000000009 35.105000000000011 6.9600694444444464 -1510.5984735772361 44.935000000000009 83.393750000000011 17.500000000000004 4.5000000000000009 5753.9148964972137 11.862847222222227 91.350000000000009 6.2170138888888911 53952.562500000007 1.0000000180025095e-35 34043.750000000007 13.641189427312776 36.056250000000013 6.3767361111111134 13.500000000000002 38345.467500000006 -13.343749999999991 4.0881250000000007 17.386250000000004 1.0000000180025095e-35 4712.6054067252426 8.8177083333333375 0.70000000000001006 46.85958333333334 46.534583333333345 2773.4400715901447
decision_type=8 10 2 10 10 10 2 2 8 2 10 2 2 2 2 2 10 2 2 10 10 10 10 10 10 2 10 10 10 10
left_child=3 2 6 5 -4 15 7 29 -9 22 11 -3 13 14 -13 16 21 -17 19 20 -19 -1 -6 -5 -18 -16 -27 28 -10 -2
right_child=1 10 4 23 9 -7 -8 8 27 -11 -12 12 -14 -15 25 17 24 18 -20 -21 -22 -23 -24 -25 -26 26 -28 -29 -30 -31
leaf_value=-0.044727447706854905 0.36159504873409054 0.57332099550721427 -0.12111994265351332 -0.080050563831340155 -0.3243919236826765 -0.029841462890905807 0.50095025846355801 0.047157822029778647 0.023804370066821443 -0.1893774070463457 1.5509874541999153 -1.5835799762364606 0.35452990842291643 -0.73493967094143575 0.19274838412722975 -0.12246931495235856 -0.021510633895336511 -0.24923627626153338 -0.11169276265974834 -0.10287665777946137 -0.37916379108025333 -0.1635673385452687 -0.041677529218272759 0.11499471444071482 -0.10604422038477963 -0.7657341945362327 0.071591421498499466 -0.15762751489861981 -0.49356095625824936 -0.085177814837731097
leaf_weight=65 2965 7586 173 265 236 1060 2617 520 47 121 10530 43 2085 59 1637 2342 1196 95 557 168 77 79 2376 1097 490 177 87 420 171 1073
leaf_count=65 2965 7586 173 265 236 1060 2617 520 47 121 10530 43 2085 59 1637 2342 1196 95 557 168 77 79 2376 1097 490 177 87 420 171 1073
internal_value=0.000906644 0.00165682 0.000329944 -0.00239015 -0.0015934 -0.0029907 0.00104543 0.000344045 -0.00199827 -0.001094 0.00229732 0.00179974 0.000805576 -0.000654191 -0.000240617 -0.00355089 -0.00209721 -0.0043713 -0.0065245 -0.00985337 -0.0140116 -0.00943448 -0.000743972 0.000312546 -0.00146532 4.8896e-05 -0.0041434 -0.00451643 -0.00852055 0.00101609
internal_weight=40414 32923 10719 7491 2906 6129 7813 5196 1158 2733 22204 11674 4088 2003 1944 5069 1830 3239 897 340 172 144 2612 1362 1686 1901 264 638 218 4038
internal_count=40414 32923 10719 7491 2906 6129 7813 5196 1158 2733 22204 11674 4088 2003 1944 5069 1830 3239 897 340 172 144 2612 1362 1686 1901 264 638 218 4038
is_linear=0
shrinkage=0.03


Tree=39
num_leaves=31
num_cat=0
split_feature=9 41 41 7 5 7 17 5 27 5 34 4 17 7 17 0 0 13 8 18 8 5 10 9 25 29 15 41 12 9
split_gain=118.107 26.6726 18.0887 12.6045 19.7259 10.6764 11.3458 9.01694 8.79046 9.75396 8.16041 7.63106 8.53837 7.61907 8.8493 7.63879 6.46899 6.16687 6.14984 5.51103 6.19998 5.17535 5.05391 4.77878 4.44831 4.33729 3.9862 3.95974 4.64322 3.91428
threshold=43.365000000000002 -1032.143771568273 1795.3679040402133 8.2864583333333375 50368.750000000007 6.258680555555558 1412.1186900000005 40456.250000000007 30029.083333333336 39350.937500000007 115.36500000000002 354.50000000000006 3962.6047500000009 6.4565972222222241 5113.9672900000014 14.500000000000002 13.500000000000002 5.080000000000001 367.16875000000005 1.0000000180025095e-35 363.65000000000003 50050.312500000007 49.035000000000004 -0.018749999999999999 72.179166666666688 109.01000000000001 110.43156250000001 -6976.7705369431287 20.943177083333335 74.421250000000015
decision_type=10 8 10 2 2 2 10 2 10 2 10 2 10 2 10 2 2 10 2 2 2 2 10 10 10 10 10 10 10 10
left_child=2 13 5 10 8 6 -1 25 -5 -10 19 12 -9 14 -2 -16 24 21 -11 -3 -21 -13 -15 -18 -8 27 -14 28 -7 -22
right_child=1 3 -4 4 -6 7 16 11 9 18 -12 17 26 22 15 -17 23 -19 -20 20 29 -23 -24 -25 -26 -27 -28 -29 -30 -31
leaf_value=-0.016959095870973075 0.16405319087612713 0.51696429489582052 0.16698428136051627 0.24757930329300276 0.32501183280302715 -0.13171882067372595 -0.17881457497643369 -0.064896425757097476 -1.2470997477510621 -0.28106861293795748 1.2461555086329068 -0.18068523351326021 -0.10143796488670261 -0.23547669453340833 -0.36876704748055911 0.012183658041945754 -0.50692982886989757 0.002451724633013545 -1.244273076875253 0.26325607316687066 -0.39149144218492743 -0.22868870175028558 -0.1095621609374197 -0.02509075056736703 -0.011101121669355613 0.052929483026990722 -0.11306424605633161 -0.058374530561819078 -0.1741051049059204 0.10644338896499402
leaf_weight=2313 2118 7291 1095 184 1814 212 1019 1659 77 420 14601 52 732 258 254 354 230 45 42 2419 249 54 1069 940 189 58 43 131 314 251
leaf_count=2313 2118 7291 1095 184 1814 212 1019 1659 77 420 14601 52 732 258 254 354 230 45 42 2419 249 54 1069 940 189 58 43 131 314 251
internal_value=0.000861515 0.00173311 -0.00215054 0.00206969 5.55557e-05 -0.00264602 -0.0017257 -0.00395335 -0.00413122 -0.00606111 0.00227563 -0.00312645 -0.00271786 -0.000537987 0.000369637 -0.00281773 -0.00318033 -0.00965132 -0.00439309 0.00162472 0.000522945 -0.0135701 -0.00240136 -0.00158839 -0.0047196 -0.00693436 -0.00531572 -0.00762766 -0.00878937 -0.00251497
internal_weight=40487 31401 9086 27348 2537 7991 4691 3300 723 539 24811 2585 2434 4053 2726 608 2378 151 462 10210 2919 106 1327 1170 1208 715 775 657 526 500
internal_count=40487 31401 9086 27348 2537 7991 4691 3300 723 539 24811 2585 2434 4053 2726 608 2378 151 462 10210 2919 106 1327 1170 1208 715 775 657 526 500
is_linear=0
shrinkage=0.03


Tree=40
num_leaves=31
num_cat=0
split_feature=24 8 7 5 41 12 41 12 0 10 7 6 0 1 8 12 7 24 13 15 7 15 4 4 37 32 37 4 38 33
split_gain=108.111 24.3042 19.1963 18.5354 18.1894 12.722 10.1594 9.85274 12.449 9.4865 9.48018 7.47218 8.75351 8.6851 8.14706 8.21588 7.23152 7.41593 8.27104 6.6414 6.28454 6.19634 5.37312 5.20451 5.13829 5.09499 4.82199 4.64402 4.65143 4.61166
threshold=58.595000000000006 265.50625000000008 7.5086805555555571 43376.250000000007 -1032.143771568273 41.885000000000005 -2772.7096387059278 59.353541666666672 6.5000000000000009 5.2025000000000015 8.5017361111111125 11.823568281938327 16.500000000000004 4.5000000000000009 604.07500000000016 40.963854166666671 5.8281250000000027 3.5550000000000002 6.4800000000000013 71.413958333333355 11.862847222222227 54.599375000000002 2.5000000000000004 354.50000000000006 -1.0000000180025095e-35 1.1050000000000002 0.31999999999999668 361.50000000000006 62.451250000000002 101.30250000000002
decision_type=8 2 2 2 8 10 10 10 2 10 2 2 2 2 2 10 2 10 10 10 2 10 2 2 10 10 10 2 10 10
left_child=1 2 5 29 20 6 26 8 10 -5 -6 -3 13 16 -15 -16 -13 -18 21 -17 25 -19 -9 -11 -25 -2 -1 28 -10 -4
right_child=4 11 3 9 7 -7 -8 22 27 23 -12 12 -14 14 15 19 17 18 -20 -21 -22 -23 -24 24 -26 -27 -28 -29 -30 -31
leaf_value=-0.087612578392565532 -0.20794019432658023 0.015662040604172422 -0.12380220786118777 -0.21473762763526033 -0.12405353012374472 0.28417525336752886 0.087428922253926886 -0.54516020152032507 0.30407152986042485 -0.017490559993547327 -0.53688835210911623 -0.086989972634576723 -0.022044111955687111 -0.20813321097485976 -2.3971335626388806 -0.23731372423292063 -0.039177203777562938 -0.12755363428343486 -0.28818353307438893 -0.35544525751818118 -0.17334888313951294 -0.1350087701779184 0.79990726597025341 -0.10298060785743492 -0.29836681646683666 0.025321293511518943 -0.15969543112879039 -0.24650436032761133 -0.59027405549347722 -0.12383241331651632
leaf_weight=1389 154 453 182 104 388 3110 1021 53 2357 1192 72 1511 723 873 132 259 297 92 224 84 76 148 22324 55 42 2820 113 41 107 195
leaf_count=1389 154 453 182 104 388 3110 1021 53 2357 1192 72 1511 723 873 132 259 297 92 224 84 76 148 22324 55 42 2820 113 41 107 195
internal_value=0.000908381 -0.00145352 -0.000375608 -0.00309994 0.00192322 0.000480831 -0.00110182 0.00218664 0.000561362 -0.0015 -0.00396963 -0.00311695 -0.00349931 -0.00410108 -0.0060089 -0.00917017 -0.002967 -0.00535039 -0.00771613 -0.00668895 -0.000265487 -0.0115768 0.00240196 -0.000793023 -0.00743878 -4.63864e-05 -0.00267066 0.00139465 0.00156268 -0.00899206
internal_weight=40591 12199 7403 1770 28392 5633 2523 25342 2965 1393 460 4796 4343 3620 1348 475 2272 761 464 343 3050 240 22377 1289 97 2974 1502 2505 2464 377
internal_count=40591 12199 7403 1770 28392 5633 2523 25342 2965 1393 460 4796 4343 3620 1348 475 2272 761 464 343 3050 240 22377 1289 97 2974 1502 2505 2464 377
is_linear=0
shrinkage=0.03


Tree=41
num_leaves=31
num_cat=0
split_feature=24 17 13 28 7 32 5 1 16 24 10 18 30 13 7 5 24 1 0 34 24 4 25 13 36 4 4 0 2 16
split_gain=99.2046 21.5276 17.9491 16.0371 19.8737 9.31583 8.5785 8.16591 8.04499 15.5203 6.96525 6.89016 6.9751 6.6336 6.92904 7.42776 6.245 6.09377 9.51292 8.41161 5.79111 5.59665 5.17384 5.03595 5.25012 4.95978 4.90733 4.67981 4.87763 4.64074
threshold=55.003750000000004 5341.8720250000006 21.085000000000004 40636.297031250004 6.5052083333333348 10.001250000000001 42451.000000000007 1.5000000000000002 3121.2766701715832 3.5550000000000002 -0.51624999999999988 1.0000000180025095e-35 -0.59874999999999989 91.350000000000009 8.9531250000000018 56656.250000000007 -0.51624999999999988 4.5000000000000009 17.500000000000004 66.965000000000018 5.2175000000000002 86.500000000000014 71.722916666666677 14.911250000000003 -0.82999999999999108 2.5000000000000004 136.50000000000003 6.5000000000000009 3.5000000000000004 4817.2224583123416
decision_type=8 10 10 10 2 10 2 2 8 10 10 2 10 10 2 2 10 2 2 10 10 2 10 10 10 2 2 2 2 8
left_child=1 3 5 4 20 7 -6 -2 11 16 -11 -3 26 14 25 -16 -10 22 19 -19 -1 -9 27 -14 -25 -4 -13 28 -7 -23
right_child=2 8 13 -5 6 17 -8 21 9 10 -12 12 23 -15 15 -17 -18 18 -20 -21 -22 29 -24 24 -26 -27 -28 -29 -30 -31
leaf_value=-0.13153613160636438 0.038298535621008954 -0.029434547048701496 -0.41811715934237903 0.092262748498767949 -0.16180519432780219 -0.27369928967867507 -0.12662320535654942 -0.068089051973985681 -0.89452369089342432 -0.21979710149350759 -0.13095850700227757 -6.6721391115160928 -0.033350901890292342 1.4560094939976578 -0.50887774130581831 0.32264309024663396 -0.0092078773265431759 -0.41824104475536333 0.19627207826334639 -0.13498796700861743 0.014079278964413876 -0.010152562031762501 0.69665331296224231 -0.070839157946693071 -0.1902879102507887 0.52119276504528278 -0.59260704115028451 0.19007734431335929 -0.15288047135747382 -0.51325261677262135
leaf_weight=721 443 1082 76 3369 587 44 920 204 149 55 668 52 394 10452 329 375 547 110 703 720 2515 54 2320 116 63 10839 110 1725 372 171
leaf_count=721 443 1082 76 3369 587 44 920 204 149 55 668 52 394 10452 329 375 547 110 703 720 2515 54 2320 116 63 10839 110 1725 372 171
internal_value=0.000938664 -0.00143854 0.00187093 -0.00061309 -0.00173714 0.000531236 -0.00458156 -0.00236426 -0.00350695 -0.0051993 -0.00827486 -0.00218317 -0.00442255 0.00228765 0.00179406 -0.00108936 -0.00199713 0.000952794 -0.000678618 -0.00285199 -0.000411492 -0.0053093 0.00151345 -0.00285888 -0.00701667 0.00198012 -0.00990184 0.00044958 -0.00240288 -0.00856195
internal_weight=40285 11348 28937 8112 4743 6866 1507 872 3236 1419 723 1817 735 22071 11619 704 696 5994 1533 830 3236 429 4461 573 179 10915 162 2141 416 225
internal_count=40285 11348 28937 8112 4743 6866 1507 872 3236 1419 723 1817 735 22071 11619 704 696 5994 1533 830 3236 429 4461 573 179 10915 162 2141 416 225
is_linear=0
shrinkage=0.03


Tree=42
num_leaves=31
num_cat=0
split_feature=24 5 13 41 18 12 0 12 13 13 8 41 4 28 14 29 25 23 29 8 5 32 15 13 11 13 14 41 25 6
split_gain=96.689 21.5957 17.704 15.2293 13.7165 12.8768 11.5047 10.1756 9.57613 9.39752 9.09356 8.67704 8.36481 8.97692 7.08943 6.46522 6.39211 9.65288 6.23732 6.08988 5.89214 5.41034 11.3607 5.32613 5.30783 5.17361 9.00766 5.10484 4.89705 5.98307
threshold=58.595000000000006 55506.250000000007 68.936250000000015 -2630.1199087821474 1.0000000180025095e-35 41.885000000000005 17.500000000000004 36.013958333333342 2.7200000000000002 3.5600000000000005 153.73125000000002 -1032.143771568273 263.50000000000006 40849.149531250012 93.020000000000024 22.757500000000004 71.722916666666677 6.5000000000000009 -32.086249999999993 272.11250000000007 37701.562500000007 4.1625000000000005 171.18250000000003 63.225000000000009 -0.018749999999999999 24.625000000000004 82.641250000000014 -459.0463273828754 46.534583333333345 16.761453744493398
decision_type=8 2 10 10 2 10 2 10 10 10 2 8 2 10 10 10 10 2 10 2 2 8 10 10 10 10 10 8 10 2
left_child=1 3 4 5 11 7 19 8 12 -9 -7 -2 24 20 -11 -12 25 -18 -5 -6 -14 22 -4 -19 -1 26 -17 -3 -26 -30
right_child=2 27 21 18 6 10 -8 9 -10 14 15 -13 13 -15 -16 16 17 23 -20 -21 -22 -23 -24 -25 28 -27 -28 -29 29 -31
leaf_value=-0.95886055902900313 -0.020794534697157877 -0.10499136945454519 0.19727250357524376 -0.12154082486024857 -0.13068526267194333 0.0008565326251862087 0.22042544548403403 -0.22107267907605582 0.027457734871662583 -0.23109990606867506 0.0053130091802709497 0.52318698478196723 -0.13903722137944086 0.20208960459209624 -0.38980571507680173 -0.80074121346147809 -0.19717095458508355 -0.76463287427034687 0.041372480244649408 -0.44304537614221201 -0.14093531218256664 1.0503706711340484 -1.246969302167791 -0.25159784844490535 -0.067567762326505992 -0.022602920237793415 -0.10151897577489062 0.3364568197795062 -0.22423946308686615 -0.096262603156772458
leaf_weight=311 1728 185 176 46 1681 2176 1333 335 446 132 586 8786 42 47 41 50 225 85 2192 233 175 14377 42 82 1788 669 729 1602 85 151
leaf_count=311 1728 185 176 46 1681 2176 1333 335 446 132 586 8786 42 47 41 50 225 85 2192 233 175 14377 42 82 1788 669 729 1602 85 151
internal_value=0.000912944 -0.00132255 0.00187319 -0.00184635 0.00110108 -0.00244789 -0.00060314 -0.00380445 -0.00314675 -0.00773281 -0.00139996 0.00162739 -0.00384346 -0.00889811 -0.0133966 -0.00266255 -0.00353612 -0.0069313 0.00034569 -0.00209295 -0.0114633 0.00260106 -0.00208219 -0.012375 -0.00326841 -0.00261284 -0.00427308 0.00172315 -0.00270519 -0.00675949
internal_weight=40536 12180 28356 10393 13761 8155 3247 3553 3045 508 4602 10514 2599 264 173 2426 1840 392 2238 1914 217 14595 218 167 2335 1448 779 1787 2024 236
internal_count=40536 12180 28356 10393 13761 8155 3247 3553 3045 508 4602 10514 2599 264 173 2426 1840 392 2238 1914 217 14595 218 167 2335 1448 779 1787 2024 236
is_linear=0
shrinkage=0.03


Tree=43
num_leaves=31
num_cat=0
split_feature=9 9 24 5 32 1 26 11 16 16 32 14 4 4 16 13 32 29 14 5 14 34 0 0 6 17 5 4 8 0
split_gain=95.0717 21.562 13.16 10.3162 10.8236 9.43554 9.3706 8.75293 8.3826 7.49451 6.68156 6.49598 6.36645 6.30969 6.21431 6.00093 5.84568 5.7287 5.67515 6.02014 5.62753 5.97731 5.58737 4.70375 4.64128 4.468 4.26145 5.76968 5.15241 4.48782
threshold=49.865000000000002 124.36500000000002 21.393750000000004 54962.937500000007 33.272500000000008 2.5000000000000004 39442.638750000006 63.522500000000008 4561.2467526248802 12524.676816973219 31.990000000000006 44.935000000000009 317.50000000000006 2.5000000000000004 3022.8214322106674 5.080000000000001 -1.0000000180025095e-35 18.468750000000004 84.785000000000011 40906.250000000007 100.25500000000001 73.015000000000015 16.500000000000004 18.500000000000004 13.28876651982379 7889.58781 42202.750000000007 270.50000000000006 533.68750000000011 15.500000000000002
decision_type=10 10 8 2 10 2 8 10 8 10 10 8 2 2 8 10 8 10 10 2 10 10 2 2 2 10 2 2 2 2
left_child=2 3 20 4 12 16 8 14 -7 13 -11 22 -2 -5 -6 18 -4 -10 19 -16 21 26 -8 -19 -22 -18 27 28 -1 -30
right_child=1 -3 5 9 7 6 11 -9 17 10 -12 -13 -14 -15 15 -17 25 23 -20 -21 24 -23 -24 -25 -26 -27 -28 -29 29 -31
leaf_value=-0.12083778096534901 -0.14749051769689336 1.5506090489190014 -0.12840623648931737 -0.43669872200092841 0.21935209617483431 -0.042796986558943026 -0.16322772221161019 0.35544307621228233 -0.072078126415399416 -0.5905668416484896 -0.064255372829621238 -0.005149285841244881 -0.7365210691913483 0.4783428562033441 -0.46669777265725548 -0.041743065199426624 0.13087649196269432 -0.34897635599851229 -0.15382408504225331 -0.29557792516412823 0.11343810825064544 -0.057715651139496428 -0.0019519916046473289 0.033382084079095702 -0.070241437730925879 -0.12804177242495113 -0.097078729503910999 -0.15826795071028754 -1.7348987522489427 -0.12426501392895739
leaf_weight=474 1005 12420 180 47 1392 386 76 7772 171 40 206 1756 61 4803 48 1936 2611 354 341 80 393 1123 69 51 1378 217 958 49 152 69
leaf_count=474 1005 12420 180 47 1392 386 76 7772 171 40 206 1756 61 4803 48 1936 2611 354 341 80 393 1123 69 51 1378 217 958 49 152 69
internal_value=0.000934883 0.00179003 -0.00152837 0.00111849 0.000658832 -0.000587023 -0.00181948 0.000925411 -0.00423053 0.0022578 -0.00284211 -0.000597792 -0.00223243 0.00251701 -0.000255134 -0.0011783 0.000586241 -0.00651993 -0.00421915 -0.0095814 -0.00273048 -0.00356157 -0.00667808 -0.00846059 -0.0014035 0.000920467 -0.00468233 -0.00638658 -0.0056681 -0.00944595
internal_weight=40618 30151 10467 17731 12635 5871 2863 11569 962 5096 246 1901 1066 4850 3797 2405 3008 576 469 128 4596 2825 145 405 1771 2828 1702 744 695 221
internal_count=40618 30151 10467 17731 12635 5871 2863 11569 962 5096 246 1901 1066 4850 3797 2405 3008 576 469 128 4596 2825 145 405 1771 2828 1702 744 695 221
is_linear=0
shrinkage=0.03


Tree=44
num_leaves=31
num_cat=0
split_feature=9 41 41 13 7 5 7 16 39 32 17 17 30 18 0 22 35 6 39 27 27 10 0 14 0 5 24 7 32 6
split_gain=91.349 22.7043 12.3556 11.7136 10.8771 16.433 10.6308 10.3685 9.06882 8.41221 7.86635 6.84612 6.76142 6.65887 6.92005 6.09037 6.40153 6.0186 10.7291 5.88905 5.68115 5.11508 4.88875 4.87932 5.0935 5.39537 4.08962 4.05465 4.04972 3.99295
threshold=49.035000000000004 -1.0000000180025095e-35 1546.770362776206 89.570000000000007 7.5781250000000009 44005.562500000007 5.8697916666666687 6503.9519211710494 -36.614999999999988 4.5525000000000011 298.30722000000009 8134.7774350000009 57.605000000000011 1.0000000180025095e-35 17.500000000000004 1.0000000180025095e-35 -0.71749999999999747 11.663656387665201 -35.449999999999989 40999.333333333336 30029.083333333336 39.992500000000014 14.500000000000002 117.40500000000002 5.5000000000000009 51806.250000000007 10.450000000000001 6.7690972222222241 -0.12124999999999998 13.641189427312776
decision_type=10 8 10 10 2 2 2 10 8 10 10 10 10 2 2 2 10 2 10 10 10 10 2 10 2 2 10 2 8 2
left_child=2 7 6 4 13 20 10 11 12 -9 -1 -2 23 -3 17 -7 -17 -15 19 -19 -6 -11 -12 24 27 -26 -13 -8 -4 -10
right_child=1 3 28 -5 5 15 8 9 29 21 22 26 -14 14 -16 16 -18 18 -20 -21 -22 -23 -24 -25 25 -27 -28 -29 -30 -31
leaf_value=0.02377920087637949 0.16055971569802038 0.58950802341902697 -0.093172503085293484 1.3447545154316483 0.10201532763565339 0.21462576605561501 -0.061124379370485843 -0.35475860973060647 0.095092207694016953 -0.25638026244019652 -0.12132687792680648 -0.069964878289179952 -0.06822232009554792 0.2866895508991566 0.69467314857215734 0.020831565586718739 -0.64010254204866668 -0.73782591374911044 -0.0016202751668813636 0.52568562770571703 -0.69661526823949071 -0.086073333031773086 -0.012876157217946237 -0.061073081531537912 -0.15385102798448541 -0.032434572397967959 -0.29373365405515883 -0.13177776968176552 0.22986721783429767 -0.21338800802134378
leaf_weight=2286 2592 9358 112 10746 78 2010 161 122 628 143 1452 89 1383 937 1074 62 45 252 1072 50 290 1066 836 333 980 291 271 425 1159 148
leaf_count=2286 2592 9358 112 10746 78 2010 161 122 628 143 1452 89 1383 937 1074 62 45 252 1072 50 290 1066 836 333 980 291 271 425 1159 148
internal_value=0.000918199 0.00174569 -0.00153781 0.00207938 0.00154403 -0.00027152 -0.00193198 -0.000278011 -0.00299379 -0.00247523 -0.000921967 0.000713173 -0.00363206 0.00189807 0.000757531 0.000746459 -0.00619444 -0.000167387 -0.00143127 -0.00641584 -0.00611382 -0.00171322 -0.00216514 -0.0046691 -0.00526857 -0.00419575 -0.00315789 -0.00758433 0.00122877 -5.40539e-05
internal_weight=40451 30257 10194 25974 15228 2485 8923 4283 4349 1331 4574 2952 3573 12743 3385 2117 107 2311 1374 302 368 1209 2288 2190 1857 1271 360 586 1271 776
internal_count=40451 30257 10194 25974 15228 2485 8923 4283 4349 1331 4574 2952 3573 12743 3385 2117 107 2311 1374 302 368 1209 2288 2190 1857 1271 360 586 1271 776
is_linear=0
shrinkage=0.03


Tree=45
num_leaves=31
num_cat=0
split_feature=24 24 7 17 7 5 5 7 0 0 32 4 6 4 41 6 1 5 32 39 0 7 14 11 4 14 8 7 5 4
split_gain=84.2184 22.6144 19.4631 12.7591 10.8461 10.4703 8.16997 8.59139 7.66825 7.11799 6.49337 6.89099 6.43257 6.09839 5.75723 5.68094 6.059 5.67055 5.32493 5.04239 4.99432 4.42474 6.18959 5.96791 4.34472 4.31073 5.3469 4.00978 4.75941 4.98084
threshold=44.305000000000007 117.19250000000001 7.7343750000000009 3411.2167350000004 7.5086805555555571 57001.187500000007 51689.000000000007 5.7656250000000018 5.5000000000000009 14.500000000000002 8.6300000000000008 347.50000000000006 20.063656387665205 343.50000000000006 -1181.6028620832619 13.377753303964758 5.5000000000000009 50154.875000000007 35.135000000000012 -17.345000000000002 14.500000000000002 10.368055555555559 91.975000000000009 52.585000000000008 60.500000000000007 99.955000000000013 75.737500000000011 5.4079861111111134 45612.750000000007 122.50000000000001
decision_type=8 10 2 10 2 2 2 2 2 2 8 2 2 2 8 2 2 2 10 10 2 2 10 10 2 10 2 2 2 2
left_child=3 2 6 4 17 9 7 -2 19 15 11 -3 -10 -9 18 -4 -17 25 -7 21 27 22 24 -23 -6 -1 -27 28 29 -5
right_child=1 10 5 20 8 14 -8 13 12 -11 -12 -13 -14 -15 -16 16 -18 -19 -20 -21 -22 23 -24 -25 -26 26 -28 -29 -30 -31
leaf_value=-0.071822080232106539 0.30982828931167045 0.0025405256800266015 -0.22364247952948141 -2.7905222781767312 -0.20879959261484113 -0.39023387571753904 0.42428130468195785 -0.018040028487697733 -0.017508768338184856 -0.033427996376516909 1.3431262832790951 -0.6993937824573413 -0.51241183435574533 -0.68431089169026127 0.26145305284331249 -0.6361686391954906 -0.63346776021317186 0.3147638590245313 -0.06678277575010845 0.038915281835093796 -0.06288615679952915 -0.082231443531511447 -0.023719585927815021 -0.23017756839609124 -0.079763755980959042 0.24549849661221454 -0.11660839580683145 -0.14269365408114626 -0.057638045824820676 -0.13745687063298243
leaf_weight=1883 6824 206 668 79 72 45 4931 3021 658 768 13387 42 40 53 908 245 51 899 132 91 1419 42 149 42 221 1047 504 781 846 452
leaf_count=1883 6824 206 668 79 72 45 4931 3021 658 768 13387 42 40 53 908 245 51 899 132 91 1419 42 149 42 221 1047 504 781 846 452
internal_value=0.00094991 0.00169276 0.000983623 -0.00156894 -0.000680828 -0.00130199 0.00141787 0.000920699 -0.00306611 -0.00274899 0.00261037 -0.00219277 -0.000909871 -0.000396097 0.00100829 -0.00446425 -0.00791919 4.36088e-05 -0.00392697 -0.0055 -0.00297065 -0.00662619 -0.00540406 -0.0129176 -0.00792857 -0.00051179 0.00065915 -0.00387957 -0.00290203 -0.00512594
internal_weight=40506 31281 17646 9225 5648 2817 14829 9898 1315 1732 13635 248 698 3074 1085 964 296 4333 177 617 3577 526 442 84 293 3434 1551 2158 1377 531
internal_count=40506 31281 17646 9225 5648 2817 14829 9898 1315 1732 13635 248 698 3074 1085 964 296 4333 177 617 3577 526 442 84 293 3434 1551 2158 1377 531
is_linear=0
shrinkage=0.03


Tree=46
num_leaves=31
num_cat=0
split_feature=24 9 7 5 17 7 4 0 6 5 16 24 17 39 41 41 7 12 15 10 0 24 4 32 8 16 12 0 17 1
split_gain=83.4637 23.1773 15.0334 11.4227 11.3797 10.0824 9.21814 8.61655 7.87596 7.5348 7.46674 9.79944 9.9821 6.39594 7.30663 6.00882 5.46749 7.08421 6.26548 5.73054 4.97818 4.48509 4.44922 4.38648 4.27798 4.35449 4.27678 4.20312 4.63362 4.21603
threshold=44.305000000000007 116.29375000000002 6.9600694444444464 57001.187500000007 1918.6340750000002 6.6840277777777803 357.50000000000006 5.5000000000000009 21.056828193832605 34043.750000000007 3356.5495781531386 3.5550000000000002 7658.3527800000002 -26.078749999999996 2085.5380311440317 1100.4443608949407 10.368055555555559 45.749375000000008 76.344375000000014 5.2025000000000015 11.500000000000002 2.7300000000000009 186.50000000000003 -1.0000000180025095e-35 796.16875000000016 2635.0158963245108 87.752083333333346 14.500000000000002 4449.6181450000013 3.5000000000000004
decision_type=8 10 2 2 10 2 2 2 2 2 8 10 10 10 10 8 2 10 10 10 2 10 2 10 2 8 10 2 10 2
left_child=4 2 13 6 5 21 9 16 -9 -4 -6 -12 20 14 24 -5 17 19 -18 -7 -13 -1 -14 -11 25 -2 27 28 29 -27
right_child=1 -3 3 15 10 7 -8 8 -10 23 11 12 22 -15 -16 -17 18 -19 -20 -21 -22 -23 -24 -25 -26 26 -28 -29 -30 -31
leaf_value=-0.09951179962961329 0.26636551863712077 1.2370261185625333 -0.90550134241738878 -0.15942793275755759 -0.069391878680843122 -0.15687539062734154 -0.54691856016609175 0.012054639788036114 -0.55511893964067394 -0.3111003441579237 -0.069659952404231118 -0.20289481647585147 -0.11891330126058125 0.44507519625561348 0.62314967752997419 0.34527293484521443 -0.041715748807721595 -0.035804516379693938 -0.21817745785422568 -0.089302921057640594 -0.073048202578480631 0.052686606377290321 -0.076642136363215291 -0.083252505123668802 -0.44470591974738322 -0.0079309859598980046 0.43526119300531135 0.10725656825957371 -0.45329660154622259 -0.2354060955708866
leaf_weight=501 1283 13710 45 309 2178 90 95 885 43 62 758 204 224 6429 1550 1290 48 377 43 400 380 2987 126 2708 45 1017 1132 996 94 641
leaf_count=501 1283 13710 45 309 2178 90 95 885 43 62 758 204 224 6429 1550 1290 48 377 43 400 380 2987 126 2708 45 1017 1132 996 94 641
internal_value=0.000955696 0.00169319 0.000975759 -0.000519512 -0.00154981 -0.000656372 -0.00163861 -0.00242289 -0.000361679 -0.00132635 -0.00278998 -0.0042847 -0.00634011 0.00148703 0.000842432 0.00151688 -0.0044171 -0.00367396 -0.0113804 -0.00604888 -0.0039282 0.000299226 -0.0103419 -0.00112595 0.000304089 0.000385167 -0.000115949 -0.000755184 -0.00163948 -0.00126944
internal_weight=40650 31406 17696 4509 9244 5374 2910 1886 928 2815 3870 1692 934 13187 6758 1599 958 867 91 490 584 3488 350 2770 5208 5163 3880 2748 1752 1658
internal_count=40650 31406 17696 4509 9244 5374 2910 1886 928 2815 3870 1692 934 13187 6758 1599 958 867 91 490 584 3488 350 2770 5208 5163 3880 2748 1752 1658
is_linear=0
shrinkage=0.03


Tree=47
num_leaves=31
num_cat=0
split_feature=9 24 9 32 5 4 16 16 1 4 34 5 11 15 16 32 17 23 39 40 4 16 8 13 13 4 6 29 0 14
split_gain=79.0614 20.5815 12.2536 12.1941 12.0161 8.5668 7.24725 7.22469 7.05336 7.58265 8.51013 6.69303 6.80618 9.50351 5.83207 5.61748 5.56134 5.45525 5.58284 5.29451 5.19971 5.15901 4.46219 4.67486 4.8682 4.23036 4.15556 3.81352 3.74372 4.77889
threshold=70.622500000000016 22.506250000000005 130.06500000000003 -0.0087499999999999991 56656.250000000007 2.5000000000000004 2871.2641197764674 12524.676816973219 2.5000000000000004 130.50000000000003 80.725000000000009 54810.625000000007 62.175000000000004 71.413958333333355 4457.0597075892501 37.715000000000011 3962.6047500000009 6.5000000000000009 -19.347499999999993 -1.3749999999999998 359.50000000000006 3282.8236341293073 188.73125000000002 14.911250000000003 30.360000000000003 142.50000000000003 6.5592511013215873 22.757500000000004 15.500000000000002 70.535000000000011
decision_type=10 8 10 8 2 2 8 10 2 2 10 2 10 10 8 10 10 2 10 10 2 8 2 10 10 2 2 10 2 10
left_child=1 21 5 14 6 -2 -5 11 16 -10 19 12 13 -7 -3 -9 -8 -15 -19 25 -14 22 -1 -24 -25 -11 -23 -16 29 -28
right_child=2 3 -4 4 -6 7 8 15 9 10 -12 -13 20 17 27 -17 -18 18 -20 -21 -22 26 23 24 -26 -27 28 -29 -30 -31
leaf_value=0.080949954170712865 -0.56475855943962261 -0.061062591659021989 1.5561965963676105 0.1366341571787526 0.27773768486805345 0.076488353250671839 0.081874093970894082 -0.5386438096540721 -0.017036296904197314 -0.45540182247611821 -0.055989937881420197 0.59206223944592851 0.44649243256431531 -0.5004101329938343 -0.29582193851732974 -0.10511113889872128 -0.15251694721676667 -0.78636315685262781 -0.047991369397602311 -0.24542398474903218 -0.53578050229452234 0.1234517372267783 -0.066790374784384821 -0.25556496670966811 -0.020769703480167011 -0.3244361187404991 -0.10519815939926022 -0.32364163727923995 -0.037364502826387841 -0.076005113742043787
leaf_weight=592 60 134 11784 1948 2175 1996 2413 42 1532 62 759 3635 7013 277 54 276 255 78 40 234 68 158 1346 64 89 550 954 111 549 1379
leaf_count=592 60 134 11784 1948 2175 1996 2413 42 1532 62 759 3635 7013 277 54 276 255 78 40 234 68 158 1346 64 89 550 954 111 549 1379
internal_value=0.000968569 -0.000728954 0.00200028 4.89833e-05 0.000229026 0.00138254 -0.000323833 0.00143341 -0.00085515 -0.00181931 -0.00325965 0.00154188 0.00112171 -0.000262124 -0.00591 -0.00302821 0.000278756 -0.00450758 -0.00988235 -0.00532704 0.00158896 -0.00227923 -0.00113145 -0.002002 -0.00695455 -0.00679282 -0.00306807 -0.00966867 -0.00332778 -0.00385218
internal_weight=40627 15358 25269 10227 9928 13485 7753 13425 5805 3137 1605 13107 9472 2391 299 318 2668 395 118 846 7081 5131 2091 1499 153 612 3040 165 2882 2333
internal_count=40627 15358 25269 10227 9928 13485 7753 13425 5805 3137 1605 13107 9472 2391 299 318 2668 395 118 846 7081 5131 2091 1499 153 612 3040 165 2882 2333
is_linear=0
shrinkage=0.03


Tree=48
num_leaves=31
num_cat=0
split_feature=9 6 9 7 0 7 17 18 28 4 4 37 26 35 11 15 41 18 13 14 0 2 16 32 8 6 0 28 29 41
split_gain=75.3201 17.1842 13.074 13.9873 12.2184 15.383 9.9696 8.62969 7.22968 6.88321 6.3389 5.92805 5.8995 6.28493 5.79027 5.27892 7.21915 5.25872 6.47313 5.21257 5.26022 5.34481 4.65433 4.59627 4.6577 4.47346 4.51802 8.38877 4.18259 4.09962
threshold=67.471250000000012 7.8612334801762138 155.05000000000004 7.5434027777777795 16.500000000000004 6.4045138888888902 3158.2068800000002 1.5000000000000002 31710.625000000004 354.50000000000006 122.50000000000001 0.31999999999999668 37610.973750000012 -24.260000000000019 63.522500000000008 71.413958333333355 -4115.4928830555755 1.0000000180025095e-35 59.002500000000005 124.77875000000002 10.500000000000002 4.5000000000000009 16442.064457168406 4.1625000000000005 17.006250000000005 10.8352422907489 6.5000000000000009 38401.22187500001 28.898750000000003 1546.770362776206
decision_type=10 2 10 2 2 2 10 2 10 2 2 10 10 10 8 10 8 2 10 10 2 2 10 10 2 2 2 10 10 10
left_child=1 -1 3 14 5 6 7 -3 -9 12 29 28 13 -7 15 -2 -17 23 19 20 21 -19 -14 24 -5 -25 27 -27 -11 -8
right_child=2 4 -4 17 -6 9 10 8 -10 11 -12 -13 22 -15 -16 16 -18 18 -20 -21 -22 -23 -24 25 -26 26 -28 -29 -30 -31
leaf_value=0.21345119450429204 0.22798935946301324 0.088628710942672301 2.2472042758000965 -0.54290106293674634 0.046213547772828392 -0.18162493579551089 -0.43954702878505469 -0.56533675105956471 -0.087019676439368698 0.027414317481480273 -0.061665835161165229 -0.26163577833566709 -0.068165050799598559 -0.14718792524372162 0.58238681203818887 -0.4409415872770604 -0.12101759138001876 -0.073366624868912378 0.0976572024885035 -0.62502243323468121 0.079806784561249386 -0.56363622992272533 -0.082291134228503163 0.39892459419729204 -0.0019471209226577973 -0.42520571925031259 0.0064969815107863479 -1.3036055092761367 -0.25517559959126529 0.086099948317243089
leaf_weight=2138 2730 3186 9144 44 2467 408 453 71 816 46 2051 41 1845 762 10789 61 508 54 319 185 168 51 82 918 62 97 658 41 62 96
leaf_count=2138 2730 3186 9144 44 2467 408 453 71 816 46 2051 41 1845 762 10789 61 508 54 319 185 168 51 82 918 62 97 658 41 62 96
internal_value=0.000981538 -0.00074685 0.00195343 0.00145361 -0.00117559 -0.00164546 -0.000821246 0.000105302 -0.00251013 -0.00333908 -0.0022722 -0.00962 -0.00303389 -0.00471392 0.00182653 0.000726364 -0.0019 -0.000569284 -0.00263368 -0.00491503 -0.00226642 -0.0075 -0.00201193 0.000313015 -0.00571963 0.000689213 -0.000956085 -0.0058705 -0.00583486 -0.00513273
internal_weight=40353 14524 25829 16685 12386 9919 6673 4073 887 3246 2600 149 3097 1170 14088 3299 569 2597 777 458 273 105 1927 1820 106 1714 796 138 108 549
internal_count=40353 14524 25829 16685 12386 9919 6673 4073 887 3246 2600 149 3097 1170 14088 3299 569 2597 777 458 273 105 1927 1820 106 1714 796 138 108 549
is_linear=0
shrinkage=0.03


Tree=49
num_leaves=31
num_cat=0
split_feature=13 0 14 24 7 5 5 4 1 40 17 32 23 9 5 7 0 13 27 13 27 14 14 7 7 25 25 26 17 4
split_gain=71.1071 23.9757 20.6786 12.5143 9.41022 10.9757 9.40699 8.93061 8.79534 9.54667 8.78893 8.77376 8.32349 7.03363 6.67681 6.50501 6.4355 6.03733 6.11872 5.507 4.81695 4.77977 4.6883 4.65411 4.6465 4.45241 7.47286 5.61626 4.58103 4.42306
threshold=26.765000000000004 17.500000000000004 100.25500000000001 118.24875000000002 8.5017361111111125 58115.937500000007 59563.500000000007 2.5000000000000004 1.0000000180025095e-35 -27.050000000000001 6284.6333650000006 3.4775000000000005 4.5000000000000009 8.5087500000000009 50955.312500000007 6.1718750000000018 7.5000000000000009 17.266250000000003 39138.030989583342 1.2862500000000001 37399.57312500001 106.77000000000001 95.535000000000011 5.6684027777777795 6.7968750000000027 46.85958333333334 63.314895833333338 40796.325000000004 9631.3190600000016 261.50000000000006
decision_type=10 2 10 8 2 2 2 2 2 8 10 10 2 10 2 2 2 8 8 10 10 10 10 2 2 10 10 10 10 2
left_child=1 2 6 4 7 -6 8 -2 23 -10 14 13 -13 -4 15 -9 29 19 -19 25 -18 -15 -21 -1 -3 28 27 -27 -11 -14
right_child=3 24 11 -5 5 -7 -8 10 9 17 -12 12 16 21 -16 -17 20 18 -20 22 -22 -23 -24 -25 -26 26 -28 -29 -30 -31
leaf_value=0.064896208904375655 -0.75115386611166546 0.35977085327861608 -0.035513202941018014 1.2739951149352438 -0.39046585016642665 0.26045116804137031 0.17891499052609935 0.41516282116414016 -0.071021990193910603 -0.10678336616017407 -0.071431951379377384 0.12733506362338889 0.15866199755366753 0.1197719058729063 0.39050569323147144 -0.17916058299128079 -0.44445917500081605 -0.14275999900506675 -0.43698087904751082 -0.059860457415507745 -0.080224578562997334 -0.24431330753597566 -0.45780939171700324 -0.069946246911210888 -0.0062824202601236799 -0.71268803863887342 -0.21950589044690977 -0.1204890279365685 -0.81123678283600942 -0.4021492841667636
leaf_weight=641 40 2730 715 11931 580 460 443 4646 2557 463 572 3719 522 84 4787 1334 148 84 69 443 392 380 52 639 1313 151 121 41 178 161
leaf_count=641 40 2730 715 11931 580 460 443 4646 2557 463 572 3719 522 84 4787 1334 148 84 69 443 392 380 52 639 1313 151 121 41 178 161
internal_value=0.000934673 -0.000615816 -0.00128882 0.00195639 0.00128961 -0.00144092 -0.0025589 0.00153928 -0.00290129 -0.00357043 0.00158968 -6.81149e-05 0.000486749 -0.00239237 0.00178223 0.00111353 -0.00165931 -0.00538615 -0.0110455 -0.00478138 -0.00410351 -0.00526452 -0.00220766 -0.000725995 0.00138205 -0.00611309 -0.00904777 -0.012715 -0.00466822 0.000276316
internal_weight=40396 16046 12003 24350 12419 1040 5882 11379 5439 4159 11339 6121 4942 1179 10767 5980 1223 1602 153 1449 540 464 495 1280 4043 954 313 192 641 683
internal_count=40396 16046 12003 24350 12419 1040 5882 11379 5439 4159 11339 6121 4942 1179 10767 5980 1223 1602 153 1449 540 464 495 1280 4043 954 313 192 641 683
is_linear=0
shrinkage=0.03


Tree=50
num_leaves=31
num_cat=0
split_feature=24 5 41 10 41 39 22 27 16 16 16 30 5 18 17 4 35 41 24 4 17 26 31 36 25 0 6 23 25 27
split_gain=67.6532 18.6467 13.8039 10.4975 8.26161 7.28822 7.28786 7.65536 6.95467 6.83145 6.14187 5.67686 6.75353 5.27744 5.73465 6.26269 5.25385 4.96777 5.19856 4.69089 4.08056 9.46452 5.09753 3.87943 3.80524 3.79438 4.03155 4.02011 8.98722 10.227
threshold=70.627500000000012 59563.500000000007 1546.770362776206 5.2025000000000015 -383.65429091284381 -14.504999999999994 1.0000000180025095e-35 34347.131927083341 6358.5057919720302 3282.8236341293073 3500.5956105060945 133.97875000000002 41155.625000000007 1.0000000180025095e-35 9631.3190600000016 134.50000000000003 21.111250000000009 -16065.005134674457 11.487500000000002 108.50000000000001 8051.4836500000001 28057.500000000004 81.922500000000014 -1.0100000000000031 53.710833333333341 16.500000000000004 6.2292951541850234 6.5000000000000009 48.331458333333337 40122.479166666672
decision_type=10 2 8 10 10 8 2 10 10 8 8 8 2 2 10 2 8 8 10 2 8 10 8 10 10 2 2 2 10 10
left_child=1 3 8 9 5 10 11 -8 -2 13 23 12 19 -1 -15 -16 24 18 -12 -4 21 -11 -22 -5 -10 26 -19 -28 -29 -30
right_child=2 -3 6 4 -6 -7 7 -9 16 20 17 -13 -14 14 15 -17 -18 25 -20 -21 22 -23 -24 -25 -26 -27 27 28 29 -31
leaf_value=0.0070561631973409021 0.19999061430899093 0.29694679278610048 -0.75786422495608974 0.040528682858227361 0.14289596783295849 0.11187054464276619 -0.55614340573864851 0.057415556982870083 -0.29181866785765609 -0.36650709573288043 -0.028646246699562641 1.5324037128321202 0.5656729990621584 0.034567732388755427 -5.2966891412159587 -0.3740596417942047 -0.52134047921591509 0.21397419413410315 -0.079856631382598686 0.099757573664390142 -0.073096534791615028 -0.10853673572980323 -0.22660829857741724 -0.090354824973747375 -0.04382268359433792 -0.0082548243217105046 -0.077431985305516815 -0.042425608580126922 -0.59573668563189697 -0.07143629459312649
leaf_weight=880 2093 1683 55 1897 1603 1745 67 435 146 53 66 10389 8936 133 62 149 41 270 67 1981 904 419 63 453 1054 1066 2518 724 359 292
leaf_count=880 2093 1683 55 1897 1603 1745 67 435 146 53 66 10389 8936 133 62 149 41 270 67 1981 904 419 63 453 1054 1066 2518 724 359 292
internal_value=0.000979189 -0.000586876 0.0019367 -0.000952419 -0.000545159 -0.000882745 0.00221089 -0.00135984 0.000138531 -0.00264302 -0.00127888 0.00229487 0.00181865 -0.000994286 -0.00413913 -0.00720283 -0.0016401 -0.00183927 -0.00754478 0.000259205 -0.00404375 -0.00632981 -0.00292252 1.11711e-10 -0.00127394 -0.00169273 -0.00210158 -0.00234746 -0.00365189 -0.00620705
internal_weight=40603 15406 25197 13723 11060 9457 21863 502 3334 2663 7712 21361 10972 1224 344 211 1241 5362 133 2036 1439 472 967 2350 1200 5229 4163 3893 1375 651
internal_count=40603 15406 25197 13723 11060 9457 21863 502 3334 2663 7712 21361 10972 1224 344 211 1241 5362 133 2036 1439 472 967 2350 1200 5229 4163 3893 1375 651
is_linear=0
shrinkage=0.03


Tree=51
num_leaves=31
num_cat=0
split_feature=24 5 7 8 41 4 0 7 22 5 0 5 27 5 35 16 5 4 27 38 14 35 16 15 7 5 8 18 5 14
split_gain=65.3763 19.7576 16.595 13.0371 13.0172 8.4884 7.75726 7.72977 12.0448 8.97937 7.49469 7.11214 6.80831 6.54496 6.305 5.2672 5.1412 9.19051 5.43499 4.7927 4.59492 7.46667 4.5587 4.3327 4.22819 7.14471 4.26133 4.07111 4.00526 5.86896
threshold=70.627500000000012 58306.250000000007 6.9600694444444464 216.86875000000003 1277.6551195051254 354.50000000000006 15.500000000000002 6.1718750000000018 1.0000000180025095e-35 36000.812500000007 6.5000000000000009 44300.437500000007 32222.833333333339 41155.625000000007 21.111250000000009 3356.5495781531386 55705.625000000007 50.500000000000007 32541.900104166667 10.495000000000001 31.695000000000004 -2.1575000000000126 2635.0158963245108 228.61104166666669 8.175347222222225 41436.812500000007 247.79375000000002 1.0000000180025095e-35 38600.500000000007 99.955000000000013
decision_type=10 2 2 2 8 2 2 2 2 2 2 2 10 2 8 10 2 2 10 10 10 8 10 10 2 2 2 2 2 10
left_child=1 2 3 20 14 13 11 -6 9 12 -10 -5 -9 -4 22 -13 17 -11 -19 -17 21 -1 -2 -12 -20 -26 -27 -7 29 -22
right_child=4 -3 5 6 7 27 -8 8 10 16 23 15 -14 -15 -16 19 -18 18 24 -21 28 -23 -24 -25 25 26 -28 -29 -30 -31
leaf_value=0.048427351154388287 0.39705760713022548 0.26152774099520476 -0.1542207522279454 -0.40143327873606593 0.80914876246090806 -0.3645331943773471 0.020383487205107801 0.0082867251056359583 -0.88477679649405172 -1.2036540852053723 -0.31222820618871477 -0.030385233787716497 -1.3534410142782032 -0.064196267422206771 -0.42618943343469912 -0.085540397421882866 0.68484471739308095 1.0166929176742665 0.30387515714573088 -0.20506594930438035 -0.088092930229457772 -0.1699299009186947 -0.034713268641366785 0.95554178743077545 -0.99191346743487585 0.11235306201158202 -0.8050026643327618 -0.067111473330245031 0.1387116057202063 0.14409024476749616
leaf_weight=61 1011 1988 640 1093 14790 101 1307 118 54 93 97 1735 81 2391 85 376 2827 1384 1758 64 973 48 2198 77 58 392 76 61 3382 1124
leaf_count=61 1011 1988 640 1093 14790 101 1307 118 54 93 97 1735 81 2391 85 376 2827 1384 1758 64 973 48 2198 77 58 392 76 61 3382 1124
internal_value=0.000982321 -0.000560313 -0.000975668 -0.000382822 0.00192538 -0.00286193 -0.00157015 0.00219091 0.00137044 0.00159856 -0.00539738 -0.00235118 -0.004665 -0.00250231 0.000167527 -0.001358 0.00178844 0.0010614 0.00129845 -0.00428571 0.000589372 -0.00548182 0.000382243 -0.00233143 0.000399125 -0.00195825 -0.000716418 -0.00953374 0.000711131 -0.000318875
internal_weight=40443 15344 13356 10163 25099 3193 4575 21805 7015 6787 228 3268 199 3031 3294 2175 6588 3761 3668 440 5588 109 3209 174 2284 526 468 162 5479 2097
internal_count=40443 15344 13356 10163 25099 3193 4575 21805 7015 6787 228 3268 199 3031 3294 2175 6588 3761 3668 440 5588 109 3209 174 2284 526 468 162 5479 2097
is_linear=0
shrinkage=0.03


Tree=52
num_leaves=31
num_cat=0
split_feature=13 0 14 24 16 8 7 14 17 25 2 7 41 13 1 16 18 7 38 13 25 24 25 25 22 24 13 14 2 1
split_gain=65.8046 20.1884 18.7747 12.9881 12.6342 11.8376 10.679 7.80554 7.47614 7.10614 6.81659 6.71955 6.54347 6.45855 9.80597 6.2444 6.0323 5.92863 5.04055 4.72479 6.15046 4.6945 5.89527 4.48359 4.36643 4.95666 4.13898 6.45884 5.79487 5.66754
threshold=22.405000000000005 17.500000000000004 96.010000000000005 124.26625000000001 13527.738327874416 363.65000000000003 8.7447916666666696 95.535000000000011 2223.3310800000004 38.983541666666675 4.5000000000000009 7.8489583333333348 3610.2861328299336 17.983750000000004 2.5000000000000004 7149.5624950267902 1.0000000180025095e-35 6.9010416666666687 97.111250000000027 68.333750000000009 56.840260416666673 8.5012500000000006 59.405000000000008 57.520833333333343 1.0000000180025095e-35 152.90625000000003 1.5350000000000004 65.27500000000002 5.5000000000000009 2.5000000000000004
decision_type=10 2 10 8 10 2 2 10 10 10 2 2 10 10 2 8 2 2 10 10 10 10 10 10 2 8 10 10 2 2
left_child=1 2 7 5 8 6 -2 12 18 -9 -8 16 13 26 -15 -10 -7 -3 -4 20 -18 -17 -23 -16 -5 -26 28 -28 -1 -30
right_child=3 17 4 24 -6 11 10 9 15 -11 -12 -13 -14 14 23 21 19 -19 -20 -21 -22 22 -24 -25 25 -27 27 -29 29 -31
leaf_value=-0.060888910203929489 0.35801463738127448 0.3402168562658679 0.10869169034142592 1.3438442415223673 -0.16750492779625467 0.1709492904426827 0.10346064272099025 -0.75392702886907437 -0.039639732693595553 -0.15435894178793599 -0.41947063883507807 -0.58280612896379747 0.089584624272383132 0.59899041968311317 -0.4503075035987959 0.01300304032920418 -0.010821972180138084 -0.025629845098425617 -0.44121108140486476 0.032523794128176298 -0.54607255493581575 -0.41462602841647678 -0.15074595789386278 -0.38522977927962593 -0.47313889970894674 0.26734551959731551 0.096910997856881051 -0.081032822594187107 -0.079448281694745312 -0.23734329638958671
leaf_weight=1850 10130 2669 3889 11186 140 1693 591 40 1796 47 288 143 400 49 60 79 237 1217 44 324 207 87 113 62 57 188 455 917 643 845
leaf_count=1850 10130 2669 3889 11186 140 1693 591 40 1796 47 288 143 400 49 60 79 237 1217 44 324 207 87 113 62 57 188 455 917 643 845
internal_value=0.000982471 -0.00056054 -0.00119146 0.0019314 -5.95218e-05 0.0013052 0.00173542 -0.00248761 0.000148777 -0.0113523 -0.00143523 -0.000513628 -0.00233945 -0.00264175 -0.00835465 -0.0013078 -0.000145004 0.00130898 0.000917387 -0.0023485 -0.00435506 -0.005475 -0.00791045 -0.012878 0.00267696 -0.00128049 -0.0024326 -0.00104443 -0.0030027 -0.00439624
internal_weight=40446 15402 11516 25044 6148 13613 11009 5368 6008 87 879 2604 5281 4881 171 2075 2461 3886 3933 768 444 279 200 122 11431 245 4710 1372 3338 1488
internal_count=40446 15402 11516 25044 6148 13613 11009 5368 6008 87 879 2604 5281 4881 171 2075 2461 3886 3933 768 444 279 200 122 11431 245 4710 1372 3338 1488
is_linear=0
shrinkage=0.03


Tree=53
num_leaves=31
num_cat=0
split_feature=13 0 14 16 24 8 4 5 14 8 1 25 13 15 15 10 16 27 16 25 41 5 13 14 15 28 8 16 28 4
split_gain=63.2846 20.2033 17.3934 12.1377 10.681 10.8908 10.2635 9.04828 8.57533 7.14985 6.74483 7.32112 6.68438 7.42853 12.8957 7.71445 6.45219 6.92497 6.13151 5.73509 4.98749 5.11016 4.67601 4.80441 4.67129 4.30908 4.22294 4.08686 3.90599 4.18095
threshold=32.312500000000007 17.500000000000004 96.010000000000005 12741.701076265996 129.00500000000002 363.65000000000003 2.5000000000000004 58501.625000000007 95.535000000000011 153.73125000000002 1.0000000180025095e-35 46.85958333333334 4.1987500000000013 51.722291666666671 37.054635416666677 84.795000000000016 6434.9811605027671 37063.958333333343 6503.9519211710494 38.983541666666675 -2412.785510581914 46201.687500000007 56.090000000000011 102.21000000000002 192.31750000000002 43899.500000000007 718.48750000000007 1.0000000180025095e-35 46503.048906250006 82.500000000000014
decision_type=10 2 10 10 8 2 2 2 8 2 2 10 10 10 10 10 10 10 10 10 8 2 10 10 10 10 2 10 10 2
left_child=1 2 7 9 5 6 -2 8 10 -4 -1 26 13 14 -13 -15 -11 -18 -3 -10 -7 22 23 -22 -8 -5 -12 28 29 -14
right_child=4 18 3 25 -6 20 24 -9 19 16 11 12 27 15 -16 -17 17 -19 -20 -21 21 -23 -24 -25 -26 -27 -28 -29 -30 -31
leaf_value=-0.020923808507604637 -0.61097964719779829 0.28191715488442354 0.12663991179609405 0.0041652120445722319 1.3873273778546635 -0.13121532890290674 0.33897853871982342 0.16164652404699684 -0.62912939223315167 -0.027732477912370115 -0.059414976485969474 0.057325613888163394 0.068804127415276264 -0.13252795669755588 -0.6827718676100446 -0.65505143234920615 -0.67811830738094037 -0.060187943274112178 -0.050831385430062638 -0.1771211562225985 -0.04483055787711715 0.22362661945937926 -0.077155872930504674 -0.70534572943952956 -0.80399715787407755 -0.1624797800338012 -0.67446347024017383 0.059326986216187233 -0.44714153705248538 -0.24568347814667446
leaf_weight=1212 51 3440 3835 53 10781 273 10402 550 45 2717 2697 52 122 307 129 41 74 206 764 43 75 1435 498 98 98 130 115 156 45 199
leaf_count=1212 51 3440 3835 53 10781 273 10402 550 45 2717 2697 52 122 307 129 41 74 206 764 43 75 1435 498 98 98 130 115 156 45 199
internal_value=0.000984869 -0.000415992 -0.00101155 -1.06897e-05 0.0019852 0.0014036 0.001817 -0.00224029 -0.00262994 0.000194058 -0.00246749 -0.00307997 -0.00521578 -0.00759057 -0.012511 -0.00500287 -0.000903602 -0.00523132 0.00138692 -0.0118652 -0.000429832 6.54961e-05 -0.00209375 -0.00632759 0.00188268 -0.00761413 -0.00228013 -0.00279924 -0.00452861 -0.00334472
internal_weight=40643 16932 12728 7015 23711 12930 10551 5713 5163 6832 5075 3863 1051 529 181 348 2997 280 4204 88 2379 2106 671 173 10500 183 2812 522 366 321
internal_count=40643 16932 12728 7015 23711 12930 10551 5713 5163 6832 5075 3863 1051 529 181 348 2997 280 4204 88 2379 2106 671 173 10500 183 2812 522 366 321
is_linear=0
shrinkage=0.03


Tree=54
num_leaves=31
num_cat=0
split_feature=13 41 25 9 8 7 22 18 5 0 18 16 12 13 34 5 7 8 16 17 24 5 7 26 5 14 10 16 40 13
split_gain=63.1701 17.7572 13.0661 12.633 12.3363 12.3617 12.6318 11.5967 11.3896 11.284 7.88513 7.84741 7.7442 6.33738 11.0581 5.93803 6.77513 5.19939 5.18031 4.95558 8.86893 5.57166 4.65683 4.36723 4.49928 4.12923 5.23481 4.09428 3.91693 3.88505
threshold=22.405000000000005 2085.5380311440317 72.179166666666688 160.92500000000004 363.65000000000003 6.8732638888888902 1.0000000180025095e-35 1.0000000180025095e-35 35196.562500000007 15.500000000000002 1.0000000180025095e-35 3719.6825463648024 97.623697916666686 17.983750000000004 76.00500000000001 53806.250000000007 8.7447916666666696 82.631250000000009 6503.9519211710494 1837.2556150000003 3.5550000000000002 59750.562500000007 8.2309027777777803 36883.567500000012 44406.250000000007 31.695000000000004 1.7025000000000001 13880.037710919758 -60.046249999999993 6.7475000000000014
decision_type=10 10 10 8 2 2 2 2 2 2 2 8 10 10 10 2 2 2 10 10 10 2 2 10 2 10 10 10 10 10
left_child=1 2 9 4 5 -2 8 -4 -7 11 22 13 -8 17 -15 16 -10 -1 -11 21 -21 25 -6 -18 -25 26 -13 28 -27 -22
right_child=3 -3 7 -5 10 6 12 -9 15 18 -12 19 -14 14 -16 -17 23 -19 -20 20 29 -23 -24 24 -26 27 -28 -29 -30 -31
leaf_value=0.06243228742843461 0.43843714678657486 0.29326982901952514 0.2311158014021942 2.1674968078238193 0.18678952606522645 -1.3010378455904905 0.019081823298062572 -0.19401030000131603 0.090228960613599765 0.042251749897932643 -0.16650928618269131 -0.1644620487713179 -0.79299830989704234 -0.62308698504788795 0.021292129640327499 0.25389380877508144 0.0019504660311706215 -0.10480312387764831 -0.097980885569393689 -0.14645145802697854 -0.19461444612172202 0.22003410615842883 -0.70053080772794141 -1.037126653190872 -0.28464062653002958 -0.012991504908421088 -0.041879047486923358 -0.07985369173705667 -0.15386627309186218 -0.093986273863298747
leaf_weight=1266 10168 2407 2628 8395 2026 64 46 842 1056 2323 801 40 73 43 62 1969 150 1121 619 508 320 191 68 61 174 775 98 102 1969 149
leaf_count=1266 10168 2407 2628 8395 2026 64 46 842 1056 2323 801 40 73 43 62 1969 150 1121 619 508 320 191 68 61 174 775 98 102 1969 149
internal_value=0.000980674 -0.000527095 -0.000963621 0.00191134 0.00143291 0.00180737 0.000294658 0.000613656 0.000625036 -0.00153458 -0.00034703 -0.00221941 -0.009275 -0.000888087 -0.00806604 0.000861917 -0.000601248 -0.000569095 1.22325e-05 -0.00301806 -0.0048865 -0.00244175 0.00062148 -0.00400259 -0.00654661 -0.0027598 -0.00781295 -0.00251212 -0.00229071 -0.00785745
internal_weight=40514 15463 13056 25051 16656 13761 3593 3470 3474 9586 2895 6644 119 2492 105 3410 1441 2387 2942 4152 977 3175 2094 385 235 2984 138 2846 2744 469
internal_count=40514 15463 13056 25051 16656 13761 3593 3470 3474 9586 2895 6644 119 2492 105 3410 1441 2387 2942 4152 977 3175 2094 385 235 2984 138 2846 2744 469
is_linear=0
shrinkage=0.03


Tree=55
num_leaves=31
num_cat=0
split_feature=13 0 41 7 7 5 17 12 4 11 8 37 16 22 26 5 39 10 16 4 5 34 32 27 12 40 25 25 16 4
split_gain=58.7924 19.5443 12.5151 11.2106 10.0614 11.7078 9.35559 8.50752 7.28996 7.2445 6.6519 5.84496 5.8083 5.45596 9.62015 5.33919 4.766 4.68539 4.48094 4.39673 4.30293 4.31786 3.44451 3.38312 5.35126 3.29735 4.66317 10.058 9.29521 4.22488
threshold=35.105000000000011 17.500000000000004 3991.9844644618393 5.2482638888888902 8.5017361111111125 52253.125000000007 1691.3514000000002 77.432500000000019 122.50000000000001 102.56500000000001 336.30625000000003 2.0012500000000002 6503.9519211710494 1.0000000180025095e-35 38999.355000000003 45804.250000000007 -62.11999999999999 1.7025000000000001 13527.738327874416 4.5000000000000009 59563.500000000007 154.08500000000004 5.0025000000000004 31508.544322916667 138.40421875000001 -46.034999999999989 51.722291666666671 49.406666666666673 3841.1389306106544 344.50000000000006
decision_type=10 2 10 2 2 2 10 10 2 8 2 8 10 2 8 2 10 10 10 2 2 10 10 10 10 10 10 10 10 2
left_child=1 2 3 6 9 11 -1 17 16 10 19 -6 -3 -11 -15 23 -8 -5 20 -2 21 25 -14 -12 -25 -19 27 28 -27 -28
right_child=4 12 -4 7 5 -7 8 -9 -10 13 15 -13 22 14 -16 -17 -18 18 -20 -21 -22 -23 -24 24 -26 26 29 -29 -30 -31
leaf_value=0.073346441017315162 -0.59007924790351118 0.29362162061806285 0.39020538030803864 -0.16924380534424113 -0.63946603550512904 0.2246508392554781 -0.14553991673048655 0.09948010481166937 -0.041083284754938436 1.0133781431094095 0.31069842247889229 0.054721979603645499 -0.16556513290412117 -0.88345623942564233 0.24942493074856287 0.17527445798978131 -0.77760378641529371 -0.030777528767640838 -0.08515650329111614 0.33909548970472425 0.21273579844334975 -0.45805576025267958 -0.04235363496802505 -0.21293162284177239 -0.60080778355324072 -0.068352568967088953 -0.068606362624407211 -0.61534706282859442 -0.22023204877754773 -0.22064985785831318
leaf_weight=3178 77 3661 1003 931 387 1257 276 827 1739 11764 137 162 44 44 177 1495 118 1934 323 7257 318 43 694 507 44 792 1153 97 258 51
leaf_count=3178 77 3661 1003 931 387 1257 276 827 1739 11764 137 162 44 44 177 1495 118 1934 323 7257 318 43 694 507 44 792 1153 97 258 51
internal_value=0.00099227 -0.000325096 -0.000908373 -0.00117668 0.00197795 -0.000172662 -0.000146272 -0.00199004 -0.00168276 0.00215858 0.00154034 -0.00382364 0.00140386 0.00264934 -0.00201351 8.65386e-05 -0.00536203 -0.00238943 -0.00202274 0.00197301 -0.00178438 -0.00203188 -0.001023 -0.00209869 -0.00314674 -0.00193537 -0.00269005 -0.00405836 -0.00319696 -0.00138423
internal_weight=40748 17440 13041 12038 23308 1806 5311 6727 2133 21502 9517 549 4399 11985 221 2183 394 5900 4969 7334 4646 4328 738 688 551 4285 2351 1147 1050 1204
internal_count=40748 17440 13041 12038 23308 1806 5311 6727 2133 21502 9517 549 4399 11985 221 2183 394 5900 4969 7334 4646 4328 738 688 551 4285 2351 1147 1050 1204
is_linear=0
shrinkage=0.03


Tree=56
num_leaves=31
num_cat=0
split_feature=13 0 14 9 16 8 17 4 4 24 26 27 4 6 4 1 16 23 33 26 16 24 1 16 27 2 1 27 14 11
split_gain=58.8698 19.656 14.6959 11.0706 10.476 8.06492 7.76009 7.20931 7.0397 6.19125 6.07438 5.66413 5.52181 5.46347 5.10969 4.97083 4.51114 4.44184 7.05154 4.0536 5.5476 4.82551 3.98089 4.73728 4.33742 5.02678 11.4858 4.73733 3.98936 3.73893
threshold=35.105000000000011 17.500000000000004 100.25500000000001 173.44625000000002 12741.701076265996 360.01875000000007 2120.7621450000011 2.5000000000000004 188.50000000000003 -0.51624999999999988 40928.500000000007 38957.687500000007 261.50000000000006 10.983480176211456 356.50000000000006 4.5000000000000009 6503.9519211710494 5.5000000000000009 206.21500000000003 36357.091250000005 2667.7994046214094 107.69500000000001 1.0000000180025095e-35 16058.12586247374 35711.916666666672 6.5000000000000009 5.5000000000000009 34584.208333333336 52.095000000000006 22.385000000000002
decision_type=10 2 10 8 10 2 10 2 2 10 10 8 2 2 2 2 10 2 10 10 8 10 2 10 10 2 2 10 10 10
left_child=1 2 9 5 6 7 17 10 -8 11 -2 -1 -9 -14 19 -7 -3 -4 -19 -15 -21 -22 23 28 25 -24 27 -27 -11 -18
right_child=3 16 4 -5 -6 15 8 12 -10 22 -12 -13 13 14 -16 -17 29 18 -20 20 21 -23 24 -25 -26 26 -28 -29 -30 -31
leaf_value=-0.39338326650964195 0.19416302196106708 0.28540999624884095 0.28752812730293498 2.4148268614701105 -0.11182793250401894 0.14988333687714894 -0.11109670398315262 0.37445981272160694 0.026283083698678367 -0.061084413247855324 -0.58023893299789386 -1.3453683335431768 0.40915475157335918 0.49437315179623526 -0.83024371770516581 -0.13422420214178274 -0.57453749518411801 -0.0029697278138732064 -0.85225599028800114 0.5607302679557945 -0.77773998008134815 -0.018991008122267165 -0.066850638004821439 -0.09034522695138586 -0.064221139174035533 -0.0061302931112935197 -0.65734645542800263 -0.32708126425889006 0.048822437346600335 -0.0082424911561767376
leaf_weight=182 42 3584 3222 7600 168 1975 1185 8991 1051 245 54 145 2222 629 41 692 40 1071 62 276 384 384 603 43 3605 130 74 72 1106 696
leaf_count=182 42 3584 3222 7600 168 1975 1185 8991 1051 245 54 145 2222 629 41 692 40 1071 62 276 384 384 603 43 3605 130 74 72 1106 696
internal_value=0.00100436 -0.000322129 -0.000906132 0.00198875 6.16865e-05 0.00153336 0.000250759 0.00184114 -0.00118552 -0.0019602 -0.00630928 -0.00597256 0.00190215 0.000964694 -0.000307872 3.03599e-05 0.00143022 0.000988292 -0.000626984 -4.8387e-05 -0.00119426 -0.00250455 -0.00173601 -0.000335484 -0.00217124 -0.00406023 -0.00740794 -0.00366502 -1.99703e-05 -0.000708277
internal_weight=40574 17284 12964 23290 6759 15690 6591 13023 2236 6205 96 327 12927 3936 1714 2667 4320 4355 1133 1673 1044 768 5878 1394 4484 879 276 202 1351 736
internal_count=40574 17284 12964 23290 6759 15690 6591 13023 2236 6205 96 327 12927 3936 1714 2667 4320 4355 1133 1673 1044 768 5878 1394 4484 879 276 202 1351 736
is_linear=0
shrinkage=0.03


Tree=57
num_leaves=31
num_cat=0
split_feature=12 24 0 8 5 7 7 5 32 5 17 8 18 7 39 15 16 3 10 32 26 5 13 15 16 11 14 28 41 34
split_gain=57.3043 16.1353 13.1658 12.2683 9.50463 11.1467 8.87069 10.0029 7.41478 6.97799 6.35862 5.7999 10.2588 5.51332 5.35055 5.21619 4.82904 4.61378 3.94046 3.51885 3.34097 4.54122 5.06474 4.42571 4.24814 4.42905 4.12458 4.67677 3.64274 3.59182
threshold=59.353541666666672 122.105 15.500000000000002 317.39375000000007 58501.625000000007 5.5538194444444455 6.8732638888888902 34302.375000000007 4.1625000000000005 47202.125000000007 5228.1318099999999 654.24375000000009 1.0000000180025095e-35 7.8107638888888911 -31.182499999999994 159.1452604166667 6503.9519211710494 1.0000000180025095e-35 40.645000000000003 49.771250000000009 37331.205000000009 51806.250000000007 -0.044999999999999991 115.84229166666667 6268.9166217460543 -0.0099999999999999482 75.593750000000014 38534.20625000001 -9918.786858946487 58.115000000000002
decision_type=8 8 2 2 2 2 2 2 8 2 10 2 2 2 10 10 10 2 10 10 10 2 10 10 8 10 10 10 8 10
left_child=2 3 4 6 5 11 -2 -8 9 -3 -6 -1 -13 14 -5 17 -4 -9 -18 -15 21 22 28 26 -22 -26 27 29 -7 -24
right_child=1 8 16 13 10 20 7 15 -10 -11 -12 12 -14 19 -16 -17 18 -19 -20 -21 24 -23 23 -25 25 -27 -28 -29 -30 -31
leaf_value=-0.0066838828085052527 0.38028887494003588 -0.80960074292483164 0.092207754131279601 -0.065401018476522396 0.19795958242681375 -0.94118071769972045 -0.76018967403613391 0.096261243742118072 1.1425021276131595 -0.05601127860387492 -0.20943352074015839 -0.036075044654296166 -1.4787552429753548 -0.042930903151575099 0.24197136795351115 -0.63275541726227602 -0.10954891608313524 -0.42145266236068391 0.019777800840876738 -0.64936365756173942 -0.01282709563119314 0.042855764562415723 -0.064345914681130184 -0.65698492884023107 -0.66537286353124792 -0.07173327566638156 -0.20204140385399824 -0.33361425088922825 -0.038915678116502921 -0.22728969130214266
leaf_weight=3133 8826 40 3435 1823 888 46 43 2532 12424 113 45 282 146 146 1760 163 287 54 449 102 667 136 104 43 50 1747 427 64 344 124
leaf_count=3133 8826 40 3435 1823 888 46 43 2532 12424 113 45 282 146 146 1760 163 287 54 449 102 667 136 104 43 50 1747 427 64 344 124
internal_value=0.000963777 0.00171542 -0.000732727 0.00106583 -0.00142743 -0.00179122 0.00155125 7.73363e-05 0.0025132 -0.00403247 0.00142291 -0.000588714 -0.00386014 -0.000406315 -0.000106306 0.000304364 0.0006407 0.000633166 -0.00156309 -0.00472289 -0.00293205 -0.00417067 -0.00478231 -0.00620446 -0.00228316 -0.00304171 -0.00562917 -0.00837543 -0.00199488 -0.00631441
internal_weight=40443 28026 12417 15449 8246 7313 11618 2792 12577 153 933 3561 428 3831 3583 2749 4171 2586 736 248 3752 1288 1152 762 2464 1797 719 292 390 228
internal_count=40443 28026 12417 15449 8246 7313 11618 2792 12577 153 933 3561 428 3831 3583 2749 4171 2586 736 248 3752 1288 1152 762 2464 1797 719 292 390 228
is_linear=0
shrinkage=0.03


Tree=58
num_leaves=31
num_cat=0
split_feature=13 0 7 5 41 18 17 10 15 14 17 13 7 5 14 36 4 7 15 34 28 15 27 30 24 14 15 13 2 15
split_gain=53.0847 20.0236 15.4493 13.8185 12.5542 8.20812 8.11714 7.07802 8.93953 6.04808 5.9867 5.30158 5.25211 6.68422 5.08187 5.31185 5.89493 4.86764 4.78594 5.57757 7.11019 4.92745 4.781 4.32754 4.16563 6.45567 4.05279 5.47567 3.86793 4.07287
threshold=58.39500000000001 17.500000000000004 5.5329861111111134 53503.250000000007 2171.4324529777227 1.0000000180025095e-35 8.1803500000000025 59.252500000000005 171.18250000000003 38.355000000000011 6351.7455800000016 -0.018749999999999999 8.2864583333333375 50368.750000000007 117.40500000000002 -18.246249999999996 270.50000000000006 6.7968750000000027 24.031145833333337 95.575000000000003 34184.625000000007 89.029114583333339 34068.604166666672 36.630000000000003 173.16625000000002 170.62125000000003 65.121250000000018 52.020000000000003 2.5000000000000004 103.83645833333334
decision_type=10 2 2 2 8 2 8 10 10 10 10 10 2 2 10 8 2 2 10 10 10 10 10 10 10 10 10 10 2 10
left_child=1 2 5 14 28 9 -7 8 -2 -1 -11 -8 -9 22 15 -4 -17 -3 -18 20 -20 23 -14 -22 25 -24 -13 -28 29 -5
right_child=7 17 3 4 -6 6 11 12 -10 10 -12 26 13 -15 -16 16 18 -19 19 -21 21 -23 24 -25 -26 -27 27 -29 -30 -31
leaf_value=-0.13943283062919853 0.034229087551164945 0.35460676653743983 -0.041380506469608919 -0.32122128041164189 0.1690626211731828 0.12635285202022548 -0.36971802293348266 0.71110542080345152 -1.0173118906998737 0.27756340858987949 -0.032319310282180262 0.0036230669478208542 0.044516625074655973 0.48311975752114056 -0.06056085787091512 -0.17978882660415235 0.089720904061839496 0.026070050947460063 -0.03250061073619874 -0.2082503943814214 -0.093377263768584795 -1.0031153976253717 -0.51777442255377637 -0.56524810380788348 0.26684298571190129 -1.5068859417632925 -0.13944417573805831 -0.7570682136493192 -0.046621372477435218 -0.013333945478563588
leaf_weight=79 742 3840 1692 126 2001 690 565 15414 48 4472 1299 1095 193 1073 1575 2098 50 1892 122 137 74 49 75 92 43 55 460 71 316 62
leaf_count=79 742 3840 1692 126 2001 690 565 15414 48 4472 1299 1095 193 1073 1575 2098 50 1892 122 137 74 49 75 92 43 55 460 71 316 62
internal_value=0.000969606 1.53558e-05 -0.000498365 -0.00141727 0.000448923 0.000385135 -0.000925399 0.00220579 -0.0005689 0.00103059 0.00114397 -0.00181889 0.00233588 0.000602083 -0.00221104 -0.00274345 -0.00358902 0.00154997 -0.00643429 -0.00736421 -0.00943491 -0.0127083 -0.00289373 -0.0101317 -0.0065 -0.00916031 -0.000947756 -0.00309586 -0.00377822 -0.0071746
internal_weight=40500 22857 17125 8394 2505 8731 2881 17643 790 5850 5771 2191 16853 1439 5889 4314 2622 5732 524 474 337 215 366 166 173 130 1626 531 504 188
internal_count=40500 22857 17125 8394 2505 8731 2881 17643 790 5850 5771 2191 16853 1439 5889 4314 2622 5732 524 474 337 215 366 166 173 130 1626 531 504 188
is_linear=0
shrinkage=0.03


Tree=59
num_leaves=31
num_cat=0
split_feature=9 5 9 32 4 16 4 8 18 6 25 8 23 27 32 41 37 31 11 0 13 4 8 32 34 27 8 16 39 16
split_gain=52.6355 14.4369 12.5528 8.9711 8.86853 8.71599 7.23147 6.24165 7.62765 5.87674 6.51582 5.44387 5.35635 5.56362 4.92742 4.63012 4.56352 4.5055 5.84186 4.39176 5.40608 8.51104 4.52838 4.29067 4.53952 4.04976 3.83288 3.79235 4.80357 3.77335
threshold=76.175000000000026 59750.562500000007 160.92500000000004 14.017500000000002 2.5000000000000004 3500.5956105060945 354.50000000000006 604.07500000000016 1.0000000180025095e-35 9.4392070484581527 156.47843750000004 77.787500000000009 6.5000000000000009 40999.333333333336 -0.49749999999999994 420.85905096846187 0.93999999999999873 -9.9912499999999991 35.025000000000013 17.500000000000004 58.39500000000001 275.50000000000006 643.2750000000002 1.0000000180025095e-35 82.995000000000019 35711.916666666672 71.343750000000014 1945.1013706969004 -39.015000000000001 10510.097895327281
decision_type=10 2 10 10 2 10 2 2 2 2 10 2 2 10 8 8 10 10 10 2 10 2 2 8 8 10 2 8 10 10
left_child=1 5 3 9 -5 6 7 27 -9 15 -11 23 -6 19 -3 -2 -8 -10 -19 20 21 26 -22 -7 -25 -13 -14 -1 -29 -15
right_child=2 14 -4 4 12 11 16 8 17 10 -12 25 13 29 -16 -17 -18 18 -20 -21 22 -23 -24 24 -26 -27 -28 28 -30 -31
leaf_value=0.10431432034751811 -0.32015722609216596 -0.16459760353982458 1.9739445062830125 -0.5955735934897487 0.46946896291969004 -0.131184635593213 -0.13853367426670737 -0.011259506394884303 -2.3230188466481949 -0.26141429987044301 -1.1854818650821386 -0.18020758670789527 -0.055335255568629289 0.3375694040958041 0.22374730585906594 0.49165591022321997 -0.1509888145282178 -0.087312970387157476 -0.71322118723014305 0.44868364764676066 0.21525505597479358 -1.3810891542679717 -1.0565123818836284 -0.10235010652957029 0.0062711594364806191 -0.060165735876018464 -0.49964812044551049 -0.042608973632217197 0.08381423730158799 -0.31507384323946797
leaf_weight=2375 74 50 8720 64 10600 50 247 997 82 313 59 333 321 1655 1891 300 50 361 86 604 634 78 40 485 1766 1480 126 3654 2946 93
leaf_count=2375 74 50 8720 64 10600 50 247 997 82 313 59 333 321 1655 1891 300 50 361 86 604 634 78 40 485 1766 1480 126 3654 2946 93
internal_value=0.000997212 -0.000284265 0.00190917 0.0013817 0.00155001 -0.000601086 -0.000153347 -2.2567e-05 -0.00179568 -0.00182329 -0.00448794 -0.00177594 0.00160069 0.000592061 0.00214882 0.000832 -0.00476174 -0.00470377 -0.00350223 -0.000577051 -0.0016275 -0.00390684 0.000151111 -0.00080669 -0.000611456 -0.00300496 -0.00229687 0.000279078 -9.08952e-05 0.0017976
internal_weight=40534 16853 23681 14961 14215 14912 10798 10501 1526 746 372 4114 14151 3551 1941 374 297 529 447 1803 1199 525 674 2301 2251 1813 447 8975 6600 1748
internal_count=40534 16853 23681 14961 14215 14912 10798 10501 1526 746 372 4114 14151 3551 1941 374 297 529 447 1803 1199 525 674 2301 2251 1813 447 8975 6600 1748
is_linear=0
shrinkage=0.03


Tree=60
num_leaves=31
num_cat=0
split_feature=9 5 9 7 5 22 7 13 4 5 34 9 4 12 16 18 12 7 15 0 25 14 5 6 16 18 4 27 9 41
split_gain=53.7975 16.3751 12.736 14.3542 12.9904 12.2025 11.0668 9.03649 7.73085 7.3133 6.54577 6.08131 5.84217 5.37207 5.08615 6.25597 4.76536 4.6769 4.55326 4.48091 4.39155 4.37459 3.92975 3.75165 5.81138 3.65536 7.01712 3.53006 4.40833 3.48583
threshold=76.175000000000026 59563.500000000007 173.44625000000002 6.4045138888888902 34043.750000000007 1.0000000180025095e-35 6.4565972222222241 37.350000000000009 353.50000000000006 54810.625000000007 83.995000000000019 -0.068749999999999992 363.50000000000006 52.225208333333335 2667.7994046214094 1.0000000180025095e-35 47.685468750000005 10.368055555555559 11.199583333333335 17.500000000000004 75.209427083333352 38.355000000000011 49506.250000000007 10.553964757709254 14207.137538159812 1.0000000180025095e-35 122.50000000000001 40999.333333333336 16.321250000000003 -6782.8408018373293
decision_type=10 2 10 2 2 2 2 10 2 2 10 10 2 10 10 2 10 2 10 2 10 10 2 2 10 2 2 10 10 10
left_child=1 6 3 -2 -5 13 11 -7 19 -9 12 21 -10 16 15 18 -6 -15 29 23 -17 -1 -19 24 -8 -23 -27 28 -22 -13
right_child=2 -3 -4 4 5 7 8 9 10 -11 -12 14 -14 17 -16 20 -18 22 -20 -21 27 25 -24 -25 -26 26 -28 -29 -30 -31
leaf_value=-0.16114655305817263 0.46872704754274147 0.20719416720531042 2.2388053402911434 -1.039924173315506 -0.29267713148501445 0.51173418811864479 -0.0048195384703067336 -0.78813878034707985 -0.2828961305508858 -0.27086712629601917 0.028306081284130227 -0.24784405985425478 -0.056635371440556088 0.15552964708197023 -0.047001011256425265 -0.012565409643990435 -0.47702711851110297 -1.0347450959232818 0.13255355995725696 0.01922440975515062 0.014994382085672343 -0.0045880678009213504 -0.12345153109954622 -0.083765986158066463 -0.08224261888302789 -5.7930426041746905 -0.31623148610690988 0.10782219075586344 -0.47098495962752701 0.027867521919468636
leaf_weight=55 11422 1981 7791 54 196 47 1243 56 124 54 69 58 52 3888 2303 2068 55 49 4315 966 74 347 185 2468 76 54 155 89 183 66
leaf_count=55 11422 1981 7791 54 196 47 1243 56 124 54 69 58 52 3888 2303 2068 55 49 4315 966 74 347 185 2468 76 54 155 89 183 66
internal_value=0.000968799 -0.00033391 0.00188549 0.00140114 -1.70119e-05 0.000158905 -0.00067757 -0.00803165 -0.00182556 -0.0127027 -0.00701219 -8.99876e-05 -0.0100678 0.000454733 0.000103527 0.000513423 -0.00379762 0.000714528 0.00118176 -0.00155679 -0.000715528 -0.00298529 -0.00339574 -0.00202191 -0.000729545 -0.00217594 -0.0053 -0.00383862 -0.00561628 -0.004464
internal_weight=40543 16746 23797 16006 4584 4530 14765 157 4998 110 245 9767 176 4373 9156 6853 251 4122 4439 4753 2414 611 234 3787 1319 556 209 346 257 124
internal_count=40543 16746 23797 16006 4584 4530 14765 157 4998 110 245 9767 176 4373 9156 6853 251 4122 4439 4753 2414 611 234 3787 1319 556 209 346 257 124
is_linear=0
shrinkage=0.03


Tree=61
num_leaves=31
num_cat=0
split_feature=24 6 9 10 18 39 41 5 32 15 8 25 31 14 30 37 28 34 41 6 38 26 4 6 41 14 0 40 4 28
split_gain=47.7884 15.1509 9.765 7.18924 6.70378 4.87592 6.97327 4.85199 4.71973 7.97744 4.5043 3.97244 3.92187 3.90971 5.04094 5.6271 5.57009 6.04538 3.52967 3.91455 3.36562 4.23792 3.78806 3.30983 3.26769 2.98527 5.24561 4.58877 8.97871 6.42405
threshold=84.185000000000016 7.6072687224669613 164.99500000000003 6.3550000000000013 1.0000000180025095e-35 -14.504999999999994 682.97246577067574 37254.187500000007 4.1625000000000005 152.76020833333334 332.56250000000006 54.168333333333344 79.645000000000024 81.520000000000024 41.365000000000002 -52.534999999999989 39933.935468750009 57.505000000000003 420.85905096846187 19.756607929515425 24.912500000000005 48810.500000000007 80.500000000000014 11.050000000000001 -1360.0190763726275 100.74500000000002 14.500000000000002 -54.70500000000002 232.50000000000003 45215.187500000007
decision_type=8 2 10 10 2 8 10 2 10 10 2 8 10 10 10 10 10 10 8 2 10 8 2 2 8 10 2 10 2 10
left_child=1 -1 4 13 8 6 20 -6 9 24 -9 18 -12 14 16 23 -3 -18 19 -10 25 22 -22 -16 -2 26 27 -5 -29 -30
right_child=2 3 -4 5 7 -7 -8 10 11 -11 12 -13 -14 -15 15 -17 17 -19 -20 -21 21 -23 -24 -25 -26 -27 -28 28 29 -31
leaf_value=0.2208772265104765 -0.176001274364676 -0.025054551317371027 1.9713912415893429 -0.0016958126295774951 -0.21579558748546276 0.14011548775448138 0.16973439588679845 0.11186823100600128 -0.42263722429884898 -1.0417181459957303 -0.63797131568260379 0.52299832891487719 -0.10154416117239654 -0.055815647787007622 -0.10284938740433053 -0.42862630188273809 -3.9515927786386675 0.055493023782611145 0.53251386237154796 0.17884857745866417 0.07774777835890781 -0.27812304798209492 -0.20897724836344544 -0.033884699768251446 0.3673339295809297 0.0058539282708313083 0.018820357250110265 -0.11339843575629674 -0.23010884680011348 0.28560102146703115
leaf_weight=2898 65 660 8282 964 417 2461 1499 2412 69 53 56 9477 151 1685 40 86 65 41 233 43 301 49 690 197 284 4046 1431 1439 258 45
leaf_count=2898 65 660 8282 964 417 2461 1499 2412 69 53 56 9477 151 1685 40 86 65 41 233 43 301 49 690 197 284 4046 1431 1439 258 45
internal_value=0.00103052 -7.23906e-05 0.00199582 -0.000434829 0.00149084 -0.000142673 -0.000419099 0.000252881 0.00185839 -0.00132506 0.000731679 0.0019888 -0.00350481 -0.0018227 -0.00322294 -0.00636111 -0.00189309 -0.00824299 -0.00117052 -0.00552212 -0.000727558 -0.00233429 -0.00190222 -0.00394538 0.000334286 -0.000523094 -0.00108966 -0.00186627 -0.00278485 -0.00747039
internal_weight=40397 18855 21542 15957 13260 13183 10722 3036 10224 402 2619 9822 207 2774 1089 323 766 106 345 112 9223 1040 991 237 349 8183 4137 2706 1742 303
internal_count=40397 18855 21542 15957 13260 13183 10722 3036 10224 402 2619 9822 207 2774 1089 323 766 106 345 112 9223 1040 991 237 349 8183 4137 2706 1742 303
is_linear=0
shrinkage=0.03


Tree=62
num_leaves=31
num_cat=0
split_feature=24 5 7 9 7 8 22 5 13 13 5 0 5 40 5 41 5 7 32 32 32 40 32 41 7 25 15 4 41 29
split_gain=48.3199 13.4172 12.3454 12.3142 14.4864 9.14047 8.14214 6.7122 6.39561 6.1506 6.62217 5.0611 4.97313 4.48796 4.47469 3.9976 5.39034 5.00933 4.97044 3.8818 3.73882 3.71835 3.68393 3.54387 3.04431 3.03418 3.5773 2.95897 6.11748 3.40737
threshold=76.846250000000012 59563.500000000007 6.821180555555558 173.44625000000002 6.2170138888888911 183.55625000000003 1.0000000180025095e-35 36000.812500000007 32.312500000000007 37.350000000000009 57756.250000000007 15.500000000000002 45001.375000000007 22.486250000000002 35601.625000000007 2910.6267833086317 53503.250000000007 8.7447916666666696 151.32125000000002 96.253750000000011 -0.49749999999999994 -29.254999999999995 8.6300000000000008 -383.65429091284381 4.8489583333333348 135.62098958333337 46.149062500000007 122.50000000000001 -14010.751740187437 110.10625000000002
decision_type=8 2 2 10 2 2 2 2 10 10 2 2 2 10 2 8 2 2 10 10 10 10 10 10 2 10 8 2 8 10
left_child=1 2 5 4 22 8 7 19 23 -8 -11 12 27 24 21 -9 17 -17 -19 -6 -3 -4 25 -1 -14 26 -2 28 -7 -29
right_child=3 20 14 -5 6 11 9 15 -10 10 -12 -13 13 -15 -16 16 -18 18 -20 -21 -22 -23 -24 -25 -26 -27 -28 29 -30 -31
leaf_value=-0.024587713794205351 -0.25637349135548115 -0.1618760230091747 -0.020621880460742304 2.0999438240557065 -0.077996376027144279 -6.2530709753897238 0.01633485439778367 -0.064308221530439982 0.30234215246415863 -0.73052497889804091 -0.0082973147054508176 0.035890819694215051 0.010585837378009203 -0.16135889876298942 -0.059033548889777784 0.14027194870951998 0.44144843066883588 -0.17152032019220093 -1.0829136916039181 -1.2007030305621225 0.22061551975089133 -0.53146583118896606 0.51576812191891463 0.18570915154286885 -0.06914018482078009 -0.59596364848120631 0.10364710924599373 -0.17032541670743637 -0.47258876309366138 -0.5969713657033785
leaf_weight=3106 56 44 97 7767 82 40 87 1279 1862 73 41 1405 1475 42 3731 1759 1725 290 46 92 1829 63 10098 964 828 59 266 1110 129 40
leaf_count=3106 56 44 97 7767 82 40 87 1279 1862 73 41 1405 1475 42 3731 1759 1725 290 46 92 1829 63 10098 964 828 59 266 1110 129 40
internal_value=0.000990342 -0.000242455 -0.000543477 0.00186164 0.00138454 -2.97218e-05 0.000133699 0.000360068 0.000769594 -0.00577723 -0.0103304 -0.000965089 -0.00155198 -0.000722506 -0.00199563 0.000558235 0.00104423 2.14696e-05 -0.00332938 -0.00541714 0.00214995 -0.00689441 0.00203788 0.000103169 -0.000542969 -0.000856021 0.000297214 -0.003025 -0.00672353 -0.00247611
internal_weight=40485 16765 14892 23720 15953 11001 5474 5273 5932 201 114 5069 3664 2345 3891 5099 3820 2095 336 174 1873 160 10479 4070 2303 381 322 1319 169 1150
internal_count=40485 16765 14892 23720 15953 11001 5474 5273 5932 201 114 5069 3664 2345 3891 5099 3820 2095 336 174 1873 160 10479 4070 2303 381 322 1319 169 1150
is_linear=0
shrinkage=0.03


Tree=63
num_leaves=31
num_cat=0
split_feature=13 0 7 6 41 16 27 24 18 25 4 8 25 27 18 0 12 22 4 12 39 34 29 28 39 35 24 4 16 38
split_gain=47.0846 13.6929 10.7261 10.1841 9.72818 10.3418 9.26395 6.15244 5.99148 6.32215 6.87757 5.72486 5.66207 6.8238 5.53487 5.10592 4.9966 4.27123 4.25728 7.066 5.02715 4.43727 4.99055 4.24272 4.65212 4.19368 4.14106 5.36955 4.10832 3.91557
threshold=37.350000000000009 17.500000000000004 7.5086805555555571 14.538766519823794 3991.9844644618393 4926.6915136746147 33954.781666666669 125.27000000000002 1.0000000180025095e-35 69.346145833333352 354.50000000000006 385.9187500000001 129.79520833333336 37483.187812500008 1.0000000180025095e-35 6.5000000000000009 51.427708333333342 1.0000000180025095e-35 50.500000000000007 61.333333333333336 -77.796249999999986 74.225000000000009 52.613750000000003 40470.636718750007 -95.096249999999984 -24.260000000000019 177.82375000000002 217.50000000000003 6503.9519211710494 6.5999999999999979
decision_type=10 2 2 2 10 10 10 10 2 8 2 2 10 10 2 2 10 2 2 10 10 10 10 10 8 10 10 2 10 10
left_child=1 4 7 17 5 8 -5 11 9 10 -1 -2 15 -14 -13 -10 -12 -4 19 20 -7 22 -20 24 -17 -8 27 -27 -3 -23
right_child=2 28 3 6 -6 18 25 -9 12 -11 16 14 13 -15 -16 23 -18 -19 21 -21 -22 29 -24 -25 -26 26 -28 -29 -30 -31
leaf_value=-0.028000872111824619 0.30242652908724976 0.24606368246022128 0.1969519415847949 0.10588212418394084 0.3671709819042594 -0.11231706522928721 0.058956092541955135 1.2184834889450697 0.013110178433492671 0.1869433088729055 -0.050806054625687401 0.23901219734369977 -1.0229625488205421 0.011903057404410599 -0.17047000199208254 0.0025081155915500021 -0.3645804535313491 -0.32096892943808303 -0.10555182994776384 0.086727659813813945 -0.36633012859230929 -0.023345215915398874 -0.23736276166491616 -0.014782441140204768 -0.30422329289790534 -0.45501894858624936 0.030359429008987568 -1.4753662936715159 -0.051964580169226317 -0.12432555714270811
leaf_weight=3633 7954 3711 2615 272 1019 101 52 9353 1267 2615 77 1248 49 42 576 322 47 102 375 74 41 1499 198 672 1103 127 41 112 752 401
leaf_count=3633 7954 3711 2615 272 1019 101 52 9353 1267 2615 77 1248 49 42 576 322 47 102 375 74 41 1499 198 672 1103 127 41 112 752 401
internal_value=0.000974512 -0.000168676 0.00189088 0.000316978 -0.000643839 -0.000873372 -0.00320331 0.00216407 -0.000422161 0.000123333 -0.000664981 0.00163759 -0.00142795 -0.00877174 0.000121644 -0.00122675 -0.007584 0.00110044 -0.00252156 -0.006553 -0.0104476 -0.00216694 -0.00447909 -0.00213489 -0.00306101 -0.00655856 -0.00800712 -0.0095125 0.00127218 -0.00146765
internal_weight=40450 17998 22452 3321 13535 12516 604 19131 9827 6372 3757 9778 3455 91 1824 3364 124 2717 2689 216 142 2473 573 2097 1425 332 280 239 4463 1900
internal_count=40450 17998 22452 3321 13535 12516 604 19131 9827 6372 3757 9778 3455 91 1824 3364 124 2717 2689 216 142 2473 573 2097 1425 332 280 239 4463 1900
is_linear=0
shrinkage=0.03


Tree=64
num_leaves=31
num_cat=0
split_feature=13 16 5 32 41 10 15 4 15 1 14 34 9 32 41 4 34 28 14 5 12 4 9 16 14 4 32 12 14 14
split_gain=42.0771 14.3939 12.7826 10.6929 8.41521 8.07074 7.52489 6.4644 6.64144 5.27206 5.62069 4.94249 4.7292 4.64168 4.42714 4.1413 5.69676 7.81219 3.94732 3.83824 3.77202 3.71903 3.56765 3.35328 4.38012 3.32472 3.29987 3.2784 4.48634 4.33047
threshold=58.39500000000001 4926.6915136746147 55705.625000000007 92.597500000000011 3991.9844644618393 56.420000000000009 147.62270833333335 50.500000000000007 103.83645833333334 1.0000000180025095e-35 41.100000000000009 80.725000000000009 173.44625000000002 115.00500000000001 2085.5380311440317 322.50000000000006 93.205000000000013 40021.043437500011 106.77000000000001 36591.937500000007 46.85958333333334 339.50000000000006 20.221250000000001 3282.8236341293073 91.010000000000005 26.500000000000004 67.725000000000009 59.353541666666672 94.620000000000019 95.083750000000023
decision_type=8 10 2 8 10 8 10 2 10 2 10 10 10 10 10 2 10 10 10 2 10 2 10 8 10 2 10 10 10 10
left_child=1 2 3 9 7 6 -2 8 -3 10 -1 20 -7 -8 15 27 17 -17 -13 23 22 26 -9 -5 -25 -21 -20 -11 -29 -30
right_child=5 4 -4 19 -6 12 13 11 -10 14 -12 18 -14 -15 -16 16 -18 -19 21 25 -22 -23 -24 24 -26 -27 -28 28 29 -31
leaf_value=-0.086823924588753293 0.011800911159350677 -0.34071410672752162 0.23553164748838842 0.17942263904378525 0.44501690419300732 0.38771247496038708 -1.4979152873251049 -0.099253722839229314 -0.0155338077316077 -0.074764819847827013 0.13352003884282818 0.0016027379706438304 2.0336168597885176 -0.30401691757887472 0.16736540519279589 -0.077913998860722936 0.29280004699888085 -0.81394731085353156 -0.078167720848546993 -0.46468357598606636 -0.0029451831128070303 -0.27761279966495039 -0.26573949940037406 -0.58525508260437997 -0.175714206190102 0.43398288480213837 -0.017388303016025921 0.2818280408677788 -0.48006396570317006 -0.031084067512579971
leaf_weight=119 626 188 3338 415 511 9588 43 415 143 4291 1883 1615 7394 41 646 165 116 49 475 77 198 92 159 52 495 3683 552 634 40 2590
leaf_count=119 626 188 3338 415 511 9588 43 415 143 4291 1883 1615 7394 41 646 165 116 49 475 77 198 92 159 52 495 3683 552 634 40 2590
internal_value=0.00102055 0.00017274 0.000536141 0.000168131 -0.00138101 0.00211982 -0.00101266 -0.00186269 -0.00586446 -0.000363679 0.00102147 -0.00148332 0.00225084 -0.00938823 -0.000688818 -0.000884479 -0.00416918 -0.00706046 -0.000884095 0.00135422 -0.00360155 -0.00225268 -0.0048313 -0.000336448 -0.00187774 0.00178676 -0.00173054 -0.000740471 -2.38896e-05 -0.000570125
internal_weight=40633 22941 18593 15255 4348 17692 710 3837 331 10533 2002 3506 16982 84 8531 7885 330 214 2734 4722 772 1119 574 962 547 3760 1027 7555 3264 2630
internal_count=40633 22941 18593 15255 4348 17692 710 3837 331 10533 2002 3506 16982 84 8531 7885 330 214 2734 4722 772 1119 574 962 547 3760 1027 7555 3264 2630
is_linear=0
shrinkage=0.03


Tree=65
num_leaves=31
num_cat=0
split_feature=13 16 18 28 24 41 41 22 26 7 17 17 7 4 15 35 26 16 7 4 28 11 15 10 25 25 13 12 10 35
split_gain=42.7014 14.4002 9.9275 9.97824 9.40443 8.74966 7.50907 6.55312 18.5647 6.43649 6.25953 5.46528 4.95701 4.08874 5.11204 4.60981 4.14066 3.98834 4.79644 6.03145 5.9794 6.25501 4.40922 3.88907 3.77368 6.65734 5.76943 4.92327 3.64257 3.46399
threshold=58.39500000000001 4926.6915136746147 1.0000000180025095e-35 40512.199687500011 81.936250000000015 -3241.3561075981374 3991.9844644618393 1.0000000180025095e-35 39060.261250000003 10.368055555555559 180.96808000000001 4944.9396300000017 8.2864583333333375 50.500000000000007 88.688541666666694 -69.196249999999978 37921.271250000013 2610.1158262879258 6.9010416666666687 92.500000000000014 39046.516718750012 78.445000000000007 13.500208333333335 -0.0099999999999999482 80.179375000000022 84.741354166666682 11.023750000000001 83.088593750000015 1.0000000180025095e-35 -58.36249999999999
decision_type=10 10 2 10 8 8 10 2 10 2 8 10 2 2 10 10 8 10 2 2 10 10 8 8 8 8 8 8 10 10
left_child=1 2 4 10 9 11 13 12 -9 17 -4 -2 -7 14 15 -3 -15 18 22 -20 -21 -22 28 -5 -12 -26 -27 -28 -1 -18
right_child=5 6 3 23 -6 7 -8 8 -10 -11 24 -13 -14 16 -16 -17 29 -19 19 20 21 -23 -24 -25 25 26 27 -29 -30 -31
leaf_value=-0.23221698801348251 0.034633132725618535 -0.05715477386609058 0.045183739103309369 -3.2395489382606035 0.55011464118861664 0.6168189868362105 0.39536374798318646 -0.77521109773445662 0.29547283928518264 -0.1910159684432812 -0.087533531706542447 -0.40217279980535425 0.09654691003509748 -0.084192319545489308 -0.10757281697196391 -0.49180322568534668 0.024836327594859878 -0.052640993608907026 0.070069549550229274 -0.060204539290450061 -0.54722831021798435 0.035885573019976989 0.1285193251071105 0.096656359382900334 -1.020984392181157 0.0097259236163193402 -0.64932269283397481 -0.4722714773467428 -0.020343422584702914 -0.067616954992879993
leaf_weight=49 307 80 673 45 4310 15554 477 44 364 183 2463 137 1302 854 183 63 831 1436 804 515 86 42 5011 2107 85 315 63 288 129 1824
leaf_count=49 307 80 673 45 4310 15554 477 44 364 183 2463 137 1302 854 183 63 831 1436 804 515 86 42 5011 2107 85 315 63 288 129 1824
internal_value=0.000985403 0.000130384 0.000492448 -0.000507119 0.000972863 0.00209182 -0.00143149 0.00219878 -0.00155501 0.000379724 -0.00141435 -0.00206292 0.00228973 -0.00187304 -0.00508257 -0.0093125 -0.0015735 0.000506132 0.000816333 -0.000710635 -0.00287422 -0.00865116 0.0012422 0.00113144 -0.00196516 -0.0038258 -0.0028066 -0.00544602 -0.00338547 -0.000988328
internal_weight=40624 22916 18604 6039 12565 17708 4312 17264 408 8255 3887 444 16856 3835 326 143 3509 8072 6636 1447 643 128 5189 2152 3214 751 666 351 178 2655
internal_count=40624 22916 18604 6039 12565 17708 4312 17264 408 8255 3887 444 16856 3835 326 143 3509 8072 6636 1447 643 128 5189 2152 3214 751 666 351 178 2655
is_linear=0
shrinkage=0.03


Tree=66
num_leaves=31
num_cat=0
split_feature=11 39 16 7 5 7 6 32 10 4 7 0 10 41 17 34 15 5 18 26 5 41 0 4 9 4 7 0 7 5
split_gain=40.0836 18.2407 14.117 8.7588 6.55524 6.40023 6.34309 6.31137 5.18633 5.08811 4.86321 4.71983 4.6948 4.51955 4.10292 3.57309 5.20702 4.19292 3.84015 3.78818 3.56435 3.91012 3.52003 3.4148 3.36632 4.06411 12.1206 3.33577 3.08297 3.80508
threshold=100.00125000000001 -27.749999999999993 4655.694721084692 7.5781250000000009 43066.312500000007 8.8177083333333375 13.994933920704847 177.89500000000001 8.4937500000000004 4.5000000000000009 5.1753472222222241 13.500000000000002 -0.068749999999999992 2085.5380311440317 180.96808000000001 190.68500000000003 159.1452604166667 55881.062500000007 1.0000000180025095e-35 32450.500000000004 47802.937500000007 -3560.9089346773321 15.500000000000002 299.50000000000006 166.96500000000003 352.50000000000006 6.6059027777777795 4.5000000000000009 5.8906250000000027 34043.750000000007
decision_type=8 10 8 2 2 2 2 10 10 2 2 2 10 10 10 10 10 2 2 10 2 8 2 2 10 2 2 2 2 2
left_child=1 2 13 24 7 8 27 -5 -3 -10 -4 12 -12 14 -1 16 18 19 -6 -18 28 -22 -16 -20 25 -2 -27 -7 -11 -30
right_child=3 5 10 4 15 6 -8 -9 9 20 11 -13 -14 -15 22 -17 17 -19 23 -21 21 -23 -24 -25 -26 26 -28 -29 29 -31
leaf_value=0.090929585225700743 0.44543636414081916 -0.20106426230386712 0.0026763960362583229 -0.20315164500882774 0.26332966517604184 -0.29246073973930814 -0.52624343797678297 -1.429535985016517 -0.60512120177319551 0.2586467526317906 -0.44985594954211128 -0.03582586635081942 -0.090381457466594414 0.28587037279014538 -0.067801079469158851 1.3538638511191687 0.41954172957683933 0.060276738152959031 0.030197536046068556 -0.61593930361246507 -0.37841376905365171 0.25109778144995898 0.042185728693397706 -0.34022773959995306 1.9672856268772465 0.30567661445386934 -0.81043775741736257 0.082731589494214663 -0.83684678973587234 -0.016162056763069702
leaf_weight=1860 7115 436 1652 219 1012 103 102 45 63 2918 73 2331 3347 1462 1995 956 44 155 180 176 67 4584 1143 102 6938 121 49 337 40 891
leaf_count=1860 7115 436 1652 219 1012 103 102 45 63 2918 73 2331 3347 1462 1995 956 44 155 180 176 67 4584 1143 102 6938 121 49 337 40 891
internal_value=0.000982995 0.000176116 -0.000518681 0.00208648 0.000580277 0.0011856 -0.0019779 -0.00391698 0.00137633 0.00153888 -0.00141288 -0.00182493 -0.00253435 0.000506114 7.68155e-05 0.00103389 0.000195808 -0.00291223 0.00109807 -0.00556561 0.00160216 0.00216101 -0.0005849 -0.00199293 0.00239237 0.00194139 -0.00263158 -0.000408163 0.000926494 -0.00057618
internal_weight=40516 23404 13863 17112 2889 9541 542 264 8999 8563 7403 5751 3420 6460 4998 2625 1669 375 1294 220 8500 4651 3138 282 14223 7285 170 440 3849 931
internal_count=40516 23404 13863 17112 2889 9541 542 264 8999 8563 7403 5751 3420 6460 4998 2625 1669 375 1294 220 8500 4651 3138 282 14223 7285 170 440 3849 931
is_linear=0
shrinkage=0.03


Tree=67
num_leaves=31
num_cat=0
split_feature=13 41 9 7 5 4 16 31 5 8 5 27 7 8 32 4 26 5 12 39 34 1 5 9 32 41 34 28 26 29
split_gain=40.42 12.1745 11.5608 12.9246 11.7998 12.3218 10.4954 8.61823 6.74175 6.60119 6.43127 5.79078 6.46783 7.08873 7.94355 5.78271 5.44005 5.36852 5.08208 4.97849 4.76485 4.53427 3.59144 3.54102 3.50615 3.29509 3.22624 3.68668 3.13154 3.32916
threshold=37.350000000000009 3991.9844644618393 173.44625000000002 6.2777777777777803 56831.250000000007 357.50000000000006 4974.9630399073603 81.922500000000014 34043.750000000007 529.36250000000007 41843.750000000007 33954.781666666669 8.175347222222225 336.30625000000003 170.95500000000001 60.500000000000007 34081.821250000008 58903.312500000007 63.589479166666678 -81.421250000000001 82.995000000000019 1.0000000180025095e-35 47504.500000000007 107.79500000000002 35.135000000000012 -6623.4460519441482 -6.8749999999999991 39324.445625000008 36883.567500000012 84.59875000000001
decision_type=10 10 10 2 2 2 10 10 2 2 2 10 2 2 10 2 10 2 10 10 10 2 2 10 10 10 10 8 8 10
left_child=1 6 3 9 5 8 7 17 -5 -2 -11 -10 16 14 22 18 -13 21 19 -8 -17 -1 23 -14 -9 -21 27 -23 29 -22
right_child=2 -3 -4 4 -6 -7 15 24 11 10 -12 12 13 -15 -16 20 -18 -19 -20 25 28 26 -24 -25 -26 -27 -28 -29 -30 -31
leaf_value=0.035374620042886634 0.35206508714120788 0.45936129961368649 1.8896551314796604 -1.1785205641950622 0.197285816415909 -0.72798620254970392 -0.073280675454796551 -0.03784333796202638 0.24211638840143895 -0.66291806202686665 0.032319338609619344 -1.1110009243590813 -0.28248291643261214 -0.92066659189904032 -1.3826732766786538 -0.11141556720425111 -0.0002817338855219187 0.20986916392614641 0.048844333909391989 -0.072310777801393888 0.013255440914850414 -0.68600720825990069 -0.0019359016301517475 -0.96122185164775387 0.2024035643110374 -0.51741199465837961 -0.064294126457853942 -4.3555222379142871 -0.0069618278745436678 -0.1026001636364582
leaf_weight=1447 9304 1879 7487 47 1976 53 184 980 680 122 900 90 109 54 41 844 1376 532 96 50 97 93 307 45 4469 68 5003 42 1987 178
leaf_count=1447 9304 1879 7487 47 1976 53 184 980 680 122 900 90 109 54 41 844 1376 532 96 50 97 93 307 45 4469 68 5003 42 1987 178
internal_value=0.000979009 -8.37325e-05 0.00182334 0.00134538 5.52418e-05 -0.00119657 -0.000350943 5.39509e-05 -0.000917454 0.00194229 -0.000346041 -0.000719201 -0.00152447 -0.00427648 -0.00314911 -0.00180257 -0.000478527 -0.000633464 -0.00520301 -0.00710891 -0.0013653 -0.00086775 -0.00200649 -0.00572903 0.000951743 -0.0118992 -0.00128546 -0.00584559 -0.000646929 -0.0036413
internal_weight=40540 17949 22591 15104 4778 2802 16070 12566 2749 10326 1022 2702 2022 556 502 3504 1466 7117 398 302 3106 6585 461 154 5449 118 5138 135 2262 275
internal_count=40540 17949 22591 15104 4778 2802 16070 12566 2749 10326 1022 2702 2022 556 502 3504 1466 7117 398 302 3106 6585 461 154 5449 118 5138 135 2262 275
is_linear=0
shrinkage=0.03


Tree=68
num_leaves=31
num_cat=0
split_feature=11 39 16 7 5 7 6 14 11 33 41 1 16 2 25 7 41 5 13 6 18 12 25 27 29 27 9 28 27 28
split_gain=39.154 16.5558 13.0022 7.64993 8.10584 5.56336 8.017 6.46042 5.45485 4.67177 4.57632 4.40262 4.19759 3.91903 3.61011 3.53532 3.6068 3.37232 3.34167 3.2807 4.18753 4.20325 3.42385 3.21065 3.20863 3.08639 5.0654 3.46608 3.08398 2.99231
threshold=101.91375000000001 -26.078749999999996 3022.8214322106674 8.6788194444444482 45001.375000000007 7.5086805555555571 13.910352422907492 50.052500000000002 58.318750000000009 23.965000000000003 420.85905096846187 1.5000000000000002 13527.738327874416 10.500000000000002 50.554270833333341 4.9843750000000018 2171.4324529777227 56255.875000000007 5.080000000000001 9.8103524229074921 1.0000000180025095e-35 62.638541666666676 103.65375000000002 46660.904895833337 86.328750000000014 39539.509687500009 45.003750000000004 40849.149531250012 40270.599375000005 40512.199687500011
decision_type=8 8 8 2 2 2 2 10 10 10 8 2 10 2 10 2 10 2 10 2 2 10 10 10 10 10 10 10 10 10
left_child=1 2 9 10 28 7 -7 -3 12 -1 24 -8 13 23 -14 -10 -17 -6 -15 -9 -21 -22 -23 25 -2 26 -4 -28 -5 -11
right_child=3 5 8 4 17 6 11 19 15 29 -12 -13 14 18 -16 16 -18 -19 -20 20 21 22 -24 -25 -26 -27 27 -29 -30 -31
leaf_value=-1.6920414607215479 -0.10189594874102149 -0.44882838507188927 -0.061328517281137924 -0.21322297089258713 -0.094966832641519089 0.051108276262086465 0.069834819810118284 0.26220636886872978 0.1596953762442837 0.012458195751369073 0.76798985169438305 -0.49550669027062511 -0.02632726115953847 -0.063641030378155369 -0.11119493524278308 -0.065217817940077097 0.1970423378885954 0.24876356083940002 0.10802896552646253 0.29698900142793067 -0.2751476791873983 0.152039561919871 -0.42388307344035181 -0.14823985126188893 0.092010519627846857 -0.022710376681297804 -0.32457887962688037 -0.40142934261887853 -0.87351788847497736 0.12624420962694111
leaf_weight=64 139 61 1782 99 563 1099 77 3029 988 2668 14188 181 53 110 65 3125 437 768 401 3265 339 1356 77 223 863 1618 552 64 46 2308
leaf_count=64 139 61 1782 99 563 1099 77 3029 988 2668 14188 181 53 110 65 3125 437 768 401 3265 339 1356 77 223 863 1618 552 64 46 2308
internal_value=0.000977961 0.000200727 -0.000438204 0.00209444 3.24984e-05 0.0011747 -0.000603093 0.00147158 -0.00109629 0.00079151 0.00229478 -0.00535135 -0.00179421 -0.00165439 -0.00736134 -0.000349374 -0.000789784 0.000768018 0.000826172 0.00154556 0.00107602 -9.81386e-05 0.000612971 -0.00195354 0.000334995 -0.00175803 -0.00244102 -0.00478444 -0.00667808 0.00089572
internal_weight=40608 23942 14458 16666 1476 9484 1357 8127 9418 5040 15190 258 4868 4750 118 4550 3562 1331 511 8066 5037 1772 1433 4239 1002 4016 2398 616 145 4976
internal_count=40608 23942 14458 16666 1476 9484 1357 8127 9418 5040 15190 258 4868 4750 118 4550 3562 1331 511 8066 5037 1772 1433 4239 1002 4016 2398 616 145 4976
is_linear=0
shrinkage=0.03


Tree=69
num_leaves=31
num_cat=0
split_feature=24 9 7 6 22 7 13 4 5 5 0 17 40 28 40 5 7 6 4 34 32 7 10 16 9 5 26 35 26 13
split_gain=39.0629 11.159 11.9795 10.9193 10.2068 9.68007 7.03431 6.90424 6.4103 5.89853 5.05914 4.89455 4.7238 4.94258 4.51139 7.97796 4.1713 5.09594 3.94156 4.06404 3.90933 3.6737 4.65554 3.65887 3.84788 3.63542 3.37428 3.44631 3.36578 3.6872
threshold=81.936250000000015 173.44625000000002 6.1718750000000018 7.6072687224669613 1.0000000180025095e-35 6.3767361111111134 37.350000000000009 116.50000000000001 36201.750000000007 57001.187500000007 15.500000000000002 1918.6340750000002 -17.815000000000001 46503.048906250006 -38.044999999999987 34043.750000000007 10.071180555555559 15.232158590308373 354.50000000000006 50.005000000000003 10.001250000000001 4.4531250000000009 3.5550000000000002 12524.676816973219 14.475000000000003 57205.250000000007 38157.000000000007 -24.260000000000019 33532.777500000004 38.885000000000005
decision_type=8 10 2 2 2 2 10 2 2 2 2 10 8 10 10 2 2 2 2 10 10 2 10 10 10 2 10 10 10 10
left_child=3 2 20 23 8 10 -6 12 28 -8 11 21 13 -7 26 -16 25 -18 -17 -20 -2 -5 -23 -1 -25 -10 27 -9 -4 -30
right_child=1 -3 4 5 6 7 9 14 16 -11 -12 -13 -14 -15 15 18 17 -19 19 -21 -22 22 -24 24 -26 -27 -28 -29 29 -31
leaf_value=0.19631305274236704 -0.10229582873869497 1.8169136964743435 -0.029410295962847572 0.10971740913166494 0.008427440716293616 -0.011844925764775846 -0.65912950461737496 -0.11242605807570984 0.035976550801729207 -0.40553830813071584 0.092136372429810931 -0.055159411025569059 0.086434111713445561 -0.13866959418399843 -0.64094787870124303 -0.17558641441253109 -0.1232797260955913 -1.2906621628582613 -0.046501635665367677 -0.37113294897429167 0.47695394501450616 -0.17846994260190233 -0.0051407972025164558 -0.12032017772831874 0.033209325878574551 0.34017393416003711 -0.0018186466907144409 0.027383117901488327 -0.2075473092871524 -1.4144467098228999
leaf_weight=2631 345 7670 76 2248 82 995 71 403 2928 40 2403 2631 1036 252 55 1220 321 40 64 68 8979 189 2815 40 66 1392 904 136 42 40
leaf_count=2631 345 7670 76 2248 82 995 71 403 2928 40 2403 2631 1036 252 55 1220 321 40 64 68 8979 189 2815 40 66 1392 904 136 42 40
internal_value=0.000968469 0.00181768 0.00132395 -6.17942e-05 0.000144248 -0.00037179 -0.00660309 -0.00143572 0.00041467 -0.0114911 0.00015923 -0.000208143 -0.000206217 -0.00144952 -0.0024202 -0.00362855 0.000615763 -0.0024779 -0.0031663 -0.00807519 0.00196054 0.00032096 -0.000365391 0.00168408 -0.00375701 0.000874798 -0.0012403 -0.00311667 -0.00550943 -0.00968675
internal_weight=40182 22026 14356 18156 5032 15419 193 5133 4839 111 10286 7883 2283 1247 2850 1407 4681 361 1352 132 9324 5252 3004 2737 106 4320 1443 539 158 82
internal_count=40182 22026 14356 18156 5032 15419 193 5133 4839 111 10286 7883 2283 1247 2850 1407 4681 361 1352 132 9324 5252 3004 2737 106 4320 1443 539 158 82
is_linear=0
shrinkage=0.03


Tree=70
num_leaves=31
num_cat=0
split_feature=11 39 16 4 26 41 30 34 7 5 41 18 5 8 25 14 38 8 0 38 34 7 34 7 6 18 8 15 32 17
split_gain=36.0826 16.7193 11.9912 8.13725 5.70283 5.51857 5.40685 4.86357 4.85711 9.76521 4.8261 4.68534 4.34778 4.25708 3.59949 3.56093 3.54793 3.71841 4.93006 5.34001 3.4773 3.47256 3.68993 3.4496 4.22259 3.19136 3.05962 2.95605 2.93867 2.92587
threshold=102.56500000000001 -31.561249999999998 2736.390226890192 359.50000000000006 35829.528750000005 2085.5380311440317 179.12375000000003 87.045000000000016 6.9288194444444473 35601.625000000007 5434.6530780996445 1.0000000180025095e-35 52253.125000000007 654.24375000000009 124.09562500000001 52.095000000000006 12.110000000000008 284.40625000000006 13.500000000000002 36.215000000000011 -22.649999999999995 5.0434027777777795 77.105000000000004 8.1267361111111143 16.839647577092514 1.0000000180025095e-35 198.92500000000004 78.60708333333335 14.017500000000002 6351.7455800000016
decision_type=8 10 8 2 10 8 10 10 2 2 10 2 2 2 10 10 8 2 2 10 10 2 10 2 2 2 2 10 10 8
left_child=1 2 20 6 -5 7 11 27 15 -10 16 -2 14 23 -11 -7 21 29 19 -19 -1 -4 -23 -13 -25 -17 -27 -3 -9 -18
right_child=3 5 10 4 -6 8 -8 28 9 12 -12 13 -14 -15 -16 25 17 18 -20 -21 -22 22 -24 24 -26 26 -28 -29 -30 -31
leaf_value=-1.2061330944837245 0.47490810803062827 -0.15671286272070911 0.021192190477703987 -0.34543662473975562 -0.023892324926786328 -0.26395930941452117 1.9194476424073064 -0.31805333088940718 -0.59857788449970772 -0.07701970756605013 0.4187196398843232 0.15909339397028813 0.12470927617983912 -0.75701094842737471 -1.4521629564520828 0.30903913800120192 -0.15662481460514188 -0.21847748935917535 -0.071932133893063216 -0.73726055926508849 0.053622500413106775 -0.097449029859554115 -0.023892422783154635 -0.10359308469571724 -1.0405570439512848 0.22784967066508421 -0.076753159326752141 -0.55820719826389609 0.12498670326000777 0.021976792171406936
leaf_weight=72 7248 467 1586 70 167 42 6573 67 57 659 367 2017 1147 66 41 4859 578 115 371 84 4253 2026 3260 327 40 1508 740 55 1096 454
leaf_count=72 7248 467 1586 70 167 42 6573 67 57 659 367 2017 1147 66 41 4859 578 115 371 84 4253 2026 3260 327 40 1508 740 55 1096 454
internal_value=0.000988939 0.000243966 -0.000472545 0.0020676 -0.00344118 0.00112245 0.00214805 -0.000453737 0.00141584 6.92914e-05 -0.00110575 0.00169749 0.000449675 0.000563036 -0.00141227 0.00177441 -0.00125168 -0.00252277 -0.00446585 -0.008265 0.000821775 -0.000955041 -0.00132438 0.000772327 -0.00189946 0.00182625 0.000891063 -0.0028566 0.000626289 -0.00144627
internal_weight=40412 23904 13166 16508 237 10738 16271 1685 9053 1904 8841 9698 1847 2450 700 7149 8474 1602 570 199 4325 6872 5286 2384 367 7107 2248 522 1163 1032
internal_count=40412 23904 13166 16508 237 10738 16271 1685 9053 1904 8841 9698 1847 2450 700 7149 8474 1602 570 199 4325 6872 5286 2384 367 7107 2248 522 1163 1032
is_linear=0
shrinkage=0.03


Tree=71
num_leaves=31
num_cat=0
split_feature=11 39 16 29 4 25 11 17 5 16 5 4 10 4 28 33 13 24 12 25 14 12 13 4 38 13 36 13 4 24
split_gain=36.4707 16.0696 10.3335 6.93811 5.92766 10.4912 4.63386 4.37093 4.08987 3.98925 3.90223 6.04653 6.03272 3.95819 3.78935 3.90664 3.67054 3.64821 3.41402 3.21547 3.55661 6.37267 6.29757 3.89556 5.45431 3.82569 3.61055 3.36274 3.35036 3.15662
threshold=102.56500000000001 -26.078749999999996 2667.7994046214094 145.11375000000004 359.50000000000006 121.71145833333334 58.318750000000009 8287.4803200000024 47802.937500000007 7522.3623440310776 44903.125000000007 108.50000000000001 87.371250000000018 272.50000000000006 34956.812500000007 183.99125000000004 59.002500000000005 71.885000000000005 72.567291666666677 46.85958333333334 81.520000000000024 42.728750000000012 6.7475000000000014 291.50000000000006 13.200000000000012 -0.96874999999999989 -34.864999999999988 6.7475000000000014 276.50000000000006 41.675000000000004
decision_type=8 10 8 10 2 10 10 10 2 10 2 2 10 2 10 10 10 8 10 10 10 10 10 2 10 10 10 10 2 10
left_child=1 2 7 4 10 -6 19 -1 17 -10 11 12 -2 -13 -15 -16 -14 -3 -11 27 21 29 -23 24 25 -22 -26 -4 -27 -21
right_child=3 8 6 -5 5 -7 -8 -9 9 18 -12 13 16 14 15 -17 -18 -19 -20 20 23 22 -24 -25 26 28 -28 -29 -30 -31
leaf_value=0.13084689629148805 0.1072050957244919 -0.048301701970868784 -0.041135262312303536 1.1825060464902111 0.014829672303545533 -0.61480984592426635 -0.019010305953069889 -0.031925193556528522 0.19524489842862278 -0.59623597890475855 0.33433352203620637 0.28498450470033115 -0.78849147042777501 0.13501680142596947 -0.092146949470032852 -0.76231330558661359 -0.39433485616439712 0.22407856296166254 -0.0081983519227220702 -0.15362989318661763 -0.4012094743180582 -0.48981561699476384 -0.075270595082567726 0.070869367508270359 -0.27885062494933788 -0.023815719619710317 -0.21662199628297588 0.054898221441975745 -0.31481037852030924 -0.08201945058571998
leaf_weight=3170 54 1658 2409 8506 114 46 4693 1334 5037 41 5836 1461 42 235 118 86 48 2579 176 95 77 54 50 323 100 927 303 559 107 226
leaf_count=3170 54 1658 2409 8506 114 46 4693 1334 5037 41 5836 1461 42 235 118 86 48 2579 176 95 77 54 50 323 100 927 303 559 107 226
internal_value=0.000963351 0.000214223 -0.000416482 0.00204617 0.001414 -0.00428571 -0.000957376 0.000775139 0.00117288 0.00173206 0.00153026 0.000401956 -0.00550345 0.000852183 -0.00164318 -0.00462439 -0.0102198 0.000479236 -0.00224312 -0.0015714 -0.00242333 -0.00489437 -0.0113143 -0.00184929 -0.00248713 -0.00140018 -0.00547277 -0.000921522 -0.000915942 -0.00278571
internal_weight=40464 23918 14427 16546 8040 160 9923 4504 9491 5254 7880 2044 144 1900 439 204 90 4237 217 5230 2262 425 104 1837 1514 1111 403 2968 1034 321
internal_count=40464 23918 14427 16546 8040 160 9923 4504 9491 5254 7880 2044 144 1900 439 204 90 4237 217 5230 2262 425 104 1837 1514 1111 403 2968 1034 321
is_linear=0
shrinkage=0.03


Tree=72
num_leaves=31
num_cat=0
split_feature=13 0 18 17 7 9 7 25 13 13 11 6 4 35 6 27 10 8 4 13 16 11 35 17 9 14 16 4 17 13
split_gain=35.4302 12.3905 8.50289 10.9523 9.77173 7.75189 7.69152 7.13367 9.10118 7.35086 6.52335 5.86908 6.27536 5.78839 5.35528 5.40763 4.67983 4.64148 5.63206 5.19071 4.60598 4.33068 3.98641 3.90122 3.43993 3.30394 2.9986 2.90771 2.8404 2.8283
threshold=58.39500000000001 15.500000000000002 1.0000000180025095e-35 8.1803500000000025 4.4739583333333348 192.94000000000003 8.2864583333333375 62.693593750000012 52.020000000000003 0.42500000000000004 101.91375000000001 6.7528634361233495 353.50000000000006 11.418750000000001 12.674008810572689 33954.781666666669 0.28125000000000006 654.24375000000009 136.50000000000003 0.051250000000000011 5967.1323708235041 92.708750000000009 2.947500000000002 11097.837585000003 28.085000000000004 220.38000000000002 13022.046970762634 96.500000000000014 7889.58781 30.360000000000003
decision_type=10 2 2 8 2 10 2 8 10 10 8 2 2 10 2 10 10 2 2 10 10 10 10 10 8 10 10 2 10 10
left_child=1 2 4 13 28 6 16 9 24 17 11 -6 -13 -4 -8 -16 -2 19 -19 27 -3 -10 -14 -18 -9 -17 -12 -5 -1 -26
right_child=5 20 3 7 10 -7 14 8 21 -11 26 12 22 -15 15 25 23 18 -20 -21 -22 -23 -24 -25 29 -27 -28 -29 -30 -31
leaf_value=0.28527765752950929 -0.62803158617708221 0.14713247664251944 0.054565764112785499 -0.14324323302414749 0.17169248051026603 2.1745196624935583 0.081538162531401767 -0.0031057407723875949 -1.1219478148152815 0.0059882351770067727 0.21351084994389027 -0.052419625806777136 -0.047174793652553677 -0.60911054506676565 0.075297018951954106 -0.51246475751620846 0.36819204350474788 -7.4925059472929547 -0.60637496865128859 -0.50413979629897832 -0.020115204931565097 -0.18068303493890819 -0.30032320761137082 -0.48481005126861176 -0.35553949638736304 -1.5682855335832018 -0.074350495640110592 -0.062577846746200802 -0.013852719260291508 -0.19555955507850631
leaf_weight=2458 64 6450 1253 59 762 6372 685 241 73 1437 1379 4938 41 41 111 117 10205 40 118 57 1188 41 40 81 443 49 91 712 654 343
leaf_count=2458 64 6450 1253 59 762 6372 685 241 73 1437 1379 4938 41 41 111 117 10205 40 118 57 1188 41 40 81 443 49 91 712 654 343
internal_value=0.000975459 0.000195407 -0.000299369 -0.00133484 0.000186125 0.00198372 0.00151207 -0.00219299 -0.00414799 -0.00127104 -0.000417402 -0.000871152 -0.00124363 0.00102857 -0.00105296 -0.00456475 0.00175056 -0.00326444 -0.00796226 -0.00235947 0.00118131 -0.0121565 -0.00947561 0.00180111 -0.00324805 -0.00797605 0.00136642 -0.00170596 0.00159203 -0.00420839
internal_weight=40543 22859 15221 4858 10363 17684 11312 3564 1141 2423 7251 5781 5019 1294 962 277 10350 986 158 828 7638 114 81 10286 1027 166 1470 771 3112 786
internal_count=40543 22859 15221 4858 10363 17684 11312 3564 1141 2423 7251 5781 5019 1294 962 277 10350 986 158 828 7638 114 81 10286 1027 166 1470 771 3112 786
is_linear=0
shrinkage=0.03


Tree=73
num_leaves=31
num_cat=0
split_feature=13 41 16 18 25 9 13 24 24 39 35 9 17 41 32 5 4 4 4 34 15 35 28 28 39 4 15 15 13 4
split_gain=36.9445 11.8758 9.87672 10.2579 10.1354 7.31613 6.48884 6.67406 5.97126 5.06082 4.65642 4.58485 4.56406 4.36654 4.24846 4.20632 9.71646 4.55613 4.15127 4.93682 4.83595 4.989 4.10267 4.1201 7.45612 3.74956 3.92121 8.88609 4.51558 3.36126
threshold=58.39500000000001 4081.6994252008885 3121.2766701715832 1.0000000180025095e-35 80.179375000000022 180.18500000000003 11.023750000000001 90.555000000000021 49.922500000000007 -67.854999999999976 -4.6737499999999761 -7.7899999999999991 4669.9582800000017 1891.7191633936529 -1.0000000180025095e-35 51456.250000000007 357.50000000000006 257.50000000000006 50.500000000000007 82.995000000000019 88.211041666666674 -73.097499999999982 40512.199687500011 40216.750000000007 -46.534999999999989 305.50000000000006 115.06145833333335 107.79812500000001 148.29500000000004 136.50000000000003
decision_type=10 10 10 2 10 10 10 10 10 10 10 8 10 10 10 2 2 2 2 10 10 10 10 10 10 2 10 10 10 2
left_child=1 2 3 8 11 12 -6 10 -1 -9 -8 29 15 -14 -10 16 17 -2 20 -20 21 -4 23 -13 -25 26 27 -19 -28 -5
right_child=5 -3 18 4 6 -7 7 9 14 -11 -12 22 13 -15 -16 -17 -18 25 19 -21 -22 -23 -24 24 -26 -27 28 -29 -30 -31
leaf_value=-0.0029586459230299825 0.33178560908785304 0.44660553325850377 -0.030729817979906714 -6.7088996057628636 -0.11928235622911292 1.8146838528921894 -1.2044376813606756 -0.8824903744249899 -0.49071028088284602 -0.10753819602961416 -0.60200432936635773 -0.026769738686809274 -0.29608939898306713 0.31964316981812069 0.22900646895047444 0.41395770940143156 -0.78976334128893344 -0.16959883808320161 -0.097953548347768468 -0.014211965181642371 -0.058225328049206167 -0.38976667279294697 0.081096402819807414 0.060118184735362137 -0.32832384835895129 0.36267860896848136 0.26550748468224844 -0.89525801128777671 -1.5038391984895316 -0.28018664505742485
leaf_weight=3283 3851 2176 68 43 419 7082 53 98 54 191 48 2548 277 193 6512 4605 56 313 1567 3759 202 63 1676 46 56 489 643 88 49 53
leaf_count=3283 3851 2176 68 43 419 7082 53 98 54 191 48 2548 277 193 6512 4605 56 313 1567 3759 202 63 1676 46 56 489 643 88 49 53
internal_value=0.000954909 0.000160368 -6.08967e-05 0.000340163 -0.000733371 0.00198663 -0.00381852 -0.00659847 0.000910355 -0.00425172 -0.0132059 -0.000168212 0.00148623 -0.00140127 0.00143262 0.0016208 0.00105956 0.00118863 -0.00112951 -0.000925849 -0.00437425 -0.00884091 -2.35728e-05 -0.000758204 -0.00664078 -0.000166772 -0.00114351 -0.0035 0.000225108 -0.00661856
internal_weight=40561 22915 20739 15080 5231 17646 809 390 9849 289 101 4422 10564 470 6566 10094 5489 5433 5659 5326 333 131 4326 2650 102 1582 1093 401 692 96
internal_count=40561 22915 20739 15080 5231 17646 809 390 9849 289 101 4422 10564 470 6566 10094 5489 5433 5659 5326 333 131 4326 2650 102 1582 1093 401 692 96
is_linear=0
shrinkage=0.03


Tree=74
num_leaves=31
num_cat=0
split_feature=13 0 7 18 13 5 17 9 7 41 7 4 17 24 5 8 41 26 31 8 8 11 14 12 10 35 10 9 16 40
split_gain=34.8371 10.3958 9.39838 8.33682 7.83201 7.22644 5.47955 5.19943 4.67005 5.19912 4.62248 7.38559 4.58528 3.98966 3.96758 3.86873 3.69925 3.30526 2.98756 2.92389 2.77088 3.85404 2.76811 4.92639 2.73191 2.67639 2.67162 2.66397 2.65003 2.7513
threshold=68.936250000000015 17.500000000000004 5.2482638888888902 1.0000000180025095e-35 68.333750000000009 58115.937500000007 8.1803500000000025 178.05500000000004 9.1128472222222268 596.80749135545932 6.352430555555558 357.50000000000006 6094.1003400000018 95.208750000000009 37066.312500000007 739.12500000000011 3991.9844644618393 41223.228750000002 -9.9912499999999991 643.2750000000002 250.98125000000002 50.235000000000007 194.88500000000002 121.71145833333334 0.065000000000000016 7.1787500000000088 81.965000000000018 102.00125000000001 13527.738327874416 -46.034999999999989
decision_type=10 2 2 2 10 2 8 10 2 8 2 2 10 10 2 2 8 10 8 2 2 10 10 10 10 10 10 10 10 10
left_child=1 2 3 12 5 22 -5 10 9 26 15 14 -1 18 -12 -2 25 -10 19 -8 -16 -22 23 24 -4 -7 27 -3 29 -26
right_child=7 8 4 6 -6 16 13 -9 17 -11 11 -13 -14 -15 20 -17 -18 -19 -20 -21 21 -23 -24 -25 28 -27 -28 -29 -30 -31
leaf_value=0.23582755305241312 0.46228190628087168 -0.040147196392581859 -0.12677444583884268 0.13164215005625043 -0.72806488425464333 -0.028815337326903882 0.051095117558870876 1.7093435507849517 -0.1485844056127768 0.32146700813302226 -0.41866049403487815 -0.68521707517216357 -0.015583743438782301 -0.377063464431665 0.25670773236491984 -0.53029904554021556 0.17062669557722682 0.028280491214449678 -0.037092318336740759 -3.7638876982002061 -0.84750589270649923 -0.015036807053453515 0.6510036729912908 -1.23863685579594 0.00218993320590957 -0.63026142713483935 0.15429666910829393 -0.35788925334177807 -0.049522403231828056 -0.078539742250774439
leaf_weight=4699 5736 713 809 604 50 336 47 7093 181 4392 106 60 1320 161 1677 103 1502 337 1853 61 41 298 263 55 2458 40 714 45 308 4481
leaf_count=4699 5736 713 809 604 50 336 47 7093 181 4392 106 60 1320 161 1677 103 1502 337 1853 61 41 298 263 55 2458 40 714 45 308 4481
internal_value=0.00101764 0.000339638 -1.14972e-05 0.000711754 -0.000625449 -0.000567053 -0.000664466 0.00215825 0.00138744 0.00162864 0.00163463 0.000456253 0.00133505 -0.00138201 0.000751766 0.00207483 0.00111442 -0.00134104 -0.00100765 -0.00583486 0.00105007 -0.00142059 -0.000944239 -0.00104253 -0.000980762 -0.00154377 8.55398e-05 -0.00115415 -0.000795944 -0.000674784
internal_weight=40543 25429 19047 8745 10302 10252 2726 15114 6382 5864 8021 2182 6019 2122 2122 5839 1878 518 1961 108 2016 339 8374 8111 8056 376 1472 758 7247 6939
internal_count=40543 25429 19047 8745 10302 10252 2726 15114 6382 5864 8021 2182 6019 2122 2122 5839 1878 518 1961 108 2016 339 8374 8111 8056 376 1472 758 7247 6939
is_linear=0
shrinkage=0.03


Tree=75
num_leaves=31
num_cat=0
split_feature=32 5 16 5 4 27 30 41 4 14 11 16 15 32 9 10 4 17 5 10 29 28 25 10 40 27 27 9 5 4
split_gain=31.8462 14.562 9.67062 6.918 7.95273 6.60294 6.98754 6.46309 5.98032 4.76318 4.28431 4.1959 4.50742 4.11615 4.10846 3.5946 3.5192 3.44767 3.40402 4.92042 3.24021 3.17072 4.17831 3.31754 3.14962 3.0482 3.67103 2.91345 4.80962 2.82638
threshold=93.105000000000004 54810.625000000007 4766.0606792502031 39206.250000000007 261.50000000000006 37277.375000000007 98.966250000000016 -227.12221849167324 357.50000000000006 99.290000000000006 58.318750000000009 2582.7301934063485 75.107291666666683 41.003750000000004 39.045000000000009 33.57500000000001 303.50000000000006 11013.258500000002 41155.625000000007 87.371250000000018 130.64625000000001 34045.45203125001 57.520833333333343 63.745000000000012 -8.6549999999999994 35898.458333333343 36483.333333333336 57.172500000000007 36405.937500000007 265.50000000000006
decision_type=10 2 10 2 2 10 10 8 2 10 10 8 10 10 10 10 2 10 2 10 10 10 10 10 10 10 10 10 2 2
left_child=1 8 3 4 9 -6 -7 -3 10 27 11 -1 16 18 -14 -4 -13 -15 19 -12 -5 -10 -23 -24 -8 -20 -27 -2 -29 -16
right_child=2 7 15 20 5 6 24 -9 21 -11 13 12 14 17 29 -17 -18 -19 25 -21 -22 22 23 -25 -26 26 -28 28 -30 -31
leaf_value=0.013764455875464906 0.00077136283348088689 -0.089550561198325287 -0.11886375139643085 0.40528734322924237 0.038019811831796882 -0.16570645663308761 -1.4281046962461177 0.16863749710740872 0.0041026668824838712 0.33348642261414452 -0.086451731195756137 -0.045355892953912624 -0.087532461402419118 0.11546447110487672 -0.8783834885198093 0.0057230392554633762 0.11463881211121112 -0.43522932577105811 0.11584329494289364 -0.4476194656693615 0.99415795004201357 -0.02780448831322023 -0.39355419816900866 -0.58759203715393937 -0.90292950672405581 -0.71779729584668639 -0.050102442359115637 -0.49412271012854642 0.039759907149439139 -0.016709665625694873
leaf_weight=2777 148 527 166 6610 354 148 40 5053 88 2268 235 4675 221 4834 177 1394 281 56 689 63 8225 70 55 54 70 72 1111 41 42 59
leaf_count=2777 148 527 166 6610 354 148 40 5053 88 2268 235 4675 221 4834 177 1394 281 56 689 63 8225 70 55 54 70 72 1111 41 42 59
internal_value=0.000988055 0.000180159 0.00186179 0.00205873 0.000772172 -0.00229038 -0.0059305 0.00149436 -0.000292499 0.0015228 -0.000214412 -0.000681235 -0.00116753 0.000327149 -0.00401528 -0.000403587 -0.000904176 0.00080965 -0.000760018 -0.00373244 0.00232846 -0.00473507 -0.00701667 -0.0106636 -0.0116216 -0.000285104 -0.00120861 -0.00257328 -0.00703571 -0.00675949
internal_weight=40603 21097 19506 17946 3111 612 258 5580 15517 2499 15250 8190 5413 7060 457 1560 4956 4890 2170 298 14835 267 179 109 110 1872 1183 231 83 236
internal_count=40603 21097 19506 17946 3111 612 258 5580 15517 2499 15250 8190 5413 7060 457 1560 4956 4890 2170 298 14835 267 179 109 110 1872 1183 231 83 236
is_linear=0
shrinkage=0.03


Tree=76
num_leaves=31
num_cat=0
split_feature=24 41 5 4 16 11 15 14 32 5 5 4 26 15 15 28 27 29 35 13 15 29 13 13 13 27 15 9 23 8
split_gain=31.4373 12.4478 11.0067 7.32738 6.75663 6.39028 6.07666 5.297 5.21018 4.86575 4.50925 4.92159 6.72369 8.54263 4.50328 3.85831 4.45528 3.58468 3.57814 3.5428 3.49842 4.67236 3.36873 3.36206 4.98532 5.4735 7.52882 2.97905 3.05966 3.75395
threshold=131.25750000000002 1195.1037288894152 54962.937500000007 343.50000000000006 2871.2641197764674 60.908750000000005 144.3897916666667 147.17500000000004 4.1625000000000005 53300.312500000007 39500.687500000007 261.50000000000006 35920.696250000008 103.03078125 75.107291666666683 40512.199687500011 40651.857343750009 89.876250000000013 18.066250000000007 49.975000000000009 85.629583333333343 103.45125000000002 48.045000000000009 10.295000000000002 22.405000000000005 38392.509375000001 49.953125000000007 200.00500000000002 5.5000000000000009 609.76250000000016
decision_type=10 8 2 2 10 10 10 8 8 2 2 2 10 10 10 10 10 10 10 10 10 10 10 10 10 10 10 10 2 2
left_child=1 4 3 5 15 14 10 -8 9 -2 11 -7 -13 -14 19 16 23 -18 -5 22 21 -16 -3 -1 25 -25 -27 28 -10 -30
right_child=8 2 -4 18 -6 6 7 -9 27 -11 -12 12 13 -15 20 -17 17 -19 -20 -21 -22 -23 -24 24 -26 26 -28 -29 29 -31
leaf_value=0.037857768731001551 -0.62871203887263993 -0.025847703019384612 0.20762983259067722 -0.105264754633283 -0.04325923930449662 0.097429348349914291 -0.69085987639246571 -0.097523467890270957 0.77069242896365353 0.61583690157586579 0.29120202326591194 0.23475283299268818 -0.6614629203570318 -1.2562847492596625 -0.24281517530284702 0.10366066797723779 -0.36409981261531699 0.0035420134895743347 -0.6348761538860086 0.23993504136703483 -0.15173568087693612 -1.2880452039166108 -1.1705017484441833 0.041539138334616074 -0.0016548617202678502 -0.050854047130337081 -0.53887336927015828 2.1861778665671965 0.13057586841724536 -0.64937167010358532
leaf_weight=1413 74 2859 5975 309 5769 1314 68 555 4470 57 6097 115 99 58 177 2214 72 52 41 914 268 41 63 65 362 53 57 5917 1010 56
leaf_count=1413 74 2859 5975 309 5769 1314 68 555 4470 57 6097 115 99 58 177 2214 72 52 41 914 268 41 63 65 362 53 57 5917 1010 56
internal_value=0.000994999 0.000467409 0.00092007 0.000429463 -0.000385663 0.000548262 0.00103503 -0.0018125 0.0023161 -0.00361364 0.00126614 -0.00015879 -0.00382418 -0.00784177 -0.000387231 0.000516204 -0.000413494 -0.005904 -0.00384615 -4.22204e-05 -0.00310472 -0.00591781 -0.000552172 -6.15068e-05 -0.00207993 -0.00622159 -0.0102703 0.00238423 0.00188333 0.000438613
internal_weight=40594 29010 18953 12978 10057 12628 8306 623 11584 131 7683 1586 272 157 4322 4288 2074 124 350 3836 486 218 2922 1950 537 175 110 11453 5536 1066
internal_count=40594 29010 18953 12978 10057 12628 8306 623 11584 131 7683 1586 272 157 4322 4288 2074 124 350 3836 486 218 2922 1950 537 175 110 11453 5536 1066
is_linear=0
shrinkage=0.03


Tree=77
num_leaves=31
num_cat=0
split_feature=13 0 18 7 15 13 30 41 9 8 0 7 7 5 7 16 32 8 14 15 13 14 14 16 35 16 0 24 26 29
split_gain=31.6305 10.1378 8.44643 9.11669 8.42496 8.1022 7.30749 6.71151 6.32799 6.1505 5.59019 9.45498 5.3542 5.32839 5.25397 5.04611 4.6268 4.31571 4.29576 4.14016 5.46873 4.31694 4.05351 3.8962 3.76433 4.52443 3.75761 3.73966 3.72576 3.55739
threshold=68.936250000000015 17.500000000000004 1.0000000180025095e-35 4.8489583333333348 62.638541666666676 68.333750000000009 -9.6887499999999971 3500.2480895201084 187.91500000000002 615.43750000000011 5.5000000000000009 10.368055555555559 6.2170138888888911 50368.750000000007 9.1128472222222268 245.20580685197194 4.1625000000000005 506.77500000000003 79.665000000000006 82.697291666666672 78.285000000000011 181.84500000000003 184.99500000000003 2398.0259028533396 11.018750000000002 3930.1564977712137 6.5000000000000009 38.105000000000011 41223.228750000002 6.0237500000000015
decision_type=10 2 2 2 10 10 10 8 10 2 2 2 2 2 2 10 10 2 10 10 10 10 10 10 10 10 2 10 10 10
left_child=1 2 3 27 6 7 9 -5 12 -4 11 -9 17 16 23 18 -14 -2 -6 20 -18 -21 -23 -3 -17 -26 -8 -1 -16 -20
right_child=8 14 4 5 15 -7 26 10 -10 -11 -12 -13 13 -15 28 24 19 -19 29 21 -22 22 -24 -25 25 -27 -28 -29 -30 -31
leaf_value=0.0051879774972519973 0.48838194300279042 0.3044486848387104 -0.034338511931468217 -0.041513175595350761 0.035996801309259516 -0.71001389610930254 0.05031781586918669 -0.035927182646350364 1.8058091309612161 -3.3716439645757625 0.12777831930819253 -0.33387543548488391 -0.96047376772037318 0.27703678076894162 -0.16285358001525085 0.0096498302994069314 0.1633418793000071 -0.082309117176245727 0.086485006675538198 0.28399581146588809 -1.0311614796090485 -1.0929747331518596 -0.15529414417562376 0.044370618367364063 0.0095473478729571071 -0.80173593537256005 -0.022374963379169246 0.2885219188965743 0.028788216165671326 -0.46896911079779824
leaf_weight=1373 5467 3833 76 3330 115 58 1581 1450 6479 67 3218 62 46 1515 184 651 78 585 83 428 103 53 339 2020 58 50 2319 3558 321 977
leaf_count=1373 5467 3833 76 3330 115 58 1581 1450 6479 67 3218 62 46 1515 184 651 78 585 83 428 103 53 339 2020 58 50 2319 3558 321 977
internal_value=0.000972158 0.000325468 -2.11278e-05 0.000406667 -0.000955002 -0.000211356 -0.000175816 -0.000130257 0.00205969 -0.0068125 0.000596069 -0.000908129 0.00152664 0.000376902 0.00136248 -0.00258295 -0.00126813 0.00201322 -0.00381378 -0.000835329 -0.00492857 7.30817e-05 -0.00219847 0.00161582 -0.000675 -0.00583486 6.92131e-05 0.00142397 -0.00157115 -0.00441093
internal_weight=40477 25384 19026 13049 5977 8118 4043 8060 15093 143 4730 1512 8614 2562 6358 1934 1047 6052 1175 1001 181 820 392 5853 759 108 3900 4931 505 1060
internal_count=40477 25384 19026 13049 5977 8118 4043 8060 15093 143 4730 1512 8614 2562 6358 1934 1047 6052 1175 1001 181 820 392 5853 759 108 3900 4931 505 1060
is_linear=0
shrinkage=0.03


Tree=78
num_leaves=31
num_cat=0
split_feature=24 39 16 16 40 11 5 4 24 17 28 27 35 4 17 4 36 18 30 5 27 25 35 6 4 4 40 32 5 0
split_gain=31.3931 12.5557 6.14032 6.07838 6.90682 5.95969 5.6314 4.89495 4.85803 4.31327 3.77831 5.77663 3.9966 3.27496 2.96543 2.75065 2.84749 2.56829 4.30376 3.66357 3.04638 2.57882 2.41698 2.85178 3.74897 2.415 3.80299 2.7587 2.55172 2.2495
threshold=140.96500000000003 -35.002499999999998 2736.390226890192 5033.9169451680091 2.2199999999999998 102.56500000000001 46800.062500000007 261.50000000000006 71.885000000000005 8433.8497550000029 41419.394687500004 37764.012083333342 -5.2649999999999926 359.50000000000006 6745.389365 128.50000000000003 0.029999999999999905 1.0000000180025095e-35 151.41500000000005 42604.125000000007 28367.604166666668 153.23479166666669 19.501250000000006 6.5592511013215873 339.50000000000006 361.50000000000006 -25.483750000000001 177.89500000000001 42334.875000000007 13.500000000000002
decision_type=10 10 8 10 10 10 2 2 8 10 10 10 10 2 10 2 10 2 10 2 10 10 10 2 2 2 10 10 2 2
left_child=1 2 9 6 22 29 7 8 -3 -1 11 -9 -13 17 -8 16 -11 -2 19 20 -19 -22 23 -5 -25 27 -27 -7 -29 -4
right_child=13 3 5 4 -6 25 14 10 -10 15 -12 12 -14 -15 -16 -17 -18 18 -20 -21 21 -23 -24 24 -26 26 -28 28 -30 -31
leaf_value=0.13031689496046123 1.2871551059464297 -0.03967235098754851 -0.053901408228320707 0.27611315908515011 -0.53056030370197393 0.11477153749241314 0.19033602730226754 -0.043317172842114032 0.30645637947468324 -0.057656494137348378 0.36988441568379543 -0.79265020378752549 -0.32263291695165397 -0.15084812717767196 -0.10629912092550199 -0.0086549065391580433 -5.7738899108637431 -0.028991465864812709 1.1256118454435948 0.21046510432495674 -0.47905161947239194 -0.81302300908803782 -0.57764825486849602 -0.034241293755067743 -0.41559544952813099 0.35179560176645935 -0.36855048537188528 -0.7940212256175283 0.058157447429127748 -0.014712775115128231
leaf_weight=3275 7861 1698 5027 400 102 2386 7398 497 3158 130 220 67 163 108 221 1163 46 101 1924 349 54 47 44 597 45 43 58 47 58 3236
leaf_count=3275 7861 1698 5027 400 102 2386 7398 497 3158 130 220 67 163 108 221 1163 46 101 1924 349 54 47 44 597 45 43 58 47 58 3236
internal_value=0.000953731 0.000461669 -0.000134001 0.00109233 -0.000963835 -0.000523673 0.00127438 0.000570124 0.000954911 0.000782665 -0.0014019 -0.00244368 -0.00636364 0.0023707 0.00181063 -0.000651492 -0.00413559 0.00242508 0.00158118 -0.000755435 -0.00396059 -0.00761765 -0.00025943 3.45159e-05 -0.00120373 0.000731199 -0.00379412 0.000916132 -0.00382075 -0.000917352
internal_weight=40523 30079 15469 14610 1188 10855 13422 5803 4856 4614 947 727 230 10444 7619 1339 176 10336 2475 551 202 101 1086 1042 642 2592 101 2491 105 8263
internal_count=40523 30079 15469 14610 1188 10855 13422 5803 4856 4614 947 727 230 10444 7619 1339 176 10336 2475 551 202 101 1086 1042 642 2592 101 2491 105 8263
is_linear=0
shrinkage=0.03


Tree=79
num_leaves=31
num_cat=0
split_feature=9 7 5 24 4 0 41 28 25 11 7 26 14 32 8 40 34 17 4 8 16 4 32 5 5 14 38 27 24 7
split_gain=29.5589 14.0057 11.1112 9.4911 5.67746 5.90703 5.03651 4.62664 5.80974 4.45905 4.46581 4.49181 4.28114 4.14261 4.12553 5.48032 7.27541 3.76635 3.77014 3.5124 4.30673 3.53155 3.48337 3.36607 3.25397 4.28026 4.25684 3.69459 3.67914 3.04292
threshold=160.92500000000004 5.9114583333333348 56255.875000000007 76.846250000000012 354.50000000000006 16.500000000000004 2910.6267833086317 30130.000000000004 108.08015625000002 59.092500000000008 8.6788194444444482 43763.70625000001 120.31500000000001 90.011250000000018 0.90000000000000002 -46.837499999999991 50.005000000000003 1544.5071950000004 212.50000000000003 250.98125000000002 13234.436127372914 84.500000000000014 10.001250000000001 50154.875000000007 42451.000000000007 106.37500000000001 1.3162499999999968 38675.583593750001 5.2175000000000002 9.9357638888888911
decision_type=10 2 2 10 2 2 8 10 10 10 2 10 10 10 2 10 10 10 2 2 10 2 10 2 2 10 10 10 10 2
left_child=1 3 4 17 5 7 -4 -3 19 13 12 23 -11 -10 15 -6 -17 -1 -19 20 -9 -22 -5 -12 25 26 27 -21 -26 -8
right_child=-2 2 6 22 14 -7 29 8 9 10 11 -13 -14 -15 -16 16 -18 18 -20 24 21 -23 -24 -25 28 -27 -28 -29 -30 -31
leaf_value=0.069377652019840336 1.3049630326118367 0.088870458536700919 -0.056642040931378042 -0.11962066133706269 0.029826044621369893 0.042744628312333034 0.20267613426877215 -0.010316330329643677 -0.5383169934901777 -1.0281352484314827 -0.89607413862233365 0.0088294298345459737 -0.11762783821445982 -1.2030956453802624 0.03907329158450977 -0.019358500784279586 -0.49744726381650078 -0.045663438080683634 0.046556744240770109 -1.1805188261335799 -0.13336698367403566 -0.029399746212208741 0.3823995201836321 -0.9129703333451894 0.020433546056078403 0.012497469493681461 0.020709338190357016 -0.54341999508366867 -0.16268854931985266 -0.049047697172593586
leaf_weight=6142 8728 587 746 333 60 2914 2715 3329 58 44 80 50 505 44 86 62 107 2383 1108 86 51 150 8572 46 394 91 43 45 757 273
leaf_count=6142 8728 587 746 333 60 2914 2715 3329 58 44 80 50 505 44 86 62 107 2383 1108 86 51 150 8572 46 394 91 43 45 757 273
internal_value=0.000961493 0.000537725 -0.000204218 0.00107093 -0.000744838 -0.000610027 0.00118394 -0.00112246 -0.0013805 -0.00370652 -0.0028719 -0.00701695 -0.00153273 -0.0095534 -0.00469937 -0.00679565 -0.00954706 0.000418206 -0.000368557 -0.000990903 -0.000484282 -0.00473762 0.00177689 -0.0100157 -0.00225265 -0.00524436 -0.00798857 -0.0106591 -0.0015599 0.00173436
internal_weight=40589 31861 13323 18538 9589 9274 3734 6360 5773 827 725 176 549 102 315 229 169 9633 3491 4946 3530 201 8905 126 1416 265 174 131 1151 2988
internal_count=40589 31861 13323 18538 9589 9274 3734 6360 5773 827 725 176 549 102 315 229 169 9633 3491 4946 3530 201 8905 126 1416 265 174 131 1151 2988
is_linear=0
shrinkage=0.03


Tree=80
num_leaves=31
num_cat=0
split_feature=13 0 18 15 16 41 17 4 35 16 9 15 12 31 15 12 41 40 9 12 12 4 13 12 8 10 40 35 15 12
split_gain=31.1171 10.4015 6.81779 8.86121 7.68268 6.3912 6.38678 5.52101 5.28808 5.13052 5.0251 4.92128 5.96718 5.29487 5.15568 4.78179 4.59659 4.83414 4.23681 5.2206 4.84497 5.96248 4.01031 4.2189 3.94615 3.89134 3.86168 3.77884 3.77054 3.67549
threshold=68.936250000000015 16.500000000000004 1.0000000180025095e-35 47.685468750000005 2871.2641197764674 -3411.1625452607109 9.781265000000003 353.50000000000006 0.64124999999999954 6503.9519211710494 200.00500000000002 51.722291666666671 46.149062500000007 49.005000000000003 62.638541666666676 57.482916666666675 4544.089198407798 11.089999999999987 59.966250000000009 59.138125000000009 75.283958333333345 275.50000000000006 68.333750000000009 86.420260416666693 272.11250000000007 -0.51624999999999988 -1.9925000000000066 2.8049999999999895 11.199583333333335 124.95796875000001
decision_type=10 2 2 10 10 8 10 2 10 10 10 10 10 10 10 10 10 8 10 10 10 2 10 10 2 10 10 10 8 10
left_child=1 2 4 6 7 29 -4 22 -9 -3 -7 12 13 -5 -13 -10 17 -6 -16 -20 -21 24 23 28 27 -8 -24 -22 -1 -2
right_child=5 9 3 11 16 10 25 8 15 -11 -12 14 -14 -15 18 -17 -18 -19 19 20 21 -23 26 -25 -26 -27 -28 -29 -30 -31
leaf_value=-0.14561373947128778 -0.037780870190588796 0.16591241138309476 0.054681306100648586 -0.41345376804002171 -0.04268706209166253 0.34712744343512375 -2.7513240267699346 0.034909227189647021 -0.035089256548268048 -0.046256134580566058 1.9561012901791015 0.017003738129447134 -0.16513611189255356 -0.46283431774735412 -0.061308856445955635 -0.4675853935960686 0.29924835698970875 -0.47072332716745841 -0.3882068553512511 0.10480011933190594 0.12065133862357211 -0.85638531109480032 -0.68993727681626871 0.43731695588935454 -0.58401289064075179 -0.043350281777325569 0.1823199876027484 -0.3566413727714749 0.051459472747920787 -0.84230938739974692
leaf_weight=165 227 6392 1688 54 3022 9057 56 98 51 1045 5868 616 182 62 757 52 518 54 89 199 290 166 41 1909 140 1128 47 182 6351 59
leaf_count=165 227 6392 1688 54 3022 9057 56 98 51 1045 5868 616 182 62 757 52 518 54 89 199 290 166 41 1909 140 1128 47 182 6351 59
internal_value=0.000917394 0.000273792 -0.000117703 -0.000984492 0.000277358 0.00199007 0.000179603 0.000758692 -0.00414356 0.00121686 0.00207524 -0.00220562 -0.00583946 -0.0111282 -0.00175943 -0.00885577 -0.000889569 -0.00132987 -0.00256086 -0.00377882 -0.00313804 -0.00420539 0.000874912 0.000941728 -0.00282871 -0.00150886 -0.00546067 -0.00150951 0.00057818 -0.00244599
internal_weight=40565 25354 17917 5609 12308 15211 2872 8714 201 7437 14925 2737 298 116 2439 103 3594 3076 1823 1066 977 778 8513 8425 612 1184 88 472 6516 286
internal_count=40565 25354 17917 5609 12308 15211 2872 8714 201 7437 14925 2737 298 116 2439 103 3594 3076 1823 1066 977 778 8513 8425 612 1184 88 472 6516 286
is_linear=0
shrinkage=0.03


Tree=81
num_leaves=31
num_cat=0
split_feature=13 41 7 0 4 6 27 4 9 17 4 9 7 41 4 7 0 26 6 34 17 27 10 28 25 10 4 18 18 13
split_gain=30.12 8.94432 7.8885 7.72078 5.90105 6.08373 6.57258 8.05425 8.49157 5.62465 5.68687 6.76585 5.68666 4.72435 4.23803 4.17816 4.17469 4.41523 3.82569 4.60184 3.50691 3.30229 3.21479 3.15685 5.23438 3.88752 3.31584 3.14881 3.08067 4.41746
threshold=58.39500000000001 6136.476534007802 6.9288194444444473 15.500000000000002 359.50000000000006 13.199779735682819 33594.124322916679 272.50000000000006 187.91500000000002 1272.1377000000002 188.50000000000003 15.317500000000001 4.6128472222222241 -1595.5828723194425 178.50000000000003 6.5052083333333348 8.5000000000000018 39502.500000000007 10.695154185022028 82.415000000000006 4944.9396300000017 34253.666666666672 40.645000000000003 40216.750000000007 66.033333333333346 1.0000000180025095e-35 216.50000000000003 1.5000000000000002 1.0000000180025095e-35 52.020000000000003
decision_type=10 10 2 2 2 2 10 2 10 10 2 10 2 8 2 2 2 10 2 10 10 10 10 10 10 10 2 2 2 8
left_child=1 3 13 9 5 -4 27 21 16 12 11 -11 28 20 -13 -5 -9 -18 -14 23 -2 -8 -17 25 26 -20 -25 -7 -1 -30
right_child=2 -3 4 15 -6 6 7 8 -10 10 -12 14 18 -15 -16 22 17 -19 19 -21 -22 -23 -24 24 -26 -27 -28 -29 29 -31
leaf_value=0.22575725089540813 0.20176813048109757 0.50828876904445064 0.29947001933870604 0.13196974222438881 -0.32403186078124696 0.78132548034233007 -0.62981658994652934 -1.3851889122672856 0.84445556085096074 -0.054561151712556037 0.00086780407051609461 -0.14889921924830402 0.016581944629782772 0.46881762846183545 -0.47275473012122138 -0.063927296713552073 -1.5128964376690877 -0.2940931112303265 -0.42790398296065463 -0.0083376515059503942 -0.37748417538070356 0.1145956373164455 0.044972339720030938 -0.063138702445668896 -0.52873157286898764 -0.053346269993605103 -0.32222400618632685 -0.38706994293984648 0.030141149320993852 -0.42651384690849808
leaf_weight=2012 259 1452 2522 4187 71 429 49 40 52 1297 1581 665 3472 13771 74 668 41 59 100 2402 136 201 2122 275 79 1455 55 75 878 96
leaf_count=2012 259 1452 2522 4187 71 429 49 40 52 1297 1581 665 3472 13771 74 668 41 59 100 2402 136 201 2122 275 79 1455 55 75 878 96
internal_value=0.000964486 0.000245289 0.00189343 9.07606e-05 0.000626271 0.000802537 -0.00124815 -0.00391422 -0.00851813 -0.000305152 -0.00132919 -0.00237702 3.71364e-05 0.00220992 -0.00466622 0.000910146 -0.0123404 -0.00891089 -0.000387294 -0.000978246 -0.00102273 -0.000358566 1.07489e-05 -0.00205496 -0.00439756 -0.00143638 -0.00271903 0.00109307 0.00115099 -0.000233846
internal_weight=40575 22870 17705 21418 3539 3468 946 442 192 14441 3617 2036 10824 14166 739 6977 140 100 7838 4366 395 250 2790 1964 409 1555 330 504 2986 974
internal_count=40575 22870 17705 21418 3539 3468 946 442 192 14441 3617 2036 10824 14166 739 6977 140 100 7838 4366 395 250 2790 1964 409 1555 330 504 2986 974
is_linear=0
shrinkage=0.03


Tree=82
num_leaves=31
num_cat=0
split_feature=24 6 7 32 0 7 5 22 10 6 14 32 3 16 6 9 0 12 39 38 10 11 15 9 5 39 27 16 0 6
split_gain=29.0202 11.2702 12.0292 8.11211 5.8431 4.7783 8.37488 3.7447 4.52626 3.71665 4.25021 3.65816 3.53474 3.34642 3.16761 3.04692 2.95532 2.91782 2.82661 2.63135 2.5747 2.54314 4.03403 2.42902 3.15439 6.92098 2.8682 2.37376 2.71878 2.27146
threshold=131.25750000000002 7.6072687224669613 5.9531250000000027 83.393750000000011 14.500000000000002 8.1267361111111143 42451.000000000007 1.0000000180025095e-35 145.71000000000001 13.468942731277536 36.056250000000013 177.89500000000001 1.0000000180025095e-35 10827.95315687678 20.514537444933925 12.578750000000001 1.5000000000000002 42.728750000000012 -33.397499999999994 19.068749999999998 13.495000000000003 26.725000000000005 31.561510416666668 25.777500000000003 33703.062500000007 -22.834999999999997 30324.104166666672 3465.2187251721621 7.5000000000000009 6.9555066079295162
decision_type=10 2 2 10 2 2 2 2 10 2 10 10 2 10 2 10 2 10 10 10 10 10 10 10 2 10 10 8 2 2
left_child=1 12 3 9 11 7 -7 20 -9 10 -3 14 13 -1 23 -15 -16 21 -14 -11 -2 22 -5 -4 25 -25 -26 -23 -29 -17
right_child=5 2 4 17 -6 6 -8 8 -10 19 -12 -13 18 15 16 29 -18 -19 -20 -21 -22 27 -24 24 26 -27 -28 28 -30 -31
leaf_value=0.20898861926272436 -0.81047002170171067 -0.1001013955888138 -0.0012904685180829493 -0.04090567330361395 0.0079440752523694137 -1.244462661963428 0.20637602904549687 -0.61762612416778917 0.49635835489514346 -0.008449898681698249 0.094737028403865137 -0.77678521772606468 0.0082755920965978929 -0.095039485255326184 0.196770888390537 0.11579747758853526 -0.57342422383274394 0.27548995942427262 -0.55043722160889319 -0.16244409476359117 0.98171821765427392 0.2283670011976309 -0.19895097305797949 -0.034112859732787451 0.17930832584728926 -0.89419324272907241 -0.10365453203185128 -0.21632121391408371 0.13090183256706334 -0.54261567767751395
leaf_weight=4692 41 46 1566 136 4100 67 1062 58 98 4480 2300 40 61 44 51 223 257 6150 55 608 10225 323 40 68 214 42 3108 106 136 41
leaf_count=4692 41 46 1566 136 4100 67 1062 58 98 4480 2300 40 61 44 51 223 257 6150 55 608 10225 323 40 68 214 42 3108 106 136 41
internal_value=0.000952398 0.000444164 0.000169233 0.000717228 -0.000661797 0.00222325 0.000369027 0.00242406 -0.00217834 2.98589e-05 0.00101747 -0.00131513 0.00172132 0.00184163 -0.0012459 -0.00118447 -0.00419417 0.00145865 -0.0034359 -0.000425624 0.0024942 -0.000319407 -0.00345763 -0.00106341 -0.00151005 -0.00648649 -0.00134336 0.000662544 -0.00158025 4.52831e-05
internal_weight=40438 28887 23771 14325 9446 11551 1129 10422 156 7434 2346 5346 5116 5000 5306 308 308 6891 116 5088 10266 741 176 4998 3432 110 3322 565 242 264
internal_count=40438 28887 23771 14325 9446 11551 1129 10422 156 7434 2346 5346 5116 5000 5306 308 308 6891 116 5088 10266 741 176 4998 3432 110 3322 565 242 264
is_linear=0
shrinkage=0.03


Tree=83
num_leaves=31
num_cat=0
split_feature=24 41 39 7 0 7 5 22 7 6 17 11 29 4 14 16 7 8 10 33 41 32 6 0 33 38 35 6 27 14
split_gain=28.7886 11.8044 10.2038 5.16093 4.94037 4.17796 6.34973 4.89224 4.00815 4.37932 3.8452 3.42287 3.31654 3.30784 3.06285 3.27328 4.38137 3.72052 3.15881 6.55001 2.95055 2.89903 2.87071 2.78758 2.94825 2.41015 2.30863 2.28843 2.21517 5.16425
threshold=133.95500000000001 5309.8036507842016 -14.184999999999993 4.4531250000000009 15.500000000000002 6.6059027777777795 36934.500000000007 1.0000000180025095e-35 7.1406250000000027 12.40242290748899 1651.6736050000004 3.5450000000000004 148.98250000000004 211.50000000000003 117.40500000000002 8828.3756648697854 10.071180555555559 300.69375000000008 116.29375000000002 129.00500000000002 2171.4324529777227 100.47125000000001 12.14603524229075 11.500000000000002 96.585000000000022 107.075 32.096250000000005 13.017841409691632 35711.916666666672 114.99500000000002
decision_type=10 10 10 2 2 2 2 2 2 2 10 8 10 2 10 10 2 2 8 10 8 10 2 2 10 10 10 2 10 10
left_child=1 2 3 10 14 -2 -7 20 11 -10 -1 -4 -9 -12 18 16 17 25 28 -20 22 -17 -8 24 -11 -16 -13 -28 29 -5
right_child=5 -3 8 4 -6 6 7 12 9 23 13 26 -14 -15 15 21 -18 -19 19 -21 -22 -23 -24 -25 -26 -27 27 -29 -30 -31
leaf_value=0.16594038663041821 1.0120408228909032 0.44038371744715527 -0.13222541906201357 -0.071241481882583085 0.0239208113421314 -1.2270164745466008 -0.65847104467147777 -0.59549732016636525 0.077665532268989784 -0.4847654695403279 -0.060809129885705117 0.17144189596775211 0.022640059249632045 0.09023050575778975 0.1445544153031548 -0.03358881067846263 -1.0862357092130506 -0.10266828360474559 -1.1668364220240404 0.00046200298848044717 0.61201911832806333 -0.41071724984835067 0.15033186985025052 -0.055447171403242873 -0.18997750230170823 -0.41255098640204502 0.24412501567871253 -0.74047875462376811 -0.034287381801657621 -0.25626175173912197
leaf_weight=3286 8476 2507 183 1201 4856 60 40 51 934 50 1369 5095 49 773 2492 295 44 737 47 68 2485 110 50 254 52 42 99 66 4701 64
leaf_count=3286 8476 2507 183 1201 4856 60 40 51 934 50 1369 5095 49 773 2492 295 44 737 47 68 2485 110 50 254 52 42 99 66 4701 64
internal_value=0.000938846 0.000444486 0.000260413 -7.84127e-05 -0.00037106 0.00223181 0.00121162 0.00142937 0.00127101 -0.000232378 0.000711733 0.0016273 -0.0050495 -0.000277181 -0.000758723 -8.06234e-05 0.0002307 0.000358496 -0.00117346 -0.00607759 0.00168284 -0.00262315 -0.00362637 -0.00305882 -0.0072233 0.000904142 0.00176772 -0.00171687 -0.00107793 -0.00219194
internal_weight=40536 29325 26818 20085 14657 11211 2735 2675 6733 1290 5428 5443 100 2142 9801 3720 3315 3271 6081 115 2575 405 90 356 102 2534 5260 165 5966 1265
internal_count=40536 29325 26818 20085 14657 11211 2735 2675 6733 1290 5428 5443 100 2142 9801 3720 3315 3271 6081 115 2575 405 90 356 102 2534 5260 165 5966 1265
is_linear=0
shrinkage=0.03


Tree=84
num_leaves=31
num_cat=0
split_feature=13 7 18 41 13 15 0 17 9 15 10 6 0 9 4 7 4 8 12 15 12 4 37 4 12 17 38 10 6 15
split_gain=28.567 8.53474 7.67414 9.2941 7.67257 6.38793 6.24975 6.60579 5.60928 4.97693 4.44312 4.35131 4.23253 5.43583 4.93031 4.08126 5.77116 3.82263 3.62293 3.60552 3.40386 3.39565 2.90052 2.87646 2.80045 6.044 2.79524 3.28607 2.72849 3.14088
threshold=68.936250000000015 6.4809027777777795 1.0000000180025095e-35 2085.5380311440317 68.333750000000009 13.500208333333335 18.500000000000004 3.1644250000000005 200.00500000000002 122.58145833333334 13.495000000000003 6.9555066079295162 5.5000000000000009 47.535000000000004 214.50000000000003 6.352430555555558 357.50000000000006 666.5250000000002 54.599375000000002 216.12250000000003 48.726458333333333 188.50000000000003 1.0000000180025095e-35 44.500000000000007 87.368645833333332 1.0000000180025095e-35 10.009999999999996 4.4375000000000009 4.5588105726872259 83.189166666666679
decision_type=10 2 2 8 10 8 2 8 10 10 10 2 2 10 2 2 2 2 10 10 10 2 10 2 10 8 10 10 2 10
left_child=1 2 3 21 11 10 7 -4 15 -9 -5 -3 13 -13 18 17 28 -2 20 22 -15 26 -11 -20 25 -16 -1 -28 -17 -30
right_child=8 4 6 5 -6 -7 -8 9 -10 19 -12 12 -14 14 24 16 -18 -19 23 -21 -22 -23 -24 -25 -26 -27 27 -29 29 -31
leaf_value=-0.015424774728822364 0.40117340983056798 0.11129492278284364 0.10205561054186635 -0.39575565716514227 -0.73071778916843166 0.25134040284891662 0.22588110393720312 -0.065049302408639556 1.8078012437218918 -0.69431383680918179 -0.016841444177464585 -0.019429013376092329 -0.0094249258348759711 -0.16417700947701727 -0.10124413533397583 0.40942267546532113 -0.57763240455339715 -0.44562543207337779 -0.55938870930038331 -0.017431763404765724 -0.93932684311737324 0.066396619337986587 -0.73314729141570734 0.13115443377325192 -0.39566823384006855 -1.1183569808863769 -0.19263764838021097 -0.1235211896247962 -0.19477878376855057 0.12729320014737419
leaf_weight=1705 6479 1276 1004 47 55 7077 1006 3274 5820 48 78 955 5410 73 77 426 71 235 64 60 52 2225 40 278 93 66 51 266 335 1710
leaf_count=1705 6479 1276 1004 47 55 7077 1006 3274 5820 48 78 955 5410 73 77 426 71 235 64 60 52 2225 40 278 93 66 51 266 335 1710
internal_value=0.000947494 0.000331079 0.000719879 0.00116044 -0.000450357 0.00181674 -0.000208724 -0.000693924 0.00198103 -0.00132165 -0.00488095 -0.000376033 -0.000667138 -0.00199277 -0.0039929 0.00152188 0.000497837 0.00190946 -0.00219872 -0.00668456 -0.00654762 4.73165e-05 -0.0105169 -0.000594752 -0.00751899 -0.0101458 -0.000842313 -0.00342453 0.000741505 0.000285924
internal_weight=40356 25280 16881 11449 8399 7202 5432 4426 15076 3422 125 8344 7068 1658 703 9256 2542 6714 467 148 125 4247 88 342 236 143 2022 317 2471 2045
internal_count=40356 25280 16881 11449 8399 7202 5432 4426 15076 3422 125 8344 7068 1658 703 9256 2542 6714 467 148 125 4247 88 342 236 143 2022 317 2471 2045
is_linear=0
shrinkage=0.03


Tree=85
num_leaves=31
num_cat=0
split_feature=11 6 9 16 0 4 41 22 12 13 41 1 4 13 14 12 10 15 0 27 15 8 23 10 40 10 4 14 17 28
split_gain=27.5156 9.45102 6.9626 6.12312 7.21412 4.9163 4.64874 4.18395 5.7314 3.54225 4.88294 6.76254 4.7092 8.55953 9.3387 10.5159 4.47975 4.18991 3.95309 8.29382 7.97272 3.67453 3.65956 3.62915 3.35563 4.56951 3.53354 3.31272 6.85606 5.03135
threshold=108.50375000000001 5.7958149779735697 192.94000000000003 2773.4400715901447 16.500000000000004 2.5000000000000004 9084.7816100745058 1.0000000180025095e-35 119.36666666666669 58.39500000000001 -16065.005134674457 2.5000000000000004 162.50000000000003 49.185000000000009 95.535000000000011 40.351041666666674 1.0000000180025095e-35 120.00020833333335 5.5000000000000009 41746.854166666672 76.344375000000014 739.12500000000011 3.5000000000000004 89.675000000000026 -46.034999999999989 58.57500000000001 349.50000000000006 87.465000000000018 7978.2808950000008 39988.250000000007
decision_type=10 2 10 10 2 2 8 2 10 10 10 2 2 10 10 10 10 10 2 10 10 2 2 10 10 10 2 10 8 10
left_child=1 5 7 4 9 6 -1 -2 -9 10 11 18 21 14 15 22 -11 -16 19 -3 -21 27 -14 -17 -5 -26 -27 -13 -29 -30
right_child=2 3 -4 24 -6 -7 -8 8 -10 16 -12 12 13 -15 17 23 -18 -19 -20 20 -22 -23 -24 -25 25 26 -28 28 29 -31
leaf_value=-0.60428737095070972 0.28822918234982475 -0.001208650209802691 1.6833602738303943 -0.00081732122385953917 0.1554261701552187 0.20247806634377663 0.024388163001917085 0.022536849336020598 -0.56085167292713256 -1.1375228396732837 0.031451397883515142 0.025061647736554324 -0.21004278146729999 -1.343494275905166 -0.0011284122210517957 -0.59108630939643159 0.12326502613455875 -0.542966172096225 0.10333243778188037 -0.030106824699470586 -1.1670939562934259 -0.72764016543761467 0.048478123507216905 -0.41586259016444715 -0.15057618195016134 -0.010811356129662671 -0.83006369650119138 -0.93562278596754667 0.036940119652262675 -0.19955071888248097
leaf_weight=40 8499 670 6313 3032 3844 2859 56 219 88 43 3834 1041 42 76 654 134 3366 53 1394 63 43 66 106 48 1407 1587 55 45 418 295
leaf_count=40 8499 670 6313 3032 3844 2859 56 219 88 43 3834 1041 42 76 654 134 3366 53 1394 63 43 66 106 48 1407 1587 55 45 418 295
internal_value=0.000894259 0.00028858 0.00190655 7.74299e-05 0.00038156 0.00188261 -0.00476289 0.00136119 -0.00207468 2.92932e-05 -0.000283201 -0.000886774 -0.0018147 -0.00335817 -0.00263873 -0.00679758 0.000852493 -0.000690678 0.000386919 -0.00132819 -0.00908411 -0.000892283 -0.000845637 -0.0116066 -0.000734462 -0.00143705 -0.000361534 -0.000635 -0.00214229 -0.00141597
internal_weight=40390 25271 15119 22316 16235 2955 96 8806 307 12391 8982 5148 2978 1113 1037 330 3409 707 2170 776 106 1865 148 182 6081 3049 1642 1799 758 713
internal_count=40390 25271 15119 22316 16235 2955 96 8806 307 12391 8982 5148 2978 1113 1037 330 3409 707 2170 776 106 1865 148 182 6081 3049 1642 1799 758 713
is_linear=0
shrinkage=0.03


Tree=86
num_leaves=31
num_cat=0
split_feature=13 39 41 41 7 6 4 18 5 4 4 38 18 27 17 29 6 3 16 34 27 14 6 25 15 14 32 27 6 27
split_gain=27.6652 10.3238 8.85741 6.88484 6.21735 8.06227 5.55958 4.33697 4.17494 3.87357 4.85613 4.48354 3.7987 3.74052 4.36608 3.48968 6.85718 3.48295 3.44604 5.51047 3.4437 5.38057 4.66096 3.22468 3.06644 2.88036 2.8729 2.57822 3.24713 4.00427
threshold=95.970000000000013 -36.614999999999988 1195.1037288894152 2424.0564538680705 7.0850694444444473 11.587444933920706 188.50000000000003 1.0000000180025095e-35 35601.625000000007 178.50000000000003 180.50000000000003 77.00500000000001 1.5000000000000002 31342.096510416672 6635.9653650000009 162.86250000000004 12.06674008810573 1.0000000180025095e-35 2635.0158963245108 -22.649999999999995 33594.124322916679 140.65500000000003 16.433259911894275 108.97041666666668 111.44729166666669 229.99500000000003 14.017500000000002 33594.124322916679 18.979735682819388 32933.479010416675
decision_type=10 10 10 8 2 2 2 2 2 2 2 10 2 8 8 10 2 2 8 10 10 10 2 10 10 10 10 10 2 10
left_child=1 2 13 6 7 -6 9 -5 -7 11 -11 17 -2 14 26 16 -14 -3 19 -15 -10 -22 -23 -18 -25 -26 -1 28 -20 -30
right_child=12 3 -4 4 5 8 -8 -9 20 10 -12 -13 15 18 -16 -17 23 -19 27 -21 21 22 -24 24 25 -27 -28 -29 29 -31
leaf_value=-0.1641174019840124 0.80535331466285731 -0.0019634454251021413 0.16061459782064674 0.25546928544525638 0.11411032764002542 -1.0328414147985892 0.081628354171789444 0.046806271071224689 0.25201754616325811 -0.77458464926448267 -0.44405478397006126 -0.4988605298411864 0.39821499502949165 -2.4427657357304722 0.24573978361656876 1.1269761577281872 0.24466446972382103 -0.35609293242503692 -0.063598459359514248 0.02873778166380583 -0.062355329656791074 -0.25272896797790401 -1.3232388971348017 -0.31688700334703362 -0.15891186137856469 -0.8551199668677556 0.053784178936030907 -0.032460657733001233 -0.16278079981483007 -0.52087774761621652
leaf_weight=56 8356 793 2816 7156 1575 53 1585 2683 217 40 95 124 478 58 687 748 54 55 405 2968 435 130 59 40 109 85 57 8493 103 87
leaf_count=56 8356 793 2816 7156 1575 53 1585 2683 217 40 95 124 478 58 687 748 54 55 405 2968 435 130 59 40 109 85 57 8493 103 87
internal_value=0.000900717 0.000456868 -8.00965e-05 0.00101993 0.0013205 -2.5506e-05 -0.000354252 0.00165823 -0.00229944 -0.00198466 -0.00672794 -0.00131963 0.00228244 -0.000412543 0.00157303 0.00089901 -0.00052412 -0.000537102 -0.000543789 0.000333003 -0.00177791 -0.0029088 -0.00712105 -0.00417301 -0.00569362 -0.00409231 -0.00386842 -0.000835735 -0.00274329 -0.00596859
internal_weight=40600 30730 15730 15000 12308 2469 2692 9839 894 1107 135 972 9870 12914 800 1514 766 848 12114 3026 841 624 189 288 234 194 113 9088 595 190
internal_count=40600 30730 15730 15000 12308 2469 2692 9839 894 1107 135 972 9870 12914 800 1514 766 848 12114 3026 841 624 189 288 234 194 113 9088 595 190
is_linear=0
shrinkage=0.03


Tree=87
num_leaves=31
num_cat=0
split_feature=32 6 7 14 16 18 8 7 4 0 26 0 8 6 24 29 4 39 32 23 39 7 4 6 4 31 8 40 27 16
split_gain=26.3187 10.6721 6.82563 6.24384 5.97352 7.27625 6.28405 5.86883 5.34456 5.1428 4.28991 3.78127 3.65751 3.58784 3.34596 6.16568 5.50353 3.31602 3.14501 3.43257 3.10661 3.01112 2.96025 8.23733 2.96817 2.8481 2.89434 2.72071 2.6457 2.66083
threshold=116.17375000000003 6.1273127753303971 6.1718750000000018 244.65500000000003 2635.0158963245108 1.0000000180025095e-35 64.593750000000014 6.6059027777777795 357.50000000000006 6.5000000000000009 27094.000000000004 17.500000000000004 4.9062500000000009 10.8352422907489 45.065000000000005 79.11875000000002 132.50000000000003 -83.611249999999998 43.345000000000006 2.5000000000000004 -28.358749999999997 10.368055555555559 253.50000000000003 13.994933920704847 50.500000000000007 -9.9912499999999991 615.43750000000011 -0.65000000000000291 55427.884739583344 14622.300843884836
decision_type=10 2 2 10 10 2 2 2 2 2 10 2 2 2 10 10 2 10 8 2 10 2 2 2 2 10 2 10 10 10
left_child=1 28 4 7 5 18 -7 -2 13 22 -6 14 17 21 25 16 -16 -10 19 -3 -17 -4 24 -24 -9 26 -8 -18 29 -1
right_child=3 2 8 -5 10 6 11 9 12 -11 -12 -13 -14 -15 15 20 27 -19 -20 -21 -22 -23 23 -25 -26 -27 -28 -29 -30 -31
leaf_value=0.18798556301729846 0.4166332975193851 -0.038761384948191972 0.032886051095091871 1.5052072334581481 -0.29796650091186261 0.10960395077346111 0.17022699245652356 -0.96217341814989621 -0.10104827754922914 0.058142939907993157 -0.028011419769530418 0.14717462939444556 -0.0034069746077518034 -0.040424428334870005 -0.17388538592754271 -0.63075907952088806 -0.47799337008480641 -0.70771577380179485 0.26190149124250828 0.13132868995028749 0.068087243406017073 -0.22169936439442792 -0.029148797127715474 -1.1450233330168746 0.42613835485938345 -0.016554653127044395 -2.1117730455141945 -0.43672445345012528 -0.54658003725240556 -0.067853567546566046
leaf_weight=3427 5379 1248 3091 6049 47 1600 40 85 71 1277 2873 326 89 5607 106 154 98 62 5863 806 226 249 65 45 122 1127 64 57 48 71
leaf_count=3427 5379 1248 3091 6049 47 1600 40 85 71 1277 2873 326 89 5607 106 154 98 62 5863 806 226 249 65 45 122 1127 64 57 48 71
internal_value=0.000901494 0.00037293 0.000144172 0.00201152 0.000546256 0.000848839 -0.000230587 0.00139934 -0.000497601 -0.000199373 -0.000667579 -0.00127149 -0.0050852 -0.000383214 -0.00179071 -0.00354673 -0.00708779 -0.00821642 0.00136663 0.000356204 -0.00110236 0.000395091 -0.00361321 -0.00756757 -0.00148558 -0.000874188 -0.0056 -0.0106731 0.00190809 0.00200457
internal_weight=40372 27350 23804 13022 14635 11715 3798 6973 9169 1594 2920 2198 222 8947 1872 641 261 133 7917 2054 380 3340 317 110 207 1231 104 155 3546 3498
internal_count=40372 27350 23804 13022 14635 11715 3798 6973 9169 1594 2920 2198 222 8947 1872 641 261 133 7917 2054 380 3340 317 110 207 1231 104 155 3546 3498
is_linear=0
shrinkage=0.03


Tree=88
num_leaves=31
num_cat=0
split_feature=13 41 0 7 13 16 7 5 18 4 38 4 18 8 9 27 25 25 15 16 4 4 40 38 16 36 36 13 11 6
split_gain=26.1246 10.2394 8.42244 6.87026 6.47157 5.1866 6.58688 4.65442 4.32115 4.0294 3.87759 3.81494 3.64927 4.62494 3.64013 5.23279 3.92777 3.55163 4.88872 3.51721 3.40473 3.27963 3.88945 3.26692 3.12062 4.59497 2.96127 2.95822 2.93353 2.90818
threshold=95.970000000000013 5309.8036507842016 17.500000000000004 5.8072916666666687 37.910000000000004 2491.8872192876897 9.1128472222222268 49902.125000000007 1.0000000180025095e-35 212.50000000000003 -1.0000000180025095e-35 94.500000000000014 1.5000000000000002 701.58125000000007 25.777500000000003 30029.083333333336 119.36666666666669 199.11354166666669 171.18250000000003 12524.676816973219 76.500000000000014 351.50000000000006 -46.034999999999989 54.025000000000013 2635.0158963245108 -3.5800000000000063 0.10624999999999575 12.545000000000002 40.535000000000004 10.90638766519824
decision_type=10 10 2 2 10 10 2 2 2 2 8 2 2 2 10 10 10 10 10 10 2 2 10 10 10 10 10 10 10 2
left_child=1 2 3 4 9 6 -4 14 24 23 -10 -8 -2 -14 -5 -16 29 18 20 21 -18 -9 -23 -1 -6 -26 -24 -25 -27 -17
right_child=12 -3 5 7 8 -7 11 19 10 -11 -12 -13 13 -15 15 16 17 -19 -20 -21 -22 22 26 27 25 28 -28 -29 -30 -31
leaf_value=-0.024288356435173429 0.7556660452102627 0.41636664935599182 0.26238468909851792 -0.0035338311041094969 0.2508970688234079 -0.0055401962041308137 0.092228483857465418 0.041055967452209269 0.19579929823974532 0.067785239183642251 -0.10098383232038764 -0.16904120016428248 0.29836807295329409 -0.8623592460418511 0.37904412596111065 -0.004750547456035906 -0.8049031069946827 0.60335693061768725 -0.80321315776204572 -0.092094545020564716 -0.73806326692484037 0.20090651738466481 -0.088726602686218251 -0.80770962594850826 0.17874119721701079 -0.91847190664206102 -0.2461907752434174 -0.10794431530797181 -0.08866652473346763 -0.22025048114920731
leaf_weight=4489 8397 2539 4473 1948 3425 1899 134 3407 698 2532 913 163 1475 52 286 717 46 47 56 404 180 80 131 44 162 46 40 46 58 1862
leaf_count=4489 8397 2539 4473 1948 3425 1899 134 3407 698 2532 913 163 1475 52 286 717 46 47 56 404 180 80 131 44 162 46 40 46 58 1862
internal_value=0.000908393 0.000477357 0.000313501 2.59507e-05 0.000486467 0.00124543 0.00177321 -0.000595111 0.00127965 -0.000105034 -1.67493e-05 -0.00254698 0.00224705 0.000897251 -0.00119463 -0.00181784 -0.00219869 -0.00528182 -0.00655124 0.000163918 -0.00454626 0.000457502 -0.00284524 -0.000636026 0.00184534 -0.0012809 -0.00538953 -0.00626374 -0.00617143 -0.00180349
internal_weight=40749 30825 28286 21617 12413 6669 4770 9204 5302 7111 1611 297 9924 1527 5142 3194 2908 329 282 4062 226 3658 251 4579 3691 266 171 90 104 2579
internal_count=40749 30825 28286 21617 12413 6669 4770 9204 5302 7111 1611 297 9924 1527 5142 3194 2908 329 282 4062 226 3658 251 4579 3691 266 171 90 104 2579
is_linear=0
shrinkage=0.03


Tree=89
num_leaves=31
num_cat=0
split_feature=24 5 7 32 7 5 16 16 1 15 3 6 15 14 22 32 10 6 4 0 12 0 6 1 8 9 15 12 14 4
split_gain=25.8145 9.81877 9.3534 7.92121 4.85788 8.17999 4.33375 4.10986 3.80109 3.73435 3.57695 3.56332 3.55111 3.39374 3.26102 3.24199 3.19475 4.12037 4.55114 3.1804 4.04373 3.16534 3.07093 2.59685 4.09336 5.69527 7.37479 2.99061 2.52518 2.43396
threshold=133.95500000000001 56255.875000000007 5.9114583333333348 83.991250000000022 8.2864583333333375 45001.375000000007 10827.95315687678 6838.8702981904416 1.0000000180025095e-35 159.1452604166667 1.0000000180025095e-35 13.377753303964758 113.29187500000002 57.045000000000009 1.0000000180025095e-35 0.74875000000000014 40.645000000000003 10.8352422907489 293.50000000000006 15.500000000000002 42.728750000000012 16.500000000000004 10.8352422907489 4.5000000000000009 360.01875000000007 278.64500000000004 213.82187500000003 76.455468750000009 193.83125000000004 342.50000000000006
decision_type=10 2 2 10 2 2 10 10 2 10 2 2 10 10 2 10 10 2 2 2 10 2 2 2 2 10 10 10 10 2
left_child=1 2 3 8 7 -6 10 14 13 21 15 -10 -13 -1 23 -3 -11 -18 -19 20 -5 -4 -16 -2 27 26 -26 -25 -9 -23
right_child=4 6 9 19 5 -7 -8 28 11 16 -12 12 -14 -15 22 -17 17 18 -20 -21 -22 29 -24 24 25 -27 -28 -29 -30 -31
leaf_value=-0.065698144582435059 1.0410986282746604 -0.098819801188843884 -0.048546384720075768 -0.091734360584254188 -1.2073729171945855 0.24071906209602756 -0.063889374805908686 0.02822059184717866 0.044839172204679666 -0.54673899438281925 -0.49864811661850311 -0.034885055803920977 -0.49298228318335113 0.21635992101565271 0.16823127650585792 0.16272105044454813 0.080818683532711003 -1.0225117896411595 -0.01119622257267865 0.39115620763729525 0.17896736756619835 0.034913794283953338 -0.79289174584259303 -0.50689795568842066 -0.018301084057360223 2.4315796547011557 -0.84049052189256568 0.73823607833596905 -0.4254197902770685 -0.18683889008968946
leaf_weight=163 7685 298 5882 427 87 885 569 107 1907 43 59 3879 216 1213 107 5310 101 71 84 2018 4380 2583 43 60 124 160 71 1842 52 53
leaf_count=163 7685 298 5882 427 87 885 569 107 1907 43 59 3879 216 1213 107 5310 101 71 84 2018 4380 2583 43 60 124 160 71 1842 52 53
internal_value=0.000902594 0.000433332 0.000147257 0.000623698 0.00212571 9.8664e-05 0.00148918 0.00231789 -5.77313e-05 -0.000620209 0.00173977 -0.000383808 -0.000882568 0.00136383 0.00239334 0.00181744 -0.00391 -0.00261479 -0.00567308 0.00136024 0.000940308 -0.000504284 -0.00198675 0.00245962 0.00156377 -0.00139045 -0.00482143 0.00211561 -0.00245625 0.0003595
internal_weight=40479 29256 23020 14203 11223 972 6236 10251 7378 8817 5667 6002 4095 1376 10092 5608 299 256 155 6825 4807 8518 150 9942 2257 355 195 1902 159 2636
internal_count=40479 29256 23020 14203 11223 972 6236 10251 7378 8817 5667 6002 4095 1376 10092 5608 299 256 155 6825 4807 8518 150 9942 2257 355 195 1902 159 2636
is_linear=0
shrinkage=0.03


Tree=90
num_leaves=31
num_cat=0
split_feature=10 41 7 17 7 12 38 11 12 9 11 26 6 15 18 18 8 29 33 26 26 31 14 18 38 28 16 33 27 40
split_gain=25.1653 10.9849 7.92893 7.94075 5.62337 4.26425 3.70322 3.66811 7.71025 3.47761 5.9894 3.59841 3.55176 3.6249 3.47802 3.43986 3.21109 4.85223 3.08386 3.06561 3.94124 2.93907 3.00742 3.19115 2.89055 3.57102 5.15879 2.65038 2.5829 2.50699
threshold=131.38375000000002 4544.089198407798 6.4045138888888902 0.85555000000000014 8.1267361111111143 47.308697916666667 -0.82000000000000373 197.64875000000004 152.20729166666669 105.325 92.708750000000009 46546.561250000006 10.695154185022028 150.76333333333335 1.0000000180025095e-35 1.0000000180025095e-35 643.2750000000002 159.18000000000004 160.35500000000005 31294.702500000003 36718.608750000007 19.505000000000006 63.755000000000003 1.5000000000000002 18.412500000000001 41501.875000000007 5891.7438244938066 94.00500000000001 26467.625000000004 -64.874999999999986
decision_type=10 10 2 10 2 10 10 10 10 10 10 10 2 10 2 2 2 10 10 10 10 8 10 2 10 10 8 10 10 10
left_child=1 2 3 5 15 21 7 8 -6 12 11 -11 -4 29 -12 -2 -17 -18 -16 -15 -21 22 -1 -24 -5 26 27 -26 -8 -14
right_child=4 -3 9 24 6 -7 28 -9 -10 10 14 -13 13 19 18 16 17 -19 -20 20 -22 -23 23 -25 25 -27 -28 -29 -30 -31
leaf_value=-0.10035492308939288 0.96856379504221901 0.33396149465860014 0.022933032519997162 -0.0037753169773779459 -0.053268177624220668 0.14889259117572248 -1.2968320475725779 0.37932098921620172 -1.1378178821739555 -0.54376399674255371 0.032445025274365567 -0.55531243852817491 0.014354829837735185 0.10133747194404706 -0.15108135655118704 0.40552177095878916 -0.79718421477086887 0.95642740998372089 -0.65902549908947849 -0.61588172555622622 -0.080672899831812514 0.027502243037716333 0.18314729190257203 -0.2984341000622413 -0.3855521160523252 0.004732644769128074 -0.81348660040901299 -0.1159472926938311 0.25995894101281253 -0.064658564245566194
leaf_weight=97 7005 2961 3308 4547 69 9698 41 85 48 203 620 41 1126 40 145 3093 70 82 40 42 58 1860 173 66 41 310 41 251 958 3245
leaf_count=97 7005 2961 3308 4547 69 9698 41 85 48 203 620 41 1126 40 145 3093 70 82 40 42 58 1860 173 66 41 310 41 251 958 3245
internal_value=0.00092932 0.000457875 0.000260317 0.000638104 0.00211954 0.00106532 0.000177205 -0.00351724 -0.00694068 -0.000467471 -0.00208857 -0.00619592 -0.000249744 -0.000797207 -0.000837469 0.00234709 0.00153882 -0.00270588 -0.00443548 -0.00553191 -0.00831683 -0.000128357 -0.00270623 -0.0008875 -0.000340975 -0.00222205 -0.00437425 -0.00294881 0.000927 -0.000644327
internal_weight=40364 28913 25952 17084 11451 11894 1201 202 117 8868 1049 244 7819 4511 805 10250 3245 152 185 140 100 2196 336 239 5190 643 333 292 999 4371
internal_count=40364 28913 25952 17084 11451 11894 1201 202 117 8868 1049 244 7819 4511 805 10250 3245 152 185 140 100 2196 336 239 5190 643 333 292 999 4371
is_linear=0
shrinkage=0.03


Tree=91
num_leaves=31
num_cat=0
split_feature=11 39 41 7 5 7 22 7 9 7 14 8 10 6 14 13 13 17 2 12 38 14 0 7 28 5 17 11 16 10
split_gain=26.256 9.40729 8.67341 6.30946 4.80094 5.21541 4.41808 4.3605 4.27196 4.05275 4.20128 3.63619 3.35988 3.3214 3.23662 4.85668 3.78781 3.04701 3.33167 2.96953 2.81901 2.85446 2.74598 2.73088 2.54962 2.83582 3.50788 2.70639 2.63612 2.68284
threshold=120.95625000000001 -14.820000000000002 2257.4127217742393 6.9288194444444473 45903.437500000007 8.3385416666666696 1.0000000180025095e-35 4.7135416666666687 1.7025000000000001 7.0850694444444473 87.465000000000018 771.49375000000009 47.535000000000004 5.4068281938325997 181.84500000000003 54.595000000000006 47.020000000000003 325.70775500000008 7.5000000000000009 161.76687500000003 100.01500000000001 154.01625000000004 14.500000000000002 5.2482638888888902 30130.000000000004 59563.500000000007 4562.7762750000002 15.293750000000001 3121.2766701715832 -0.018749999999999999
decision_type=10 8 10 2 2 2 2 2 10 2 10 2 8 2 10 10 10 10 2 10 10 10 2 2 10 2 10 10 8 10
left_child=1 2 7 -2 5 -5 -6 17 23 12 -11 20 -3 -12 15 16 -15 -1 22 -7 24 -22 -19 -4 27 28 -27 -9 -26 -30
right_child=3 9 8 4 6 19 -8 11 -10 10 13 -13 -14 14 -16 -17 -18 18 -20 -21 21 -23 -24 -25 25 26 -28 -29 29 -31
leaf_value=0.10831010068868685 0.71246705966565271 -0.007873469581171617 -0.015528062349449714 -0.0030943616350151081 0.35293752689114932 -0.22373300098986112 -0.16879517329672863 -0.076953668071431738 0.25713426986562687 0.087162698909674652 0.13354186319728092 -0.4376165262132779 0.17657897550983229 -0.2597412156540474 -0.62181514869390309 0.042376082880610386 -0.57280124933322041 -0.11354965219467829 0.067718352316522276 -1.2855884774359687 -0.90418039856503796 -0.71160747843533978 0.012393082003195659 -0.09666785406544566 0.026565149914761926 0.14658270976458135 -0.18890835675923595 0.11132458882928584 -0.33750275570589422 -0.044113144748916061
leaf_weight=3341 9865 829 128 378 2398 84 140 41 2764 587 197 100 5307 160 56 283 54 905 776 43 41 87 556 54 1498 750 80 448 238 8322
leaf_count=3341 9865 829 128 378 2398 84 140 41 2764 587 197 100 5307 160 56 283 54 905 776 43 41 87 556 54 1498 750 80 448 238 8322
internal_value=0.000879021 0.0003567 1.92251e-05 0.00199582 0.000801248 -0.00186759 0.00133281 -0.000238652 0.0015229 0.00126559 -0.000230942 -0.000569964 0.00159166 -0.00171771 -0.00290794 -0.00212651 -0.00552558 0.000450618 -0.000406166 -0.00710156 -0.000520163 -0.00493023 -0.00124966 -0.00291803 -0.000470118 -0.000565341 0.00111913 0.00164694 -0.000704444 -0.000907604
internal_weight=40510 27602 20129 12908 3043 505 2538 17183 2946 7473 1337 11605 6136 750 553 497 214 5578 2237 127 11505 128 1461 182 11377 10888 830 489 10058 8560
internal_count=40510 27602 20129 12908 3043 505 2538 17183 2946 7473 1337 11605 6136 750 553 497 214 5578 2237 127 11505 128 1461 182 11377 10888 830 489 10058 8560
is_linear=0
shrinkage=0.03


Tree=92
num_leaves=31
num_cat=0
split_feature=24 41 12 7 8 5 7 5 26 7 25 16 29 9 25 18 13 13 38 14 5 8 28 5 15 25 4 15 28 15
split_gain=26.179 11.7568 7.08022 6.74516 5.99834 4.80997 4.2824 5.90228 4.8387 3.94143 3.55635 3.79941 3.77859 3.36527 3.36083 3.15346 3.10065 5.99553 2.69319 4.73108 2.61702 2.78552 2.58786 5.53338 2.74767 3.62696 2.52755 2.9945 4.61434 2.49246
threshold=140.96500000000003 6555.0152558739874 47.308697916666667 7.0225694444444473 216.86875000000003 33703.062500000007 6.9010416666666687 39651.750000000007 26504.000000000004 10.368055555555559 161.76687500000003 791.72969301713431 145.11375000000004 208.56000000000003 116.21500000000002 1.0000000180025095e-35 70.840000000000018 77.52500000000002 29.890000000000011 108.45500000000001 51201.000000000007 310.42500000000007 33777.187500000007 55705.625000000007 167.20895833333336 193.36104166666669 140.50000000000003 27.88651041666667 44506.312500000007 75.107291666666683
decision_type=10 10 8 2 2 2 2 2 10 2 10 10 10 10 10 2 10 10 10 10 2 2 10 2 10 10 2 10 10 10
left_child=1 2 18 4 -4 -5 -2 8 -8 20 11 15 -12 22 -11 -6 26 -18 -1 -20 -7 -22 -9 24 -24 -26 27 -13 -29 -17
right_child=6 -3 3 5 10 9 7 13 -10 14 12 16 -14 -15 -16 29 17 -19 19 -21 21 -23 23 -25 25 -27 -28 28 -30 -31
leaf_value=-0.012798037391444092 0.95493771337412503 0.4319547516752022 0.13290679565927549 -0.56830005364380121 0.14372289672710872 -0.061921624094255251 0.80784527998905509 0.52805624953320107 -1.3057964626501397 -0.14806790778709927 -1.0797095150754987 0.039651157697330179 0.65371715975549649 1.6002157833554178 -0.85935756283450704 0.019247307289277669 -0.59370379779989613 -0.073708512807730983 -0.052445654660468632 -0.5622912649184949 0.075408164067857816 -0.24056159496765131 -0.066813713280072129 0.32320946794866273 -0.95351481210272082 -0.22992996354263784 0.007245646049406365 -0.33399174135393644 -0.01756538551779625 -0.21202543895383821
leaf_weight=7769 8331 2125 9963 45 2544 1833 41 236 45 334 73 82 40 990 68 692 44 95 290 68 2030 167 150 506 74 80 999 110 121 574
leaf_count=7769 8331 2125 9963 45 2544 1833 41 236 45 334 73 82 40 990 68 692 44 95 290 68 2030 167 150 506 74 80 999 110 121 574
internal_value=0.000874309 0.000424652 0.000261005 0.000566843 0.000865889 -0.00045757 0.0021675 0.000963731 -0.00668965 -0.00035732 5.80466e-05 0.000171608 -0.00518421 0.00129013 -0.0031861 0.000669116 -0.0011343 -0.00537857 -0.000484621 -0.00302507 -7.44231e-05 0.000623749 0.000103152 -0.000702836 -0.00389508 -0.00669677 -0.000680883 -0.00302866 -0.00477155 -0.000554065
internal_weight=40519 30066 27941 19814 15337 4477 10453 2122 86 4432 5374 5261 113 2036 402 3810 1451 139 8127 358 4030 2197 1046 810 304 154 1312 313 231 1266
internal_count=40519 30066 27941 19814 15337 4477 10453 2122 86 4432 5374 5261 113 2036 402 3810 1451 139 8127 358 4030 2197 1046 810 304 154 1312 313 231 1266
is_linear=0
shrinkage=0.03


Tree=93
num_leaves=31
num_cat=0
split_feature=13 41 32 7 5 39 18 16 27 18 8 4 14 5 39 15 26 11 17 38 5 28 40 16 26 38 24 1 15 12
split_gain=26.5267 9.81542 7.42975 6.86637 4.76543 5.8041 4.56437 8.01293 4.43517 3.70126 4.52798 3.61486 4.05078 4.53249 4.96863 3.28383 5.07057 5.43143 3.08915 3.06145 3.14407 4.67018 2.95518 2.9441 2.98145 2.79507 2.66748 2.65611 3.51571 3.05318
threshold=95.970000000000013 5550.0538319538255 51.007500000000007 5.8906250000000027 33703.062500000007 -26.078749999999996 1.0000000180025095e-35 2804.1512944801857 31804.515520833334 1.5000000000000002 701.58125000000007 261.50000000000006 156.78250000000003 49000.062500000007 -24.32 122.58145833333334 38603.477500000008 197.64875000000004 3559.49845 97.111250000000027 55506.250000000007 34045.45203125001 13.220000000000015 7720.1267997382374 49008.500000000007 -55.774999999999984 32.443750000000001 1.0000000180025095e-35 19.811666666666671 16.892656250000005
decision_type=10 10 10 2 2 10 2 10 10 2 2 2 10 2 10 10 10 10 10 10 2 10 10 10 10 8 8 2 10 10
left_child=1 2 19 6 5 -5 7 26 -6 23 -11 22 18 14 -14 -8 17 -17 -13 25 21 -21 -10 -2 -25 -1 -4 28 29 -27
right_child=9 -3 3 4 8 -7 15 -9 11 10 -12 12 13 -15 -16 16 -18 -19 -20 20 -22 -23 -24 24 -26 27 -28 -29 -30 -31
leaf_value=-1.8786126421780731 0.73173010871516608 0.38019608658861842 -0.018405482932115778 -0.15717003431029947 0.48488566794042171 -0.9021067594610338 0.029205704221147853 -0.10575298646853655 0.03148571950196128 0.31063105496790866 -0.84479948119838288 -0.020676343877075766 -0.38410571033226348 -0.053716583748644992 -1.1151283843740312 -1.0408767719823362 0.10493804204283103 0.011911743479573286 -0.5864797790822226 0.9114140716528697 0.01378081304342431 -0.813781018331316 -0.37116878221314287 0.213104359676341 -0.45763299667500407 -0.14007697262553909 0.28880437871226916 -0.019899371471383268 0.063203990560279588 0.085948740804293794
leaf_weight=57 8289 2384 410 123 583 47 3495 960 4031 1446 57 1359 185 219 72 56 106 40 49 41 110 137 128 42 49 97 6409 7803 1707 79
leaf_count=57 8289 2384 410 123 583 47 3495 960 4031 1446 57 1359 185 219 72 56 106 40 49 41 110 137 128 42 49 97 6409 7803 1707 79
internal_value=0.000843706 0.000408336 0.000252579 0.000612707 -0.000143004 -0.00508772 0.00106021 0.00147262 -1.53915e-05 0.00219537 0.000823803 -0.000256618 -0.00134642 -0.00373585 -0.00643023 0.000192266 -0.00351724 -0.00847423 -0.000536551 -0.000403409 -0.00344637 -0.00589944 0.00023726 0.00244124 -0.00290217 -0.000313116 0.00183387 -0.000273769 0.000737261 -0.00328814
internal_weight=40570 30687 28303 18272 6796 170 11476 7779 6626 9883 1503 6043 1884 476 257 3697 202 96 1408 10031 288 178 4159 8380 91 9743 6819 9686 1883 176
internal_count=40570 30687 28303 18272 6796 170 11476 7779 6626 9883 1503 6043 1884 476 257 3697 202 96 1408 10031 288 178 4159 8380 91 9743 6819 9686 1883 176
is_linear=0
shrinkage=0.03


Tree=94
num_leaves=31
num_cat=0
split_feature=11 39 9 7 16 5 4 12 10 26 12 4 4 5 17 7 27 1 4 7 22 13 7 25 27 10 24 0 38 1
split_gain=26.6961 7.27049 7.10809 5.52389 4.84753 3.76648 4.38776 6.29528 3.64868 3.67462 3.82309 2.99996 2.96913 2.96002 3.32596 2.81621 2.72297 2.78988 2.67698 2.67407 2.65074 2.85599 2.59274 2.84393 5.30129 4.01601 2.80963 3.69558 2.68334 2.55849
threshold=104.67500000000003 -15.904999999999999 205.75500000000002 6.352430555555558 2667.7994046214094 46701.000000000007 272.50000000000006 158.6960416666667 47.535000000000004 47383.500000000007 105.58979166666668 102.50000000000001 285.50000000000006 59563.500000000007 4356.7770500000015 7.9843750000000027 44416.687500000007 4.5000000000000009 2.5000000000000004 6.2170138888888911 1.0000000180025095e-35 37.350000000000009 3.7309027777777781 124.09562500000001 32933.479010416675 106.08625000000002 107.69500000000001 10.500000000000002 97.111250000000027 4.5000000000000009
decision_type=10 10 10 2 8 2 2 10 8 10 10 2 2 2 10 2 10 2 2 2 2 10 2 10 10 10 10 2 10 2
left_child=1 4 3 -2 16 6 11 12 9 10 -3 29 -8 22 18 -10 17 -1 -15 -16 -7 -22 -6 28 -25 26 27 -26 -24 -5
right_child=2 8 -4 5 13 20 7 -9 15 -11 -12 -13 -14 14 19 -17 -18 -19 -20 -21 21 -23 23 24 25 -27 -28 -29 -30 -31
leaf_value=0.063797864122340786 0.3886978969886864 0.039058308830022086 1.708368421138192 -0.68798174414196656 0.076334594178319573 0.14850845849847971 -1.0501801464071323 -0.6554599552223157 0.15481000869249056 -0.10240546613361316 -0.92097822702346754 0.16196599967355108 -0.025653164262099314 -0.44865762806017917 0.094835136959943583 -0.067281465986801653 0.34237084771582604 -0.036587278484243799 0.19413699050731206 -0.31735448144879952 0.038870196490487022 -0.31494978312846933 -0.027324231917697245 0.22553645743708298 0.22317088429695239 -0.15541117481718053 -1.3133053817282083 -0.85567000543353211 -0.76820382256900799 0.04042142177478928
leaf_weight=3080 6516 950 5598 52 827 2534 58 77 5178 121 72 568 242 45 85 516 759 1327 1095 87 68 80 10003 142 41 134 56 64 79 43
leaf_count=3080 6516 950 5598 52 827 2534 58 77 5178 121 72 568 242 45 85 516 759 1327 1095 87 68 80 10003 142 41 134 56 64 79 43
internal_value=0.000867969 0.00025071 0.00182913 0.00135892 -6.83309e-05 0.000436745 -0.0010951 -0.0036746 0.00108233 -0.000464161 0.000123167 0.000375 -0.00169435 -0.00038439 0.000964204 0.0013928 0.000706019 0.000419918 0.00155127 -0.00291329 0.00103094 -0.00285906 -0.000540407 -0.000667585 -0.00303425 -0.00532095 -0.0085 -0.00551887 -0.000564713 -0.00453125
internal_weight=40497 24661 15836 10238 17824 3722 1040 377 6837 1143 1022 663 300 12658 1312 5694 5166 4407 1140 172 2682 148 11346 10519 437 295 161 105 10082 95
internal_count=40497 24661 15836 10238 17824 3722 1040 377 6837 1143 1022 663 300 12658 1312 5694 5166 4407 1140 172 2682 148 11346 10519 437 295 161 105 10082 95
is_linear=0
shrinkage=0.03


Tree=95
num_leaves=31
num_cat=0
split_feature=9 5 7 32 41 1 15 37 32 38 13 0 12 25 27 0 4 13 40 41 27 14 15 7 30 23 28 8 14 14
split_gain=24.6788 11.5771 8.92384 9.64656 6.84651 4.05012 5.07855 3.96183 3.90162 3.63526 4.87716 4.03375 3.56039 4.55507 3.49924 3.46052 3.443 3.04376 3.35661 2.93188 2.8 5.31174 3.66385 3.33499 3.87887 3.21097 3.15752 2.78574 2.77978 8.05945
threshold=187.91500000000002 56255.875000000007 6.258680555555558 83.991250000000022 5434.6530780996445 2.5000000000000004 146.06291666666667 25.685000000000006 205.76625000000004 34.305000000000007 12.545000000000002 14.500000000000002 75.835416666666688 124.95796875000001 39500.291666666679 14.500000000000002 351.50000000000006 33.412500000000001 -29.254999999999995 9084.7816100745058 31342.096510416672 179.53500000000003 159.1452604166667 8.2309027777777803 96.958750000000009 2.5000000000000004 35897.250000000007 82.631250000000009 116.20000000000002 114.99500000000002
decision_type=10 2 2 8 8 2 10 10 10 10 10 2 10 10 10 2 2 10 10 8 10 10 10 2 10 2 10 2 10 10
left_child=1 2 3 5 7 19 9 -3 16 27 11 14 13 15 -11 28 20 -18 -19 -1 -4 22 -22 26 -25 -24 -23 -7 29 -5
right_child=-2 4 8 12 -6 6 -8 -9 -10 10 -12 -13 -14 -15 -16 -17 17 18 -20 -21 21 23 25 24 -26 -27 -28 -29 -30 -31
leaf_value=-0.0026230365821776742 1.3095090514595644 -0.00084048428327363378 0.062552951518428365 -0.035885995769011872 0.17777002296446281 0.0498330113490381 -0.64310113075746778 -0.60934814864201936 -0.68068147480907615 -0.78582099165034358 -0.15630581941354241 -0.099631145709070168 0.28916459074903794 -1.0730720482159779 -0.31628215060185483 0.30038797398833073 -0.044239530920595044 -0.084703427363519324 -0.65665972057003641 0.20275512727778955 -0.011505242612034072 -1.0210303771626075 -0.014653038812098099 -0.0068797677823515943 -1.3338663566415623 -0.70491771450553997 0.0023161981399129634 -0.052929075711813808 0.20562570811161127 -0.47818641009277729
leaf_weight=2260 6853 1387 893 1057 6441 1498 72 40 46 43 350 73 6384 44 48 1047 225 49 57 1428 6377 101 62 40 90 56 217 2590 548 74
leaf_count=2260 6853 1387 893 1057 6441 1498 72 40 46 43 350 73 6384 44 48 1047 225 49 57 1428 6377 101 62 40 90 56 217 2590 548 74
internal_value=0.000886258 0.000551551 0.000243568 0.000626135 0.00155852 -0.000110487 -0.000696898 -0.000321428 -0.000572315 -0.000572235 -0.00294757 -0.0072 0.00129896 0.000400578 -0.0113804 0.000556656 -0.000522649 -0.00351506 -0.00768224 0.000632692 -0.000395815 -0.000599222 -0.000381004 -0.00375501 -0.00778626 -0.00559664 -0.00208777 -0.000272927 -0.0002875 -0.00113693
internal_weight=40450 33597 25729 17516 7868 8362 4674 1427 8213 4602 514 164 9154 2770 91 2726 8167 331 106 3688 7836 6943 6495 448 130 118 318 4088 1679 1131
internal_count=40450 33597 25729 17516 7868 8362 4674 1427 8213 4602 514 164 9154 2770 91 2726 8167 331 106 3688 7836 6943 6495 448 130 118 318 4088 1679 1131
is_linear=0
shrinkage=0.03


Tree=96
num_leaves=31
num_cat=0
split_feature=24 41 7 6 0 32 16 18 10 38 18 8 38 32 38 15 6 12 0 6 40 11 4 4 18 41 15 10 27 32
split_gain=25.8059 10.2304 6.81658 6.0767 6.16532 4.65157 4.28269 4.23534 4.77439 3.88186 3.44148 3.69356 3.3183 3.28798 3.13996 3.13964 2.84685 3.88147 4.43806 2.74904 2.99544 3.46368 4.15362 9.23302 3.72392 3.63951 3.2393 3.14167 3.76446 6.80775
threshold=150.92000000000004 6555.0152558739874 4.9670138888888902 6.1273127753303971 14.500000000000002 83.991250000000022 6838.8702981904416 1.0000000180025095e-35 139.88125000000002 97.111250000000027 1.0000000180025095e-35 55.631250000000009 -59.434999999999995 117.66500000000001 5.8037500000000053 11.199583333333335 10.695154185022028 351.38812500000012 14.500000000000002 10.695154185022028 -60.046249999999993 76.605000000000004 216.50000000000003 220.50000000000003 1.0000000180025095e-35 -7967.2037011337443 62.638541666666676 84.215000000000018 40651.857343750009 55.005000000000003
decision_type=10 10 2 2 2 10 10 2 10 10 2 2 8 10 10 8 2 10 2 2 10 10 2 2 2 10 10 10 10 10
left_child=1 2 5 -4 9 10 7 -2 -9 19 15 -12 -13 16 -8 -1 -10 18 -18 -5 -21 22 26 -24 -23 -25 -22 28 -28 -30
right_child=6 -3 3 4 -6 -7 14 8 13 -11 11 12 -14 -15 -16 -17 17 -19 -20 20 21 24 23 25 -26 -27 27 -29 29 -31
leaf_value=-0.29762867916618441 1.0943521482203755 0.379249681674445 0.11510358107583758 9.7967385802864027e-05 0.025905747953347987 0.22065548022951104 0.26463573593738016 -0.51885025819046138 0.43972204752285882 -0.48563947058327861 0.051997250115097329 -2.0156147900121093 -0.096129513469140004 0.76621364225481614 -0.53075020274812923 0.055702420019300758 -1.3615259800671173 2.6477324602586085 -0.36774854024314507 0.0056669503774978485 -0.022830060295981065 0.0077481442102284347 -1.3590337431020976 -0.17556840274492441 -0.32259334564422687 -0.25593784619139137 -0.086433450359491487 -0.39833142030821267 -0.18283273602120556 -0.80677584877893516
leaf_weight=82 7182 2215 1973 3148 6422 5573 43 90 123 145 556 41 1341 1911 47 3471 54 46 55 1289 1240 1566 63 503 458 277 379 82 85 40
leaf_count=82 7182 2215 1973 3148 6422 5573 43 90 123 145 556 41 1341 1911 47 3471 54 46 55 1289 1240 1566 63 503 458 277 379 82 85 40
internal_value=0.000832572 0.000411858 0.000260379 -0.000105257 -0.000302522 0.000844284 0.00219567 0.00225777 0.00113026 -0.000797218 0.000224508 -0.000792161 -0.00162256 0.00140959 -0.00428571 0.000779122 -0.00163441 -0.00432692 -0.00739091 -0.000719527 -0.00109711 -0.00144887 -0.00215843 -0.00389929 -0.000512592 -0.00299616 -0.00135304 -0.0031891 -0.00229307 -0.00678571
internal_weight=40500 30949 28734 17670 15697 11064 9551 9461 2279 9275 5491 1938 1382 2189 90 3553 278 155 109 9130 5982 4693 2669 843 2024 780 1826 586 504 125
internal_count=40500 30949 28734 17670 15697 11064 9551 9461 2279 9275 5491 1938 1382 2189 90 3553 278 155 109 9130 5982 4693 2669 843 2024 780 1826 586 504 125
is_linear=0
shrinkage=0.03


Tree=97
num_leaves=31
num_cat=0
split_feature=24 41 17 4 7 4 0 7 5 4 25 9 6 4 13 7 12 5 28 0 0 7 32 8 7 33 24 41 30 37
split_gain=23.7248 10.4284 7.56559 5.62281 5.59761 5.04907 4.70054 4.43405 5.65189 6.6401 4.13515 4.01076 3.88784 4.05162 5.62604 4.21349 3.19023 3.03667 5.3388 3.02492 2.96271 2.8019 2.99801 3.12645 2.93395 2.74397 3.32871 3.10246 3.80474 2.74004
threshold=138.17500000000004 6407.244166763624 298.30722000000009 188.50000000000003 4.5746527777777795 184.50000000000003 16.500000000000004 6.5538194444444464 39805.437500000007 272.50000000000006 51.722291666666671 208.56000000000003 10.90638766519824 4.5000000000000009 20.340000000000003 8.7447916666666696 133.62770833333335 57756.250000000007 33777.187500000007 5.5000000000000009 14.500000000000002 3.3211805555555562 71.128750000000011 142.19375000000005 5.9739583333333348 144.3425 3.5550000000000002 -16065.005134674457 0.95750000000000013 0.70000000000001006
decision_type=10 10 10 2 2 2 2 2 2 2 10 10 2 2 10 2 10 2 10 2 2 2 10 2 2 10 10 8 10 10
left_child=1 2 4 5 -1 25 12 -2 9 -9 -7 17 13 14 -6 -15 -14 18 -10 29 21 -5 -23 -24 -25 26 27 28 -4 -17
right_child=7 -3 3 20 6 10 -8 8 11 -11 -12 -13 16 15 -16 19 -18 -19 -20 -21 -22 22 23 24 -26 -27 -28 -29 -30 -31
leaf_value=0.15511424521673661 0.84360873638670508 0.37725550590528123 -2.173479862888076 0.088951503097736057 0.036478100319781666 -0.54755696970963641 0.10323742092799899 0.41104233175515331 0.44516142234632855 -1.1808567470091671 -0.12857238531782281 1.4552284034833045 -0.027600877487708401 0.052388335099605693 -0.78421653737595853 -0.058339080111564343 -0.29953197257078629 0.43553838871131045 -0.26211600965468074 0.072890348418848686 0.091508123191528332 -0.0068378090204921976 -0.039526578883153182 -0.20312408615749855 -0.70967854613112114 0.034427824943954584 -0.093342265593878287 0.009344061787347693 -0.0042413538655832316 -0.18131666205098459
leaf_weight=5611 8026 2163 62 415 58 52 4230 98 277 64 95 1217 5354 4082 64 305 341 574 491 321 1365 873 188 163 43 673 1932 1073 85 100
leaf_count=5611 8026 2163 62 415 58 52 4230 98 277 64 95 1217 5354 4082 64 305 341 574 491 321 1365 873 188 163 43 673 1932 1073 85 100
internal_value=0.000876696 0.000438936 0.000281052 -0.000568803 0.000572531 -0.00131236 0.000267569 0.0020842 0.00103711 -0.00438037 -0.00675 0.00138164 -6.91698e-05 0.000547556 -0.00482927 0.000684966 -0.000603055 0.000250186 -0.000983095 -0.00141953 0.000400591 -0.000442068 -0.00114274 -0.00331139 -0.00585507 -0.00110167 -0.00147288 -0.0002457 -0.00431757 -0.00314039
internal_weight=40395 29648 27485 7019 20466 3972 14855 10747 2721 162 147 2559 10625 4930 122 4808 5695 1342 768 726 3047 1682 1267 394 206 3825 3152 1220 147 405
internal_count=40395 29648 27485 7019 20466 3972 14855 10747 2721 162 147 2559 10625 4930 122 4808 5695 1342 768 726 3047 1682 1267 394 206 3825 3152 1220 147 405
is_linear=0
shrinkage=0.03


Tree=98
num_leaves=31
num_cat=0
split_feature=9 41 7 11 18 0 0 26 16 6 32 16 9 4 14 14 25 32 28 1 34 13 26 14 33 10 4 15 10 11
split_gain=24.0205 10.4689 8.06182 9.15191 6.72681 5.33729 4.98492 5.19564 4.19884 3.32907 4.23801 3.41295 4.04959 3.61465 3.30874 4.22906 3.26375 3.12132 2.97239 3.11211 2.96717 3.00067 2.9562 4.83768 3.63283 3.41576 2.85488 2.81504 3.81383 3.10271
threshold=192.94000000000003 5309.8036507842016 6.4809027777777795 58.318750000000009 1.0000000180025095e-35 18.500000000000004 6.5000000000000009 41279.318750000006 2736.390226890192 10.695154185022028 203.85500000000005 6574.3687723581397 105.325 340.50000000000006 115.59000000000002 114.99500000000002 216.12250000000003 4.1625000000000005 35228.812500000007 5.5000000000000009 68.395000000000024 -0.50499999999999989 29132.000000000004 179.53500000000003 156.31375000000003 -0.068749999999999992 78.500000000000014 150.76333333333335 129.0925 100.00125000000001
decision_type=10 10 2 10 2 2 2 8 10 2 10 10 10 2 8 10 10 8 10 2 10 10 10 10 10 10 2 10 10 10
left_child=1 2 3 14 8 6 -6 16 -5 11 22 13 17 -4 15 -1 18 26 -8 -20 -10 -22 -11 25 -25 -24 -13 29 -29 -27
right_child=-2 -3 9 4 5 -7 7 -9 20 10 -12 12 -14 -15 -16 -17 -18 -19 19 -21 21 -23 23 24 -26 27 -28 28 -30 -31
leaf_value=-0.021766683419140804 1.2880554149352896 0.32464560171450513 0.0811301993829176 0.29632551437375482 0.11008880359820601 0.26601344472755784 -0.14459638791616317 0.036258017640536426 -0.16737244215397698 0.053980453224811466 -0.79430050346332037 -0.15322311576360875 -0.38266623264651728 -0.16833547312218772 0.045740686837794663 -0.19906936688997912 -0.94825514757429308 0.019857843673483588 -0.318455554728163 -0.50967978765935096 -0.1903599812362724 0.11163176425878264 -0.60279696004554639 -1.1005981848467581 -0.4346028907180966 -0.040172058096740293 0.096885630149147667 -0.3416266478285836 0.030497294421396079 0.065169683048905677
leaf_weight=5287 6573 3082 2887 8080 1157 895 373 537 163 518 50 110 210 242 2953 60 40 817 261 111 116 883 53 89 334 3402 51 86 85 1048
leaf_count=5287 6573 3082 2887 8080 1157 895 373 537 163 518 50 110 210 242 2953 60 40 817 261 111 116 883 53 89 334 3402 51 86 85 1048
internal_value=0.000864995 0.000543833 0.000377488 0.000712244 0.00122121 7.46668e-05 -0.000642339 -0.00190023 0.00163973 -0.000323951 -0.000802153 0.000303613 -0.00106476 0.000823323 -6.14383e-05 -0.000506544 -0.0034542 -0.000251277 -0.00299598 -0.00489008 -4.64315e-05 0.000567 -0.000723825 -0.000943311 -0.00401179 -0.000664813 -0.00405556 -0.000577023 -0.00434302 -0.000431364
internal_weight=40553 33980 30898 20916 12616 3374 2479 1322 9242 9982 5665 4317 1188 3129 8300 5347 785 978 745 372 1162 999 5615 5097 423 4674 161 4621 171 4450
internal_count=40553 33980 30898 20916 12616 3374 2479 1322 9242 9982 5665 4317 1188 3129 8300 5347 785 978 745 372 1162 999 5615 5097 423 4674 161 4621 171 4450
is_linear=0
shrinkage=0.03


Tree=99
num_leaves=31
num_cat=0
split_feature=14 0 5 7 7 17 41 4 6 4 41 11 7 5 40 4 13 5 23 4 18 24 6 4 26 8 16 40 14 11
split_gain=22.5559 9.60457 7.14584 5.26194 5.16689 4.85115 4.34165 4.32807 3.96266 3.71187 3.41783 2.89914 4.65988 8.36383 2.8789 2.82697 6.99869 2.76314 2.71976 4.07995 2.64523 3.30432 2.62533 3.5712 6.55834 2.61982 2.58202 2.45124 2.43901 2.23328
threshold=238.98000000000005 15.500000000000002 60954.062500000007 4.8663194444444464 6.2378472222222241 1503.6206200000008 5683.3125792735564 212.50000000000003 4.995814977973569 10.500000000000002 1374.3138850538783 197.64875000000004 7.5781250000000009 51339.125000000007 14.955000000000014 357.50000000000006 62.060000000000009 57402.125000000007 4.5000000000000009 194.50000000000003 1.0000000180025095e-35 166.70875000000004 19.444052863436131 236.50000000000003 33391.443750000006 134.15000000000003 7445.1163915067746 16.130000000000003 58.040000000000013 65.38000000000001
decision_type=10 2 2 2 2 10 8 2 2 2 8 10 2 2 10 2 10 2 2 2 2 8 2 2 10 2 10 10 10 10
left_child=1 2 3 5 10 20 9 14 -5 -4 26 12 22 -14 18 -10 29 27 -7 -20 28 25 -2 -24 -25 -22 -3 -6 -1 -17
right_child=11 4 6 8 17 7 -8 -9 15 -11 -12 -13 13 -15 -16 16 -18 -19 19 -21 21 -23 23 24 -26 -27 -28 -29 -30 -31
leaf_value=-0.1687356273189676 0.63530619952938072 0.047396707891990963 -0.51024517415598514 0.15019012552215974 0.0080058492436593798 -0.020718490638237618 0.15409566294373944 0.066554357736138672 -0.033642366554908959 -0.014465691294499039 0.29356511702709343 1.7072797086383265 -1.2229357500155971 0.40222956066652188 -0.5212197704616609 -0.097772757190836959 -0.61183521028544019 0.13979335626969169 -0.12244773157263142 -0.56890537708561406 0.074831862282348546 -0.86112811814880597 0.34369174254434437 -1.415114733721091 0.25938054030980728 -0.17085569859301647 -0.22426092696416855 -0.44307495426092247 0.2348098023287935 0.046956917910100045
leaf_weight=66 1723 1537 57 671 3228 962 2629 742 10334 344 4759 5148 68 119 83 80 61 1314 329 46 1327 47 300 58 78 508 65 86 3611 94
leaf_count=66 1723 1537 57 671 3228 962 2629 742 10334 344 4759 5148 68 119 83 80 61 1314 329 46 1327 47 300 58 78 508 65 86 3611 94
internal_value=0.000841557 0.000503927 0.000142006 -7.42009e-05 0.00122812 0.000528749 0.00149456 -0.000676838 -0.000488391 -0.00141045 0.00178293 0.00232715 0.00145207 -0.00307979 -0.00164673 -0.000630369 -0.00387712 0.000465327 -0.00130717 -0.00347074 0.000997662 8.28466e-05 0.00184583 -0.000233409 -0.00424817 0.000285948 0.000583905 3.62002e-06 0.00146574 -0.000788571
internal_weight=40474 32980 21991 18961 10989 7721 3030 2162 11240 401 6361 7494 2346 187 1420 10569 235 4628 1337 375 5559 1882 2159 436 136 1835 1602 3314 3677 174
internal_count=40474 32980 21991 18961 10989 7721 3030 2162 11240 401 6361 7494 2346 187 1420 10569 235 4628 1337 375 5559 1882 2159 436 136 1835 1602 3314 3677 174
is_linear=0
shrinkage=0.03


Tree=100
num_leaves=31
num_cat=0
split_feature=24 41 7 32 16 5 16 29 1 10 8 14 36 14 7 1 14 7 5 5 38 11 41 18 24 13 4 35 1 41
split_gain=22.9697 10.2983 8.272 7.20001 5.47742 4.17498 3.92369 4.53109 3.90285 4.15433 4.16852 3.63199 6.06601 8.7725 7.02706 3.59535 4.16665 3.57618 5.8763 3.45633 3.13996 3.11805 3.86386 3.07715 3.18486 3.06986 2.89936 4.31236 5.48817 2.80492
threshold=173.16625000000002 5550.0538319538255 5.9114583333333348 83.991250000000022 5205.1783118534104 59563.500000000007 3282.8236341293073 87.665000000000006 4.5000000000000009 147.50500000000002 701.58125000000007 179.53500000000003 1.2200000000000097 183.26375000000004 8.2864583333333375 1.0000000180025095e-35 57.045000000000009 8.3385416666666696 46601.375000000007 61654.437500000007 30.574999999999999 51.945000000000007 3905.4187181298516 1.0000000180025095e-35 0.28125000000000006 68.936250000000015 353.50000000000006 4.0449999999999919 3.5000000000000004 -3411.1625452607109
decision_type=8 10 2 10 10 2 10 10 2 8 2 10 10 10 2 2 10 2 2 2 10 10 8 2 10 10 2 10 2 8
left_child=1 2 3 15 8 11 23 -8 -2 -10 17 25 13 -13 29 16 21 -11 -19 20 -17 22 -1 24 -5 26 -4 -28 -29 -15
right_child=4 -3 5 6 -6 -7 7 -9 9 10 -12 12 -14 14 -16 19 -18 18 -20 -21 -22 -23 -24 -25 -26 -27 27 28 -30 -31
leaf_value=-0.019095447457024971 1.185563460724308 0.31013203602351397 -0.019876402340003842 -0.1548553436327394 -0.49180390776484911 0.067023980839425665 -0.31552208896554135 0.061582534174614456 -0.91906901393338281 0.79911917445957825 -0.92901577436505989 -1.15433559852401 0.034004938704655784 -0.42151313995513046 -0.92957115357988507 -0.0039969790941660286 0.18113384240890948 -1.458241429526574 0.42837718875009201 0.12209729449205012 -0.15143188111460712 0.066707501713571732 -0.20709184814558149 0.080708052967521648 0.33956414414496594 0.076104100580083628 -0.0051503254524201004 -0.32778054563878228 -0.05325340438763769 -0.013269121460766711
leaf_weight=46 5994 2876 8077 42 46 2164 174 656 43 1523 55 83 390 42 97 5451 1356 40 119 517 832 51 41 2945 5073 1178 186 53 78 381
leaf_count=46 5994 2876 8077 42 46 2164 174 656 43 1523 55 83 390 42 97 5451 1356 40 119 517 832 51 41 2945 5073 1178 186 53 78 381
internal_value=0.000840606 0.000492132 0.000327238 0.00075659 0.0023015 -0.000252396 0.00134968 -0.000613718 0.00236296 0.00112858 0.00135846 -0.000498296 -0.00222435 -0.00410762 -0.00264875 0.000120796 0.00145284 0.00162567 -0.00264375 -0.000172033 -0.000366168 -0.0034964 -0.00692045 0.00155192 0.00199668 -0.000319022 -0.00052031 -0.00333019 -0.00747727 -0.000969339
internal_weight=40609 32789 29913 17184 7820 12729 8890 830 7774 1780 1737 10565 993 603 520 8294 1494 1682 159 6800 6283 138 87 8060 5115 9572 8394 317 131 423
internal_count=40609 32789 29913 17184 7820 12729 8890 830 7774 1780 1737 10565 993 603 520 8294 1494 1682 159 6800 6283 138 87 8060 5115 9572 8394 317 131 423
is_linear=0
shrinkage=0.03


Tree=101
num_leaves=31
num_cat=0
split_feature=24 41 0 7 16 16 1 10 4 17 4 7 38 15 32 13 18 1 26 30 17 27 15 32 32 32 7 10 34 13
split_gain=23.2218 9.77962 6.17071 6.11725 5.59669 4.30653 3.87814 5.77579 4.20926 3.85832 3.83685 3.27 3.08354 3.02485 5.55579 3.0393 2.90612 2.90285 3.59613 2.38017 2.35356 2.34202 2.63985 2.304 2.18352 2.12755 2.31768 2.10499 4.6179 6.56064
threshold=150.92000000000004 5550.0538319538255 16.500000000000004 4.4531250000000009 2610.1158262879258 7606.8362213053178 4.5000000000000009 141.10000000000005 359.50000000000006 2223.3310800000004 212.50000000000003 10.071180555555559 -1.0000000180025095e-35 155.70000000000002 5.0025000000000004 58.39500000000001 1.0000000180025095e-35 1.0000000180025095e-35 39697.007500000007 200.00500000000002 4562.7762750000002 37249.520833333336 75.893906250000015 73.325000000000003 66.695000000000007 -1.0000000180025095e-35 4.8663194444444464 88.555000000000021 111.105 49.185000000000009
decision_type=10 10 2 2 10 10 2 10 2 10 2 2 10 8 10 10 2 2 10 10 10 10 10 8 10 8 2 10 10 10
left_child=1 2 3 9 11 6 8 12 -2 16 -11 23 -8 15 -15 27 -1 18 -16 -9 -17 22 -6 -4 -22 26 -3 -5 29 -29
right_child=5 25 4 13 21 -7 7 19 -10 10 -12 -13 -14 14 17 20 -18 -19 -20 -21 24 -23 -24 -25 -26 -27 -28 28 -30 -31
leaf_value=0.21958392686293093 1.0123157971688337 0.09846617794799821 0.056786199228680861 -0.012433074207448313 -0.13701261418254665 -0.46065877166443431 -0.86477994401996872 0.037656701256075592 -0.24939954772572775 -0.086743157975317953 0.08159523961955098 -0.087981081365835434 -0.19861834464684613 -0.82011785322945985 -0.54068208430750742 0.060190132757628988 0.013202714683448981 -0.03602706544258779 -0.025512787902092882 1.0942943941738958 0.027315495563807059 0.012843437635650505 0.28525627556082395 0.30166064785914881 -0.34376184335640841 0.31918034902129033 -0.18270568219197747 -0.22689583056319484 0.0017560210820564549 -1.0634801428249638
leaf_weight=2964 7196 46 1798 8582 378 74 40 829 61 1208 671 149 49 47 53 3285 1747 587 71 1283 91 1638 94 3258 68 2563 43 685 855 108
leaf_count=2964 7196 46 1798 8582 378 74 40 829 61 1208 671 149 49 47 53 3285 1747 587 71 1283 91 1638 94 3258 68 2563 43 685 855 108
internal_value=0.000829994 0.000431655 0.000268579 7.42056e-06 0.001019 0.00212483 0.00218141 0.00107766 0.00251598 0.000764679 -0.000384574 0.00154725 -0.00636667 -0.000338391 -0.00218182 -0.000236051 0.00122305 -0.00151264 -0.005664 0.00139423 0.000534688 -0.000284225 -0.00214376 0.00167649 -0.00301875 0.00217339 -0.00236667 -0.000495553 -0.00147726 -0.00312468
internal_weight=40521 30989 28337 21022 7315 9532 9458 2201 7257 6590 1879 5205 89 14432 758 13674 4711 711 124 2112 3444 2110 472 5056 159 2652 89 10230 1648 793
internal_count=40521 30989 28337 21022 7315 9532 9458 2201 7257 6590 1879 5205 89 14432 758 13674 4711 711 124 2112 3444 2110 472 5056 159 2652 89 10230 1648 793
is_linear=0
shrinkage=0.03


Tree=102
num_leaves=31
num_cat=0
split_feature=14 41 0 27 10 18 25 25 10 4 25 16 13 25 34 40 4 4 13 12 33 13 40 0 15 25 32 34 16 40
split_gain=22.5398 9.56915 7.94844 5.966 5.73469 4.95607 7.23704 6.44163 4.70307 4.68914 4.684 4.3856 3.79227 4.39597 5.27345 4.30179 5.26581 5.0018 4.5113 6.51088 3.87875 3.72229 6.08067 3.19595 3.19718 4.24704 3.15715 3.37626 3.12853 3.05023
threshold=238.98000000000005 6901.1088763121488 16.500000000000004 55427.884739583344 43.365000000000002 1.0000000180025095e-35 74.771458333333342 72.179166666666688 -2.4362499999999998 350.50000000000006 121.71145833333334 9317.2811944361565 68.936250000000015 190.57583333333335 192.91500000000002 -35.399999999999977 275.50000000000006 328.50000000000006 40.170000000000009 81.633958333333354 200.24500000000003 28.500000000000004 -30.97750000000001 5.5000000000000009 110.43156250000001 103.65375000000002 1.1050000000000002 70.375000000000014 10827.95315687678 -21.154999999999998
decision_type=10 10 2 8 10 2 10 10 10 2 10 10 10 10 10 10 2 2 10 10 10 10 10 2 10 10 8 10 10 10
left_child=1 2 3 5 28 7 8 -1 -7 26 11 -11 15 23 -15 20 18 -18 29 -20 -8 22 -10 -14 25 -25 27 -9 -4 -17
right_child=-2 -3 4 -5 -6 6 12 9 21 10 -12 -13 13 14 -16 16 17 -19 19 -21 -22 -23 -24 24 -26 -27 -28 -29 -30 -31
leaf_value=-0.012924282918190902 0.93800314297908993 0.37466385109683625 -0.011540877922008815 -0.50844740068825556 0.15466016858297663 -3.5909621803046265 -0.0066575807333005598 0.068070310342657495 0.0306267277481495 0.19468139535109558 -0.71059555866384128 -0.25522030159077408 0.26802829026678765 -0.96981787322508517 0.078396447120255244 -0.29259359205689767 -1.0482953270702116 -0.5333389330323286 -0.62959714969727054 -0.41538679526897587 -0.68444910171175144 0.070870250658726097 -0.11395159779865356 -0.082790887481127048 0.017891353296166299 -0.55185419836064253 0.15194284696799565 -0.21544847803939632 -0.18396690650495195 0.0061745875447999348
leaf_weight=6274 7456 2301 1157 60 7403 49 467 204 1333 147 71 46 420 53 48 68 40 66 42 195 42 1775 1631 292 385 78 7659 208 87 288
leaf_count=6274 7456 2301 1157 60 7403 49 467 204 1333 147 71 46 420 53 48 68 40 66 42 195 42 1775 1631 292 385 78 7659 208 87 288
internal_value=0.0008064 0.000468744 0.000328353 2.47472e-05 0.00109864 5.08638e-05 -0.000589028 0.000369405 9.27126e-05 0.000915907 -0.00301132 -0.000572165 -0.00190262 -0.000761159 -0.00673529 -0.0031067 -0.00463286 -0.0107664 -0.0035202 -0.00671849 -0.00100588 0.000189241 -0.000461383 -0.000242347 -0.00140873 -0.00339623 0.00104472 -0.0015109 -0.000785542 -0.00137815
internal_weight=40345 32889 30588 21941 8647 21881 7272 14609 4788 8335 264 193 2484 1276 101 1208 699 106 593 237 509 4739 2964 1175 755 370 8071 412 1244 356
internal_count=40345 32889 30588 21941 8647 21881 7272 14609 4788 8335 264 193 2484 1276 101 1208 699 106 593 237 509 4739 2964 1175 755 370 8071 412 1244 356
is_linear=0
shrinkage=0.03


Tree=103
num_leaves=31
num_cat=0
split_feature=24 5 32 7 5 29 7 16 1 30 8 4 11 16 10 14 14 7 8 1 24 5 4 32 25 17 31 25 16 4
split_gain=22.5832 7.83524 6.25011 7.98895 7.75891 4.8992 4.49447 4.48211 3.87619 4.7624 9.66914 3.7863 3.37149 3.21722 3.17663 2.72402 3.90409 3.03957 2.65592 4.43869 4.47454 3.87204 2.90867 2.85233 2.83013 2.69631 2.67629 2.56149 2.51751 2.5078
threshold=173.16625000000002 54962.937500000007 83.393750000000011 5.8072916666666687 35812.625000000007 117.74125000000002 9.8107638888888911 5205.1783118534104 4.5000000000000009 200.00500000000002 502.15625000000006 359.50000000000006 77.205000000000013 4874.5650524793682 147.50500000000002 179.53500000000003 183.26375000000004 8.5017361111111125 144.29375000000005 2.5000000000000004 31.407500000000002 37066.312500000007 100.50000000000001 -1.0000000180025095e-35 62.693593750000012 12680.983480000001 -9.9912499999999991 133.62770833333335 2027.3470759880338 2.5000000000000004
decision_type=10 2 8 2 2 10 2 10 2 10 2 2 10 10 10 10 10 2 2 2 10 2 2 10 10 8 10 10 8 2
left_child=1 2 18 -4 5 -5 13 8 11 10 14 -2 -6 29 -10 -14 -17 -18 -1 22 26 -22 24 -23 -20 -24 28 -27 -21 -3
right_child=7 6 3 4 12 -7 -8 -9 9 -11 -12 -13 15 -15 -16 16 17 -19 19 20 21 23 25 -25 -26 27 -28 -29 -30 -31
leaf_value=0.0090573782949172014 1.1475853748404803 -0.43341577046305219 0.17074144132458866 -0.27751682834043068 -0.14453846575937215 -0.57614109180702289 -0.085824362604462995 -0.4042896629934648 -0.69242762339636843 1.1020539232872466 -0.96052653495183615 -0.23625164638758533 0.12062612794954058 0.016133135608322687 0.20506221385219722 -1.044754412134276 0.072183527597290353 -0.76752183753473491 -0.00061321452076416503 -2.7751141915519359 -0.43981545517080545 -0.47076358867921203 -0.004648546591821289 -0.17290480659970853 -0.21136915534545717 0.15004761521128623 -0.0040672216215789135 -0.15389136825291358 -0.086750346627989611 0.15195975347307134
leaf_weight=6201 5893 69 7797 277 794 56 540 43 41 1187 56 48 1907 1556 505 59 419 77 174 63 63 55 1449 1619 122 978 2092 95 101 6101
leaf_count=6201 5893 69 7797 277 794 56 540 43 41 1187 56 48 1907 1556 505 59 419 77 174 63 63 55 1449 1619 122 978 2092 95 101 6101
internal_value=0.000805455 0.000459575 0.000189106 0.00070238 -0.000468802 -0.00482335 0.00125777 0.00225868 0.00231277 0.00108771 -0.00108458 0.00268142 -2.21061e-05 0.00144273 0.000142596 0.000526188 -0.00132194 -0.00044668 -0.000260048 -0.000668966 -0.00131222 -0.00245627 0.000242639 -0.00217791 -0.00256566 0.000573127 -0.00043066 0.00171229 -0.00410909 0.00175012
internal_weight=40437 32664 24398 11386 3589 333 8266 7773 7730 1789 602 5941 3256 7726 546 2462 555 496 13012 6811 3993 1737 2818 1674 296 2522 2256 1073 164 6170
internal_count=40437 32664 24398 11386 3589 333 8266 7773 7730 1789 602 5941 3256 7726 546 2462 555 496 13012 6811 3993 1737 2818 1674 296 2522 2256 1073 164 6170
is_linear=0
shrinkage=0.03


Tree=104
num_leaves=31
num_cat=0
split_feature=24 41 7 6 0 16 17 4 23 30 5 8 28 7 14 34 17 9 5 0 40 10 40 5 10 28 8 5 4 28
split_gain=23.9871 9.67129 6.93005 6.46346 5.46337 5.33756 4.27488 3.33568 2.98126 4.38468 5.41127 4.09164 4.03012 2.60732 4.8714 3.03215 2.60648 3.14424 2.6231 2.60558 2.60298 2.57286 2.54343 3.35728 3.77786 3.3076 4.18698 4.67514 3.03496 2.91064
threshold=173.16625000000002 7687.9710689938156 4.9670138888888902 6.0211453744493406 14.500000000000002 5205.1783118534104 1544.5071950000004 188.50000000000003 5.5000000000000009 195.06500000000003 45506.250000000007 434.53125000000006 36715.773593750004 10.565972222222223 118.66125000000001 131.40500000000003 2.0394400000000004 34.722500000000004 62302.250000000007 14.500000000000002 -10.254999999999994 -23.451249999999998 -55.677499999999981 36000.812500000007 93.605000000000004 40021.043437500011 274.73125000000005 50050.312500000007 353.50000000000006 40404.458906250009
decision_type=10 10 2 2 2 10 10 2 2 10 2 2 10 2 10 10 10 10 2 2 10 10 10 2 10 10 2 2 2 10
left_child=1 2 6 -4 16 8 -1 19 -2 10 11 12 -10 -6 -15 -16 18 -18 22 21 -19 -8 -5 24 -24 26 -25 -28 29 -27
right_child=5 -3 3 4 13 -7 7 -9 9 -11 -12 -13 -14 14 15 -17 17 20 -20 -21 -22 -23 23 25 -26 28 27 -29 -30 -31
leaf_value=0.12784195061720402 1.0940992498086843 0.36863141133908051 0.11726218303223317 0.013162070593389424 0.032332141021586151 -0.46142467468482629 -1.5023143419678517 0.046923722442569475 0.052310595333770207 1.0580684034998615 0.66271920402202467 -1.0018369780562022 -0.84665161553917678 0.023974085037943991 -0.48311453484736583 -0.20341905213536501 -0.020345312247815224 -0.11932654967692462 0.116310363972884 0.02502727302614452 -0.43595535446570255 -0.076975146142965412 -0.079372745244930099 0.023953733777341141 -0.52625262414803575 -0.76438812006842172 -0.38351540495426006 0.18680821660728017 -0.3372861663109511 -0.064779841646049899
leaf_weight=8689 6051 2008 2148 1536 6728 47 52 1535 152 1209 282 41 55 154 40 65 1112 622 419 638 206 962 604 2602 219 117 445 258 69 1568
leaf_count=8689 6051 2008 2148 1536 6728 47 52 1535 152 1209 282 41 55 154 40 65 1112 622 419 638 206 962 604 2602 219 117 445 258 69 1568
internal_value=0.000800537 0.000444187 0.000312579 -4.40965e-05 -0.000242648 0.00229153 0.000880525 -5.92847e-05 0.00235271 0.0012569 -0.00101695 -0.00424096 -0.00249519 0.000397968 -0.00255 -0.0075 -0.00070045 -0.0016847 -0.000456621 -0.000994555 -0.00308323 -0.00193892 -0.000587141 -0.000870984 -0.00264684 -0.00058162 -2.26859e-05 -0.00207528 -0.00163419 -0.001379
internal_weight=40633 32796 30788 18912 16764 7837 11876 3187 7790 1739 530 248 207 6987 259 105 9777 1940 7837 1652 828 1014 7418 5882 823 5059 3305 703 1754 1685
internal_count=40633 32796 30788 18912 16764 7837 11876 3187 7790 1739 530 248 207 6987 259 105 9777 1940 7837 1652 828 1014 7418 5882 823 5059 3305 703 1754 1685
is_linear=0
shrinkage=0.03


Tree=105
num_leaves=31
num_cat=0
split_feature=24 41 16 7 8 5 13 4 32 16 38 37 4 23 30 8 4 4 14 12 11 7 4 4 18 7 36 40 6 10
split_gain=23.6061 10.3176 5.83786 6.21848 5.97638 5.48112 5.05782 5.25418 4.73641 3.97029 3.77348 3.73423 3.53256 3.34094 3.94072 7.42805 3.20844 6.93302 4.07086 3.0871 4.10149 3.1285 3.4383 2.9259 2.79133 2.72956 4.10064 2.70032 3.42674 2.56111
threshold=173.16625000000002 6901.1088763121488 3356.5495781531386 10.071180555555559 529.36250000000007 40343.750000000007 18.625000000000004 274.50000000000006 93.105000000000004 5205.1783118534104 39.135000000000012 35.170000000000009 360.50000000000006 5.5000000000000009 195.06500000000003 529.36250000000007 261.50000000000006 263.50000000000006 99.955000000000013 124.09562500000001 147.13125000000002 3.4531250000000004 239.50000000000003 4.5000000000000009 1.0000000180025095e-35 6.3767361111111134 1.0012500000000002 2.5099999999999949 20.822687224669608 149.61250000000004
decision_type=10 10 10 2 2 2 10 2 10 10 10 10 2 2 10 2 2 2 10 10 10 2 2 2 2 2 10 10 2 10
left_child=1 2 3 4 5 10 -5 -8 -7 12 16 27 13 -2 15 29 18 -18 -1 24 21 -21 -23 -10 -6 -19 -27 -4 -29 -15
right_child=9 -3 11 6 19 8 7 -9 23 -11 -12 -13 -14 14 -16 -17 17 25 -20 20 -22 22 -24 -25 -26 26 -28 28 -30 -31
leaf_value=-0.071796900489623713 1.0753198039862442 0.33670373979071588 -0.011099046762450484 0.02776586321351111 0.017903794949186154 0.036878161946736626 -0.23827300495724818 -0.63802511552537677 -0.33972108828556197 -0.39967383354596275 -0.34996951068097015 -0.76865109264813547 -0.64972152990281351 -0.83729018819385914 0.94588025064168213 -1.1862572069321258 -1.30907605468831 0.010494828659443414 0.12729593545978102 -0.0005174560890459051 0.70978422462037183 -0.32568335935471965 -1.1753873840030606 0.27660346775395572 -0.15739300448429508 -0.46029600082058858 0.16054141922857942 -0.40423082941309535 0.063640030423797192 0.2242016716362546
leaf_weight=1290 6101 2274 6275 283 1767 9204 230 72 90 48 179 40 41 42 1162 46 47 605 2668 82 88 129 53 5937 836 122 57 244 119 419
leaf_count=1290 6101 2274 6275 283 1767 9204 230 72 90 48 179 40 41 42 1162 46 47 605 2668 82 88 129 53 5937 836 122 57 244 119 419
internal_value=0.000798254 0.00044332 0.000297554 0.000517987 0.000595206 0.000779555 -0.00253413 -0.00522772 0.00106178 0.00227443 -8.57314e-05 -0.000486001 0.00232757 0.00237421 0.00118383 -0.00102165 7.45304e-05 -0.00161899 0.000430412 -0.00066475 -0.00329745 -0.00516226 -0.00734426 0.00171549 -0.000307604 -0.000940127 -0.00418333 -0.000430185 -0.00294231 0.000136364
internal_weight=40550 32691 30417 23739 23154 20199 585 302 15231 7859 4968 6678 7811 7770 1669 507 4789 831 3958 2955 352 264 182 6027 2603 784 179 6638 363 461
internal_count=40550 32691 30417 23739 23154 20199 585 302 15231 7859 4968 6678 7811 7770 1669 507 4789 831 3958 2955 352 264 182 6027 2603 784 179 6638 363 461
is_linear=0
shrinkage=0.03


Tree=106
num_leaves=31
num_cat=0
split_feature=14 41 0 7 18 16 7 6 4 4 39 4 30 17 11 4 40 25 25 4 5 11 7 5 40 11 25 4 18 15
split_gain=21.9331 8.92932 6.74227 5.26414 5.55308 5.03288 5.1753 4.85745 4.13972 3.46989 7.69931 3.18391 3.03913 2.9788 3.39144 2.85549 4.6558 2.80536 6.39433 5.64972 3.80536 2.62203 3.657 5.83865 2.54689 3.12245 4.18508 5.67344 3.80996 3.24879
threshold=244.65500000000003 6407.244166763624 16.500000000000004 4.4739583333333348 1.0000000180025095e-35 2398.0259028533396 9.7031250000000036 7.6072687224669613 98.500000000000014 357.50000000000006 -66.641249999999971 2.5000000000000004 -9.6887499999999971 6689.1005950000008 82.30125000000001 188.50000000000003 11.73999999999999 177.58057291666668 161.76687500000003 231.50000000000003 46601.375000000007 185.09500000000003 7.6163194444444473 51339.125000000007 -61.244999999999997 82.953750000000028 124.95796875000001 78.500000000000014 1.0000000180025095e-35 75.107291666666683
decision_type=10 10 2 2 2 10 2 2 2 2 10 2 10 10 10 2 10 10 10 2 2 10 2 2 10 10 10 2 2 10
left_child=1 2 3 4 13 6 -4 11 -8 17 -11 -5 -6 -1 -15 16 -7 18 24 -20 -21 22 -2 -24 -9 26 29 -28 -27 -26
right_child=21 -3 5 7 12 15 8 9 -10 10 -12 -13 -14 14 -16 -17 -18 -19 19 20 -22 -23 23 -25 25 28 27 -29 -30 -31
leaf_value=0.21430664801554841 0.38640262738326292 0.29092788717384904 0.18653404500518547 -0.27442654717527254 -1.0076196385351803 -0.028363239725500936 0.04547154134723979 0.012397148466649141 -0.32337818439031268 -0.0036132731101939128 -0.65018968873295069 0.060209437064287101 -0.010019479959393701 0.0087789125201450605 -0.19545687100879061 0.068437342524847997 -0.47306638342026952 0.53681675745357826 0.080855207065269288 -0.61038446185268125 -0.5318743750232664 1.3690611126620122 -1.3036374534837925 0.10298012144622447 -0.030326907621459506 0.049323887912829108 -1.3344115268063355 -0.15804748699422486 -0.20428476775505894 -0.2008877761906141
leaf_weight=3615 1584 2494 6101 49 82 1225 136 2329 114 155 69 2834 2295 786 68 1131 43 399 71 69 40 5518 48 78 4448 2560 44 73 810 1276
leaf_count=3615 1584 2494 6101 49 82 1225 136 2329 114 155 69 2834 2295 786 68 1131 43 399 71 69 40 5518 48 78 4448 2560 44 73 810 1276
internal_value=0.000792009 0.000466969 0.000327223 4.78414e-05 0.000738718 0.00103188 0.00147402 -0.000262823 -0.002749 -0.000521792 -0.00421333 0.000845701 -0.000432716 0.00136175 -0.000231579 -0.00013875 -0.00111584 -0.000453218 -0.000537497 -0.0061326 -0.0103909 0.00228994 0.00126242 -0.0036378 -0.000449701 -0.000673795 -0.00109329 -0.00668644 5.33967e-05 -0.000977816
internal_weight=40544 33316 30822 22072 6846 8750 6351 15226 250 12343 224 2883 2377 4469 854 2399 1268 12119 11720 180 109 7228 1710 126 11540 9211 5841 117 3370 5724
internal_count=40544 33316 30822 22072 6846 8750 6351 15226 250 12343 224 2883 2377 4469 854 2399 1268 12119 11720 180 109 7228 1710 126 11540 9211 5841 117 3370 5724
is_linear=0
shrinkage=0.03


Tree=107
num_leaves=31
num_cat=0
split_feature=13 41 7 11 17 5 5 17 7 9 18 31 41 23 27 6 4 30 34 26 25 29 7 5 14 28 34 41 9 4
split_gain=20.5674 8.40045 5.73292 6.90458 3.82908 4.04664 3.75654 5.38803 3.16511 3.68726 3.14244 3.54898 2.99783 3.23867 2.77775 2.97835 3.47838 4.40079 4.42706 4.05051 2.8898 2.77125 2.6275 5.72994 2.59179 4.75297 2.65631 2.50105 3.95214 2.43766
threshold=122.84500000000001 7687.9710689938156 6.4288194444444455 66.001250000000013 7505.2006050000009 39056.250000000007 33356.250000000007 2647.0859150000006 10.368055555555559 71.178750000000022 1.0000000180025095e-35 83.403750000000016 -5106.0077944272844 6.5000000000000009 31804.515520833334 11.899339207048461 339.50000000000006 102.81500000000001 89.145000000000024 48810.500000000007 13.500208333333335 9.6725000000000012 8.3385416666666696 54810.625000000007 179.53500000000003 35897.250000000007 72.415000000000006 2171.4324529777227 118.34500000000001 2.5000000000000004
decision_type=10 10 2 10 10 2 2 8 2 10 2 10 8 2 10 2 2 10 10 10 10 10 2 2 10 10 10 8 10 2
left_child=1 2 3 29 5 -5 7 -4 14 -10 -2 -12 -11 -14 20 16 27 18 21 -19 -8 -18 -13 -24 26 -26 -17 28 -16 -1
right_child=10 -3 6 4 -6 -7 8 -9 9 12 11 22 13 -15 15 24 17 19 -20 -21 -22 -23 23 -25 25 -27 -28 -29 -30 -31
leaf_value=-0.46443416651605135 0.94879408479258953 0.31551059598299508 0.042289499112185658 0.003661425383629019 -0.10522272500665278 0.21024157767441823 -0.10594838258784786 -0.50322099679175436 -0.014482466388504778 0.036153660271708875 -0.80873614921592762 0.62237755574501263 -0.52947996454919932 -0.4834571533735178 -0.0028674374904857692 -0.12387990227143116 0.034934282786321311 -0.35269968423493064 0.11871320609792035 -0.68566936606524898 0.18474683363673977 -0.26638910791877873 -1.6214790356328643 0.35271013074884616 -0.91514153115212915 -0.16497097354281406 -2.1769355732663054e-05 0.072047702293288038 -0.49373750280495049 0.0053770707447792377
leaf_weight=55 5058 2106 45 1921 277 9023 57 65 521 75 67 1960 158 63 939 943 41 76 287 40 795 119 43 112 77 282 2594 3208 76 9438
leaf_count=55 5058 2106 45 1921 277 9023 57 65 521 75 67 1960 158 63 939 943 41 76 287 40 795 119 43 112 77 282 2594 3208 76 9438
internal_value=0.000825552 0.000510276 0.000386355 0.000675453 0.0011792 0.00126743 -0.000186102 -0.00567568 -0.000127222 -0.00191809 0.00227455 0.00132203 -0.00458586 -0.00633784 2.64291e-05 -0.000134055 0.000367245 -0.00184574 -0.000488839 -0.00702564 0.00166002 -0.00447205 0.00153828 -0.00221154 -0.000749807 -0.003175 -0.000502826 0.000662642 -0.000634842 7.99453e-05
internal_weight=40521 33281 31175 20714 11221 10944 10461 110 10351 817 7240 2182 296 221 9534 8682 4786 563 447 116 852 160 2115 155 3896 359 3537 4223 1015 9493
internal_count=40521 33281 31175 20714 11221 10944 10461 110 10351 817 7240 2182 296 221 9534 8682 4786 563 447 116 852 160 2115 155 3896 359 3537 4223 1015 9493
is_linear=0
shrinkage=0.03


Tree=108
num_leaves=31
num_cat=0
split_feature=9 6 7 32 11 7 6 1 14 6 16 28 8 41 3 38 12 6 4 35 5 38 8 27 14 27 27 34 5 32
split_gain=20.9719 8.48268 7.20018 4.65999 4.26696 3.74478 4.09603 3.65557 3.50131 3.52519 4.27313 4.14782 3.45092 3.48478 3.41654 2.52204 2.98985 2.50064 2.52854 2.55927 2.44643 2.43885 2.26832 2.6448 2.31919 3.35826 6.35248 2.2365 2.17706 3.73638
threshold=205.75500000000002 4.8325991189427322 4.7135416666666687 83.393750000000011 98.215000000000018 10.071180555555559 16.601982378854633 1.0000000180025095e-35 179.53500000000003 19.259911894273134 7606.8362213053178 35390.20171875001 728.60625000000016 -12048.854118306437 1.0000000180025095e-35 89.135000000000019 84.206666666666692 11.587444933920706 349.50000000000006 8.4487499999999986 44406.250000000007 24.912500000000005 367.16875000000005 37123.323072916675 136.75125000000006 31096.770833333339 38392.509375000001 -6.8749999999999991 39956.250000000007 48.801250000000003
decision_type=10 2 2 10 10 2 2 2 10 2 10 10 2 8 2 10 10 2 2 10 2 10 2 10 10 10 10 10 2 10
left_child=1 14 3 7 8 12 -7 -3 15 10 -10 -11 13 -6 -1 17 -17 18 -4 -20 22 -19 23 -5 -24 -26 -27 -9 29 -15
right_child=-2 2 4 20 5 6 -8 27 9 11 -12 -13 -14 28 -16 16 -18 21 19 -21 -22 -23 24 -25 25 26 -28 -29 -30 -31
leaf_value=0.17283932452498396 1.2270733525778104 0.19344328411178244 0.025100660973660004 0.33949686059142686 -0.086865135402477575 -0.088851727360856891 -0.5300168204321033 -0.84785442547487033 0.05333799960134656 -0.16757367928960304 -0.46978852792364384 -1.1220860347080566 -0.88989077899203528 -0.27091242480775468 -0.40213817921055234 -1.002528855650197 -0.060754652780489367 -0.013536057343389493 -0.039846639746622746 -0.29287800680633408 0.33399499233094637 -0.11872610103960159 0.21538882683943072 0.048443284079870391 0.23566145990251997 -0.77038960910790477 0.042729702146368169 -0.00017010011252904756 0.13739362419945303 -0.0015798936191219267
leaf_weight=3437 5747 939 4317 1171 61 419 43 82 272 70 41 79 41 49 71 47 113 7261 203 78 2885 699 110 1558 69 41 42 3631 6120 826
leaf_count=3437 5747 939 4317 1171 61 419 43 82 272 70 41 79 41 49 71 47 113 7261 203 78 2885 699 110 1558 69 41 42 3631 6120 826
internal_value=0.000809318 0.000531832 0.000374856 0.00101377 5.04823e-05 0.000618651 -0.00199568 0.00030432 -0.000275396 -0.00283801 -0.00102229 -0.00662 0.000789096 0.000840017 0.00193046 -0.00018209 -0.00391304 -0.000134246 0.000422701 -0.00232979 0.00157529 -0.000455973 0.000973596 0.00122967 -0.00168821 -0.00407843 -0.00810714 -0.00011874 0.000902659 -0.000496575
internal_weight=40522 34775 31267 10528 20739 7559 462 4652 13180 462 313 149 7097 7056 3508 12718 160 12558 4598 281 5876 7960 2991 2729 262 152 83 3713 6995 875
internal_count=40522 34775 31267 10528 20739 7559 462 4652 13180 462 313 149 7097 7056 3508 12718 160 12558 4598 281 5876 7960 2991 2729 262 152 83 3713 6995 875
is_linear=0
shrinkage=0.03


Tree=109
num_leaves=31
num_cat=0
split_feature=9 5 27 41 38 41 0 25 17 10 16 37 13 18 15 14 13 5 14 12 14 14 0 15 25 14 11 14 25 16
split_gain=20.6565 9.7334 5.91512 6.18248 5.6973 4.80843 3.56064 3.62418 3.5246 5.08472 3.63064 3.46239 3.41982 3.08478 2.92875 3.3723 5.11422 4.53682 3.22964 5.77718 2.88577 2.67848 5.28889 4.30955 4.23272 3.33669 2.80677 3.20807 2.57493 2.50241
threshold=220.94125000000003 56831.250000000007 31804.515520833334 1891.7191633936529 91.915000000000035 5683.3125792735564 16.500000000000004 64.750833333333347 8191.4300799999992 3.5550000000000002 2773.4400715901447 20.014999999999997 -5.004999999999999 1.5000000000000002 157.86203125000003 258.29125000000005 123.85125000000001 50154.875000000007 209.59625000000003 150.27250000000004 147.17500000000004 104.02000000000002 5.5000000000000009 72.386250000000004 61.401666666666671 91.975000000000009 82.953750000000028 102.21000000000002 166.03687500000004 1194.6642071994477
decision_type=10 2 10 10 10 8 2 10 8 10 8 10 10 2 10 10 10 2 10 10 10 10 2 10 8 10 8 10 10 10
left_child=1 2 8 4 6 11 14 -8 9 10 -1 -3 29 -10 -4 16 18 -18 19 20 -16 22 23 24 -7 -24 27 -27 -15 -5
right_child=-2 5 3 12 -6 21 7 -9 13 -11 -12 -13 -14 28 15 -17 17 -19 -20 -21 -22 -23 25 -25 -26 26 -28 -29 -30 -31
leaf_value=-0.017386490493243971 1.596329981995477 0.0041955501025803593 -0.0062615308059301277 0.18870470837096515 -0.53588390015205867 0.080690849567053122 -0.0060694195930543239 0.20550599329079597 0.33388184555188599 0.04884715387135647 -0.22590423400080831 -0.76679350324458728 0.23598283132824058 0.038585156607586393 -0.5207037718393418 0.30218771610028 -1.5174184960423496 -0.56916822054983929 0.084363292712791998 -0.90164977639174071 -0.029778345943069759 0.28262448291886322 0.11942708301315173 -0.19735067429273212 -0.1036023071575555 -0.18970340940438515 0.15109027368184855 0.15184714238486582 -0.33301940707172606 -0.14480506244460725
leaf_weight=56 4959 1302 14831 104 355 148 2484 2779 2650 271 65 40 2111 431 71 269 42 58 228 44 234 4586 1562 59 77 134 152 79 108 210
leaf_count=56 4959 1302 14831 104 355 148 2484 2779 2650 271 65 40 2111 431 71 269 42 58 228 44 234 4586 1562 59 77 134 152 79 108 210
internal_value=0.000786593 0.000533468 0.000262864 9.19358e-05 -7.08075e-05 0.00144435 -7.12883e-06 0.000668503 0.0013995 -0.00128244 -0.00636885 -0.000196575 0.00152721 0.00172947 -0.000232539 -0.00185005 -0.00297788 -0.00920792 -0.00188408 -0.00369429 -0.00220588 0.00176831 0.000910036 -0.00290526 -0.000995575 0.00147355 -0.00110656 -0.00332243 -0.000338889 -0.00139048
internal_weight=40499 35540 27401 23820 21395 8139 21040 5263 3581 392 121 1342 2425 3189 15777 946 677 100 577 349 305 6797 2211 284 225 1927 365 213 539 314
internal_count=40499 35540 27401 23820 21395 8139 21040 5263 3581 392 121 1342 2425 3189 15777 946 677 100 577 349 305 6797 2211 284 225 1927 365 213 539 314
is_linear=0
shrinkage=0.03


Tree=110
num_leaves=31
num_cat=0
split_feature=13 41 16 5 7 32 37 39 7 5 34 28 32 4 4 28 27 23 39 7 5 34 26 30 28 26 7 4 4 25
split_gain=20.7154 7.39351 5.58578 6.08974 6.26618 4.62022 4.40472 3.83157 3.39817 3.44274 3.29496 3.56161 3.13342 3.14483 10.1414 3.10435 3.10906 3.07627 2.88449 2.83667 6.32562 2.81723 2.80301 2.73983 2.91056 2.51661 2.37995 2.1692 3.08941 8.07549
threshold=122.84500000000001 6901.1088763121488 2667.7994046214094 41305.187500000007 10.368055555555559 83.991250000000022 35.170000000000009 -0.33624999999997834 6.821180555555558 33356.250000000007 73.015000000000015 41684.687500000007 70.00500000000001 261.50000000000006 262.50000000000006 33202.301071428585 31804.515520833334 2.5000000000000004 -27.749999999999993 8.3906250000000036 46300.125000000007 223.94500000000002 34590.500000000007 105.02375000000002 33362.750000000007 26905.001250000005 5.4913194444444473 188.50000000000003 184.50000000000003 51.722291666666671
decision_type=10 10 10 2 2 10 10 10 2 2 10 10 10 2 2 10 10 2 10 2 2 10 10 10 10 8 2 2 2 10
left_child=1 2 3 8 5 -5 7 25 12 -10 -6 18 15 -14 -15 16 -1 -9 -12 -2 -21 -22 -18 -11 -25 -4 -7 28 -27 -30
right_child=19 -3 6 4 10 26 -8 17 9 23 11 -13 13 14 -16 -17 22 -19 -20 20 21 -23 -24 24 -26 27 -28 -29 29 -31
leaf_value=-0.04797895283113536 0.82913265459112129 0.28351269753285341 -0.2854231458692032 0.026971245906479764 0.019035810994556861 0.30668271883710374 -0.72221764810410882 -0.64275485246744479 -0.4028341361920067 -0.030651079843379628 -0.010961846696141867 -0.56039767163906695 0.094454003813635973 -1.6324252499680243 -0.057589327854730449 -0.058878896223192458 -0.45678021063872326 0.0013979782795309759 -0.92918761666260741 -1.5453022297325321 -0.27933738897613641 1.1692781196459661 -0.1648192483161332 -0.10655954848948819 -0.69780523960464913 -0.021451584068946712 0.11576388260259156 0.018651276072122244 -0.52164309242326168 0.072296842093755462
leaf_weight=94 6769 2411 66 9226 194 4342 48 46 55 498 121 63 3116 41 678 1137 43 42 54 46 132 275 56 64 57 3922 3097 3580 40 62
leaf_count=94 6769 2411 66 9226 194 4342 48 46 55 498 121 63 3116 41 678 1137 43 42 54 46 132 275 56 64 57 3922 3097 3580 40 62
internal_value=0.000796141 0.000478947 0.000353446 0.000589354 0.000875015 0.000967539 -0.000339695 -0.000283026 -0.000247089 -0.00224889 -0.00268822 -0.00504602 1.45181e-05 0.000449687 -0.0013375 -0.00123967 -0.00474742 -0.00647191 -0.0028125 0.00225197 -4.62554e-05 0.00115441 -0.00843 -0.00160161 -0.00563115 -0.000211185 0.00152379 -0.000160158 -0.000638012 -0.00576699
internal_weight=40375 33153 30742 22936 17097 16665 7806 7758 5839 674 432 238 5165 3835 719 1330 193 88 175 7222 453 407 99 619 121 7670 7439 7604 4024 102
internal_count=40375 33153 30742 22936 17097 16665 7806 7758 5839 674 432 238 5165 3835 719 1330 193 88 175 7222 453 407 99 619 121 7670 7439 7604 4024 102
is_linear=0
shrinkage=0.03


Tree=111
num_leaves=31
num_cat=0
split_feature=24 5 7 32 16 1 30 4 5 17 30 6 24 15 6 27 15 6 17 4 4 29 24 17 5 4 13 8 37 1
split_gain=19.4898 8.12081 6.73905 5.50641 4.12299 3.76778 3.53427 3.16571 3.01917 7.69441 4.31571 5.02801 3.01639 2.79575 2.61073 2.49979 5.00344 4.18377 4.14402 3.30455 5.51342 3.53616 2.38022 2.18208 2.37187 2.73445 3.52273 3.12286 2.17516 2.17305
threshold=200.00500000000002 56255.875000000007 5.6475694444444464 83.991250000000022 4974.9630399073603 1.0000000180025095e-35 174.89500000000001 357.50000000000006 36766.687500000007 12521.182225000002 165.00500000000002 17.029735682819389 85.081250000000011 52.225208333333335 14.186563876651984 31342.096510416672 153.77166666666668 11.663656387665201 5060.1207300000015 293.50000000000006 280.50000000000006 138.41750000000005 310.08500000000004 11673.161660000003 40089.375000000007 258.50000000000006 1.0000000180025095e-35 0.26875000000000004 22.265000000000011 4.5000000000000009
decision_type=10 2 2 10 10 2 10 2 2 8 10 2 10 10 2 10 10 2 8 2 2 10 10 10 2 2 10 2 10 2
left_child=1 2 3 5 12 -1 28 29 9 -4 11 13 -3 -11 -7 18 -17 -18 -10 20 21 -19 -9 24 25 27 -27 -5 -6 -2
right_child=7 4 8 23 6 14 -8 22 15 10 -12 -13 -14 -15 -16 16 17 19 -20 -21 -22 -23 -24 -25 -26 26 -28 -29 -30 -31
leaf_value=0.11051043694839863 1.2927590355402521 0.045632184315078858 0.018471615835552565 0.17326680940284642 0.024004691266156938 0.025073381283681917 -0.37422049809258345 -0.6555636128027873 -0.15014520166737025 -0.26726227285797288 -0.94963883484467582 -0.80992038937341926 0.33067709622982761 -0.0038941412586858543 -0.055669323201606981 -0.0064738138897293069 -0.050000918464649359 -0.64954832973275112 0.14390872233753324 -0.020886835817527576 -1.2234648968388306 0.19471163712289002 0.64124888885424736 -0.16157848011052348 0.25430057720323773 -0.85791780535469897 -0.034600804017331725 -0.070172612050587141 -0.71828249604490457 0.74384817095243283
leaf_weight=1310 4697 2836 508 1609 1589 1921 49 75 89 41 40 161 3558 249 3535 8617 296 65 1063 95 57 63 45 41 5305 74 471 594 40 1273
leaf_count=1310 4697 2836 508 1609 1589 1921 49 75 89 41 40 161 3558 249 3535 8617 296 65 1063 95 57 63 45 41 5305 74 471 594 40 1273
internal_value=0.000765923 0.000488024 0.000231712 0.000652042 0.00131996 2.03932e-05 -3.57344e-06 0.00232967 -0.000318907 -0.001893 -0.00456707 -0.00371018 0.00166724 -0.00134021 -0.000326553 -0.000166731 -0.000331847 -0.00303639 0.00115004 -0.00565836 -0.00798387 -0.00446512 -0.00247934 0.00117999 0.00121542 0.000499818 -0.0014011 0.000970508 0.000237423 0.00242673
internal_weight=40366 34276 26204 14860 8072 6766 1678 6090 11344 999 491 451 6394 290 5456 10345 9193 576 1152 280 185 128 120 8094 8053 2748 545 2203 1629 5970
internal_count=40366 34276 26204 14860 8072 6766 1678 6090 11344 999 491 451 6394 290 5456 10345 9193 576 1152 280 185 128 120 8094 8053 2748 545 2203 1629 5970
is_linear=0
shrinkage=0.03


Tree=112
num_leaves=31
num_cat=0
split_feature=13 0 7 6 13 7 8 25 18 16 24 29 11 8 25 10 38 16 27 8 28 18 14 12 12 38 5 24 25 35
split_gain=18.9312 8.21553 6.10667 6.737 9.48701 7.32836 6.68535 5.42335 4.42672 3.75536 3.72124 3.16124 3.15678 2.88411 2.82297 2.61757 4.35971 2.42132 2.83314 2.36398 2.38904 4.17697 3.03004 5.28535 3.26595 2.68905 3.1317 3.49436 2.1592 3.59331
threshold=159.70000000000002 16.500000000000004 4.414930555555558 10.695154185022028 148.29500000000004 7.9392361111111134 236.53750000000005 64.750833333333347 1.0000000180025095e-35 4655.694721084692 107.69500000000001 42.688750000000006 92.065000000000012 55.631250000000009 153.23479166666669 55.003750000000004 26.445000000000004 6503.9519211710494 37931.233072916679 771.49375000000009 32499.125000000004 1.5000000000000002 86.660000000000011 40.963854166666671 143.46244791666669 24.912500000000005 48802.812500000007 42.556250000000006 166.03687500000004 68.491250000000022
decision_type=8 2 2 2 10 2 2 10 2 10 10 8 10 2 10 10 10 10 10 2 10 2 10 10 10 10 2 10 8 10
left_child=1 2 8 9 19 6 -6 17 15 -4 -11 -2 -12 -10 -15 16 -1 -3 -19 20 21 -5 -23 -24 -25 -22 27 -27 29 -13
right_child=11 7 3 4 5 -7 -8 -9 13 10 12 28 -14 14 -16 -17 -18 18 -20 -21 25 22 23 24 -26 26 -28 -29 -30 -31
leaf_value=0.05204691104717616 -0.82487658176252832 0.043997968024093129 0.062344466253450602 0.15005490683213607 0.628165605297059 -1.6267708500232754 -1.5207931767534508 0.26542614365983508 0.09343378829295125 0.0029753922432442168 -0.65883065439621102 0.46673013595250168 -0.098284663972258005 -0.042006012571473107 -0.8556504277369098 0.29270392836435555 -0.35346876174691816 -0.21184779704736859 -0.0013622987974510829 -0.21117046106184853 -0.023102822479720883 0.054103935639312623 -0.58183980788409817 0.084287221569592716 -0.44713577439416541 0.0061724711471191967 -0.058615254825611481 -0.60159964829489621 1.1176151196617174 -0.76922880056546605
leaf_weight=2039 40 3443 5545 1130 69 47 40 6179 1093 1399 80 102 287 1344 48 2909 104 174 475 172 7279 91 40 110 81 137 530 290 5027 46
leaf_count=2039 40 3443 5545 1130 69 47 40 6179 1093 1399 80 102 287 1344 48 2909 104 174 475 172 7279 91 40 110 81 137 530 290 5027 46
internal_value=0.000766524 0.000516137 0.000221275 -8.88157e-05 -0.00059419 -0.00791083 -0.00357273 0.00122985 0.000934067 0.000603529 -0.000601019 0.00245303 -0.00328533 -0.000102574 -0.0010079 0.00144389 0.000647855 0.000382605 -0.00129692 -0.000477639 -0.000415523 0.000706125 -0.00230341 -0.004125 -0.00201562 -0.00061333 -0.00210752 -0.00401635 0.00251835 -0.00104698
internal_weight=40350 35135 24864 17327 10016 156 109 10271 7537 7311 1766 5215 367 2485 1392 5052 2143 4092 649 9860 9688 1452 322 231 191 8236 957 427 5175 148
internal_count=40350 35135 24864 17327 10016 156 109 10271 7537 7311 1766 5215 367 2485 1392 5052 2143 4092 649 9860 9688 1452 322 231 191 8236 957 427 5175 148
is_linear=0
shrinkage=0.03


Tree=113
num_leaves=31
num_cat=0
split_feature=13 41 0 16 17 7 32 32 18 14 0 4 14 1 8 29 25 27 27 6 41 4 6 27 7 39 10 8 7 32
split_gain=22.4963 7.29597 5.40171 4.80799 4.22962 4.12966 3.54768 3.24184 3.41136 4.49078 3.532 3.0612 2.97149 2.8639 4.80774 4.99084 2.6982 3.50347 4.53897 3.45215 4.26586 3.29189 3.04597 3.45998 5.30097 2.81394 2.61525 3.58943 3.23951 2.61152
threshold=122.84500000000001 7687.9710689938156 15.500000000000002 5033.9169451680091 2.0394400000000004 5.6267361111111134 73.325000000000003 43.345000000000006 1.0000000180025095e-35 57.045000000000009 6.5000000000000009 188.50000000000003 193.83125000000004 4.5000000000000009 701.58125000000007 156.11875000000003 47.685468750000005 32040.500000000004 32355.583333333339 10.766299559471367 -21679.098955929239 4.5000000000000009 16.761453744493398 37399.57312500001 8.0711805555555589 -24.963750000000001 55.003750000000004 222.46875000000003 4.0642361111111134 29.805000000000003
decision_type=10 10 2 10 10 2 10 8 2 10 2 2 10 2 2 10 10 10 10 2 10 2 2 10 2 10 10 2 2 10
left_child=1 2 4 6 5 7 -4 26 9 -9 -10 -6 -5 -2 -15 -16 -7 -18 25 21 22 -20 -21 -24 -25 -19 -1 -28 -29 -30
right_child=13 -3 3 12 11 16 -8 8 10 -11 -12 -13 -14 14 15 -17 17 18 19 20 -22 -23 23 24 -26 -27 27 28 29 -31
leaf_value=0.017087083485052234 0.84740543432002446 0.27056173143307372 0.021335722693378478 -0.014345054741784324 -0.08502598646143536 0.021269523249092526 0.23051355309918739 -0.19674649476491557 0.10245223189469217 0.17279153472526226 -0.11376417305556633 0.004392654477255141 -0.34891686288481905 0.49621455885495525 -1.2297216952575423 0.58344816970584312 0.1325882023555941 -0.23788396041581863 -0.50810986121574708 -0.11819074592271889 0.04029894783344215 0.0064557576826770706 -0.86259292259814679 0.12868345033817066 -0.76934156300106193 -0.52775890456695884 -0.0022390764163496752 0.035623519807847621 -0.33794491525500175 -0.64976472731066037
leaf_weight=775 5128 2141 3206 1622 2844 1890 5304 42 1318 4768 914 2286 58 1981 47 59 716 41 60 1306 448 2665 306 208 42 42 239 61 89 40
leaf_count=775 5128 2141 3206 1622 2844 1890 5304 42 1318 4768 914 2286 58 1981 47 59 716 41 60 1306 448 2665 306 208 42 42 239 61 89 40
internal_value=0.000736291 0.000408381 0.000292416 0.000859582 1.84826e-05 0.00025922 0.0011491 0.000726082 0.000972029 0.00142174 2.68708e-06 -0.000730852 -0.000606782 0.0022554 0.00131753 -0.0048785 -0.000239223 -0.000558355 -0.000833366 -0.000717831 -0.00157075 5.50268e-06 -0.0022029 -0.00406104 -0.00143426 -0.00775 -0.000712033 -0.00258837 -0.00565445 -0.00833077
internal_weight=40646 33431 31290 10190 21100 15970 8510 8246 7042 4810 2232 5130 1680 7215 2087 106 7724 5834 5118 5035 2310 2725 1862 556 250 83 1204 429 190 129
internal_count=40646 33431 31290 10190 21100 15970 8510 8246 7042 4810 2232 5130 1680 7215 2087 106 7724 5834 5118 5035 2310 2725 1862 556 250 83 1204 429 190 129
is_linear=0
shrinkage=0.03


Tree=114
num_leaves=31
num_cat=0
split_feature=24 6 7 7 6 0 18 30 8 15 12 8 32 0 30 17 11 6 9 7 4 17 27 11 12 27 40 4 1 13
split_gain=20.536 5.70623 5.61113 4.95876 5.67114 4.65056 3.15283 3.82495 4.95412 5.13802 3.07433 3.04332 3.03163 3.66598 5.42007 2.66936 2.55026 2.94444 4.88176 2.44397 2.41663 2.31682 2.26368 2.24422 2.35243 4.40594 4.79708 2.21409 2.43207 2.12676
threshold=147.31000000000003 7.6072687224669613 4.4739583333333348 8.3385416666666696 13.199779735682819 15.500000000000002 1.0000000180025095e-35 230.00500000000002 609.76250000000016 213.82187500000003 27.88651041666667 748.46250000000009 140.27500000000003 10.500000000000002 140.58875000000003 10212.38716 135.13500000000002 17.195374449339212 180.18500000000003 7.3385416666666687 356.50000000000006 10422.103240000002 38675.583593750001 54.895000000000003 38.983541666666675 38392.509375000001 -1.9925000000000066 293.50000000000006 2.5000000000000004 3.5600000000000005
decision_type=10 2 2 2 2 2 2 10 2 10 10 2 10 2 10 10 10 2 10 2 2 8 10 10 10 10 10 2 2 10
left_child=1 -1 15 6 -5 11 16 8 12 -10 20 -4 13 14 -8 -3 17 -2 -19 -12 21 22 -7 24 25 -17 -27 28 -6 -25
right_child=3 2 5 4 27 10 7 -9 9 -11 19 -13 -14 -15 -16 23 -18 18 -20 -21 -22 -23 -24 29 -26 26 -28 -29 -30 -31
leaf_value=0.08591112476471266 0.33332799817316799 0.093088602946481386 -0.028533955348063984 0.19325452598300538 -0.45180534856043358 -0.091642066379016687 0.085560174636575961 1.3662960768055801 0.30820385217662538 -1.4382777305931209 0.11091265397831307 -0.3388657935587967 0.31332041784887366 0.14817317822563109 -0.80403339717982658 0.013551321065546395 0.86215133123178012 0.072300556239292144 -0.9612254854334894 -0.0092425571732446896 -0.16824620407373198 0.11783670907751946 0.028398897815503202 -0.035178474712258663 0.034136477114311052 -0.13324136581774246 -0.93208883579469159 -0.016175092803349726 -1.5452750028051658 -0.40166364676123151
leaf_weight=5592 578 6551 10830 644 49 575 57 939 43 40 3798 167 851 135 59 125 6116 128 40 1636 40 192 372 64 540 58 43 50 45 44
leaf_count=5592 578 6551 10830 644 49 575 57 939 43 40 3798 167 851 135 59 125 6116 128 40 1636 40 192 372 64 540 58 43 50 45 44
internal_value=0.000734444 0.000352325 0.000158771 0.00193166 -0.00034981 -0.000132871 0.00213175 0.00112094 -1.26474e-05 -0.00703571 0.000495767 -0.000510911 0.000522212 -0.00236905 -0.00625641 0.000850391 0.00244441 0.000787149 -0.00269822 0.000797056 -0.000892373 -0.00063421 -0.00124367 -0.000706286 -0.000132986 -0.00269604 -0.00732353 -0.00571034 -0.0084 -0.00473394
internal_weight=40401 30627 25035 9774 788 17610 8986 2124 1185 83 6613 10997 1102 251 116 7425 6862 746 168 5434 1179 1139 947 874 766 226 101 144 94 108
internal_count=40401 30627 25035 9774 788 17610 8986 2124 1185 83 6613 10997 1102 251 116 7425 6862 746 168 5434 1179 1139 947 874 766 226 101 144 94 108
is_linear=0
shrinkage=0.03


Tree=115
num_leaves=31
num_cat=0
split_feature=24 6 7 3 11 18 18 30 25 33 7 38 13 4 2 5 27 26 27 25 17 38 11 1 8 17 24 24 34 10
split_gain=20.6926 7.03017 5.81764 4.18278 3.9488 5.06754 3.83814 4.20753 3.41709 2.85966 2.84988 3.05637 3.21261 3.01347 2.75102 2.63415 2.6296 3.39776 3.44937 3.85636 3.19023 2.62665 3.44658 2.56044 2.44534 2.34902 2.28938 2.24083 2.34644 2.21686
threshold=200.00500000000002 5.7958149779735697 4.4739583333333348 1.0000000180025095e-35 77.205000000000013 1.0000000180025095e-35 1.0000000180025095e-35 -1.6499999999999997 124.95796875000001 124.01500000000001 11.862847222222227 44.634999999999998 64.925000000000026 92.500000000000014 3.5000000000000004 36766.687500000007 41884.911197916677 37262.500000000007 37826.770833333343 64.750833333333347 2223.3310800000004 62.451250000000002 95.08250000000001 2.5000000000000004 317.39375000000007 7044.191020000002 92.258750000000006 140.96500000000003 274.28000000000003 89.675000000000026
decision_type=10 2 2 2 10 2 2 10 10 10 2 10 10 2 2 2 10 10 10 10 10 10 10 2 2 10 10 10 10 10
left_child=1 3 6 -1 8 21 25 -8 -4 -10 11 15 13 -13 -5 26 17 -9 19 -19 -20 -6 23 -23 29 -3 -7 -14 -29 -17
right_child=-2 2 4 14 5 10 7 16 9 -11 -12 12 27 -15 -16 24 -18 18 20 -21 -22 22 -24 -25 -26 -27 -28 28 -30 -31
leaf_value=0.14596988353900908 1.0553661513022496 0.21569596426951132 -0.017272631249532207 -0.45672911498833596 0.08453559969561282 0.011837208237290266 -0.79373251152435054 0.080357787691640398 -1.2129713656303289 -0.3193621660073333 -0.25218051318022239 -0.35492945812261023 0.083430065777173018 -0.59850485103811657 0.13613608657911075 -0.05979197976022177 0.1564825970159022 -0.020451934931426649 0.040527997925869134 -0.79118385694919924 -0.13344255881052056 -0.08103163439159855 -0.004253246885633678 -0.78448959008618779 -0.23833480592593084 0.0029712554642268175 -0.34898117665464279 -0.74255878534491304 0.31241769513877621 0.13247867568106544
leaf_weight=4247 6029 4749 10042 46 7612 156 116 931 42 178 67 53 176 70 41 465 806 105 675 80 287 63 536 49 202 1001 179 68 44 1247
leaf_count=4247 6029 4749 10042 46 7612 156 116 931 42 178 67 53 176 70 41 465 806 105 675 80 287 63 536 49 202 1001 179 68 44 1247
internal_value=0.000756782 0.000472098 0.0003089 0.00160138 4.08001e-05 0.000436021 0.00095989 8.99701e-05 -0.000382344 -0.0040724 -0.000685117 -0.000529876 -0.00290534 -0.00694355 -0.004875 -9.46666e-05 0.000316118 -0.000248196 -0.00134059 -0.00508064 -0.000616822 0.000806198 -0.00102619 -0.00578761 0.000335248 0.00141367 -0.00254464 -0.00116263 -0.00446018 0.000704028
internal_weight=40362 34333 29999 4334 21249 10987 8750 3000 10262 220 2727 2660 411 123 87 2249 2884 2078 1147 185 962 8260 648 112 1914 5750 335 288 112 1712
internal_count=40362 34333 29999 4334 21249 10987 8750 3000 10262 220 2727 2660 411 123 87 2249 2884 2078 1147 185 962 8260 648 112 1914 5750 335 288 112 1712
is_linear=0
shrinkage=0.03


Tree=116
num_leaves=31
num_cat=0
split_feature=13 41 16 18 7 0 25 0 24 25 25 6 0 28 10 10 13 25 5 41 7 1 10 38 35 13 13 35 8 7
split_gain=20.0224 6.90702 6.08923 8.57319 7.39296 5.86638 6.64083 4.85252 4.81586 4.62509 4.21951 3.83845 4.74767 8.94094 3.25675 3.19864 5.38676 3.28043 3.23251 3.29904 3.07427 3.00412 4.57425 4.01597 2.98912 2.80265 4.54078 2.75566 2.61971 2.53179
threshold=168.13000000000002 7687.9710689938156 2635.0158963245108 1.0000000180025095e-35 9.5156250000000018 17.500000000000004 276.37187500000005 2.5000000000000004 69.52500000000002 49.953125000000007 51.722291666666671 15.394273127753307 5.5000000000000009 42733.812500000007 -1.0000000180025095e-35 49.865000000000002 68.936250000000015 62.693593750000012 32581.250000000004 -12048.854118306437 7.3072916666666687 1.5000000000000002 57.172500000000007 -1.0000000180025095e-35 7.1787500000000088 28.500000000000004 19.460000000000004 14.10249999999998 728.60625000000016 4.414930555555558
decision_type=10 10 10 2 2 2 10 2 10 10 10 2 2 10 10 10 10 10 2 10 2 2 10 10 10 10 10 10 2 2
left_child=1 2 3 4 8 6 7 -5 -1 25 29 12 13 -6 -10 -12 17 -17 -19 27 -7 -16 23 -23 -4 26 -9 -20 -18 -11
right_child=-2 -3 24 5 11 20 -8 9 14 10 15 -13 -14 -15 21 16 28 18 19 -21 -22 22 -24 -25 -26 -27 -28 -29 -30 -31
leaf_value=0.019358844572739488 1.1149741928631911 0.27382530494737406 -0.0062302760711255749 0.13075207732011357 -0.089129912971261993 0.20011128397800687 -1.5300892876505456 -0.014618825584690694 -0.3245151089325734 -0.03738808443868942 0.047108604002870202 -0.4806818646776842 0.01246432419087783 -0.72500954110039217 0.34589171928840756 -0.028947073742114346 -0.027113337143951196 0.081477920140342525 -0.47228520677535901 -0.0099157292771517979 -0.068756874612791799 0.17018422861514856 0.20735476413538381 -0.37738228019599923 -0.19553778660763546 0.1091481451173924 -0.32709840003267776 -0.027828112847675727 -0.76798101641237593 -0.54558571003542555
leaf_weight=5242 4846 2170 7557 1001 117 1523 66 1274 85 43 369 68 452 49 4439 293 1473 89 609 118 427 225 6251 222 553 759 66 110 40 62
leaf_count=5242 4846 2170 7557 1001 117 1523 66 1274 85 43 369 68 452 49 4439 293 1473 89 609 118 427 225 6251 222 553 759 66 110 40 62
internal_value=0.000719574 0.000474254 0.000368222 0.000596161 0.000979535 -0.00019392 -0.000634552 -0.000534644 0.00110671 -0.000896155 -0.00161272 -0.00206987 -0.00131826 -0.00564072 0.00145736 -0.00141103 -0.00176509 -0.00324836 -0.00412298 -0.00470048 0.00124552 0.00150215 0.00110076 -0.00182812 -0.000347676 0.000198572 -0.000626398 -0.0054625 -0.000568692 -0.0075
internal_weight=40598 35752 33582 25472 17150 8322 6372 6306 16464 5305 3206 686 618 166 11222 3101 2732 1219 926 837 1950 11137 6698 447 8110 2099 1340 719 1513 105
internal_count=40598 35752 33582 25472 17150 8322 6372 6306 16464 5305 3206 686 618 166 11222 3101 2732 1219 926 837 1950 11137 6698 447 8110 2099 1340 719 1513 105
is_linear=0
shrinkage=0.03


Tree=117
num_leaves=31
num_cat=0
split_feature=9 41 12 7 6 18 40 4 6 0 25 25 13 0 0 25 25 15 13 18 38 4 7 14 40 14 41 12 31 9
split_gain=19.7029 7.82432 5.77127 6.34683 6.50415 4.6166 4.89845 4.32294 4.97872 3.83076 4.45636 3.7409 3.73083 3.28799 5.02673 4.43616 4.03851 4.08698 5.82693 3.43282 3.55852 3.06033 3.44645 5.54072 3.15052 3.02581 2.88281 2.80574 2.79688 2.7805
threshold=224.46000000000001 7687.9710689938156 86.420260416666693 10.071180555555559 14.888986784140972 1.0000000180025095e-35 34.675000000000004 257.50000000000006 20.822687224669608 14.500000000000002 133.62770833333335 75.79062500000002 61.755000000000003 18.500000000000004 6.5000000000000009 240.90395833333335 110.11729166666667 103.83645833333334 84.105000000000018 1.5000000000000002 1.3162499999999968 352.50000000000006 8.175347222222225 235.02500000000003 -6.3487499999999946 260.08000000000004 -9787.1853589547609 27.88651041666667 162.08500000000001 104.04500000000002
decision_type=10 10 10 2 2 2 10 2 2 2 10 10 10 2 2 10 10 10 10 2 10 2 2 10 10 10 8 10 10 10
left_child=1 2 9 5 -5 6 7 26 21 10 28 -7 -10 14 -13 16 17 19 -19 20 -16 22 -9 -24 -23 -25 -4 -11 -1 -22
right_child=-2 -3 3 4 -6 11 -8 8 12 27 -12 13 -14 -15 15 -17 -18 18 -20 -21 29 24 23 25 -26 -27 -28 -29 -30 -31
leaf_value=-0.011234322219759892 1.4146305930692669 0.27754604294472185 -0.2014819252278483 -0.11798376526185191 -0.65127605334439165 0.1103271996563194 -0.35609333386065661 0.23194073165439189 0.2122924108933199 -0.025444594783449206 -0.87840765367010709 0.11844232219030852 -1.04457573427994 0.22822325664736101 -0.057258245545428688 -1.3137877428826783 -0.04055108022236855 -0.82331764929595086 -0.13766179138716553 0.044672338160485298 -0.28106023380974521 0.0021456750527803696 0.077218045953123218 -1.3940849597149991 -0.52688243738943097 -0.22153432506810436 0.29419443769616216 0.058470822031066988 -0.38589454279761687 -0.83856691136332173
leaf_weight=12350 4813 2150 63 283 52 1185 52 2329 77 1496 68 961 124 500 142 55 735 53 68 204 44 120 203 41 80 45 6119 5916 44 61
leaf_count=12350 4813 2150 63 283 52 1185 52 2329 77 1496 68 961 124 500 142 55 735 53 68 204 44 120 203 41 80 45 6119 5916 44 61
internal_value=0.000693204 0.000449735 0.000337008 0.000813268 -0.00325893 0.000916378 0.00128474 0.00133699 0.000406291 1.11699e-05 -0.000310038 6.58519e-05 -0.00414356 -0.000527974 -0.00100301 -0.00217461 -0.00181881 -0.00370681 -0.00858197 -0.00238274 -0.00475403 0.000732175 0.00100573 -0.00207931 -0.00283582 -0.00841379 0.00179136 0.000551194 -0.000267688 -0.00891509
internal_weight=40433 35620 33470 13596 335 13261 9253 9201 3019 19874 12462 4008 201 2823 2323 1362 1307 572 121 451 247 2818 2618 289 200 86 6182 7412 12394 105
internal_count=40433 35620 33470 13596 335 13261 9253 9201 3019 19874 12462 4008 201 2823 2323 1362 1307 572 121 451 247 2818 2618 289 200 86 6182 7412 12394 105
is_linear=0
shrinkage=0.03


Tree=118
num_leaves=31
num_cat=0
split_feature=13 41 11 18 25 15 11 17 7 12 7 0 0 15 25 25 7 25 2 36 32 10 10 18 31 39 40 5 5 23
split_gain=19.0295 7.07429 5.3558 8.29945 7.25076 4.56325 4.10881 3.55073 3.55192 3.29312 3.27893 3.83566 3.94105 2.95179 3.63472 6.96664 7.54795 2.97164 3.40933 2.8831 3.56047 2.85523 2.85049 2.79654 3.67698 2.74848 2.70118 2.69821 2.58123 2.35661
threshold=155.99500000000003 7687.9710689938156 77.205000000000013 1.0000000180025095e-35 276.37187500000005 78.60708333333335 320.88000000000005 298.30722000000009 8.5017361111111125 62.638541666666676 7.5434027777777795 16.500000000000004 5.5000000000000009 149.58244791666669 86.119166666666686 80.179375000000022 5.8072916666666687 54.168333333333344 3.5000000000000004 0.012500000000001512 108.80875000000002 8.4937500000000004 141.10000000000005 1.5000000000000002 140.00125000000003 -3.5500000000000074 2.6800000000000037 43066.312500000007 42604.125000000007 3.5000000000000004
decision_type=10 10 10 2 10 10 10 10 2 10 2 2 2 10 10 10 2 10 2 10 10 10 10 2 10 10 10 2 2 2
left_child=1 2 5 7 10 9 -6 8 -4 -1 11 12 29 14 15 17 28 -7 -19 20 -12 -9 -22 -2 -25 -23 -14 -10 -17 -5
right_child=23 -3 3 4 6 13 -8 21 27 -11 19 -13 26 -15 -16 16 -18 18 -20 -21 22 25 -24 24 -26 -27 -28 -29 -30 -31
leaf_value=-0.0067844939824215052 1.0110730505714745 0.26450770106723837 0.22034994045989892 -0.28949944265760036 -1.6408457969578576 0.069382575558162088 -0.56260878858646013 -0.094236172854290839 -0.40863050034720405 0.046099521444023295 -0.13970226005998385 0.18556284725173383 -0.080696939214831037 -1.2157379413312559 -0.00082220624842440173 -0.91928165836026732 -0.49530238811517296 -0.19225585916560378 -0.0946064600351849 0.014342654018500644 -0.71085243839666201 0.020318969473972468 -0.26659955133107882 -0.78414118308692837 0.63472010876780494 -0.43409898048427598 -0.3260439544806118 0.0073845731477975981 0.039601181624778076 0.15811470270292219
leaf_weight=9118 4572 2205 9589 87 46 241 49 163 70 5410 335 1318 884 60 1105 54 85 73 361 287 64 1356 48 103 723 64 232 1123 89 804
leaf_count=9118 4572 2205 9589 87 46 241 49 163 70 5410 335 1318 884 60 1105 54 85 73 361 287 64 1356 48 103 723 64 232 1123 89 804
internal_value=0.000696088 0.000442513 0.000332921 0.000715315 -0.000444765 -4.77194e-05 -0.00859375 0.00110505 0.00129982 0.000139996 -0.00025197 0.000148828 -0.000676793 -0.00136588 -0.00116775 -0.00257854 -0.00710044 -0.0010429 -0.00252414 -0.00206531 -0.0035692 -0.000221591 -0.00817699 0.00235488 0.000747279 0.000211119 -0.00186392 -0.000243718 -0.00285417 0.000810538
internal_weight=40718 35320 33115 16519 4154 16596 95 12365 10782 14528 4059 3325 2007 2068 2008 903 228 675 434 734 447 1583 112 5398 826 1420 1116 1193 143 891
internal_count=40718 35320 33115 16519 4154 16596 95 12365 10782 14528 4059 3325 2007 2068 2008 903 228 675 434 734 447 1583 112 5398 826 1420 1116 1193 143 891
is_linear=0
shrinkage=0.03


Tree=119
num_leaves=31
num_cat=0
split_feature=24 6 38 0 7 4 10 4 16 9 4 9 6 12 16 0 25 1 8 1 30 8 25 38 16 13 32 24 4 4
split_gain=20.5003 8.53006 6.14057 5.42352 4.58127 4.55085 3.78227 4.51319 3.32904 3.52433 3.16209 3.41693 3.11423 3.92895 4.35247 3.28878 3.05458 3.55607 3.92817 2.32791 4.00897 8.93852 2.36467 2.32278 2.29415 2.21889 2.14198 2.34333 2.11464 4.73998
threshold=195.14000000000001 7.6072687224669613 26.445000000000004 16.500000000000004 4.8489583333333348 359.50000000000006 71.185000000000016 353.50000000000006 12524.676816973219 14.475000000000003 2.5000000000000004 68.875000000000014 13.017841409691632 86.420260416666693 12741.701076265996 11.500000000000002 69.346145833333352 3.5000000000000004 259.76250000000005 4.5000000000000009 202.84000000000003 524.60000000000002 145.09229166666668 120.41000000000003 2398.0259028533396 1.0000000180025095e-35 1.0000000180025095e-35 62.355000000000011 265.50000000000006 251.50000000000003
decision_type=10 2 10 2 2 2 10 2 10 10 2 8 2 10 10 2 10 2 2 2 10 2 10 10 10 10 10 10 2 2
left_child=1 8 3 4 16 19 7 24 10 -10 11 -1 13 14 15 26 28 -18 25 22 21 23 -2 -21 -5 -19 -4 -28 29 -3
right_child=5 2 12 6 -6 -7 -8 -9 9 -11 -12 -13 -14 -15 -16 -17 17 18 -20 20 -22 -23 -24 -25 -26 -27 27 -29 -30 -31
leaf_value=0.014438378692899739 -0.41448925789985885 -0.0087633958750468009 -0.19193028870365883 0.067450292280026372 -0.02115102797254571 -0.47782124421911637 0.19248925149542548 -0.18887082192049262 -0.1390448849815776 -0.0094455863567172692 0.12378101648594902 -0.42347818784032826 -0.16673965161973031 0.092458352038724156 -0.36063995759375123 0.035571306840876997 0.22664489302538893 -0.7439631291480131 -0.098577953171910607 0.34101015260493417 0.92245336636469533 -1.1426718082591121 1.075339384590158 -0.84420411272246498 -0.040810773588852114 0.21394444457784459 -0.00011672312244823998 -0.27340641327948989 0.20406794968359684 -0.12558826625185823
leaf_weight=62 74 2806 47 1327 9730 54 4546 59 41 211 6201 56 1571 929 43 527 2588 56 652 284 1038 40 4805 41 886 852 209 193 463 66
leaf_count=62 74 2806 47 1327 9730 54 4546 59 41 211 6201 56 1571 929 43 527 2588 56 652 284 1038 40 4805 41 886 852 209 193 463 66
internal_value=0.00070347 0.000412432 0.000180756 0.000352156 6.84909e-05 0.00227048 0.00106819 6.86319e-05 0.0013836 -0.00199209 0.00151851 -0.00332773 -0.000989489 -0.000187788 -0.00147353 -0.00105629 0.000626537 0.00116992 3.8437e-05 0.00234538 0.00126709 -0.00143443 0.00265512 0.000230061 0.000288618 0.00131353 -0.00294 -0.00221836 -4.94603e-05 -0.000352941
internal_weight=40457 34121 27550 24031 17213 6336 6818 2272 6571 252 6319 118 3519 1948 1019 976 7483 4148 1560 6282 1403 365 4879 325 2213 908 449 402 3335 2872
internal_count=40457 34121 27550 24031 17213 6336 6818 2272 6571 252 6319 118 3519 1948 1019 976 7483 4148 1560 6282 1403 365 4879 325 2213 908 449 402 3335 2872
is_linear=0
shrinkage=0.03


Tree=120
num_leaves=31
num_cat=0
split_feature=11 41 7 7 12 8 15 29 12 0 30 1 23 8 34 30 13 41 13 13 12 8 4 0 12 25 4 4 32 28
split_gain=19.815 6.44371 4.7398 4.47999 3.93664 3.21848 4.5411 4.15047 3.19199 3.15897 3.23274 2.90037 2.71445 2.68848 5.93653 2.52743 2.5168 2.45148 2.41014 3.81958 2.8107 2.15792 2.13187 2.11869 2.02688 2.84056 2.47821 4.42292 2.52866 2.08783
threshold=158.94500000000002 8064.4755948651846 6.3767361111111134 6.7135416666666687 41.885000000000005 198.92500000000004 171.18250000000003 146.18125000000003 203.73687500000003 7.5000000000000009 115.28625000000001 1.0000000180025095e-35 4.5000000000000009 524.60000000000002 279.70000000000005 154.56625000000003 32.312500000000007 -16065.005134674457 107.67500000000003 64.260000000000005 127.28484375000001 693.19375000000014 2.5000000000000004 13.500000000000002 75.283958333333345 123.36104166666668 261.50000000000006 265.50000000000006 35.005000000000003 39933.935468750009
decision_type=10 10 2 2 8 2 10 10 10 2 10 2 2 2 10 10 10 8 10 10 10 2 2 2 10 8 2 2 10 8
left_child=1 2 4 12 17 22 11 -8 9 10 -5 -7 -2 16 -15 21 -14 -1 19 -17 -21 -4 -6 -19 25 29 -26 -28 -29 -24
right_child=3 -3 15 8 5 6 7 -9 -10 -11 -12 -13 13 14 -16 18 -18 23 -20 20 -22 -23 24 -25 26 -27 27 28 -30 -31
leaf_value=-0.98097124415094639 0.79413263355276231 0.24551955982705234 -0.0056572828281687077 0.15824224706495452 -0.38999848784373897 0.57523523287231104 -1.0162293384630112 0.097206253171037607 0.92735787040097251 0.061721004498373075 -0.64926170509739489 0.0045517379697307091 -0.46522110625491436 -0.89508261571374037 1.680343296486039 -0.0095685574419982402 0.62005103663126238 -0.037460714625720301 -0.017390786410459241 -0.33157781759103511 -0.4673180022931161 -0.48370247836612568 0.18291879546634685 0.029299100598651259 0.22233312934431923 -0.90216622934096347 -0.91588900786596505 -0.46047363118254464 0.11545800541283338 0.0014448690846976711
leaf_weight=66 5065 1821 9450 121 65 520 58 54 1128 893 148 5075 62 65 86 102 1267 2485 205 60 54 61 1550 1529 4283 55 55 40 1871 2198
leaf_count=66 5065 1821 9450 121 65 520 58 54 1128 893 148 5075 62 65 86 102 1267 2485 205 60 54 61 1550 1529 4283 55 55 40 1871 2198
internal_value=0.000711382 0.000360762 0.000254986 0.00196752 0.00052208 0.000736303 0.000166608 -0.00578761 0.000824967 -0.00027859 -0.00312222 0.000286812 0.00236709 0.00123565 -0.00254605 -0.000280278 0.00166692 -0.000308748 -0.00255213 -0.00475576 -0.00850435 -0.000179457 0.00105762 -0.000213699 0.00109281 0.00054653 0.00142512 0.000542959 0.000786088 0.000646573
internal_weight=40492 31657 29836 8835 19904 15824 5707 112 2290 1162 269 5595 6545 1480 151 9932 1329 4080 421 216 114 9511 10117 4014 10052 3803 6249 1966 1911 3748
internal_count=40492 31657 29836 8835 19904 15824 5707 112 2290 1162 269 5595 6545 1480 151 9932 1329 4080 421 216 114 9511 10117 4014 10052 3803 6249 1966 1911 3748
is_linear=0
shrinkage=0.03


Tree=121
num_leaves=31
num_cat=0
split_feature=24 6 38 11 16 17 15 14 28 40 23 25 14 5 16 14 9 25 15 2 8 1 8 25 13 13 14 14 23 2
split_gain=20.081 6.33143 5.76325 5.31292 3.55709 3.43121 2.67447 4.57684 3.45495 5.30205 2.66154 2.89841 4.97015 2.51491 3.50789 2.5072 2.49599 3.89647 2.49073 2.90272 3.16864 2.30374 3.52289 2.65884 2.27299 4.7976 2.23865 4.75951 2.36183 2.38912
threshold=205.73500000000004 6.3341409691629975 26.445000000000004 64.128750000000011 10510.097895327281 9631.3190600000016 71.413958333333355 116.20000000000002 46411.984843750011 -36.061249999999994 6.5000000000000009 16.261927083333337 90.00500000000001 49101.000000000007 6037.4786780114719 418.44000000000005 14.475000000000003 106.74000000000002 97.197760416666668 2.5000000000000004 55.631250000000009 4.5000000000000009 701.58125000000007 145.09229166666668 49.975000000000009 49.185000000000009 128.27000000000001 134.27000000000001 6.5000000000000009 7.5000000000000009
decision_type=10 2 10 10 10 10 10 10 10 10 2 10 10 2 10 10 10 10 10 2 2 2 2 10 10 10 10 10 2 2
left_child=1 4 3 6 -1 10 7 24 -8 -10 11 12 -5 15 -15 26 -6 -18 19 -16 -21 23 -23 -2 25 -3 -4 -28 -29 -30
right_child=21 2 13 5 16 -7 8 -9 9 -11 -12 -13 -14 14 18 -17 17 -19 -20 20 -22 22 -24 -25 -26 -27 27 28 29 -31
leaf_value=0.12402974528175097 -0.53013972171430723 -0.016317227260045079 -0.03473084174570959 -0.0073480942989223967 -0.12195181459098182 -0.10280132190446124 -0.080670866903688299 0.063640566083977279 -0.02030834824304471 -0.50267518630157892 0.0030872957094064128 0.11356362190527568 -0.42974620918166317 0.031006072170418095 -0.43480504805735803 0.96839779078201449 0.17753260552039157 -0.31053109331015677 -0.040362755466397053 -0.41383643079410265 0.034093099899853298 0.66311622010877225 -0.95869738649128178 1.1686216021004603 0.11114016594586741 -1.2084361354441184 -0.38636347371908353 -0.085541036022302758 -0.15484052299260415 -0.78848770479423902
leaf_weight=4771 49 6358 660 217 40 200 1183 2367 62 44 3030 11455 40 1984 71 98 160 72 202 42 81 1226 44 4414 598 72 85 579 180 157
leaf_count=4771 49 6358 660 217 40 200 1183 2367 62 44 3030 11455 40 1984 71 98 160 72 202 42 81 1226 44 4414 598 72 85 579 180 157
internal_value=0.00066383 0.00039283 0.000226265 0.000394038 0.00137569 0.000759285 -0.000116799 5.90678e-05 -0.00139767 -0.00656075 0.000812318 0.00101733 -0.00212791 -0.000812319 -0.000176396 -0.00167216 -0.00195604 -0.000746781 -0.00275063 -0.00516923 -0.00234677 0.00230886 0.00118017 0.0026297 -0.000325224 -0.000489815 -0.00194765 -0.00284132 -0.00220502 -0.00419822
internal_weight=40541 34808 29765 25626 5043 14942 10684 9395 1289 106 14742 11712 257 4139 2380 1759 272 232 396 194 123 5733 1270 4463 7028 6430 1661 1001 916 337
internal_count=40541 34808 29765 25626 5043 14942 10684 9395 1289 106 14742 11712 257 4139 2380 1759 272 232 396 194 123 5733 1270 4463 7028 6430 1661 1001 916 337
is_linear=0
shrinkage=0.03


Tree=122
num_leaves=31
num_cat=0
split_feature=12 41 7 32 11 6 28 27 16 1 31 25 12 5 8 12 32 27 14 16 6 2 39 26 22 14 7 5 25 38
split_gain=19.9257 6.90813 5.5386 5.24302 3.96101 3.75694 3.08581 2.86928 2.77699 3.37357 3.61006 2.95697 3.72355 5.54525 2.82834 2.76123 2.90239 2.71257 3.89137 4.07455 5.82366 5.86972 5.58301 4.37713 3.24332 3.1236 2.68542 2.81288 2.66929 2.64797
threshold=201.16703125000001 8064.4755948651846 5.8072916666666687 128.64750000000004 149.28625000000002 7.2411894273127766 40066.427031250008 43327.551093750008 1945.1013706969004 4.5000000000000009 174.91000000000003 40.351041666666674 36.013958333333342 39500.687500000007 46.26250000000001 44.237916666666671 14.017500000000002 31804.515520833334 179.53500000000003 7904.6729567890097 14.083920704845818 9.5000000000000018 -21.099999999999994 36001.165000000008 1.0000000180025095e-35 235.02500000000003 8.8871527777777803 56053.375000000007 133.62770833333335 5.1012500000000047
decision_type=10 10 2 10 10 2 10 10 10 2 8 10 10 2 2 10 10 10 10 10 2 2 10 10 2 10 2 2 10 10
left_child=1 2 3 8 6 7 -2 -4 9 11 14 12 -1 -14 -11 16 -9 -7 -19 20 24 23 25 -22 26 -23 -20 -28 -10 -13
right_child=4 -3 5 -5 -6 17 -8 15 28 10 -12 29 13 -15 -16 -17 -18 18 19 -21 21 22 -24 -25 -26 -27 27 -29 -30 -31
leaf_value=0.025639799768049757 -0.49122580920340053 0.23452994838105229 0.20573550097848825 0.34024981752730676 0.92152323340086484 0.057459338621823217 0.72469763305811585 -0.20965707621975169 -0.011357855992155304 0.076706221035435701 -0.50172450636510135 0.13177955566687385 -0.48614830555436783 -0.063130834890474719 -0.049358610142902964 0.036331604364519633 -0.021543862315125568 -0.012022008212279908 0.32220268479773534 -0.44019563105647735 -0.6217570322668835 -0.014288739612540504 -1.1595522425547853 0.46584330335278207 -0.43894863801526329 -0.75071112476594737 -0.9219994301332437 0.22708484043352181 -0.77497417684531678 0.010088697149450196
leaf_weight=742 194 2013 915 3215 5662 1410 177 61 3391 1500 47 5392 58 179 1831 1332 98 9558 442 41 133 54 41 125 73 66 52 83 78 1535
leaf_count=742 194 2013 915 3215 5662 1410 177 61 3391 1500 47 5392 58 179 1831 1332 98 9558 442 41 133 54 41 125 73 66 52 83 78 1535
internal_value=0.000693202 0.000414757 0.000308939 0.000660805 0.00228356 -0.00012758 -0.000717742 0.000954716 0.000421513 0.000649712 -0.000143829 0.000988744 -0.000554082 -0.00381933 -2.61103e-05 0.000142762 -0.00358125 -0.00034324 -0.000506702 -0.00218722 -0.00182523 -0.00457857 -0.00905556 -0.00176062 -4.60828e-05 -0.00570248 0.000711073 -0.00297794 -0.000320749 0.00120684
internal_weight=40498 34465 32452 17968 6033 14484 371 2406 14753 11284 3378 7906 979 237 3331 1491 159 12078 10668 1110 1069 419 161 258 650 120 577 135 3469 6927
internal_count=40498 34465 32452 17968 6033 14484 371 2406 14753 11284 3378 7906 979 237 3331 1491 159 12078 10668 1110 1069 419 161 258 650 120 577 135 3469 6927
is_linear=0
shrinkage=0.03


Tree=123
num_leaves=31
num_cat=0
split_feature=11 22 6 7 23 3 13 8 32 15 11 13 10 8 33 25 0 7 28 7 31 25 7 0 32 25 4 6 1 16
split_gain=20.1707 5.3297 5.25117 4.74164 4.27903 3.57682 3.48502 4.69172 3.94909 3.02776 3.49005 2.9998 3.47772 2.82493 2.72419 3.43809 3.15719 2.72291 2.67955 2.65783 2.64188 2.58587 2.68754 2.80361 2.55521 2.42552 3.19885 3.75483 3.46558 3.19065
threshold=154.84625000000003 1.0000000180025095e-35 4.995814977973569 4.3975694444444455 6.5000000000000009 1.0000000180025095e-35 193.02000000000001 307.38125000000008 161.33500000000004 157.86203125000003 110.87000000000002 37.070000000000007 236.31000000000003 604.07500000000016 58.780000000000008 61.401666666666671 5.5000000000000009 8.1267361111111143 47919.812500000007 3.3211805555555562 198.68250000000003 199.11354166666669 7.6927083333333348 6.5000000000000009 12.782500000000001 124.09562500000001 22.500000000000004 19.644713656387673 3.5000000000000004 4507.4750386758033
decision_type=10 2 2 2 2 2 10 2 10 10 10 10 10 2 10 8 2 2 10 2 10 10 2 2 10 10 2 2 2 10
left_child=2 4 5 13 21 14 7 17 -9 10 25 -3 -13 -4 15 -1 18 -6 -17 -15 -19 22 -2 -24 -11 -5 -27 29 -29 -28
right_child=1 11 3 9 6 -7 -8 8 -10 24 -12 12 -14 19 -16 16 -18 20 -20 -21 -22 -23 23 -25 -26 26 27 28 -30 -31
leaf_value=0.067781877207107821 0.40034259383994308 0.1455671659432293 0.085788534217433376 -0.0056030346585651631 0.1470031813283991 -0.38441671083577605 1.2062977384841218 -1.489843249311531 -0.2435999360688226 -1.1871478450933313 0.10963002748230424 -0.32272863990976658 0.36216814075037568 0.028821813243662193 0.16490211612358369 -0.015148859107214252 0.12644115219267565 -0.13226181158009781 -0.13350679928748976 -0.13707985470974687 -0.88597053433260675 1.0099388190103058 -0.83745382118451739 0.06897757520600116 -0.16586846187752519 -0.75771259010739234 0.23570428775610985 -0.13118818933885507 -0.81186701361251268 -0.60891243804524353
leaf_weight=227 1961 105 6683 15910 832 74 850 57 69 43 3294 137 65 493 2834 41 51 76 60 625 41 4535 64 379 424 86 317 107 55 40
leaf_count=227 1961 105 6683 15910 832 74 850 57 69 43 3294 137 65 493 2834 41 51 76 60 625 41 4535 64 379 424 86 317 107 55 40
internal_value=0.000666445 0.00190395 0.000304543 0.0001717 0.00203858 0.00143887 0.000786604 -0.000348513 -0.00576378 -7.01286e-05 -1.37808e-05 -0.00197727 -0.00410837 0.00080018 0.00158961 -0.000797368 -0.00427451 0.00037579 -0.00732353 -0.000595174 -0.00388983 0.00238573 0.00158919 -0.00052027 -0.00245513 -0.000191632 -0.00205446 -0.00115962 -0.00493252 0.000561453
internal_weight=40535 9171 31364 28077 8864 3287 1925 1075 126 20276 19809 307 202 7801 3213 379 152 949 101 1118 117 6939 2404 443 467 16515 605 519 162 357
internal_count=40535 9171 31364 28077 8864 3287 1925 1075 126 20276 19809 307 202 7801 3213 379 152 949 101 1118 117 6939 2404 443 467 16515 605 519 162 357
is_linear=0
shrinkage=0.03


Tree=124
num_leaves=31
num_cat=0
split_feature=24 7 0 24 16 6 12 16 4 7 24 15 38 11 38 6 17 13 9 27 27 14 9 12 27 14 4 28 15 24
split_gain=18.9134 6.40455 5.48252 4.78567 4.24 4.17762 3.83905 3.24674 2.92743 2.82758 2.74237 3.808 2.67792 2.60083 2.46827 2.63664 2.28869 2.6959 2.63433 2.22637 4.35333 2.51869 3.02584 2.1334 2.14459 2.13151 2.00704 3.32634 2.06086 2.41721
threshold=217.79500000000004 4.414930555555558 16.500000000000004 79.750000000000014 6503.9519211710494 11.361674008810576 27.88651041666667 4457.0597075892501 329.50000000000006 9.7031250000000036 108.54750000000001 96.291510416666682 86.481250000000003 154.84625000000003 29.065000000000005 16.601982378854633 9215.5433949999988 -1.0000000180025095e-35 41.505000000000003 33438.345260416674 37582.849583333344 286.06000000000006 286.74500000000006 99.875000000000014 47624.250000000007 179.53500000000003 94.500000000000014 40930.937500000007 97.197760416666668 20.221250000000001
decision_type=10 2 2 10 10 2 10 10 2 2 10 10 10 10 10 2 8 10 10 10 10 10 10 10 10 10 2 10 10 10
left_child=1 3 5 14 6 7 8 -3 16 -8 26 -12 -7 -2 -1 -16 17 -4 -19 21 -21 -14 -23 24 -13 -6 27 -9 29 -29
right_child=13 2 4 -5 25 12 9 10 -10 -11 11 23 19 -15 15 -17 -18 18 -20 20 -22 22 -24 -25 -26 -27 -28 28 -30 -31
leaf_value=0.02856855336506527 -0.18433255016620584 0.043521197250967925 -0.0034732016613506669 0.24219776845938235 -0.018253259870214502 -0.030626278158044879 0.16053138721224536 -0.25760355608015306 -0.14831711596030947 -0.1936985864751059 -0.32130074932292313 0.041583825621372174 0.57316658874822457 1.2311443883874786 -0.0058487419287340291 -0.49327702136558849 0.10815540121215242 -0.032879481650048767 -0.35175642157050591 -1.1085706674235083 -0.024596394663777343 -0.67128642579944464 0.16236118560644999 0.024226768237171094 -0.26563918934158631 -0.31465844624992628 0.037302382731818629 0.021066887459097596 0.071708058198816926 -0.13946915812874291
leaf_weight=4607 133 6237 465 4944 1133 9076 5780 48 41 209 97 42 67 4972 145 63 175 87 48 43 46 53 41 172 66 81 733 152 330 325
leaf_count=4607 133 6237 465 4944 1133 9076 5780 48 41 209 97 42 67 4972 145 63 175 87 48 43 46 53 41 172 66 81 733 152 330 325
internal_value=0.000699372 0.000452545 0.000202795 0.00110625 0.000852494 -9.44719e-05 0.00114384 0.000399366 -0.000785802 0.00140684 -0.000663784 -0.00296032 -0.000528787 0.00240599 0.000432932 -0.00275598 -0.000367268 -0.00124792 -0.00496324 -0.00358566 -0.00736667 -0.00146296 -0.00461053 -0.00117438 -0.00445872 -0.000780247 -0.000117055 -0.00110397 -0.000642327 -0.00190167
internal_weight=40411 35306 25547 9759 8019 17528 6805 8202 816 5989 1965 377 9326 5105 4815 208 775 600 135 250 89 161 94 280 108 1214 1588 855 807 477
internal_count=40411 35306 25547 9759 8019 17528 6805 8202 816 5989 1965 377 9326 5105 4815 208 775 600 135 250 89 161 94 280 108 1214 1588 855 807 477
is_linear=0
shrinkage=0.03


Tree=125
num_leaves=31
num_cat=0
split_feature=13 11 18 7 15 16 33 13 13 16 8 1 38 25 17 7 4 14 14 25 25 27 13 7 8 38 10 9 25 5
split_gain=19.5267 5.79152 7.99922 4.48975 4.16988 4.15399 4.49364 3.99823 4.80972 6.97501 3.99203 3.67931 3.48012 4.68066 3.91417 3.47232 3.44925 3.45202 3.32417 4.99273 4.16286 4.3722 3.23056 5.53494 4.33353 4.09164 2.99037 3.70302 2.83037 2.78201
threshold=168.13000000000002 81.105000000000004 1.0000000180025095e-35 11.862847222222227 78.60708333333335 4655.694721084692 177.63250000000002 1.0150000000000003 0.051250000000000011 5753.9148964972137 709.3375000000002 2.5000000000000004 49.925000000000004 115.44911458333335 12318.350820000001 8.5017361111111125 126.50000000000001 170.62125000000003 115.59000000000002 56.544791666666676 69.346145833333352 38392.509375000001 35.726250000000007 5.0989583333333348 151.29375000000002 -11.959999999999999 38.085000000000008 12.578750000000001 276.37187500000005 53156.250000000007
decision_type=10 10 2 2 10 10 10 8 10 10 2 2 10 10 8 2 2 10 10 10 10 10 10 2 2 10 10 10 10 2
left_child=1 4 5 10 7 15 -7 8 -1 26 11 16 18 14 -14 -3 -4 -18 19 -6 21 -21 -22 -24 25 -25 27 -10 -13 -17
right_child=-2 2 3 -5 12 6 -8 -9 9 -11 -12 28 13 -15 -16 29 17 -19 -20 20 22 -23 23 24 -26 -27 -28 -29 -30 -31
leaf_value=-0.0044896556230536785 0.92086438939238802 0.2451568083297061 -0.41438032945010556 -0.29636292818717525 0.063509942355183813 0.0091605494125633555 -0.34209105930439981 0.031824605527415888 0.035529841093651461 -0.328476039147655 -0.89469798970706937 0.020698853074593952 -0.10334845839288738 -0.10350057572439164 -1.1094908149119902 -0.16853474703302579 0.053683088787536075 -0.28295911360867537 0.0082301543865893577 -0.021351565138538968 0.021784499390706813 -0.31399799821835755 0.019848533695585365 0.11399366211796672 -0.79703254665605461 -0.44176706729363258 0.1416662049739642 -0.23151319290668174 -0.92102865732509243 0.091754037436048541
leaf_weight=5257 4824 10213 86 68 267 1932 126 9780 78 123 40 3766 57 119 48 366 127 54 1505 56 227 108 145 49 56 73 201 108 93 492
leaf_count=5257 4824 10213 86 68 267 1932 126 9780 78 123 40 3766 57 119 48 366 127 54 1505 56 227 108 145 49 56 73 201 108 93 492
internal_value=0.000661194 0.000418573 0.000810816 -0.000323022 4.55144e-05 0.00117647 -6.11946e-05 0.000234821 -0.000391643 -0.00317025 -0.000197264 -0.000104676 -0.00104021 -0.00461333 -0.00919811 0.00140652 -0.00350373 -0.00113736 -0.000716526 -0.00207434 -0.00338182 -0.00756364 -0.00212341 -0.0040463 -0.00757542 -0.00434146 -0.00118299 -0.00391444 0.000131347 -0.000426077
internal_weight=40444 35620 17363 4234 18257 13129 2058 15547 5767 510 4166 4126 2710 224 105 11071 267 181 2486 981 714 164 550 323 178 122 387 186 3859 858
internal_count=40444 35620 17363 4234 18257 13129 2058 15547 5767 510 4166 4126 2710 224 105 11071 267 181 2486 981 714 164 550 323 178 122 387 186 3859 858
is_linear=0
shrinkage=0.03


Tree=126
num_leaves=31
num_cat=0
split_feature=12 0 16 1 41 11 8 38 16 32 14 2 27 27 15 6 5 14 30 27 26 10 1 32 12 14 25 25 40 14
split_gain=19.0488 5.65264 4.50761 4.31284 4.68261 3.45814 3.70432 3.15892 3.09687 3.08237 2.99018 2.93716 2.91157 6.14469 3.34059 5.58879 2.7844 2.7739 5.42155 2.74858 2.665 2.60749 2.50284 2.93513 5.40443 5.84579 2.48997 2.46774 2.42227 2.2719
threshold=201.16703125000001 16.500000000000004 6503.9519211710494 1.5000000000000002 3184.3616290077957 152.74500000000003 481.16250000000008 59.323749999999997 3425.0274307613649 77.791250000000019 53.360000000000007 2.5000000000000004 32222.833333333339 32355.583333333339 189.57125000000002 14.186563876651984 33356.250000000007 227.77750000000003 131.02500000000003 55427.884739583344 27448.500000000004 -7.7899999999999991 4.5000000000000009 139.64500000000001 351.38812500000012 394.12500000000006 9.5979687500000015 84.741354166666682 3.5549999999999788 181.84500000000003
decision_type=8 2 10 2 10 8 2 10 10 10 10 2 10 10 8 2 2 8 10 10 8 10 2 10 10 10 10 10 10 10
left_child=1 3 9 8 12 6 -2 28 10 -3 -1 -10 -5 -14 21 17 27 18 -16 -6 -13 -15 -7 24 25 -24 -23 -12 -4 -28
right_child=5 2 7 4 19 22 -8 -9 11 -11 16 20 13 14 15 -17 -18 -19 -20 -21 -22 26 23 -25 -26 -27 29 -29 -30 -31
leaf_value=-0.062625462832571505 0.13790130347834326 0.024553639247763704 -0.0036528558837945185 0.11062453238946098 0.12090410799204536 0.93321533081375763 -0.90774867621494559 -0.60446992795712406 -0.13705781622528648 0.21902296693129822 0.061121358844165474 -0.20951666318552162 -0.43573222656164695 -1.4841959046346727 -0.01130025990385628 -1.2680123363595659 0.1482996889686905 0.11244357252382778 -0.79244858460084355 -0.41977616199271645 0.022794830119127477 0.082232055382034264 -0.40330835692141781 0.69629447224280905 2.0773806087290008 -1.648149266407728 -0.025004734863395935 -0.65961962386246986 -0.62028293387687639 0.09390716698512587
leaf_weight=234 347 3011 1105 1206 1504 4124 61 78 239 5834 93 75 67 64 132 47 5275 147 62 55 1162 452 126 1076 186 45 11995 64 48 1602
leaf_count=234 347 3011 1105 1206 1504 4124 61 78 239 5834 93 75 67 64 132 47 5275 147 62 55 1162 452 126 1076 186 45 11995 64 48 1602
internal_value=0.000644618 0.000374305 0.000972313 0.000128085 -0.000127553 0.00221002 -0.000454768 -0.000728084 0.000748425 0.00120902 0.00106723 -0.000475288 -0.000282599 -0.00039989 -0.000357675 -0.00310026 0.00121038 -0.00174561 -0.00409231 0.00144038 0.000113893 -0.00028206 0.00240572 0.00132427 -0.00103073 -0.00486628 -0.000254306 -0.00271519 -0.000330156 -0.00032718
internal_weight=40516 34551 10076 24475 17333 5965 408 1231 7142 8845 5666 1476 15774 14568 14501 388 5432 341 194 1559 1237 14113 5557 1433 357 171 14049 157 1153 13597
internal_count=40516 34551 10076 24475 17333 5965 408 1231 7142 8845 5666 1476 15774 14568 14501 388 5432 341 194 1559 1237 14113 5557 1433 357 171 14049 157 1153 13597
is_linear=0
shrinkage=0.03


Tree=127
num_leaves=31
num_cat=0
split_feature=24 41 18 10 0 17 16 8 30 7 7 7 15 38 36 14 13 14 0 32 30 38 24 4 4 36 41 2 20 5
split_gain=18.708 7.10978 4.71495 4.0891 3.79847 3.93213 3.44176 3.2429 3.9274 3.05799 2.63648 2.50872 2.62991 2.50447 2.49706 3.23652 2.4885 7.02677 2.64867 2.98035 4.25714 2.46287 2.70268 2.93842 3.14208 2.32389 2.35723 4.15278 2.13352 2.24974
threshold=150.92000000000004 8064.4755948651846 1.0000000180025095e-35 141.10000000000005 14.500000000000002 827.62016500000004 5338.7495466365281 609.76250000000016 205.60500000000005 4.2760416666666687 6.5052083333333348 7.0503472222222241 107.79812500000001 13.200000000000012 -37.409999999999982 194.88500000000002 193.02000000000001 394.12500000000006 10.500000000000002 140.27500000000003 148.66000000000003 -87.804999999999993 3.5550000000000002 188.50000000000003 182.50000000000003 -0.068750000000001407 -13718.610758391984 5.5000000000000009 1.0000000180025095e-35 52556.250000000007
decision_type=10 10 2 10 2 10 10 2 10 2 2 2 10 10 10 8 10 10 2 10 10 10 10 2 2 10 8 2 2 2
left_child=1 4 6 -4 5 9 11 16 -9 -1 14 -2 -13 -8 15 -6 17 18 19 20 -5 -7 25 24 -24 -23 27 -27 29 -11
right_child=2 -3 3 7 10 21 13 8 -10 28 -12 12 -14 -15 -16 -17 -18 -19 -20 -21 -22 22 23 -25 -26 26 -28 -29 -30 -31
leaf_value=0.082455199291208994 0.64118104066954273 0.23591907527186498 -0.45311627566098778 0.067990526809918406 0.0013317465007024764 -0.73126710777830861 0.21863495368762548 -0.80202382578585241 1.0444379202012517 -0.028340834142563748 0.0025482740283634875 -0.25477174900980376 0.40352445915733204 -0.4174158058529493 0.10738286120774132 -0.56579716148588499 1.0899079555882707 -1.5393215414919728 0.39160137224821695 0.047887522459645677 -0.89715527172821963 0.050595156696409516 -0.091226893938493162 -0.016465395528645892 -0.35436220173070132 -1.7440979687864344 -0.0048071401193826432 0.028501577802133582 0.090327848805136002 0.022551316870251071
leaf_weight=3614 5801 1691 96 41 953 43 54 61 69 7766 3888 47 1201 63 5474 41 876 50 654 394 41 569 1161 1331 69 40 509 43 351 3433
leaf_count=3614 5801 1691 96 41 953 43 54 61 69 7766 3888 47 1201 63 5474 41 876 50 654 394 41 569 1161 1331 69 40 509 43 351 3433
internal_value=0.000665974 0.00030952 0.00183448 0.000646518 0.000200266 -5.24563e-05 0.00221264 0.00091358 -0.00366412 0.000163007 0.000662161 0.00229745 0.00107606 -0.00287288 0.00103324 -0.000349749 0.00120467 0.000304827 0.000795756 -0.00090566 -0.00607229 -0.000920074 -0.000836422 -0.00138056 -0.00243704 0.000364028 -0.000951096 -0.00560714 -7.5318e-05 -0.000147589
internal_weight=40424 30976 9448 2282 29285 18929 7166 2186 130 15164 10356 7049 1248 117 6468 994 2056 1180 1130 476 82 3765 3722 2561 1230 1161 592 83 11550 11199
internal_count=40424 30976 9448 2282 29285 18929 7166 2186 130 15164 10356 7049 1248 117 6468 994 2056 1180 1130 476 82 3765 3722 2561 1230 1161 592 83 11550 11199
is_linear=0
shrinkage=0.03


Tree=128
num_leaves=31
num_cat=0
split_feature=24 6 7 0 12 7 33 24 4 5 38 4 12 14 7 5 0 4 30 7 4 24 5 27 27 27 1 31 8 7
split_gain=18.0042 6.60864 6.30413 5.55451 4.83281 4.138 3.61718 2.95348 2.53355 2.40781 2.35963 2.45604 3.96165 5.61857 3.87608 2.55549 3.12106 3.4803 4.19673 6.41512 5.9541 2.69998 3.05265 2.98907 2.45003 2.3832 2.30627 3.45057 6.24357 3.86144
threshold=220.72500000000002 4.8325991189427322 4.414930555555558 17.500000000000004 27.88651041666667 10.206597222222223 51.665000000000006 80.762500000000017 2.5000000000000004 61206.250000000007 83.830000000000027 50.500000000000007 127.28484375000001 183.26375000000004 7.3072916666666687 48902.250000000007 8.5000000000000018 261.50000000000006 106.21875000000001 6.7135416666666687 293.50000000000006 25.786250000000006 37254.187500000007 32040.500000000004 40999.333333333336 43327.551093750008 4.5000000000000009 200.00500000000002 457.88125000000008 8.3385416666666696
decision_type=10 2 2 2 10 2 8 10 2 2 10 2 10 10 2 2 2 2 10 2 2 10 2 10 10 10 2 10 2 2
left_child=1 6 7 9 -5 -6 -1 -3 -8 10 11 12 -4 -14 -15 16 17 -13 -19 -20 -21 -18 -23 -24 -25 -17 -2 28 -28 -29
right_child=26 2 3 4 5 -7 8 -9 -10 -11 -12 15 13 14 -16 25 21 18 19 20 -22 22 23 24 -26 -27 27 29 -30 -31
leaf_value=-0.052540144521501755 1.3388980406958118 0.023607454694177826 -0.03301159309505311 -0.051864062536135958 0.13000501869616721 -0.19325990185443076 -0.34861049003551692 0.20896512335087863 0.16986567582342965 0.054116329350712346 -0.2266998247985233 0.023300864486288757 -0.93512548880980728 0.19174023399669143 -0.90031663103573423 0.056132155599526258 -0.0098728776738139946 -0.037316174419595734 -0.11514992146675671 -0.84075531646687673 -0.15483403607970378 -0.48782999079448364 0.069473718097763246 -0.24368236544277558 0.012522069820848322 -0.037890465136428082 0.089904117159109245 1.1341994029209255 -1.207563959046096 -1.4044720859050424
leaf_weight=216 3885 4713 854 922 5223 217 71 4144 3394 1621 575 4576 45 86 75 2791 1547 1157 274 67 56 62 354 1199 190 1053 194 770 42 43
leaf_count=216 3885 4713 854 922 5223 217 71 4144 3394 1621 575 4576 45 86 75 2791 1547 1157 274 67 56 62 354 1199 190 1053 194 770 42 43
internal_value=0.000663285 0.000427134 0.000287812 2.53651e-05 0.000778878 0.00111928 0.00163036 0.0009676 0.00186526 -0.000263764 -0.00038277 -0.000307361 -0.00169651 -0.00542029 -0.00275926 -0.000196743 -0.000461246 -5.87179e-05 -0.00128489 -0.00394221 -0.00960484 -0.00119714 -0.00198505 -0.00174943 -0.00237626 0.000455657 0.00236109 0.00111143 -0.00207595 0.00203808
internal_weight=40416 35482 31801 22944 6362 5440 3681 8857 3465 16582 14961 14386 1060 206 161 13326 9482 6130 1554 397 123 3352 1805 1743 1389 3844 4934 1049 236 813
internal_count=40416 35482 31801 22944 6362 5440 3681 8857 3465 16582 14961 14386 1060 206 161 13326 9482 6130 1554 397 123 3352 1805 1743 1389 3844 4934 1049 236 813
is_linear=0
shrinkage=0.03


Tree=129
num_leaves=31
num_cat=0
split_feature=12 18 11 7 17 0 11 0 25 25 25 24 7 24 1 38 38 5 39 40 4 41 41 4 34 15 29 8 12 7
split_gain=19.4243 5.44979 6.41878 4.96996 4.71791 5.06948 4.13944 3.34119 3.8147 6.24599 8.07873 3.55036 3.15626 3.13651 3.13 3.01548 2.7157 2.68972 2.84572 2.64668 2.54697 2.54643 2.49821 3.2895 2.85331 2.5348 4.27085 2.47505 4.77345 2.44784
threshold=201.16703125000001 1.0000000180025095e-35 63.522500000000008 6.4288194444444455 3.1644250000000005 15.500000000000002 160.60500000000005 3.5000000000000004 74.771458333333342 84.741354166666682 80.704791666666679 83.023750000000021 4.4739583333333348 3.5550000000000002 1.5000000000000002 1.8012500000000105 67.370000000000019 50955.312500000007 -4.842499999999986 11.089999999999987 322.50000000000006 -13130.573604254585 4777.0767144197898 180.50000000000003 87.685000000000016 54.599375000000002 73.490000000000023 654.24375000000009 26.085208333333338 4.9079861111111134
decision_type=8 2 10 2 8 2 8 2 10 10 10 10 2 8 2 10 10 2 10 10 2 10 8 2 10 10 10 2 10 2
left_child=1 2 12 16 -3 7 17 20 11 10 -10 15 -1 -14 -11 27 22 18 -2 -5 -6 -21 23 24 25 -4 -27 -9 -29 -20
right_child=6 4 3 19 5 -7 -8 8 9 14 -12 -13 13 -15 -16 -17 -18 -19 29 21 -22 -23 -24 -25 -26 26 -28 28 -30 -31
leaf_value=0.043775909027834799 -0.010429661979987456 0.056517699985547155 0.022826226794789267 0.021828193561438176 0.074525529251578654 0.031453674820647509 0.81336875697690481 -0.042017949252381372 -0.25120880945777102 -0.47683958802427706 -0.66695506188201092 -0.26813807612063734 0.02769243478843918 -0.038643992525542029 -0.11574661032185227 0.035584670453996353 -0.046454197306812064 0.51477109193944703 -0.25052250788391278 -0.091739295940017701 -0.61628708864619919 -0.5120713939661814 0.21725259477236261 0.11129595229656004 -0.0081752923246754608 -0.078976935054624164 -0.82049961851827213 -1.8607675008549807 -0.15594421207304787 -0.47845617218630743
leaf_weight=2536 163 2263 50 5181 861 2982 5512 1687 288 46 78 40 700 4770 1302 933 524 225 49 163 55 42 7690 1561 465 72 53 66 189 47
leaf_count=2536 163 2263 50 5181 861 2982 5512 1687 288 46 78 40 700 4770 1302 933 524 225 49 163 55 42 7690 1561 465 72 53 66 189 47
internal_value=0.000612874 0.000339644 0.00059312 0.000943741 -0.000219627 -0.0005428 0.00218909 -0.00107916 -0.0014067 -0.00252945 -0.006 -0.000745885 -9.89133e-05 -0.000504478 -0.00158339 -0.000620654 0.00132632 -0.000470103 -0.00255 0.000203824 0.000575791 -0.00313107 0.00143783 0.000546322 -0.00126365 -0.00451705 -0.00678571 -0.00129388 -0.00404297 -0.00661856
internal_weight=40593 34597 23807 15801 10790 8527 5996 5545 4629 1714 366 2915 8006 5470 1348 2875 10415 484 259 5386 916 205 9891 2201 640 175 125 1942 255 96
internal_count=40593 34597 23807 15801 10790 8527 5996 5545 4629 1714 366 2915 8006 5470 1348 2875 10415 484 259 5386 916 205 9891 2201 640 175 125 1942 255 96
is_linear=0
shrinkage=0.03


Tree=130
num_leaves=31
num_cat=0
split_feature=11 18 41 13 14 2 4 39 38 6 13 26 33 12 14 14 26 14 5 7 39 27 11 34 7 5 27 28 15 4
split_gain=17.9601 5.18059 4.98152 4.24099 5.87796 3.84481 3.56375 4.96969 3.365 7.26887 4.25147 6.69628 5.53203 3.95386 8.50199 11.0463 4.30058 3.40517 3.19152 3.06754 2.95091 3.14219 2.92014 2.72454 2.62666 2.72079 4.35583 2.44952 2.33285 2.31845
threshold=158.94500000000002 1.0000000180025095e-35 8253.0501707245039 229.99000000000004 394.12500000000006 9.5000000000000018 359.50000000000006 -67.214999999999989 29.065000000000005 16.35550660792952 53.675000000000004 31967.200000000001 180.11000000000004 62.638541666666676 127.49000000000002 133.09 48810.500000000007 117.40500000000002 39056.250000000007 11.862847222222227 -14.184999999999993 39322.937708333346 0.28125000000000006 112.325 8.4427083333333375 53003.125000000007 37826.770833333343 40512.199687500011 134.48708333333335 267.50000000000006
decision_type=10 2 10 8 10 2 2 10 10 2 10 10 10 10 10 10 10 10 2 2 10 10 8 10 2 2 10 10 10 2
left_child=2 6 8 4 18 -6 24 -8 17 13 -11 -12 23 14 16 -16 -10 20 -3 -19 27 22 -22 -13 -2 26 -26 28 -1 -29
right_child=1 3 -4 -5 5 -7 7 -9 9 10 11 12 -14 -15 15 -17 -18 19 -20 -21 21 -23 -24 -25 25 -27 -28 29 -30 -31
leaf_value=-0.024940253426121359 0.67441297327821981 -0.37693150541480108 0.18922441831604042 1.7108183531015442 -0.35777666758443472 -1.4347895327288953 0.047601527321405004 -0.59360557277750281 -0.020264875738911316 -0.045561167829748492 -0.11620726745906071 -0.55321815675638242 -1.2336620855101805 0.040971767983799486 -0.9620963155162453 0.12024789997923661 -0.39865048610253578 0.059833221555321524 0.13973610710208914 -0.31917727378147781 -0.15205380907683061 -0.0040076679106010654 0.14685099366492957 -0.12829766494026537 0.27685601767564672 0.31010826077707859 -1.1486894342063754 -0.0040641588446182651 -0.90673935529528626 0.084447079187783589
leaf_weight=6729 5921 206 1820 654 61 41 109 55 719 354 150 50 74 2618 42 42 40 10914 1218 54 91 1650 1744 68 79 447 61 3217 60 1216
leaf_count=6729 5921 206 1820 654 61 41 109 55 719 354 150 50 74 2618 42 42 40 10914 1218 54 91 1650 1744 68 79 447 61 3217 60 1216
internal_value=0.000639477 0.00183395 0.000305374 0.000563962 -0.000302554 -0.0072233 0.00224876 -0.00210909 0.000212382 -0.000579365 -0.00337446 -0.0057551 -0.00945078 -1.64644e-05 -0.00180213 -0.0108 -0.000793421 0.000340591 0.000197895 0.000740633 4.2222e-05 0.000804647 0.0016585 -0.00534454 0.00235889 0.000443878 -0.00319149 -0.0001946 -0.000552724 0.000353857
internal_weight=40504 8852 31652 2180 1526 102 6672 164 29832 4157 696 342 192 3461 843 84 759 25675 1424 10968 14707 3485 1835 118 6508 587 140 11222 6789 4433
internal_count=40504 8852 31652 2180 1526 102 6672 164 29832 4157 696 342 192 3461 843 84 759 25675 1424 10968 14707 3485 1835 118 6508 587 140 11222 6789 4433
is_linear=0
shrinkage=0.03


Tree=131
num_leaves=31
num_cat=0
split_feature=11 22 41 18 13 24 13 14 11 38 12 6 27 33 26 12 7 41 27 6 25 25 25 11 7 27 24 1 13 26
split_gain=17.0594 5.17279 4.21247 4.12807 3.77245 3.63453 3.50109 6.12597 3.66834 3.12452 4.73011 5.72663 3.1914 3.12044 3.56827 3.00496 3.61242 3.62569 2.91752 2.92123 3.10825 3.99513 4.74412 6.3931 4.24175 6.06407 3.18328 2.76614 2.62693 2.5536
threshold=158.94500000000002 1.0000000180025095e-35 8671.3491436982094 1.0000000180025095e-35 37.350000000000009 310.08500000000004 229.99000000000004 394.12500000000006 367.71000000000009 62.451250000000002 62.638541666666676 15.566960352422909 55427.884739583344 177.63250000000002 31967.200000000001 40.963854166666671 10.368055555555559 -3481.928524489314 31804.515520833334 7.7724669603524239 103.65375000000002 86.362291666666678 83.862239583333348 93.992500000000021 5.6857638888888902 41578.708333333336 68.985000000000014 1.0000000180025095e-35 0.64375000000000016 52078.261250000003
decision_type=10 2 10 2 10 10 10 10 10 8 8 2 10 10 10 10 2 8 10 2 10 10 10 10 2 10 10 2 10 8
left_child=2 3 9 29 -3 -6 7 -5 -9 12 28 -12 15 -13 -15 -1 18 -18 -17 -20 21 22 27 24 26 -26 -24 -21 -11 -2
right_child=1 4 -4 6 5 -7 -8 8 -10 10 11 13 -14 14 -16 16 17 -19 19 20 -22 -23 23 -25 25 -27 -28 -29 -30 -31
leaf_value=-0.0074011823066049498 0.61382936427267309 0.12046505992996824 0.20082183718804886 0.078198709413876646 -0.57038522243164769 0.64177018199167657 2.0700986929981973 -1.3395622473189523 -0.00062222365198106645 0.0068496147017501159 0.034034243581466478 -0.18102990363238824 -0.38382347833467295 -0.51427210571626458 -1.3487358552094306 0.19865699623949515 0.044415613296892704 -0.22425736221591994 0.082043162746640488 0.34896183177271556 -0.067646607323162175 0.16552076309000252 -0.39079136723719204 0.3400021847027595 -1.3612919930691836 -0.4629739346656041 0.087471254516110042 0.01209786418512031 -0.57920559341562894 -0.077973434681775838
leaf_weight=6868 6431 115 1704 1338 134 48 613 57 43 52 1346 158 54 78 71 1701 129 267 3798 578 3164 2591 49 124 44 40 91 8624 126 40
leaf_count=6868 6431 115 1704 1338 134 48 613 57 43 52 1346 158 54 78 71 1701 129 267 3798 578 3164 2591 49 124 44 40 91 8624 126 40
internal_value=0.000676384 0.0018432 0.000351286 0.00197888 -0.00204362 -0.00472131 0.000805556 -4.16945e-06 -0.00712871 0.000268712 -0.000931768 -0.000429867 0.000346905 -0.00412013 -0.00722 0.000361039 0.000537711 -0.00229723 0.000591781 0.00048571 0.000300863 0.000519107 0.000235578 -0.00319771 -0.00621333 -0.0115059 -0.00297872 0.00036575 -0.00556425 0.00235059
internal_weight=40476 8819 31657 8522 297 182 2051 1438 100 29953 1831 1653 28122 307 149 28068 21200 396 20804 19103 15305 12141 9550 348 224 84 140 9202 178 6471
internal_count=40476 8819 31657 8522 297 182 2051 1438 100 29953 1831 1653 28122 307 149 28068 21200 396 20804 19103 15305 12141 9550 348 224 84 140 9202 178 6471
is_linear=0
shrinkage=0.03


Tree=132
num_leaves=31
num_cat=0
split_feature=24 6 4 7 5 16 6 33 25 27 24 13 28 7 8 9 32 4 40 39 29 29 0 16 15 7 14 12 14 17
split_gain=18.6975 5.07933 4.59408 4.25691 4.03791 4.63432 3.48053 3.37756 4.19662 3.21502 2.95279 2.78245 2.73131 4.36352 3.3867 3.35179 2.69963 2.69867 4.87033 2.99534 3.02953 4.61421 2.77971 4.16948 2.90689 2.79578 3.4585 2.67911 5.59551 2.2699
threshold=217.79500000000004 4.8325991189427322 2.5000000000000004 4.5746527777777795 35812.625000000007 894.112201422054 14.186563876651984 55.225000000000009 61.401666666666671 31804.515520833334 80.762500000000017 105.05000000000001 30130.000000000004 6.5052083333333348 8.9750000000000032 64.345000000000013 75.108750000000015 348.50000000000006 -40.377499999999991 -67.854999999999976 113.01250000000002 65.283750000000012 16.500000000000004 6503.9519211710494 14.051041666666668 7.7725694444444464 168.10000000000002 55.370104166666671 105.80250000000002 7805.7854050000014
decision_type=10 2 2 2 2 10 2 10 8 10 10 10 10 2 2 10 10 2 10 10 10 10 2 10 10 2 10 10 10 8
left_child=1 2 16 10 5 6 -5 8 -4 29 -3 12 -8 14 -14 -15 -1 22 -19 -20 21 -21 -11 -24 -25 26 27 28 -26 -6
right_child=-2 3 7 4 9 -7 11 -9 -10 17 -12 -13 13 15 -16 -17 -18 18 19 20 -22 -23 23 24 25 -27 -28 -29 -30 -31
leaf_value=-4.1554012503503545e-05 1.0005429139707824 0.01350928875218098 0.055480839887974191 0.0082512843127887092 -0.066787847846828119 0.0074989790309793695 0.059620547310696208 0.16636021738969156 -0.10504605298355899 -0.010113828891905083 0.18924887221982828 -0.52697227740120833 -0.15852171889835065 -0.54341056068950699 -0.39971755484967114 -0.82025749172733053 -0.40087007149007253 0.057069663873535792 -0.04967339159096712 -0.52318298160002186 -0.61115738384132245 -0.027190982871470062 0.087248728525649855 -0.64386505023444618 -0.030103515613802853 0.026744367693237316 -0.37839392683492878 0.10869751566974033 -0.37586195735555428 0.14785947830286741
leaf_weight=45 5117 5172 194 208 229 774 107 3291 102 11306 4612 66 272 40 46 42 40 229 222 63 56 144 5118 51 198 518 48 194 59 1938
leaf_count=45 5117 5172 194 208 229 774 107 3291 102 11306 4612 66 272 40 46 42 40 229 222 63 56 144 5118 51 198 518 48 194 59 1938
internal_value=0.000636339 0.000391183 0.00144732 0.000268849 3.66639e-05 -0.00143638 -0.00306522 0.0016112 -0.00145455 0.000149161 0.000789167 -0.00427003 -0.00350197 -0.0046384 -0.00302821 -0.0107711 -0.00540698 1.91136e-05 -0.00178741 -0.00348765 -0.00564773 -0.0039375 9.29516e-05 0.00060417 -0.00110009 -0.000745579 -0.002346 -0.00151991 -0.00352326 0.00124124
internal_weight=40501 35384 3672 31712 21928 1555 781 3587 296 20373 9784 573 507 400 318 82 85 18206 714 485 263 207 17492 6186 1068 1017 499 451 257 2167
internal_count=40501 35384 3672 31712 21928 1555 781 3587 296 20373 9784 573 507 400 318 82 85 18206 714 485 263 207 17492 6186 1068 1017 499 451 257 2167
is_linear=0
shrinkage=0.03


Tree=133
num_leaves=31
num_cat=0
split_feature=24 0 12 5 38 8 5 16 40 25 11 1 32 1 28 25 23 14 29 28 25 4 15 27 4 38 6 38 12 8
split_gain=17.5852 5.31747 4.22473 4.13629 4.7872 3.03762 4.65344 2.97686 4.18956 3.56096 2.92501 3.04596 5.14744 4.12929 2.89054 2.94613 3.98294 2.70618 3.04009 2.60198 3.44555 2.58015 2.6435 2.56047 4.956 2.36912 2.20232 2.18488 2.17381 2.12558
threshold=217.79500000000004 16.500000000000004 27.88651041666667 50578.187500000007 29.065000000000005 142.19375000000005 41155.625000000007 4323.5446676833044 -10.029999999999996 85.387916666666683 158.94500000000002 4.5000000000000009 103.33125000000001 5.5000000000000009 41023.72187500001 81.920885416666678 3.5000000000000004 418.44000000000005 126.49250000000002 31402.937500000004 105.44088541666667 226.50000000000003 9.5979687500000015 49996.117291666676 349.50000000000006 5.8037500000000053 8.4407488986784163 -14.152499999999987 27.131875000000004 524.60000000000002
decision_type=10 2 10 2 10 2 2 10 10 10 10 2 10 2 8 8 2 10 10 10 10 2 10 10 2 10 2 10 8 2
left_child=1 3 28 4 5 -1 21 9 -9 14 26 -12 13 -13 -5 23 -17 18 -6 -8 -21 22 -7 24 -16 -4 -2 -22 -3 -14
right_child=10 2 25 7 17 6 19 8 -10 -11 11 12 29 -15 15 16 -18 -19 -20 20 27 -23 -24 -25 -26 -27 -28 -29 -30 -31
leaf_value=0.0196434078100075 0.35602023475492833 -0.01484314538022901 0.14532452288993489 0.057842264587597975 -0.11488888310607517 0.060309399584946355 0.15327358372037225 0.0025230078465472454 -0.25669519189693646 0.19210369903162508 1.2580874542239957 -1.3728779990952422 0.74927967858921329 0.088801335395433528 -0.0053799081385312933 -0.090095903650428785 -0.15137281354571594 1.041127763043705 -0.43839608739860303 -0.00029056942490787285 0.35750461590624844 0.02930198089247165 -0.31364144739949612 0.094487202380914181 -0.25291643478030013 0.042848292675946725 -0.27149685977702409 -0.28464284944983492 -0.31897298983378414 -0.57390766534919224
leaf_weight=9223 79 1227 6127 1180 889 80 476 1711 188 4100 3899 52 860 52 1786 148 61 98 384 3226 86 265 660 426 76 2504 80 395 53 98
leaf_count=9223 79 1227 6127 1180 889 80 476 1711 188 4100 3899 52 860 52 1786 148 61 98 384 3226 86 265 660 426 76 2504 80 395 53 98
internal_value=0.000647493 0.000409584 0.000999092 0.000180054 -0.000119369 4.18402e-05 -0.000538832 0.000668389 -0.000396316 0.000928388 0.00229057 0.00241898 0.000993415 -0.00531429 0.000250408 -0.000327862 -0.00372857 -0.00181268 -0.00218289 -9.82312e-05 -0.000366505 -0.00237078 -0.00327935 -1.57273e-05 -0.000495974 0.0012376 -0.00170625 -0.00273236 -0.000608899 0.001683
internal_weight=40489 35369 9911 25458 15782 14411 5188 9676 1899 7777 5120 4961 1062 104 3677 2497 209 1371 1273 4183 3707 1005 740 2288 1862 8631 159 481 1280 958
internal_count=40489 35369 9911 25458 15782 14411 5188 9676 1899 7777 5120 4961 1062 104 3677 2497 209 1371 1273 4183 3707 1005 740 2288 1862 8631 159 481 1280 958
is_linear=0
shrinkage=0.03


Tree=134
num_leaves=31
num_cat=0
split_feature=9 32 7 36 41 2 6 5 16 17 0 5 27 15 5 28 40 13 12 13 10 14 40 24 27 6 25 28 10 8
split_gain=18.1722 5.38647 7.30973 4.08053 3.86453 3.45227 4.36562 3.82847 2.86116 2.75613 4.21389 2.79159 2.62683 2.56301 4.33935 4.64804 3.53926 3.33566 3.16626 2.44175 5.39492 3.68848 3.99216 4.0421 3.33422 5.60467 6.95441 2.81471 2.2728 2.19863
threshold=228.41500000000005 125.00375000000001 6.6059027777777795 1.8799999999999979 9417.3177104956721 9.5000000000000018 13.994933920704847 43376.250000000007 7149.5624950267902 2.0394400000000004 13.500000000000002 45001.375000000007 47624.250000000007 144.3897916666667 50955.312500000007 33362.750000000007 -27.050000000000001 58.39500000000001 237.64000000000001 49.185000000000009 88.00500000000001 110.48500000000001 1.272499999999994 92.935000000000016 39442.583333333336 11.517180616740092 68.209791666666675 35897.250000000007 49.865000000000002 396.81875000000008
decision_type=10 8 2 8 10 2 2 2 10 10 2 2 10 8 2 10 10 10 10 10 8 10 10 10 10 2 10 10 8 2
left_child=1 4 8 5 9 -4 12 -8 -3 13 -11 -12 -7 17 15 18 -17 19 -15 -1 24 -22 23 -23 27 -26 -27 -21 -16 -18
right_child=-2 2 3 -5 -6 6 7 -9 -10 10 11 -13 -14 14 28 16 29 -19 -20 20 21 22 -24 -25 25 26 -28 -29 -30 -31
leaf_value=0.016309103950058013 1.1183617769157015 0.25566479461874259 -0.017838753097230119 0.16439620770692828 0.18321105680188218 -0.0089503581375710017 -0.80291437482588068 -0.49647814359106512 -0.35931710369125813 -0.051040658545028025 -0.025860511228597061 0.052435427022863849 -0.29563095450172749 0.078299433971733626 -0.066602437153869598 -0.17873387503740523 -0.55228499191473168 0.10331948830735443 -1.194855844529406 -0.28936062704644833 0.081139766584631512 -0.91898890511321962 -0.74615378074492678 0.0098982116286144284 -0.011172975884126701 0.031257619537543323 -0.71684024971958393 0.22272537010031404 0.083325070816773289 -1.2692635759905262
leaf_weight=10909 4658 5675 593 679 1127 223 52 86 82 3773 1650 2557 61 416 82 195 144 5179 72 94 89 56 66 96 459 51 53 446 723 40
leaf_count=10909 4658 5675 593 679 1127 223 52 86 82 3773 1650 2557 61 416 82 195 144 5179 72 94 89 56 66 96 459 51 53 446 723 40
internal_value=0.000631837 0.000402026 0.00111957 -0.000612389 0.000212922 -0.00181594 -0.00388652 -0.0082446 0.00162921 0.000141431 -0.000327027 0.000325808 -0.00174737 0.000336446 -0.000785415 -0.00225691 -0.00474474 0.000443683 -0.000319018 0.000175081 -0.000999291 -0.00450974 -0.00660274 -0.00388235 -1.90216e-05 -0.00163298 -0.00788571 0.00166359 0.000800248 -0.00771892
internal_weight=40386 35728 7451 1694 28277 1015 422 138 5757 27150 7980 4207 284 19170 1672 867 379 17498 488 12319 1410 307 218 152 1103 563 104 540 805 184
internal_count=40386 35728 7451 1694 28277 1015 422 138 5757 27150 7980 4207 284 19170 1672 867 379 17498 488 12319 1410 307 218 152 1103 563 104 540 805 184
is_linear=0
shrinkage=0.03


Tree=135
num_leaves=31
num_cat=0
split_feature=13 7 32 14 15 26 1 38 4 8 15 13 6 28 6 6 32 16 12 14 2 26 13 4 4 39 12 7 4 7
split_gain=18.0925 5.62816 6.20372 3.05938 3.02751 4.13867 2.99924 4.38384 6.72869 3.44123 3.32217 2.84789 2.8194 3.60155 2.75608 2.67408 3.8298 2.58017 2.44148 3.47428 3.01504 2.43841 3.75487 2.88046 7.08478 4.12496 2.85467 2.81431 3.19104 2.7376
threshold=168.13000000000002 6.1475694444444473 129.47500000000002 57.045000000000009 155.70000000000002 40612.500000000007 1.0000000180025095e-35 29.065000000000005 72.500000000000014 604.07500000000016 113.29187500000002 2.7200000000000002 10.625770925110134 44083.196250000008 29.568722466960363 16.35550660792952 1.0000000180025095e-35 14207.137538159812 87.752083333333346 128.27000000000001 3.5000000000000004 30045.500000000004 38.885000000000005 272.50000000000006 295.50000000000006 -34.594999999999999 70.23145833333335 7.0850694444444473 317.50000000000006 8.5017361111111125
decision_type=10 2 10 10 10 10 2 10 2 2 10 10 2 10 2 2 10 10 10 10 2 10 10 2 2 10 10 2 2 2
left_child=1 2 3 -1 5 -2 -5 9 -9 -8 14 -12 13 17 -11 16 -10 -3 19 20 -18 -14 26 -24 25 29 -23 28 -26 -25
right_child=4 12 -4 6 -6 -7 7 8 15 10 11 -13 21 -15 -16 -17 18 -19 -20 -21 -22 22 23 24 27 -27 -28 -29 -30 -31
leaf_value=-0.049017465891125524 -0.51045603565206055 0.068001341060453857 0.27207401456871766 0.16047121472758866 0.80196078845364083 0.73452484785740024 0.042147004919833919 0.18975294335846096 -0.43994199834570397 -0.056089855821832353 -0.0066072764690064617 -0.74107732835236051 0.057804363604539631 -0.01567006497773582 0.053866703924051573 -0.35670595436086222 -0.1861297684770882 -0.078933226881468074 0.039859607683510635 -0.61086853404868391 0.084984572331455149 -0.022686798701744365 -0.1005769322981568 0.010902403320319883 -0.025362335163831271 -1.0129759193839429 0.14475603215243793 0.0077625878958090498 -0.77615353844094892 -0.43927199011738727
leaf_weight=894 65 3077 4439 2588 4709 81 11192 569 55 993 46 61 899 2645 298 430 57 84 567 75 159 3623 1378 79 55 113 776 416 55 69
leaf_count=894 65 3077 4439 2588 4709 81 11192 569 55 993 46 61 899 2645 298 430 57 84 567 75 159 3623 1378 79 55 113 776 416 55 69
internal_value=0.000607946 0.000374191 0.000663976 0.000416013 0.00232599 -0.00191837 0.000505529 0.000337585 -0.00100052 0.000540863 -0.000862044 -0.00591667 -0.000115524 0.000380231 -0.000438854 -0.00215848 -0.00123742 0.00106357 -0.000740396 -0.00296918 -0.00102304 -0.000501206 -0.000701904 -0.00172438 -0.00317132 -0.00720229 -0.000198409 -0.00116129 -0.00540541 -0.00386577
internal_weight=40547 35692 22423 17984 4855 146 17090 14502 1912 12590 1398 107 13269 5806 1291 1343 913 3161 858 291 216 7463 6564 2165 787 261 4399 526 110 148
internal_count=40547 35692 22423 17984 4855 146 17090 14502 1912 12590 1398 107 13269 5806 1291 1343 913 3161 858 291 216 7463 6564 2165 787 261 4399 526 110 148
is_linear=0
shrinkage=0.03


Tree=136
num_leaves=31
num_cat=0
split_feature=24 11 6 0 17 23 16 28 28 14 27 39 28 22 29 11 14 16 2 35 36 16 27 27 27 35 28 8 27 32
split_gain=18.3074 5.19317 2.93447 2.45961 2.47489 2.45066 2.32783 4.04566 7.34238 8.71386 3.48678 2.51695 3.19474 2.31419 2.73069 2.43713 2.56111 2.20735 2.37678 2.20145 2.56245 1.93947 1.9043 2.65101 3.36693 4.40012 2.69052 3.9871 3.37524 3.26387
threshold=217.79500000000004 102.56500000000001 4.4074889867841422 16.500000000000004 7978.2808950000008 5.5000000000000009 1945.1013706969004 40512.199687500011 40216.750000000007 120.00750000000001 40651.857343750009 -15.635000000000003 42444.937500000007 1.0000000180025095e-35 186.39875000000004 160.60500000000005 378.58500000000009 5562.0051106596266 7.5000000000000009 -3.5774999999999992 -4.6937500000000005 6268.9166217460543 52629.510416666679 46660.904895833337 48762.773020833338 12.59625 47073.437500000007 0.13750000000000004 47943.458333333336 69.182500000000019
decision_type=10 10 2 2 10 2 8 10 10 10 10 10 10 2 10 10 10 8 2 10 10 10 10 8 10 10 8 2 10 8
left_child=1 6 -3 4 5 -4 7 8 10 -10 -1 22 17 15 -15 16 -2 19 -19 20 -13 -5 23 -8 26 -26 -25 28 29 -28
right_child=13 2 3 21 -6 -7 11 -9 9 -11 -12 12 -14 14 -16 -17 -18 18 -20 -21 -22 -23 -24 24 25 -27 27 -29 -30 -31
leaf_value=0.025038959259852445 0.23685342599010129 0.25126212684726723 0.065768166191362151 0.21657230757361406 -0.16727673534730703 -0.085118079685755091 -0.0087415055979914169 0.10639025046003865 -0.37521182955638671 0.26167689696559338 -0.15335156860585147 0.003655446338773845 -0.019695504583742109 -0.49274553931151366 0.22966106103293862 1.018469761677097 -0.4949441367249241 0.11740205399273378 -0.017578207214668129 0.04841259845055302 -0.34713014853770663 -0.0093432456886193681 0.23125810900458815 -0.032962979171322099 0.010159927490504306 -0.86914251385688757 -0.0038802400629157118 -0.02733810193336856 -0.28608067652782082 -0.32951742513921217
leaf_weight=2017 120 1191 4794 3370 47 1382 11556 2377 63 40 96 41 2074 44 61 4873 42 2895 906 117 50 534 342 289 859 42 73 172 55 100
leaf_count=2017 120 1191 4794 3370 47 1382 11556 2377 63 40 96 41 2074 44 61 4873 42 2895 906 117 50 534 342 289 859 42 73 172 55 100
internal_value=0.000596854 0.000354423 0.000884707 0.000718898 0.00034849 0.000401166 0.000106021 0.000713757 -0.00020839 -0.00799038 0.000174551 -3.66339e-05 0.000469921 0.00226999 -0.00212264 0.00236199 -0.00125153 0.000964339 0.00112914 -0.00203828 -0.00551087 0.00130909 -0.000265105 -0.000322659 -0.00147077 -0.000262749 -0.00304783 -0.0046384 -0.00723144 -0.00512069
internal_weight=40622 35482 11318 10127 6223 6176 24164 4593 2216 103 2113 19571 6083 5140 105 5035 162 4009 3801 208 91 3904 13488 13146 1590 901 689 400 228 173
internal_count=40622 35482 11318 10127 6223 6176 24164 4593 2216 103 2113 19571 6083 5140 105 5035 162 4009 3801 208 91 3904 13488 13146 1590 901 689 400 228 173
is_linear=0
shrinkage=0.03


Tree=137
num_leaves=31
num_cat=0
split_feature=30 18 25 8 15 15 7 0 15 27 12 16 13 12 38 13 15 27 11 27 6 13 11 25 6 11 25 25 25 18
split_gain=17.5512 6.37168 7.56094 6.91586 4.6331 4.38692 3.61772 3.55715 3.53646 5.12922 5.064 4.27752 4.71462 3.33543 3.30703 4.35732 3.39449 5.71047 5.08131 3.01112 3.76658 4.57689 2.9912 2.93334 4.38315 2.75571 2.95125 2.86125 3.52258 5.28854
threshold=222.29000000000005 1.0000000180025095e-35 71.722916666666677 654.24375000000009 213.82187500000003 41.885000000000005 4.3975694444444455 17.500000000000004 21.927291666666672 44243.867395833346 44.237916666666671 6838.8702981904416 0.85125000000000017 41.885000000000005 103.41375000000001 84.105000000000018 122.58145833333334 37483.187812500008 202.97000000000003 32040.500000000004 4.995814977973569 29.535000000000004 152.74500000000003 16.261927083333337 12.318942731277534 104.67500000000003 74.771458333333342 86.119166666666686 81.049791666666678 1.5000000000000002
decision_type=10 2 10 2 10 8 2 2 8 10 10 8 10 10 10 10 10 10 10 10 2 10 10 8 2 10 10 10 10 2
left_child=1 2 8 5 13 -3 -4 19 9 11 -11 -1 -13 -5 15 16 23 18 -18 -8 -21 -22 -2 24 -7 26 -25 28 -28 -30
right_child=22 3 6 4 -6 14 7 -9 -10 10 -12 12 -14 -15 -16 -17 17 -19 -20 20 21 -23 -24 25 -26 -27 27 -29 29 -31
leaf_value=0.013446623099829585 -0.073735731788033776 0.039258132820104631 0.21280851001605403 -0.82257804290261038 -1.1143343056280863 0.0047546503753979974 0.27105745913038026 0.17471586241834472 0.0064408947057265414 -0.023211341904773412 -0.78153422703528264 -0.05460041324834259 -0.66874496327764343 -0.12475990198274055 -0.51596887445423523 0.11093475077599507 -0.77698730143219108 -0.084747173665311079 -0.077206424724658246 0.1344796391372787 0.091427062361216282 -0.057478452271316448 1.1246240750422665 -0.012272902862502951 -0.25673902896608092 0.10168297763850016 -0.11957456359985606 -0.055255479047060498 -0.23850618519899469 -0.84918263064654675
leaf_weight=671 241 3506 4522 152 40 52 1300 2919 8292 57 42 240 79 380 248 1909 72 280 52 1065 1556 4068 4028 2563 43 809 506 608 91 74
leaf_count=671 241 3506 4522 152 40 52 1300 2919 8292 57 42 240 79 380 248 1909 72 280 52 1065 1556 4068 4028 2563 43 809 506 608 91 74
internal_value=0.000568996 0.000354394 0.000624013 -0.000233181 -0.00344503 -6.29738e-05 0.00103234 0.000736456 -4.76443e-05 -0.00165413 -0.00813 -0.000998991 -0.00385312 -0.00269043 -0.000481527 -0.000361615 -0.000815376 -0.00345185 -0.008784 0.000408886 0.000152018 -0.000157867 0.00238806 -0.000590267 -0.00578125 -0.000483018 -0.000818111 -0.00199453 -0.00334375 -0.00713855
internal_weight=40465 36196 24811 11385 572 10813 15430 10908 9381 1089 99 990 319 532 7307 7059 5150 404 124 7989 6689 5624 4269 4746 95 4651 3842 1279 671 165
internal_count=40465 36196 24811 11385 572 10813 15430 10908 9381 1089 99 990 319 532 7307 7059 5150 404 124 7989 6689 5624 4269 4746 95 4651 3842 1279 671 165
is_linear=0
shrinkage=0.03


Tree=138
num_leaves=31
num_cat=0
split_feature=9 5 27 38 17 26 16 13 26 7 38 13 5 4 32 0 4 11 6 24 33 6 11 18 0 28 11 27 15 4
split_gain=17.0232 6.03253 5.39585 5.6193 3.43557 3.52472 3.3458 5.4518 5.34461 3.33528 4.40739 4.09317 4.27074 4.72167 3.2083 2.98878 2.81078 2.81067 2.71526 2.58374 2.53499 2.38879 2.36116 2.35659 4.10788 5.61898 2.66901 2.62545 2.57358 2.76077
threshold=228.41500000000005 57402.125000000007 31804.515520833334 97.111250000000027 5060.1207300000015 28415.812500000004 6108.2332881863304 98.261250000000018 49008.500000000007 5.9114583333333348 29.065000000000005 115.22000000000001 50050.312500000007 257.50000000000006 -0.0087499999999999991 17.500000000000004 52.500000000000007 170.76500000000001 15.741409691629956 19.393750000000004 113.81500000000001 12.237004405286347 133.87750000000003 1.0000000180025095e-35 6.5000000000000009 31710.625000000004 51.055000000000007 40270.599375000005 11.199583333333335 162.50000000000003
decision_type=10 2 10 10 8 10 10 10 10 2 10 10 2 2 10 2 2 10 2 10 10 2 10 2 2 10 10 10 10 2
left_child=1 2 4 9 5 -1 20 -8 -9 10 15 19 13 -13 -12 23 -14 -2 21 -11 -3 22 -5 28 -25 -26 -27 -28 29 -4
right_child=17 6 3 18 -6 -7 7 8 -10 11 14 12 16 -15 -16 -17 -18 -19 -20 -21 -22 -23 -24 24 25 26 27 -29 -30 -31
leaf_value=-0.20773263720359855 -0.039365802034831018 0.026549184162174746 -0.0029283316115933343 -0.32459876958261014 0.15059769374410834 0.00095936486719126626 0.020937402300136354 0.10932567929780906 -0.37570871436155917 0.0202652420906867 -0.33014959647692804 -0.26762472871522458 -1.1261698913262073 -1.2102480874216024 -0.091845935750483887 0.13810978264315862 0.24443839423335692 1.1572838012190236 -0.92158315307026584 -0.032371716866166966 0.23402366849383724 0.11181462061279301 -0.53914133804521447 0.06975540063460775 -0.4817767620066743 -0.0058308502308615185 -0.27890454236412843 -0.01392442517669089 0.040870432059716084 -0.17930617527502601
leaf_weight=66 324 2581 107 107 3373 255 1222 42 52 1805 53 47 45 50 854 2829 129 4335 79 7028 3990 82 55 1558 48 1487 439 343 6931 62
leaf_count=66 324 2581 107 107 3373 255 1222 42 52 1805 53 47 45 50 854 2829 129 4335 79 7028 3990 82 55 1558 48 1487 439 343 6931 62
internal_value=0.000656629 0.000434127 0.000226566 6.31345e-05 0.00129418 -0.0016677 0.00116646 -0.000214123 -0.00713684 0.000116518 0.000395799 -0.000334761 -0.00395956 -0.00896939 -0.00162885 0.000528939 -0.00113143 0.00236202 -0.00386111 -0.000223115 0.00144294 -0.00227755 -0.00438037 0.000304756 -0.000290248 -0.00109103 -0.000873568 -0.00229119 0.000629489 -0.00301765
internal_weight=40378 35719 27832 24138 3694 321 7887 1316 94 23815 14711 9104 271 97 907 13804 174 4659 323 8833 6571 244 162 10975 3875 2317 2269 782 7100 169
internal_count=40378 35719 27832 24138 3694 321 7887 1316 94 23815 14711 9104 271 97 907 13804 174 4659 323 8833 6571 244 162 10975 3875 2317 2269 782 7100 169
is_linear=0
shrinkage=0.03


Tree=139
num_leaves=31
num_cat=0
split_feature=9 1 16 14 8 15 7 12 40 16 38 4 29 16 5 29 12 5 4 3 12 1 0 27 31 10 0 14 25 4
split_gain=16.2228 4.50405 4.84061 4.2432 4.13468 5.49317 4.04199 4.14035 3.5234 5.87637 3.49955 2.92517 2.78286 2.76973 2.90609 5.14572 2.69577 3.17377 2.69007 2.66638 6.69952 2.60041 2.57207 2.50565 2.47718 2.4543 3.08971 4.9885 9.44842 3.43355
threshold=228.41500000000005 1.5000000000000002 2932.6888682360218 41.100000000000009 519.89375000000007 237.64000000000001 5.8489583333333348 111.16937500000002 11.089999999999987 4926.6915136746147 0.49000000000000105 174.50000000000003 -15.628749999999998 6194.6877493118373 36766.687500000007 119.09250000000002 17.516145833333336 44701.437500000007 245.50000000000003 1.0000000180025095e-35 104.33833333333335 4.5000000000000009 11.500000000000002 37668.578020833338 160.16000000000005 -1.0000000180025095e-35 4.5000000000000009 102.21000000000002 92.663125000000022 46.500000000000007
decision_type=10 2 10 10 2 10 2 10 10 10 8 2 10 8 2 10 10 2 2 2 10 2 2 10 10 10 2 10 8 2
left_child=1 2 3 -1 6 12 7 10 13 -10 22 24 -6 -8 15 -15 17 -13 -14 25 -21 -2 -3 -16 -4 -5 27 28 29 -27
right_child=21 4 11 19 5 -7 8 -9 9 -11 -12 16 18 14 23 -17 -18 -19 -20 20 -22 -23 -24 -25 -26 26 -28 -29 -30 -31
leaf_value=-0.073036261501203528 1.2460281952175871 0.0081975352153485642 -0.03816180895260652 -0.031432734246566466 -0.97502702873654656 -1.2436352310326781 0.077848225981301963 0.19668100816486034 -0.13321207576297958 -0.39953120303657708 -0.034755845326550544 -0.10869409975932118 -0.011127174105556904 -0.069310422615958212 0.064832201226645583 -0.59836148822780399 0.072480743929081756 0.035332245163893453 -0.34670344732495695 0.051208463956065965 -0.39333136760778203 0.45922311752947154 0.11986820719978833 -0.021007184973956875 -0.33582913279107207 -0.20840038299085936 0.2345899581944314 0.18521233146587085 -0.81350175736366093 0.030596557470798678
leaf_weight=167 3341 4316 1055 511 115 46 1597 3688 257 40 1984 64 2307 378 2038 71 1262 81 212 233 77 1262 2512 5780 61 86 5432 1154 46 317
leaf_count=167 3341 4316 1055 511 115 46 1597 3688 257 40 1984 64 2307 378 2038 71 1262 81 212 233 77 1262 2512 5780 61 86 5432 1154 46 317
internal_value=0.000606061 0.000390966 0.000911918 0.00127231 0.000174138 -0.000939948 0.000305931 0.000667147 -0.000138457 -0.00335235 0.000313855 -0.000234152 -0.000758254 -4.13582e-05 -0.000262337 -0.00260667 0.000675426 -0.00318493 -0.000548809 0.00137304 -0.00135048 0.00228258 0.000636111 -0.000127382 -0.00138048 0.00148509 0.0016309 0.000473192 -0.00220667 -0.000720297
internal_weight=40490 35887 10546 8023 25341 2680 22661 12500 10161 297 8812 2523 2634 9864 8267 449 1407 145 2519 7856 310 4603 6828 7818 1116 7546 7035 1603 449 403
internal_count=40490 35887 10546 8023 25341 2680 22661 12500 10161 297 8812 2523 2634 9864 8267 449 1407 145 2519 7856 310 4603 6828 7818 1116 7546 7035 1603 449 403
is_linear=0
shrinkage=0.03


Tree=140
num_leaves=31
num_cat=0
split_feature=11 1 30 38 7 8 2 9 4 4 40 16 0 4 9 34 6 40 15 15 8 13 13 14 6 12 27 16 12 1
split_gain=17.7611 5.09227 3.79552 3.37767 3.36173 3.5121 2.94966 2.90517 3.22937 3.36649 2.79153 4.98961 2.86728 4.0499 3.43977 4.17115 2.99779 2.96272 2.72707 5.67924 2.53033 2.52399 6.32416 2.52264 3.50894 2.51883 2.51767 3.36289 2.50958 2.44796
threshold=158.94500000000002 4.5000000000000009 280.32000000000005 69.177500000000009 4.3975694444444455 477.04375000000005 6.5000000000000009 217.97500000000002 279.50000000000006 282.50000000000006 12.435000000000004 5205.1783118534104 16.500000000000004 339.50000000000006 104.79625000000001 89.685000000000016 10.625770925110134 -60.046249999999993 105.28270833333335 111.44729166666669 524.60000000000002 220.01500000000001 153.17000000000004 227.77750000000003 7.2411894273127766 24.694791666666671 41578.708333333336 4406.8176425525735 161.76687500000003 1.0000000180025095e-35
decision_type=10 2 10 10 2 2 2 10 2 2 10 10 2 2 10 10 2 10 10 10 2 10 10 10 2 10 10 8 8 2
left_child=4 7 3 20 5 -1 -5 8 -2 -10 12 -12 16 25 15 -15 26 18 -18 -20 23 22 -8 24 -3 -14 -6 -28 -7 -19
right_child=1 2 -4 6 10 28 21 -9 9 -11 11 -13 13 14 -16 -17 17 29 19 -21 -22 -23 -24 -25 -26 -27 27 -29 -30 -31
leaf_value=0.084122326495062141 0.35261941074091968 -1.2740995346787423 1.5055125333412578 0.46020093523094274 0.056388756611090031 -0.0043220950510503642 -0.11421288286494652 1.0514655765106571 -1.173330569947602 0.038517076291110702 -0.098001207900343862 -0.57058222798534897 -0.02780766788467829 -0.15066499174707576 -0.37464259488030166 0.089032444728752366 0.029425214015318932 0.032735818436143913 -0.10295548586250013 -0.013559127975434935 -0.9815031830094294 -0.2712144607403903 -1.4017203047115356 0.45346526464930925 -0.030084461939997791 0.079856816914561188 0.15731460125430882 -0.021076877052434665 -0.68408428057878501 -0.073455448115900587
leaf_weight=6940 2257 40 633 83 2295 1803 89 3544 47 911 648 66 866 59 58 185 1583 1086 40 241 58 70 55 648 352 5509 828 3357 85 6017
leaf_count=6940 2257 40 633 83 2295 1803 89 3544 47 911 648 66 866 59 58 185 1583 1086 40 241 58 70 55 648 352 5509 828 3357 85 6017
internal_value=0.000580882 0.00177412 0.000455397 -0.000419054 0.000249724 0.000746857 -0.00325168 0.00216967 0.00151586 5.63088e-05 5.75333e-05 -0.00178741 0.000117153 0.000636568 -0.00275248 -0.00117551 -0.000107392 -0.000462645 0.000601609 -0.00211702 0.000349409 -0.00510698 -0.00736552 0.000691643 -0.00120611 0.000797522 0.0003842 -5.37505e-05 -0.000400212 -0.000741976
internal_weight=40453 8787 2028 1395 31666 8828 297 6759 3215 958 22838 714 22124 6677 302 244 15447 8967 1864 281 1098 214 144 1040 392 6375 6480 4185 1888 7103
internal_count=40453 8787 2028 1395 31666 8828 297 6759 3215 958 22838 714 22124 6677 302 244 15447 8967 1864 281 1098 214 144 1040 392 6375 6480 4185 1888 7103
is_linear=0
shrinkage=0.03


Tree=141
num_leaves=31
num_cat=0
split_feature=24 11 7 5 16 28 38 13 14 26 13 13 13 13 1 24 14 12 1 6 14 16 28 15 13 13 12 9 5 25
split_gain=17.4444 4.86198 3.14869 5.29332 3.58871 4.74839 2.86507 3.13116 3.05453 3.00217 2.55481 4.28823 2.4139 5.9936 8.96036 4.80639 2.44898 5.12202 2.5187 2.41306 2.31513 2.99015 3.66265 3.82119 9.17894 2.71866 2.56702 3.46573 2.36896 2.65674
threshold=217.79500000000004 102.56500000000001 5.7656250000000018 35812.625000000007 4766.0606792502031 49955.312500000007 26.445000000000004 54.595000000000006 269.8300000000001 31967.200000000001 155.99500000000003 153.17000000000004 49.185000000000009 50.245000000000012 4.5000000000000009 80.126250000000013 90.00500000000001 69.39104166666668 5.5000000000000009 16.679955947136573 117.00500000000001 8309.5755768749532 37060.552500000013 97.734375000000014 15.465000000000002 -0.96874999999999989 71.37541666666668 62.340000000000011 41305.187500000007 9.5979687500000015
decision_type=10 10 2 2 10 10 10 8 10 10 10 10 10 10 2 10 10 10 2 2 10 8 10 10 8 10 10 10 2 10
left_child=1 6 4 19 -3 -6 7 12 -8 -10 11 -2 20 14 15 -14 -15 -18 -19 -4 28 -22 25 26 -25 -23 27 -24 29 -1
right_child=10 2 3 -5 5 -7 8 -9 9 -11 -12 -13 13 16 -16 -17 17 18 -20 -21 21 22 23 24 -26 -27 -28 -29 -30 -31
leaf_value=0.047101398588509119 0.32465626796015229 0.19243989734467196 -0.22210530734943504 0.034663728965889311 -0.0084560187039478974 -0.35812326328065941 -0.029439389385556836 0.062688767885784785 -0.15027325148717491 -0.89957266297375627 1.0602565974650651 -1.373218763481749 -0.77036441405007827 0.13109163322378137 0.075375001906003408 -0.81649462062314182 -0.37298680583543875 0.050864519600016637 -0.43623009568458859 -0.59562317448624158 0.069582887408467867 -0.75100202243805803 -0.013677490221642004 -0.0201555229103259 -1.3401138441555971 0.22113727026744032 0.059405256557057362 -0.41748224782533122 0.0061199149911751755 -0.047751649055691396
leaf_weight=377 1148 5728 69 5170 164 40 3017 5154 41 41 4009 56 55 239 94 78 59 341 51 42 2592 44 160 79 40 519 347 78 7487 3289
leaf_count=377 1148 5728 69 5170 164 40 3017 5154 41 41 4009 56 55 239 94 78 59 341 51 42 2592 44 160 79 40 519 347 78 7487 3289
internal_value=0.000573863 0.000335207 0.000851525 0.000318629 0.0013258 -0.00257561 9.57699e-05 0.000220973 -0.000755806 -0.00643373 0.0021939 0.000980913 1.29945e-05 -0.00148039 -0.00569737 -0.0106791 -8.68306e-05 -0.00138717 -0.000137404 -0.00613393 0.00010431 0.000737565 -0.000456624 -0.00189787 -0.006775 0.00134574 -0.000895904 -0.0032887 -0.000114847 -0.000739569
internal_weight=40608 35395 11213 5281 5932 204 24182 21083 3099 82 5213 1204 15929 917 227 133 690 451 392 111 15012 3859 1267 704 119 563 585 238 11153 3666
internal_count=40608 35395 11213 5281 5932 204 24182 21083 3099 82 5213 1204 15929 917 227 133 690 451 392 111 15012 3859 1267 704 119 563 585 238 11153 3666
is_linear=0
shrinkage=0.03


Tree=142
num_leaves=31
num_cat=0
split_feature=9 32 7 41 1 0 12 11 38 5 36 39 12 16 5 18 0 17 39 38 38 5 30 32 34 10 32 36 5 10
split_gain=15.8026 7.3569 5.26422 4.05475 3.06857 4.46925 4.40809 4.32421 3.95134 3.56251 2.86241 2.8053 2.77849 2.96108 2.74837 2.65683 2.64617 2.71233 3.62476 2.62702 2.5128 2.93404 2.37206 2.19672 2.18138 2.17398 2.1176 2.06994 2.2058 2.1414
threshold=272.52000000000004 147.62500000000003 10.071180555555559 7687.9710689938156 1.0000000180025095e-35 4.5000000000000009 25.359479166666667 127.61125000000001 22.735000000000003 49506.250000000007 -25.209999999999983 -69.804999999999993 64.750833333333347 7262.5431270269191 53003.125000000007 1.0000000180025095e-35 15.500000000000002 325.70775500000008 -41.094999999999978 137.78875000000002 -32.894999999999996 38901.812500000007 174.89500000000001 109.43500000000002 50.905000000000008 71.185000000000016 0.35750000000000004 0.012500000000001512 34554.750000000007 -7.7899999999999991
decision_type=10 10 2 10 2 2 10 8 8 2 10 10 10 10 2 2 2 10 10 10 8 2 10 10 8 10 10 10 2 10
left_child=1 3 15 4 5 7 10 20 16 19 11 -7 13 -11 -4 -3 17 -6 27 -10 21 23 26 -1 -22 -18 -5 28 -19 -29
right_child=-2 2 14 22 8 6 -8 -9 9 12 -12 -13 -14 -15 -16 -17 25 18 -20 -21 24 -23 -24 -25 -26 -27 -28 29 -30 -31
leaf_value=0.082948063926967075 1.8653638658213538 0.35474910430598622 -0.56045164169204831 -0.16855431242891553 0.012618974207383095 -0.049522633336448359 0.27503171623333911 -0.85305622354902988 -0.11816494651243382 -0.034529168260188488 0.018815883878866242 -0.59707917947748124 0.034891671073039435 -0.39552039361827668 -0.17228967974061346 0.095157375282606857 0.0015003608632890393 -0.13099642024632963 -0.24316887376841759 -0.91563932372777757 -0.068216925254042007 -0.75479651945824577 -0.27855293162991751 -0.93671679468037328 0.051201985262434767 0.096721992945884683 0.16439526015959252 -1.2990973119568117 0.010240888372891421 -0.063544021493909864
leaf_weight=97 3225 3971 42 72 10541 176 2542 74 1764 582 591 42 2349 100 131 1667 2504 60 737 88 114 42 63 41 579 3718 1710 71 2027 553
leaf_count=97 3225 3971 42 72 10541 176 2542 74 1764 582 591 42 2349 100 131 1667 2504 60 737 88 114 42 63 41 579 3718 1710 71 2027 553
internal_value=0.000594652 0.000419283 0.00139935 0.000236923 0.000151261 0.000891835 0.00140603 -0.000927215 2.43874e-05 -0.0007414 -0.000522222 -0.00345205 -0.000107849 -0.00179209 -0.00374138 0.00155772 0.00020943 -1.95138e-05 -0.000749782 -0.00177766 -0.000332952 -0.00348066 0.00160076 -0.00133813 0.000488473 0.000724088 0.0018037 -0.000242257 0.000211207 -0.0017568
internal_weight=40273 37048 5811 31237 29392 4298 3351 947 25094 4883 809 218 3031 682 173 5638 20211 13989 3448 1852 873 180 1845 138 693 6222 1782 2711 2087 624
internal_count=40273 37048 5811 31237 29392 4298 3351 947 25094 4883 809 218 3031 682 173 5638 20211 13989 3448 1852 873 180 1845 138 693 6222 1782 2711 2087 624
is_linear=0
shrinkage=0.03


Tree=143
num_leaves=31
num_cat=0
split_feature=24 32 41 27 27 9 38 28 17 10 0 1 32 1 17 1 27 4 11 27 6 38 4 27 24 25 27 29 27 6
split_gain=16.2647 4.18701 3.40947 3.2228 2.55687 2.98112 5.68042 3.1446 2.82368 2.81973 2.52052 2.30429 3.73185 3.43667 2.30291 3.54819 2.2044 6.44846 3.10598 2.75439 3.10694 3.47995 2.70605 8.40694 5.34691 3.75551 6.0313 2.77527 2.75833 2.81344
threshold=236.01500000000001 147.62500000000003 8671.3491436982094 55427.884739583344 31804.515520833334 195.16000000000003 132.15000000000006 40684.750000000007 5060.1207300000015 3.5550000000000002 14.500000000000002 4.5000000000000009 103.33125000000001 5.5000000000000009 2.0394400000000004 1.5000000000000002 34068.604166666672 84.500000000000014 105.18500000000002 37668.578020833338 14.083920704845818 37.255000000000003 260.50000000000006 38450.458333333336 65.003750000000011 112.99098958333336 40606.250000000007 -15.628749999999998 43327.551093750008 7.4270925110132167
decision_type=10 10 10 10 8 10 10 10 8 10 2 2 10 2 8 2 8 2 10 10 2 10 2 10 10 10 10 10 10 2
left_child=1 2 3 4 8 10 7 -7 9 -1 14 -2 13 -13 -6 -16 17 -17 19 20 -18 -22 27 -24 -25 26 -26 -21 -28 -30
right_child=11 -3 -4 -5 5 6 -8 -9 -10 -11 -12 12 -14 -15 15 16 18 -19 -20 22 21 -23 23 24 25 -27 28 -29 29 -31
leaf_value=-0.18271379904310853 1.2957638259674427 0.20621228519430354 0.16140514464468247 -0.35348373521743737 0.022290992712960051 -1.163424667885 0.38368271257172942 -0.04899548740970136 0.11785270254903631 0.0094560499788142269 0.026894051097087521 -1.3819569188924608 0.60242130799828064 0.67760703288618396 0.027911971470386775 -0.63788382064899873 0.12311778524391544 -0.068608291740823155 0.059799384891858508 -1.2039910676741776 -0.042037138584187624 -0.8296969377826835 -0.7129834411977044 0.020782207507432725 -1.0612294062273071 0.17330835115646392 0.15838539923283551 -0.029576438135244385 -0.23406900284479737 -0.23819767680470769
leaf_weight=87 3404 5082 1552 52 4523 48 96 44 2351 195 9697 46 802 40 3316 49 680 613 1277 67 880 41 114 540 74 104 64 4553 53 134
leaf_count=87 3404 5082 1552 52 4523 48 96 44 2351 195 9697 46 802 40 3316 49 680 613 1277 67 880 41 114 540 74 104 64 4553 53 134
internal_value=0.000554326 0.000347728 0.000217658 0.000145888 0.000159116 7.19743e-05 -0.00368254 -0.00896774 0.00105125 -0.00178092 9.84691e-05 0.00230049 0.000938133 -0.00496552 -0.000120822 -0.000329857 -0.000631869 -0.00229864 -0.000503029 -0.000741684 0.000357678 -0.000777657 -0.00105032 -0.00239945 -0.00148763 -0.00398372 -0.00556748 -0.000733607 -0.00332143 -0.00515426
internal_weight=40578 36286 31204 29652 29600 26967 188 92 2633 282 26779 4292 888 86 17082 12559 9243 662 8581 7304 1601 921 5703 1083 969 429 325 4620 251 187
internal_count=40578 36286 31204 29652 29600 26967 188 92 2633 282 26779 4292 888 86 17082 12559 9243 662 8581 7304 1601 921 5703 1083 969 429 325 4620 251 187
is_linear=0
shrinkage=0.03


Tree=144
num_leaves=31
num_cat=0
split_feature=11 30 7 24 40 16 16 5 41 32 28 32 5 26 38 5 26 22 13 5 8 25 38 39 12 38 8 41 7 14
split_gain=16.5977 3.92048 3.77862 4.98916 3.70783 6.50024 3.31198 3.1221 4.24878 4.20053 2.8706 4.13093 2.83327 2.773 2.74411 3.40337 2.4921 2.31102 2.95256 2.32541 3.84853 2.20956 2.37237 2.08277 2.00629 2.38971 1.97407 2.27564 2.05079 2.90718
threshold=200.00500000000002 222.29000000000005 5.8281250000000027 76.175000000000026 11.089999999999987 5205.1783118534104 4655.694721084692 35812.625000000007 -6429.3584651195806 102.105 49955.312500000007 76.35250000000002 34554.750000000007 33532.777500000004 21.975000000000001 49000.062500000007 37479.872500000005 1.0000000180025095e-35 76.220000000000013 43066.312500000007 438.38750000000005 99.46583333333335 83.830000000000027 -10.169999999999996 26.085208333333338 29.890000000000011 281.11875000000003 -790.94980158990427 11.862847222222227 145.47000000000003
decision_type=10 8 2 10 10 10 10 2 8 10 10 10 2 10 10 2 10 2 8 2 2 10 10 10 10 10 2 10 2 10
left_child=2 17 3 24 7 23 12 8 -4 -10 -8 -12 16 -11 -14 -16 -5 19 -19 20 -2 22 -17 -6 -1 -26 28 -28 -9 -30
right_child=1 -3 4 6 5 -7 10 26 9 13 11 -13 14 -15 15 21 -18 18 -20 -21 -22 -23 -24 -25 25 -27 27 -29 29 -31
leaf_value=-0.035020020465285566 0.036541151687414966 1.1498991265298453 0.021464785473622069 0.0073267308718991736 0.093403582480627731 -0.36845264937603694 -0.0085315043726722339 0.018796952447513501 -0.096072809753721802 -0.36434545156690451 0.079757766184188339 -0.4562908676314188 0.1763833880924901 -1.1251143090659295 -0.22981586003214058 -0.0011013026709568278 -0.60976099604936307 0.045144411332849979 -0.54180817837698791 0.36436082266863384 -0.75304236398498159 0.19236515850307415 -0.63310354967076687 -0.30648337883362509 0.020030979884648567 -0.095850483938030168 -0.017179744287807119 -0.083140957588148379 -0.021393820769476917 -0.29388690260064509
leaf_weight=1561 317 3720 266 281 221 60 353 10518 289 48 43 67 8116 66 513 210 109 129 83 1720 40 963 44 202 7109 565 2517 144 168 46
leaf_count=1561 317 3720 266 281 221 60 353 10518 289 48 43 67 8116 66 513 210 109 129 83 1720 40 963 44 202 7109 565 2517 144 168 46
internal_value=0.000556299 0.00201115 0.000302697 0.000570956 -6.49662e-05 -0.00264669 0.00101187 2.38926e-05 -0.00197463 -0.00391337 -0.00146767 -0.00567568 0.00112416 -0.00876522 0.00122352 0.000138648 -0.00138107 0.00103362 -0.00194366 0.00133831 -0.000863128 0.00100246 -0.00148235 -0.00132311 6.00911e-05 0.000259544 0.000123862 -0.000607438 0.000305227 -0.00259535
internal_weight=40488 6009 34479 19934 14545 483 10699 14062 669 403 463 110 10236 114 9846 1730 390 2289 212 2077 357 1217 254 423 9235 7674 13393 2661 10732 214
internal_count=40488 6009 34479 19934 14545 483 10699 14062 669 403 463 110 10236 114 9846 1730 390 2289 212 2077 357 1217 254 423 9235 7674 13393 2661 10732 214
is_linear=0
shrinkage=0.03


Tree=145
num_leaves=31
num_cat=0
split_feature=11 22 11 18 15 16 40 7 0 0 40 35 35 7 14 12 15 40 10 7 17 32 34 36 15 15 13 10 36 0
split_gain=15.1595 4.57762 3.72558 4.66249 4.20711 4.0116 4.57325 3.16563 3.03594 3.73609 5.09302 2.98598 2.94611 2.82298 5.42301 2.68685 4.77939 3.72275 3.15315 2.69265 2.64923 2.56726 2.53157 2.42713 2.41823 4.47743 2.3759 3.71203 2.34811 2.26796
threshold=197.64875000000004 1.0000000180025095e-35 76.605000000000004 1.0000000180025095e-35 210.63687500000006 4817.2224583123416 11.089999999999987 6.8732638888888902 16.500000000000004 5.5000000000000009 3.5549999999999788 7.6737499999999992 2.8049999999999895 8.3385416666666696 235.02500000000003 86.420260416666693 81.293541666666684 -55.677499999999981 88.00500000000001 3.9722222222222232 7290.4459649999999 214.68500000000003 175.12500000000003 1.0000000180025095e-35 74.304300000000012 75.893906250000015 170.73000000000005 410.13500000000005 1.2200000000000097 16.500000000000004
decision_type=10 2 10 2 10 10 10 2 2 2 10 10 10 2 10 10 8 10 10 2 10 10 10 10 10 10 10 10 10 2
left_child=2 26 15 5 7 13 22 8 9 -5 -11 12 -12 20 -15 16 -1 -18 19 -19 -4 -9 -7 -21 -17 -26 27 -2 -16 -22
right_child=1 -3 3 4 -6 6 -8 21 -10 10 11 -13 -14 14 28 24 17 18 -20 23 29 -23 -24 -25 25 -27 -28 -29 -30 -31
leaf_value=0.00065784781194351777 0.26259144132253742 -0.14443870583842647 0.17159721277688575 0.15333933783756637 -0.75897718177944817 0.0082679535261910696 -0.42204502970696361 -0.059428899949421882 0.19139754031024325 -0.022686655809291748 -0.14127931282525852 -0.2423329779554243 -0.38087125556209844 0.014471838690349266 -0.7795051218222564 0.12267412678866514 0.012939013035824377 0.092716238520380648 -0.89451709342062058 -0.11814081898078407 -0.16781412158603221 -0.56060132104507565 -0.30672635024943518 -0.203141425686509 -0.7741555667226262 0.019666513625065881 0.92161877527939684 -1.3760965817441571 -0.26672345928859198 0.25635922223455132
leaf_weight=12798 2059 263 9852 889 136 1955 48 1033 1180 963 41 140 49 633 44 1957 253 133 50 355 134 40 74 126 62 1192 3840 43 43 84
leaf_count=12798 2059 263 9852 889 136 1955 48 1033 1180 963 41 140 49 633 44 1957 253 133 50 355 134 40 74 126 62 1192 3840 43 43 84
internal_value=0.00060556 0.00196987 0.000358442 0.000667513 -0.000167039 0.000957492 -0.000249759 -3.4593e-06 0.000461539 -0.000227556 -0.00132412 -0.00532468 -0.00956044 0.00118988 -0.000624133 4.18268e-05 -0.000141076 -0.00223203 -0.00341053 -0.00280976 0.00131963 -0.0014162 -3.10344e-05 -0.0038527 0.000822852 -0.000205578 0.00214134 0.00132953 -0.00760227 -0.00194521
internal_weight=40469 6205 34264 17338 4471 12867 2077 4335 3262 2082 1193 230 90 10790 720 16926 13715 917 664 614 10070 1073 2029 481 3211 1254 5942 2102 87 218
internal_count=40469 6205 34264 17338 4471 12867 2077 4335 3262 2082 1193 230 90 10790 720 16926 13715 917 664 614 10070 1073 2029 481 3211 1254 5942 2102 87 218
is_linear=0
shrinkage=0.03


Tree=146
num_leaves=31
num_cat=0
split_feature=9 6 7 38 11 15 16 25 13 8 4 40 34 7 37 8 7 9 0 4 4 6 6 3 15 6 38 8 1 26
split_gain=15.5746 5.06179 4.19587 3.77856 4.66358 3.09409 2.90494 4.75824 2.82848 2.74931 2.66971 4.43634 2.73652 2.69263 4.23233 2.59275 2.4793 2.79416 3.31191 2.36052 4.00495 3.00734 4.08201 2.33959 2.25136 2.33697 2.28032 2.18095 5.41013 2.09037
threshold=272.52000000000004 4.995814977973569 5.9114583333333348 52.573750000000011 125.13500000000001 165.49833333333336 1945.1013706969004 133.62770833333335 83.485000000000014 604.07500000000016 351.50000000000006 -40.377499999999991 46.595000000000006 7.5434027777777795 -6.3850000000000025 718.48750000000007 10.565972222222223 73.125000000000014 19.500000000000004 38.500000000000007 30.500000000000004 7.8612334801762138 8.7502202643171838 1.0000000180025095e-35 115.06145833333335 30.328193832599123 12.614999999999997 378.71875000000006 5.5000000000000009 35130.500000000007
decision_type=10 2 2 10 10 10 10 10 10 2 2 10 10 2 10 2 2 10 2 2 2 2 2 2 10 2 10 2 2 10
left_child=1 8 3 4 5 6 9 -8 23 19 15 -12 -13 -14 -15 16 -4 -18 -19 20 -3 -22 -23 -1 25 26 -11 -6 -29 -26
right_child=-2 2 10 -5 27 -7 7 -9 -10 24 11 12 13 14 -16 -17 17 18 -20 -21 21 22 -24 -25 29 -27 -28 28 -30 -31
leaf_value=0.039820039214378301 1.7679787655420514 0.18084138578944686 0.0052387440322711537 -0.11217684243257577 0.2725327603687106 -0.45843196009557763 -0.0054330880161846578 -0.68193391158553029 0.24793335595451385 -0.011403728031718241 0.047580779463315716 0.0052466589660712347 -0.39916663221091803 -0.59532899640701153 0.0040132313634674999 -0.37542000546757276 -0.0066652692654262094 -0.20814862424118288 -0.28947509609359989 0.078048674683461328 0.13197695406825599 -0.44037122132894607 -0.037258041881906366 -0.27125919960040629 -0.070579403963496837 0.096790594826740947 -0.30771457918378725 0.10958689376115889 -0.71417031344936854 -0.27173027429114444
leaf_weight=1986 3224 166 12381 1246 3233 51 3530 75 2037 992 205 102 86 84 128 99 377 224 51 9011 56 43 69 75 68 209 42 524 50 41
leaf_count=1986 3224 166 12381 1246 3233 51 3530 75 2037 992 205 102 86 84 128 99 377 224 51 9011 56 43 69 75 68 209 42 524 50 41
internal_value=0.000589754 0.000416546 0.000293537 0.000577524 0.000687187 0.000439529 0.000466056 -0.000270383 0.00141108 0.000714246 -0.000107657 -0.00205446 -0.00389027 -0.00533779 -0.00349296 -1.78176e-05 1.9104e-05 -0.00178254 -0.00407609 0.000897175 -0.00157612 -0.0048284 -0.00764602 0.000627061 -0.000549889 -0.000185691 -0.000771014 0.00162054 -8.34781e-05 -0.00466364
internal_weight=40465 37241 33143 19406 18160 14353 14302 3605 4098 10697 13737 605 400 298 212 13132 13033 652 275 9345 334 168 112 2061 1352 1243 1034 3807 574 109
internal_count=40465 37241 33143 19406 18160 14353 14302 3605 4098 10697 13737 605 400 298 212 13132 13033 652 275 9345 334 168 112 2061 1352 1243 1034 3807 574 109
is_linear=0
shrinkage=0.03


Tree=147
num_leaves=31
num_cat=0
split_feature=24 6 38 24 7 33 4 41 6 28 32 11 5 14 5 27 4 16 13 4 0 27 13 28 14 7 5 38 11 15
split_gain=15.8801 3.93563 4.48675 3.466 3.38955 3.0339 3.65511 3.56341 2.88187 3.15382 2.86159 2.77678 3.79005 2.36121 2.88915 3.54886 2.23122 3.10485 4.42446 2.27436 2.1462 2.13997 2.13885 3.89784 7.584 2.74181 3.8776 2.19512 2.112 2.58413
threshold=224.31500000000003 4.6951541850220275 21.975000000000001 140.96500000000003 6.7135416666666687 55.225000000000009 2.5000000000000004 10093.469864818015 13.910352422907492 51513.861562500009 64.365000000000023 160.60500000000005 54656.250000000007 235.02500000000003 50154.875000000007 35898.458333333343 349.50000000000006 2548.2755747977558 58.39500000000001 305.50000000000006 12.500000000000002 45974.534322916668 53.675000000000004 36876.562500000007 220.38000000000002 5.1753472222222241 37403.812500000007 55.377500000000005 63.522500000000008 105.28270833333335
decision_type=10 2 10 8 2 8 2 8 2 10 10 10 2 10 2 10 2 8 8 2 2 10 10 10 10 2 2 10 10 10
left_child=1 5 3 16 -5 -1 7 -7 9 20 -11 12 -2 21 15 -15 19 -18 -19 28 -4 -6 -10 25 -25 -24 -27 -26 -3 -30
right_child=11 2 8 4 13 6 -8 -9 22 10 -12 -13 -14 14 -16 -17 17 18 -20 -21 -22 -23 23 24 27 26 -28 -29 29 -31
leaf_value=-0.039615081955069915 -0.65331867018238465 -0.0042863272602238021 -0.040885312998345427 0.26391111011708895 0.2127835743638532 -0.38326249591836892 0.12740912891130127 0.01292389167818438 -0.034108230321401159 -0.0014314973680716568 -0.33370943295260141 0.82985880847622306 0.18215712429907885 -0.14371226938644463 -0.022584537690396572 -1.1528322257536672 0.25317432564621428 -0.041518832848572093 -0.47646357147390533 0.099448252971115633 0.065563198547144014 -0.479263574018224 0.092784197961372578 -0.17418471472487071 -0.6047314193989245 -0.6143921975949479 -0.24666936966573452 -1.2343137534068471 0.06136958933561696 -0.021180338807275358
leaf_weight=308 43 9877 2036 2670 435 40 3202 41 870 44 41 4706 83 58 144 47 131 504 73 1782 1533 58 280 147 40 46 364 40 8066 2724
leaf_count=308 43 9877 2036 2670 435 40 3202 41 870 44 41 4706 83 58 144 47 131 504 73 1782 1533 58 280 147 40 46 364 40 8066 2724
internal_value=0.000547782 0.000328718 0.000223048 0.000383779 0.0012763 0.00127032 0.00153745 -0.00471951 -0.000561742 -7.87961e-05 -0.00575581 0.00216139 -0.00222047 -0.000516824 -0.002892 -0.00665094 0.000252224 -0.0014048 -0.00235121 0.000304544 5.79833e-05 0.000686235 -0.00154866 -0.00255882 -0.00596053 -0.00143271 -0.0029927 -0.0133333 0.000215841 0.000505977
internal_weight=40433 35601 32010 26569 3412 3591 3283 81 5441 3654 85 4832 126 742 249 105 23157 708 577 22449 3569 493 1787 917 227 690 410 80 20667 10790
internal_count=40433 35601 32010 26569 3412 3591 3283 81 5441 3654 85 4832 126 742 249 105 23157 708 577 22449 3569 493 1787 917 227 690 410 80 20667 10790
is_linear=0
shrinkage=0.03


Tree=148
num_leaves=31
num_cat=0
split_feature=9 5 38 16 25 27 15 6 29 13 25 40 34 28 34 4 26 25 17 5 4 0 4 28 25 5 4 9 27 4
split_gain=15.1069 5.49847 4.59492 4.4748 3.80682 3.56829 4.09394 6.06955 4.96417 4.0178 3.66192 3.43991 3.07464 2.92906 3.03834 3.03487 2.5979 3.19652 2.60927 2.42378 3.58834 2.92613 2.3892 2.29921 3.13819 2.18876 3.9396 4.74544 4.24785 2.74822
threshold=245.02000000000001 50578.187500000007 29.065000000000005 6108.2332881863304 87.609322916666684 32040.500000000004 171.18250000000003 11.663656387665201 102.89625000000001 16.260000000000002 49.406666666666673 -0.65000000000000291 207.64500000000001 34271.375000000007 165.00500000000002 316.50000000000006 39122.186250000006 41.885000000000005 3649.1135900000008 62950.937500000007 349.50000000000006 5.5000000000000009 236.50000000000003 44650.511250000003 80.179375000000022 36405.937500000007 261.50000000000006 75.00500000000001 37277.375000000007 106.50000000000001
decision_type=10 2 10 10 10 10 10 2 10 10 10 10 10 10 10 2 10 8 8 2 2 2 2 10 8 2 2 10 10 2
left_child=1 2 5 4 16 10 25 -8 -9 -10 -1 -5 -11 22 15 -15 -3 -18 -19 20 23 -21 -4 -20 -25 26 -7 -28 -29 -27
right_child=-2 3 13 11 -6 6 7 8 9 12 -12 -13 -14 14 -16 -17 17 18 19 21 -22 -23 -24 24 -26 29 27 28 -30 -31
leaf_value=-0.042190533924326659 1.1236051843648143 0.070781019316533578 0.2538401487544848 -0.0046171761104788628 0.18783094399004652 -0.0098667843000626986 0.034263293157343222 -0.048870986860303257 -0.67396176495899485 -0.95000551982433501 0.17723269811445352 -0.36435993992124183 -0.47731408566309846 -0.096966742111900012 -0.75676106654424358 -1.0560535978243737 0.14814206983365941 0.14932401421418037 -0.0060687733384891009 -0.064310043044821838 -0.21382451258247021 0.049533291376723659 -0.17642637345885168 -0.061884546564303804 -0.45722000308877031 -0.028058717132145278 -0.044514767572961349 -0.25184926405432861 -0.96239183164020958 0.023851739773042856
leaf_weight=467 4004 1188 453 2063 6366 2015 215 80 42 50 2461 97 46 1061 150 43 815 765 1247 135 97 1041 416 480 52 1751 195 40 75 12622
leaf_count=467 4004 1188 453 2063 6366 2015 215 80 42 50 2461 97 46 1061 150 43 815 765 1247 135 97 1041 416 480 52 1751 195 40 75 12622
internal_value=0.000575975 0.000384188 8.81757e-05 0.000841849 0.00106491 0.000228664 6.32151e-05 -0.00281336 -0.00632877 -0.0097554 0.00119631 -0.000416474 -0.0131134 -0.0012387 -0.00216574 -0.0016181 0.000510222 0.000189078 -0.000175223 -0.000567966 -0.00123708 0.000499575 0.0001 -0.000928652 -0.00257786 0.000137972 -0.000715821 -0.00385852 -0.00866379 0.000276124
internal_weight=40532 36528 22182 14346 12186 20059 17131 433 218 138 2928 2160 96 2123 1254 1104 5820 4632 3817 3052 1876 1176 869 1779 532 16698 2325 310 115 14373
internal_count=40532 36528 22182 14346 12186 20059 17131 433 218 138 2928 2160 96 2123 1254 1104 5820 4632 3817 3052 1876 1176 869 1779 532 16698 2325 310 115 14373
is_linear=0
shrinkage=0.03


Tree=149
num_leaves=31
num_cat=0
split_feature=9 32 18 41 1 0 37 27 12 10 15 6 36 17 0 39 32 14 16 13 36 24 13 12 41 41 6 27 27 25
split_gain=14.2915 5.36264 3.54359 3.31039 2.78799 4.97812 4.25507 4.88863 4.24301 4.13471 3.70322 3.05396 2.86321 2.71768 3.47037 2.65247 2.55239 4.71297 2.18612 2.17505 2.09018 2.37537 2.27209 2.1269 2.3101 3.08257 2.07803 2.04644 3.53823 5.62896
threshold=286.74500000000006 147.62500000000003 1.0000000180025095e-35 9824.5457004762666 1.0000000180025095e-35 5.5000000000000009 0.5799999999999913 42964.729166666672 25.359479166666667 301.61500000000007 203.73687500000003 17.990528634361237 -25.209999999999983 325.70775500000008 13.500000000000002 -69.804999999999993 104.48500000000001 105.80250000000002 6910.9069011364863 76.220000000000013 -1.7187499999999998 2.7300000000000009 17.983750000000004 38.983541666666675 -13718.610758391984 1374.3138850538783 9.6625550660792978 31804.515520833334 33185.541666666679 121.71145833333334
decision_type=10 8 2 10 2 2 10 10 10 10 8 2 10 10 2 10 10 10 10 10 10 10 10 10 10 10 2 10 10 10
left_child=1 3 18 4 5 6 10 26 12 13 16 -11 15 27 20 -7 -1 -18 -3 -20 21 -15 23 24 -22 -26 -8 -6 29 -29
right_child=-2 2 -4 -5 9 8 7 -9 -10 11 -12 -13 -14 14 -16 -17 17 -19 19 -21 22 -23 -24 -25 25 -27 -28 28 -30 -31
leaf_value=0.049442363117667094 1.9397637111894603 0.28948499993585969 0.011906264187366601 0.16533245264271515 0.088114831534717594 -0.041154691379978778 0.24407450332363881 -0.3513021553968273 0.27257622215526683 -0.21175122675058158 -0.863789658804345 -1.3440254732217172 0.018216042608475029 0.032261746841792276 0.011378506948339834 -0.56587969733959709 -0.89481585974383515 -0.021017191090253285 0.084317320392505321 -0.41441579261784284 -1.4140292528402423 -0.045819010954746262 -0.26408931934508573 0.0073084159469343135 -0.034100436287667582 -0.19201419922685131 -0.33504961119807047 -0.034842336675159111 0.012625577946496694 -0.59311035272109691
leaf_weight=707 2863 4193 1805 1291 1930 176 62 50 2499 62 48 47 614 376 3462 47 40 149 51 40 54 1459 423 394 276 40 70 572 16410 126
leaf_count=707 2863 4193 1805 1291 1930 176 62 50 2499 62 48 47 614 376 3462 47 40 149 51 40 54 1459 423 394 276 40 70 572 16410 126
internal_value=0.000547835 0.000391712 0.0012064 0.000233615 0.000169768 0.000861752 -0.000862467 -0.00504918 0.00144381 4.92745e-05 -5.07935e-05 -0.00575455 -0.000404534 7.4286e-05 -0.000456129 -0.00330804 0.00038796 -0.0027 0.00167608 -0.00290217 -0.00119881 -0.000563725 -0.00217929 -0.0012 -0.00283019 -0.00183596 -0.00198496 0.00025495 0.000150447 -0.00193991
internal_weight=40336 37473 6089 31384 30093 4462 1126 182 3336 25631 944 109 837 25522 6484 223 896 189 4284 91 3022 1835 1187 764 370 316 132 19038 17108 698
internal_count=40336 37473 6089 31384 30093 4462 1126 182 3336 25631 944 109 837 25522 6484 223 896 189 4284 91 3022 1835 1187 764 370 316 132 19038 17108 698
is_linear=0
shrinkage=0.03


Tree=150
num_leaves=31
num_cat=0
split_feature=11 13 6 38 14 6 12 15 25 7 25 25 34 40 4 11 41 27 7 39 6 14 23 27 24 4 23 27 27 27
split_gain=13.1138 4.25715 4.23484 4.46441 3.90239 3.66895 5.02263 3.12213 3.52791 3.07136 2.55141 6.13182 3.50008 2.45411 2.42145 2.40476 2.95438 2.5032 2.33472 2.04802 1.99551 2.27287 1.97294 2.11231 4.08063 1.94992 1.88906 2.01544 1.88828 2.18099
threshold=197.64875000000004 170.73000000000005 4.6951541850220275 62.451250000000002 559.03500000000008 16.433259911894275 62.638541666666676 171.18250000000003 216.12250000000003 4.9843750000000018 68.600208333333356 68.209791666666675 83.995000000000019 -41.922499999999992 2.5000000000000004 150.79500000000004 2997.5752557087039 35637.666302083344 5.2656250000000009 7.454999999999985 13.377753303964758 101.15500000000002 5.5000000000000009 50663.953333333346 97.160000000000011 363.50000000000006 1.5000000000000002 37123.323072916675 38343.541666666679 37123.323072916675
decision_type=10 10 2 8 10 2 10 10 10 2 10 10 10 10 2 10 8 10 2 10 2 10 2 10 10 2 2 10 10 10
left_child=2 4 14 9 25 6 -5 26 -9 10 11 20 -13 -7 -1 16 -15 18 -18 -16 -4 -22 23 -12 -25 -2 27 -8 29 -24
right_child=1 -3 3 5 -6 13 7 8 -10 -11 22 12 -14 15 19 -17 17 -19 -20 -21 21 -23 28 24 -26 -27 -28 -29 -30 -31
leaf_value=-0.17931149751328321 0.16289678555885556 0.80535062956873815 0.06387084901932305 -0.47817873272176697 -1.3733526705878767 -0.75486092699438045 0.24903765708889919 -1.0292207690704218 0.013789332625951143 0.0021910080266322103 0.15456653828058492 -0.72477307226782406 -0.044162464557739818 0.036415893573625471 0.10320307121177159 0.12602110916527656 0.11049085086424652 -0.78233788222038847 -1.0437241700472082 -0.096254201327676536 -0.034162520669854375 0.032091481658943974 0.0099204537030091727 0.15185824331648512 -0.88956701587312448 -0.36062072501637316 0.19680637396548786 -0.085351515384453749 0.085430296610417983 -0.48495541470770182
leaf_weight=85 2233 3914 1379 177 57 44 178 62 81 17039 5257 42 44 66 3368 108 47 61 57 66 1597 2041 430 52 40 49 529 536 708 246
leaf_count=85 2233 3914 1379 177 57 44 178 62 81 17039 5257 42 44 66 3368 108 47 61 57 66 1597 2041 430 52 40 49 529 536 708 246
internal_value=0.000555969 0.00181948 0.00032585 0.000213257 0.00080641 -0.0011772 -0.00053133 7.7866e-05 -0.00410417 0.000307002 0.000678212 0.000172218 -0.00772414 -0.00380469 0.00131165 -0.00292059 -0.00464224 -0.00677711 -0.00388571 0.00143581 0.000309087 -5.93569e-05 0.00106163 0.0013228 -0.00316129 0.00100131 0.000561897 -0.000444755 5.19857e-05 -0.00108124
internal_weight=40593 6253 34340 30821 2339 1946 1563 1386 143 28875 11836 5103 86 383 3519 339 231 165 104 3434 5017 3638 6733 5349 92 2282 1243 714 1384 676
internal_count=40593 6253 34340 30821 2339 1946 1563 1386 143 28875 11836 5103 86 383 3519 339 231 165 104 3434 5017 3638 6733 5349 92 2282 1243 714 1384 676
is_linear=0
shrinkage=0.03


Tree=151
num_leaves=31
num_cat=0
split_feature=11 30 38 5 41 15 26 32 15 12 12 7 32 0 5 8 16 25 29 23 26 26 13 15 16 15 5 8 12 5
split_gain=15.8085 4.46546 3.68893 4.6997 3.89257 3.8896 3.59016 3.3964 3.2244 3.09135 4.82245 4.78237 4.50711 3.60122 2.98846 3.52563 3.30692 3.48497 2.9515 3.06988 2.91392 3.26317 3.14239 2.7277 5.74528 4.62883 2.52978 2.50207 2.496 2.67104
threshold=195.14000000000001 222.29000000000005 28.115000000000006 49506.250000000007 8253.0501707245039 171.18250000000003 53352.715000000004 125.71500000000002 105.81041666666668 40.963854166666671 37.47291666666667 8.175347222222225 203.85500000000005 18.500000000000004 35812.625000000007 158.18125000000003 7149.5624950267902 113.68005208333334 196.51250000000002 1.5000000000000002 43672.500000000007 29447.500000000004 0.10250000000000002 60.624375000000008 2836.164026260089 85.019270833333351 56255.875000000007 511.2000000000001 38.983541666666675 42713.937500000007
decision_type=10 8 10 2 10 10 10 10 10 10 10 2 10 2 2 2 10 10 10 2 8 10 10 10 8 10 2 2 10 2
left_child=2 -2 4 5 9 -4 8 -7 18 10 -1 14 20 23 15 -11 27 -18 19 -5 21 -13 -23 28 -25 -26 -24 -16 -12 -30
right_child=1 -3 3 6 -6 7 -8 -9 -10 11 13 12 -14 -15 16 -17 17 -19 -20 -21 -22 22 26 24 25 -27 -28 -29 29 -31
leaf_value=-0.0015235324812516767 0.12661297319850229 0.97796691588607798 -0.10998722212827761 -0.049638881633516756 0.18312378971854615 -1.0156097344166366 -0.29377698940150959 -0.085710213774399024 0.12848694483886725 -0.029724536477034484 -0.2908870869322141 0.15851044974488368 -0.53875567324163687 0.12657469343294728 0.079839941638628148 -0.32817128973191706 -0.010987299067850943 -0.28438811338652764 -0.24880855029668505 0.10802863762279177 0.017026318081119002 0.13103313434974112 -0.24291142971732643 0.070969793672830891 -0.48931003382221827 -0.14982339056798372 0.055585825366896068 -0.0065980518485085462 -0.26879599656685088 0.15621418618642832
leaf_weight=6245 2571 3804 1462 1253 1500 113 58 90 1382 1525 64 120 59 90 14202 41 597 111 113 776 924 92 590 49 40 57 133 2394 42 88
leaf_count=6245 2571 3804 1462 1253 1500 113 58 90 1382 1525 64 120 59 90 14202 41 597 111 113 776 924 92 590 49 40 57 133 2394 42 88
internal_value=0.000494136 0.00186559 0.00023852 -0.000493331 0.000371116 -0.00180972 0.000118895 -0.00569118 0.000241702 0.000289798 -0.000271869 0.000470153 -0.000956748 -0.00334107 0.00061523 -0.000639438 0.000728807 -0.00127786 -0.000487167 -0.000223153 -0.000695161 -0.001875 -0.00255515 -0.00475073 -0.00783673 -0.0120306 -0.00321961 0.000814485 -0.0024 1.10906e-10
internal_weight=40585 6375 34210 5247 28963 1665 3582 203 3524 27463 6675 20788 1918 430 18870 1566 17304 708 2142 2029 1859 935 815 340 146 97 723 16596 194 130
internal_count=40585 6375 34210 5247 28963 1665 3582 203 3524 27463 6675 20788 1918 430 18870 1566 17304 708 2142 2029 1859 935 815 340 146 97 723 16596 194 130
is_linear=0
shrinkage=0.03


Tree=152
num_leaves=31
num_cat=0
split_feature=24 6 38 11 6 18 25 28 5 39 5 25 17 0 6 40 15 13 40 24 13 4 11 7 26 1 13 14 24 4
split_gain=14.2364 4.17697 4.03747 3.444 4.30989 3.37949 4.66234 3.03823 3.00917 2.85575 2.74992 2.67668 2.63652 2.72459 2.59918 2.58493 3.59465 3.66745 2.43228 2.38679 3.22358 5.02794 4.48743 6.35345 2.33472 2.32625 2.66883 4.63883 6.84606 2.15345
threshold=224.31500000000003 4.8325991189427322 29.065000000000005 160.60500000000005 8.4407488986784163 1.0000000180025095e-35 72.179166666666688 47245.571406250012 33356.250000000007 -24.638749999999998 60751.500000000007 116.98125000000002 283.24589500000019 18.500000000000004 7.9420704845814987 17.515000000000001 46.85958333333334 3.0237500000000006 -23.959999999999983 59.275000000000013 45.895000000000003 361.50000000000006 32.267500000000005 5.9739583333333348 33532.777500000004 4.5000000000000009 240.94000000000003 378.58500000000009 366.3300000000001 70.500000000000014
decision_type=10 2 10 10 2 2 10 10 2 10 2 10 8 2 2 10 10 10 8 10 10 2 10 2 10 2 10 10 10 2
left_child=1 -1 5 4 -2 6 15 8 24 11 14 -9 -7 -14 -11 -3 -17 -18 -15 -10 -21 22 23 -22 -8 -5 27 -27 -29 -4
right_child=3 2 29 25 -6 12 7 9 19 10 -12 -13 13 18 -16 16 17 -19 -20 20 21 -23 -24 -25 -26 26 -28 28 -30 -31
leaf_value=0.082865634105362018 0.44703018243572318 0.0042431879098794841 0.035702187040176303 0.93005098148592213 -0.58752273164432089 0.035844431888412402 0.12282181084109153 0.075897222161221412 -0.011660004375464673 -0.10048966820186958 -0.050288921523750828 -0.15663246601996567 -0.042578764721268265 -0.057645041245375776 -0.41653417840968193 0.12507895230298585 -0.054268847373436367 -0.5329356269085993 0.14759102350411138 0.34037759126798384 -0.016269062788596588 -0.45885233184856228 0.12962262133167093 -0.93469488779347709 -0.87764992976010658 0.14800547514995047 1.1007492378374173 -1.4476483734357788 0.04412400335073749 -0.096864380758783675
leaf_weight=3711 68 8000 1237 3689 63 2033 47 542 761 62 245 87 5278 261 64 73 56 57 957 2918 216 40 5602 64 57 411 490 44 54 3356
leaf_count=3711 68 8000 1237 3689 63 2033 47 542 761 62 245 87 5278 261 64 73 56 57 957 2918 216 40 5602 64 57 411 490 44 54 3356
internal_value=0.000547775 0.000341274 0.000230805 0.00207822 -0.00270455 0.000368696 0.000592473 0.00100458 0.0011668 -0.00056943 -0.00265323 0.000661905 -0.000126964 -0.000422041 -0.00623622 5.34996e-05 -0.00343315 -0.00676316 0.00085644 0.00122193 0.00136071 0.000958298 0.00103111 -0.00266904 -0.00388571 0.00221241 0.000927 -0.000594118 -0.00642424 -0.000592294
internal_weight=40543 35724 32013 4819 131 27420 18891 10705 9705 1000 371 629 8529 6496 126 8186 186 113 1218 9601 8840 5922 5882 280 104 4688 999 509 98 4593
internal_count=40543 35724 32013 4819 131 27420 18891 10705 9705 1000 371 629 8529 6496 126 8186 186 113 1218 9601 8840 5922 5882 280 104 4688 999 509 98 4593
is_linear=0
shrinkage=0.03


Tree=153
num_leaves=31
num_cat=0
split_feature=9 32 18 1 0 10 12 13 36 28 27 31 12 4 4 13 15 15 8 15 12 32 31 4 4 4 14 16 27 2
split_gain=14.7232 5.84036 3.60685 3.44605 5.4856 4.268 3.96665 3.51998 3.68451 3.25441 5.46521 3.06439 2.82769 3.87221 5.40807 5.674 4.76692 3.40203 3.35601 2.9077 2.83371 2.88878 2.68957 3.04554 2.68924 2.6053 4.06074 5.5281 3.6315 3.91273
threshold=286.74500000000006 147.62500000000003 1.0000000180025095e-35 1.0000000180025095e-35 4.5000000000000009 301.61500000000007 261.6985416666667 -3.2149999999999994 -34.028749999999995 38401.22187500001 40054.342031250009 141.00875000000002 69.938385416666691 254.50000000000003 293.50000000000006 52.750000000000007 82.697291666666672 97.197760416666668 198.92500000000004 72.386250000000004 129.79520833333336 96.253750000000011 1.0000000180025095e-35 22.500000000000004 2.5000000000000004 188.50000000000003 87.465000000000018 6838.8702981904416 32541.900104166667 6.5000000000000009
decision_type=10 8 2 2 2 10 10 10 10 8 10 10 10 2 2 10 10 10 2 10 10 10 10 2 2 2 10 8 10 2
left_child=1 3 -3 4 11 12 -7 8 -6 10 -4 22 25 18 15 17 19 -15 24 -17 21 -19 -1 -24 -14 26 -5 -28 -29 -30
right_child=-2 2 9 5 7 6 -8 -9 -10 -11 -12 -13 13 14 -16 16 -18 20 -20 -21 -22 -23 23 -25 -26 -27 27 28 29 -31
leaf_value=-0.14236717625840895 1.7830944484784894 0.26651859085836904 -0.10465299206961265 -0.00079696330362359613 -0.17157964346076815 -0.066147381627129812 -1.1744681000700214 0.19998027104378796 0.02513467040479099 0.14029889478918398 -0.53320999532509172 -1.7684811202711894 -0.29659056778441112 0.16491365825622034 0.020513461772712866 -0.28363797357162507 -0.3739566811923507 -0.98768607968786282 -0.00088097525304981774 -1.0112089817416128 0.18690425562470822 -0.082194468463688178 -0.2299708268647761 0.01280756209892607 0.10140497354292148 0.012875563886338469 -0.017831303300269229 0.097277891350079554 -0.14787551852624789 -0.76821440955698095
leaf_weight=43 2936 4289 765 4615 139 55 52 2969 699 981 59 42 51 389 3093 91 477 47 3762 81 51 42 70 818 6293 4109 1860 146 1317 49
leaf_count=43 2936 4289 765 4615 139 55 52 2969 699 981 59 42 51 389 3093 91 477 47 3762 81 51 42 70 818 6293 4109 1860 146 1317 49
internal_value=0.000493922 0.00033352 0.00118327 0.000168362 0.000909852 3.49875e-05 -0.00591667 0.00142358 -0.000293206 5.81396e-05 -0.00133091 -0.00109959 5.92658e-05 0.00034365 -0.000413623 -0.00214249 -0.00402 0.000164151 0.000663699 -0.00828902 -0.00382979 -0.00703333 -0.000737124 -0.000377953 0.00108463 -0.000278747 -0.000594517 -0.00138571 -0.00273232 -0.00321287
internal_weight=40390 37454 6094 31360 4780 26580 107 3807 838 1805 824 973 26473 14377 4271 1178 649 529 10106 172 140 89 931 888 6344 12096 7987 3372 1512 1366
internal_count=40390 37454 6094 31360 4780 26580 107 3807 838 1805 824 973 26473 14377 4271 1178 649 529 10106 172 140 89 931 888 6344 12096 7987 3372 1512 1366
is_linear=0
shrinkage=0.03


Tree=154
num_leaves=31
num_cat=0
split_feature=9 32 7 5 26 1 0 8 25 6 30 11 12 32 41 4 5 5 4 8 26 5 24 17 37 26 4 12 12 4
split_gain=13.7568 4.57857 4.63065 4.65257 3.80707 3.58348 3.66869 3.55621 4.84173 4.94537 3.45659 3.26086 2.89919 2.85336 2.84532 2.55855 2.79152 2.40376 2.32998 2.16062 2.73468 4.28643 2.66426 2.15556 2.04011 2.03412 2.87708 3.36867 3.32036 3.02595
threshold=286.74500000000006 147.62500000000003 7.3072916666666687 60751.500000000007 35920.696250000008 1.0000000180025095e-35 4.5000000000000009 170.51250000000002 174.64854166666666 19.3535242290749 101.67500000000003 127.61125000000001 25.359479166666667 110.605 2522.9860485415343 48.500000000000007 50368.750000000007 41552.062500000007 279.50000000000006 454.14375000000007 30045.500000000004 52106.250000000007 190.00500000000002 2.0394400000000004 -45.688749999999999 46546.561250000006 251.50000000000003 62.638541666666676 50.554270833333341 110.50000000000001
decision_type=10 10 2 2 10 2 2 2 10 2 10 8 10 8 10 2 2 2 2 2 10 2 10 10 10 8 2 10 10 2
left_child=1 5 19 4 -4 6 11 14 17 -10 -6 -1 24 -13 23 -12 18 -9 -17 -3 -21 22 -22 25 -8 26 27 28 -7 -30
right_child=-2 2 3 -5 10 7 12 8 9 -11 15 13 -14 -15 -16 16 -18 -19 -20 20 21 -23 -24 -25 -26 -27 -28 -29 29 -31
leaf_value=-0.0048883531714317792 1.7472102842454915 0.28626347736628333 0.048614064808239731 0.37546088539536293 0.10724648060387239 0.029910663016311709 -0.094506226434852833 -0.081860104994897154 -0.33303356387616401 -1.1902186358721338 -1.0927271357890516 -1.5963290295647143 0.23539913370502782 -0.40903700591723335 0.09919733816094066 -0.10559931493672654 -0.14994265634715778 -0.0020468227580221609 -0.70003783962238009 0.11540592322532504 -0.30085240910736105 0.18001986625519498 -0.72478272612081285 -0.042898144315968868 0.02494875545890651 -0.023789011249766012 -0.022540611141950318 0.1307642068800883 -0.071254140253880743 0.12311317128382214
leaf_weight=898 2922 4717 232 350 59 2025 252 1599 174 78 62 42 2861 41 2696 48 150 7651 64 252 40 61 40 1688 718 1966 3231 4576 667 333
leaf_count=898 2922 4717 232 350 59 2025 252 1599 174 78 62 42 2861 41 2696 48 150 7651 64 252 40 61 40 1688 718 1966 3231 4576 667 333
internal_value=0.000513632 0.00035939 0.0011134 -0.000791925 -0.00236201 0.000213925 0.00096738 7.80215e-05 -0.000387667 -0.00448221 -0.00419531 -0.000669043 0.00138648 -0.00632143 0.000335564 -0.00540923 -0.00408365 -0.000275646 -0.00764602 0.00147329 -0.000662436 -0.00399296 -0.00851852 0.000168979 -3.08959e-05 0.000301899 0.00046303 0.000781768 4.95715e-06 -0.00140859
internal_weight=40493 37571 6075 965 615 31496 4812 26684 9502 252 383 981 3831 83 17182 324 262 9250 112 5110 393 141 80 14486 970 12798 10832 7601 3025 1000
internal_count=40493 37571 6075 965 615 31496 4812 26684 9502 252 383 981 3831 83 17182 324 262 9250 112 5110 393 141 80 14486 970 12798 10832 7601 3025 1000
is_linear=0
shrinkage=0.03


Tree=155
num_leaves=31
num_cat=0
split_feature=30 34 7 11 30 5 4 12 40 12 5 4 29 26 4 5 25 13 4 16 16 26 13 6 18 25 5 10 11 16
split_gain=13.7329 4.01572 3.47992 2.65046 2.49029 4.1706 2.61572 4.19081 2.64936 2.89928 2.62342 5.07095 6.85555 3.30894 3.07817 3.89149 3.065 2.63439 3.29573 3.02894 2.5967 2.58318 2.90359 2.56047 2.39885 3.93008 4.39862 3.67383 3.23902 2.75807
threshold=234.99000000000004 95.575000000000003 5.9947916666666687 197.64875000000004 101.67500000000003 36766.687500000007 339.50000000000006 193.04291666666668 -40.377499999999991 127.28484375000001 58903.312500000007 50.500000000000007 103.45125000000002 49008.500000000007 259.50000000000006 51081.250000000007 171.76854166666669 98.261250000000018 38.500000000000007 8935.8213595706093 8620.0483848571657 27448.500000000004 33.412500000000001 16.433259911894275 1.0000000180025095e-35 214.00083333333336 48902.250000000007 135.30500000000004 245.42000000000002 6669.4267913280246
decision_type=10 10 2 10 10 2 2 10 10 10 2 2 10 10 2 2 10 10 2 10 10 10 10 2 2 10 2 10 10 10
left_child=1 -1 24 -2 -4 21 10 8 -8 20 11 12 -7 -12 -13 16 -16 18 -15 -20 -10 -6 -23 -18 27 -26 28 29 -27 -3
right_child=3 2 4 -5 5 6 7 -9 9 -11 13 14 -14 17 15 -17 23 -19 19 -21 -22 22 -24 -25 25 26 -28 -29 -30 -31
leaf_value=-0.00036900114727920921 0.0058311600992423159 0.096883010698714564 0.038108574990310812 1.0586745131361524 0.061394803095056898 -1.2981130652452928 0.030900280960167857 0.27494584604625677 -0.0710967979312533 -0.51336625621077836 0.26735344206460798 0.051480693811831832 -0.061766089582420122 0.10464442246808886 -0.12883625505203236 0.17864195353610168 -0.51020073389930309 -0.29414725468658315 0.011881481987664961 -0.76643472847159577 -0.33800719806508478 -0.037258610554107806 -0.64540177167865931 -0.95068716998512448 0.042039572711667181 -0.81465787383456811 0.2696677533000606 0.28715495671487973 -0.43177308878606185 -0.16958860558755026
leaf_weight=15723 437 5424 3412 3391 44 59 42 114 77 53 1088 1860 132 233 519 350 151 69 64 52 40 50 56 45 3674 51 57 2848 53 186
leaf_count=15723 437 5424 3412 3391 44 59 42 114 77 53 1088 1860 132 233 519 350 151 69 64 52 40 50 56 45 3674 51 57 2848 53 186
internal_value=0.000537777 0.000358584 0.000632042 0.00224706 0.000165668 -0.000254167 -0.000104263 -0.00269725 -0.0051831 -0.0068421 7.91695e-05 -0.000417709 -0.00514062 0.00110683 -0.000107655 -0.00139306 -0.00266061 -0.0011599 -9.42856e-05 -0.00420513 -0.00414407 -0.00516556 -0.00768224 -0.00584772 0.000954856 0.000332378 -0.00424074 0.00123703 -0.00788571 0.000791303
internal_weight=40354 36526 20803 3828 8510 5098 4948 326 212 170 4622 3116 191 1506 2925 1065 715 418 349 116 117 150 106 196 12293 3835 161 8458 104 5610
internal_count=40354 36526 20803 3828 8510 5098 4948 326 212 170 4622 3116 191 1506 2925 1065 715 418 349 116 117 150 106 196 12293 3835 161 8458 104 5610
is_linear=0
shrinkage=0.03


Tree=156
num_leaves=31
num_cat=0
split_feature=24 6 38 28 32 4 1 7 11 33 11 32 31 25 7 5 14 38 2 5 11 16 15 28 28 27 4 39 4 15
split_gain=13.0348 4.25929 4.01674 3.6399 3.65901 3.52273 3.41143 5.65638 3.20797 3.16985 2.75093 2.66674 2.59108 2.40522 2.32079 2.32074 3.57639 4.23867 3.28973 2.16246 2.09145 1.95122 1.9191 2.86851 7.35279 5.93761 3.54213 3.81877 3.12775 2.90622
threshold=244.95000000000002 4.6951541850220275 28.115000000000006 51513.861562500009 55.922500000000007 2.5000000000000004 4.5000000000000009 8.0260416666666696 110.87000000000002 58.780000000000008 48.195000000000007 67.725000000000009 269.01500000000004 61.401666666666671 10.565972222222223 49000.062500000007 418.44000000000005 125.94500000000001 6.5000000000000009 45303.500000000007 160.60500000000005 14207.137538159812 105.28270833333335 35390.20171875001 37292.125000000007 37063.958333333343 320.50000000000006 -90.216249999999988 331.50000000000006 132.37192708333336
decision_type=10 2 10 10 10 2 2 2 10 10 10 10 8 10 2 2 10 10 2 2 10 10 10 10 10 10 2 10 2 10
left_child=1 5 8 15 -5 11 20 12 22 10 13 -1 19 -7 -10 16 17 -4 -19 -8 -2 -17 -3 -24 25 -25 27 29 -28 -26
right_child=6 2 3 4 -6 9 7 -9 14 -11 -12 -13 -14 -15 -16 21 -18 18 -20 -21 -22 -23 23 24 26 -27 28 -29 -30 -31
leaf_value=0.0036946296212624951 -0.27912700893014086 0.011628446897996879 -0.10815469423348031 -0.016488564574732655 -0.37472146683511781 -0.022384633736579406 -0.53266752796519345 -1.4087804235561485 0.11446546704363279 0.1337875498983542 0.091727110527554889 -0.29885816774056234 1.150370876381291 -0.11104387518538734 -0.10587400330160719 0.014639958258986901 0.58906854726567703 -0.093923988297451411 -0.91174404532731146 0.42063491750895415 1.3036734888105612 -0.30425690300040564 0.07046857390008554 -0.57884159426582837 -0.022467482566881618 -1.0523400433898673 -0.40388434805493256 0.15441478225053387 -0.062956083954416861 -0.29781301640302293
leaf_weight=45 60 18983 1636 42 40 149 142 64 6876 3256 126 40 446 76 215 2938 162 48 78 130 3163 46 535 162 143 51 47 503 130 55
leaf_count=45 60 18983 1636 42 40 149 142 64 6876 3256 126 40 446 76 215 2938 162 48 78 130 3163 46 535 162 143 51 47 503 130 55
internal_value=0.000506363 0.000327516 0.000218409 -0.000565017 -0.00679518 0.00129326 0.00213055 0.000352491 0.000359554 0.00143598 -0.00126989 -0.0047093 0.00111822 -0.00325221 0.000909899 -0.000459564 -0.00127169 -0.00166421 -0.00694488 -0.00118681 0.00256172 6.43217e-05 0.00017016 -0.000818685 -0.00170055 -0.00668692 -0.000484642 0.000474359 -0.00426404 -0.00304523
internal_weight=40387 36382 32690 4990 82 3692 4005 782 27700 3607 351 85 718 225 7091 4908 1924 1762 126 272 3223 2984 20609 1626 1091 213 878 701 177 198
internal_count=40387 36382 32690 4990 82 3692 4005 782 27700 3607 351 85 718 225 7091 4908 1924 1762 126 272 3223 2984 20609 1626 1091 213 878 701 177 198
is_linear=0
shrinkage=0.03


Tree=157
num_leaves=31
num_cat=0
split_feature=9 32 41 22 16 40 1 14 0 6 10 24 16 24 9 24 17 27 0 14 15 4 41 5 32 8 6 25 8 33
split_gain=13.3358 4.74695 3.25161 3.08366 2.51577 4.87108 3.82182 5.49367 3.46885 3.44891 3.38008 3.1407 2.68283 2.66112 2.74705 2.50878 2.2429 3.13085 2.79713 3.49381 10.9564 2.16508 2.40793 2.16291 2.13622 2.06504 2.30704 2.86178 3.22229 2.69905
threshold=286.74500000000006 152.78500000000003 9084.7816100745058 1.0000000180025095e-35 3022.8214322106674 2.2199999999999998 1.5000000000000002 41.100000000000009 16.500000000000004 20.28744493392071 367.71000000000009 6.3550000000000013 6669.4267913280246 24.825000000000003 -1.0000000180025095e-35 175.33500000000004 9541.3794500000022 39392.041666666679 5.5000000000000009 102.21000000000002 93.899322916666691 42.500000000000007 -4419.8798273908824 37701.562500000007 73.325000000000003 604.07500000000016 30.328193832599123 103.65375000000002 718.48750000000007 95.00500000000001
decision_type=10 10 10 2 10 10 2 10 2 2 10 10 10 10 10 10 10 10 2 10 8 2 8 2 10 2 2 10 2 10
left_child=1 2 4 23 6 13 7 11 10 12 25 -1 -7 -6 -15 -4 18 -18 19 20 21 -9 -23 -3 -10 -8 27 29 -29 -27
right_child=-2 3 15 -5 5 9 8 16 24 -11 -12 -13 -14 14 -16 -17 17 -19 -20 -21 -22 22 -24 -25 -26 26 -28 28 -30 -31
leaf_value=-0.0062069964545338665 1.6381859525040137 -0.03871782496674208 0.16785132574378159 -0.40452313318452321 0.017140706383047127 -0.28154760637314857 -0.0018049186387579491 -0.24752325158213034 -0.0037055748423013598 -0.0022409739722052051 -1.2296102000241562 -0.15335193282851436 -0.69656453529822415 -0.14794987241966728 -0.020470083063388315 -0.31816525513580107 -0.00012347291357013099 -0.16128817532563627 0.15851737207766667 0.088926290553127965 -0.78431323772642203 -0.24630348810012226 0.079212814401255383 0.23813580100753806 0.12527007505916243 -0.28037011976426801 0.047138101460433131 -0.27143814542192563 -0.48236079934995751 0.0083803553668051756
leaf_weight=96 2929 532 1450 117 2037 192 10865 77 1550 167 44 87 70 43 4839 41 321 51 4326 1103 46 50 424 5024 2778 529 160 103 50 425
leaf_count=96 2929 532 1450 117 2037 192 10865 77 1550 167 44 87 70 43 4839 41 321 51 4326 1103 46 50 424 5024 2778 529 160 103 50 425
internal_value=0.000517137 0.000365206 0.000223085 0.00116479 0.000156043 -0.000327391 0.000309928 0.000921149 6.61619e-05 -0.00342558 -0.000193151 -0.00419022 -0.00556654 -0.000134826 -0.000514847 0.00159048 0.00106798 -0.00119035 0.00120757 0.000176367 -0.00167057 -0.000483696 0.000277895 0.00126651 0.000795565 -0.000162697 -0.00130836 -0.00179513 -0.00559091 -0.00118115
internal_weight=40526 37597 31924 5673 30433 7348 23085 6581 16504 429 12176 183 262 6919 4882 1491 6398 372 6026 1700 597 551 474 5556 4328 12132 1267 1107 153 954
internal_count=40526 37597 31924 5673 30433 7348 23085 6581 16504 429 12176 183 262 6919 4882 1491 6398 372 6026 1700 597 551 474 5556 4328 12132 1267 1107 153 954
is_linear=0
shrinkage=0.03


Tree=158
num_leaves=31
num_cat=0
split_feature=11 22 6 38 6 27 23 32 4 14 28 8 8 29 6 8 25 7 9 32 4 18 10 27 27 41 5 38 23 28
split_gain=13.4027 3.82843 3.52306 3.7587 3.64178 3.29086 2.97198 3.01584 2.85369 2.71615 2.71474 2.68084 2.61496 4.74473 2.56057 2.65234 5.34749 2.4893 3.45737 2.41295 2.4052 2.63512 3.14643 3.21511 2.75098 2.34428 2.32719 3.40548 4.35772 4.3222
threshold=197.64875000000004 1.0000000180025095e-35 4.6951541850220275 91.915000000000035 16.35550660792952 31804.515520833334 6.5000000000000009 103.33125000000001 2.5000000000000004 53.360000000000007 37544.462812500009 42.13750000000001 524.60000000000002 212.10875000000001 30.328193832599123 604.07500000000016 133.62770833333335 11.862847222222227 93.605000000000004 71.955000000000013 92.500000000000014 1.0000000180025095e-35 -0.0099999999999999482 33821.791666666679 38037.916666666679 -5277.4313004078967 39056.250000000007 5.1012500000000047 1.5000000000000002 49955.312500000007
decision_type=10 2 2 10 2 10 2 10 2 10 10 2 2 10 2 2 10 2 10 10 2 2 10 10 10 10 2 10 2 10
left_child=2 6 8 5 11 9 -2 -8 19 -4 -6 -5 -9 -14 15 17 20 26 -19 -1 -17 25 24 -24 -23 -22 -7 -28 29 -29
right_child=1 -3 3 4 10 14 7 12 -10 -11 -12 -13 13 -15 -16 16 -18 18 -20 -21 21 22 23 -25 -26 -27 27 28 -30 -31
leaf_value=0.0010699877761107912 0.56569937522050795 -0.10419430155516488 -0.063632011659491935 -0.25670316343394695 -0.4529144670640004 -0.026912845863516242 -1.132752704071428 0.38422956718759083 0.0763451085260341 0.129249012189766 -0.85879535084554803 0.10453159193704144 -0.80079617662835856 0.30310303654438386 0.10816193416224852 -0.36367408788578492 -0.95032994201729082 -0.031103542895296741 -0.3107991943184964 -0.28978227968845033 0.037200303486657045 -0.27262644495564964 -0.44826700783327361 -0.0088358748885826819 -2.7100637592668622 -0.043212115658823727 0.028473319585909162 -0.043057313489591152 0.03811464081100651 -0.25769056996530515
leaf_weight=47 4691 272 192 280 174 4439 77 1059 3318 2711 41 353 41 72 528 72 71 172 58 40 773 40 42 368 49 234 14542 3187 2343 228
leaf_count=47 4691 272 192 280 174 4439 77 1059 3318 2711 41 353 41 72 528 72 71 172 58 40 773 40 42 368 49 234 14542 3187 2343 228
internal_value=0.000457164 0.00173926 0.000224937 0.000123989 -0.00184452 0.000179601 0.00189867 0.0005976 0.00114063 0.00113946 -0.00520833 -0.000695583 0.000976982 -0.00334211 7.69147e-05 3.58392e-05 -0.00112909 0.000112815 -0.00298701 -0.00419318 -0.000763774 -0.00050564 -0.002286 -0.00116788 -0.00736667 0.000377976 0.000141754 0.000277819 -0.000339642 -0.00102313
internal_weight=40514 6212 34302 30897 848 30049 5940 1249 3405 2903 215 633 1172 113 27146 26618 1649 24969 230 87 1578 1506 499 410 89 1007 24739 20300 5758 3415
internal_count=40514 6212 34302 30897 848 30049 5940 1249 3405 2903 215 633 1172 113 27146 26618 1649 24969 230 87 1578 1506 499 410 89 1007 24739 20300 5758 3415
is_linear=0
shrinkage=0.03


Tree=159
num_leaves=31
num_cat=0
split_feature=25 1 1 13 8 38 38 6 28 12 4 4 27 40 10 6 7 4 14 39 27 26 28 39 15 5 16 14 5 11
split_gain=13.1321 3.54139 3.2661 4.26648 9.20765 4.80621 3.2217 4.57095 4.47694 3.6472 4.01625 7.83687 7.49285 3.61029 3.89565 3.97349 4.81197 3.60901 3.60756 3.57302 3.14755 5.46591 3.13866 3.15218 3.08614 3.01428 2.93646 2.91005 2.81151 2.77958
threshold=218.5529166666667 1.0000000180025095e-35 4.5000000000000009 240.94000000000003 556.63125000000014 197.30500000000004 28.115000000000006 14.538766519823794 51356.724062500005 69.39104166666668 259.50000000000006 263.50000000000006 40606.250000000007 -19.380000000000013 160.92500000000004 18.527533039647583 6.0156250000000027 2.5000000000000004 220.38000000000002 -8.4950000000000028 37668.578020833338 38345.467500000006 35282.250000000007 -31.182499999999994 152.76020833333334 46601.375000000007 3465.2187251721621 57.045000000000009 47303.312500000007 117.15500000000002
decision_type=10 2 2 10 2 10 8 2 10 10 2 2 10 10 10 2 2 2 10 10 10 10 10 10 10 2 8 10 2 10
left_child=1 27 24 4 5 -4 9 8 -8 -3 17 12 29 -13 15 20 -17 -11 -9 -10 -15 -22 23 -20 -2 -25 -23 28 -1 -12
right_child=2 6 3 -5 -6 -7 7 18 19 10 11 13 -14 14 -16 16 -18 -19 22 -21 21 26 -24 25 -26 -27 -28 -29 -30 -31
leaf_value=-0.082211708814440315 -0.25417671109812279 -0.0043542324479644888 0.16327130442477966 0.96245269414733003 -1.1289189611397799 -1.3807087575056958 0.013083631846883974 -0.063758855588395863 -0.017629847255249579 -0.27402143107265492 -1.0371986297250515 0.092762911538755571 0.19036274799163438 0.15430306197797058 0.15375891054918178 -0.29223783786160529 -1.0677476568528776 0.076147089399402804 0.26029758336239023 -0.3452984870739208 -0.75858870020057501 0.047913662236266065 -0.83836022945421473 -0.77994013770293813 0.71263125417053341 -0.085790346678508517 -0.17824600155527648 0.10703972994254513 0.025409293222003165 -0.94582909758103106
leaf_weight=218 40 10946 431 506 41 53 3642 857 79 77 40 1753 52 520 600 148 54 10123 119 79 84 449 109 110 3791 70 646 4581 219 46
leaf_count=218 40 10946 431 506 41 53 3642 857 79 77 40 1753 52 520 600 148 54 10123 119 79 84 449 109 110 3791 70 646 4581 219 46
internal_value=0.000475966 0.000276318 0.00193831 0.000438954 -0.00145437 -0.000284536 0.000155176 -0.000535926 -1.57852e-05 0.000292259 0.000602755 -0.000155702 -0.00716547 7.33256e-05 -0.000658273 -0.00132334 -0.00529064 0.000929321 -0.00209716 -0.0049434 -0.000848823 -0.00170593 -0.00441565 -0.00281 0.0023416 -0.00530387 -0.00113595 0.00101494 -0.00132192 -0.0125517
internal_weight=40483 35621 4862 1031 525 484 30603 5065 3800 25538 14592 4392 138 4254 2501 1901 202 10200 1265 158 1699 1179 408 299 3831 180 1095 5018 437 86
internal_count=40483 35621 4862 1031 525 484 30603 5065 3800 25538 14592 4392 138 4254 2501 1901 202 10200 1265 158 1699 1179 408 299 3831 180 1095 5018 437 86
is_linear=0
shrinkage=0.03


Tree=160
num_leaves=31
num_cat=0
split_feature=30 5 10 11 25 16 13 28 25 26 16 13 27 13 10 8 14 24 39 4 28 18 27 8 6 15 6 13 28 13
split_gain=12.753 4.56 5.21956 5.9797 4.81457 4.51411 4.50414 3.49576 3.75293 6.64703 3.47511 3.35334 2.86112 5.29811 5.09094 2.79844 2.75483 5.42636 4.59103 2.63926 2.62109 2.64045 2.5352 2.50632 3.89338 3.13754 2.80873 2.46526 2.41469 3.50861
threshold=266.28000000000003 50578.187500000007 396.59500000000008 367.71000000000009 86.362291666666678 4108.2312137203999 98.261250000000018 42578.875000000007 81.920885416666678 45515.000000000007 6503.9519211710494 105.05000000000001 31804.515520833334 148.29500000000004 175.68000000000004 344.53125000000006 114.57500000000002 49.922500000000007 -13.319999999999995 350.50000000000006 38534.20625000001 1.0000000180025095e-35 47793.750000000007 146.51250000000002 19.54118942731278 171.18250000000003 30.328193832599123 183.72500000000002 33777.187500000007 82.09875000000001
decision_type=10 2 10 10 10 10 10 8 10 10 8 10 10 10 10 2 10 10 10 2 10 2 10 2 2 10 2 10 10 10
left_child=1 2 12 -4 7 -6 19 -3 10 -10 -9 -8 20 23 -15 -16 -12 -18 22 -7 21 -1 -19 24 -14 26 28 -23 29 -25
right_child=-2 4 3 -5 5 6 11 8 9 -11 16 -13 13 14 15 -17 17 18 -20 -21 -22 27 -24 25 -26 -27 -28 -29 -30 -31
leaf_value=0.13890760933890089 1.3148535249451307 0.050591503955468388 -1.2504822945958123 0.65842602579559784 0.18013552674747138 0.035273500815452358 -0.29970446645414212 0.13132386292453843 -0.48561412223986383 -0.082277432585261184 -0.0067371236065385462 -0.041777230090176594 0.00030731924711570866 -1.2141904170719489 0.003135022126003677 -0.89423510498752157 0.050074249153374391 -0.11352999594591844 -0.41918711929197222 -0.27459716648474047 -0.20910595400660634 0.018007737156419297 -0.30770040540768462 -0.10057033148462188 0.17367455595416825 -0.50823040557963939 0.10305178001031147 -0.45829215483956148 -0.01604517094212838 -0.69953486252757491
leaf_weight=2636 2889 2603 51 41 6770 1172 58 1034 40 346 2332 96 9406 47 134 42 138 141 72 72 73 880 58 481 2158 104 310 147 6078 47
leaf_count=2636 2889 2603 51 41 6770 1172 58 1034 40 346 2332 96 9406 47 134 42 138 141 72 72 73 880 58 481 2158 104 310 147 6078 47
internal_value=0.000476506 0.000328764 6.03023e-05 -0.00703226 0.000735686 0.00122585 -0.000325947 0.000143681 -0.000395723 -0.0032093 -0.000107256 -0.00514839 8.95583e-05 -6.10909e-05 -0.00464732 -0.00227119 -0.000666302 -0.00293415 -0.00539338 0.000274699 0.000847739 0.000960426 -0.003015 -5.81103e-06 0.000265629 -0.000452927 -0.000374729 -0.000329766 -0.000505827 -0.00244991
internal_weight=40456 37567 22635 92 14932 8168 1398 6764 4161 386 3775 154 22543 18807 223 176 2741 409 271 1244 3736 3663 199 18584 11564 7020 6916 1027 6606 528
internal_count=40456 37567 22635 92 14932 8168 1398 6764 4161 386 3775 154 22543 18807 223 176 2741 409 271 1244 3736 3663 199 18584 11564 7020 6916 1027 6606 528
is_linear=0
shrinkage=0.03


Tree=161
num_leaves=31
num_cat=0
split_feature=9 6 7 32 14 35 0 40 2 17 15 27 6 14 14 41 1 0 15 0 13 12 27 15 0 7 18 37 1 15
split_gain=12.8828 4.91622 3.79058 3.56919 2.84127 3.74713 2.6765 2.88741 4.14464 3.16643 2.75775 4.60682 4.83444 3.12699 5.10445 2.516 2.47504 2.43901 5.02476 2.2615 2.22467 2.64253 2.52181 5.04449 2.62985 2.13037 2.04326 3.24828 1.97303 2.55572
threshold=286.74500000000006 4.6951541850220275 4.7343750000000027 83.393750000000011 144.92000000000004 25.810000000000006 14.500000000000002 -38.044999999999987 9.5000000000000018 2.0394400000000004 163.04484375000001 34955.294375000005 17.990528634361237 113.44500000000001 108.93000000000002 5434.6530780996445 1.0000000180025095e-35 6.5000000000000009 88.211041666666674 22.500000000000004 75.030000000000015 159.83239583333338 38675.583593750001 233.41687500000003 7.5000000000000009 7.0850694444444473 1.0000000180025095e-35 122.88500000000001 1.5000000000000002 103.03078125
decision_type=10 2 2 10 10 10 2 10 2 10 10 10 2 10 10 10 2 2 10 2 10 10 10 10 2 2 2 10 2 10
left_child=1 4 3 16 5 -1 7 -4 9 -9 11 -10 13 14 17 -7 -3 18 -13 -8 -12 -22 23 -23 -24 -21 -5 -28 -15 -30
right_child=-2 2 6 26 -6 15 19 8 10 -11 20 12 -14 28 -16 -17 -18 -19 -20 25 21 22 24 -25 -26 -27 27 -29 29 -31
leaf_value=0.033353573601802321 1.5368946978438778 0.11862611922181537 0.011534717391074456 0.16800821881569089 0.20063429013068154 -0.29263985701073603 0.030072459154593612 0.0007613723207296803 0.13325263628977674 -0.11190203834933957 0.0095576313326278337 -0.029466077071093302 -0.80084439003611918 0.30574758987654288 -0.8210105025233333 0.2584785211002163 -0.0095372850435052042 -0.0088633755041643315 -0.8975207707308982 0.0037042501616372475 -0.45835232137094561 -1.1665934412310852 -0.52004006127906099 -0.12126816019097902 0.15239138148701697 -0.14531548670295705 0.04658014523044144 -0.71719920014267025 0.0088308844592434165 -0.17920142639371558
leaf_weight=1775 2936 922 4063 4656 2025 47 8219 5767 347 1011 118 105 41 171 40 40 3757 176 52 690 56 54 126 65 106 368 2059 40 344 186
leaf_count=1775 2936 922 4063 4656 2025 47 8219 5767 347 1011 118 105 41 171 40 40 3757 176 52 690 56 54 126 65 106 368 2059 40 344 186
internal_value=0.000472859 0.000322708 0.000205635 0.00064906 0.00133256 0.000486313 -2.37491e-05 -0.000304466 -0.000610883 -0.00025756 -0.00181539 -0.00114422 -0.00208333 -0.00169116 -0.00390642 -0.00555682 1.21796e-05 -0.00266766 -0.00537342 0.000364411 -0.00367871 -0.00472794 -0.00374148 -0.007275 -0.00190558 -0.00094051 0.00109014 0.000312857 -0.000508547 -0.00141243
internal_weight=40362 37426 33539 11434 3887 1862 22105 12828 8765 6778 1987 1462 1115 1074 373 87 4679 333 157 9277 525 407 351 119 232 1058 6755 2099 701 530
internal_count=40362 37426 33539 11434 3887 1862 22105 12828 8765 6778 1987 1462 1115 1074 373 87 4679 333 157 9277 525 407 351 119 232 1058 6755 2099 701 530
is_linear=0
shrinkage=0.03


Tree=162
num_leaves=31
num_cat=0
split_feature=34 1 1 14 0 5 32 13 14 34 38 4 12 4 4 25 4 34 17 26 38 38 27 27 29 41 27 36 16 26
split_gain=12.4101 3.47242 3.23436 4.17981 3.45131 3.31479 3.21628 9.02654 5.2903 2.88363 3.56045 4.37144 3.71212 2.84308 2.62955 2.45904 2.57213 5.08484 2.45912 3.08056 2.79895 2.77369 2.44683 5.95989 2.4403 2.25795 2.25706 2.267 3.29719 2.12135
threshold=240.06500000000003 4.5000000000000009 1.0000000180025095e-35 57.045000000000009 5.5000000000000009 47400.812500000007 156.82500000000002 229.99000000000004 378.58500000000009 86.015000000000015 44.634999999999998 174.50000000000003 62.638541666666676 2.5000000000000004 293.50000000000006 9.5979687500000015 343.50000000000006 50.005000000000003 6212.1987400000007 29132.000000000004 -5.1512500000000037 -97.454999999999998 34253.666666666672 37560.375000000007 48.453750000000007 1891.7191633936529 41950.354166666672 -0.64000000000000024 5891.7438244938066 38669.481250000004
decision_type=10 2 2 10 2 2 10 10 10 10 10 2 10 2 2 8 2 10 8 8 10 8 10 10 10 10 10 10 8 8
left_child=2 -2 3 5 -5 -1 7 8 -3 15 13 12 -12 24 22 -4 18 -18 19 -17 -21 -20 -13 -24 -11 -15 27 -22 -29 -23
right_child=1 6 9 4 -6 -7 -8 -9 -10 10 11 14 -14 25 -16 16 17 -19 21 20 26 29 23 -25 -26 -27 -28 28 -30 -31
leaf_value=-0.091056755747330353 0.98823234245226188 -0.41770986311189995 0.043738272345219813 -0.0063078152079306714 0.18829016996588407 0.023692499347317396 0.59357063297147461 0.44213442233704886 -1.1232301337138944 0.10285975979454863 -0.26720173636484967 -0.23916096858285604 0.057726992037941662 0.024505984011524762 -0.090589610408180241 -0.33452116265009907 0.021338945314657218 -0.20026428781023603 -0.35747021409944985 -0.0011119566186735068 -0.1076507904624021 0.025566579929693183 -0.82136808073257361 -0.17032904596771734 -0.31956153923363079 0.090074032314015534 0.17292783568756054 -0.16863889723356895 -0.54720906843924677 -0.017153506457905025
leaf_weight=222 3227 111 499 1244 3675 226 674 405 65 47 186 178 1541 14525 595 41 137 150 46 1155 705 3406 87 85 52 3143 80 120 51 3768
leaf_count=222 3227 111 499 1244 3675 226 674 405 65 47 186 178 1541 14525 595 41 137 150 46 1155 705 3406 87 85 52 3143 80 120 51 3768
internal_value=0.000460306 0.0019487 0.000274767 0.000953987 0.00120671 -0.00181737 0.000609077 -0.00102577 -0.00667797 0.000155599 0.00036091 -0.000659933 0.000237847 0.000514464 -0.00229915 -0.000257506 -0.000363664 -0.00315625 -0.000277819 -0.00116767 -0.0010071 -1.24635e-05 -0.00435897 -0.00690173 -0.00453 0.000542985 -0.0022069 -0.00264766 -0.00573837 3.51221e-05
internal_weight=40446 4482 35964 5367 4919 448 1255 581 176 30597 20439 2672 1727 17767 945 10158 9659 287 9372 2152 2111 7220 350 172 99 17668 956 876 171 7174
internal_count=40446 4482 35964 5367 4919 448 1255 581 176 30597 20439 2672 1727 17767 945 10158 9659 287 9372 2152 2111 7220 350 172 99 17668 956 876 171 7174
is_linear=0
shrinkage=0.03


Tree=163
num_leaves=31
num_cat=0
split_feature=9 0 41 18 0 15 7 17 12 26 40 28 40 13 5 9 12 18 4 13 35 11 28 6 24 11 38 25 15 4
split_gain=12.924 4.03634 4.16467 3.39945 8.16525 5.63936 4.86054 4.19666 3.4065 6.32072 3.42065 3.02666 3.10287 2.92857 2.80474 2.73257 6.71332 2.60339 2.57392 2.82819 2.4344 2.42413 2.39365 2.31269 2.60181 2.63072 2.81402 2.59024 2.33424 3.10536
threshold=286.74500000000006 16.500000000000004 1374.3138850538783 1.0000000180025095e-35 5.5000000000000009 42.728750000000012 4.4947916666666687 6689.1005950000008 258.53812500000009 29447.500000000004 2.5099999999999949 34045.45203125001 13.220000000000015 0.10250000000000002 35196.562500000007 102.00125000000001 111.16937500000002 1.5000000000000002 348.50000000000006 -1.0000000180025095e-35 7.9250000000000016 82.30125000000001 27877.312500000004 6.7528634361233495 3.5550000000000002 58.318750000000009 54.025000000000013 110.97770833333335 72.386250000000004 70.500000000000014
decision_type=10 2 8 2 2 10 2 10 10 10 10 10 10 8 2 10 10 2 2 10 10 10 10 2 10 10 10 10 10 2
left_child=1 3 -3 6 -5 13 7 -1 10 -10 -7 -8 14 -6 -13 -12 17 -17 -4 -20 -14 -9 -18 -16 -25 28 -27 -28 -26 -30
right_child=-2 2 18 4 5 8 11 21 9 -11 15 12 20 -15 23 16 22 -19 19 -21 -22 -23 -24 24 25 26 27 -29 29 -31
leaf_value=0.13717473103783345 1.4515683756182429 -0.011812936056042896 0.10459324282173416 0.053531880954978933 -0.044081493618815741 -0.061061575856854219 0.081646529585445063 -0.0090846676745991155 -1.034519110473094 0.67443171696390947 -0.09128188899231976 -0.13007767015708116 -0.32448553119656182 0.046417006523298013 0.045762682906943811 -0.43854564278746005 -0.64078838953370076 -0.46425820452693839 -0.1803295574198894 -0.024723459298779258 -0.11072018076593204 -0.2551238689768775 -0.043503082355990083 0.028070563709592315 -0.043852609413802673 0.010207931437165158 -0.21702631488567425 0.0056045012090769949 -0.39067727014916481 -0.24533038522557171
leaf_weight=5073 2892 2372 7989 2957 817 2883 2335 832 51 40 239 320 71 934 2093 67 60 42 40 317 140 77 205 601 1919 4277 248 211 53 209
leaf_count=5073 2892 2372 7989 2957 817 2883 2335 832 51 40 239 320 71 934 2093 67 60 42 40 317 140 77 205 601 1919 4277 248 211 53 209
internal_value=0.000465552 0.000316388 0.000808284 0.000119305 -0.000385125 -0.0010856 0.000345991 0.00104897 -0.00176672 -0.00746739 -0.00161624 8.89577e-06 -0.000215321 0.000309932 -0.000138643 -0.00364984 -0.005248 -0.0114818 0.00112352 -0.00136592 -0.0038066 -0.000827472 -0.00265038 -4.65043e-05 -0.00029206 -0.000456635 -5.95312e-05 -0.00228913 -0.00131851 -0.00396958
internal_weight=40364 37472 10718 26754 8295 5338 18459 5982 3587 91 3496 12477 10142 1751 9931 613 374 109 8346 357 211 909 265 9611 7518 6917 4736 459 2181 262
internal_count=40364 37472 10718 26754 8295 5338 18459 5982 3587 91 3496 12477 10142 1751 9931 613 374 109 8346 357 211 909 265 9611 7518 6917 4736 459 2181 262
is_linear=0
shrinkage=0.03


Tree=164
num_leaves=31
num_cat=0
split_feature=34 1 7 5 37 1 14 40 4 4 12 4 4 7 40 27 28 0 9 11 35 12 4 5 0 37 14 41 3 12
split_gain=12.0016 4.6946 3.57519 5.01708 3.74841 3.35376 4.10371 3.7036 3.50392 7.49363 2.79962 4.46416 6.08368 3.99902 3.48944 3.41334 3.38059 2.65874 2.87769 2.64226 2.44117 2.3206 3.12305 2.29827 2.18251 3.01238 3.3076 2.20831 2.68282 2.3924
threshold=229.93500000000003 4.5000000000000009 8.0260416666666696 54656.250000000007 206.89000000000001 1.0000000180025095e-35 50.052500000000002 27.510000000000002 192.50000000000003 178.50000000000003 86.420260416666693 259.50000000000006 262.50000000000006 10.071180555555559 -14.739999999999986 55427.884739583344 38401.22187500001 14.500000000000002 130.06500000000003 272.52000000000004 1.9625000000000024 84.866770833333348 297.50000000000006 47906.250000000007 5.5000000000000009 0.5799999999999913 80.010000000000005 10093.469864818015 1.0000000180025095e-35 25.359479166666667
decision_type=10 2 2 2 10 2 10 8 2 2 10 2 2 2 10 10 10 2 10 10 10 10 2 2 2 10 10 8 2 10
left_child=5 -2 4 -4 -3 6 23 10 9 -9 17 15 16 14 -14 20 -13 18 21 -16 -12 -7 -23 -1 25 -8 -27 29 -29 -26
right_child=1 2 3 -5 -6 7 24 8 -10 -11 11 12 13 -15 19 -17 -18 -19 -20 -21 -22 22 -24 -25 27 26 -28 28 -30 -31
leaf_value=-0.053806045264860054 0.80452320902461261 0.31879585167839891 -1.1991011853725286 0.10178779204508012 -0.70610797706752204 -0.010616993576962195 0.033573755117474763 -0.12164441796954663 -0.015340795701290266 -0.42899440358281987 0.12427420794105035 -0.82745126598786722 0.086297623652772271 -0.28008511161340832 -0.036273648025603698 -0.24552829452227953 -0.15856546343946923 0.020147384082811855 -0.67684479261106312 -0.49220736791074515 0.033539072273478264 -0.099776726776347302 -0.7448627650323888 0.025545949961147858 -0.059735657732737368 -0.16713171695565221 -0.18111305408533648 0.38374287918640504 -0.18126687870991642 0.16064388217434397
leaf_weight=195 3612 1193 40 65 54 10257 1043 136 227 49 5018 53 1534 89 2261 97 58 6164 47 74 3952 224 48 109 474 59 177 2355 137 836
leaf_count=195 3612 1193 40 65 54 10257 1043 136 227 49 5018 53 1534 89 2261 97 58 6164 47 74 3952 224 48 109 474 59 177 2355 137 836
internal_value=0.000463384 0.00184532 0.000337029 -0.00495283 0.000786058 0.000271038 0.000960824 0.000148371 -0.00267312 -0.00572581 0.000187368 0.000515186 -0.000310319 -0.00011518 3.02327e-05 0.000885642 -0.00720536 -6.98882e-05 -0.000358514 -0.000699914 0.000946383 -0.000325071 -0.00305494 -0.00241967 0.00116352 9.14064e-05 -0.00296203 0.00152406 0.00204813 0.000526316
internal_weight=40637 4964 1352 105 1247 35673 5385 30288 412 185 29876 13136 4069 3958 3869 9067 111 16740 10576 2335 8970 10529 272 304 5081 1279 236 3802 2492 1310
internal_count=40637 4964 1352 105 1247 35673 5385 30288 412 185 29876 13136 4069 3958 3869 9067 111 16740 10576 2335 8970 10529 272 304 5081 1279 236 3802 2492 1310
is_linear=0
shrinkage=0.03


Tree=165
num_leaves=31
num_cat=0
split_feature=14 32 14 15 7 5 28 41 34 27 17 6 5 33 13 26 27 28 0 17 15 8 17 5 4 27 5 25 7 25
split_gain=12.3975 5.12436 4.13863 6.94139 3.057 5.40382 3.60795 2.76303 3.72602 3.45637 3.50881 3.38867 2.78876 2.87859 3.62749 5.97999 2.89576 4.96535 3.45117 3.18385 3.46146 2.73616 2.53386 2.51002 3.6577 2.49242 3.16132 3.704 2.47859 4.63071
threshold=418.44000000000005 152.78500000000003 378.58500000000009 250.48604166666669 8.1267361111111143 60751.500000000007 49955.312500000007 3287.8837271892885 190.68500000000003 31804.515520833334 5060.1207300000015 14.888986784140972 70093.750000000015 177.63250000000002 93.280000000000015 33391.443750000006 46847.227031250011 45039.429687500007 9.5000000000000018 5493.3056950000018 63.267656250000009 426.93125000000003 4011.3294600000013 57205.250000000007 322.50000000000006 30222.437500000004 52106.250000000007 216.12250000000003 8.2864583333333375 351.38812500000012
decision_type=8 8 10 10 2 2 10 10 10 10 8 2 2 10 10 10 10 8 2 8 8 2 10 2 2 10 2 10 2 10
left_child=1 2 7 -4 6 -6 21 9 22 10 11 -1 13 16 -15 -16 23 18 -18 -19 -21 -3 -9 24 -11 -23 27 -27 -2 -30
right_child=28 4 3 -5 5 -7 -8 8 -10 12 -12 -13 -14 14 15 -17 17 19 -20 20 -22 25 -24 -25 -26 26 -28 -29 29 -31
leaf_value=0.017784142682481706 1.7343550778915824 0.27663795836333926 -0.74701685747848556 -0.1705599505622766 -0.37661258494549549 0.39612279569379583 -0.23825193681694254 0.094689154953183072 -0.36659551823322545 0.0032958436854815185 0.11945994325806565 -0.15710865711296931 0.084185955894652581 -0.037556136714458836 -1.1882124650708104 -0.19555304753762742 -0.08460183099107943 0.010561450944848874 -0.30198430654103287 -0.0069692793644583854 -0.10964234460582117 0.10201492659994375 -0.030239806067619376 0.055537509406581045 -0.12899281710721536 -0.22821239592782636 0.069288658089726798 -0.8537601499134333 1.4216943313553698 -1.7111980430739981
leaf_weight=105 2478 4928 40 93 335 275 78 3304 65 18050 2517 94 883 896 47 294 57 1382 59 413 420 277 669 2011 506 50 94 42 67 42
leaf_count=105 2478 4928 40 93 335 275 78 3304 65 18050 2517 94 883 896 47 294 57 1382 59 413 420 277 669 2011 506 50 94 42 67 42
internal_value=0.000468131 0.000331236 0.00017912 -0.00508209 0.00112944 -0.000883797 0.00135411 0.000201303 0.00093439 9.45377e-05 0.00111078 -0.002715 -1.58279e-05 -7.64417e-05 -0.00148546 -0.00411403 -2.61908e-07 -0.00100214 -0.00702564 -0.000683664 -0.00214748 0.00144714 0.00105159 0.000113331 4.20338e-06 -0.000756465 -0.00343315 -0.00735484 0.0024772 -0.00193636
internal_weight=40571 37984 31905 133 6079 610 5469 31772 4038 27734 2716 199 25018 24135 1237 341 22898 2331 116 2215 833 5391 3973 20567 18556 463 186 92 2587 109
internal_count=40571 37984 31905 133 6079 610 5469 31772 4038 27734 2716 199 25018 24135 1237 341 22898 2331 116 2215 833 5391 3973 20567 18556 463 186 92 2587 109
is_linear=0
shrinkage=0.03


Tree=166
num_leaves=31
num_cat=0
split_feature=25 38 32 15 4 25 18 7 10 26 30 18 6 5 11 0 0 7 25 11 15 14 12 25 31 12 14 0 32 4
split_gain=12.1532 3.46113 4.62813 5.58994 4.38713 3.76973 5.30461 3.4129 3.69535 3.32603 3.2513 2.8764 4.4623 2.77046 2.65537 2.63236 3.42831 3.07918 2.44412 3.07516 3.01964 4.16146 3.48955 3.19909 3.0933 2.51745 2.36889 2.67933 2.35924 2.35022
threshold=218.5529166666667 62.451250000000002 119.94500000000001 97.197760416666668 32.500000000000007 69.346145833333352 1.0000000180025095e-35 4.9843750000000018 4.4375000000000009 55305.812500000007 244.68500000000003 1.0000000180025095e-35 16.35550660792952 33356.250000000007 164.84500000000003 16.500000000000004 4.5000000000000009 6.9010416666666687 49.953125000000007 101.91375000000001 81.781979166666687 116.20000000000002 66.749375000000015 51.722291666666671 55.685000000000009 41.885000000000005 244.65500000000003 11.500000000000002 161.33500000000004 350.50000000000006
decision_type=10 8 8 10 2 10 2 2 10 10 8 2 2 2 10 2 2 2 8 10 10 10 10 8 10 10 10 2 8 2
left_child=1 5 4 -4 -3 18 7 -7 -9 13 11 -2 -13 -10 -12 16 -8 -17 25 20 23 22 -22 24 -20 -1 27 -18 -5 -15
right_child=10 2 3 28 -6 6 15 8 9 -11 14 12 -14 29 -16 17 26 -19 19 -21 21 -23 -24 -25 -26 -27 -28 -29 -30 -31
leaf_value=-0.0041986309263848109 0.22441925532899462 0.19430495215570226 -0.41016417842899067 -0.39444192167215175 -0.091951175449945244 0.13518747646100321 0.084104222757674249 -0.15431287950789391 -0.73163673447989597 -0.20646079642936951 -0.47576119052399496 0.028531600962011811 -0.83490136933137038 0.072244317193825999 1.233665206977363 0.18159935502821287 -0.15669925868330734 -0.062995371765825606 0.034131923235244013 0.10231465222862489 -0.13791934024916652 0.016294695478856772 -0.68310036665129215 -0.0073425599307152898 -0.2173249060591865 0.047257097648906912 0.21138793821368485 -0.019610720769459175 0.31352412703906496 -0.11865296930813318
leaf_weight=5569 1441 480 46 193 1785 6076 949 252 57 71 40 329 77 7257 2971 928 1102 342 171 627 229 187 55 3944 300 3669 279 776 101 236
leaf_count=5569 1441 480 46 193 1785 6076 949 252 57 71 40 329 77 7257 2971 928 1102 342 171 627 229 187 55 3944 300 3669 279 776 101 236
internal_value=0.000455772 0.000264083 -0.000788565 -0.00404692 -0.000297882 0.000347009 0.000634345 0.000920215 0.000507874 0.000626214 0.00186335 0.000871753 -0.00135627 0.000687326 0.00247112 -0.000276902 -0.000747345 0.000873328 -9.96464e-06 -0.000509793 -0.000763659 -0.00304449 -0.00532632 -0.000519701 -0.00285381 0.000288343 -0.00140825 -0.00179138 -0.00250169 0.00073779
internal_weight=40539 35681 2605 340 2265 33076 18325 13949 7873 7621 4858 1847 406 7550 3011 4376 3106 1270 14751 5513 4886 471 284 4415 471 9238 2157 1878 294 7493
internal_count=40539 35681 2605 340 2265 33076 18325 13949 7873 7621 4858 1847 406 7550 3011 4376 3106 1270 14751 5513 4886 471 284 4415 471 9238 2157 1878 294 7493
is_linear=0
shrinkage=0.03


Tree=167
num_leaves=31
num_cat=0
split_feature=9 40 13 28 34 11 6 24 6 16 11 18 28 28 14 4 32 13 13 28 0 9 10 14 28 15 14 25 24 1
split_gain=12.0038 3.76025 3.81834 4.17179 3.51047 3.50066 3.63796 4.11645 3.03324 3.40299 3.3041 3.87116 4.33974 2.89565 2.7811 2.75106 3.32306 3.88323 6.15902 2.69133 2.97684 2.58663 2.55769 4.84333 3.83991 2.54127 2.73604 5.54632 3.22404 2.49789
threshold=266.61500000000007 34.675000000000004 64.260000000000005 33777.187500000007 127.11000000000001 190.00500000000002 12.14603524229075 166.70875000000004 4.6951541850220275 5486.9170827744174 105.18500000000002 1.0000000180025095e-35 51356.724062500005 38401.22187500001 353.65125000000006 339.50000000000006 93.105000000000004 82.633750000000006 134.87750000000003 36417.611383928575 9.5000000000000018 197.60500000000005 118.34500000000001 179.53500000000003 37544.462812500009 144.3897916666667 148.38375000000005 116.21500000000002 136.57500000000002 2.5000000000000004
decision_type=10 8 8 10 10 10 2 10 2 8 10 2 10 10 10 2 10 10 10 10 2 10 10 10 10 8 10 10 10 2
left_child=1 4 -3 -4 25 6 -2 -8 -6 21 22 12 15 14 19 -12 -17 -18 -19 29 -21 -10 23 -11 -25 -1 27 -27 -29 -13
right_child=5 2 3 -5 8 -7 7 -9 9 10 11 13 -14 -15 -16 16 17 18 -20 20 -22 -23 -24 24 -26 26 -28 28 -30 -31
leaf_value=0.0071709541652808344 0.77324222952017485 -0.03861934317796778 -0.031051973558278656 -0.34451834260012698 0.20234090933408375 1.2059158589812282 0.08885307544162642 -0.71666216104756297 0.16314960728923533 -0.038192684805248858 0.137338626472401 -0.35188551873629231 -0.22332205191266993 0.067870466295419554 -0.88843481380590383 0.086350730472083026 0.16432141655364943 -0.77967295653397484 0.5894180375069098 -0.77282863271316082 -0.10351199437930098 -0.235113076038172 0.023116518713210084 -0.04875541167536758 -0.71887837707395064 -0.034352367877068142 0.016298776399358055 -0.71224058846055682 -0.059311931955576574 -0.018439629617991161
leaf_weight=23848 110 219 48 43 1709 3147 45 54 2126 557 4695 41 59 782 52 99 73 74 43 58 91 46 661 70 136 249 398 44 42 796
leaf_count=23848 110 219 48 43 1709 3147 45 54 2126 557 4695 41 59 782 52 99 73 74 43 58 91 46 661 70 136 249 398 44 42 796
internal_value=0.000450193 0.000294576 -0.00299035 -0.00811956 0.000322367 0.00216801 -0.00158571 -0.00573 0.000739091 0.000547514 0.000270391 0.000543269 0.000971253 -0.000642504 -0.00168046 0.0010676 -0.00176897 -0.00408377 -0.00744915 -0.00131915 -0.00502 0.00160423 -0.00104421 -0.00222644 -0.00614493 0.000116061 -0.00162262 -0.00361607 -0.0101379 -0.000655131
internal_weight=40415 37059 310 91 36749 3356 209 99 12168 10459 8287 6863 5043 1820 1038 4984 289 190 117 986 149 2172 1424 763 206 24581 733 335 86 837
internal_count=40415 37059 310 91 36749 3356 209 99 12168 10459 8287 6863 5043 1820 1038 4984 289 190 117 986 149 2172 1424 763 206 24581 733 335 86 837
is_linear=0
shrinkage=0.03


Tree=168
num_leaves=31
num_cat=0
split_feature=9 18 25 38 6 15 25 7 16 24 26 0 0 0 5 6 15 38 4 11 6 27 7 36 10 35 5 4 30 4
split_gain=12.5619 4.1319 5.5396 5.34996 6.71214 3.65952 3.51351 3.35355 3.50471 3.45614 4.51088 3.33596 4.55709 4.07518 3.34221 2.88142 2.76318 2.68446 4.69057 2.5788 2.56955 2.53811 2.48182 2.79465 2.39397 2.37321 2.36872 2.90033 4.92974 4.045
threshold=286.74500000000006 1.0000000180025095e-35 72.522083333333342 107.075 17.990528634361237 41.885000000000005 16.261927083333337 5.6267361111111134 4507.4750386758033 114.43500000000002 49176.500000000007 17.500000000000004 5.5000000000000009 10.500000000000002 37066.312500000007 12.318942731277534 30.627500000000005 6.9712499999999995 102.50000000000001 -0.068749999999999992 1.0000000180025095e-35 55427.884739583344 7.3697916666666687 -5.7025000000000068 136.77500000000003 -34.848749999999995 50368.750000000007 272.50000000000006 106.21875000000001 293.50000000000006
decision_type=10 2 10 8 2 8 8 2 10 10 10 2 2 2 2 2 10 10 2 10 2 10 2 10 10 10 2 2 10 2
left_child=1 2 16 5 -5 19 15 8 24 -10 -11 12 -8 -14 -15 -7 17 -1 -19 -3 -9 26 -13 25 -4 -24 27 -22 -29 -30
right_child=-2 3 7 4 -6 6 11 20 9 10 -12 22 13 14 -16 -17 -18 18 -20 -21 21 -23 23 -25 -26 -27 -28 28 29 -31
leaf_value=-0.017954392147640229 1.3051784240967332 -0.15944722963794625 0.098617056871921419 -0.12718111696571488 -0.89164484777362762 -0.018909492442708852 0.028274050712691279 -0.064775157972565264 0.045927110608924931 -0.24260775744460014 -0.72356071783343134 0.10170728787027544 -0.13387901292722815 -0.43520544723912225 -0.018213664066945266 -0.36768609994812185 0.0057128172297295412 -0.20082287767671039 -0.046157146393131301 0.048487651912750035 0.040545808425160673 -0.19255335119756473 0.0080204093825484522 0.013964112684537268 0.27387097758475437 -0.45389935147252247 0.069957657875373849 0.012607928687039848 -0.60943481193928084 -0.0084225048214532239
leaf_weight=1524 2940 476 6037 257 59 53 1959 51 176 87 40 1475 1542 64 2078 51 7722 107 210 3224 2108 57 44 320 2886 72 3971 473 238 171
leaf_count=1524 2940 476 6037 257 59 53 1959 51 176 87 40 1475 1542 64 2078 51 7722 107 210 3224 2108 57 44 320 2886 72 3971 473 238 171
internal_value=0.000447854 0.000299896 0.000511389 -0.000168565 -0.00401262 -6.12729e-05 -0.000435566 0.000847754 0.00122445 -0.00194408 -0.00569531 -0.000359762 -0.000726612 -0.00134817 -0.000501166 -0.00588571 -6.17941e-05 -0.00110586 -0.00361321 0.000713321 0.000356011 0.000405186 0.000723326 -0.00126316 0.00133225 -0.00523077 0.000457196 -0.000180542 -0.00162401 -0.00403171
internal_weight=40472 37532 25858 11674 316 11358 7658 16295 9226 303 127 7554 5643 3684 2142 104 9563 1841 317 3700 7069 7018 1911 436 8923 116 6961 2990 882 409
internal_count=40472 37532 25858 11674 316 11358 7658 16295 9226 303 127 7554 5643 3684 2142 104 9563 1841 317 3700 7069 7018 1911 436 8923 116 6961 2990 882 409
is_linear=0
shrinkage=0.03


Tree=169
num_leaves=31
num_cat=0
split_feature=11 30 27 9 1 8 38 11 17 18 1 15 6 13 27 39 2 1 33 11 34 37 12 23 15 6 1 2 8 1
split_gain=11.9984 3.8269 3.40217 3.58012 3.23324 3.11008 2.79408 3.40205 3.67159 4.19385 4.68038 4.98715 3.38592 3.98769 3.58693 3.42226 3.07687 2.91751 2.82637 4.54103 2.77925 2.75791 2.49029 2.95649 2.87322 2.39391 2.35983 2.30365 2.14218 2.11433
threshold=200.00500000000002 239.67000000000004 55427.884739583344 171.11000000000004 1.5000000000000002 438.38750000000005 26.445000000000004 62.175000000000004 5557.5726199999999 1.0000000180025095e-35 2.5000000000000004 110.01770833333335 16.518061674008816 54.595000000000006 33594.124322916679 3.100000000000009 10.500000000000002 5.5000000000000009 176.03000000000003 135.13500000000002 123.24000000000002 55.210000000000015 62.638541666666676 1.5000000000000002 21.927291666666672 7.2411894273127766 1.5000000000000002 6.5000000000000009 454.14375000000007 3.5000000000000004
decision_type=10 8 8 8 2 2 10 10 10 2 2 10 2 10 10 10 2 2 10 10 10 10 10 2 10 2 2 2 2 2
left_child=2 4 6 -4 -2 -6 7 16 9 -9 11 26 15 -14 17 22 -1 -15 20 -20 -16 -19 23 24 -8 -26 -11 -10 -12 -7
right_child=1 -3 3 -5 5 29 12 8 27 10 28 -13 13 14 18 -17 -18 21 19 -21 -22 -23 -24 -25 25 -27 -28 -29 -30 -31
leaf_value=-0.0071654637947291336 0.44246503306327756 0.88382816425017108 -0.10940335568827053 -0.28253156913706196 0.055016635357672525 -0.010704627548462648 -0.68097695657443835 0.077613722833098808 -0.13923669926427845 0.023568346760104553 0.01927700472318148 -0.33626065604337024 0.01527483022933428 0.018871978537330775 -0.52264189878707512 -0.1337978260998334 0.075531363725815301 -0.022317409193909364 -0.96052657539752451 -0.33547865964101559 0.21116268098775418 -0.66097864932062156 0.03720954549417186 0.014905225702079286 0.15782359414931565 -0.14601300747524221 -0.36608932206357186 -0.0079790192932589349 -0.36180549033733372 -0.66247850100769867
leaf_weight=10618 1026 3308 137 40 1512 80 58 12175 236 141 3951 44 411 218 55 49 967 46 58 41 44 48 3512 572 77 319 77 383 227 85
leaf_count=10618 1026 3308 137 40 1512 80 58 12175 236 141 3951 44 411 218 55 49 967 46 58 41 44 48 3512 572 77 319 77 383 227 85
internal_value=0.000425388 0.00166218 0.000209883 -0.00392697 0.000824334 1.2515e-05 0.000231327 0.000349653 0.000616884 0.000701432 -8.78179e-05 -0.00396958 -0.000387729 -0.00204664 -0.00381605 -5.42719e-05 -4.79025e-05 -0.00180192 -0.00696482 -0.01053 -0.00333 -0.00618947 3.17252e-05 -0.00126777 -0.00307253 -0.0021461 -0.00208219 -0.00165 0.000156497 -0.00388554
internal_weight=40515 6011 34504 177 2703 1677 34327 28819 17234 16615 4440 262 5508 921 510 4587 11585 312 198 99 99 94 4538 1026 454 396 218 619 4178 165
internal_count=40515 6011 34504 177 2703 1677 34327 28819 17234 16615 4440 262 5508 921 510 4587 11585 312 198 99 99 94 4538 1026 454 396 218 619 4178 165
is_linear=0
shrinkage=0.03


Tree=170
num_leaves=31
num_cat=0
split_feature=30 1 11 10 40 11 23 28 28 5 4 30 7 38 7 4 8 15 15 38 29 6 9 24 27 28 27 27 26 16
split_gain=11.0234 3.58177 3.47627 3.02281 3.33221 3.17025 2.43651 2.52186 2.16684 2.45054 3.74883 3.01263 5.59359 3.38457 2.30643 2.33749 2.96467 2.15465 2.15035 2.1377 2.84369 2.10012 2.08479 1.96423 1.79945 2.02188 4.98294 4.08199 2.94021 2.57235
threshold=260.00500000000005 1.0000000180025095e-35 48.195000000000007 427.30000000000007 -3.3362500000000064 128.90500000000003 2.5000000000000004 34956.812500000007 51356.724062500005 50368.750000000007 279.50000000000006 176.95125000000004 5.446180555555558 52.573750000000011 7.2031250000000018 108.50000000000001 328.51875000000007 147.62270833333335 88.211041666666674 22.735000000000003 220.35875000000001 17.195374449339212 220.94125000000003 214.89500000000001 52200.177051091276 43899.500000000007 44331.113854166673 44243.867395833346 37855.500000000007 6503.9519211710494
decision_type=10 2 10 8 10 10 2 10 10 2 2 10 2 10 2 2 2 10 10 10 10 2 10 10 10 10 10 10 10 8
left_child=1 2 18 5 -5 19 7 21 9 10 14 -12 -13 -14 15 16 -7 23 -1 24 -21 -4 -16 -2 25 -3 27 28 -27 -28
right_child=17 3 6 4 -6 8 -8 -9 -10 -11 11 12 13 -15 22 -17 -18 -19 -20 20 -22 -23 -24 -25 -26 26 29 -29 -30 -31
leaf_value=-0.0041058911147474645 0.16717579718136649 0.010985286201666727 -0.3570779726146161 -0.73779100486820459 0.03865855393057107 -0.00058450991642918838 0.16172638000402406 0.14736190135882773 -0.13619303132206126 0.15006983425218234 -0.042649038187054664 0.091420200261242174 -0.79269328205685508 -0.30428751427882361 -0.030052134490704166 0.16896603670513236 -0.5794123063454425 1.1211338968699291 -0.4923735173591865 -0.03236393813913347 -0.18671279160180995 0.032779490723862034 -0.46688984664300326 -0.43994434132986665 0.12809628444429885 -0.14422465134688359 0.064881961477404868 -0.36946839420784333 -0.062440754329384431 -0.030447240011527203
leaf_weight=1285 50 16066 81 63 49 209 3950 115 92 3781 520 98 65 63 236 2035 51 2953 46 3808 63 43 44 58 663 41 1362 47 502 2130
leaf_count=1285 50 16066 81 63 49 209 3950 115 92 3781 520 98 65 63 236 2035 51 2953 46 3808 63 43 44 58 663 41 1362 47 502 2130
internal_value=0.00043547 0.00029417 0.000999819 0.000172372 -0.00472566 0.000189729 0.00142411 -0.0015125 0.00074385 0.000803323 0.000208609 -0.00166265 -0.00454626 -0.00865116 0.000751165 0.0010649 -0.0016092 0.00216623 -0.000335585 2.81977e-05 -0.00061906 -0.004464 -0.00181495 -0.00198165 0.000148616 9.79702e-05 -0.000498163 -0.00304569 -0.00229963 -6.6991e-05
internal_weight=40569 37508 5520 31988 112 31876 4189 239 7194 7102 3321 746 226 128 2575 2295 260 3061 1331 24682 3871 124 280 108 20811 20148 4082 590 543 3492
internal_count=40569 37508 5520 31988 112 31876 4189 239 7194 7102 3321 746 226 128 2575 2295 260 3061 1331 24682 3871 124 280 108 20811 20148 4082 590 543 3492
is_linear=0
shrinkage=0.03


Tree=171
num_leaves=31
num_cat=0
split_feature=13 32 10 30 7 5 28 8 10 13 30 27 9 25 41 40 4 28 13 12 16 8 7 33 12 15 14 18 15 25
split_gain=11.073 4.99819 4.40681 4.17575 2.76596 4.05076 4.06907 3.03037 2.64268 2.98622 2.54158 2.46779 4.23067 5.03156 3.80567 3.11708 2.96802 6.29281 2.39492 2.81259 3.80176 3.03892 3.83642 3.06066 2.06525 2.63611 3.75154 3.32327 3.57944 3.07871
threshold=258.71000000000009 175.97625000000002 427.30000000000007 297.03000000000003 7.3072916666666687 61206.250000000007 35723.222968750008 438.38750000000005 6.3550000000000013 76.780000000000015 205.60500000000005 31804.515520833334 185.30500000000004 148.20145833333336 3500.2480895201084 20.460000000000012 188.50000000000003 38625.548437500009 107.67500000000003 124.09562500000001 7720.1267997382374 497.51250000000005 3.8315972222222237 155.11500000000004 87.752083333333346 144.3897916666667 148.38375000000005 1.0000000180025095e-35 72.386250000000004 116.21500000000002
decision_type=10 10 10 10 2 2 10 2 10 10 10 10 10 10 10 8 2 10 10 10 10 2 2 10 10 10 10 2 10 10
left_child=1 2 8 -4 7 6 -6 -3 9 -1 -9 -10 14 -14 15 18 17 -17 19 24 21 -21 -23 -24 -13 27 29 -26 -29 -27
right_child=-2 4 3 -5 5 -7 -8 10 11 -11 -12 12 13 -15 -16 16 -18 -19 -20 20 -22 22 23 -25 25 26 -28 28 -30 -31
leaf_value=-0.014824069326851227 1.9730940222517195 0.29023274037250063 -0.96363107940568105 0.072757215503659975 0.12086635062384768 0.3686297575387652 -0.34531808591122665 0.043040722542278982 0.1105490420187779 -0.82642514843879611 -0.20688564858010622 0.0020774985539614666 -0.35843452138881887 -0.1035658747001451 0.081455710640866499 -0.02098470088008153 -0.01093503847117867 -0.7536771533027975 0.12424077259815745 -0.042123160449133265 -0.37218093510210587 0.011290604822226024 -0.1167151402321614 -0.89928328908719468 0.14011504138755737 -0.052820628346730493 0.0037305339809208557 0.12666001469145502 -0.085847744816025848 -0.6506495919645483
leaf_weight=3159 2008 3445 66 70 214 359 267 207 3197 41 56 15236 99 451 3726 59 192 51 1126 1008 40 67 40 55 3303 58 261 668 992 50
leaf_count=3159 2008 3445 66 70 214 359 267 207 3197 41 56 15236 99 451 3726 59 192 51 1126 1008 40 67 40 55 3303 58 261 668 992 50
internal_value=0.000483659 0.000370527 0.00024562 -0.00512409 0.00130446 -0.000249703 -0.00204772 0.00165651 0.000267326 -0.000552952 -0.00144318 0.000352901 0.000261107 -0.0023412 0.000314336 0.000171414 -0.00285148 -0.00675676 0.000211395 0.000141604 -0.00126342 -0.000947908 -0.00474847 -0.00859375 0.000224318 0.000732421 -0.00171081 0.000914384 -0.000180614 -0.00638532
internal_weight=40571 38563 34015 136 4548 840 481 3708 33879 3200 263 30679 27482 550 26932 23206 302 110 22904 21778 1210 1170 162 95 20568 5332 369 4963 1660 108
internal_count=40571 38563 34015 136 4548 840 481 3708 33879 3200 263 30679 27482 550 26932 23206 302 110 22904 21778 1210 1170 162 95 20568 5332 369 4963 1660 108
is_linear=0
shrinkage=0.03


Tree=172
num_leaves=31
num_cat=0
split_feature=13 5 0 16 10 7 39 7 14 4 11 0 39 5 28 10 0 7 31 7 29 12 4 41 28 25 15 12 10 28
split_gain=11.788 4.38628 3.47202 4.53202 4.20533 3.55037 3.50281 2.56849 2.98206 3.4981 4.19373 2.56609 2.48024 2.63128 4.27847 3.55129 3.61559 2.45308 2.67518 2.23424 2.16202 2.02853 2.9536 2.20127 2.14261 2.50989 5.07337 1.93446 2.591 2.48267
threshold=258.71000000000009 70093.750000000015 16.500000000000004 4108.2312137203999 427.30000000000007 7.5434027777777795 -1.0000000180025095e-35 4.7343750000000027 122.22250000000001 38.500000000000007 65.38000000000001 9.5000000000000018 -91.878749999999997 50154.875000000007 40313.115000000005 295.00500000000005 8.5000000000000018 9.1927083333333375 184.91625000000002 4.5156250000000009 224.50125000000003 177.02817708333336 259.50000000000006 2338.9156680817691 30130.000000000004 74.771458333333342 45.749375000000008 57.482916666666675 46.655000000000008 40313.115000000005
decision_type=10 2 2 10 10 2 10 2 10 2 8 2 10 2 10 10 2 2 10 2 10 10 2 10 10 10 10 10 10 10
left_child=1 2 4 5 7 -4 -5 8 9 10 -1 -10 -9 15 -15 16 -14 -16 -19 -6 -17 23 -23 24 -18 27 -27 28 -26 -30
right_child=-2 -3 3 6 19 -7 -8 12 11 -11 -12 -13 13 14 17 20 21 18 -20 -21 -22 22 -24 -25 25 26 -28 -29 29 -31
leaf_value=-0.29308604582983916 1.8894280300198578 0.10962656217542398 0.10575182821143478 -0.018348750382651539 0.00074270777679141364 -0.023437341955435162 -0.3198559367763017 0.019589857550513678 0.14233070225947511 0.00020317418324735721 -0.00025675155782006048 0.0087508075157580172 -0.0089180571860567968 0.13401294401623109 -0.004746911404588358 -0.90023574570498177 0.11017445951199641 -0.0686749564952151 -1.7560211940221722 -1.06134008538711 -0.86467867980408253 -0.22116144707270918 -0.82735884939059756 -0.23512307848756478 -0.031596336657393746 -1.1077749514638473 -0.24941806256271387 0.031755535541375252 -0.29432870811406792 0.049532479676911566
leaf_weight=87 1960 2040 7259 1896 41 1396 53 2400 3169 3710 112 2651 5218 1724 3731 40 246 506 43 77 50 90 55 59 606 40 717 395 95 47
leaf_count=87 1960 2040 7259 1896 41 1396 53 2400 3169 3710 112 2651 5218 1724 3731 40 246 506 43 77 50 90 55 59 606 40 717 395 95 47
internal_value=0.000408229 0.00029281 0.00021715 0.000674399 2.99885e-05 0.000968692 -0.000632308 5.59477e-05 0.000440596 -0.000200256 -0.004065 0.000870984 -0.000177053 -0.000333309 0.000136886 -0.000701919 -0.000630995 -0.000371408 -0.00224182 -0.00559664 -0.00659341 -0.00160783 -0.00503425 -0.00138033 -0.00122124 -0.00156234 -0.00290106 -0.000673951 -0.00157009 -0.0052028
internal_weight=40513 38553 36513 10604 25909 8655 1949 25791 9729 3909 199 5820 16062 13662 6004 7658 7568 4280 549 118 90 2350 145 2205 2146 1900 757 1143 748 142
internal_count=40513 38553 36513 10604 25909 8655 1949 25791 9729 3909 199 5820 16062 13662 6004 7658 7568 4280 549 118 90 2350 145 2205 2146 1900 757 1143 748 142
is_linear=0
shrinkage=0.03


Tree=173
num_leaves=31
num_cat=0
split_feature=13 32 7 5 8 7 27 24 1 0 17 30 1 13 5 0 34 36 41 0 29 41 12 12 14 13 13 6 25 31
split_gain=11.3198 4.68528 3.21467 5.00373 3.90337 3.53969 2.91743 2.98691 3.61759 2.59829 4.15582 2.86428 6.66061 2.83872 2.63976 2.61008 2.49358 2.35184 2.29513 2.2083 2.18704 2.59915 1.8875 2.44736 3.13588 5.55833 5.09526 5.36388 2.31707 2.37525
threshold=258.71000000000009 147.62500000000003 6.4045138888888902 40089.375000000007 450.58750000000003 7.5086805555555571 30222.437500000004 175.33500000000004 3.5000000000000004 13.500000000000002 3357.6281350000004 174.89500000000001 4.5000000000000009 229.99000000000004 44903.125000000007 8.5000000000000018 240.06500000000003 0.79000000000000326 6555.0152558739874 22.500000000000004 58.603750000000005 -1181.6028620832619 86.420260416666693 83.088593750000015 107.05000000000001 45.895000000000003 62.060000000000009 11.587444933920706 121.71145833333334 149.97500000000002
decision_type=10 10 2 2 2 2 10 10 2 2 10 10 2 10 2 2 10 10 10 2 10 8 10 10 10 10 10 2 10 10
left_child=1 9 4 5 -3 -4 -6 -8 -9 10 11 18 -13 15 -11 -14 17 -5 22 -16 -21 -22 23 28 -25 -26 27 -27 29 -1
right_child=-2 2 3 16 6 -7 7 8 -10 14 -12 12 13 -15 19 -17 -18 -19 -20 20 21 -23 -24 24 25 26 -28 -29 -30 -31
leaf_value=0.0012506982514719153 1.8419347251244835 0.24706901211672605 -0.23586455772752313 -0.085079451250071131 0.063741854779438639 -0.85654573741721429 0.29371184026056846 -0.065035981087011155 -0.78366323444999975 -0.011249700871257793 -0.043131453717525803 0.0067525900345601891 -1.1983690489353596 -0.0097481205083120685 0.048122475705575901 -0.71937982533920664 0.4260202610528297 0.081427382785057276 0.099149220195186738 -0.078418513332308912 -0.36595122410361447 0.05102010024254508 0.042751841003738883 0.098612494270980219 0.014214523820817161 -0.094502781369548178 -0.070236129375384093 -1.2549257213660894 -0.70020666079742333 -0.5779681413030775
leaf_weight=8996 1944 4565 75 579 265 40 47 45 42 3863 2638 407 55 52 8123 65 608 603 962 188 72 643 5082 125 135 40 74 41 92 50
leaf_count=8996 1944 4565 75 579 265 40 47 45 42 3863 2638 407 55 52 8123 65 608 603 962 188 72 643 5082 125 135 40 74 41 92 50
internal_value=0.000410643 0.000298032 0.0010083 -3.93493e-05 0.00141027 -0.00607759 -0.0014325 -0.00502222 -0.00828409 0.000144114 -8.06802e-05 9.94005e-05 -0.00197069 -0.00690173 0.000472227 -0.00942149 0.000351759 -0.000451395 0.000176369 0.000753074 -0.000653761 0.000104749 8.30146e-05 -0.00016548 -0.00241587 -0.00412371 -0.00798077 -0.0131341 -6.30265e-05 -1.45904e-05
internal_weight=40516 38572 6869 1905 4964 115 399 134 87 31703 18814 16176 579 172 12889 120 1790 1182 15597 9026 903 715 14635 9553 415 290 155 81 9138 9046
internal_count=40516 38572 6869 1905 4964 115 399 134 87 31703 18814 16176 579 172 12889 120 1790 1182 15597 9026 903 715 14635 9553 415 290 155 81 9138 9046
is_linear=0
shrinkage=0.03


Tree=174
num_leaves=31
num_cat=0
split_feature=30 1 10 40 37 14 8 6 4 39 35 15 4 15 5 13 4 1 7 4 13 16 5 25 14 35 40 5 16 10
split_gain=11.4628 3.5666 3.74264 3.48088 2.97533 2.97 2.67394 3.71156 4.04829 5.09782 3.31734 2.66003 2.49335 2.99296 2.47452 3.15269 3.7273 2.82407 2.75726 2.43838 2.4191 4.3535 2.67547 3.03993 2.18746 2.18381 2.17779 2.31216 2.27852 2.26914
threshold=260.00500000000005 1.0000000180025095e-35 427.30000000000007 -14.739999999999986 2.1424999999999987 57.045000000000009 201.35000000000005 18.801982378854635 269.50000000000006 -28.358749999999997 1.2637500000000019 147.62270833333335 350.50000000000006 88.211041666666674 50368.750000000007 134.87750000000003 291.50000000000006 5.5000000000000009 6.4288194444444455 134.50000000000003 64.260000000000005 2078.8261001926844 51579.687500000007 154.78395833333337 178.39625000000004 68.491250000000022 20.460000000000012 36405.937500000007 2279.787247234995 94.303750000000022
decision_type=10 2 10 10 10 10 2 2 2 10 10 10 2 10 2 10 2 2 2 2 10 10 2 10 10 10 10 2 10 10
left_child=1 5 4 -4 6 -1 7 26 19 -10 -8 -2 -7 -14 15 -6 17 18 -17 -9 -12 22 23 -22 -16 -19 27 29 -28 -3
right_child=11 2 3 -5 14 12 10 8 9 -11 20 -13 13 -15 24 16 -18 25 -20 -21 21 -23 -24 -25 -26 -27 28 -29 -30 -31
leaf_value=-0.034913352166306137 -0.30796067834083618 -0.0089407781989967825 -0.94199383836939909 0.38063559272454556 0.020362446541465132 0.11625704353281929 -0.0032387057911421073 -0.23207662507654628 0.35033857282177422 -0.78750826705089061 -0.031440021639104088 1.0640684781597518 0.035692089536918159 -0.62173090973809952 0.014718027560388987 0.27494642422917459 -0.58791450231033782 0.12290728361045591 -0.60699358882636489 0.15680196709246297 -0.15074929636935416 -0.55913551834503672 0.051384985775560436 -0.44815648650438189 0.21989470152666835 -0.67300210968650787 -0.090737132625688693 0.010770418682482503 -0.35104936940883702 -0.22176815595652491
leaf_weight=435 111 1304 40 40 2328 4956 5331 73 47 61 1087 3001 97 76 1908 290 48 44 80 2602 364 40 198 120 2198 81 101 13100 43 449
leaf_count=435 111 1304 40 40 2328 4956 5331 73 47 61 1087 3001 97 76 1908 290 48 44 80 2602 364 40 198 120 2198 81 101 13100 43 449
internal_value=0.000411251 0.000266182 0.000144193 -0.0062963 0.000160543 0.000967116 7.22294e-06 0.000204151 0.00121013 -0.00445872 -0.000483125 0.00216062 0.00116901 -0.00236207 0.000708083 3.23817e-05 -0.0020239 -0.00123992 8.08626e-05 0.00144058 -0.00159282 -0.00293776 -0.0023631 -0.00356289 0.00118042 -0.00511905 1.74024e-05 5.31171e-05 -0.00364138 -0.000969783
internal_weight=40653 37541 31977 80 31897 5564 24920 17780 2783 108 7140 3112 5129 173 6977 2871 543 495 370 2675 1809 722 682 484 4106 125 14997 14853 144 1753
internal_count=40653 37541 31977 80 31897 5564 24920 17780 2783 108 7140 3112 5129 173 6977 2871 543 495 370 2675 1809 722 682 484 4106 125 14997 14853 144 1753
is_linear=0
shrinkage=0.03


Tree=175
num_leaves=31
num_cat=0
split_feature=13 32 7 8 5 7 37 27 27 1 12 7 40 32 14 38 6 38 11 4 28 30 12 14 14 11 7 28 7 22
split_gain=11.1486 4.82275 3.64835 2.80419 3.01792 4.30015 2.81001 2.62864 2.9555 2.59442 3.94477 2.97064 2.58574 2.72488 2.58637 2.56365 3.79227 3.51047 3.7172 2.97942 2.4839 3.06782 2.44785 4.17432 6.13657 2.4234 2.33126 2.25849 2.62234 2.23615
threshold=258.71000000000009 147.62500000000003 11.411458333333337 450.58750000000003 37254.187500000007 6.7690972222222241 6.8600000000000039 30222.437500000004 32355.583333333339 1.0000000180025095e-35 29.565833333333337 9.9357638888888911 -21.154999999999998 97.001250000000013 36.056250000000013 20.395000000000007 16.35550660792952 100.01500000000001 144.00500000000002 259.50000000000006 49955.312500000007 174.89500000000001 79.905000000000015 127.49000000000002 133.09 175.45875000000004 4.8281250000000018 51356.724062500005 5.8489583333333348 1.0000000180025095e-35
decision_type=10 10 2 2 2 2 10 10 10 2 10 2 8 10 10 8 2 10 10 2 10 10 10 10 10 10 2 10 2 2
left_child=1 9 3 4 5 6 25 -5 -9 10 12 -12 13 -1 -14 -11 22 -18 -19 -20 29 -22 23 -17 -25 -3 -27 -24 -29 -6
right_child=-2 2 -4 7 20 -7 -8 8 -10 15 11 -13 14 -15 -16 16 17 18 19 -21 21 -23 27 24 -26 26 -28 28 -30 -31
leaf_value=-0.036857513956688209 1.7916158593677747 0.19645315705086491 -0.65291901896502913 0.05836647286657367 0.24254969454621073 -0.68533128761600592 -0.62413938204950348 -0.45796224212601305 -0.25349686096810226 0.0077317568106275974 0.15163876491250081 -0.13901042019676593 -0.057579497142053265 -0.37190990565272769 0.0577624523349431 -0.021726641486088254 -0.089123842124641015 -0.64385147388006547 -0.046543816013195773 -0.70420174917380296 0.13878392163379688 -0.35186907925245553 0.043383201732788701 -0.70768304113603897 -0.098273465041332955 -0.66018430946712514 -0.051158376348815801 0.054054291384994894 -0.20569224646798706 -0.34295959098414119
leaf_weight=573 1964 327 61 297 5574 40 52 42 118 21039 3336 125 92 40 685 1518 824 100 169 57 79 63 2776 68 178 40 87 86 77 119
leaf_count=573 1964 327 61 297 5574 40 52 42 118 21039 3336 125 92 40 685 1518 824 100 169 57 79 63 2776 68 178 40 87 86 77 119
internal_value=0.000397173 0.000285071 0.00100391 0.00106945 0.00123206 -0.000899451 -0.000142012 -0.00119869 -0.00428571 0.000128812 0.000767313 0.00130936 -0.000582315 -0.00203746 0.000566838 1.36096e-05 -0.000541681 -0.00208514 -0.0047156 -0.00256388 0.00143163 -0.00247552 -0.000163903 -0.00104703 -0.00466397 0.00061978 -0.00288281 0.000366327 -0.00305488 0.0015295
internal_weight=40606 38642 6899 6838 6381 546 506 457 160 31743 4851 3461 1390 613 777 26892 5853 1150 326 226 5835 142 4703 1764 246 454 127 2939 163 5693
internal_count=40606 38642 6899 6838 6381 546 506 457 160 31743 4851 3461 1390 613 777 26892 5853 1150 326 226 5835 142 4703 1764 246 454 127 2939 163 5693
is_linear=0
shrinkage=0.03


Tree=176
num_leaves=31
num_cat=0
split_feature=13 11 18 14 5 7 13 35 10 13 2 40 7 5 27 40 28 41 11 39 5 15 31 12 27 14 13 0 15 15
split_gain=10.9967 4.48011 4.65512 5.56379 2.84132 2.56231 2.25618 4.30668 2.02004 2.68994 2.61412 4.3613 2.07652 2.70355 5.13242 2.0005 2.73146 2.47264 4.05894 3.40666 2.02794 1.88617 1.78666 1.74508 2.77579 3.56092 2.74139 3.88105 2.57291 4.66302
threshold=258.71000000000009 128.90500000000003 1.0000000180025095e-35 506.41500000000002 43376.250000000007 3.3211805555555562 175.05500000000004 5.75875 205.75500000000002 57.760000000000012 11.500000000000002 -5.8299999999999903 8.2864583333333375 53156.250000000007 34068.604166666672 6.5625000000000009 51356.724062500005 2424.0564538680705 75.371250000000018 -38.178749999999994 70456.250000000015 165.49833333333336 224.55500000000004 67.787500000000009 46847.227031250011 125.34375000000001 45.395000000000003 6.5000000000000009 41.885000000000005 45.749375000000008
decision_type=10 10 2 10 2 2 10 10 10 10 2 10 2 2 10 8 10 8 8 10 2 8 10 10 10 10 10 2 10 10
left_child=1 5 8 4 6 -1 -4 -8 9 -3 12 -12 -11 14 -14 20 17 18 -17 -20 21 23 -9 24 -7 26 -26 -28 -25 -30
right_child=-2 2 3 -5 -6 15 7 22 -10 10 11 -13 13 -15 -16 16 -18 -19 19 -21 -22 -23 -24 28 25 -27 27 -29 29 -31
leaf_value=0.050409031591426873 1.7379486654419614 0.22210218456903549 -0.0430584600458827 -1.1354457223106207 0.092528654437984498 -0.00098906897012310735 0.10502079799626111 -0.61522814420116656 0.35667106066660814 0.08970200111925862 0.030258844439713904 -0.56034961262137783 0.10486115330837265 0.090192705649018629 -0.79537992292130755 -0.12773733334941531 -0.21118356522044612 0.0012105235787772276 -0.08947144052293847 -0.46069573456345148 0.065786734969392899 -0.15589015195903996 -0.34461099248095661 0.11982460093126647 -0.020515809056049942 -0.3996268849513443 -0.31080788895117634 0.045015299673487122 -0.64036950363832623 0.013951643620766221
leaf_weight=2873 1960 1562 681 57 1465 11198 87 52 2440 2973 127 92 45 181 53 401 45 1213 54 86 791 166 49 1420 947 54 47 44 95 9346
leaf_count=2873 1960 1562 681 57 1465 11198 87 52 2440 2973 127 92 45 181 53 401 45 1213 54 86 791 166 49 1420 947 54 47 44 95 9346
internal_value=0.000424381 0.000313158 0.000864876 -0.000287207 -5.91005e-05 0.00012404 -0.00141724 -0.00431746 0.00123348 0.00088975 0.000424251 -0.00274091 0.00063818 -0.00183214 -0.00581818 2.97593e-05 -0.000935 -0.000745299 -0.00242989 -0.00680851 0.000101788 5.10765e-05 -0.0085 7.39894e-05 -0.000170857 -0.00161391 -0.00121848 -0.00616304 0.00035104 0.000171892
internal_weight=40604 38644 9864 2391 2334 28780 869 188 7473 5033 3471 219 3252 279 98 25907 1799 1754 541 140 24108 23317 101 23151 12290 1092 1038 91 10861 9441
internal_count=40604 38644 9864 2391 2334 28780 869 188 7473 5033 3471 219 3252 279 98 25907 1799 1754 541 140 24108 23317 101 23151 12290 1092 1038 91 10861 9441
is_linear=0
shrinkage=0.03


Tree=177
num_leaves=31
num_cat=0
split_feature=24 1 13 14 24 13 15 6 7 14 8 12 7 13 26 39 38 10 7 13 13 0 27 25 6 14 27 41 14 12
split_gain=10.7858 3.81186 4.14018 5.66544 5.59857 4.60123 3.46621 3.24267 3.11324 3.00816 2.98555 2.52764 2.4495 2.72247 6.46712 2.41108 2.30947 3.32418 2.22698 2.21302 2.78072 2.96126 3.79447 5.00612 2.91048 2.58827 2.39583 3.01129 2.78995 2.82059
threshold=259.98500000000007 4.5000000000000009 262.4500000000001 363.19500000000011 379.87500000000006 225.04500000000004 149.58244791666669 7.6072687224669613 5.9531250000000027 57.045000000000009 604.07500000000016 129.79520833333336 3.3906250000000004 76.220000000000013 31127.037500000002 -25.774999999999995 6.200000000000002 0.28125000000000006 4.6545138888888902 39.305000000000007 54.595000000000006 6.5000000000000009 39442.583333333336 81.920885416666678 13.468942731277536 109.45500000000001 46847.227031250011 -8724.8908667981432 81.520000000000024 68.745833333333351
decision_type=10 2 10 10 10 10 10 2 2 10 2 10 2 10 10 8 10 10 2 10 10 2 10 10 2 10 10 8 10 10
left_child=7 6 3 -3 5 -5 -2 11 9 -9 16 15 -12 -14 -15 -1 -11 -18 -16 26 21 22 -21 -24 -23 -22 -10 -28 -29 -30
right_child=1 2 -4 4 -6 -7 -8 8 19 10 12 -13 13 14 18 -17 17 -19 -20 20 25 24 23 -25 -26 -27 27 28 29 -31
leaf_value=0.08062453160924779 -0.52076117381278098 0.14579706918449947 1.0003967505247486 -1.6815546339054099 -0.015730460159632371 -0.86156906930957933 1.2696677047603857 -0.057650666963756744 0.010096854994492312 0.057984995194476481 0.022528415251658853 0.15422984448340643 -0.029018856209433272 -0.049127870975931083 -1.0590156187541404 -0.0043617279996722982 -0.20607169326268518 0.0016052452142243019 -0.24660447330180019 -0.041526127957353373 0.12025216250797571 0.003670524223334855 -0.1507200786901407 -0.95412069075050765 -0.27051139720996897 -0.063385130621013003 0.043416026614935287 0.0025798733714115164 -0.15958957922668376 0.010815120511125908
leaf_weight=1989 50 219 297 40 71 42 2817 763 6287 12108 612 2598 1056 150 50 2961 92 2919 43 94 363 480 89 48 270 3275 130 194 207 70
leaf_count=1989 50 219 297 40 71 42 2817 763 6287 12108 612 2598 1056 150 50 2961 92 2919 43 94 363 480 89 48 270 3275 130 194 207 70
internal_value=0.000407379 0.00198982 -4.92536e-05 -0.0021555 -0.00656493 -0.0118554 0.00246548 0.000255475 0.000112624 0.000361302 0.000443897 0.000809909 -0.000673117 -0.00141 -0.00426639 0.000412038 0.000585119 -0.000158366 -0.0104362 -0.000271898 -0.00077987 -0.00219654 -0.00515948 -0.00832609 -0.0012783 -0.000397362 6.88055e-05 -0.0017392 -0.00285381 -0.00478058
internal_weight=40384 3536 669 372 153 82 2867 36848 29300 17793 17030 7548 1911 1299 243 4950 15119 3011 93 11507 4619 981 231 137 750 3638 6888 601 471 277
internal_count=40384 3536 669 372 153 82 2867 36848 29300 17793 17030 7548 1911 1299 243 4950 15119 3011 93 11507 4619 981 231 137 750 3638 6888 601 471 277
is_linear=0
shrinkage=0.03


Tree=178
num_leaves=31
num_cat=0
split_feature=9 10 10 18 38 2 1 41 16 40 1 14 27 27 17 33 25 28 9 12 27 8 26 35 12 12 23 9 9 11
split_gain=11.4322 4.77579 3.83664 4.52038 3.31285 3.08592 2.76246 2.73346 2.28851 3.47983 2.73863 3.12319 2.61881 3.69961 2.83047 2.61396 2.45961 3.43389 3.38392 3.80886 2.84852 2.83377 3.62432 4.14556 4.29848 2.99053 2.73467 2.3852 2.36655 2.31382
threshold=311.00500000000005 410.13500000000005 132.84500000000006 1.0000000180025095e-35 73.275000000000006 5.5000000000000009 2.5000000000000004 13259.921016334762 3282.8236341293073 -29.254999999999995 1.5000000000000002 41.100000000000009 32222.833333333339 32355.583333333339 3.1644250000000005 96.002500000000012 47.685468750000005 39105.250000000007 100.69125000000001 156.47843750000004 34068.604166666672 3.7937500000000006 40668.328750000008 -5.4775000000000089 105.58979166666668 105.06604166666669 2.5000000000000004 117.31625000000001 102.69500000000001 101.19125000000001
decision_type=10 10 10 2 10 2 2 10 10 10 2 10 8 8 8 10 10 10 10 10 10 2 8 10 10 10 2 10 10 10
left_child=1 2 7 -4 6 -6 -5 8 10 27 11 -1 -12 -14 15 -15 -16 18 26 20 -20 22 23 -19 -25 28 -18 -10 -24 -26
right_child=-2 -3 3 4 5 -7 -8 -9 9 -11 12 -13 13 14 16 -17 17 21 19 -21 -22 -23 25 24 29 -27 -28 -29 -30 -31
leaf_value=-0.045930590028424263 1.576287378889266 -0.69505364011603765 0.1518594869731873 -0.33455681672450144 0.20397550204126338 -0.49905214190229064 0.051158688481218031 0.22272450514671083 0.0048841686972293345 -0.079024597432142157 0.11865438105857018 0.064243274864470692 -0.36333913041063726 -0.063068892674742694 0.016723685558316926 0.10851372179838353 0.12623574981401683 -0.57870876119943881 -0.15528410182834576 -0.60672265787530344 -0.0010342642852276887 -0.019700209040847256 -0.047557970489432125 -0.0084821950303173091 -1.1970922503666537 0.14480120036614019 -0.026516103446506442 -0.40492490579279206 -0.23510869758765204 -0.15343527121612308
leaf_weight=180 2487 71 6026 64 131 327 2334 589 4555 2455 901 6302 92 331 3247 1869 1637 133 210 47 751 2896 1106 246 51 309 1110 46 70 50
leaf_count=180 2487 71 6026 64 131 327 2334 589 4555 2455 901 6302 92 331 3247 1869 1637 133 210 47 751 2896 1106 246 51 309 1110 46 70 50
internal_value=0.0003894 0.000260849 0.000275443 0.000821344 -0.000161708 -0.00249673 0.000285119 0.000109272 6.75644e-05 -0.000401304 0.00022118 0.000736696 -7.9686e-07 -0.000100664 -6.122e-05 0.000926852 -0.000244521 -0.00050969 0.000171725 -0.00131417 -0.000901247 -0.00103599 -0.00191506 -0.00417879 -0.00243966 -0.00118102 0.000717249 8.53978e-05 -0.00187086 -0.00761765
internal_weight=40623 38136 38065 8882 2856 458 2398 29183 28594 7056 21538 6482 15056 14155 14063 2200 11863 8616 3755 1008 961 4861 1965 480 347 1485 2747 4601 1176 101
internal_count=40623 38136 38065 8882 2856 458 2398 29183 28594 7056 21538 6482 15056 14155 14063 2200 11863 8616 3755 1008 961 4861 1965 480 347 1485 2747 4601 1176 101
is_linear=0
shrinkage=0.03


Tree=179
num_leaves=31
num_cat=0
split_feature=14 34 6 4 7 25 0 16 10 14 7 0 28 17 14 5 8 15 26 27 13 28 4 33 0 13 15 5 13 27
split_gain=11.2796 4.00247 3.95234 3.5207 2.6181 3.96408 2.57723 3.56719 2.91842 2.7767 2.47864 2.61394 2.15622 3.12633 3.57115 2.70833 3.90528 2.70854 2.70635 2.5275 2.6296 3.89865 4.71033 3.53091 2.77635 2.50036 2.38777 2.30975 2.7203 4.60266
threshold=418.44000000000005 95.575000000000003 4.6951541850220275 2.5000000000000004 8.0260416666666696 351.38812500000012 16.500000000000004 7070.5257539480526 427.30000000000007 179.53500000000003 10.071180555555559 20.500000000000004 39105.250000000007 8433.8497550000029 115.59000000000002 36766.687500000007 71.343750000000014 101.280625 29842.000000000004 31804.515520833334 36.395000000000003 37292.125000000007 261.50000000000006 122.00250000000001 3.5000000000000004 -0.10624999999999998 46.534583333333345 76137.500000000015 40.170000000000009 38957.687500000007
decision_type=10 10 2 2 2 10 2 10 10 10 2 2 8 8 10 2 2 10 8 10 10 10 2 10 2 10 10 2 8 8
left_child=1 12 3 -3 -2 -6 8 10 -4 -9 -8 -12 13 14 18 16 -15 -17 -1 -19 24 22 23 -22 -21 -26 -18 28 -14 -30
right_child=4 2 6 -5 5 -7 7 9 -10 -11 11 -13 27 15 -16 17 26 19 -20 20 21 -23 -24 -25 25 -27 -28 -29 29 -31
leaf_value=-0.14000864157441212 1.4156381121653729 -0.29960263988987329 0.0080342408746620856 0.15401426675642305 0.95491389021457951 -1.5387876290510545 0.11156032045269831 -0.020584037922147892 -0.92015857663904277 -0.3211691360581892 0.01802374706987455 -0.66796794553637617 -0.0057405779525951358 0.0085475818208450467 0.15351810997283746 0.069922894018599066 -0.18775293364450441 0.26276545400173973 -0.022005527321639923 -0.75914344208421325 0.035181699234851961 0.28272519993120415 -1.3089066522244839 -0.37485588013669013 -0.1423757055656589 0.1110408517759791 -0.38514296843786655 0.1427523879596872 0.15666148186576373 -0.063216481705084093
leaf_weight=156 2434 41 12151 2889 71 49 6053 851 41 58 83 54 4688 671 438 3976 68 171 2193 49 76 51 45 46 52 257 73 217 225 2264
leaf_count=156 2434 41 12151 2889 71 49 6053 851 41 58 83 54 4688 671 438 3976 68 171 2193 49 76 51 45 46 52 257 73 217 225 2264
internal_value=0.000400153 0.000270204 0.00052934 0.00155578 0.00232955 -0.00198347 0.000373367 0.000827747 0.000108751 -0.000926373 0.00108545 -0.0028913 -9.62015e-05 0.000235012 -0.00058429 0.00064758 -0.000952029 0.000922735 -0.00104808 -0.000733957 -0.00168458 -0.00427397 -0.00648214 -0.00336585 -0.000100278 0.000958065 -0.00547183 -0.000468965 -0.000561298 -0.00136265
internal_weight=40491 37937 22221 2930 2554 120 19291 7099 12192 909 6190 137 15716 8322 2787 5535 812 4723 2349 747 576 218 167 122 358 309 141 7394 7177 2489
internal_count=40491 37937 22221 2930 2554 120 19291 7099 12192 909 6190 137 15716 8322 2787 5535 812 4723 2349 747 576 218 167 122 358 309 141 7394 7177 2489
is_linear=0
shrinkage=0.03


Tree=180
num_leaves=31
num_cat=0
split_feature=24 6 13 29 0 16 7 38 14 14 0 14 6 30 16 27 5 13 8 27 13 15 15 15 40 14 33 5 25 14
split_gain=10.5009 3.46239 3.19176 2.91923 2.77046 2.91331 3.20827 2.50193 4.53855 6.24395 2.93791 2.39813 2.24306 2.30483 2.18746 2.80544 2.51494 5.94794 3.0324 2.70862 2.44959 2.10512 3.15272 2.39574 2.06679 1.90658 2.0781 2.92064 1.89062 1.90565
threshold=310.08500000000004 5.4068281938325997 117.50000000000001 191.03375000000003 16.500000000000004 2548.2755747977558 7.3072916666666687 91.915000000000035 418.44000000000005 378.58500000000009 10.500000000000002 115.59000000000002 17.37400881057269 156.34000000000003 2773.4400715901447 31342.096510416672 50256.250000000007 148.29500000000004 111.51250000000002 35898.458333333343 114.60000000000001 41.885000000000005 51.722291666666671 48.726458333333333 -32.724999999999994 213.74250000000004 116.29875000000001 52106.250000000007 121.71145833333334 112.56375000000001
decision_type=10 2 10 10 2 10 2 10 10 10 2 10 2 10 8 10 2 10 2 10 10 8 8 10 10 10 10 2 10 10
left_child=1 2 3 21 7 6 -6 11 9 10 24 28 -12 -14 -13 20 17 -17 19 -19 -16 -1 23 -23 -9 26 27 -7 29 -3
right_child=-2 4 -4 -5 5 25 -8 8 -10 -11 12 14 13 -15 15 16 -18 18 -20 -21 -22 22 -24 -25 -26 -27 -28 -29 -30 -31
leaf_value=0.14728062837765243 1.4536890903749935 -0.0041401557838108439 0.28036768420192454 -0.13663689449052754 0.099089096887962233 -0.042867154372391227 -0.021502836228875433 0.098513758683426281 0.57167303332044817 -0.8865597765728066 0.14014367380472079 0.072334461893293261 -0.60936420588550289 0.091619106199327741 0.21855270968865942 -0.020933047566449772 0.033740669727377728 0.037145352230586355 -1.0698179985705165 -0.74399890017349635 0.012059499191105022 -0.034240083497930347 0.026111119190880633 -0.20294648291006051 -0.4850299911467244 -0.36246193665956528 0.0152060061763409 -0.23334797653223552 -0.96331930717113279 -0.16850803873151987
leaf_weight=533 2467 9733 1380 112 5811 501 1438 62 294 63 295 2598 58 41 971 4181 3081 74 48 50 958 240 2404 73 269 49 1989 76 44 618
leaf_count=533 2467 9733 1380 112 5811 501 1438 62 294 63 295 2598 58 41 971 4181 3081 74 48 50 958 240 2404 73 269 49 1989 76 44 618
internal_value=0.000409582 0.000286556 0.00104491 0.000545941 0.000178543 0.000600304 0.000909931 1.02405e-06 -0.0014072 -0.00259316 -0.00179752 6.92402e-05 -4.55695e-05 -0.00393 0.000358887 0.00014513 -0.000119435 -0.000583601 -0.00603468 -0.003504 0.00116425 0.000710551 0.000371965 -0.00245541 -0.00387651 -0.000258027 -0.000144916 -0.00172837 -0.000264044 -0.000237345
internal_weight=40511 38044 4742 3362 33302 9864 7249 23438 1082 788 725 22356 394 99 11961 9363 7434 4353 172 124 1929 3250 2717 313 331 2615 2566 577 10395 10351
internal_count=40511 38044 4742 3362 33302 9864 7249 23438 1082 788 725 22356 394 99 11961 9363 7434 4353 172 124 1929 3250 2717 313 331 2615 2566 577 10395 10351
is_linear=0
shrinkage=0.03


Tree=181
num_leaves=31
num_cat=0
split_feature=9 32 7 28 16 5 7 8 32 28 9 41 4 13 5 6 35 1 17 4 4 13 1 8 25 8 7 15 31 28
split_gain=10.9112 3.28289 3.12675 2.51877 3.82556 2.75373 3.84206 2.24487 2.44063 2.24001 2.72837 2.20494 2.11056 3.41734 2.13763 2.09979 3.03268 2.00395 1.96749 4.39148 3.42845 4.21247 2.01498 5.50477 2.67929 2.42693 3.15752 3.22074 3.43795 2.67102
threshold=311.00500000000005 147.62500000000003 10.071180555555559 49955.312500000007 2635.0158963245108 57402.125000000007 7.9392361111111134 426.93125000000003 201.00500000000002 35723.222968750008 166.96500000000003 14594.767780363725 280.50000000000006 190.41000000000005 37066.312500000007 14.083920704845818 9.0512500000000014 5.5000000000000009 325.70775500000008 188.50000000000003 184.50000000000003 0.085000000000000006 1.5000000000000002 0.75625000000000009 42.728750000000012 324.6062500000001 6.1927083333333348 54.161250000000003 53.053750000000008 39988.250000000007
decision_type=10 10 2 10 10 2 2 2 10 10 10 10 2 10 2 2 10 2 10 2 2 10 2 2 10 2 2 10 10 10
left_child=1 11 3 5 -5 6 7 12 17 -8 -11 18 14 15 -3 -14 -17 -9 22 20 -20 -22 23 -1 -24 29 -27 28 -28 -26
right_child=-2 2 -4 4 -6 -7 9 8 -10 10 -12 -13 13 -15 -16 16 -18 -19 19 -21 21 -23 24 -25 25 26 27 -29 -30 -31
leaf_value=-0.0014439269125136188 1.4654385200435283 -0.015065314654859021 -0.32353852833573238 0.062744500452317081 -0.46567362211923713 0.27475736231867465 0.014243130385177692 0.088971208752365971 -0.25816081167118982 -0.036022536802450003 -1.1620462516610726 0.17559524649552954 0.10871413708290968 -0.72966089017024005 0.27827585965128715 0.019585560027234036 -0.77346514052592008 -0.58556719566948157 -0.031905286795605926 0.016508968566322006 0.046847695447572155 -0.39764682964778642 0.033679453960913784 0.17749736047165671 0.038251462297551067 -0.027174308321015066 -0.27610293642017592 -0.25505935155843978 -0.89317796116565584 -0.017570895539370895
leaf_weight=4025 2422 489 186 76 49 1936 101 325 97 58 78 486 493 53 2312 90 50 48 4359 3429 56 84 3348 2798 5119 1650 50 437 48 5776
leaf_count=4025 2422 489 186 76 49 1936 101 325 97 58 78 486 493 53 2312 90 50 48 4359 3429 56 84 3348 2798 5119 1650 50 437 48 5776
internal_value=0.0003781 0.000253969 0.000871313 0.000985454 -0.00321429 0.0010716 0.000639333 0.000861799 -0.0010828 -0.00306303 -0.00556204 0.000128371 0.00112414 -0.000366812 0.00148929 0.000250789 -0.00297872 2.40643e-05 9.70816e-05 -0.00031101 -0.000927333 -0.00553191 0.000236238 0.000669549 5.62421e-05 -0.000137604 -0.00104986 -0.00305037 -0.00793939 4.54296e-05
internal_weight=40528 38106 6441 6255 125 6130 4194 3957 470 237 136 31665 3487 686 2801 633 140 373 31179 7928 4499 140 23251 6823 16428 13080 2185 535 98 10895
internal_count=40528 38106 6441 6255 125 6130 4194 3957 470 237 136 31665 3487 686 2801 633 140 373 31179 7928 4499 140 23251 6823 16428 13080 2185 535 98 10895
is_linear=0
shrinkage=0.03


Tree=182
num_leaves=31
num_cat=0
split_feature=13 5 38 7 10 7 8 14 4 28 25 27 27 40 24 25 4 13 40 8 1 4 25 28 40 25 27 8 11 27
split_gain=10.2052 3.91952 4.91019 4.91466 3.97277 3.62124 3.56105 3.44751 5.34655 2.89302 3.19804 5.88937 5.12264 4.15625 4.93613 3.52436 3.25477 3.27138 3.03541 2.87568 4.59067 2.53703 2.53039 2.48059 2.93206 2.43481 5.02531 3.67932 2.55993 2.47927
threshold=258.71000000000009 41155.625000000007 79.02500000000002 7.2760416666666687 132.84500000000006 5.4913194444444473 86.793750000000017 418.44000000000005 190.50000000000003 34367.756562500006 104.95328125000002 35835.791666666679 35514.645833333343 7.4750000000000023 119.19500000000001 108.97041666666668 340.50000000000006 84.960000000000022 -7.5400000000000036 481.16250000000008 5.5000000000000009 259.50000000000006 87.609322916666684 29158.125000000004 -1.2399999999999876 81.920885416666678 39442.583333333336 465.38750000000005 100.55500000000002 51807.587500000001
decision_type=10 2 10 2 10 2 2 10 2 8 8 8 10 10 10 10 2 10 10 2 2 2 10 10 10 10 10 2 10 10
left_child=1 2 6 7 9 19 -1 8 -4 -3 22 12 15 16 -15 -12 -13 18 -18 -6 23 -17 25 -21 -25 29 -27 28 -28 -11
right_child=-2 4 3 -5 5 -7 -8 -9 -10 10 11 13 -14 14 -16 21 17 -19 -20 20 -22 -23 -24 24 -26 26 27 -29 -30 -31
leaf_value=0.010122890164180583 1.5603862776122879 0.05899386301863932 0.33053400992555021 -1.5801978284920781 0.23614852926305382 0.027133066249965948 -0.077029499529100626 0.50320885841543339 -0.76450434141846302 0.0057575409259554332 -0.37842545047066445 0.014887942993654396 -1.000124991036081 -0.36931210856263935 -0.11162031122307853 -0.005654327362443954 -0.23793614921333547 0.069980344882707171 -0.67891937300412153 0.48647947047021606 -0.59644384571630671 -0.37228120501458967 0.078874983402125218 0.053682192615037198 -0.33153653867836408 0.14852511161452184 -0.12318330541826429 -0.60818657580295066 0.06278590589738102 0.20143356804342968
leaf_weight=6199 1893 2734 57 49 3538 3985 1854 104 91 11966 58 2574 74 40 123 276 98 105 40 214 56 65 2356 86 54 338 592 66 212 422
leaf_count=6199 1893 2734 57 49 3538 3985 1854 104 91 11966 58 2574 74 40 123 276 98 105 40 214 56 65 2356 86 54 338 592 66 212 422
internal_value=0.000373438 0.000267468 -0.000307361 -0.00406291 0.000427161 0.00100315 -0.000166501 -0.00234783 -0.00527517 0.000220732 9.1982e-05 -0.000735669 -0.00384177 -0.00024153 -0.00488415 -0.0024825 2.87439e-05 -0.00328279 -0.00630216 0.001647 -0.000729927 -0.00130702 0.000271172 0.000540845 -0.00255319 0.000113849 -0.00117122 -0.00237658 -0.00181118 0.000239245
internal_weight=40319 38426 8354 301 30072 7933 8053 252 148 22139 19405 3453 473 2980 163 399 2817 243 138 3948 410 341 15952 354 140 13596 1208 870 804 12388
internal_count=40319 38426 8354 301 30072 7933 8053 252 148 22139 19405 3453 473 2980 163 399 2817 243 138 3948 410 341 15952 354 140 13596 1208 870 804 12388
is_linear=0
shrinkage=0.03


Tree=183
num_leaves=31
num_cat=0
split_feature=24 1 30 4 40 39 5 37 16 35 25 1 10 29 7 27 11 7 35 15 28 28 35 37 4 4 27 9 28 0
split_gain=9.23061 4.8138 3.8511 4.64578 3.21536 4.68756 3.54755 3.77324 3.63257 3.41239 3.22806 3.19489 3.12396 3.12282 3.6503 3.08917 2.71624 3.29237 2.9921 2.49366 2.43799 2.42801 3.01862 2.40676 2.53502 3.69411 2.27907 2.47501 5.17726 2.27316
threshold=259.98500000000007 4.5000000000000009 334.69500000000005 197.50000000000003 27.510000000000002 -3.5500000000000074 36000.812500000007 6.8600000000000039 3465.2187251721621 45.394999999999996 124.95796875000001 1.5000000000000002 8.4937500000000004 79.698750000000018 10.565972222222223 41950.354166666672 380.06500000000005 4.9079861111111134 60.635000000000019 146.06291666666667 41960.066875000011 49955.312500000007 0.64124999999999954 22.265000000000011 26.500000000000004 50.500000000000007 39811.502864583344 100.69125000000001 51356.724062500005 17.500000000000004
decision_type=10 2 10 2 10 8 2 10 10 10 10 2 10 10 2 10 10 2 10 10 10 10 10 10 2 2 10 10 10 2
left_child=4 19 3 -3 6 -6 7 -1 11 -7 23 12 15 -13 20 -8 17 -5 -19 -2 29 -12 -23 24 -10 -26 -27 -28 -29 -15
right_child=1 2 -4 16 5 9 8 -9 10 -11 21 13 -14 14 -16 -17 -18 18 -20 -21 -22 22 -24 -25 25 26 27 28 -30 -31
leaf_value=-0.027072449629541192 -0.49174607441785434 0.30619119667011174 0.6955633702738574 -0.0046156814974543372 -0.00086604688947080483 -0.33251148228398153 -0.0031174562834162282 -0.60993856487590725 0.1956911788780446 -0.12640884608103742 -0.036214170967235018 -0.0068549436300762495 0.10738598202406657 -0.00033940240537677846 -0.28840695128369132 -0.18507916999592616 0.12381889746122687 -0.65841463384423915 -1.7428899324963203 1.1155478179469569 0.10675883614235493 -0.10949092202194038 -0.64324989497257201 -0.430779255350556 -0.083003964615942033 -0.028171143274003184 0.032976565002780421 -0.035593825590503621 -0.41474452638910031 0.088195877952273058
leaf_weight=2596 49 147 318 56 325 84 1135 92 466 85 271 6882 6409 5393 123 46 55 80 44 2808 4118 67 40 74 455 2335 2591 570 48 2741
leaf_count=2596 49 147 318 56 325 84 1135 92 466 85 271 6882 6409 5393 123 46 55 80 44 2808 4118 67 40 74 455 2335 2591 570 48 2741
internal_value=0.000384629 0.00184401 -0.000385164 -0.00241253 0.000244079 -0.00215758 0.000276685 -0.000772034 0.000360196 -0.00619412 -0.000252819 0.000518139 0.00103939 0.000312649 0.000597528 -0.000378172 -0.00502119 -0.00679558 -0.009504 0.00239013 0.00064931 -0.00294459 -0.00675 -9.67889e-05 -3.47973e-05 -0.0002005 1.29848e-05 0.000531776 -0.00117286 0.000348125
internal_weight=40503 3557 700 382 36946 494 36452 2688 33764 169 6917 26847 7590 19257 12375 1181 235 180 124 2857 12252 378 107 6539 6465 5999 5544 3209 618 8134
internal_count=40503 3557 700 382 36946 494 36452 2688 33764 169 6917 26847 7590 19257 12375 1181 235 180 124 2857 12252 378 107 6539 6465 5999 5544 3209 618 8134
is_linear=0
shrinkage=0.03


Tree=184
num_leaves=31
num_cat=0
split_feature=13 32 1 12 8 27 4 32 7 27 4 40 16 26 8 38 12 2 7 4 11 1 13 7 18 11 38 34 32 12
split_gain=10.2727 3.54358 3.54676 4.62827 3.07119 2.71087 2.60885 3.32527 2.57412 2.40745 3.14684 2.8895 3.80594 4.48378 2.39259 2.52764 3.75847 4.84783 2.58441 2.39165 4.96673 3.13655 2.33241 2.29892 2.74535 4.96233 3.30887 3.03174 2.20371 2.17826
threshold=258.71000000000009 214.68500000000003 1.0000000180025095e-35 30.175000000000001 0.11250000000000002 55427.884739583344 350.50000000000006 98.135000000000005 10.77604166666667 52200.177051091276 348.50000000000006 -40.377499999999991 1579.1839212704824 41504.460000000006 604.07500000000016 62.451250000000002 62.638541666666676 6.5000000000000009 4.633680555555558 293.50000000000006 396.59500000000008 2.5000000000000004 9.8662500000000026 3.3211805555555562 1.0000000180025095e-35 35.025000000000013 -1.4925000000000004 -6.8749999999999991 -2.9149999999999996 71.831077898550745
decision_type=10 10 2 10 2 10 2 10 2 10 2 10 8 10 2 8 10 2 2 2 10 2 10 2 2 10 10 10 10 10
left_child=1 2 3 -1 6 9 -5 -8 -3 10 14 -12 -13 -14 15 29 22 -18 -19 20 21 -20 -17 -16 -25 27 -27 -26 -6 -4
right_child=-2 8 5 4 28 -7 7 -9 -10 -11 11 12 13 -15 23 16 17 18 19 -21 -22 -23 -24 24 25 26 -28 -29 -30 -31
leaf_value=-0.016201074366711518 1.4883175084157219 0.28985431712810739 -0.00088516879432993926 0.062760413277121938 -0.07770663379045753 -0.22282606752697984 0.057203205892304279 -0.8871324722518299 -0.45061999747525927 0.094710233481162198 0.04519006817210839 0.30627883009432005 -0.043377817850942732 -0.15273508471298031 0.022096478041582726 -0.28225535339458813 0.063761237483587779 0.091982826032245446 -0.10466343640956241 -0.10085854390706479 0.36240103523838391 -0.76333149912946563 -0.7075120010102729 -0.029586692264943829 -1.16792645126562 -0.83954200283158864 -0.42507082501775029 -0.0031631836618179958 0.35181389881231334 0.038100920826228561
leaf_weight=1441 1973 1963 10978 1653 44 110 42 45 58 758 207 102 280 298 482 131 1372 297 75 467 85 218 42 991 60 52 131 354 2192 13367
leaf_count=1441 1973 1963 10978 1653 44 110 42 45 58 758 207 102 280 298 482 131 1372 297 75 467 85 218 42 991 60 52 131 354 2192 13367
internal_value=0.000386501 0.000277705 0.000209566 0.000917497 0.00144531 8.52616e-05 0.000499713 -0.00453409 0.0015 0.000102153 5.99201e-05 -0.00169932 -0.00264317 -0.00358549 0.000113597 0.00018888 -0.000684152 -0.000388867 -0.00183202 -0.0026773 -0.00444855 -0.00629592 -0.00494828 -0.000869145 -0.00141976 -0.00302508 -0.007125 -0.0012 0.0021806 0.000285263
internal_weight=40268 38295 36274 5417 3976 30857 1740 87 2021 30747 29989 887 680 578 29102 27032 2687 2514 1142 845 378 293 173 2070 1588 597 183 414 2236 24345
internal_count=40268 38295 36274 5417 3976 30857 1740 87 2021 30747 29989 887 680 578 29102 27032 2687 2514 1142 845 378 293 173 2070 1588 597 183 414 2236 24345
is_linear=0
shrinkage=0.03


Tree=185
num_leaves=31
num_cat=0
split_feature=24 1 30 5 7 1 0 10 37 33 40 0 39 10 11 40 4 9 15 33 15 10 40 4 7 5 10 7 31 38
split_gain=10.5917 4.18993 3.42667 3.87309 2.75001 2.65861 3.25585 3.52878 2.89138 3.64121 2.52518 2.61184 2.22906 3.26871 2.21491 2.13294 2.73431 2.19161 2.40525 2.0432 2.6503 1.9668 1.95595 2.67035 2.63117 2.5731 3.35723 2.82775 2.04082 3.44724
threshold=254.22500000000005 4.5000000000000009 374.97000000000008 43906.250000000007 6.9913194444444464 1.0000000180025095e-35 5.5000000000000009 34.722500000000004 0.5799999999999913 99.998750000000015 18.830000000000002 16.500000000000004 -1.0000000180025095e-35 121.10250000000001 272.52000000000004 -23.441250000000021 266.50000000000006 -0.018749999999999999 98.556458333333339 142.02000000000001 65.121250000000018 446.94500000000005 -46.034999999999989 293.50000000000006 4.7343750000000027 36000.812500000007 97.955000000000013 6.5538194444444464 82.373750000000015 24.912500000000005
decision_type=10 2 10 2 2 2 2 10 10 10 10 2 10 10 10 10 2 10 10 10 10 10 10 2 2 2 10 2 10 10
left_child=5 -2 3 4 14 6 8 15 -1 -10 11 22 19 -14 -3 16 -8 18 -17 20 -12 -16 23 -7 28 26 -26 -28 29 -24
right_child=1 2 -4 -5 -6 10 7 -9 9 -11 12 -13 13 -15 21 17 -18 -19 -20 -21 -22 -23 24 -25 25 -27 27 -29 -30 -31
leaf_value=0.0072408258981477734 0.96054939811432727 -0.49749409346773099 0.89335387423311585 0.17100963379575956 -1.1635323608729353 0.0038381690700348891 -0.11177041872121922 0.25099829153087339 -0.20761682287152206 -0.085645489101127306 -0.015308151306506203 0.033780022583296793 -0.4079396133016312 -0.094331180314404975 0.54140526213899509 0.00040947794934711882 0.28110021822628023 0.11402514791361598 -0.15321625336715688 0.16336887151796292 -0.29237767653473185 -1.1800798847874581 -0.0038623699613848914 0.087594682732351367 -0.075335847722095783 -0.019146676070753779 -0.2456747850731642 -0.56984952997020144 0.05450652859409811 -0.17348643267519839
leaf_weight=1078 3008 50 257 242 41 3878 241 2767 61 196 207 8649 69 170 98 299 89 411 50 203 66 46 2459 1014 562 9296 189 52 4553 149
leaf_count=1078 3008 50 257 242 41 3878 241 2767 61 196 207 8649 69 170 98 299 89 411 50 203 66 46 2459 1014 562 9296 189 52 4553 149
internal_value=0.000364886 0.00188512 -0.000146939 -0.00165063 -0.00438559 0.000209867 0.000838822 0.00128072 -0.000437874 -0.0032907 0.000106228 0.000147166 -0.00165503 -0.0040125 -0.00286154 -0.000164986 -0.00217523 0.000709593 -0.00103714 -0.000465409 -0.00215693 -0.000951724 -2.54592e-05 0.000503985 -0.00017554 -0.000487426 -0.00211567 -0.00507025 0.000264312 -0.000404753
internal_weight=40450 3742 734 477 235 36708 5192 3857 1335 257 31516 30801 715 239 194 1090 330 760 349 476 273 144 22152 4892 17260 10099 803 241 7161 2608
internal_count=40450 3742 734 477 235 36708 5192 3857 1335 257 31516 30801 715 239 194 1090 330 760 349 476 273 144 22152 4892 17260 10099 803 241 7161 2608
is_linear=0
shrinkage=0.03


Tree=186
num_leaves=31
num_cat=0
split_feature=13 5 1 12 16 0 9 40 34 38 5 30 28 24 2 5 10 2 16 27 27 5 5 38 14 14 0 28 16 27
split_gain=9.96409 4.02506 3.17206 3.35237 3.88491 3.1879 2.99784 2.49171 2.44977 2.92052 6.48767 2.50853 2.53859 2.22977 2.54273 2.96609 3.24025 4.49134 2.41191 2.37297 3.93377 2.81271 2.1251 2.19977 2.24876 2.09796 2.60641 2.03639 2.02858 2.34502
threshold=258.71000000000009 70093.750000000015 1.0000000180025095e-35 29.565833333333337 15061.589159722398 5.5000000000000009 -0.018749999999999999 -22.478749999999994 83.995000000000019 91.915000000000035 35601.625000000007 126.39500000000002 46503.048906250006 379.87500000000006 6.5000000000000009 43906.250000000007 224.46000000000001 9.5000000000000018 4406.8176425525735 32355.583333333339 37356.785989583339 49902.125000000007 60557.125000000007 -33.684999999999995 105.19375000000001 52.095000000000006 11.500000000000002 39933.935468750009 1945.1013706969004 31804.515520833334
decision_type=8 2 2 10 10 2 10 8 8 10 2 10 8 10 2 2 10 2 10 10 10 2 2 8 10 10 2 10 8 10
left_child=1 2 3 7 5 22 -7 -1 11 28 -11 12 -4 14 18 16 -16 -18 -12 -17 21 -21 23 24 -5 26 -9 -22 -10 -30
right_child=-2 -3 8 4 -6 6 -8 25 9 10 13 -13 -14 -15 15 19 17 -19 -20 20 27 -23 -24 -25 -26 -27 -28 -29 29 -31
leaf_value=-0.074342516513941734 1.3185810891220324 0.091868045989041011 -0.0089100836653078636 -0.66877390616451526 -0.15713667536978757 -0.05162042188467357 0.33962025687592268 -0.10388937521733797 0.073293665426727758 -0.69269734307054365 0.15498268532828813 -0.22582674056230079 -0.070375896687938769 0.66717422002610915 0.057169805389057235 0.18848950807539813 -0.29492303131862796 -1.1847743505441399 -0.2940769582683615 -1.0354901899080655 0.12654092750635454 -0.26074163656480059 -0.12296523311928786 0.081079228304260995 -0.054050785555977483 0.072362497501485476 0.014095415726680832 -0.11536108569194063 0.082129816241835671 0.0025595863508872476
leaf_weight=611 2003 2010 8722 57 41 121 2664 88 2828 58 477 55 492 193 53 286 60 45 136 44 110 41 94 769 135 601 93 103 2536 14967
leaf_count=611 2003 2010 8722 57 41 121 2664 88 2828 58 477 55 492 193 53 286 60 45 136 44 110 41 94 769 135 601 93 103 2536 14967
internal_value=0.000337309 0.000229924 0.000157891 0.000838294 0.00129134 0.00139026 0.00192211 -0.00042396 4.28751e-05 0.000215653 -0.00101556 -0.000366019 -0.000327509 -0.000642995 -0.00107301 -0.00225303 -0.00588679 -0.00891509 0.000356678 -0.00126154 -0.00313043 -0.00854651 -1.42044e-05 0.000408524 -0.00245596 0.000697318 -0.00212637 -0.000939252 0.000312955 0.00019247
internal_weight=40493 38490 36480 5274 3881 3840 2785 1393 31206 21937 1606 9269 9214 1548 1355 742 158 105 613 584 298 85 1055 961 192 782 181 213 20331 17503
internal_count=40493 38490 36480 5274 3881 3840 2785 1393 31206 21937 1606 9269 9214 1548 1355 742 158 105 613 584 298 85 1055 961 192 782 181 213 20331 17503
is_linear=0
shrinkage=0.03


Tree=187
num_leaves=31
num_cat=0
split_feature=24 1 6 3 38 30 14 14 14 0 31 6 8 27 27 36 5 0 15 40 36 25 15 24 11 10 41 17 27 5
split_gain=9.45427 3.56123 2.76959 4.52632 3.36438 2.71187 4.2677 2.51744 6.36115 2.78017 2.3827 2.22541 3.22769 2.53819 3.15241 2.99669 3.60471 2.33549 3.16977 6.10424 5.57099 2.31864 2.57602 2.40166 5.91792 3.15222 3.53836 2.32796 2.39846 2.70663
threshold=300.34500000000008 4.5000000000000009 5.4068281938325997 1.0000000180025095e-35 91.915000000000035 374.97000000000008 479.90500000000003 418.44000000000005 378.58500000000009 10.500000000000002 57.475000000000001 30.328193832599123 604.07500000000016 46404.236614583344 48167.833333333336 -8.5875000000000004 61853.125000000007 15.500000000000002 65.593958333333347 -17.11999999999999 0.92000000000000892 72.83807291666669 11.199583333333335 59.975000000000001 57.735000000000007 17.386250000000004 -2486.4670257782541 3108.5125600000006 31804.515520833334 34768.250000000007
decision_type=10 2 2 2 10 10 10 10 10 2 8 2 2 10 10 10 2 2 10 10 10 10 10 10 10 10 10 8 10 2
left_child=2 -2 3 10 11 6 -3 8 9 -6 -1 12 13 21 15 -15 17 18 -17 20 -20 23 -23 -4 25 26 -25 -24 -29 -30
right_child=1 5 4 -5 7 -7 -8 -9 -10 -11 -12 -13 -14 14 -16 16 -18 -19 19 -21 -22 22 27 24 -26 -27 -28 28 29 -31
leaf_value=-0.0068423163554724468 1.581408993966007 0.035428240698317202 0.010874812765961967 -0.20899071733423802 -0.33377830949409149 0.84905877650688821 -1.0203966700070877 0.50683143394781038 -0.68711301139491043 -0.017366116919821525 0.09674427878057465 0.10762635500578473 -0.060371312228647542 0.0069528959602787365 0.0039707015284637321 -0.020109503034017904 -0.0030095045663381826 -0.11230156678642494 -0.21649196845883095 -0.69535273023063249 0.1494203486328648 -0.3551696149500484 0.14742306187179857 -0.35943350230955051 0.0028856015052955504 -0.1318162988319167 -0.14897560950877944 0.11702400697889266 -0.28138301109773528 0.030030651745542671
leaf_weight=714 2168 174 8404 83 312 210 86 284 66 689 3888 530 2043 408 2009 81 224 146 52 85 55 43 1906 48 3374 696 51 2627 357 8750
leaf_count=714 2168 174 8404 83 312 210 86 284 66 689 3888 530 2043 408 2009 81 224 146 52 85 55 43 1906 48 3374 696 51 2627 357 8750
internal_value=0.000375925 0.00211216 0.000255102 0.0009379 0.00015884 -0.000254777 -0.00229885 -0.00130695 -0.00197472 -0.00137425 0.00106365 0.000220978 0.000188361 0.000268718 -0.00054884 -0.00187928 -0.00315373 -0.00479286 -0.00642701 -0.00851813 -0.00369444 0.000364017 0.000634244 6.99063e-05 -0.000518705 -0.00284548 -0.00783 0.000657577 0.000499531 0.000269104
internal_weight=40563 2638 37925 4685 33240 470 260 1351 1067 1001 4602 31889 31359 29316 3060 1051 643 419 273 192 107 26256 13683 12573 4169 795 99 13640 11734 9107
internal_count=40563 2638 37925 4685 33240 470 260 1351 1067 1001 4602 31889 31359 29316 3060 1051 643 419 273 192 107 26256 13683 12573 4169 795 99 13640 11734 9107
is_linear=0
shrinkage=0.03


Tree=188
num_leaves=31
num_cat=0
split_feature=24 18 7 40 8 6 39 7 24 40 14 15 25 39 0 14 5 38 4 6 6 17 16 26 15 15 15 15 14 17
split_gain=9.63563 4.06408 4.24364 3.39614 3.37034 3.12885 2.5852 2.30692 2.32118 2.31607 2.50291 5.38541 3.75343 3.39497 2.8335 2.32713 3.10833 2.26899 2.1751 4.21835 2.27348 2.17341 2.17164 2.14241 2.12426 2.10038 2.09846 2.07684 3.35896 2.31142
threshold=254.22500000000005 1.0000000180025095e-35 8.0260416666666696 18.830000000000002 542.61875000000009 7.6072687224669613 -0.33624999999997834 5.8072916666666687 79.750000000000014 -42.688749999999992 179.53500000000003 113.92666666666668 110.11729166666667 -6.9987499999999931 13.500000000000002 235.02500000000003 37701.562500000007 6.200000000000002 36.500000000000007 8.8337004405286361 11.587444933920706 351.67644000000007 215.5606515777975 43556.500000000007 148.72937500000003 37.054635416666677 110.01770833333335 144.3897916666667 147.17500000000004 325.70775500000008
decision_type=10 2 2 8 2 2 8 2 10 10 10 10 10 10 2 10 2 10 2 2 2 10 10 10 10 8 10 10 10 10
left_child=3 24 4 5 -3 23 21 8 18 -9 14 12 -12 -14 27 -13 -17 -10 19 -7 -20 -5 -8 -1 -2 -25 -27 29 -29 -11
right_child=1 2 -4 6 -6 7 22 9 17 10 11 15 13 -15 -16 16 -18 -19 20 -21 -22 -23 -24 25 -26 26 -28 28 -30 -31
leaf_value=0.10248833451142066 -0.28828270158962871 0.16290352268478778 -1.062885055922079 0.11164131242393359 -0.88565549237252172 -0.3887938596105226 -0.14753708656915149 0.012982395911741326 0.10226283557041752 -0.017473540066545744 0.0025890041071620173 0.051462703930201824 -0.37595616737491555 -0.78263337429820889 0.018124187327731051 -0.67519172181087972 -0.15150563999774161 -0.010541279602295396 0.067316168341199217 0.021113025950473534 -0.0057497455600708583 -0.14172351044623796 -0.45079704802070442 0.21798004501581938 0.969719898191437 -0.0072999972542458127 0.085180769931757258 -0.51040781111130884 -0.085857992085663429 -0.18372688511378679
leaf_weight=2578 64 614 48 365 78 50 273 3853 6136 2705 80 650 130 56 3546 48 588 1866 1272 94 6886 245 40 447 2874 2769 1534 72 102 364
leaf_count=2578 64 614 48 365 78 50 273 3853 6136 2705 80 650 130 56 3546 48 588 1866 1272 94 6886 245 40 447 2874 2769 1534 72 102 364
internal_value=0.000361161 0.00182495 -0.000161943 0.000214612 0.000441559 0.000260921 -0.00158117 0.000118741 0.000352162 -0.000193358 -0.000474347 -0.00156085 -0.0054382 -0.00776471 -0.000225773 -0.000755245 -0.00204396 0.000716731 7.22742e-07 -0.00364138 6.54493e-05 -0.000441898 -0.00379299 0.000813754 0.00232528 0.000435698 0.00023211 -0.000866523 -0.00404571 -0.000685016
internal_weight=40427 3678 740 36749 692 35826 923 28498 16304 12194 8341 1552 266 186 6789 1286 636 8002 8302 144 8158 610 313 7328 2938 4750 4303 3243 174 3069
internal_count=40427 3678 740 36749 692 35826 923 28498 16304 12194 8341 1552 266 186 6789 1286 636 8002 8302 144 8158 610 313 7328 2938 4750 4303 3243 174 3069
is_linear=0
shrinkage=0.03


Tree=189
num_leaves=31
num_cat=0
split_feature=24 6 13 29 38 14 14 0 12 25 27 5 27 28 5 4 27 26 13 14 0 12 13 12 17 4 15 14 9 12
split_gain=9.99782 4.04375 3.15424 3.70075 2.83855 3.25293 5.31891 2.94982 2.12335 2.57243 2.11727 3.10176 2.96341 3.74172 3.17759 2.41378 4.38954 5.26493 4.5249 7.5729 5.76838 3.19719 4.86554 3.17417 2.98888 3.19758 5.87942 6.0076 6.33471 2.94546
threshold=319.93000000000001 5.4068281938325997 117.50000000000001 193.91375000000002 91.915000000000035 418.44000000000005 378.58500000000009 10.500000000000002 228.11812500000005 102.62395833333335 46404.236614583344 49101.000000000007 48167.833333333336 47073.437500000007 67650.562500000015 259.50000000000006 41181.562500000007 35920.696250000008 15.465000000000002 129.45500000000001 11.500000000000002 115.44911458333335 52.750000000000007 193.04291666666668 298.30722000000009 106.50000000000001 122.58145833333334 148.38375000000005 81.311250000000015 20.943177083333335
decision_type=10 2 10 8 10 10 10 2 10 10 10 2 10 10 2 2 10 10 10 10 2 10 10 10 10 2 10 10 10 10
left_child=1 2 3 -1 10 6 7 8 9 -6 11 15 13 -12 -15 24 17 -17 29 20 -20 22 -21 -18 25 26 -3 28 -28 -19
right_child=-2 4 -4 -5 5 -7 -8 -9 -10 -11 12 -13 -14 14 -16 16 23 18 19 21 -22 -23 -24 -25 -26 -27 27 -29 -30 -31
leaf_value=0.029437991610104658 1.2271777605134995 0.0050597157844136991 0.28203918948610784 -0.13771389492505648 -0.49882657623587168 0.48484650247184974 -0.79579706199827227 -0.027970819935817869 -0.98617387485543773 -0.051168497601158797 -0.0016298346385826899 0.045346526020602664 0.0069540717212063638 -0.19602796835118516 0.14615419955528622 0.019151531416335452 0.074325372097139117 -0.086620379106627343 -1.0085988787210629 -0.071731572329423357 -0.17474591506393408 -0.057333812706545674 -0.63803787759466779 -0.38834420769844002 -0.014880693151787694 0.050611243065159066 -0.14702224547368042 -0.18375898709330071 -0.63539474679267816 0.00055538579886975879
leaf_weight=3262 2277 1213 1435 117 61 380 72 721 78 189 537 9183 1986 451 73 1362 886 124 75 166 56 460 218 43 4390 9600 46 217 40 865
leaf_count=3262 2277 1213 1435 117 61 380 72 721 78 189 537 9183 1986 451 73 1362 886 124 75 166 56 460 218 43 4390 9600 46 217 40 865
internal_value=0.000369826 0.000254993 0.00106791 0.00056716 0.000138119 -0.00113648 -0.0019492 -0.00140286 -0.00375684 -0.00239044 0.000197956 0.000277146 -0.000554134 -0.00183333 -0.00363429 6.54287e-05 -0.000567434 -0.00107665 -0.00207023 -0.00351947 -0.0102045 -0.00247101 -0.00448831 0.00125484 0.000239118 0.000500855 -0.000779169 -0.00450987 -0.0111724 -0.000639394
internal_weight=40583 38306 4814 3379 33492 1501 1121 1049 328 250 31991 28944 3047 1061 524 19761 4255 3326 1964 975 131 844 384 929 15506 11116 1516 303 86 989
internal_count=40583 38306 4814 3379 33492 1501 1121 1049 328 250 31991 28944 3047 1061 524 19761 4255 3326 1964 975 131 844 384 929 15506 11116 1516 303 86 989
is_linear=0
shrinkage=0.03


Tree=190
num_leaves=31
num_cat=0
split_feature=34 18 7 16 25 40 7 5 4 39 6 28 25 14 39 26 5 25 4 8 5 38 0 40 7 28 39 28 25 4
split_gain=9.09877 4.32461 2.8272 2.65222 3.79058 2.98397 2.76836 2.68278 3.14575 2.5937 3.35535 2.58101 2.56034 2.54421 2.79551 2.89037 2.70402 3.42004 2.41145 2.75637 3.06452 2.57634 2.53449 2.42626 2.58078 2.61692 3.86641 3.97653 2.65082 2.34395
threshold=286.78500000000003 1.0000000180025095e-35 8.3385416666666696 3465.2187251721621 124.95796875000001 2.5099999999999949 10.368055555555559 57402.125000000007 38.500000000000007 -0.67749999999998056 20.72004405286344 49955.312500000007 133.62770833333335 144.92000000000004 -23.123749999999998 41860.818750000006 70093.750000000015 59.960364583333337 319.50000000000006 328.51875000000007 40343.750000000007 3.1225000000000027 11.500000000000002 -27.608749999999997 4.1927083333333348 40021.043437500011 -6.6550000000000002 41528.500000000007 199.11354166666669 32.500000000000007
decision_type=10 2 2 10 10 10 2 2 2 10 2 10 10 10 8 8 2 8 2 2 2 10 2 8 2 10 10 10 10 2
left_child=3 -2 -3 6 5 -5 7 8 29 10 -7 -6 -13 14 -9 -16 17 -17 19 20 -10 -22 -21 -20 -25 28 27 -27 -26 -1
right_child=1 2 -4 4 11 9 -8 13 18 -11 -12 12 -14 -15 15 16 -18 -19 23 22 21 -23 -24 24 25 26 -28 -29 -30 -31
leaf_value=-0.034208648351772168 1.2447236966438926 0.1187582193498945 -1.0685034892483756 0.00040703842380041661 -0.067159147640949005 -0.29658038594609443 -0.095607076956630316 0.14834703346637587 -0.0013619916159913962 -0.4900605467783537 0.12953328981787082 -0.012207411450734897 -0.54504301825290269 0.14525738570724539 0.077409138825182994 0.00057536512374243935 0.027825050410326495 -0.082220177918773507 0.0370647849766177 -0.071092006047046283 0.11044971134149127 0.011997357024170784 0.0052877483850229945 0.10549560310332004 -0.0055472110940488423 -0.74684791556644903 0.028354998675739547 -0.20079100758934157 -0.65158581471713972 -0.32796398825874412
leaf_weight=478 2174 832 53 6650 285 221 539 871 5081 42 128 49 61 3341 332 537 638 605 438 963 6861 2978 5297 167 285 49 59 111 67 136
leaf_count=478 2174 832 53 6650 285 221 539 871 5081 42 128 49 61 3341 332 537 638 605 438 963 6861 2978 5297 167 285 49 59 111 67 136
internal_value=0.000347988 0.00192059 0.00015237 0.000218862 -0.000288019 -0.000127378 0.00034521 0.000384434 0.000233773 -0.00267092 -0.00180857 -0.00314394 -0.00702703 0.000931542 0.000294571 -0.000295315 -0.000774845 -0.00164829 0.000291989 0.000365422 0.000587092 0.000896037 -0.000162913 -0.00102974 -0.00207848 -0.00303671 -0.00560455 -0.00801242 -0.00142776 -0.00188293
internal_weight=40328 3059 885 37269 7436 7041 29833 29294 22970 391 349 395 110 6324 2983 2112 1780 1142 22356 21180 14920 9839 6260 1176 738 571 219 160 352 614
internal_count=40328 3059 885 37269 7436 7041 29833 29294 22970 391 349 395 110 6324 2983 2112 1780 1142 22356 21180 14920 9839 6260 1176 738 571 219 160 352 614
is_linear=0
shrinkage=0.03


Tree=191
num_leaves=31
num_cat=0
split_feature=24 16 5 13 13 8 24 7 8 1 4 4 7 29 0 1 7 25 23 4 4 5 4 15 39 4 4 40 4 15
split_gain=9.31179 3.11366 4.12343 3.58623 4.52363 3.39569 3.23437 4.08143 2.49399 3.33536 2.46005 2.71062 3.22725 3.25162 2.31307 2.30099 2.33218 2.27069 4.38566 2.216 2.36964 2.19058 3.1123 2.80489 2.3517 2.088 2.60563 4.80963 6.16218 2.50424
threshold=319.93000000000001 3282.8236341293073 39956.250000000007 98.261250000000018 105.05000000000001 1.0000000180025095e-35 87.975000000000009 5.7031250000000018 488.19375000000008 5.5000000000000009 258.50000000000006 293.50000000000006 6.4288194444444455 99.711250000000021 15.500000000000002 4.5000000000000009 7.8489583333333348 311.9752083333334 2.5000000000000004 122.50000000000001 116.50000000000001 57402.125000000007 22.500000000000004 153.77166666666668 -86.554999999999978 24.500000000000004 192.50000000000003 11.73999999999999 178.50000000000003 159.1452604166667
decision_type=10 10 2 10 10 2 10 2 2 2 2 2 2 10 2 2 2 10 2 2 2 2 2 10 10 2 2 10 2 10
left_child=1 2 5 25 -5 10 -4 8 -8 -10 -1 12 -12 -14 19 -2 -17 21 -19 20 -7 22 24 -24 -9 -3 27 29 -29 -27
right_child=15 3 6 4 -6 14 7 17 9 -11 11 -13 13 -15 -16 16 -18 18 -20 -21 -22 -23 23 -25 -26 26 -28 28 -30 -31
leaf_value=0.055158331926553096 1.7907525080082936 0.12027840412017621 0.0065723230506359968 -0.26973148206432296 -0.033228898698719735 -0.3049445651064901 0.13661809751010806 -0.0034247038366877198 0.018045448123472432 -0.55112757861870576 -0.14325109031518599 0.10317972001987828 -0.073794720169821887 -0.64630223038778889 0.0011164415218440755 0.12322960447031622 -0.6613015861092163 0.92396690091822931 -2.2040570472626828 -0.10708663856686672 -1.0759542279992649 0.12689345002346908 0.082071461519328121 -0.12515786081156452 -1.0389357007977207 -0.018351458120535853 0.010563799175178393 -0.044132807545068285 -0.41618960965360136 -0.16805126856011596
leaf_weight=2766 1903 495 11407 62 148 58 7258 40 672 63 580 238 45 56 686 380 40 47 40 1098 48 1768 2108 1260 40 3509 3485 47 42 40
leaf_count=2766 1903 495 11407 62 148 58 7258 40 672 63 580 238 45 56 686 380 40 47 40 1098 48 1768 2108 1260 40 3509 3485 47 42 40
internal_value=0.000380584 0.00026814 0.000406024 -0.000265168 -0.00412322 -0.000330882 0.000572337 0.000890276 0.00131836 -0.000346467 0.000199403 -0.00114457 -0.00210704 -0.00702941 -0.00136436 0.00222418 0.000213777 0.00024491 -0.00453409 -0.00215602 -0.00628037 0.000325475 -0.000114816 2.49333e-05 -0.00592593 -0.000158288 -0.000289304 -0.000850783 -0.0077 -0.000676901
internal_weight=40429 38106 30278 7828 210 5575 24703 13296 7993 735 3685 919 681 101 1890 2323 420 5303 87 1204 106 5216 3448 3368 80 7618 7123 3638 89 3549
internal_count=40429 38106 30278 7828 210 5575 24703 13296 7993 735 3685 919 681 101 1890 2323 420 5303 87 1204 106 5216 3448 3368 80 7618 7123 3638 89 3549
is_linear=0
shrinkage=0.03


Tree=192
num_leaves=31
num_cat=0
split_feature=14 32 14 11 1 0 11 22 41 5 29 7 29 6 4 5 7 7 12 41 29 40 16 13 27 16 6 37 27 26
split_gain=9.23789 3.65271 4.85565 4.66835 2.6917 2.70345 3.26248 2.61931 2.47911 2.12896 3.25287 2.12431 3.4814 2.07727 3.91244 4.11158 3.20189 3.02417 2.9129 2.06257 3.01456 1.99546 3.60365 2.42674 2.35572 2.43243 2.3138 2.5581 2.29843 2.13377
threshold=418.44000000000005 152.78500000000003 363.19500000000011 266.67000000000002 1.0000000180025095e-35 5.5000000000000009 180.07500000000002 1.0000000180025095e-35 10093.469864818015 57001.187500000007 68.521250000000023 8.0260416666666696 257.12000000000006 9.3537444933920728 280.50000000000006 50154.875000000007 5.4913194444444473 10.071180555555559 189.99208333333334 15137.378188506284 164.71250000000003 7.160000000000001 5967.1323708235041 74.345000000000013 31342.096510416672 654.02308996906561 20.188325991189433 0.080000000000000002 55427.884739583344 52590.348750000012
decision_type=10 10 8 10 2 2 8 2 8 2 10 2 10 2 2 2 2 2 10 8 10 10 10 8 10 8 2 10 10 8
left_child=1 2 4 -4 5 6 9 13 -7 -1 -11 -2 -13 19 17 16 -16 -15 -18 20 -3 24 23 -23 -6 -26 -25 -28 29 -27
right_child=11 7 3 -5 21 8 -8 -9 -10 10 -12 12 -14 14 15 -17 18 -19 -20 -21 -22 22 -24 26 25 28 27 -29 -30 -31
leaf_value=0.01043396512079214 1.0609466282362734 0.10562207137216449 -0.65117925329052639 0.32848596968813032 0.059000213551832409 0.0079982122619159015 -1.7818522937868051 -0.55065884244298624 0.16660842468151305 -0.25752647096462189 0.038695072819639076 0.59737975696363099 -1.0156438238948993 0.14320928965948199 -0.013091683241532101 0.075122447500886369 -0.41141474221668217 -0.5367047241352414 -0.69326020745908656 0.28089062869918879 -0.20188933273181792 0.001010874892831754 -0.267509569682508 -0.1124357493771075 0.055266298438464354 -0.0049196525780080495 -0.12598677149241325 -0.47581000956598363 -0.2154391119761965 0.075525623968629857
leaf_weight=1037 2423 47 86 61 1700 1412 40 127 2210 52 75 68 60 2910 95 310 121 81 42 2256 40 1251 66 370 1609 21350 69 53 65 611
leaf_count=1037 2423 47 86 61 1700 1412 40 127 2210 52 75 68 60 2910 95 310 121 81 42 2256 40 1251 66 370 1609 21350 69 53 65 611
internal_value=0.000334439 0.000217527 9.03233e-05 -0.00533108 0.000115417 0.000768179 -0.00046307 0.000895025 0.00117748 -0.000169957 -0.00382031 0.0020819 -0.00167442 0.000986956 0.000530056 -0.00175044 -0.00454054 0.00096357 -0.00707927 0.00168046 -0.00282955 -6.62994e-07 -0.000962983 -0.000700115 6.8085e-05 -9.51927e-06 -0.00248276 -0.00604878 -9.17963e-05 -7.49931e-05
internal_weight=40697 38146 32117 147 31970 4826 1204 6029 3622 1164 127 2551 128 5902 3559 568 258 2991 163 2343 87 27144 1809 1743 25335 23635 492 122 22026 21961
internal_count=40697 38146 32117 147 31970 4826 1204 6029 3622 1164 127 2551 128 5902 3559 568 258 2991 163 2343 87 27144 1809 1743 25335 23635 492 122 22026 21961
is_linear=0
shrinkage=0.03


Tree=193
num_leaves=31
num_cat=0
split_feature=30 10 1 12 25 1 3 6 38 6 25 28 7 10 39 25 5 30 24 12 28 5 12 27 5 5 12 41 4 6
split_gain=8.26283 3.48765 5.51953 3.34727 4.62424 4.06891 2.8585 3.8714 2.75408 2.61783 3.15261 3.49062 2.63372 2.63686 2.61692 2.80297 2.59616 4.05812 2.22652 2.21513 2.16747 3.00638 2.45481 2.58309 2.37905 2.16732 2.16142 2.7414 2.67416 6.2937
threshold=313.94500000000005 446.94500000000005 4.5000000000000009 86.420260416666693 171.76854166666669 1.5000000000000002 1.0000000180025095e-35 17.552863436123353 94.385000000000005 4.6951541850220275 102.62395833333335 51513.861562500009 10.071180555555559 111.85125000000001 -5.407499999999998 110.11729166666667 35196.562500000007 205.60500000000005 117.19250000000001 121.71145833333334 34956.812500000007 51956.250000000007 154.78395833333337 40778.902447916676 48500.625000000007 53003.125000000007 83.088593750000015 10360.787123015833 301.50000000000006 8.9114537444933948
decision_type=10 10 2 10 10 2 2 2 10 2 10 10 2 10 10 10 2 10 10 10 8 2 10 10 2 2 10 10 2 2
left_child=1 3 -3 4 8 6 -5 18 26 -7 11 -11 13 14 20 -16 17 -15 -8 -17 -12 22 23 24 -22 -14 27 -1 -28 -30
right_child=-2 2 -4 5 -6 9 7 -9 -10 10 12 -13 25 16 15 19 -18 -19 -20 -21 21 -23 -24 -25 -26 -27 28 -29 29 -31
leaf_value=0.0031240755607619838 1.338861618544724 2.6958103553283683 -0.9797692627397776 0.17034515833890124 -0.71593371847825826 0.097811974543843425 -0.34304209740876712 0.66775227515887581 -0.54928501259663187 0.072475075667415373 0.16550240624603918 -0.12867350064939215 -0.59998058112612607 -0.016939160070279489 -0.30399507764653999 0.025742714681136671 0.028145560112304447 -0.593835277413994 -0.34694325345459676 -0.3584929147655247 -0.18131294204653389 0.05963487602890355 -0.91912654785847858 0.073098923072142455 -0.4682949255708187 -0.14321758422909808 -0.036493353759898851 0.40426953622733774 0.067985439005852216 -0.62884222655779021
leaf_weight=19379 2018 54 69 4347 41 1992 42 61 81 3629 362 78 61 131 80 120 5473 54 42 92 234 351 63 173 92 169 722 426 105 86
leaf_count=19379 2018 54 69 4347 41 1992 42 61 81 3629 362 78 61 131 80 120 5473 54 42 92 234 351 63 173 92 169 722 426 105 86
internal_value=0.000354952 0.00025711 -0.00476613 0.000273287 1.58343e-05 0.000577322 0.00135678 -0.00277397 3.59136e-05 0.000311061 0.000132223 0.000847087 -0.00022331 -0.000122474 -0.0012111 -0.00376792 0.000179184 -0.00330645 -0.00691765 -0.00194366 -0.000623041 -0.00140153 -0.00276021 -0.002046 -0.00361468 -0.00337662 5.76284e-05 0.000123448 -0.00136871 -0.00451562
internal_weight=40627 38609 123 38486 20840 17646 4492 145 20799 13154 11162 3707 7455 7225 1567 292 5658 185 84 212 1275 913 562 499 326 230 20718 19805 913 191
internal_count=40627 38609 123 38486 20840 17646 4492 145 20799 13154 11162 3707 7455 7225 1567 292 5658 185 84 212 1275 913 562 499 326 230 20718 19805 913 191
is_linear=0
shrinkage=0.03


Tree=194
num_leaves=31
num_cat=0
split_feature=13 32 7 28 14 28 25 16 41 7 5 34 8 18 31 11 12 5 0 29 5 9 2 32 28 11 35 11 32 41
split_gain=8.98538 3.77149 2.24917 2.15383 3.27352 2.01342 2.45037 2.04206 1.99536 1.82133 2.49059 3.02095 2.18226 1.92589 2.03424 1.67504 2.00305 1.73817 1.65747 2.69187 2.12839 3.55909 3.94344 3.38118 3.16772 2.3522 2.00736 6.51041 2.45515 2.56867
threshold=258.71000000000009 147.62500000000003 4.2760416666666687 37218.125000000007 269.8300000000001 40470.636718750007 42.728750000000012 2521.2992906491513 12177.707922694883 5.7031250000000018 37581.250000000007 179.08500000000004 450.58750000000003 1.5000000000000002 202.39500000000001 63.522500000000008 104.33833333333335 49506.250000000007 22.500000000000004 67.240000000000023 48902.250000000007 187.91500000000002 9.5000000000000018 105.61500000000002 42578.875000000007 224.58500000000004 -2.0024999999999999 187.84500000000003 0.74875000000000014 -8071.0418105286653
decision_type=10 10 2 8 10 10 10 10 10 2 2 10 2 2 10 10 10 2 2 10 2 10 2 10 10 10 10 10 8 10
left_child=1 2 3 -1 5 15 -7 -8 18 12 11 -11 -3 14 -14 -5 -17 -18 20 -20 21 -4 25 -24 -22 -23 27 28 29 -26
right_child=-2 9 8 4 -6 6 7 -9 -10 10 -12 -13 13 -15 -16 16 17 -19 19 -21 24 22 23 -25 26 -27 -28 -29 -30 -31
leaf_value=0.091046203213610968 1.2315600909848188 0.19297455847168754 -0.008239843764740783 -0.042721773298834975 -0.53160303998286063 0.13876993122755402 0.025875555139092846 -0.14052159678559215 0.13200167529985307 -0.021632568315083627 0.050132404407716338 -0.69194506394272781 0.14901682072768838 -0.53118586189921468 -0.21695214706332963 0.10724242923769696 -0.20545415024144723 0.29034761831941414 -0.12816817622467069 -0.026947571323591022 0.051260571871302479 -0.82822251076835296 -1.0289873383477857 -0.34370815467497745 0.06053957484595799 0.22548319725572996 -0.033304518396236535 -0.40248779158561981 0.030743127085786557 -0.073000447176602104
leaf_weight=2196 1978 3874 11997 1278 48 593 2410 241 527 88 2560 46 256 56 54 788 151 56 280 803 4717 59 44 60 79 149 2555 41 2498 219
leaf_count=2196 1978 3874 11997 1278 48 593 2410 241 527 88 2560 46 256 56 54 788 151 56 280 803 4717 59 44 60 79 149 2555 41 2498 219
internal_value=0.000359761 0.000258987 0.000120698 0.000564674 0.000250629 0.000319137 0.000798767 0.000408371 -2.27224e-05 0.000892862 0.000282746 -0.00368889 0.00128036 -0.00093188 1.11399e-10 -0.000365435 0.000557229 -0.0020625 -6.36966e-05 -0.00120941 -8.29642e-06 -0.000273192 -0.00343131 -0.00817143 0.000314243 -0.00103349 -0.000182459 0.000366808 0.000542724 -0.00202676
internal_weight=40701 38723 31789 7761 5565 5517 3244 2651 24028 6934 2694 134 4240 366 310 2273 995 207 23501 1083 22418 12309 312 104 10109 208 5392 2837 2796 298
internal_count=40701 38723 31789 7761 5565 5517 3244 2651 24028 6934 2694 134 4240 366 310 2273 995 207 23501 1083 22418 12309 312 104 10109 208 5392 2837 2796 298
is_linear=0
shrinkage=0.03


Tree=195
num_leaves=31
num_cat=0
split_feature=13 1 0 4 41 32 8 30 28 5 13 36 8 35 12 8 38 4 40 35 40 4 3 12 4 5 13 4 4 5
split_gain=8.9206 3.02083 3.86542 3.95838 3.31968 2.85468 3.28799 2.42336 5.2665 2.83445 3.17044 2.89579 2.51379 3.29752 2.45768 3.29135 2.83124 2.82666 3.1072 2.34635 2.25981 3.39848 2.17633 2.10124 2.98705 1.96286 2.36413 1.83379 2.29728 3.5525
threshold=258.71000000000009 1.0000000180025095e-35 5.5000000000000009 350.50000000000006 10093.469864818015 211.33000000000001 450.58750000000003 174.89500000000001 49955.312500000007 38156.250000000007 193.02000000000001 2.7087499999999953 434.53125000000006 3.8775000000000053 72.567291666666677 198.92500000000004 144.94500000000002 258.50000000000006 -16.069999999999993 3.547500000000007 -68.686249999999987 58.500000000000007 1.0000000180025095e-35 49.953125000000007 60.500000000000007 49804.687500000007 197.26500000000001 289.50000000000006 316.50000000000006 50578.187500000007
decision_type=10 2 2 2 8 10 2 10 10 2 10 10 2 10 10 2 10 2 10 10 8 2 2 10 2 2 10 2 2 2
left_child=1 2 3 -1 23 7 25 14 9 11 12 -9 -11 -14 20 17 -17 19 -19 -16 21 -3 -6 24 -4 26 -7 -20 -29 -30
right_child=-2 5 4 -5 22 6 -8 8 -10 10 -12 -13 13 -15 15 16 -18 18 27 -21 -22 -23 -24 -25 -26 -27 -28 28 29 -31
leaf_value=-0.0061424584222035472 1.2046579255390608 -0.05514271428325157 -0.15573913927692129 -0.83668191236004263 0.29987111126528737 0.073236594996450577 -0.43917415051932096 -0.19493008969320774 -0.30290735017850817 -0.036380578467304463 0.2116761240158071 -0.59217463800913539 0.0055896430788917283 -0.32915382153466932 0.10892859371255725 -0.0045348579749441781 -0.53657409771450038 0.081132915446751691 -0.26500392766654812 0.014357273160755435 -0.012219052619530936 0.026739914980059031 -0.041411217135364754 0.23627650325992344 -0.0076866364392599159 0.40367987931682892 -0.63783394832780071 0.10609395825197128 -0.60064342254643288 -0.0091787441408323553
leaf_weight=1371 1959 360 54 47 2682 536 52 181 95 2015 486 40 85 79 4573 4569 44 1628 484 2148 10348 2325 173 447 922 1278 64 552 134 718
leaf_count=1371 1959 360 54 47 2682 536 52 181 95 2015 486 40 85 79 4573 4569 44 1628 484 2148 10348 2325 173 447 922 1278 64 552 134 718
internal_value=0.000350729 0.000250188 0.000887836 -0.000469344 0.0013377 0.000139412 0.00125842 6.93991e-05 -0.000743461 -0.000513336 -0.000241935 -0.00377027 -0.000730734 -0.00429091 0.000156326 0.000420174 -0.000245123 0.000719965 3.07081e-05 0.00108048 -0.000144315 0.00063105 0.00192752 0.000153792 -0.000626407 0.00146567 4.99169e-05 -0.000797247 -0.000247687 -0.00122392
internal_weight=40449 38490 5696 1418 4278 32794 1930 30864 2981 2886 2665 221 2179 164 27883 14850 4613 10237 3516 6721 13033 2685 2855 1423 976 1878 600 1888 1404 852
internal_count=40449 38490 5696 1418 4278 32794 1930 30864 2981 2886 2665 221 2179 164 27883 14850 4613 10237 3516 6721 13033 2685 2855 1423 976 1878 600 1888 1404 852
is_linear=0
shrinkage=0.03


Tree=196
num_leaves=31
num_cat=0
split_feature=33 23 40 39 41 32 7 31 41 28 2 12 4 38 16 4 4 26 40 39 28 32 5 8 33 13 15 26 6 13
split_gain=8.78267 4.90806 3.18087 3.55212 2.73411 2.55461 3.82071 2.4281 2.11807 2.05709 1.99725 1.98379 2.55296 3.59521 2.79811 2.51713 3.83975 7.16652 3.6305 3.20418 2.33516 2.32575 2.16731 2.14016 2.34672 2.09986 2.0816 2.93643 3.35245 4.8222
threshold=258.35375000000005 4.5000000000000009 18.830000000000002 -0.33624999999997834 18786.92879774997 174.74500000000003 7.2760416666666687 356.67500000000001 14594.767780363725 55370.35796875001 6.5000000000000009 59.353541666666672 287.50000000000006 62.451250000000002 8004.3095738814382 257.50000000000006 262.50000000000006 39442.638750000006 -28.764999999999997 -21.953749999999996 46503.048906250006 146.40000000000001 45001.375000000007 385.9187500000001 55.225000000000009 37.910000000000004 163.04484375000001 36259.626250000008 11.361674008810576 50.845000000000006
decision_type=10 2 10 10 8 10 2 10 10 10 2 10 2 10 8 2 2 10 10 10 10 10 2 2 8 10 10 10 2 10
left_child=2 -2 8 -4 -5 6 7 10 9 11 -3 12 13 20 -15 23 17 19 -18 -17 22 26 -1 24 -13 -22 27 -20 -29 -30
right_child=1 5 3 4 -6 -7 -8 -9 -10 -11 -12 15 -14 14 -16 16 18 -19 21 -21 25 -23 -24 -25 -26 -27 -28 28 29 -31
leaf_value=-0.022077762001055014 0.64239066390114397 0.20411855158889256 -0.024060187564668066 -0.45241638929012301 -0.16026857550833071 0.28274564258863544 -1.194451397328899 0.82571086410494399 0.18121232360825221 -0.21232391264416539 -0.35157742532745739 -0.083374583919520823 0.044210753933034544 0.078875698424544768 -0.63362776675429733 -1.2726542066351687 0.077287620441509816 0.037438128680368644 0.10558837134077473 -0.22776851160046008 -0.082125935360048141 0.050148684093268212 0.013540972402673665 -0.0012955745838228118 0.061255278027861224 0.0071310277387552929 -0.25072435151055428 -0.0072557447626053657 -0.030134564089799056 -0.4700586974788849
leaf_weight=5254 3164 64 553 40 212 486 64 221 606 90 336 123 1301 48 79 85 1950 149 583 46 518 1359 4710 3481 12107 235 377 1277 429 383
leaf_count=5254 3164 64 553 40 212 486 64 221 606 90 336 123 1301 48 79 85 1950 149 583 46 518 1359 4710 3481 12107 235 377 1277 429 383
internal_value=0.000360765 0.0016363 0.000207106 -0.00165633 -0.00460079 -2.30374e-05 -0.00120262 -0.000477492 0.00024978 0.000218939 -0.00187032 0.000230816 -7.78033e-05 -0.000228492 -0.00522656 0.000398524 -9.12787e-05 -0.00352313 6.0387e-05 -0.00861364 -0.000168781 -0.000416421 -4.69643e-05 0.000605461 0.000792249 -0.00177851 -0.000876393 -0.000581369 -0.0011067 -0.00261255
internal_weight=40330 4335 35995 805 252 1171 685 621 35190 34584 400 34494 12145 10844 127 22349 6638 280 6358 131 10717 4408 9964 15711 12230 753 3049 2672 2089 812
internal_count=40330 4335 35995 805 252 1171 685 621 35190 34584 400 34494 12145 10844 127 22349 6638 280 6358 131 10717 4408 9964 15711 12230 753 3049 2672 2089 812
is_linear=0
shrinkage=0.03


Tree=197
num_leaves=31
num_cat=0
split_feature=13 1 13 0 27 6 38 16 25 33 25 35 27 17 26 36 13 31 15 16 4 2 15 1 0 13 27 13 4 7
split_gain=8.37043 3.00796 3.76302 3.87121 2.59835 2.78748 2.39584 2.33041 2.90939 2.44962 2.95991 2.33251 2.29139 2.3269 2.85097 2.16024 2.10618 2.06044 3.12677 2.04712 2.04244 1.91147 5.00162 3.66485 4.29958 4.95658 4.32089 3.39067 2.7458 1.89897
threshold=258.71000000000009 1.0000000180025095e-35 -0.10624999999999998 5.5000000000000009 55427.884739583344 5.122026431718063 81.58750000000002 6910.9069011364863 113.68005208333334 78.795000000000016 78.845833333333346 -39.812499999999993 31342.096510416672 6745.389365 27094.000000000004 -34.864999999999988 -17.154999999999998 1.0000000180025095e-35 98.556458333333339 4561.2467526248802 350.50000000000006 6.5000000000000009 97.734375000000014 4.5000000000000009 15.500000000000002 153.17000000000004 25142.895833333336 161.94000000000003 262.50000000000006 5.4079861111111134
decision_type=10 2 10 2 10 2 10 10 10 10 10 10 10 8 10 8 10 8 10 10 2 2 10 2 2 10 10 10 2 2
left_child=1 2 15 20 5 7 12 9 11 10 -3 -9 13 14 -7 16 29 18 -17 -18 -4 22 -8 27 25 -25 -27 28 -23 -1
right_child=-2 4 3 -5 -6 6 21 8 -10 -11 -12 -13 -14 -15 -16 17 19 -19 -20 -21 -22 23 -24 24 -26 26 -28 -29 -30 -31
leaf_value=-0.067330081153240184 1.1332385818673631 0.0007791196891146321 0.00010343542882264597 0.20130841119772983 -0.20764849101723376 -0.26530333326349076 -0.27769267620690313 -0.092971499719000858 -0.13781675598473614 0.10759540882609139 -0.08458634129673559 0.089673510831880632 -0.00081004351834928871 0.078430043006262204 -0.003693487534541226 -0.013095590750307093 0.16133027054053961 0.080266909572705936 -0.13933148817642649 -0.1431632598422343 -0.76294001381462229 -0.47046211139622013 0.18694678700857628 -0.15464971795581978 0.0070135052581498537 -0.74310407649284149 -0.91886200169494026 0.56756208329349578 -0.086514626985533333 -0.42228828689287151
leaf_weight=88 1957 576 997 3117 112 41 261 40 78 2778 51 231 24553 2609 151 415 115 763 65 48 43 79 455 113 133 42 87 233 339 40
leaf_count=88 1957 576 997 3117 112 41 261 40 78 2778 51 231 24553 2609 151 415 115 763 65 48 43 79 455 113 133 42 87 233 339 40
internal_value=0.000288099 0.000191158 0.000828004 0.00129654 8.1182e-05 9.68008e-05 -2.47437e-06 0.000866045 -0.00146571 0.0011054 -0.000587579 1.10295e-05 6.62403e-05 0.000879015 -0.00230052 -0.000441694 -0.0027637 0.000103698 -0.00143451 -0.000493902 -0.000288184 -0.00108089 0.000108787 -0.00191042 -0.00426862 -0.00664198 -0.0106385 -0.000547546 -0.00216229 -0.00562791
internal_weight=40610 38653 5691 4157 32962 32850 29096 3754 349 3405 627 271 27354 2801 192 1534 291 1243 480 163 1040 1742 716 1026 375 242 129 651 418 128
internal_count=40610 38653 5691 4157 32962 32850 29096 3754 349 3405 627 271 27354 2801 192 1534 291 1243 480 163 1040 1742 716 1026 375 242 129 651 418 128
is_linear=0
shrinkage=0.03


Tree=198
num_leaves=31
num_cat=0
split_feature=11 7 14 6 13 29 38 13 7 14 12 1 27 25 34 26 8 6 25 25 12 27 14 27 25 38 4 16 34 14
split_gain=7.4775 3.40609 5.72892 2.73535 3.31139 4.43599 2.68576 2.68355 2.50134 3.92983 2.19557 2.74485 2.07206 2.26979 4.57302 3.63 2.01547 2.30688 3.18549 1.91811 1.91067 1.89997 2.19498 1.86883 1.79111 1.76163 1.73571 2.59295 2.38874 2.69067
threshold=278.64500000000004 8.0260416666666696 446.67500000000001 7.6072687224669613 119.48000000000002 191.03375000000003 45.790000000000013 107.67500000000003 6.4045138888888902 342.03125000000006 25.359479166666667 1.0000000180025095e-35 29769.812500000004 119.36666666666669 127.11000000000001 36965.197500000002 0.75625000000000009 13.017841409691632 166.03687500000004 311.9752083333334 101.19083333333334 36934.853928894932 47.195 44017.041666666679 282.46229166666677 47.050000000000011 82.500000000000014 5338.7495466365281 119.09500000000001 90.00500000000001
decision_type=10 2 10 2 10 10 10 10 2 10 10 2 10 10 10 10 2 2 10 10 10 8 8 10 10 10 2 10 10 10
left_child=3 -2 19 4 5 21 8 25 10 12 -5 -12 -10 -14 15 20 17 23 -19 -3 -15 -1 -23 -16 26 -7 27 28 29 -13
right_child=1 2 -4 6 -6 7 -8 -9 9 -11 11 24 13 14 16 -17 -18 18 -20 -21 -22 22 -24 -25 -26 -27 -28 -29 -30 -31
leaf_value=0.24781876375593603 0.70780269818259178 0.32181812186217001 -1.5471002746413147 -0.018352783267771153 0.20149581420907714 0.13023049642267356 -0.063287886585947195 -0.24186793775117382 0.074036112357658196 -0.65595952023345783 0.1864644640164396 0.024424306995460138 -0.0037338155942435083 -0.62351325715983497 0.020454330870262338 -0.32797843046696895 0.096851730612512496 -0.23607036021517044 -0.55600482209770619 -1.2502115064380293 -0.48541742488852341 -0.18922010857126714 0.014506820874253366 -0.51814854525963383 -0.67792360051580791 -0.1978962128957239 0.027600856844555679 -0.16016683404090395 0.079764274283374834 -0.11800167370252411
leaf_weight=371 2737 238 60 2022 2067 62 2821 67 574 40 1955 296 6360 41 223 63 413 55 45 66 52 67 5180 58 56 53 13264 62 621 420
leaf_count=371 2737 238 60 2022 2067 62 2821 67 574 40 1955 296 6360 41 223 63 413 55 45 66 52 67 5180 58 56 53 13264 62 621 420
internal_value=0.000355531 0.00177079 -0.000953425 0.000237852 0.000734748 0.000367178 0.000105054 -0.00422951 0.00019834 -0.000248328 0.000387656 0.00050087 -0.000200127 -0.000336479 -0.00170347 -0.00638217 -0.000777358 -0.00234817 -0.00623762 0.000727869 -0.010117 0.000516818 0.000369855 -0.000946808 0.00036053 -0.00142241 0.000381138 -0.000623571 -0.000343049 -0.00152301
internal_weight=40409 3101 364 37308 7867 5800 29441 182 26620 7924 18696 16674 7884 7310 950 156 794 381 100 304 93 5618 5247 281 14719 115 14663 1399 1337 716
internal_count=40409 3101 364 37308 7867 5800 29441 182 26620 7924 18696 16674 7884 7310 950 156 794 381 100 304 93 5618 5247 281 14719 115 14663 1399 1337 716
is_linear=0
shrinkage=0.03


Tree=199
num_leaves=31
num_cat=0
split_feature=24 32 41 17 0 5 8 5 4 39 4 16 7 14 8 1 8 7 28 4 39 40 24 4 31 39 7 28 5 26
split_gain=8.56805 3.38282 2.33502 2.25286 3.08965 2.41712 3.35592 2.2652 2.26516 3.01066 3.40908 2.6452 4.14591 6.90488 2.15723 4.43137 2.14469 2.86438 2.23973 3.0389 3.62743 2.03614 1.94795 1.93403 3.68529 2.22053 5.16782 1.93287 3.34962 2.16583
threshold=342.60500000000008 147.62500000000003 14594.767780363725 298.30722000000009 13.500000000000002 36405.937500000007 158.18125000000003 45001.375000000007 348.50000000000006 -17.345000000000002 353.50000000000006 7343.6360429106317 7.1128472222222241 161.15500000000003 519.89375000000007 3.5000000000000004 450.58750000000003 5.5920138888888902 29158.125000000004 98.500000000000014 -21.099999999999994 -4.3499999999999792 32.443750000000001 172.50000000000003 104.06500000000001 -24.32 6.821180555555558 47695.554531250011 57402.125000000007 41971.748750000006
decision_type=10 8 10 10 2 2 2 2 2 10 2 10 2 10 2 2 2 2 10 2 10 10 10 2 10 10 2 10 2 10
left_child=1 2 3 5 -5 6 23 22 11 -10 -11 14 13 -13 -7 -16 17 -3 -18 -20 -21 -17 -6 -1 25 -25 -27 28 29 -19
right_child=-2 16 -4 4 7 8 -8 -9 9 10 -12 12 -14 -15 15 21 18 27 19 20 -22 -23 -24 24 -26 26 -28 -29 -30 -31
leaf_value=0.020260626349653615 1.407906263138587 0.17739384828751487 0.19358282778306593 -0.041243394291393468 0.003854443467189668 0.036138690740458453 -0.35067413843111717 0.028697636005219376 -0.0080868578860585471 -0.48631523835945556 -0.032566329177304267 -0.055267037644389561 0.0027859712511862488 -0.38672321510833241 0.070862564427707636 -0.27755352337446176 0.10421389815225557 0.0074528581216941501 0.22978257950172992 -0.17825068130558552 -0.39372522616291877 -0.084618687008116672 -0.13816483247068997 0.014952907608126818 -0.3174566256437516 -0.13069506071518769 -0.56265113665897382 -0.21242166137570995 0.29796341878316079 -0.23581564610295291
leaf_weight=787 2014 3611 471 3736 934 16751 75 2665 825 81 106 394 1114 64 885 336 270 1306 91 74 65 376 609 956 311 272 46 211 877 267
leaf_count=787 2014 3611 471 3736 934 16751 75 2665 825 81 106 394 1114 64 885 336 270 1306 91 74 65 376 609 956 311 272 46 211 877 267
internal_value=0.000302358 0.000202712 7.30305e-05 4.14699e-05 -0.000394965 0.000189778 -0.000702206 0.000162509 0.000294081 -0.00108983 -0.00451596 0.00036444 -0.000816275 -0.00321569 0.000465639 -0.000587609 0.000811457 0.000962219 -0.00107784 -0.00324675 -0.00602143 -0.00234783 -0.000751943 -0.00050316 -0.00110656 -0.000390588 -0.00255799 0.000215252 0.000452876 -0.000375476
internal_weight=40580 38566 31794 31323 7944 23379 2447 4208 20932 1012 187 19920 1572 458 18348 1597 6772 6272 500 230 139 712 1543 2372 1585 1274 318 2661 2450 1573
internal_count=40580 38566 31794 31323 7944 23379 2447 4208 20932 1012 187 19920 1572 458 18348 1597 6772 6272 500 230 139 712 1543 2372 1585 1274 318 2661 2450 1573
is_linear=0
shrinkage=0.03


Tree=200
num_leaves=31
num_cat=0
split_feature=13 7 10 11 25 25 36 40 28 4 12 5 6 9 31 8 1 28 27 12 14 25 7 11 8 4 10 36 17 14
split_gain=8.39873 2.9366 3.15252 3.5438 2.73098 3.1958 2.47076 3.33907 3.31403 2.48815 2.23776 2.15052 1.97182 1.91013 2.80241 1.68449 2.06303 2.42433 1.92259 1.85645 2.20293 1.8006 1.77221 1.96619 1.61005 2.03367 1.52733 2.18881 2.69068 2.19629
threshold=258.71000000000009 4.3975694444444455 446.94500000000005 396.59500000000008 68.600208333333356 68.209791666666675 1.3800000000000063 11.73999999999999 47919.812500000007 357.50000000000006 105.58979166666668 47700.375000000007 12.40242290748899 260.5800000000001 256.01000000000005 209.20000000000002 3.5000000000000004 44506.312500000007 38598.145833333336 127.28484375000001 207.79750000000004 86.742291666666688 2.4531250000000004 200.00500000000002 579.24375000000009 136.50000000000003 -0.0099999999999999482 -1.1187499999999984 8191.4300799999992 108.93000000000002
decision_type=10 2 10 10 10 8 8 10 10 2 10 2 2 10 10 2 2 10 10 10 10 10 2 10 2 2 10 10 8 10
left_child=1 4 6 -4 5 12 7 26 -9 11 -11 13 -1 24 -15 19 17 -17 22 20 -6 -19 -18 -24 -8 -26 27 -3 -29 -30
right_child=-2 2 3 -5 15 -7 9 8 -10 10 -12 -13 -14 14 -16 16 18 21 -20 -21 -22 -23 23 -25 25 -27 -28 28 29 -31
leaf_value=0.066471352802651359 1.0910539999198312 0.016513181151792931 -0.8261555162774189 0.1295272797952447 0.070336021199111504 -0.38720124256517985 0.022361255317161804 -0.13335050799212664 -0.3078005108963528 -0.020623182109058742 -0.68990550264128658 0.094314925618257828 -0.0089697519866499698 -0.56023218191619395 0.21008026523179141 0.13385019181807672 -0.39709127348181578 -0.3078059579104655 0.063995137148472533 0.19877622910032058 -0.51026591117783759 -0.014252869412267015 -0.058939530511190712 -0.37890748774615784 -0.76649419025498133 -0.049970914461138556 0.0017635048776189943 -0.57122314981790046 -0.007358604424513626 -0.56205846028013984
leaf_weight=843 1991 248 56 57 2433 75 1333 788 40 72 45 3403 2613 61 52 1536 45 56 468 1681 68 155 444 60 55 132 21442 42 183 50
leaf_count=843 1991 248 56 57 2433 75 1333 788 40 72 45 3403 2613 61 52 1536 45 56 468 1681 68 155 444 60 55 132 21442 42 183 50
internal_value=0.000315856 0.000217661 5.76266e-05 -0.00492105 0.000646211 -3.31256e-05 7.79333e-05 -5.61989e-05 -0.00192521 0.000671129 -0.00363559 0.000771888 0.000100665 -0.000123011 -0.00386842 0.000991507 0.000416637 0.00104176 -0.000657171 0.00137126 0.000852518 -0.00196698 -0.00186 -0.00134257 0.000157791 -0.00244149 1.43405e-05 -0.00158588 -0.00342391 -0.00214103
internal_weight=40527 38536 28059 113 10477 3531 27946 22793 828 5153 117 5036 3456 1633 113 6946 2764 1747 1017 4182 2501 211 549 504 1520 187 21965 523 275 233
internal_count=40527 38536 28059 113 10477 3531 27946 22793 828 5153 117 5036 3456 1633 113 6946 2764 1747 1017 4182 2501 211 549 504 1520 187 21965 523 275 233
is_linear=0
shrinkage=0.03


Tree=201
num_leaves=31
num_cat=0
split_feature=9 6 10 13 28 18 25 4 13 30 41 3 5 40 4 17 8 32 14 24 10 23 30 25 16 8 4 35 28 5
split_gain=7.25763 3.32961 3.76506 2.60269 2.39034 3.82886 3.37403 2.83259 6.94706 2.14075 4.34527 2.08781 1.70939 1.99204 4.23605 1.97304 1.61585 1.67196 1.6142 1.6562 2.19319 1.58743 2.64668 2.75806 1.55048 2.88331 1.93332 2.85667 4.27129 3.54186
threshold=353.44500000000005 6.1273127753303971 410.13500000000005 119.48000000000002 34184.625000000007 1.0000000180025095e-35 182.91250000000005 267.50000000000006 153.17000000000004 174.89500000000001 16288.321281761067 1.0000000180025095e-35 36405.937500000007 34.675000000000004 190.50000000000003 12435.168470000004 134.15000000000003 78.325000000000003 41.100000000000009 6.3550000000000013 14.482500000000002 5.5000000000000009 360.14000000000004 351.38812500000012 1382.2019498210416 356.46875000000006 349.50000000000006 7.6737499999999992 40849.149531250012 61418.750000000007
decision_type=10 2 10 10 10 2 10 2 10 10 8 2 2 10 2 8 2 10 10 10 10 2 10 10 8 2 2 10 10 2
left_child=1 3 4 9 5 18 -7 -8 -9 11 -11 -1 15 24 -15 -6 17 -17 19 -3 -21 -2 23 -23 25 -14 -26 -28 -29 -30
right_child=21 2 -4 -5 12 6 7 8 -10 10 -12 -13 13 14 -16 16 -18 -19 -20 20 -22 22 -24 -25 26 -27 27 28 29 -31
leaf_value=0.024047009924415979 2.3284850000458466 0.01951891028294411 -0.62772514309755223 0.22679413002723856 -0.0040389958847225575 0.0056673306113004199 -0.1419963798698502 -0.036102872576098503 -0.97074275236748986 -0.37269209335897868 -0.0063058904392301919 -0.17720707217643841 0.13528380572266491 -0.27239259617498079 0.012198945202440805 0.15834394480989025 -0.36705102510802667 -0.26442208614110446 0.11508422242675148 -0.12443535826081166 0.041808495880090606 0.11421121793453834 0.77714690354618388 -1.2902984329928342 0.0023913016318681392 -0.013366773362359528 -0.0055739988291043218 -0.035533978912525736 -0.66912753511815348 -0.029650947341502056
leaf_weight=3776 1405 104 121 1750 1305 1828 320 65 51 42 143 79 1944 75 129 93 41 606 4817 70 41 81 313 40 19359 1077 491 117 65 43
leaf_count=3776 1405 104 121 1750 1305 1828 320 65 51 42 143 79 1944 75 129 93 41 606 4817 70 41 81 313 40 19359 1077 491 117 65 43
internal_value=0.000326129 0.00023827 0.000121051 0.000901399 0.000140708 0.000619159 -0.000405298 -0.00277346 -0.00676923 0.000482554 -0.00266129 0.000634077 2.95916e-06 7.59625e-05 -0.00286829 -0.000828446 -0.00206478 -0.00171857 0.00108007 -0.00145833 -0.00399107 0.00216685 0.00057931 -0.00317213 0.000102091 0.000735606 6.72456e-06 -0.00152301 -0.00431416 -0.00858716
internal_weight=40391 38552 32762 5790 32641 7296 2264 436 116 4040 185 3855 25345 23300 204 2045 740 699 5032 215 111 1839 434 121 23096 3021 20075 716 225 108
internal_count=40391 38552 32762 5790 32641 7296 2264 436 116 4040 185 3855 25345 23300 204 2045 740 699 5032 215 111 1839 434 121 23096 3021 20075 716 225 108
is_linear=0
shrinkage=0.03


Tree=202
num_leaves=31
num_cat=0
split_feature=24 32 7 5 7 37 28 28 29 8 27 26 0 36 4 41 25 4 5 17 0 8 18 23 0 6 11 26 39 8
split_gain=7.84914 3.48195 2.29784 2.35993 3.14148 3.40743 2.40644 2.31567 3.25706 2.21272 3.19351 2.33931 2.18932 1.94069 2.48268 1.78909 1.80151 1.74967 3.50829 1.53641 2.77303 1.83193 3.51914 3.68406 2.7268 2.71583 3.29509 3.46407 2.37644 2.14777
threshold=395.76500000000004 147.62500000000003 5.6857638888888902 57402.125000000007 7.5781250000000009 10.009999999999996 35669.500000000007 47695.554531250011 183.90125000000003 473.18125000000015 30222.437500000004 32928.000000000007 4.5000000000000009 111.42999999999999 211.50000000000003 10921.775007773575 159.83239583333338 277.50000000000006 45400.437500000007 944.69780500000013 11.500000000000002 0.63125000000000009 1.0000000180025095e-35 1.5000000000000002 17.500000000000004 16.761453744493398 44.055000000000007 39502.500000000007 -31.561249999999998 274.73125000000005
decision_type=10 8 2 2 2 8 10 10 10 2 10 10 2 10 2 10 10 2 2 10 2 2 2 2 2 2 10 8 10 2
left_child=1 13 9 4 17 6 -6 -5 -9 -3 -11 -12 -8 15 -15 19 -17 -4 -19 21 -21 -1 23 29 25 -24 -27 28 -28 -23
right_child=-2 2 3 7 5 -7 12 8 -10 10 11 -13 -14 14 -16 16 -18 18 -20 20 -22 22 24 -25 -26 26 27 -29 -30 -31
leaf_value=0.00037020914160565692 2.2608799036639664 0.18647081338814595 0.10406306491469501 0.31332813531746012 -0.041309097277287966 0.049534221268490199 -0.7935803780144407 0.060198431923227269 -0.29295892159979448 0.06739254605709824 -0.44354033245139141 -0.24859024754409986 -0.34746012952780192 0.0084447312645865649 -0.60286209812354663 0.12005081117207948 -0.12992201361761554 -0.70475835129858455 0.047029150066477864 -0.068056499773191725 0.0035790330241697536 0.067788707021262148 0.00032668114030998899 0.31615023082790294 0.10361369278465117 0.0011565339809359182 -0.55309096059204754 0.061142754751235012 -0.19357133231779747 -0.010012255432451989
leaf_weight=13462 1382 4069 940 936 94 161 41 134 64 242 40 63 140 75 47 1013 43 70 177 1986 5112 3045 1529 1656 785 407 164 114 275 2112
leaf_count=13462 1382 4069 940 936 94 161 41 134 64 242 40 63 140 75 47 1013 43 70 177 1986 5112 3045 1529 1656 785 407 164 114 275 2112
internal_value=0.000364645 0.000285868 0.000883017 0.000203408 -0.000530172 -0.00270481 -0.00472826 0.00125286 -0.00168844 0.00130736 -0.00099711 -0.00539423 -0.00674176 0.000151292 -0.00360976 0.000165878 0.00137938 0.000270202 -0.00197177 0.000124021 -0.000262854 0.000240637 0.000546293 0.000934693 -0.000261985 -0.000748193 -0.00199792 -0.00350361 -0.00471136 0.000539163
internal_weight=40378 38996 7171 2757 1623 436 275 1134 198 4414 345 103 181 31825 122 31703 1056 1187 247 30647 7098 23549 10087 6813 3274 2489 960 553 439 5157
internal_count=40378 38996 7171 2757 1623 436 275 1134 198 4414 345 103 181 31825 122 31703 1056 1187 247 30647 7098 23549 10087 6813 3274 2489 960 553 439 5157
is_linear=0
shrinkage=0.03


Tree=203
num_leaves=31
num_cat=0
split_feature=11 6 14 15 11 36 16 7 14 41 7 5 4 12 14 5 26 7 32 35 23 7 5 24 24 26 17 6 5 36
split_gain=8.89082 2.63984 2.54501 2.74863 3.04526 2.61792 2.40977 2.35399 2.32644 3.05154 2.97127 3.37998 3.76717 3.55264 5.46276 2.76386 2.50377 2.36841 2.54492 2.59668 2.30901 2.74153 2.02495 2.28191 3.05943 2.0176 1.98817 1.92335 3.12061 2.27697
threshold=278.64500000000004 5.122026431718063 144.92000000000004 41.885000000000005 48.957500000000003 13.884999999999993 6037.4786780114719 4.6128472222222241 218.24000000000004 2257.4127217742393 8.3385416666666696 49000.062500000007 190.50000000000003 216.12250000000003 418.44000000000005 63656.250000000007 31127.037500000002 6.3767361111111134 172.70500000000001 10.328749999999994 5.5000000000000009 8.0711805555555589 59563.500000000007 44.305000000000007 72.503750000000011 28415.812500000004 1359.6251450000002 23.761233480176212 37254.187500000007 1.5687499999999981
decision_type=10 2 10 8 8 10 10 2 10 10 2 2 2 10 10 2 10 2 10 10 2 2 2 10 10 10 10 2 2 8
left_child=1 2 3 -1 22 -6 -4 26 27 10 11 12 -10 17 25 16 -12 18 19 -14 -2 -22 -5 -24 -25 -15 -3 29 -29 -9
right_child=20 7 6 4 5 -7 -8 8 9 -11 15 -13 13 14 -16 -17 -18 -19 -20 -21 21 -23 23 24 -26 -27 -28 28 -30 -31
leaf_value=0.11300545830053493 0.69386448460078975 0.050048098184317998 0.13777235554822209 -0.015662681369327962 0.019296742373862488 -0.22261632664315942 -0.048245128219856423 -0.0064919929760600507 0.019495757729797152 -0.31506625369657359 -0.0095851954652888798 0.15602769545766262 -0.094713284036820306 -0.64605619927452451 -0.11645276336081102 0.10768364715900094 -0.60539215351736619 -0.39982579554166475 0.31926627734075524 -0.86096502943435194 0.17584849941308259 -1.1608083348554761 0.099932033539001069 -0.13699104337237825 -0.059367797133519973 -0.8629629918936601 -0.0057809581773464076 -0.95429667967717957 0.075634647333381155 0.035454589377732111
leaf_weight=377 2518 7598 2250 125 1354 60 144 16059 607 63 83 1021 116 48 75 80 171 150 173 52 530 40 40 79 40 47 2936 42 1365 2352
leaf_count=377 2518 7598 2250 125 1354 60 144 16059 607 63 83 1021 116 48 75 80 171 150 173 52 530 40 40 79 40 47 2936 42 1365 2352
internal_value=0.000335132 0.000207716 0.000891946 0.000122832 -0.000391995 0.000178092 0.00155825 0.000115137 -5.81203e-05 -0.00088649 -0.000728277 -0.000341921 -0.00137589 -0.00294109 -0.00666667 -0.00336716 -0.00489412 -0.00164024 -0.000254386 -0.00287574 0.00188216 0.000157618 -0.00322105 -0.00545625 -0.007525 -0.0114062 0.00048524 5.41905e-05 0.00112287 -2.75363e-05
internal_weight=40595 37507 4469 2075 1698 1414 2394 33038 22504 2686 2623 2289 1268 661 170 334 254 491 341 168 3088 570 284 159 119 95 10534 19818 1407 18411
internal_count=40595 37507 4469 2075 1698 1414 2394 33038 22504 2686 2623 2289 1268 661 170 334 254 491 341 168 3088 570 284 159 119 95 10534 19818 1407 18411
is_linear=0
shrinkage=0.03


Tree=204
num_leaves=31
num_cat=0
split_feature=24 1 32 40 0 12 4 25 24 28 33 6 13 40 28 13 13 14 38 31 5 13 6 10 13 12 28 13 6 12
split_gain=8.45922 3.14884 2.48898 2.51949 2.0377 2.19539 2.79832 2.91637 3.16141 2.00813 2.72961 1.87812 1.97768 1.74928 2.77465 4.30132 4.41186 3.58325 2.10464 1.95232 2.43265 1.85988 2.70795 1.98031 2.71054 1.74488 1.69442 1.78681 3.01781 1.63553
threshold=300.34500000000008 4.5000000000000009 138.60125000000002 17.515000000000001 16.500000000000004 477.00062500000007 197.50000000000003 343.15729166666671 395.76500000000004 49955.312500000007 170.09125000000003 7.4270925110132167 72.372500000000016 4.5500000000000016 35589.437500000007 73.500000000000014 95.970000000000013 140.65500000000003 34.305000000000007 180.10625000000002 46701.000000000007 22.405000000000005 20.28744493392071 38.085000000000008 3.5600000000000005 38.983541666666675 29950.000000000004 82.633750000000006 10.695154185022028 87.752083333333346
decision_type=10 2 10 10 2 10 2 10 10 10 8 2 10 8 8 10 10 10 10 10 2 10 2 10 10 10 10 10 2 10
left_child=2 -2 13 9 5 6 -3 -8 -9 11 -11 -4 -13 19 -15 21 17 -17 -19 29 -21 22 23 25 -25 -16 -5 -28 -29 -1
right_child=1 4 3 26 -6 -7 7 8 -10 10 -12 12 -14 14 15 16 -18 18 -20 20 -22 -23 -24 24 -26 -27 27 28 -30 -31
leaf_value=0.0019218865732125048 1.2398037278681784 0.41669363297538931 0.20726708907213437 0.23581201464742901 0.54996533876266096 2.1555801841697364 0.22039452733225842 -1.1902486550313784 -0.09689404597339922 0.015333116440525124 -0.26196833705050443 0.22538417251486392 0.012814049816606762 0.03395988072131699 -0.15738447780680551 -0.086226683090290857 -0.078747584995341693 -0.63057749173175348 -0.13887437108662412 -0.39103933921847805 -0.011891899691193622 0.014423891478880955 0.010087448212280128 -0.1519068496743719 -0.56374104807161485 0.13585905776443996 0.14657117944463485 -0.10617981152407875 -0.50258738761971455 0.043610716796623442
leaf_weight=18666 2134 48 1820 150 203 75 42 71 50 117 74 1543 3338 1180 112 58 175 65 47 206 491 877 349 104 107 88 74 142 49 7990
leaf_count=18666 2134 48 1820 150 203 75 42 71 50 117 74 1543 3338 1180 112 58 175 65 47 206 491 877 349 104 107 88 74 142 49 7990
internal_value=0.000334149 0.00198133 0.000219866 0.000717159 -0.000189796 -0.00181882 -0.00338208 -0.00525 -0.00759836 0.00085391 -0.00217187 0.000940466 0.000633552 0.000100767 -0.000567183 -0.00125265 -0.00429191 -0.0077193 -0.0108319 0.000178 -0.00138825 -0.00060989 -0.00169514 -0.00334223 -0.00536321 -0.00119403 -0.00155048 -0.00298872 -0.00451562 0.000219004
internal_weight=40445 2623 37822 7307 489 286 211 163 121 6892 191 6701 4881 30515 3162 1982 345 170 112 27353 697 1637 760 411 211 200 415 265 191 26656
internal_count=40445 2623 37822 7307 489 286 211 163 121 6892 191 6701 4881 30515 3162 1982 345 170 112 27353 697 1637 760 411 211 200 415 265 191 26656
is_linear=0
shrinkage=0.03


Tree=205
num_leaves=31
num_cat=0
split_feature=13 15 1 8 14 1 0 25 36 38 39 40 16 39 36 41 14 38 41 5 13 23 4 25 5 8 17 16 13 36
split_gain=7.27841 4.74168 4.01342 4.10882 3.84472 2.57208 3.89842 3.48538 2.83687 2.39657 2.41899 2.38998 3.55775 3.28921 2.87447 2.36255 2.29955 2.17826 2.64465 2.08731 2.66411 2.18811 2.01192 1.73541 1.79486 2.09643 2.02351 3.17212 3.02094 6.12852
threshold=195.09500000000003 148.72937500000003 4.5000000000000009 615.43750000000011 559.03500000000008 1.0000000180025095e-35 4.5000000000000009 311.9752083333334 -34.864999999999988 -33.684999999999995 -68.53749999999998 11.089999999999987 5562.0051106596266 -8.1499999999999968 1.5687499999999981 6407.244166763624 74.815000000000012 -0.054999999999996156 4081.6994252008885 35601.625000000007 298.67500000000001 6.5000000000000009 363.50000000000006 11.199583333333335 41155.625000000007 103.00625000000001 9215.5433949999988 12524.676816973219 12.545000000000002 -10.979999999999999
decision_type=8 8 2 2 10 2 2 10 10 8 10 10 10 10 8 8 10 10 10 2 10 2 2 10 2 2 8 8 10 10
left_child=4 -2 -3 19 5 6 7 9 16 10 -1 14 13 -13 17 -15 -8 18 -7 20 -4 -21 23 -19 25 -25 27 -26 29 -29
right_child=1 2 3 -5 -6 11 8 -9 -10 -11 -12 12 -14 15 -16 -17 -18 22 -20 21 -22 -23 -24 24 26 -27 -28 28 -30 -31
leaf_value=-0.01849145421313057 -0.54481843202782265 0.69842339919172491 -0.4601469417445006 -0.56333342993555713 -1.274478386187299 0.013360401930758886 -0.14398258634762917 -1.8771120221669286 0.11701514690586044 0.0090238274674404369 -0.5116152609622997 0.031280751513742648 -0.28497612757456875 -0.40269042437817953 0.047413182260419219 -0.12110652911740814 0.062133198094650156 0.044681721651825969 0.18675559975101433 -0.37271627958112574 0.17146523799792887 0.42941094954515002 -0.34281729413970385 -0.007135922131532634 -0.010567741864214938 -0.13565173127541102 0.0086027417900079207 -0.040848668136598799 -0.00024956990240175569 -0.31837960589001224
leaf_weight=123 42 2348 51 85 56 8524 166 41 3928 881 113 847 54 56 4678 659 258 495 768 44 64 703 53 1473 4518 907 8036 229 225 81
leaf_count=123 42 2348 51 85 56 8524 166 41 3928 881 113 847 54 56 4678 659 258 495 768 44 64 703 53 1473 4518 907 8036 229 225 81
internal_value=0.000327055 0.00166896 0.00179763 0.000148734 0.000206538 0.000218489 0.000816549 -0.000729939 0.00122812 -0.000410554 -0.00308861 0.000114195 -0.00100928 -0.000744722 0.00017477 -0.00224162 -0.00110118 4.8479e-05 0.00041386 0.000771727 -0.00297414 0.0013516 -0.000163503 -0.00014394 -0.000199935 -0.000957581 -6.21084e-05 -0.000532449 -0.00271455 -0.00463022
internal_weight=40506 3337 3295 947 37169 37113 5510 1158 4352 1117 236 31603 1616 1562 29987 715 424 25309 9292 862 115 747 16017 15964 15469 2380 13089 5053 535 310
internal_count=40506 3337 3295 947 37169 37113 5510 1158 4352 1117 236 31603 1616 1562 29987 715 424 25309 9292 862 115 747 16017 15964 15469 2380 13089 5053 535 310
is_linear=0
shrinkage=0.03


Tree=206
num_leaves=31
num_cat=0
split_feature=13 7 12 14 9 28 6 4 39 1 38 29 1 40 9 5 38 5 1 4 5 13 28 13 39 11 24 15 12 28
split_gain=7.31254 2.73295 2.50803 3.68085 3.3201 2.25708 2.44564 1.96678 3.49428 3.73172 1.87559 4.49436 1.85081 1.8688 2.13503 1.88192 1.84997 4.12059 3.38829 2.4545 4.66221 2.20985 2.43274 1.87065 1.84798 1.87776 2.58074 3.86169 2.61303 2.37606
threshold=258.71000000000009 4.414930555555558 126.10145833333334 198.49000000000004 130.06500000000003 55370.35796875001 6.1273127753303971 350.50000000000006 -41.094999999999978 1.0000000180025095e-35 27.262499999999999 113.68250000000002 3.5000000000000004 -16.411249999999985 396.59500000000008 43500.187500000007 91.915000000000035 36000.812500000007 1.5000000000000002 259.50000000000006 48103.500000000007 66.307500000000019 45815.328281250004 153.17000000000004 -133.15499999999997 51.945000000000007 40.001250000000006 72.386250000000004 40.963854166666671 34956.812500000007
decision_type=10 2 10 8 8 8 2 2 10 2 10 10 2 10 10 2 10 2 2 2 2 10 10 10 10 10 10 10 10 10
left_child=1 2 3 -1 -5 6 -3 16 -9 -10 11 -11 -2 14 15 -14 24 -18 -19 21 23 22 -20 -21 -8 26 28 -28 -26 -29
right_child=12 5 -4 4 -6 -7 7 8 9 10 -12 -13 13 -15 -16 -17 17 18 19 20 -22 -23 -24 -25 25 -27 27 29 -30 -31
leaf_value=0.019127284989770496 1.412778860625042 0.036453555209972135 0.12120914862859328 -0.0244467750590554 -0.64329901766173847 -0.25398950372421003 0.077366210956405265 -0.0054154376740159571 -1.5285819391175217 -0.03134287707929815 0.094971457270052823 -1.1187526961702587 -0.65713695280351936 0.77981609276272357 1.2360530632834936 -0.14524085334108153 -0.97879960900683205 0.30726010752252408 -0.73868973174928287 -0.29760015398254874 -0.065014388708938387 0.11278836728676195 0.032284500743232886 -0.83271409775933247 -0.013826465105795608 0.010794688507537255 -0.039246828633509007 0.00147707543584958 0.040532076619547636 -0.40744392637871446
leaf_weight=7563 1083 4025 2933 105 47 78 473 531 42 107 77 40 43 723 69 48 61 384 50 77 226 337 55 62 2357 14923 2080 68 1499 169
leaf_count=7563 1083 4025 2933 105 47 78 473 531 42 107 77 40 43 723 69 48 61 384 50 77 226 337 55 62 2357 14923 2080 68 1499 169
internal_value=0.00029936 0.000207897 0.000616396 0.000332426 -0.00427451 5.09705e-05 6.54393e-05 -5.10605e-05 -0.00151504 -0.00431461 -0.00274667 -0.00472297 0.00208338 0.00106222 -0.00186335 -0.0048587 1.31564e-07 -0.00112051 -0.000727349 -0.00183045 -0.00364754 -0.000325056 -0.00410377 -0.00795 6.52296e-05 2.36054e-05 -0.000416424 -0.00120751 5.91134e-05 -0.00482773
internal_weight=40335 38369 10648 7715 152 27721 27643 23618 797 266 224 147 1966 883 160 91 22821 1252 1191 807 365 442 105 139 21569 21096 6173 2317 3856 237
internal_count=40335 38369 10648 7715 152 27721 27643 23618 797 266 224 147 1966 883 160 91 22821 1252 1191 807 365 442 105 139 21569 21096 6173 2317 3856 237
is_linear=0
shrinkage=0.03


Tree=207
num_leaves=31
num_cat=0
split_feature=24 1 6 8 15 36 7 26 13 11 26 38 6 40 17 1 8 35 36 40 12 14 39 4 8 12 12 15 7 35
split_gain=7.64887 2.46181 2.1929 3.41363 2.71221 2.68798 2.63568 2.71019 4.35968 3.45437 2.67799 2.63178 2.52484 2.22445 2.01434 2.13234 2.55257 2.0455 2.04742 1.94671 2.34736 4.45901 4.47931 2.63356 2.68296 2.0612 4.10344 2.73721 2.64809 2.32559
threshold=310.08500000000004 4.5000000000000009 30.328193832599123 604.07500000000016 78.60708333333335 1.4700000000000137 3.3906250000000004 31789.086250000004 30.360000000000003 66.001250000000013 33093.500000000007 -2.2400000000000051 18.887004405286344 7.160000000000001 1272.1377000000002 1.5000000000000002 0.11250000000000002 -69.196249999999978 -1.9599999999999971 -67.33499999999998 62.638541666666676 123.94000000000001 -31.182499999999994 217.50000000000003 529.36250000000007 49.953125000000007 54.599375000000002 44.237916666666671 8.5017361111111125 -1.3487500000000094
decision_type=10 2 2 2 10 10 2 10 10 10 10 8 2 8 10 2 2 8 10 10 10 10 10 2 2 10 10 8 2 10
left_child=2 -2 3 5 -5 11 -6 -8 -9 -10 -11 12 -1 14 15 16 -13 -16 -19 -17 21 25 -23 -22 -25 -21 27 29 -29 -27
right_child=1 -3 -4 4 6 -7 7 8 9 10 -12 13 -14 -15 17 19 -18 18 -20 20 23 22 -24 24 -26 26 -28 28 -30 -31
leaf_value=0.012686911011374594 1.1949854040003811 -0.0043829387354969041 0.086112423611443292 -0.0062517516335061432 0.032483896093487501 0.05401332294784944 -0.11464318019105578 -0.028083902084799061 -0.78753377463699514 -0.51018100801454747 -0.34539538643919004 0.0012764310967168116 0.10545724135496515 -0.083284499204992896 -0.044007651870087441 0.057390918431445399 0.12917283973473076 0.0063703764612497394 -0.061532671159803001 0.010889107255457183 0.024764852383660076 -0.19510308647033101 -0.62671144919837951 -0.036262134645495735 -0.65453142620046145 -0.36166292376859638 -0.0052210030593637363 -0.0064498404436604566 -0.22567874960384821 -0.018185062909882276
leaf_weight=6783 2008 432 552 1225 201 5924 335 164 52 42 95 2197 2907 1463 773 743 1887 2301 958 1237 4454 108 46 2551 47 52 548 186 47 42
leaf_count=6783 2008 432 552 1225 201 5924 335 164 52 42 95 2197 2907 1463 773 743 1887 2301 958 1237 4454 108 46 2551 47 52 548 186 47 42
internal_value=0.000301777 0.00192954 0.000196989 0.000169231 -0.00100142 0.000239456 -0.0022618 -0.00314369 -0.00497458 -0.00806842 -0.0055 0.000121714 0.000526262 -7.78982e-05 1.27078e-05 0.000181323 0.000759364 -0.000578725 -0.000249386 -5.3369e-05 -0.000171263 -0.00101103 -0.00592258 9.86815e-05 -0.000660254 -0.00065026 -0.0017637 -0.00441768 -0.00265385 -0.00871579
internal_weight=40360 2440 37920 37368 2114 35254 889 688 353 189 137 29330 9690 19640 18177 14145 4084 4032 3259 10061 9318 2266 154 7052 2598 2112 875 327 233 94
internal_count=40360 2440 37920 37368 2114 35254 889 688 353 189 137 29330 9690 19640 18177 14145 4084 4032 3259 10061 9318 2266 154 7052 2598 2112 875 327 233 94
is_linear=0
shrinkage=0.03


Tree=208
num_leaves=31
num_cat=0
split_feature=34 1 25 2 8 14 14 2 25 25 14 11 34 7 41 38 15 28 4 25 10 4 28 40 27 4 12 10 27 15
split_gain=8.10369 4.22343 2.65408 4.66274 3.02856 2.13546 4.36758 5.40136 3.36113 3.4693 6.58813 2.93698 2.7218 2.57408 2.6663 2.54758 2.41484 2.27208 2.17687 2.27787 4.55517 2.09373 2.85635 3.23112 2.94312 2.66208 2.53987 5.99493 2.20335 2.02765
threshold=293.84000000000009 4.5000000000000009 331.09791666666672 9.5000000000000018 551.51875000000007 99.955000000000013 99.290000000000006 5.5000000000000009 69.346145833333352 66.697916666666671 90.00500000000001 56.160000000000004 82.415000000000006 10.565972222222223 -4935.5664279363582 5.4637499999999966 134.48708333333335 54729.13984375001 348.50000000000006 121.71145833333334 139.88125000000002 32.500000000000007 34271.375000000007 34.675000000000004 39138.030989583342 236.50000000000003 174.155 197.60500000000005 39059.104166666679 167.20895833333336
decision_type=10 2 10 2 2 10 10 2 10 10 10 10 10 2 8 10 10 10 2 10 10 2 10 10 10 2 10 10 10 10
left_child=5 -2 -3 4 -4 6 8 -8 9 -1 11 -11 -12 15 -15 18 -10 21 -7 -20 -21 -17 25 24 26 -23 28 -28 -24 -27
right_child=1 2 3 -5 -6 13 7 -9 16 10 12 -13 -14 14 -16 17 -18 -19 19 20 -22 22 23 -25 -26 29 27 -29 -30 -31
leaf_value=-0.0059061324579725788 1.0601132755688658 0.29474549897905633 0.21726945494522593 -1.1210869023692174 -0.92550504719519999 0.044371598891606558 -0.19750651857522325 0.11845681606312165 0.070264197675104806 -0.20206796710360345 -0.42209020018068322 0.061173175223414852 -0.2183033273828224 0.035828219920282664 -0.15559231990181296 0.11118065788758626 -0.27743668743770833 -0.24612462724779466 -0.0097875198189425801 -0.65210774148837658 0.021700138143087015 0.15930656965036127 -0.073141824405005135 -0.34506849751701213 0.0013931403821498718 0.12188128693886342 -1.1375929604362152 -0.037039943998980876 -0.42030617937869963 -0.24800573219427
leaf_weight=8670 2191 474 222 62 46 16944 119 74 1993 41 42 171 41 118 274 1101 61 56 486 44 57 1264 1524 43 3327 380 47 73 44 485
leaf_count=8670 2191 474 222 62 46 16944 119 74 1993 41 42 171 41 118 274 1101 61 56 486 44 57 1264 1524 43 3327 380 47 73 44 485
internal_value=0.000336059 0.00183745 -2.23601e-05 -0.00208459 -0.000356877 0.000216035 -0.000130563 -0.00459278 -5.19963e-05 -0.00030281 -0.00349662 -0.000676056 -0.0106071 0.000363979 -0.0020458 0.000400564 0.00104234 -3.09166e-05 0.000605921 -0.00118878 -0.00526471 1.0134e-05 -0.000176544 -0.000564538 -0.000493421 0.000745071 -0.00151332 -0.00570248 -0.00118929 -0.000536951
internal_weight=40474 2995 804 330 268 37479 11212 193 11019 8965 295 212 83 26267 392 25875 2054 8344 17531 587 101 8288 7187 5058 5015 2129 1688 120 1568 865
internal_count=40474 2995 804 330 268 37479 11212 193 11019 8965 295 212 83 26267 392 25875 2054 8344 17531 587 101 8288 7187 5058 5015 2129 1688 120 1568 865
is_linear=0
shrinkage=0.03


Tree=209
num_leaves=31
num_cat=0
split_feature=24 1 14 7 11 25 32 8 29 25 12 38 16 12 38 21 8 24 0 6 37 28 27 29 6 16 7 8 32 28
split_gain=7.9321 2.51372 3.55753 2.69108 2.14635 2.98289 2.12703 1.93793 1.89184 1.86696 1.94031 3.27347 3.68236 3.15364 2.28035 1.98251 2.01212 2.99543 2.86381 2.45804 2.45627 1.86306 3.11973 3.64746 2.34402 2.27252 1.76374 1.71216 2.38856 1.7015
threshold=342.60500000000008 1.0000000180025095e-35 57.045000000000009 9.9357638888888911 53.32500000000001 20.943177083333335 211.33000000000001 469.63750000000005 36.105000000000011 9.5979687500000015 20.943177083333335 -47.869999999999997 6268.9166217460543 16.261927083333337 -59.434999999999995 1.0000000180025095e-35 230.68125000000001 -0.068749999999999992 11.500000000000002 21.175770925110132 -86.934999999999988 35282.250000000007 33954.781666666669 105.00125000000001 13.641189427312776 2836.164026260089 5.2864583333333348 0.11250000000000002 -1.0000000180025095e-35 39988.250000000007
decision_type=10 2 10 2 10 10 10 2 10 8 10 10 8 10 8 2 2 10 2 2 10 10 10 10 2 8 2 2 10 10
left_child=1 2 4 27 5 -1 9 26 -5 -3 11 12 13 -11 -14 16 17 -12 -18 21 -21 -19 23 -23 -25 -24 -8 -4 -29 -27
right_child=-2 6 3 8 -6 -7 7 -9 -10 10 15 -13 14 -15 -16 -17 18 19 -20 20 -22 22 25 24 -26 29 -28 28 -30 -31
leaf_value=-0.015583809590467134 1.1868072408530874 0.047758625498196636 0.034136706646694069 0.13009049741857409 0.030275230252874468 -0.16596673350583674 0.3382938164059498 -0.27922303934265569 -0.24068648145588334 -0.22754493667941553 -0.21962602249456042 -0.0075083879976787149 0.010793649354018048 -0.23601088232024794 -0.11470910560219774 0.14689037205434172 -0.082612621725475122 0.068260536410172878 -0.0034154293612663521 -0.2134777572135528 0.13966293080325784 -0.00035387188571360474 0.052539638003836299 -0.55317829974562638 -0.26395083586526524 0.021315898017466958 0.048261954553635876 -0.019895947553173761 0.25898183213806569 -0.014070474923697221
leaf_weight=171 2055 764 2175 47 173 108 918 57 115 78 41 1197 142 56 41 813 1505 3305 6485 59 1443 164 2884 44 83 3880 946 311 2338 8120
leaf_count=171 2055 764 2175 47 173 108 918 57 115 78 41 1197 142 56 41 813 1505 3305 6485 59 1443 164 2884 44 83 3880 946 311 2338 8120
internal_value=0.000336731 0.000239679 0.000837286 0.00106838 -0.00170861 -0.00333214 0.000141252 0.00110978 -0.00272393 8.14018e-05 4.44944e-05 -0.00100198 -0.00370755 -0.00746667 -0.000929348 9.94902e-05 5.70787e-05 0.000217689 -0.000345388 0.000234499 0.0014012 0.000139603 -9.88291e-07 -0.00307192 -0.00686719 5.92544e-05 0.00127721 0.00119627 0.0017083 -0.00012249
internal_weight=40518 38463 5438 4986 452 279 33025 1921 162 31104 30340 1514 317 134 183 28826 28013 20023 7990 19982 1502 18480 15175 291 127 14884 1864 4824 2649 12000
internal_count=40518 38463 5438 4986 452 279 33025 1921 162 31104 30340 1514 317 134 183 28826 28013 20023 7990 19982 1502 18480 15175 291 127 14884 1864 4824 2649 12000
is_linear=0
shrinkage=0.03


Tree=210
num_leaves=31
num_cat=0
split_feature=14 1 32 14 7 41 1 14 0 26 12 12 9 15 14 11 24 6 0 8 7 12 6 38 9 12 9 28 28 26
split_gain=7.27754 3.01579 2.92281 3.84461 2.63856 2.18845 1.74798 2.92204 2.62837 2.65814 2.86747 2.17248 2.22075 2.11695 4.64966 2.07775 2.4361 2.20746 1.89514 2.12565 2.37604 2.33745 2.50187 2.06962 2.0834 2.18984 2.08223 2.03112 3.37245 4.92589
threshold=418.44000000000005 4.5000000000000009 236.91500000000002 404.47000000000008 7.0225694444444473 14594.767780363725 1.0000000180025095e-35 57.045000000000009 5.5000000000000009 50032.508750000008 48.726458333333333 24.694791666666671 -0.018749999999999999 76.344375000000014 79.665000000000006 51.945000000000007 3.5550000000000002 13.73766519823789 14.500000000000002 114.11875000000002 4.7517361111111134 20.943177083333335 14.083920704845818 -87.804999999999993 100.69125000000001 88.987708333333345 91.155000000000015 38759.939375000009 37544.462812500009 38157.000000000007
decision_type=10 2 10 10 2 10 2 10 2 10 10 10 10 10 8 8 10 2 2 2 2 8 2 8 10 10 8 10 10 10
left_child=2 -2 3 5 -3 6 7 15 13 11 -11 -10 -13 -9 -15 16 -1 -18 19 20 21 22 -8 -21 26 -26 -25 28 -27 -30
right_child=1 4 -4 -5 -6 -7 18 8 9 10 -12 12 -14 14 -16 -17 17 -19 -20 23 -22 -23 -24 24 25 27 -28 -29 29 -31
leaf_value=0.034544839826714094 0.91117972947935311 0.17197365238677717 0.31341610678756493 -0.53101953374011068 -1.0340428610072587 0.15189085097568705 0.0048903191872589832 0.051453797529189764 -0.006267537846274809 -0.13706628302296076 -0.0046823062447076914 -0.043547271017944963 0.28181995652245612 -0.3461390821534554 -0.045474724263370632 0.022786484019340313 -0.044432418171389702 -0.13366023985460926 0.019184430422290115 -0.483275255331378 -0.007768886858701105 0.052132514050465734 -0.092420345478749402 -0.017290572055117578 -0.81154547547754208 -0.10573890503382764 0.1342718060251602 -0.0066961203433759378 -0.97982138072139568 -0.0037545398968778002
leaf_weight=65 2023 491 1077 51 64 628 70 515 581 41 131 140 2715 68 689 159 109 87 11434 49 8618 4006 44 4436 51 857 426 921 51 50
leaf_count=65 2023 491 1077 51 64 628 70 515 581 41 131 140 2715 68 689 159 109 87 11434 49 8618 4006 44 4436 51 857 426 921 51 50
internal_value=0.000281711 0.00182396 0.000177226 0.000132349 -0.000134892 0.00014382 0.000113427 0.000616865 0.000823602 0.00123691 -0.00239306 0.00141926 0.00175945 -0.000348782 -0.00135752 -0.00178147 -0.00342366 -0.00508629 2.73748e-05 -0.000151838 7.72432e-05 0.00066974 -0.00354783 -0.00057834 -0.00053349 -0.00136717 -0.000202344 -0.0011984 -0.00216475 -0.00732353
internal_weight=40647 2578 38069 36992 555 36941 36313 5300 4880 3608 172 3436 2855 1272 757 420 261 196 31013 19579 12738 4120 114 6841 6792 1930 4862 1879 958 101
internal_count=40647 2578 38069 36992 555 36941 36313 5300 4880 3608 172 3436 2855 1272 757 420 261 196 31013 19579 12738 4120 114 6841 6792 1930 4862 1879 958 101
is_linear=0
shrinkage=0.03


Tree=211
num_leaves=31
num_cat=0
split_feature=24 16 5 7 32 28 26 0 18 0 24 5 36 13 12 5 4 7 15 33 5 35 37 15 29 13 1 8 5 4
split_gain=8.25017 2.1682 2.84738 2.93369 3.88478 3.93493 3.07324 2.95409 3.30334 5.23547 3.43281 3.22591 2.51628 2.46485 4.39173 2.27427 2.24082 2.29652 2.43757 2.13923 2.11564 2.09991 2.04876 2.03629 3.00272 2.01458 1.99036 1.81021 1.79999 1.89797
threshold=342.60500000000008 2871.2641197764674 61206.250000000007 8.175347222222225 30.511250000000004 42632.467656250003 43556.500000000007 17.500000000000004 1.0000000180025095e-35 4.5000000000000009 40.001250000000006 50050.312500000007 2.3862500000000044 98.261250000000018 143.46244791666669 55705.625000000007 108.50000000000001 5.7031250000000018 32.776666666666678 135.58500000000004 43066.312500000007 9.9887500000000049 35.170000000000009 64.596302083333356 78.133750000000006 34.735000000000007 4.5000000000000009 419.13750000000005 33703.062500000007 357.50000000000006
decision_type=10 10 2 2 10 10 10 2 2 2 10 2 10 10 10 2 2 2 10 8 2 10 10 10 10 10 2 2 2 2
left_child=1 2 3 7 -5 12 -7 8 16 -10 -11 -12 15 22 -15 -6 20 18 -18 25 -1 -13 -3 -8 -25 -4 -2 -20 -19 -30
right_child=26 13 19 4 5 6 23 -9 9 10 11 21 -14 14 -16 -17 17 28 27 -21 -22 -23 -24 24 -26 -27 -28 -29 29 -31
leaf_value=-0.228619823114947 1.7415251204506454 -0.0020708950818540289 0.21965223650706714 0.031472184027491135 -0.17141221052569669 -0.69370292136457823 0.0036536310981893166 0.076927843219409903 0.072397896437409778 0.00019599844416134653 -0.20591631870333033 -0.061463686580206837 0.05059969596948076 -0.20187737972160935 -0.010924581776600495 0.15501851146322271 -0.030038726817316438 -0.51853285138453564 0.13575080123664607 0.14985240174387141 -0.0073660651432540447 0.24571966368136286 -0.48150542398279328 -0.5889283568200907 -0.087577974460444394 -0.0052219675459001013 0.01039278092631545 0.013038754179926402 0.0061436925908313371 -0.22303080090287344
leaf_weight=107 1697 8274 388 784 714 59 91 5067 1670 1795 1979 363 371 80 162 170 784 51 4306 2837 2113 267 53 46 59 1733 338 1831 2163 78
leaf_count=107 1697 8274 388 784 714 59 91 5067 1670 1795 1979 363 371 80 162 170 784 51 4306 2837 2113 267 53 46 59 1733 338 1831 2163 78
internal_value=0.000312384 0.000213694 0.000334529 0.000203627 -0.000818301 -0.00170748 -0.00509766 0.000307508 0.000122858 -0.000442469 -0.00098479 -0.00167931 -0.00101513 -0.000206884 -0.00318519 -0.00188475 0.000423212 0.000629368 0.000901907 0.000990926 -0.000432238 0.000190174 -0.000119957 -0.00325888 -0.00608491 0.000270028 0.00217338 0.00110313 -0.000193633 -6.55663e-05
internal_weight=40430 38395 29826 24868 2294 1510 255 22574 17507 6074 4404 2609 1255 8569 242 884 11433 9213 6921 4958 2220 630 8327 196 105 2121 2035 6137 2292 2241
internal_count=40430 38395 29826 24868 2294 1510 255 22574 17507 6074 4404 2609 1255 8569 242 884 11433 9213 6921 4958 2220 630 8327 196 105 2121 2035 6137 2292 2241
is_linear=0
shrinkage=0.03


Tree=212
num_leaves=31
num_cat=0
split_feature=24 1 15 40 16 32 31 7 17 4 7 7 40 4 37 25 25 5 25 25 4 28 14 26 14 23 7 2 13 13
split_gain=7.83004 2.86325 2.84347 2.44423 2.86649 2.24234 2.31342 2.30869 1.97078 1.81297 2.4108 1.49097 1.47694 1.4812 1.85232 1.78467 6.25402 1.47357 2.63691 5.07256 5.30115 3.59994 3.58427 3.41541 3.19384 5.04398 4.41026 3.14751 2.72464 3.75526
threshold=265.38000000000005 4.5000000000000009 152.76020833333334 18.830000000000002 4766.0606792502031 147.62500000000003 163.99500000000003 11.411458333333337 14.813350000000003 259.50000000000006 5.8906250000000027 5.7447916666666687 -46.837499999999991 257.50000000000006 -97.649999999999991 199.11354166666669 216.12250000000003 47504.500000000007 103.65375000000002 105.44088541666667 178.50000000000003 34631.312500000007 96.010000000000005 39173.428750000006 94.620000000000019 1.5000000000000002 5.7447916666666687 9.5000000000000018 0.10250000000000002 -1.0000000180025095e-35
decision_type=10 2 10 10 10 10 8 2 8 2 2 2 8 2 8 10 10 2 10 10 2 10 10 10 10 2 2 2 10 10
left_child=3 2 -2 5 -5 6 17 -7 -8 -3 -11 -4 -10 14 -14 -15 -17 18 22 20 -20 -21 24 27 28 26 -26 -23 29 -1
right_child=1 9 11 4 -6 7 8 -9 12 10 -12 -13 13 15 -16 16 -18 -19 19 21 -22 23 -24 -25 25 -27 -28 -29 -30 -31
leaf_value=-0.0089438862374507516 -0.41899544698412272 0.16153318065002381 1.036436506308086 -0.062417394764913189 -0.25056815655705567 0.081905725325534834 -0.264933220196932 -0.55469353211875527 0.079155195155036939 0.03782692999081342 -0.74448522232662984 0.35327544584009657 -0.24629685020035652 -0.032613435306219483 0.012923530153130748 -0.70940398889555645 -0.0015208383300420196 0.014547322381176996 -0.40839091442280134 0.037333796435211369 -0.14924572403348632 -0.18761021548131132 0.027718674638846363 0.031311917505014615 -0.39494831897779897 0.01667003440831125 -0.59946326758062418 -0.86991241952923137 0.023649647239520951 -0.11569272317130078
leaf_weight=2495 41 449 1803 841 62 5473 79 53 245 129 83 926 46 265 518 70 102 14775 56 918 137 381 7531 274 88 148 40 100 1861 544
leaf_count=2495 41 449 1803 841 62 5473 79 53 245 129 83 926 46 265 518 70 102 14775 56 918 137 381 7531 274 88 148 40 100 1861 544
internal_value=0.000316993 0.00168794 0.00211115 0.000190173 -0.00135066 0.000228647 0.000128415 0.000784874 -0.00109728 -8.61026e-05 -0.0023662 0.00222967 -0.000803528 -0.00131437 -0.000297345 -0.00262329 -0.00499422 0.000183788 -3.02593e-05 -0.00108302 -0.00567526 -0.000550179 0.00012441 -0.00208333 -0.000483291 -0.00361733 -0.00795349 -0.00360373 -0.00030606 -0.000859539
internal_weight=40533 3431 2770 37102 903 36199 30673 5526 1325 661 212 2729 1246 1001 564 437 172 29348 14573 1866 193 1673 12707 755 5176 276 128 481 4900 3039
internal_count=40533 3431 2770 37102 903 36199 30673 5526 1325 661 212 2729 1246 1001 564 437 172 29348 14573 1866 193 1673 12707 755 5176 276 128 481 4900 3039
is_linear=0
shrinkage=0.03


Tree=213
num_leaves=31
num_cat=0
split_feature=24 1 14 14 4 7 15 36 38 10 28 28 30 9 41 5 39 7 15 1 30 32 5 4 26 27 25 16 32 25
split_gain=7.85919 2.57875 2.712 2.39718 2.18607 2.28288 2.15094 2.0722 2.15573 2.52682 2.35327 4.43257 5.74731 1.88046 1.85424 1.85195 2.26325 1.90501 2.10664 1.84969 1.83438 1.81663 1.78381 3.76194 1.75577 1.86141 1.74665 2.84276 1.73129 1.71597
threshold=342.60500000000008 1.0000000180025095e-35 88.120000000000019 84.785000000000011 350.50000000000006 3.564236111111112 24.031145833333337 1.4700000000000137 -2.2400000000000051 6.3550000000000013 51356.724062500005 51815.51812500001 185.18500000000003 -0.0099999999999999482 3287.8837271892885 48206.250000000007 -9.3899999999999917 5.446180555555558 149.58244791666669 4.5000000000000009 103.37875000000001 174.74500000000003 44602.875000000007 106.50000000000001 38216.818750000006 38450.458333333336 64.750833333333347 116.74246679076329 98.135000000000005 11.199583333333335
decision_type=10 2 10 10 2 2 10 10 8 10 8 8 10 10 10 2 10 2 10 2 10 10 2 2 10 10 10 10 10 8
left_child=1 2 3 6 13 -6 -1 8 9 -3 29 20 -13 26 -11 16 24 -18 -19 -2 -12 -21 23 -15 -9 -26 -4 -28 -8 -10
right_child=19 7 4 -5 5 -7 28 15 10 14 11 12 -14 22 -16 -17 17 18 -20 21 -22 -23 -24 -25 25 -27 27 -29 -30 -31
leaf_value=-0.043007920239352758 1.5828566692036785 -0.061552834883823689 0.22383642521020156 -0.13268615543356432 0.089770035689282796 -0.32357207714706909 0.034045962345753994 0.050328357877592045 0.050608286907545381 0.020295432680272465 -0.052032743334299233 0.0049785619347083657 -0.29072777886061846 -0.36211880177847627 0.1773868986237051 0.0703850783210027 -0.082163462648316588 -0.12463691726752278 -0.46047253145818806 -0.17258726038775432 -0.45187907520020815 0.58627719451427596 0.2899123633204912 0.099031492012631117 -0.3228867595392646 -0.012153876164965943 0.012930062625777368 -0.14884062457308542 -0.070401622236989994 -0.005482712224428205
leaf_weight=250 1683 843 90 115 52 79 1455 1338 528 7170 54 510 44 43 810 3967 304 87 70 208 63 123 2216 985 77 308 81 49 74 16887
leaf_count=250 1683 843 90 115 52 79 1455 1338 528 7170 54 510 44 43 810 3967 304 87 70 208 63 123 2216 985 77 308 81 49 74 16887
internal_value=0.000323415 0.000227938 0.000830055 -8.86542e-05 0.00131396 -0.00247727 0.000183708 0.000127945 1.43814e-05 0.000398799 -0.000173163 -0.00191518 -0.000789189 0.00145801 0.000563839 0.000624675 -7.68878e-05 -0.00194156 -0.00461392 0.00214988 -0.00719491 9.93977e-05 0.00164006 0.000606414 0.000422854 -0.0013601 -0.00122172 -0.00343511 0.000605882 -0.000105937
internal_weight=40563 38549 5489 1894 3595 131 1779 33060 26909 8823 18086 671 554 3464 7980 6151 2184 461 157 2014 117 331 3244 1028 1723 385 220 130 1529 17415
internal_count=40563 38549 5489 1894 3595 131 1779 33060 26909 8823 18086 671 554 3464 7980 6151 2184 461 157 2014 117 331 3244 1028 1723 385 220 130 1529 17415
is_linear=0
shrinkage=0.03


Tree=214
num_leaves=31
num_cat=0
split_feature=24 1 0 10 0 36 1 40 7 4 4 6 5 33 37 32 16 34 7 12 16 1 4 17 32 24 33 6 0 4
split_gain=7.34795 2.48324 3.27803 2.95382 2.34037 2.20141 2.11137 2.10405 2.78842 2.36465 6.5045 4.3891 2.08933 2.63387 2.07078 2.0506 1.86145 1.83496 2.22447 1.83518 3.10569 2.10529 3.27151 1.86863 2.5252 1.80102 2.14799 1.80097 1.77807 2.1548
threshold=342.60500000000008 1.0000000180025095e-35 5.5000000000000009 28.085000000000004 21.500000000000004 1.4700000000000137 4.5000000000000009 7.160000000000001 7.3072916666666687 192.50000000000003 178.50000000000003 21.29162995594714 50256.250000000007 107.99875000000002 0.5799999999999913 107.46500000000002 2521.2992906491513 87.045000000000016 5.9739583333333348 124.09562500000001 8119.3685249764931 1.5000000000000002 162.50000000000003 872.62135000000012 4.1625000000000005 30.265000000000004 103.93875000000001 6.3341409691629975 15.500000000000002 259.50000000000006
decision_type=10 2 2 10 2 10 2 8 2 2 2 2 2 10 10 10 10 10 2 10 10 2 2 10 8 10 10 2 2 2
left_child=1 2 14 12 -5 7 -2 17 9 10 -9 -12 13 -4 -1 -6 -15 -3 -19 21 27 22 23 24 -20 -16 -27 -21 29 -8
right_child=6 5 3 4 15 -7 28 8 -10 -11 11 -13 -14 16 25 -17 -18 18 19 20 -22 -23 -24 -25 -26 26 -28 -29 -30 -31
leaf_value=0.0033307379497632674 1.5273657737476338 -0.0099130865743378722 -0.0050649931005884241 0.2241032116556409 -0.13854622627751947 0.033149189064143728 -0.0772034063104068 -0.026852587066058125 -0.20362493230817186 0.026306541945063589 -0.53140954830217468 -0.11206056828964325 0.090754370471007581 -0.13326304737602213 0.044875067958484338 0.27781009844433352 -0.17852326527360812 0.030077898549880345 -0.14092840059465406 0.045874954253245996 -0.20538561454899512 0.013164582892465101 0.025515169833535176 -0.23510303327654622 -0.021984437368219631 -0.28800111947372359 -0.20800998001412563 -0.16396961470832447 0.50164017406488692 -0.64013578435021834
leaf_weight=1116 1665 8202 559 2696 231 6107 128 730 201 1006 68 56 283 92 41 203 40 10076 44 340 65 4248 459 110 189 44 188 1036 167 43
leaf_count=1116 1665 8202 559 2696 231 6107 128 730 201 1006 68 56 283 92 41 203 40 10076 44 340 65 4248 459 110 189 44 188 1036 167 43
internal_value=0.000284389 0.000192033 0.00078249 0.00120877 0.00165762 9.35395e-05 0.00205539 -2.34802e-05 -0.000944229 -0.000580333 -0.00174035 -0.008064 -0.000233846 -0.00112283 -0.000476978 -0.000386207 -0.00491729 5.31693e-05 0.00023485 -0.000198244 -0.00114216 7.12731e-05 -0.00133748 -0.00354942 -0.00201282 -0.00281387 -0.00383691 -0.000836601 -0.000106195 -0.00225
internal_weight=40433 38430 5493 4104 3130 32937 2003 26830 2061 1860 854 124 974 691 1389 434 132 24769 16567 6491 1441 5050 802 343 233 273 232 1376 338 171
internal_count=40433 38430 5493 4104 3130 32937 2003 26830 2061 1860 854 124 974 691 1389 434 132 24769 16567 6491 1441 5050 802 343 233 273 232 1376 338 171
is_linear=0
shrinkage=0.03


Tree=215
num_leaves=31
num_cat=0
split_feature=24 32 7 1 36 25 4 6 26 7 8 38 24 4 15 32 7 1 28 26 28 27 15 1 16 4 40 5 15 15
split_gain=7.73019 3.05407 3.21917 2.37565 2.52402 1.84067 1.91387 2.59603 1.92837 1.64869 2.05282 1.63821 1.75185 2.14665 1.64195 1.92588 1.62389 1.58657 1.90593 3.88235 1.56571 1.99681 2.08778 4.5363 2.22588 2.2342 2.90058 3.00279 5.05325 2.16853
threshold=342.60500000000008 128.64750000000004 5.4913194444444473 1.5000000000000002 1.1499999999999952 106.74000000000002 272.50000000000006 11.899339207048461 40165.242500000008 3.3211805555555562 654.24375000000009 59.323749999999997 -0.068749999999999992 134.50000000000003 77.63375000000002 16.415000000000003 10.77604166666667 3.5000000000000004 42161.000000000007 42949.500000000007 34271.375000000007 35711.916666666672 159.1452604166667 3.5000000000000004 2932.6888682360218 126.50000000000001 -4.0599999999999996 50154.875000000007 117.42604166666668 76.568229166666683
decision_type=10 8 2 2 8 10 2 2 10 2 2 10 10 2 10 10 2 2 10 10 10 10 10 2 10 2 10 2 10 10
left_child=1 9 17 -4 5 -5 -7 -8 -9 -1 20 12 13 -12 -14 -16 -6 -3 19 -19 -11 22 24 -24 25 26 -22 28 -28 -26
right_child=-2 2 3 4 16 6 7 8 -10 10 11 -13 14 -15 15 -17 -18 18 -20 -21 21 -23 23 -25 29 -27 27 -29 -30 -31
leaf_value=0.030727243541786263 1.0831137107507383 0.15654705405501684 0.12788245218252872 0.013831693504637919 0.073696001365199604 -0.070877199548277675 -0.12022843818113135 -0.77761484361751843 -0.16839530205482944 0.022907023206065125 -2.1986085910192172 -0.4933600604724791 0.018583318824155159 -0.043602216607394523 0.059101253571713766 -0.20394907908899335 -0.48526236896883124 0.034706228958876324 0.1666311173807383 -0.78040982587284258 0.0033317227034902501 0.00087235952870331666 -0.46686603885692546 0.82572528128784206 -0.16741149873831584 0.035918425097988378 -0.26571441849825478 -0.0040658666697953151 -0.44865838396352808 0.045144078043656326
leaf_weight=2690 2007 2927 1092 398 1136 766 233 93 90 4209 53 63 551 125 113 235 63 1527 750 42 334 18698 60 44 399 1287 89 104 45 146
leaf_count=2690 2007 2927 1092 398 1136 766 233 93 90 4209 53 63 551 125 113 235 63 1527 750 42 334 18698 60 44 399 1287 89 104 45 146
internal_value=0.000272653 0.000177671 0.000657052 7.74905e-07 -0.000465108 -0.00125237 -0.00184615 -0.00348201 -0.00614674 2.82091e-05 -4.34929e-05 -0.00128834 -0.0010102 -0.00372067 -0.00047 -0.00208023 0.0005725 0.00114122 0.000554741 -4.01273e-05 1.23939e-05 -9.25165e-05 -0.000887206 -0.00502857 -0.000706029 -0.00021129 -0.00176963 -0.00429289 -0.00724444 -0.00239011
internal_weight=40369 38362 9117 3871 2779 1580 1182 416 183 29245 26555 1140 1077 178 899 348 1199 5246 2319 1569 25415 21206 2508 104 2404 1859 572 238 134 545
internal_count=40369 38362 9117 3871 2779 1580 1182 416 183 29245 26555 1140 1077 178 899 348 1199 5246 2319 1569 25415 21206 2508 104 2404 1859 572 238 134 545
is_linear=0
shrinkage=0.03


Tree=216
num_leaves=31
num_cat=0
split_feature=13 5 30 1 27 0 41 12 7 32 5 7 14 26 24 1 40 16 9 12 7 27 16 27 5 40 2 14 13 5
split_gain=7.35956 3.03688 2.97944 2.84886 3.35497 2.87512 3.60003 2.34904 2.91841 2.26798 2.34188 3.33459 2.86418 2.8358 2.15832 2.1509 1.81349 2.19502 1.74192 2.98215 2.13951 1.77895 1.84445 1.94016 3.15989 3.1168 2.62117 3.14895 2.57581 3.39509
threshold=258.71000000000009 36201.750000000007 244.68500000000003 1.0000000180025095e-35 55427.884739583344 5.5000000000000009 7353.617091189627 49.953125000000007 9.5156250000000018 214.68500000000003 49902.125000000007 7.3072916666666687 300.62125000000009 32450.500000000004 15.317500000000001 3.5000000000000004 18.830000000000002 4766.0606792502031 200.00500000000002 158.6960416666667 5.6093750000000027 31508.544322916667 2871.2641197764674 43327.551093750008 61206.250000000007 -3.3362500000000064 2.5000000000000004 152.02500000000003 148.29500000000004 51579.687500000007
decision_type=10 2 10 2 10 2 8 10 2 10 2 2 10 10 10 2 8 10 10 10 2 8 8 8 2 10 2 10 10 2
left_child=1 2 -1 5 9 -3 7 8 -7 16 11 12 -11 -14 -8 -6 18 -18 21 -20 -21 -5 -23 24 28 -25 -27 -28 -24 -30
right_child=-2 3 -4 4 15 6 14 -9 -10 10 -12 -13 13 -15 -16 -17 17 -19 19 20 -22 22 23 25 -26 26 27 -29 29 -31
leaf_value=-0.034348460013446193 0.79944713854622595 -0.025871463415425424 -0.65773419185065585 0.060947569637634508 -0.29977671808161055 -0.014913380961253535 -0.021273188746919375 0.20275156832651123 -0.11698634923031376 0.14240188323990224 0.31373454306307985 -0.33581766187197726 0.36499874906994251 -0.88977893332824876 0.26005981056881938 0.14895881473600039 -0.054647335727714415 -0.21121146005016569 -0.39663102990925919 0.037224912256393718 -0.17143448876988066 0.029984628224570341 0.0050127231075096134 -0.0014297721870049924 0.13740253638773031 -0.035343938250139664 -0.13434367622364582 0.032847835445719224 -0.80239174510053024 0.030188542078208293
leaf_weight=2801 1956 987 52 1892 77 821 145 388 48 386 1259 63 48 40 2815 40 698 52 83 858 686 5352 12106 4479 782 1062 236 91 77 84
leaf_count=2801 1956 987 52 1892 77 821 145 388 48 386 1259 63 48 40 2815 40 698 52 83 858 686 5352 12106 4479 782 1062 236 91 77 84
internal_value=0.000268677 0.000177465 -0.00076419 0.000252833 0.000141961 0.000901441 0.00124253 -0.000102544 -0.000968965 0.000161596 0.00119533 -0.000462825 0.000404211 -0.00444944 0.00181358 -0.00490678 9.64996e-05 -0.00135819 0.000135809 -0.000816339 -0.000516505 0.000195054 0.000125958 -1.3162e-05 0.000190575 -0.000466178 -0.00170719 -0.00405183 7.26281e-05 -0.00368518
internal_weight=40464 38508 2853 35655 30451 5204 4217 1257 869 30334 1796 537 474 88 2960 117 28538 750 27788 1627 1544 26161 24269 18917 13049 5868 1389 327 12267 161
internal_count=40464 38508 2853 35655 30451 5204 4217 1257 869 30334 1796 537 474 88 2960 117 28538 750 27788 1627 1544 26161 24269 18917 13049 5868 1389 327 12267 161
is_linear=0
shrinkage=0.03


Tree=217
num_leaves=31
num_cat=0
split_feature=29 7 1 4 14 14 25 31 24 25 27 40 40 16 36 4 5 34 39 35 9 14 5 25 23 12 4 4 27 24
split_gain=6.96256 2.88091 2.36515 2.4402 3.05566 3.64015 2.60553 3.16063 2.33885 2.21165 1.93423 1.92669 1.73952 2.26211 1.68343 2.70242 1.59471 1.46071 3.97178 1.49245 1.45646 2.19247 1.47248 1.46168 1.45508 1.43595 2.98809 4.03503 9.67911 4.60569
threshold=298.01625000000007 8.0260416666666696 1.0000000180025095e-35 350.50000000000006 88.120000000000019 84.785000000000011 174.64854166666666 198.68250000000003 55.003750000000004 49.953125000000007 55427.884739583344 -22.478749999999994 18.830000000000002 4766.0606792502031 -39.142499999999991 166.50000000000003 73551.500000000015 226.65500000000003 -4.1799999999999846 -30.215 -0.068749999999999992 144.02000000000004 33356.250000000007 84.741354166666682 5.5000000000000009 72.567291666666677 257.50000000000006 262.50000000000006 37399.57312500001 200.00500000000002
decision_type=10 2 2 2 10 10 10 10 10 8 10 8 8 10 8 2 2 10 10 8 10 10 2 10 2 10 2 2 8 10
left_child=2 24 3 4 5 8 -5 -8 9 -1 12 -11 16 17 15 -10 25 18 19 -14 21 -6 23 -22 -2 -4 -27 28 29 -28
right_child=1 -3 10 6 20 -7 7 -9 14 11 -12 -13 13 -15 -16 -17 -18 -19 -20 -21 22 -23 -24 -25 -26 26 27 -29 -30 -31
leaf_value=-0.0040637014001227373 1.0069892443382154 -0.72719053851037396 -0.0031627777818139264 0.0088113850696273192 0.021391534131624236 -0.16094454972914332 -0.66488683248015057 -0.32247878048874801 -0.43499857786451246 -0.24194888989776897 -0.19368348942481545 -0.034785131832108622 -0.21309820738691182 -0.21928237436448234 0.11966309519425417 0.11588383180188211 0.0767189785310185 0.21860515285927268 -0.19250045765351853 0.050699138340799144 0.16760396771043365 -0.23935944281994931 0.21096087916585735 -0.483343770858504 0.2258768215039241 0.032541511988373337 -1.3668954542068334 -0.0026259333309146841 0.030389435881362965 -0.25723057069638916
leaf_weight=696 1605 99 12651 139 137 111 40 41 44 47 115 134 69 57 733 60 686 258 202 356 49 40 3305 53 497 12221 58 5766 192 54
leaf_count=696 1605 99 12651 139 137 111 40 41 44 47 115 134 69 57 733 60 686 258 202 356 49 40 3305 53 497 12221 58 5766 192 54
internal_value=0.000309137 0.00194959 0.000214851 0.000782771 0.000908873 -9.03613e-05 -0.00230769 -0.00654878 0.000251895 -0.000830296 0.000117023 -0.00377473 0.000130791 -0.00113892 0.00138544 -0.00217143 0.000168643 -0.000761851 -0.00154299 0.000105634 0.00141757 -0.00123034 0.00155546 -0.00198058 0.00218545 0.000136897 0.000306856 -0.000237193 -0.0036 -0.0105664
internal_weight=40515 2201 38314 5629 5409 1825 220 81 1714 877 32685 181 32570 942 837 104 31628 885 627 425 3584 177 3407 102 2102 30942 18291 6070 304 112
internal_count=40515 2201 38314 5629 5409 1825 220 81 1714 877 32685 181 32570 942 837 104 31628 885 627 425 3584 177 3407 102 2102 30942 18291 6070 304 112
is_linear=0
shrinkage=0.03


Tree=218
num_leaves=31
num_cat=0
split_feature=13 23 40 15 6 6 27 34 11 12 9 23 38 14 14 27 38 10 6 13 15 27 13 12 30 41 9 14 25 13
split_gain=6.96909 2.50023 2.29926 2.56944 2.011 1.82048 3.07034 3.62989 2.51012 2.90616 3.80016 3.58637 2.07043 1.97459 2.71901 6.48689 2.57515 2.23077 2.12085 1.9629 3.19121 3.10258 2.07372 2.45135 3.5253 2.67745 1.92082 1.90944 3.3803 1.82943
threshold=240.94000000000003 5.5000000000000009 -29.864999999999984 315.7247916666667 30.328193832599123 8.5955947136563911 43597.613906250008 60.205000000000005 54.895000000000003 40.963854166666671 44.165000000000006 4.5000000000000009 -2.2400000000000051 97.020000000000024 94.620000000000019 40716.702031250003 -45.334999999999994 31.356250000000003 16.601982378854633 0.85125000000000017 37.054635416666677 47378.375000000007 39.900000000000013 185.46416666666667 174.89500000000001 15137.378188506284 37.192500000000003 62.110000000000007 17.516145833333336 52.750000000000007
decision_type=10 2 10 10 2 2 8 10 10 8 8 2 10 10 10 10 8 10 2 10 10 10 10 10 10 8 10 10 10 10
left_child=4 -2 3 -3 5 6 -1 8 9 -8 -11 -12 13 14 16 18 17 26 -16 21 -21 -9 -22 24 29 -26 27 28 -7 -24
right_child=1 2 -4 -5 -6 12 7 19 -10 10 11 -13 -14 -15 15 -17 -18 -19 -20 20 22 -23 23 -25 25 -27 -28 -29 -30 -31
leaf_value=0.077338074762064307 0.97213626905474171 0.058895092637521053 0.25727569866686789 -0.75983782946180545 0.11604176644270527 -0.0072832639764754308 -0.30910805649477258 0.0029667239086091832 0.021882330303894523 0.046212557969530478 -0.07794427405656458 -0.0017499047259763403 -0.0064109589393895787 0.047877389860501149 -0.31716857158772738 -0.56634492855030627 0.029023948809344311 0.0044323567806415602 0.10561307884862828 0.23612525723285888 0.11894891513911378 -0.33908332879652808 -0.086740543777193105 0.13004532683738157 -0.32700039921972812 -0.11842476012548951 -0.29164825467363442 -0.0027366470326217985 -0.11967628395542203 0.0036864200532095099
leaf_weight=3985 1633 50 509 43 558 129 40 141 156 102 164 117 17390 6973 75 71 2096 598 151 468 845 79 507 782 65 129 40 253 103 2219
leaf_count=3985 1633 50 509 43 558 129 40 141 156 102 164 117 17390 6973 75 71 2096 598 151 468 845 79 507 782 65 129 40 253 103 2219
internal_value=0.000283974 0.0019119 0.000258707 -0.00405319 0.00018877 0.000162266 0.00051398 7.42907e-05 -0.00217759 -0.003375 -0.00255469 -0.00435106 3.863e-05 0.000371497 -0.000208132 -0.00294966 4.56523e-05 -0.00111299 -0.000449339 0.000323721 0.000445574 -0.00244344 0.000202507 -0.0001037 -0.000503252 -0.0044 -0.00253802 -0.00200617 -0.00396567 -0.000224422
internal_weight=40471 2235 602 93 38236 37678 9799 5814 579 423 383 281 27879 10489 3516 297 3219 1123 226 5235 5015 220 4547 3702 2920 194 525 485 232 2726
internal_count=40471 2235 602 93 38236 37678 9799 5814 579 423 383 281 27879 10489 3516 297 3219 1123 226 5235 5015 220 4547 3702 2920 194 525 485 232 2726
is_linear=0
shrinkage=0.03


Tree=219
num_leaves=31
num_cat=0
split_feature=11 32 5 25 6 17 1 8 8 6 7 4 4 25 14 25 5 24 4 7 27 26 40 6 28 26 34 7 7 13
split_gain=8.0787 2.45338 1.89726 5.08757 1.80319 2.27507 2.54432 3.92392 3.47138 2.89837 3.43998 2.39793 2.32768 3.39401 2.28436 2.62481 2.07406 2.353 3.60484 2.23369 2.06123 3.61044 1.9936 2.20343 2.78446 3.23122 3.11019 3.78621 2.85216 2.80503
threshold=353.44500000000005 245.08500000000001 57402.125000000007 295.79687500000006 30.328193832599123 325.70775500000008 1.5000000000000002 493.56250000000006 0.75625000000000009 18.083700440528641 8.8871527777777803 188.50000000000003 184.50000000000003 51.722291666666671 115.59000000000002 119.36666666666669 50578.187500000007 29.205000000000002 245.50000000000003 4.3142361111111134 33241.833333333336 35729.500000000007 -72.594999999999985 4.6951541850220275 38972.531250000007 40668.328750000008 186.67500000000004 7.9392361111111134 3.8559027777777781 0.085000000000000006
decision_type=10 8 2 10 2 10 2 2 2 2 2 2 2 10 10 10 2 10 2 2 10 10 10 2 10 8 10 2 2 10
left_child=1 4 3 -3 5 6 8 9 14 22 -11 12 -7 -14 15 20 17 -9 19 -19 21 -1 -8 -24 26 -26 29 -28 -27 -25
right_child=-2 2 -4 -5 -6 11 7 16 -10 10 -12 -13 13 -15 -16 -17 -18 18 -20 -21 -22 -23 23 24 25 28 27 -29 -30 -31
leaf_value=-0.030896223116394873 0.82480964492140896 0.21733178822090488 0.55805384241996148 -1.0232430809029514 0.088102514294328263 -0.026494440063440514 0.039913664007572548 0.025631208722104563 0.13216843692163438 0.083216695901965454 -0.36926391198621245 0.0097010095831291093 -0.37417088744370575 -0.023062199694587327 0.067200259047449029 -0.77186506428073287 0.014300049136843764 -0.0032783904541036418 -0.55976831021582696 -0.28405982224058002 0.00054018623117554746 -0.32493799382887756 0.040605130671996163 -0.024942471791634811 -0.14464502578851179 0.1142257625704966 -0.064930415959121898 -0.54817883553930602 -0.030569702041454472 0.069086854739360756
leaf_weight=267 1877 287 613 80 569 4369 1318 232 3416 3702 63 3414 49 78 2732 40 378 315 107 486 1832 54 2470 844 1299 590 1063 76 4631 3316
leaf_count=267 1877 287 613 80 569 4369 1318 232 3416 3702 63 3414 49 78 2732 40 378 315 107 486 1832 54 2470 844 1299 590 1063 76 4631 3316
internal_value=0.000294099 0.000200822 0.00168196 -2.44564e-05 0.000162287 0.000136584 0.000258723 8.18535e-05 0.00070163 0.000196975 0.000943972 -0.000314751 -0.000769846 -0.00475781 0.000191839 -0.00052917 -0.00138644 -0.00202454 -0.00271287 -0.00201621 -0.000385794 -0.00259938 1.67223e-05 -8.6284e-05 -0.000256599 -0.000671676 0.000254151 -0.00113421 -0.000338376 0.000634463
internal_weight=40567 38690 980 367 37710 37141 29231 20890 8341 19372 3765 7910 4496 127 4925 2193 1518 1140 908 801 2153 321 15607 14289 11819 6520 5299 1139 5221 4160
internal_count=40567 38690 980 367 37710 37141 29231 20890 8341 19372 3765 7910 4496 127 4925 2193 1518 1140 908 801 2153 321 15607 14289 11819 6520 5299 1139 5221 4160
is_linear=0
shrinkage=0.03


Tree=220
num_leaves=31
num_cat=0
split_feature=9 5 37 28 40 4 13 23 27 27 29 12 8 40 13 11 35 12 28 27 13 0 12 23 41 32 30 28 10 5
split_gain=6.5731 2.54283 3.08156 2.91983 3.62082 2.74097 5.79707 7.78418 3.36489 3.71468 4.07835 3.09275 3.79287 2.62786 3.46298 2.5014 2.48685 2.9448 3.82771 3.09593 2.98633 3.46718 2.50817 2.66657 2.63662 2.20869 2.62977 4.09139 2.76167 2.14519
threshold=353.44500000000005 46103.687500000007 122.88500000000001 35589.437500000007 27.510000000000002 259.50000000000006 153.17000000000004 2.5000000000000004 41181.562500000007 36884.895833333336 40.226250000000007 72.567291666666677 103.00625000000001 12.435000000000004 0.015000000000000001 77.205000000000013 -25.731250000000006 124.95796875000001 35282.250000000007 37399.57312500001 52.750000000000007 7.5000000000000009 85.504791666666677 2.5000000000000004 -6521.3200614441148 214.68500000000003 174.89500000000001 51513.861562500009 149.61250000000004 34302.375000000007
decision_type=10 2 10 8 8 2 10 2 10 10 10 10 2 10 10 10 10 10 10 10 10 2 10 2 10 10 10 10 10 2
left_child=1 2 5 -3 25 11 8 -8 9 -7 -11 13 29 -1 -15 -16 -12 18 -18 -20 22 -22 23 -21 -25 26 28 -28 -5 -13
right_child=-2 3 -4 4 -6 6 7 -9 -10 10 16 12 -14 14 15 -17 17 -19 19 20 21 -23 -24 24 -26 -27 27 -29 -30 -31
leaf_value=-0.0064590399949116519 1.2849068612286161 0.094970960094343956 -0.53324917843472908 0.0062339382192781847 -0.16464937565612056 0.003910912470301473 -0.061746167538299077 -1.1422148163264263 0.046014880231897988 0.048073848247720034 -0.039505763362477457 -0.089965429939311919 -0.036741426483438457 0.032325941190014751 -0.059981824208172441 -0.43972726105190624 0.72684038035758236 -0.067387033983795142 -1.4194331325404539 0.047809272779463029 -0.60873954780584394 -0.62192349839391325 0.060037096775895873 -0.31731962956008114 -0.37579415468331601 0.27683950806451313 -0.045488000447177705 -0.27308048064690121 0.10856847052823669 0.13767526984983483
leaf_weight=6516 1880 4012 122 14647 186 1120 100 68 721 186 337 510 1702 136 68 61 45 240 49 43 71 46 89 86 42 1215 1476 66 1341 3439
leaf_count=6516 1880 4012 122 14647 186 1120 100 68 721 186 337 510 1702 136 68 61 45 240 49 43 71 46 89 86 42 1215 1476 66 1341 3439
internal_value=0.000277689 0.000193593 -9.93163e-05 0.000395267 0.000239436 -6.21969e-05 -0.000838779 -0.00624852 -0.000541287 -0.00109045 -0.0022251 0.000140433 0.000658705 -0.000291507 -0.00321429 -0.00671538 -0.00295138 -0.00395646 -0.00533263 -0.00621077 -0.0052619 -0.00922881 -0.00344828 -0.00556395 -0.00772093 0.00028086 0.000195083 -0.000987686 0.000309213 0.00116886
internal_weight=40620 38740 15797 22943 18931 15675 3243 168 3075 2354 1234 12432 5651 6781 265 129 1048 711 471 426 377 117 260 171 128 18745 17530 1542 15988 3949
internal_count=40620 38740 15797 22943 18931 15675 3243 168 3075 2354 1234 12432 5651 6781 265 129 1048 711 471 426 377 117 260 171 128 18745 17530 1542 15988 3949
is_linear=0
shrinkage=0.03


Tree=221
num_leaves=31
num_cat=0
split_feature=13 14 26 1 1 0 13 34 27 6 41 40 7 38 41 4 29 23 34 11 32 33 17 38 39 7 28 32 14 11
split_gain=6.84697 3.1024 3.74223 3.01656 2.64512 3.39941 3.40441 2.3167 2.2151 2.23008 2.11972 2.09005 2.07758 2.21524 2.11259 2.06727 3.88959 3.41214 2.05626 1.98323 4.8814 1.92802 1.92145 3.57383 2.64686 1.86498 1.86291 2.74373 2.34336 2.19208
threshold=240.94000000000003 506.41500000000002 25199.500000000004 3.5000000000000004 1.0000000180025095e-35 4.5000000000000009 -3.2149999999999994 90.075000000000003 55427.884739583344 4.6951541850220275 -12869.013811707102 -34.756249999999994 11.862847222222227 -7.2475000000000014 -6179.6370395720542 317.50000000000006 36.105000000000011 6.5000000000000009 335.41000000000003 116.10625 106.27500000000002 162.95250000000001 6745.389365 -3.3500000000000005 -28.718749999999989 6.2378472222222241 39046.516718750012 30.511250000000004 81.006250000000009 47.411250000000003
decision_type=10 8 8 2 2 2 10 8 10 2 10 10 2 10 8 2 10 2 10 10 8 8 8 10 10 2 10 10 10 8
left_child=1 4 -3 -2 5 19 10 15 9 -9 -7 -5 13 -11 -14 22 -17 25 -4 -1 -21 -22 23 -6 -25 -18 -24 -28 29 -29
right_child=3 2 18 11 7 6 -8 8 -10 12 -12 -13 14 -15 -16 16 17 -19 -20 20 21 -23 26 24 -26 -27 27 28 -30 -31
leaf_value=2.4252857600632512e-05 1.191984596054001 0.25314865975166806 -0.10605377487327815 -0.39896198154076945 0.007496172248907757 0.06987012762745845 0.13563405900494827 0.068900115769967255 -0.19742169439687979 0.049214734075227175 -0.040273158161941963 0.36596223875309564 0.005684491806512996 -0.00012912136908825548 -0.22284724539493586 0.01428513195141117 0.22277460551126815 -0.23759155553833791 -1.3444260926636491 -1.2653792832313695 -0.39806068179947235 0.015885112450569124 0.024659498352781372 -0.050493446352891436 -0.22216949458601534 -0.19890593012819607 0.024896835283319829 -0.10818966185957607 -0.058560686028799817 0.034782472779419801
leaf_weight=914 1209 62 43 89 1474 330 3605 2574 118 4462 544 955 55 13856 96 172 42 51 46 46 43 165 3635 1234 208 93 1502 301 1820 668
leaf_count=914 1209 62 43 89 1474 330 3605 2574 118 4462 544 955 55 13856 96 172 42 51 46 46 43 165 3635 1234 208 93 1502 301 1820 668
internal_value=0.000247346 0.000152437 -0.004125 0.00185404 0.000169539 0.000768591 0.00114442 6.49837e-05 0.000249646 0.000272714 -0.000534857 0.00067177 0.00015739 0.000186364 -0.00333553 -0.000283903 -0.00252368 -0.00551872 -0.00803333 -0.000672369 -0.00301176 -0.00103349 -0.00020972 -0.000868015 -0.00192931 -0.00297794 3.25471e-05 -0.000390727 -0.000947312 0.00024433
internal_weight=40412 38159 151 2253 38008 5647 4479 32361 21161 21043 874 1044 18469 18318 151 11200 358 186 89 1168 254 208 10842 2916 1442 135 7926 4291 2789 969
internal_count=40412 38159 151 2253 38008 5647 4479 32361 21161 21043 874 1044 18469 18318 151 11200 358 186 89 1168 254 208 10842 2916 1442 135 7926 4291 2789 969
is_linear=0
shrinkage=0.03


Tree=222
num_leaves=31
num_cat=0
split_feature=13 1 7 6 12 32 1 0 34 25 12 0 12 0 32 3 25 41 25 4 0 25 24 38 27 7 35 26 25 40
split_gain=6.82341 2.76367 2.45176 3.02488 2.52935 2.4834 1.93959 3.33016 3.4392 4.54483 4.03629 4.14656 2.40907 1.97315 2.86586 2.39622 1.9467 1.91025 2.60348 4.57106 2.02371 1.8235 1.79311 1.76669 2.89058 4.48409 2.43585 2.41811 1.97611 2.83435
threshold=240.94000000000003 3.5000000000000004 10.565972222222223 16.601982378854633 152.20729166666669 245.08500000000001 1.0000000180025095e-35 4.5000000000000009 114.18500000000002 133.62770833333335 109.41791666666667 10.500000000000002 36.013958333333342 21.500000000000004 79.046250000000015 1.0000000180025095e-35 311.9752083333334 7687.9710689938156 56.840260416666673 174.50000000000003 14.500000000000002 12.43125 55.735000000000007 12.614999999999997 26213.354166666668 7.2413194444444464 132.05875000000003 53890.780000000006 245.21250000000003 11.089999999999987
decision_type=10 2 2 2 10 10 2 2 10 8 10 2 10 2 10 2 10 8 10 2 2 10 10 10 8 2 10 10 8 10
left_child=2 -2 5 4 -4 6 7 16 9 12 11 -11 17 15 -15 -14 -1 18 -9 20 -20 -19 -21 -8 25 26 -25 28 29 -26
right_child=1 -3 3 -5 -6 -7 23 8 -10 10 -12 -13 13 14 -16 -17 -18 21 19 22 -22 -23 -24 24 27 -27 -28 -29 -30 -31
leaf_value=-0.020460041908486267 1.0741262350729739 0.21582489939412094 -0.0046726152442384261 -0.31496690674415562 -0.4279867156438078 0.33882784926634457 0.0085357381705742641 0.0065658113966312916 0.40848638312777702 -0.011421344787504133 0.88420163930903917 -0.26567470829712769 0.20940472057186815 -0.18259825324109896 0.087709263025961076 -0.33554486623038038 -0.92406011877637206 -0.049554228472741983 -0.077771931644916317 -0.054188150038602424 -0.19565690021739704 0.15613708132130158 0.1149333728056528 -0.03069060436691862 -0.0033477217951508563 -1.1001272686715349 -0.53600870290708436 -0.19976624514411775 0.24935732747433872 -0.15509301162149722
leaf_weight=1080 1217 1054 616 48 120 707 23506 455 1452 46 73 62 1233 42 86 70 50 49 64 40 41 485 128 237 6518 53 43 53 490 433
leaf_count=1080 1217 1054 616 48 120 707 23506 455 1452 46 73 62 1233 42 86 70 50 49 64 40 41 485 128 237 6518 53 43 53 490 433
internal_value=0.000278975 0.00187632 0.000184165 -0.00147516 -0.000993216 0.000218898 0.000185023 0.000706982 0.00108574 0.000484174 -0.0041044 -0.00776147 0.000793987 0.00163617 -0.00190698 0.00198543 -0.000742705 -0.00016152 -0.00116049 -0.0034708 -0.00834906 0.0012 -0.000390532 9.41151e-05 -0.000296244 -0.00302695 -0.00149466 -0.000174516 -0.000128594 -0.000258487
internal_weight=40551 2271 38280 784 736 37496 36789 5456 4326 2874 181 108 2693 1431 128 1303 1130 1262 728 273 105 534 168 31333 7827 333 280 7494 7441 6951
internal_count=40551 2271 38280 784 736 37496 36789 5456 4326 2874 181 108 2693 1431 128 1303 1130 1262 728 273 105 534 168 31333 7827 333 280 7494 7441 6951
is_linear=0
shrinkage=0.03


Tree=223
num_leaves=31
num_cat=0
split_feature=24 32 7 4 39 32 35 28 18 0 0 7 40 40 0 4 0 35 0 10 28 9 7 6 18 16 13 12 14 11
split_gain=6.3859 2.29562 2.12306 2.40085 4.38061 4.75908 4.00978 1.911 1.7756 1.76155 2.39413 1.73442 1.69848 1.66624 1.54209 1.42786 1.45225 1.72959 1.94522 2.57163 3.05425 2.52376 1.73509 1.75019 1.70302 2.57566 3.21441 3.33474 4.66006 4.52778
threshold=352.90500000000003 236.91500000000002 3.8784722222222232 349.50000000000006 -31.904999999999998 98.135000000000005 6.2350000000000039 55370.35796875001 1.0000000180025095e-35 16.500000000000004 5.5000000000000009 5.6267361111111134 -51.066249999999989 -8.6549999999999994 11.500000000000002 344.50000000000006 15.500000000000002 -61.173749999999991 22.500000000000004 76.191250000000011 39324.445625000008 43.365000000000002 7.2760416666666687 9.7345814977973593 1.5000000000000002 894.112201422054 0.10250000000000002 28.813854166666669 100.74500000000002 58.318750000000009
decision_type=10 10 2 2 8 10 10 8 2 2 2 2 10 10 2 2 2 10 2 10 10 10 2 2 2 10 10 10 10 10
left_child=1 2 -1 7 12 13 11 15 -2 10 -10 -7 -5 -6 -14 16 24 -18 -19 20 -20 -22 -21 -24 -4 26 27 -26 29 -29
right_child=8 -3 3 4 5 6 -8 -9 9 -11 -12 -13 14 -15 -16 -17 17 18 19 22 21 -23 23 -25 25 -27 -28 28 -30 -31
leaf_value=0.030167488015815373 1.5781897314879381 0.23234684277787884 0.0034823839983051962 0.087523256975739108 0.064505561822755353 -0.40117078646281107 -1.7852934042804234 -0.19532120388248869 0.20420471592243417 0.6855388083448859 -0.42260011919069335 0.00016192543507495021 0.011422595403086069 -0.18576286052663968 -0.071801073192533579 0.21954841806632855 -0.018754693385758695 0.044798513939054645 0.0018879919186610746 0.077758998950303179 0.010861553708774358 -0.17761130355442228 0.11077780792437647 -0.28182081415857396 -0.0062915321952855575 0.0088849840002181747 -0.055574261689631907 -0.62773992200964046 -0.055098931719405532 -0.3164129767631424
leaf_weight=6596 1532 1143 15772 212 122 40 50 91 57 151 93 40 261 47 309 265 1228 7726 192 708 50 181 72 104 136 1296 1717 71 88 49
leaf_count=6596 1532 1143 15772 212 122 40 50 91 57 151 93 40 261 47 309 265 1228 7726 192 708 50 181 72 104 136 1296 1717 71 88 49
internal_value=0.000287302 0.000205046 0.000164574 6.00429e-05 -0.0013281 -0.00441 -0.00870229 0.000110532 0.0020169 -8.94039e-05 -0.00238411 -0.00444444 -0.000145594 -0.00107647 -0.000998249 0.000123921 0.000104114 0.000392029 0.000535643 -0.000534404 -0.00245519 -0.00477155 0.000386441 -0.00227119 -5.03397e-05 -0.000663788 -0.0013225 -0.00396522 -0.0063445 -0.0101653
internal_weight=40399 38566 37423 30827 1081 299 130 29746 1833 301 150 80 782 169 570 29655 29390 10261 9033 1307 423 231 884 176 19129 3357 2061 344 208 120
internal_count=40399 38566 37423 30827 1081 299 130 29746 1833 301 150 80 782 169 570 29655 29390 10261 9033 1307 423 231 884 176 19129 3357 2061 344 208 120
is_linear=0
shrinkage=0.03


Tree=224
num_leaves=31
num_cat=0
split_feature=11 1 14 11 25 25 16 39 6 27 39 32 39 17 11 4 5 3 4 5 15 14 10 35 25 0 17 14 39 10
split_gain=7.13614 2.20597 3.00363 2.51482 2.24624 2.18647 2.22895 2.71913 2.00198 2.68118 2.34623 2.01552 2.24386 1.99775 2.24635 1.86019 2.53256 1.81321 2.95472 2.10674 1.64923 1.55855 3.97655 1.94935 1.537 1.53166 2.16815 1.97767 2.00976 3.7174
threshold=331.02500000000003 1.0000000180025095e-35 70.535000000000011 51.945000000000007 49.953125000000007 396.69062500000013 3465.2187251721621 -105.09624999999998 5.4068281938325997 43159.333333333336 7.454999999999985 201.00500000000002 -0.99500000000000444 3559.49845 87.795000000000016 245.50000000000003 36201.750000000007 1.0000000180025095e-35 110.50000000000001 36000.812500000007 56.396041666666669 81.520000000000024 51.205000000000005 -9.2949999999999928 18.394166666666671 14.500000000000002 2.0394400000000004 96.010000000000005 -51.239999999999995 2.7300000000000009
decision_type=10 2 10 10 8 10 10 8 2 8 8 10 8 10 10 2 2 2 2 2 10 10 10 10 10 2 8 10 10 10
left_child=1 2 3 4 -1 6 17 -8 9 -3 11 12 13 -11 -15 -2 -17 -4 -19 -20 -6 -14 -23 -24 -5 26 27 -10 -29 -30
right_child=15 8 5 24 20 -7 7 -9 25 10 -12 -13 21 14 -16 16 -18 18 19 -21 -22 22 23 -25 -26 -27 -28 28 29 -31
leaf_value=-0.015259126855571205 1.1287948628391169 0.16747071179951559 0.16480265656530771 -0.024621930998863572 -0.077675068048790458 -1.6245460856976095 -0.063620930561037875 0.011069597282746903 -0.0089041051667859469 0.042530547520875865 -0.098676018551161981 0.32413865324207064 0.024489400091683676 0.0024455822119312113 -0.1848511003361292 -0.89995278571395643 0.34604113954692467 -0.335996409663462 -0.50034203204973138 0.33459438016983417 -0.20710479767433121 -0.11989604794773848 -0.13199967690758577 -0.020745464771143363 0.084329344956508484 0.0091532915740404081 -0.021366965336807264 0.11678136919632469 -0.25254629889920843 0.035603919400384536
leaf_weight=433 1148 1262 3332 72 120 46 75 669 1206 1678 91 312 170 84 40 42 940 51 40 122 40 43 79 475 456 11178 13840 977 45 1515
leaf_count=433 1148 1262 3332 72 120 46 75 669 1206 1678 91 312 170 84 40 42 940 51 40 122 40 43 79 475 456 11178 13840 977 45 1515
internal_value=0.000252895 0.000159238 0.000717977 -0.000665775 -0.00200505 0.00107588 0.00114615 -0.000346309 6.68264e-05 0.000675797 0.000183653 0.000334143 5.71986e-05 0.000635607 -0.003024 0.00194275 0.000982706 0.00145939 -0.00121963 0.000773006 -0.00503106 -0.00130078 -0.00202174 -0.00132973 0.00083932 -2.28425e-05 -0.000197395 0.000443109 0.00091844 0.00024984
internal_weight=40581 38451 5456 1121 593 4335 4289 744 32995 4234 2972 2881 2569 1802 124 2130 982 3545 213 162 160 767 597 554 528 28761 17583 3743 2537 1560
internal_count=40581 38451 5456 1121 593 4335 4289 744 32995 4234 2972 2881 2569 1802 124 2130 982 3545 213 162 160 767 597 554 528 28761 17583 3743 2537 1560
is_linear=0
shrinkage=0.03


Tree=225
num_leaves=31
num_cat=0
split_feature=11 7 25 11 5 28 14 14 8 7 25 26 5 7 6 7 38 28 28 10 4 39 41 38 31 33 12 15 39 15
split_gain=6.37199 2.27784 2.02493 3.157 2.02219 3.67111 2.37646 7.16282 2.18161 2.86881 2.66326 7.46888 2.68313 2.23719 1.99342 3.35449 2.12821 2.61807 3.36641 2.10218 2.39085 2.44729 2.04845 1.9348 2.4832 2.5193 1.90059 1.99027 1.89036 2.24533
threshold=278.64500000000004 8.0260416666666696 311.9752083333334 380.06500000000005 50955.312500000007 42578.875000000007 378.58500000000009 418.44000000000005 654.24375000000009 3.3906250000000004 103.65375000000002 30394.000000000004 45105.812500000007 4.6545138888888902 18.527533039647583 9.4340277777777803 20.395000000000007 37544.462812500009 40777.095312500009 126.67750000000002 260.50000000000006 -6.3999999999999941 -3481.928524489314 1.8012500000000105 48.025000000000013 62.545000000000009 198.52375000000004 189.57125000000002 -25.774999999999995 36.776875000000011
decision_type=10 2 10 10 2 8 10 10 2 2 10 10 2 2 2 2 10 10 10 10 2 10 10 10 10 10 10 10 8 8
left_child=4 -2 -3 -4 6 -6 8 -8 14 -10 12 -12 23 -13 -1 16 19 -18 22 20 -16 -22 -19 24 25 -11 27 28 -7 -30
right_child=1 2 3 -5 5 26 7 -9 9 10 11 13 -14 -15 15 -17 17 18 -20 -21 21 -23 -24 -25 -26 -27 -28 -29 29 -31
leaf_value=-0.0049068742348943569 0.51268201502012511 0.14286768530394542 -1.951497261509842 0.26080146858432757 0.071787077121646101 0.022004539774103427 -0.63141223555436476 0.10053936704814785 0.048728108165072011 -0.67170794083077556 0.0056123184561266467 -0.69056280275348492 0.0092387183880130955 -0.35504672483887978 0.033192499306709755 -0.34911492025658181 0.0067966882906447378 -0.23766352115316769 0.16599889209985907 0.20302893391448459 -0.034091108872246062 -0.60993277272454371 -0.33001504532254777 0.15759494752761227 -0.39292141899428923 0.010827961307067502 0.15546795544833578 -0.23149876815478973 0.13857474413938539 -0.020532260422207002
leaf_weight=13430 2717 243 62 55 5773 3401 108 257 308 115 94 45 420 47 5336 74 499 129 67 1178 388 57 40 58 66 131 920 171 370 3923
leaf_count=13430 2717 243 62 55 5773 3401 108 257 308 115 94 45 420 47 5336 74 499 129 67 1178 388 57 40 58 66 131 920 171 370 3923
internal_value=0.000263963 0.00157602 -0.00066482 -0.00388983 0.000155991 0.00043231 -2.00892e-05 -0.00241803 1.89478e-05 -0.00118132 -0.00197748 -0.00519786 -0.00121365 -0.0112258 9.17025e-05 0.000474192 0.000535673 -0.000998641 -0.00359494 0.000697845 0.000462297 -0.00164798 -0.00584118 -0.00307278 -0.00400639 -0.00259919 4.60962e-05 -0.000104882 -3.35282e-05 -0.000452026
internal_weight=40482 3077 360 117 37405 14558 22847 365 22482 1284 976 186 790 92 21198 7768 7694 735 236 6959 5781 445 169 370 312 246 8785 7865 7694 4293
internal_count=40482 3077 360 117 37405 14558 22847 365 22482 1284 976 186 790 92 21198 7768 7694 735 236 6959 5781 445 169 370 312 246 8785 7865 7694 4293
is_linear=0
shrinkage=0.03


Tree=226
num_leaves=31
num_cat=0
split_feature=24 32 7 27 5 4 14 5 15 9 4 13 5 7 27 30 8 28 40 7 40 4 16 25 4 5 3 4 28 36
split_gain=6.89408 2.39472 2.63354 1.90145 3.02797 2.87095 7.15328 2.58986 2.19383 2.11296 1.92031 1.87804 1.73331 2.26695 1.71828 2.19632 1.71555 2.05139 2.2661 1.69193 1.85004 2.93144 2.68164 4.4767 3.0007 2.92408 3.02191 8.03013 5.77281 2.43383
threshold=410.02500000000003 140.27500000000003 5.6684027777777795 46660.904895833337 61418.750000000007 272.50000000000006 353.65125000000006 44602.875000000007 186.80062500000003 136.77500000000003 50.500000000000007 148.29500000000004 57578.062500000007 6.9010416666666687 48400.291666666672 170.56250000000003 450.58750000000003 29387.187500000004 2.0625000000000004 3.3211805555555562 -36.061249999999994 271.50000000000006 6669.4267913280246 124.95796875000001 348.50000000000006 36000.812500000007 1.0000000180025095e-35 126.50000000000001 39105.250000000007 1.0000000180025095e-35
decision_type=10 8 2 10 2 2 10 2 10 10 2 10 2 2 10 10 2 10 10 2 10 2 10 8 2 2 2 2 10 10
left_child=1 19 16 4 5 10 7 9 -9 -7 -4 -12 -5 14 -14 -16 -3 -18 -19 -1 21 -21 24 -24 25 -22 -27 28 29 -28
right_child=-2 2 3 12 -6 6 -8 8 -10 -11 11 -13 13 -15 15 -17 17 18 -20 20 22 -23 23 -25 -26 26 27 -29 -30 -31
leaf_value=0.027884518302140945 2.0970915496998583 0.13017242650530655 -0.39362974649290017 -1.2724318115269122 0.31563285973815353 0.0013996789028869405 -0.85676120627918395 0.16717218779627102 -0.21266102486838703 -0.48796511035488976 0.28468139871961157 -0.026060360143725092 0.098481351975540601 0.034602658226683396 -0.24401592204054834 -0.35333920317930179 0.096413135330405159 -0.094417494073231148 -0.29403530401201156 0.0010171869267153338 -0.12610573435992758 0.054551992452676473 -0.057583800005205202 -0.20190340767679182 -0.077975250563845744 0.0081907924981755881 -0.26340746488160333 0.068061545295599366 -0.66183136438899492 0.052181657333869841
leaf_weight=2849 1236 4435 107 45 680 57 48 251 227 84 666 676 41 192 44 46 297 125 48 6263 1298 2218 1159 86 636 16282 99 282 51 42
leaf_count=2849 1236 4435 107 45 680 57 48 251 227 84 666 676 41 192 44 46 297 125 48 6263 1298 2218 1159 86 636 16282 99 282 51 42
internal_value=0.000258806 0.00018945 0.000650186 -2.46444e-05 0.000242403 -0.00031743 -0.00194461 -0.00106935 -1.2526e-05 -0.00462676 0.000432414 0.000741623 -0.00204878 -0.00126852 -0.00429545 -0.00659341 0.00108541 -0.000636943 -0.00322414 7.0524e-05 6.33535e-07 0.000371728 -0.000157253 -0.00150482 -6.7412e-05 3.98793e-06 0.000110282 -0.00224842 -0.00696373 -0.00378169
internal_weight=40570 39334 8069 3164 2796 2116 667 619 478 141 1449 1342 368 323 131 90 4905 470 173 31265 28416 8481 19935 1245 18690 18054 16756 474 192 141
internal_count=40570 39334 8069 3164 2796 2116 667 619 478 141 1449 1342 368 323 131 90 4905 470 173 31265 28416 8481 19935 1245 18690 18054 16756 474 192 141
is_linear=0
shrinkage=0.03


Tree=227
num_leaves=31
num_cat=0
split_feature=24 1 32 31 41 28 10 4 17 28 25 41 28 1 33 16 24 33 4 9 41 9 5 36 41 14 32 4 4 25
split_gain=6.49131 3.28269 1.9651 2.09653 2.68904 2.52722 2.29605 2.20903 2.33169 2.60758 2.83629 3.29394 3.04673 6.51478 5.25143 2.65976 2.36794 2.82133 2.59914 4.8148 3.36248 2.16951 2.1271 2.06964 2.40833 3.05831 2.18674 2.04954 3.92768 2.45338
threshold=277.33500000000004 3.5000000000000004 245.08500000000001 179.15000000000001 9632.2320626637029 51513.861562500009 149.61250000000004 188.50000000000003 180.96808000000001 39988.250000000007 42.728750000000012 -10757.339275252516 40404.458906250009 3.5000000000000004 99.20750000000001 6669.4267913280246 2.7300000000000009 144.3425 178.50000000000003 53.525000000000013 -1432.0687334490865 -0.068749999999999992 77125.000000000015 -0.13249999999999656 -13718.610758391984 82.641250000000014 -1.0000000180025095e-35 251.50000000000003 287.50000000000006 133.62770833333335
decision_type=10 2 10 8 10 10 10 2 10 10 8 8 10 2 10 8 10 10 2 10 10 10 2 10 8 10 10 2 2 10
left_child=2 -2 3 4 6 -5 7 8 9 -1 -11 -12 13 -13 -15 -14 23 18 21 -20 -21 -18 -17 -10 25 -25 -26 29 -29 -9
right_child=1 -3 -4 5 -6 -7 -8 27 16 10 11 12 15 14 -16 22 17 -19 19 20 -22 -23 -24 24 26 -27 -28 28 -30 -31
leaf_value=0.027611050068108021 0.73134130543679166 0.067469582442255732 0.30649976229708609 -0.028460750629518496 0.10379148165474057 -0.24139228880418281 0.073840882341497924 0.052369164545002789 0.036829427177884844 0.041880415364444021 -0.12869822602315115 0.018546694506921372 0.064447982227043371 -0.52696785288707326 -0.059391819503062819 -0.035345485212658401 -0.10977247157959781 0.028375598155878132 -0.023358983550111005 -0.43349551826251465 -0.39291468657247258 -0.03961826478967595 0.063868883924385084 -5.2390586467501024 0.061921780909986429 -0.14667608815160291 -0.071368114053348863 -0.052213010747384228 0.020711547797696999 -0.19896253659830759
leaf_weight=6220 1997 1097 527 3555 1435 72 2995 5279 654 1009 75 96 848 40 40 3498 72 675 126 41 50 1995 245 41 248 62 248 2512 4575 245
leaf_count=6220 1997 1097 527 3555 1435 72 2995 5279 654 1009 75 96 848 40 40 3498 72 675 126 41 50 1995 245 41 248 62 248 2512 4575 245
internal_value=0.000263377 0.00158384 0.000154327 0.000128356 0.000202911 -0.000556505 0.00014572 6.37482e-05 -0.000167096 4.49802e-05 -0.000409603 -0.000711129 -0.000612206 -0.00447458 -0.0107407 -0.000463197 -0.000774745 -0.0012375 -0.00174092 -0.0048578 -0.0100761 -0.00141151 -0.000806891 0.000318182 -0.000955 -0.00510577 -8.45069e-05 0.000361798 2.41254e-05 0.000794932
internal_weight=40572 3094 37478 36951 33324 3627 31889 28894 16283 12071 5851 4842 4767 176 80 4591 4212 2959 2284 217 91 2067 3743 1253 599 103 496 12611 7087 5524
internal_count=40572 3094 37478 36951 33324 3627 31889 28894 16283 12071 5851 4842 4767 176 80 4591 4212 2959 2284 217 91 2067 3743 1253 599 103 496 12611 7087 5524
is_linear=0
shrinkage=0.03


Tree=228
num_leaves=31
num_cat=0
split_feature=34 10 34 23 12 41 30 14 27 4 16 4 35 17 0 8 41 11 23 25 28 41 4 8 25 28 4 27 9 28
split_gain=5.03443 2.62127 2.9313 2.47425 4.38871 1.63488 2.13762 1.49637 1.40369 1.38326 2.47046 2.43267 2.19249 1.48239 2.23594 2.08297 2.22305 1.55475 2.39473 2.76167 3.01491 2.23346 2.08386 2.81356 2.12491 2.0457 2.00915 1.94367 5.5546 2.89001
threshold=435.61000000000007 446.94500000000005 293.84000000000009 4.5000000000000009 396.69062500000013 10921.775007773575 174.89500000000001 207.79750000000004 55427.884739583344 349.50000000000006 2610.1158262879258 351.50000000000006 32.096250000000005 325.70775500000008 11.500000000000002 481.16250000000008 -1510.5984735772361 62.175000000000004 1.5000000000000002 47.685468750000005 33012.687500000007 -952.98979690298063 257.50000000000006 481.16250000000008 164.08375000000004 37812.375000000007 154.50000000000003 39864.916666666672 99.767500000000013 42161.000000000007
decision_type=10 8 8 2 10 10 10 10 10 2 8 2 10 10 2 2 10 10 2 8 10 10 2 2 10 10 2 10 10 10
left_child=1 2 5 -3 -5 8 -7 -8 9 13 -11 -12 -13 17 15 -15 -17 18 21 20 -20 25 26 -24 -25 -1 -19 28 29 -27
right_child=-2 3 -4 4 -6 6 7 -9 -10 10 11 12 -14 14 -16 16 -18 22 19 -21 -22 -23 23 24 -26 27 -28 -29 -30 -31
leaf_value=0.023299742794266189 2.4883884427529561 0.77798199017570158 0.30474458952906702 -0.040832416077852325 -0.91836502492459759 0.13077440393063991 0.086316364374106447 -0.18492614810156704 -0.16798588154871613 0.13826366446287566 -0.30792057695082031 -0.017053590454929303 -0.64594803324510697 -0.031746771358626358 0.0051114506552119923 -0.027018164609275256 -0.17729559065549172 0.019984151318880174 -0.050104248417722971 -0.014534002010980734 0.069076665663315148 0.14783125679263096 0.0041250139077390786 -0.026567998533492107 -0.593197632392649 -0.064671135922483317 0.092377702968078582 -0.015134459865780816 -1.1480126090344351 -0.31088347738904515
leaf_weight=615 941 91 1790 124 54 1105 53 67 73 201 79 875 64 2077 5363 138 58 8670 237 1956 2130 480 5352 56 51 755 5319 1599 61 40
leaf_count=615 941 91 1790 124 54 1105 53 67 73 201 79 875 64 2077 5363 138 58 8670 237 1956 2130 480 5352 56 51 755 5319 1599 61 40
internal_value=0.000319753 0.000268098 0.000288349 -0.00267778 -0.00472626 0.000231675 0.00130914 -0.00247934 0.000195228 0.000203665 -0.000789344 -0.0013896 -0.000960638 0.000238315 -0.000131203 -0.000919525 -0.00386802 0.000341593 -1.40969e-05 0.000459991 0.00114907 -0.000591383 0.000485578 -1.15383e-05 -0.00480556 -0.000888961 0.000679557 -0.00127647 -0.0024294 -0.00175251
internal_weight=40474 39533 39264 269 178 37474 1225 120 36249 36176 1219 1018 939 34957 7636 2273 196 27321 7873 4323 2367 3550 19448 5459 107 3070 13989 2455 856 795
internal_count=40474 39533 39264 269 178 37474 1225 120 36249 36176 1219 1018 939 34957 7636 2273 196 27321 7873 4323 2367 3550 19448 5459 107 3070 13989 2455 856 795
is_linear=0
shrinkage=0.03


Tree=229
num_leaves=31
num_cat=0
split_feature=24 32 22 7 5 27 24 7 14 8 27 1 26 7 10 29 26 28 28 25 5 25 25 28 15 12 0 40 32 31
split_gain=6.1371 2.45033 2.46534 2.15871 2.27783 2.02536 2.91324 2.21093 2.10814 1.97475 2.81151 3.43184 1.77559 1.65959 1.73173 2.2609 3.9582 1.61423 1.57398 2.0737 5.0119 3.33762 3.54514 3.24954 3.08802 4.87288 4.27021 3.06997 2.51265 2.28788
threshold=446.81000000000006 154.14875000000004 1.0000000180025095e-35 5.6857638888888902 61654.437500000007 42433.833333333336 197.60500000000005 7.4392361111111134 506.41500000000002 450.58750000000003 30222.437500000004 3.5000000000000004 48187.500000000007 3.3211805555555562 427.30000000000007 343.93000000000006 26504.000000000004 49771.227343750004 31164.625000000004 102.62395833333335 49602.687500000007 86.362291666666678 83.862239583333348 51356.724062500005 91.202500000000001 84.866770833333348 12.500000000000002 7.4750000000000023 96.253750000000011 111.82625000000002
decision_type=10 10 2 2 2 10 10 2 10 2 10 2 10 2 8 8 8 10 10 8 2 10 10 10 10 10 2 10 10 10
left_child=1 13 3 9 5 8 -7 -8 -5 17 -11 -12 -6 -1 18 16 -16 -3 -15 21 27 22 -20 -23 25 28 -27 -21 -24 -25
right_child=-2 2 -4 4 12 6 7 -9 -10 10 11 -13 -14 14 15 -17 -18 -19 19 20 -22 23 24 29 -26 26 -28 -29 -30 -31
leaf_value=0.032849426711602688 2.8212249599409476 0.20501489853160362 -0.30408405081398632 0.033095452662225459 0.28106645062459285 -0.026041941832941236 -0.043020037777910067 -1.3989383462912668 -0.89885941275415837 0.096420132654938692 0.032349320462842508 -0.4622861177603661 -0.14664730516677391 0.050352973328713982 -0.97876917585042644 -0.00033082322898500311 -0.0060705222774256849 -0.10099563842421988 0.0014166449030603709 -0.12261722641672276 0.0077649466589028646 0.090057713901211353 0.012884528792154992 -0.057869519390105512 0.041727020756952081 -0.87379282061103225 -0.25660435933781472 -0.37542586732278899 -0.58293619671524666 -0.41732193841712389
leaf_weight=3063 915 3594 133 1424 657 224 52 67 71 233 65 58 126 2883 50 160 66 61 17319 1823 3816 3030 144 85 166 64 70 130 56 40
leaf_count=3063 915 3594 133 1424 657 224 52 67 71 233 65 58 126 2883 50 160 66 61 17319 1823 3816 3030 144 85 166 64 70 130 56 40
internal_value=0.000274197 0.000218218 0.00073825 0.000819539 0.000149886 -0.000427406 -0.00250291 -0.006275 5.01338e-05 0.00125698 -0.000873949 -0.00452419 0.00150383 0.000111479 4.33402e-05 -0.00231769 -0.00548718 0.00146472 6.54134e-05 -6.39385e-06 -0.000510052 0.000132157 -2.71043e-05 0.00103137 -0.00251497 -0.00417313 -0.00857778 -0.00174565 -0.00119403 -0.00369048
internal_weight=40645 39730 6765 6632 2621 1838 343 119 1495 4011 356 123 783 32965 29902 276 116 3655 29626 26743 5769 20974 17819 3155 500 334 134 1953 200 125
internal_count=40645 39730 6765 6632 2621 1838 343 119 1495 4011 356 123 783 32965 29902 276 116 3655 29626 26743 5769 20974 17819 3155 500 334 134 1953 200 125
is_linear=0
shrinkage=0.03


Tree=230
num_leaves=31
num_cat=0
split_feature=24 32 41 27 41 5 13 23 6 8 18 4 4 7 27 4 5 33 32 38 15 39 36 28 33 15 32 13 6 14
split_gain=5.9613 2.36549 2.05973 1.99478 2.26481 1.8021 2.66846 1.84848 1.79009 2.17302 1.82188 1.5235 2.87241 1.51474 1.64347 2.03848 2.03654 3.43315 1.90405 1.78398 1.63129 1.97545 1.68609 1.55097 2.81588 2.34338 6.66256 1.5386 3.11513 2.71934
threshold=427.28500000000003 245.08500000000001 13259.921016334762 55427.884739583344 5980.7805749160007 57402.125000000007 229.99000000000004 2.5000000000000004 30.328193832599123 748.46250000000009 1.0000000180025095e-35 184.50000000000003 160.50000000000003 4.3975694444444455 37123.323072916675 192.50000000000003 39350.937500000007 190.00125000000003 228.62500000000003 14.730000000000002 144.3897916666667 -8.8099999999999969 0.029999999999999905 40849.149531250012 109.52500000000002 71.413958333333355 125.71500000000002 76.780000000000015 4.6951541850220275 145.47000000000003
decision_type=10 10 10 10 10 2 10 2 2 2 2 2 2 2 10 2 2 10 10 10 8 10 10 10 10 10 10 8 2 10
left_child=1 2 3 8 -5 6 -3 -8 9 13 -11 12 -12 14 15 18 17 23 -1 -18 21 -21 -23 24 -16 -26 -27 29 -29 -15
right_child=-2 5 -4 4 -6 -7 7 -9 -10 10 11 -13 -14 27 16 -17 19 -19 -20 20 -22 22 -24 -25 25 26 -28 28 -30 -31
leaf_value=0.022232543384811249 2.6252742264644278 0.1220863887216114 0.12550479952110499 -0.1912157994587024 -0.003005009676138272 0.4887530529394169 -0.9951128109748405 0.055181599303539559 0.077946589599780014 -0.0082719571135743269 -0.84593298614623058 -0.082926242584164311 -0.55946377344402298 0.0015266415315869112 0.0057085950147996731 0.20677445353535437 0.034684371892635006 -0.78249364670453569 -0.2799094704798531 -0.031269022994430747 0.093867458790439603 -0.13122795311845842 -0.24442795122480523 0.066524017342508665 -0.055376766248654542 -0.86490860538240066 0.077765758378610522 0.070948015069158793 -0.044358823481663229 0.080518647252826647
leaf_weight=1760 1068 303 830 40 50 639 50 43 567 370 96 77 40 16502 394 1659 4126 40 49 448 314 103 45 315 194 66 56 1220 6007 2986
leaf_count=1760 1068 303 830 40 50 639 50 43 567 370 96 77 40 16502 394 1659 4126 40 49 448 314 103 45 315 194 66 56 1220 6007 2986
internal_value=0.000281551 0.000221554 0.00018334 0.00015062 -0.00428571 0.0016361 4.53402e-05 -0.00437234 0.0001614 0.000135646 -0.00167979 -0.00388318 -0.00578102 0.000164862 0.000488715 0.00101009 0.000192232 -0.000999062 0.00031326 0.000444312 -0.000757409 -0.00167839 -0.00467114 -0.000657895 -0.0014346 -0.00353943 -0.00678049 4.88472e-05 -0.000324986 0.00018749
internal_weight=40457 39389 38354 37524 90 1035 396 93 37434 36867 583 213 136 36284 9569 3468 6101 1065 1809 5036 910 596 148 1025 710 316 122 26715 7227 19488
internal_count=40457 39389 38354 37524 90 1035 396 93 37434 36867 583 213 136 36284 9569 3468 6101 1065 1809 5036 910 596 148 1025 710 316 122 26715 7227 19488
is_linear=0
shrinkage=0.03


Tree=231
num_leaves=31
num_cat=0
split_feature=13 1 14 11 32 6 32 40 37 32 27 13 4 37 25 14 25 27 13 1 40 33 30 41 28 8 8 38 41 13
split_gain=6.54152 2.60039 2.43272 2.29459 1.70235 1.68916 1.69069 1.73387 2.70612 1.66712 1.638 2.49836 6.31521 2.9361 2.90683 2.11668 2.56922 2.14632 5.24131 4.89189 2.90845 1.60073 1.58573 1.5321 1.51879 1.96997 1.37438 1.39723 1.79891 1.85078
threshold=240.94000000000003 3.5000000000000004 506.41500000000002 524.47500000000002 126.64250000000001 30.328193832599123 245.08500000000001 11.73999999999999 -72.206249999999983 139.64500000000001 31804.515520833334 177.25000000000003 268.50000000000006 47.399999999999999 24.031145833333337 347.71000000000004 311.9752083333334 33241.833333333336 82.09875000000001 2.5000000000000004 0.67125000000000778 214.50500000000002 174.89500000000001 15137.378188506284 30825.875000000004 57.906250000000007 783.04375000000016 -1.0099999999999987 -6623.4460519441482 -17.154999999999998
decision_type=10 2 8 10 10 2 10 8 10 10 8 10 2 10 10 10 10 10 10 2 10 10 10 10 10 2 2 10 10 10
left_child=2 -2 5 9 -3 6 7 10 -9 -4 11 14 13 21 -1 16 17 18 24 -20 22 -13 -21 26 25 -12 27 -19 -29 -30
right_child=1 4 3 -5 -6 -7 -8 8 -10 -11 15 12 -14 -15 -16 -17 -18 23 19 20 -22 -23 -24 -25 -26 -27 -28 28 29 -31
leaf_value=-0.041147440237470703 0.93079503149129017 -0.24483203977225701 -0.099782081680394374 3.1843514748821318 0.36235608069192321 0.1036313980714354 0.23351703587212846 -0.097664378221402642 -0.034344338581774422 -0.94010616261589308 -0.0028427770153506048 -0.1154109342566734 -0.68364037802320854 -0.45168810049669122 0.11003390212259805 0.39780829356159247 -1.0150068154179752 0.018334284355246366 0.1197347345141018 -0.11271542129043555 -0.49946058690951606 0.092755117284182953 -0.58947739171042535 0.14526713431684893 0.019111119779085681 -0.463919078214172 -0.085915320753021093 0.0052450909349466297 -0.17150318874276219 -0.016125148388777905
leaf_weight=229 1210 210 53 50 820 552 730 42 1800 57 57 43 68 43 3162 333 58 10615 68 79 51 376 41 520 930 40 222 12249 174 5597
leaf_count=229 1210 210 53 50 820 552 730 42 1800 57 57 43 68 43 3162 333 58 10615 68 79 51 376 41 520 930 40 222 12249 174 5597
internal_value=0.000231892 0.00180723 0.000139566 -0.00354037 0.000698351 0.000155121 0.000130862 0.000102479 -0.000794357 -0.00594595 0.00014976 0.000727435 -0.00118644 7.77539e-05 0.00102683 7.67522e-05 5.09088e-05 6.29488e-05 -0.00114601 -0.0051375 -0.0078314 0.00085 -0.00520661 0.000115086 -0.000213035 -0.00376531 8.59728e-05 0.00010424 -5.66005e-05 -0.000493243
internal_weight=40479 2240 38239 160 1030 38079 37527 36797 1842 110 34955 3921 530 462 3391 31034 30701 30643 1266 239 171 419 120 29377 1027 97 28857 28635 18020 5771
internal_count=40479 2240 38239 160 1030 38079 37527 36797 1842 110 34955 3921 530 462 3391 31034 30701 30643 1266 239 171 419 120 29377 1027 97 28857 28635 18020 5771
is_linear=0
shrinkage=0.03


Tree=232
num_leaves=31
num_cat=0
split_feature=11 7 39 17 5 8 4 5 32 4 32 4 15 14 6 4 9 5 7 1 30 40 39 41 2 13 12 13 6 28
split_gain=5.31209 2.38192 3.05839 2.04118 2.0975 1.81637 1.77261 2.00259 1.7296 2.02061 1.68387 2.68266 2.35744 2.3951 3.92469 2.87106 3.83184 4.02501 4.06721 3.66008 2.82861 1.80399 1.76212 1.68248 1.67197 1.63409 1.59959 1.57207 2.01046 1.85553
threshold=353.44500000000005 4.2760416666666687 15.114999999999982 4011.3294600000013 40343.750000000007 103.00625000000001 245.50000000000003 38017.687500000007 102.82375 198.50000000000003 147.62500000000003 357.50000000000006 155.70000000000002 147.17500000000004 12.580616740088107 211.50000000000003 192.94000000000003 53156.250000000007 7.9843750000000027 4.5000000000000009 234.99000000000004 0.08000000000002673 -1.0000000180025095e-35 10921.775007773575 11.500000000000002 119.48000000000002 105.06604166666669 64.260000000000005 4.6951541850220275 47695.554531250011
decision_type=10 2 8 10 2 2 2 2 10 2 10 2 8 10 2 2 10 2 2 2 10 10 10 10 2 10 10 10 2 10
left_child=1 3 10 4 5 -1 -2 -8 -7 -10 12 27 23 14 24 -15 22 19 -19 20 -18 -21 -17 25 -14 -3 -25 -12 -29 -30
right_child=6 2 -4 -5 -6 8 7 -9 9 -11 11 -13 13 15 -16 16 17 18 -20 21 -22 -23 -24 26 -26 -27 -28 28 29 -31
leaf_value=0.014963939970847832 1.1456084495942591 -0.0005685533960987422 -0.13928647753471907 -0.006351972090395815 0.078100709064835461 -0.0094466949055159264 -0.88592076044024359 0.31551103893576116 -0.6420317190823881 -0.016701591905176529 0.27073244013028736 -0.70893356417284958 -0.094926249922385339 0.081374125524204879 -0.37734640146919807 0.040559313964520276 -0.79312766173890548 0.29202091201179398 -1.5353599601918533 -1.0225055869867228 0.47360337920508611 -0.35331086157763908 -0.16658772704536862 0.29498276283219244 0.015509938158455314 0.20525239669955736 -0.024823750920771982 0.20920257063514136 0.02661392055862305 -0.24035101674664336
leaf_weight=1610 1013 20989 120 2006 5753 198 60 791 57 69 875 57 137 633 44 482 47 145 43 64 52 50 73 456 100 362 217 706 3165 185
leaf_count=1610 1013 20989 120 2006 5753 198 60 791 57 69 875 57 137 633 44 482 47 145 43 64 52 50 73 456 100 362 217 706 3165 185
internal_value=0.000260281 0.000184903 4.88226e-05 0.000592016 0.000814386 -4.031e-05 0.00182413 0.00081338 -0.00208615 -0.0048189 6.87603e-05 0.000570054 -3.5907e-05 -0.00105826 -0.00360638 -0.00060566 -0.00164263 -0.00387313 -0.000666667 -0.00668692 -0.00243 -0.0103304 -2.69783e-05 5.09422e-05 -0.00205462 4.35568e-06 0.00152671 0.000645377 0.000396352 8.95256e-05
internal_weight=40559 38695 29002 9693 7687 1934 1864 851 324 126 28882 4988 23894 1870 281 1589 956 401 188 213 99 114 555 22024 237 21351 673 4931 4056 3350
internal_count=40559 38695 29002 9693 7687 1934 1864 851 324 126 28882 4988 23894 1870 281 1589 956 401 188 213 99 114 555 22024 237 21351 673 4931 4056 3350
is_linear=0
shrinkage=0.03


Tree=233
num_leaves=31
num_cat=0
split_feature=9 1 7 1 8 41 14 24 4 31 25 6 8 6 4 39 36 22 24 15 4 3 4 7 27 30 41 39 12 9
split_gain=5.99265 2.40827 1.99352 1.85766 2.3862 3.36762 2.43591 2.09861 4.07984 3.50242 2.14961 2.2606 2.07723 1.96639 2.89134 3.35728 2.46715 1.95389 1.76056 1.74121 2.04166 1.71567 2.26313 1.63193 1.58109 1.55813 1.42958 3.22662 1.49887 3.82602
threshold=353.44500000000005 3.5000000000000004 7.0225694444444473 1.0000000180025095e-35 0.11250000000000002 10093.469864818015 118.03500000000001 4.4375000000000009 174.50000000000003 -0.057499999999999989 32.143125000000005 16.18039647577093 230.68125000000001 18.527533039647583 269.50000000000006 -7.2600000000000007 1.3800000000000063 1.0000000180025095e-35 200.00500000000002 373.12250000000006 247.50000000000003 1.0000000180025095e-35 106.50000000000001 3.017361111111112 55427.884739583344 98.966250000000016 2619.1548602706139 -10.740000000000004 87.368645833333332 106.97500000000001
decision_type=8 2 2 2 2 8 10 10 2 10 10 2 2 2 2 10 10 2 10 8 2 2 2 2 10 10 10 10 10 10
left_child=3 -2 -3 4 19 6 7 -6 9 -9 -11 -12 13 16 -15 -16 23 -18 -14 -1 -21 -7 -23 -5 26 -19 28 -28 29 -25
right_child=1 2 -4 12 5 21 -8 8 -10 10 11 -13 18 14 15 -17 17 25 -20 20 -22 22 -24 24 -26 -27 27 -29 -30 -31
leaf_value=0.0098011989223348549 1.9934940744861949 0.3605844286567611 -0.47466511088047525 0.12224987536153714 0.040938361432576946 0.2651037736020862 0.29778850000454682 -0.12815825051779953 0.011733446587029859 0.049357017130872628 -0.065322533260089521 -0.48107757562826475 -0.0060759697571972386 0.083522340558312397 -0.00450455020618092 -0.60771935730737625 0.070274261458428092 -0.0082087215253196632 -0.12592381784389947 0.043647339392669612 -1.4255728537869243 -0.30042326091105664 0.082133529281979437 -0.0074530048494009689 -0.16553788997037128 -0.58365329407077615 0.066562678258627619 -0.044434654172148522 0.01387905220304636 -0.20922023661105185
leaf_weight=2409 1057 734 79 724 176 1935 290 42 376 88 84 51 8578 3315 139 51 3666 113 662 41 47 41 101 7549 83 48 1914 451 5411 296
leaf_count=2409 1057 734 79 724 176 1935 290 42 376 88 84 51 8578 3315 139 51 3666 113 662 41 47 41 101 7549 83 48 1914 451 5411 296
internal_value=0.000281934 0.00194014 0.000711302 0.000201722 0.000702746 0.0012471 -8.93501e-05 -0.000927873 -0.0017243 -0.00456767 -0.00304018 -0.00540441 0.000115451 0.000263878 0.000919852 -0.00267016 0.000150326 0.000836207 -0.000266205 8.40684e-06 -0.00411236 0.0019591 -0.00121678 -9.49529e-06 -7.37344e-05 -0.00238889 -5.16578e-05 0.000627642 -0.00017289 -0.000437803
internal_weight=40551 1870 813 38681 5681 3184 1107 817 641 265 223 135 33000 23760 3505 190 20255 3827 9240 2497 88 2077 142 16428 15704 161 15621 2365 13256 7845
internal_count=40551 1870 813 38681 5681 3184 1107 817 641 265 223 135 33000 23760 3505 190 20255 3827 9240 2497 88 2077 142 16428 15704 161 15621 2365 13256 7845
is_linear=0
shrinkage=0.03


Tree=234
num_leaves=31
num_cat=0
split_feature=24 32 22 0 4 4 0 41 41 5 13 10 30 32 15 5 41 29 1 15 12 24 4 14 25 14 41 40 25 41
split_gain=5.84042 2.08779 2.01228 1.75201 2.7004 2.14533 2.02421 1.80503 1.70122 1.68887 1.60519 2.20411 2.96843 2.63659 3.63984 2.28062 1.78763 1.54391 4.93829 3.90408 3.04164 4.92687 2.25623 1.81309 2.79002 2.50631 3.04448 2.93117 2.634 2.42642
threshold=446.81000000000006 147.62500000000003 1.0000000180025095e-35 22.500000000000004 352.50000000000006 80.500000000000014 13.500000000000002 1975.8263073556775 15137.378188506284 47802.937500000007 64.260000000000005 211.86000000000004 174.89500000000001 201.00500000000002 225.56291666666667 36405.937500000007 15669.200741612358 157.54375000000002 4.5000000000000009 96.291510416666682 364.06333333333345 200.00500000000002 253.50000000000003 116.20000000000002 50.554270833333341 110.48500000000001 -4341.254489752514 -63.652499999999996 68.209791666666675 -7457.8372507710237
decision_type=10 10 2 2 2 2 2 10 10 2 10 10 10 10 10 2 8 10 2 10 10 10 2 8 8 10 10 10 10 8
left_child=1 3 10 6 5 7 8 -5 17 -8 -3 12 13 -12 -15 -14 -17 23 19 22 21 -20 -19 25 -25 -1 27 -27 -28 -26
right_child=-2 2 -4 4 -6 -7 9 -9 -10 -11 11 -13 15 14 -16 16 -18 18 20 -21 -22 -23 -24 24 29 26 28 -29 -30 -31
leaf_value=-0.0043430105174703908 2.8027801489659341 0.28023800347511008 -0.2032619297427749 -0.16530824490273216 -0.14055154261656119 -0.0022868023895350957 0.0028690253592105184 0.042090728517671289 0.16152788403982246 0.036730380329406086 0.12014806580413713 0.15324031568498972 -0.45898268464174952 -0.00088622230744069496 -0.49344646294975125 -0.19679160720107883 -0.054592512664201572 -0.30988114123054245 -0.22562834472546298 0.10703841724503967 -0.035402465716834072 -0.72461152349994695 -0.026275267008256459 0.09320134992946319 -0.043952344592719315 -0.17487961043313635 -0.090137203385633205 -0.0032104365177891129 -0.27092323893806797 0.0091632315214444145
leaf_weight=8497 934 1191 157 213 41 918 5716 89 249 6029 1416 3021 40 173 51 65 1293 63 143 689 121 66 53 946 362 51 205 624 113 6851
leaf_count=8497 934 1191 157 213 41 918 5716 89 249 6029 1416 3021 40 173 51 65 1293 63 143 689 121 66 53 946 362 51 205 624 113 6851
internal_value=0.00023625 0.000180698 0.000634584 7.57492e-05 -0.00101981 -0.000761671 0.000120667 -0.00295049 -7.04528e-05 0.000430359 0.000707489 0.000509406 -6.12042e-05 0.000804388 -0.00221333 -0.00107648 -0.000865342 -0.000103167 -0.00117518 9.30522e-05 -0.00425982 -0.00644286 -0.00497436 -3.41642e-05 0.00029375 -0.000316089 -0.00174145 -0.000599112 -0.00415674 9.27365e-05
internal_weight=40380 39446 7407 32039 1261 1220 30778 302 19033 11745 7250 6059 3038 1640 224 1398 1358 18784 1135 805 330 209 116 17649 8159 9490 993 675 318 7213
internal_count=40380 39446 7407 32039 1261 1220 30778 302 19033 11745 7250 6059 3038 1640 224 1398 1358 18784 1135 805 330 209 116 17649 8159 9490 993 675 318 7213
is_linear=0
shrinkage=0.03


Tree=235
num_leaves=31
num_cat=0
split_feature=9 7 10 28 1 24 32 2 14 35 14 27 23 24 36 10 13 2 5 14 13 13 26 14 6 26 13 6 41 5
split_gain=6.17738 2.16783 2.73558 2.63013 2.47332 2.27745 2.10487 1.7999 2.13925 1.65496 1.65368 1.60451 1.74396 1.55957 2.1788 2.3634 2.2412 2.84183 7.37179 9.46128 4.25573 5.43392 6.27323 3.32244 3.75569 2.81517 2.2292 2.48583 2.15852 1.97568
threshold=396.59500000000008 4.9843750000000018 111.85125000000001 37963.594062500008 3.5000000000000004 122.105 119.11000000000001 7.5000000000000009 120.31500000000001 29.475000000000005 119.01750000000001 28238.06307291667 5.5000000000000009 34.795000000000009 1.3800000000000063 31.356250000000003 40.945 9.5000000000000018 50368.750000000007 353.65125000000006 50.245000000000012 49.185000000000009 40294.500000000007 118.66125000000001 18.254625550660801 45074.05750000001 -76.709999999999994 20.188325991189433 8064.4755948651846 58706.250000000007
decision_type=10 2 10 8 2 8 8 2 10 10 10 10 2 8 10 8 8 2 2 10 10 8 10 10 2 10 10 2 10 2
left_child=1 2 3 -1 -4 7 -7 8 10 -10 -5 12 -6 -3 15 -15 26 20 19 23 21 -18 -23 -19 -25 -24 -17 28 -28 -16
right_child=-2 13 4 5 11 6 -8 -9 9 -11 -12 -13 -14 14 29 16 17 18 -20 -21 -22 22 25 24 -26 -27 27 -29 -30 -31
leaf_value=0.046222041154445496 1.7714659500543373 0.009425190536408834 0.13814120006320213 -0.028282496714488924 0.28170392753960666 -0.33312083189480035 -0.011434443128841678 0.037626314220395661 0.017634183830496412 -0.17727483156637044 -0.21107917973199111 0.044148057911917511 -0.39467570767167753 -0.066782209065716969 -0.0023191128445921253 -0.28103600599093609 -0.033176574846825679 -0.57197826301936372 -0.0055428933503757849 -1.0026849787543872 0.0083331905361439633 -1.1112642284025172 0.050974627161127703 -0.10526111736574134 -0.57130394871207169 -0.17290536311619581 -0.0052624041390827514 0.17534726000431078 0.30221997374024062 0.112889139333476
leaf_weight=3441 1369 4433 2887 2588 94 142 159 2426 1311 43 65 2310 224 1453 2565 54 681 48 1421 48 4571 43 60 571 66 48 4632 986 263 1499
leaf_count=3441 1369 4433 2887 2588 94 142 159 2426 1311 43 65 2310 224 1453 2565 54 681 48 1421 48 4571 43 60 571 66 48 4632 986 263 1499
internal_value=0.000207471 0.000138144 0.000411064 0.000119399 0.000949057 -0.00022539 -0.00277152 -0.000105844 -0.000496257 0.000473801 -0.000991334 0.000282997 -0.0017116 -4.45334e-05 -0.000162704 -0.000330189 -0.000206329 -0.000548955 -0.00147007 -0.00391144 -0.000181532 -0.00215366 -0.00728289 -0.00299563 -0.00241223 -0.0033578 0.000229953 0.000286127 9.19129e-06 0.000453137
internal_weight=40501 39132 15690 10175 5515 6734 301 6433 4007 1354 2653 2628 318 23442 19009 14945 13492 7557 2154 733 5403 832 151 685 637 108 5935 5881 4895 4064
internal_count=40501 39132 15690 10175 5515 6734 301 6433 4007 1354 2653 2628 318 23442 19009 14945 13492 7557 2154 733 5403 832 151 685 637 108 5935 5881 4895 4064
is_linear=0
shrinkage=0.03


Tree=236
num_leaves=31
num_cat=0
split_feature=24 32 33 22 0 29 39 7 7 7 6 33 38 6 27 13 4 7 4 11 40 4 29 32 9 15 17 4 24 40
split_gain=5.90605 2.07558 3.03607 2.14858 1.96401 2.4223 1.9551 2.75513 1.88385 1.69093 1.6115 1.55369 2.13368 1.50562 1.84878 1.79054 2.40667 2.77622 2.2156 2.14719 2.13306 1.76454 1.89705 1.6822 2.01345 1.56339 1.49893 1.86113 2.57524 3.71758
threshold=446.81000000000006 140.27500000000003 443.77500000000003 1.0000000180025095e-35 22.500000000000004 67.240000000000023 -39.431249999999984 4.5572916666666687 5.4913194444444473 7.2031250000000018 22.775550660792955 246.94125000000003 16.631249999999998 7.6072687224669613 47624.250000000007 100.27500000000002 247.50000000000003 10.565972222222223 316.50000000000006 152.74500000000003 -7.7799999999999994 146.50000000000003 176.99625000000003 214.68500000000003 178.05500000000004 261.6985416666667 872.62135000000012 188.50000000000003 0.90500000000000014 22.486250000000002
decision_type=10 10 8 2 2 10 10 2 2 2 2 10 10 2 10 10 2 2 2 10 10 2 10 10 10 10 10 2 10 10
left_child=1 2 4 8 26 -6 -5 -8 11 -7 -4 12 -3 14 -10 -15 17 21 19 -18 -21 22 -17 24 -16 -22 -1 28 -28 -30
right_child=-2 3 10 6 5 9 7 -9 13 -11 -12 -13 -14 15 23 16 18 -19 -20 20 25 -23 -24 -25 -26 -27 27 -29 29 -31
leaf_value=0.011992295697401701 2.688997355136356 0.10971693195806596 -0.38939814536686101 0.015554350018625769 -0.1221936775212268 0.021079706853172602 0.040713354413501893 -0.77476097953620748 0.18389315031948866 -0.13662356442875365 -0.16706307244923455 0.33975598381721894 -0.096835103467733524 0.059398326227550306 0.020453283949626651 0.16245970492750977 -0.0050057759243961443 -0.50089162127174525 0.062905431837276954 -0.22844651839733177 -0.45193952576148794 0.46958147082632518 -0.13605974040732008 0.2367547371592075 -0.67508905176512335 -1.0000060950130369 0.022725000910774253 0.013491227982040379 -0.03127585228215727 -0.18011981610606731
leaf_weight=22246 923 2722 85 81 294 750 53 64 877 211 78 1538 356 938 72 233 93 66 104 118 65 315 351 64 64 42 1157 3230 3131 56
leaf_count=22246 923 2722 85 81 294 750 53 64 877 211 78 1538 356 938 72 233 93 66 104 118 65 315 351 64 64 42 1157 3230 3131 56
internal_value=0.000268736 0.000213205 0.000101604 0.000637459 0.000123085 -0.00103901 -0.00244221 -0.00490678 0.000713805 -0.000308732 -0.00396951 0.00110851 0.000719065 0.000178078 0.00110482 -0.000251505 -0.000935879 -0.000108696 -0.00282269 -0.0040627 -0.00564159 0.00033 -0.000646154 -0.00149254 -0.00337226 -0.00869444 0.000172027 -0.000192475 -0.000597929 -0.00103795
internal_weight=40377 39454 31238 8216 31075 1255 198 117 8018 961 163 4616 3078 3402 1077 2325 1387 965 422 318 225 899 584 200 136 107 29820 7574 4344 3187
internal_count=40377 39454 31238 8216 31075 1255 198 117 8018 961 163 4616 3078 3402 1077 2325 1387 965 422 318 225 899 584 200 136 107 29820 7574 4344 3187
is_linear=0
shrinkage=0.03


Tree=237
num_leaves=31
num_cat=0
split_feature=11 32 31 5 4 4 4 11 4 30 35 25 24 32 2 6 8 41 4 5 34 39 6 6 4 7 41 38 32 6
split_gain=6.00341 2.0981 1.74519 1.77473 2.27348 1.6684 2.68811 1.62043 2.34502 2.0558 1.90651 1.82333 1.70728 1.6905 1.61701 2.75055 1.59415 1.5421 1.47968 2.30789 2.55853 1.45206 1.66699 2.13925 2.78854 2.05199 1.74548 3.8141 1.42611 1.40463
threshold=353.44500000000005 140.27500000000003 103.52875000000002 36000.812500000007 172.50000000000003 348.50000000000006 354.50000000000006 69.975000000000009 303.50000000000006 120.34375000000001 13.578749999999987 48.726458333333333 69.52500000000002 105.00500000000001 7.5000000000000009 13.822466960352427 771.49375000000009 -12256.792630803675 245.50000000000003 39500.687500000007 366.76500000000004 15.114999999999982 8.8337004405286361 18.614537444933926 138.50000000000003 4.3559027777777795 15669.200741612358 4.7524999999999986 98.841250000000016 2.3253303964757719
decision_type=10 8 10 2 2 2 2 10 2 10 10 8 8 10 2 2 2 8 2 2 10 10 2 2 2 2 8 10 10 2
left_child=1 2 7 4 -4 29 -7 8 10 16 11 12 -1 -10 -6 -16 -9 -13 -2 20 -20 22 26 -24 25 -25 27 -3 -11 -5
right_child=18 21 3 5 14 6 -8 9 13 28 -12 17 -14 -15 15 -17 -18 -19 19 -21 -22 -23 23 24 -26 -27 -28 -29 -30 -31
leaf_value=0.0047554396959243635 1.1126836077658571 0.016971386527673906 0.010975121155898247 0.059812151117854602 -0.20466824090048866 -0.49600118584237729 -0.013714823057181615 0.034212437597547218 0.075954174523427662 0.044396758350293566 0.041689512911353151 0.032420913738255959 -0.32788414505237412 -0.090581112464676317 -1.2253070029623221 -0.027681884030328934 -0.069586603019435769 -0.026882486346333629 0.383330049567497 0.38911647447442888 -1.4111154049640908 -0.16373310803264507 -0.012828186638749597 0.072674186133979399 0.23452778221744502 -0.30642625734062906 0.14449132697481262 -0.30503386545617334 -0.32149229647325633 -0.010723254384966453
leaf_weight=5197 1023 232 153 534 68 93 193 8540 930 50 826 238 61 84 41 139 75 5208 40 754 52 79 3142 74 1420 64 2678 40 73 8345
leaf_count=5197 1023 232 153 534 68 93 193 8540 930 50 826 238 61 84 41 139 75 5208 40 754 52 79 3142 74 1420 64 2678 40 73 8345
internal_value=0.000247435 0.000166961 5.62094e-05 -0.000280339 -0.00223134 -0.000194741 -0.00244599 0.00020749 -1.10003e-05 0.000521112 -0.000132686 -0.000239888 0.000158585 0.00137143 -0.004 -0.00248619 0.000576254 -0.000624564 0.00190749 0.000977568 -0.00348387 0.000608926 0.000650895 0.000299936 0.00120847 -0.00284892 0.00120976 -0.00107692 -0.00331452 -0.000121959
internal_weight=40446 38577 30848 9566 401 9165 286 21282 12544 8738 11530 10704 5258 1014 248 180 8615 5446 1869 846 92 7729 7650 4700 1558 138 2950 272 123 8879
internal_count=40446 38577 30848 9566 401 9165 286 21282 12544 8738 11530 10704 5258 1014 248 180 8615 5446 1869 846 92 7729 7650 4700 1558 138 2950 272 123 8879
is_linear=0
shrinkage=0.03


Tree=238
num_leaves=31
num_cat=0
split_feature=13 14 5 23 32 28 40 38 41 32 14 13 33 11 34 14 41 41 15 34 5 7 41 8 27 0 14 0 13 5
split_gain=5.15673 2.48295 3.38598 2.284 2.20442 1.88558 2.06308 2.22055 2.4098 1.87975 1.76434 2.72769 3.18351 2.71044 4.78991 2.26095 1.77902 1.77094 1.76012 3.6618 1.65878 1.7253 3.13592 1.86914 2.16617 3.5948 1.94865 1.52243 1.51983 1.95296
threshold=240.94000000000003 506.41500000000002 42451.000000000007 5.5000000000000009 245.08500000000001 34184.625000000007 7.160000000000001 21.975000000000001 6407.244166763624 161.33500000000004 94.620000000000019 99.790000000000006 160.35500000000005 90.343750000000014 139.37500000000003 92.740000000000023 1795.3679040402133 9084.7816100745058 364.06333333333345 496.95000000000005 73551.500000000015 10.565972222222223 -5761.2691720864159 259.76250000000005 44017.041666666679 5.5000000000000009 84.785000000000011 20.500000000000004 172.65500000000003 37066.312500000007
decision_type=10 10 2 2 10 8 8 10 8 10 10 10 10 10 10 10 10 10 10 10 2 2 8 2 10 2 10 2 10 2
left_child=1 4 -3 -2 5 10 20 -8 -9 18 15 -12 13 -13 -15 16 -1 -18 -5 -20 21 -7 -23 24 -24 -26 -27 -22 -14 -30
right_child=3 2 -4 9 -6 6 7 8 -10 -11 11 12 28 14 -16 -17 17 -19 19 -21 27 22 23 -25 25 26 -28 -29 29 -31
leaf_value=0.0061253213404386239 0.72114456508043012 -0.89877722389261849 0.019052130857448134 0.0026557366226035105 0.24639519843215724 0.0050022782676909837 -0.013995497486113216 -0.20398365613876332 -0.13714092428667909 1.0278209951038364 0.11417257453677664 0.028110405907083812 0.12562549288927535 -0.61028065196006465 -0.046720598497925793 -0.36234033606515237 -0.10201731098141573 0.073572060300614084 -1.1777039925851216 0.51486964334035801 0.085410892165764488 0.043453670288823264 0.0022882649657305076 -0.2800683164961037 -0.39299720863237908 0.021901500034255908 -0.21429571879583481 -0.037340229653276345 -0.51177365019612597 -0.0058722481534206374
leaf_weight=983 1627 54 75 270 727 26921 1656 58 463 234 3322 67 1280 51 71 40 192 79 65 44 738 146 221 40 50 83 78 58 78 911
leaf_count=983 1627 54 75 270 727 26921 1656 58 463 234 3322 67 1280 51 71 40 192 79 65 44 738 146 221 40 50 83 78 58 78 911
internal_value=0.000274464 0.000192909 -0.00394615 0.00167336 0.000206948 0.000175273 7.29526e-05 -0.000816804 -0.00252299 0.000112378 0.000616537 0.000840685 8.29607e-05 -0.00364737 -0.00629268 -0.000384556 -0.000157769 -0.00230515 -0.00119211 -0.00439091 0.00014134 0.000102288 -0.00146365 -0.00265116 -0.00206466 -0.00423113 -0.00201852 0.00149059 0.000395154 -0.000487879
internal_weight=40682 38442 129 2240 38313 37586 30512 2177 521 613 7074 5780 2458 189 122 1294 1254 271 379 109 28335 27539 618 472 432 211 161 796 2269 989
internal_count=40682 38442 129 2240 38313 37586 30512 2177 521 613 7074 5780 2458 189 122 1294 1254 271 379 109 28335 27539 618 472 432 211 161 796 2269 989
is_linear=0
shrinkage=0.03


Tree=239
num_leaves=31
num_cat=0
split_feature=13 1 14 5 29 7 29 28 41 40 39 41 15 5 0 17 4 1 34 0 5 35 37 28 39 36 15 15 18 0
split_gain=5.78059 3.27213 2.4689 2.1641 2.05556 1.92361 2.04822 2.37534 1.63543 1.52887 2.51144 1.97973 6.35994 1.94612 1.57095 2.51359 2.03244 3.80863 3.23819 1.98236 2.20374 1.94413 1.87324 1.6215 1.79279 1.61725 1.76889 6.5934 2.40458 5.85982
threshold=195.09500000000003 3.5000000000000004 559.03500000000008 35812.625000000007 101.45375000000001 7.0503472222222241 179.34125000000003 36016.062500000007 15137.378188506284 11.089999999999987 -17.645 6258.0211717105458 72.598541666666677 40089.375000000007 13.500000000000002 1272.1377000000002 84.500000000000014 1.5000000000000002 125.62500000000001 22.500000000000004 47303.312500000007 -61.173749999999991 -45.688749999999999 40512.199687500011 -106.14249999999997 21.225000000000001 41.885000000000005 42.728750000000012 1.0000000180025095e-35 5.5000000000000009
decision_type=8 2 10 2 10 2 10 10 10 10 10 8 10 2 2 10 2 2 10 2 2 10 10 10 10 8 8 8 2 2
left_child=2 4 8 -3 -2 -5 -7 -8 9 14 -11 12 -12 -13 15 25 17 18 -17 20 22 -19 23 24 -16 26 -1 -28 -29 -30
right_child=1 3 -4 5 -6 6 7 -9 -10 10 11 13 -14 -15 19 16 -18 21 -20 -21 -22 -23 -24 -25 -26 -27 27 28 29 -31
leaf_value=0.029853885703819503 -0.36222465120461483 -0.25885549858382534 -0.89926766109565559 0.16965796044906423 0.57407302583398712 0.2981229417766611 -0.064601860748593712 -0.93433198398295569 0.12726131389467174 0.02363153098160236 -0.043954394602872093 -0.23514890273431677 -0.39806570391832857 -0.050980305743403294 0.012000144869255771 -0.27948386624341537 -0.014764399123412195 -0.12281885333801582 -0.49263842056366691 -0.037945245743954303 0.041189185061390098 -0.0074350208250318342 0.017760628577061441 0.013014390300595929 -0.093323320209136681 0.13540768583465751 -0.75122810592950173 0.0083675076965968702 0.029983297619512763 -0.1013691134793825
leaf_weight=2904 66 121 60 1190 1735 70 95 69 555 934 111 75 56 795 179 78 2709 41 42 1398 7273 310 4288 449 588 916 67 9789 1786 1774
leaf_count=2904 66 121 60 1190 1735 70 95 69 555 934 111 75 56 795 179 78 2709 41 42 1398 7273 310 4288 449 588 916 67 9789 1786 1774
internal_value=0.000236379 0.00143053 0.000128867 0.000417206 0.00229911 0.000745263 -0.00173617 -0.00356364 0.000138774 0.000114214 -0.000698276 -0.00171387 -0.00469643 -0.00113662 0.000160529 -7.93445e-06 -0.000782773 -0.00259958 -0.00719008 0.000403146 0.000520504 -0.0010142 6.7575e-05 -0.000971241 -0.00180859 0.000135058 6.61725e-05 -7.91532e-05 -3.16853e-05 -0.000699242
internal_weight=40523 3346 37177 1545 1801 1424 234 164 37117 36562 1971 1037 167 870 34591 20416 3180 471 120 14175 12777 351 5504 1216 767 17236 16320 13416 13349 3560
internal_count=40523 3346 37177 1545 1801 1424 234 164 37117 36562 1971 1037 167 870 34591 20416 3180 471 120 14175 12777 351 5504 1216 767 17236 16320 13416 13349 3560
is_linear=0
shrinkage=0.03


Tree=240
num_leaves=31
num_cat=0
split_feature=24 5 14 8 13 6 27 25 23 33 5 7 39 24 26 13 12 14 24 10 24 0 16 16 10 33 15 27 9 6
split_gain=5.7458 2.12616 3.35608 2.50286 2.9092 2.59367 2.32826 2.56455 2.34653 2.14914 1.88624 2.08737 1.96779 2.62041 2.42161 2.16479 1.98102 5.92382 2.45477 2.44348 2.17863 2.42613 1.95078 1.89957 1.84857 2.59787 1.98746 1.84221 1.83912 1.81617
threshold=446.81000000000006 46400.687500000007 347.71000000000004 502.15625000000006 34.735000000000007 18.527533039647583 41481.573385416676 311.9752083333334 1.5000000000000002 65.00500000000001 73551.500000000015 2.876736111111112 -26.078749999999996 38.105000000000011 46896.683750000004 35.105000000000011 84.866770833333348 74.815000000000012 42.556250000000006 49.865000000000002 58.595000000000006 5.5000000000000009 3612.0298693934278 843.66337300965699 124.36500000000002 156.31375000000003 146.06291666666667 39864.916666666672 -0.0099999999999999482 8.5134361233480202
decision_type=10 2 10 2 10 2 8 10 2 10 2 2 8 8 10 8 10 10 10 10 10 2 8 8 10 8 10 10 10 2
left_child=1 3 6 5 9 24 8 10 -3 27 11 -8 22 -14 15 -15 17 18 -16 -19 -21 -22 -13 -18 -1 26 -26 -5 -10 -17
right_child=-2 2 -4 4 -6 -7 7 -9 28 -11 -12 12 13 14 16 29 23 19 -20 20 21 -23 -24 -25 25 -27 -28 -29 -30 -31
leaf_value=0.00045636747950120724 2.5768645403305026 0.012987654448353109 0.31083972038906521 -0.089802166814713605 -0.20239932374365749 0.033687338586665096 0.12342983964876043 -1.3542662919973363 -0.017598224566946825 0.015891874507370844 0.041791504851185012 0.087320934549315415 0.1438707550267995 0.09582726794934282 -0.27059728416199158 0.0010873735995131631 -0.077981770795037944 -0.1288236653902719 0.039763841279388805 0.0080893806671919668 -0.28923529136392623 -0.10532085198810853 -0.0030004917027644392 -0.026283353305070725 -0.10913176655911559 -0.056984731011672417 -0.33771323213363769 -1.8721506655596407 0.13610508013714701 -0.078917539923953325
leaf_weight=7485 931 6911 1587 281 671 5088 513 48 311 894 940 1143 351 374 41 1615 78 68 241 53 44 217 3760 1075 246 1904 49 55 2663 826
leaf_count=7485 931 6911 1587 281 671 5088 513 48 311 894 940 1143 351 374 41 1615 78 68 241 53 44 217 3760 1075 246 1904 49 55 2663 826
internal_value=0.000250074 0.000195179 0.000383071 -6.24324e-05 -0.00108675 6.94511e-05 0.00028374 -8.69325e-06 0.000620575 -0.000219334 2.08996e-05 -9.54807e-05 -0.000192374 -0.000612159 -0.00080164 -0.000250355 -0.00165512 -0.0029594 0.000339223 -0.00538903 -0.00424762 -0.00537023 0.000234299 -0.00090208 -0.000218689 -0.000983182 -0.00359797 -0.00226113 0.00132504 -0.000576167
internal_weight=40463 39532 22859 16673 1901 14772 21272 11387 9885 1230 11339 10399 9886 4983 4632 2815 1817 664 282 382 314 261 4903 1153 9684 2199 295 336 2974 2441
internal_count=40463 39532 22859 16673 1901 14772 21272 11387 9885 1230 11339 10399 9886 4983 4632 2815 1817 664 282 382 314 261 4903 1153 9684 2199 295 336 2974 2441
is_linear=0
shrinkage=0.03


Tree=241
num_leaves=31
num_cat=0
split_feature=11 5 12 12 14 26 26 25 5 14 28 25 12 5 14 8 26 13 30 26 13 10 7 11 30 26 27 18 13 34
split_gain=5.73969 2.17436 2.10954 2.3666 3.26339 2.55548 3.31522 2.26216 2.20772 3.08409 2.51473 3.85995 3.53652 3.12131 3.89934 3.82141 3.0611 3.98061 3.69419 2.89819 2.87332 2.60671 2.4908 2.47918 2.42897 2.90247 2.43546 2.46775 2.25335 2.74814
threshold=353.44500000000005 36000.812500000007 40.963854166666671 37.47291666666667 117.00500000000001 37040.500000000007 45796.790000000008 42.728750000000012 36000.812500000007 88.120000000000019 39105.250000000007 102.62395833333335 86.420260416666693 51081.250000000007 121.48875000000002 415.70625000000007 31789.086250000004 68.333750000000009 100.605 33895.90875000001 40.170000000000009 99.115000000000023 9.9357638888888911 214.96500000000003 102.81500000000001 51561.396250000013 50818.916666666672 1.0000000180025095e-35 38.885000000000005 72.415000000000006
decision_type=10 2 10 8 10 8 10 8 2 10 10 10 10 2 10 2 10 10 10 10 10 10 2 8 10 10 10 2 10 10
left_child=2 -2 3 -1 5 -5 -7 -4 9 -9 11 -10 20 14 -13 22 23 -18 19 -19 -12 -20 -16 -17 26 -26 27 -22 -14 -30
right_child=1 -3 7 4 -6 6 -8 8 10 -11 12 13 28 -15 15 16 17 18 21 -21 24 -23 -24 -25 25 -27 -28 -29 29 -31
leaf_value=-0.0033965313507188575 -0.52869064166289292 0.56666156985392735 0.059694487547248355 -0.3379787269275214 0.15118564763399484 -0.026119001101816992 -0.26456169829180987 -0.31318526963926252 0.087270119057269627 -0.049010064657931986 -0.0012648727294857416 -0.65052374954355141 0.21097721536763347 0.15853582485062129 0.018068406143911506 0.038814953729845628 0.025650647363922002 -0.31008750481964686 -0.92707272359429438 0.24306229665466894 -0.029129946717215104 -0.46141757598945965 -0.4224111234437688 -0.3245279849258848 -0.14323752646633067 -0.23107559553835233 0.024725241712741233 -0.14092836270160347 -0.13155097945701727 0.018605333471505489
leaf_weight=6716 80 1772 2381 83 97 297 40 63 5205 1550 4589 40 787 1607 3716 457 125 42 47 69 1588 89 46 215 180 47 475 339 58 7744
leaf_count=6716 80 1772 2381 83 97 297 40 63 5205 1550 4589 40 787 1607 3716 457 125 42 47 69 1588 89 46 215 180 47 475 339 58 7744
internal_value=0.000217832 0.00184889 0.000139715 -0.000322228 -0.00227606 -0.00342043 -0.00224556 0.000245931 0.000173115 -0.000905204 0.000236474 0.000570718 -1.00581e-05 8.04154e-05 -0.000299567 -0.000220928 -0.00182584 -0.00400536 -0.00620564 -0.00211607 -0.000499515 -0.00950365 0.000224821 -0.000615156 -0.00129011 -0.00425 -0.00100874 -0.00148288 0.000401281 0.000246828
internal_weight=40544 1852 38692 7233 517 420 337 31459 29078 1613 27465 11658 15807 6453 4846 4806 1044 372 247 111 7218 136 3762 672 2629 227 2402 1927 8589 7802
internal_count=40544 1852 38692 7233 517 420 337 31459 29078 1613 27465 11658 15807 6453 4846 4806 1044 372 247 111 7218 136 3762 672 2629 227 2402 1927 8589 7802
is_linear=0
shrinkage=0.03


Tree=242
num_leaves=31
num_cat=0
split_feature=13 15 1 14 1 0 25 12 15 16 37 9 0 2 0 23 38 10 12 34 0 17 15 15 14 16 1 14 40 40
split_gain=5.84354 2.9744 2.56224 2.43442 2.16196 2.97903 3.93622 3.15022 3.82904 2.5162 2.36876 2.31553 2.49307 2.13438 2.01164 2.86499 1.73662 2.66943 2.96037 1.6674 1.65453 2.6878 1.7549 8.38416 2.60143 1.80251 2.4747 2.39456 2.94161 1.97722
threshold=195.09500000000003 163.04484375000001 4.5000000000000009 528.94500000000005 1.0000000180025095e-35 5.5000000000000009 311.9752083333334 16.892656250000005 19.811666666666671 14622.300843884836 -0.60125000000000373 3.5550000000000002 21.500000000000004 9.5000000000000018 17.500000000000004 6.5000000000000009 -32.894999999999996 85.105000000000004 89.961614583333358 70.375000000000014 14.500000000000002 1691.3514000000002 41.885000000000005 42.728750000000012 38.355000000000011 4874.5650524793682 1.5000000000000002 81.006250000000009 -66.089999999999989 5.4599999999999982
decision_type=10 10 2 8 2 2 10 10 10 10 10 10 2 2 2 2 8 10 10 10 2 10 8 8 10 8 2 10 10 10
left_child=3 -2 -3 4 5 6 16 8 -7 11 -10 19 -13 -5 15 -4 17 -1 -19 -9 21 22 -6 -24 -25 27 -27 28 -26 -29
right_child=1 2 14 13 20 7 -8 9 10 -11 -12 12 -14 -15 -16 -17 -18 18 -20 -21 -22 -23 23 24 25 26 -28 29 -30 -31
leaf_value=-0.010567775957250006 -0.50117962834026875 0.44990911683946672 -0.80311197462502792 0.010186032191622379 0.029606266721345843 -0.14189726616742207 -1.5038056064915062 0.0020351689249324422 -0.05620410502290521 -0.084032536710323957 0.1039680973282277 0.2344437419382743 -0.025733258283337515 -1.1620115529619988 0.97188314505920548 -0.021262057279467027 0.008744968385371598 -0.88125379527308312 -0.032954980402028392 -0.079545084084829437 0.013772055180993137 -0.03586593211259971 -0.84946820856562666 -0.056211719532909071 0.19096628460868814 0.051405332016731052 -0.017310582230987252 0.11219617814329158 -0.19221993676192139 -0.23076706006706907
leaf_weight=201 40 2372 43 40 2795 99 47 391 182 45 254 2704 395 42 239 673 1036 53 53 42 11926 3397 68 77 44 2070 9162 1827 60 114
leaf_count=201 40 2372 43 40 2795 99 47 391 182 45 254 2704 395 42 239 673 1036 53 53 42 11926 3397 68 77 44 2070 9162 1827 60 114
internal_value=0.000252717 0.00144923 0.00154778 0.000144162 0.000155657 0.000704343 -0.000496046 0.00111014 -0.00103545 0.00143125 0.00017849 0.00152165 0.00180871 -0.00498795 0.000235356 -0.000560669 -0.000194196 -0.00217208 -0.006 -0.000532258 5.99221e-05 -0.000109508 5.12395e-05 -9.11867e-05 -3.72893e-05 -5.19645e-06 -0.000154366 0.000813783 -0.0036 0.00105201
internal_weight=40491 3367 3327 37124 37042 5502 1390 4112 535 3577 436 3532 3099 82 955 716 1343 307 106 433 31540 19614 16217 13422 13354 13277 11232 2045 104 1941
internal_count=40491 3367 3327 37124 37042 5502 1390 4112 535 3577 436 3532 3099 82 955 716 1343 307 106 433 31540 19614 16217 13422 13354 13277 11232 2045 104 1941
is_linear=0
shrinkage=0.03


Tree=243
num_leaves=31
num_cat=0
split_feature=34 1 0 37 34 15 0 32 40 14 9 4 4 0 36 0 18 23 25 32 40 15 4 37 0 18 6 4 8 25
split_gain=5.34112 2.35105 3.40869 3.02743 2.95024 4.37258 2.72947 2.82496 2.91408 2.33576 2.56118 2.29466 2.14798 1.83673 1.92297 1.82799 2.47018 2.38411 5.56204 3.30266 2.61842 2.45091 3.02802 2.098 1.98998 2.1471 2.25931 1.93957 1.86218 1.84877
threshold=435.61000000000007 1.0000000180025095e-35 5.5000000000000009 0.5799999999999913 115.36500000000002 142.67291666666668 20.500000000000004 1.6012500000000003 -82.231249999999989 184.99500000000003 74.421250000000015 108.50000000000001 257.50000000000006 15.500000000000002 1.2200000000000097 2.5000000000000004 1.0000000180025095e-35 4.5000000000000009 396.69062500000013 80.50500000000001 0.92000000000000537 11.199583333333335 162.50000000000003 2.7999999999999989 5.5000000000000009 1.5000000000000002 6.650881057268724 261.50000000000006 29.106250000000003 64.113541666666677
decision_type=10 2 2 10 10 8 2 10 10 10 10 2 2 2 10 2 2 2 10 8 8 10 2 10 2 2 2 2 2 10
left_child=1 2 3 -1 5 6 7 8 -4 10 -7 -8 -13 15 -15 16 29 21 19 -19 27 22 28 24 -22 26 -26 -21 -17 -3
right_child=-2 13 4 -5 -6 9 11 -9 -10 -11 -12 12 -14 14 -16 17 -18 18 -20 20 23 -23 -24 -25 25 -27 -28 -29 -30 -31
leaf_value=0.0056919935624108655 2.1183351114036313 -0.042633243006308601 -0.12608981589954973 -0.24912364381367377 0.3644054048590209 -0.013489211821120358 -0.12137653584603762 0.18344215164810276 0.0036567780758777185 0.032533383598616128 -0.3723250674908325 0.10531759490852184 -0.24838732638459846 0.0088786659632612928 0.088213531777311519 -0.071359982732585397 0.088847016940422921 0.0036560158425443224 -1.5860216355239822 -0.0012705294417373221 -0.0068318759706947367 0.0038000046591009245 -0.32840310187812999 -0.15136014777139675 -0.3809434811625943 -0.22465529089330843 -0.38634588924504498 -0.14455876642647275 0.11102403956317554 0.043699048959812276
leaf_weight=1152 929 794 40 286 1572 40 94 1510 702 60 43 178 98 9168 2077 76 1519 2941 40 1382 115 12179 46 297 40 179 197 743 106 2016
leaf_count=1152 929 794 40 286 1572 40 94 1510 702 60 43 178 98 9168 2077 76 1519 2941 40 1382 115 12179 46 297 40 179 197 743 106 2016
internal_value=0.000233309 0.000180646 0.000740132 -0.000525365 0.00115975 0.000569414 0.000848647 0.00124101 -0.000274562 -0.00452083 -0.00775 -0.00153639 -0.000151624 8.53581e-05 0.000398809 -7.01335e-05 0.000484296 -0.000201014 -0.000695535 -0.000618829 -0.00132735 3.55417e-05 -0.0030393 -0.00275754 -0.00388534 -0.00484892 -0.00671849 -0.00076905 -0.00127869 -4.26893e-05
internal_weight=40619 39690 5775 1438 4337 2765 2622 2252 742 143 83 370 276 33915 11245 22670 4329 18341 5934 5894 2953 12407 228 828 531 416 237 2125 182 2810
internal_count=40619 39690 5775 1438 4337 2765 2622 2252 742 143 83 370 276 33915 11245 22670 4329 18341 5934 5894 2953 12407 228 828 531 416 237 2125 182 2810
is_linear=0
shrinkage=0.03


Tree=244
num_leaves=31
num_cat=0
split_feature=13 1 0 25 11 10 25 4 9 14 1 16 7 24 14 9 41 39 7 8 5 4 13 28 28 6 7 6 17 37
split_gain=5.89675 2.32166 3.46236 3.42931 3.17767 2.63061 2.50788 2.7294 2.54771 2.15795 2.12519 2.00512 1.98515 1.95596 2.22054 2.11083 1.64473 1.61799 2.0307 2.84298 2.27495 2.06331 2.73259 1.9038 2.37405 1.9892 1.97361 1.89716 1.66919 2.25863
threshold=240.94000000000003 1.0000000180025095e-35 5.5000000000000009 4.0881250000000007 116.10625 14.482500000000002 138.40421875000001 235.50000000000003 187.91500000000002 469.85000000000008 3.5000000000000004 15061.589159722398 6.5052083333333348 4.4375000000000009 50.052500000000002 -1.0000000180025095e-35 -2175.9177383237579 -103.09124999999999 3.5156250000000004 604.07500000000016 44903.125000000007 362.50000000000006 82.09875000000001 40123.750000000007 38870.7659375 25.129955947136569 5.3072916666666687 26.651541850220269 298.30722000000009 -66.95499999999997
decision_type=10 2 2 10 10 10 10 2 10 8 2 10 2 10 10 10 8 10 2 2 2 2 10 10 10 2 2 2 10 10
left_child=1 2 4 -4 -1 13 -6 -8 -9 17 -2 -7 -11 -5 -15 16 -16 -3 -19 21 23 27 -23 24 25 26 -21 28 -20 -30
right_child=10 9 3 5 6 11 7 8 -10 12 -12 -13 -14 14 15 -17 -18 18 19 20 -22 22 -24 -25 -26 -27 -28 -29 29 -31
leaf_value=0.006351722786668069 0.88022386274594977 0.02259286431083337 -0.17981744734417066 0.054876857596874752 -0.4159857861412628 0.16148195344825741 0.041664026516434131 -0.038620417690155957 -1.3819848440534486 -0.019948646400387449 0.11005897319839689 -0.11013002250104677 -0.82783254150588359 -0.098181570283977282 -0.094558364979817053 0.051445908597543312 -0.05445798345881106 0.034539376976574901 0.0052310283993473117 0.036879893396092538 -0.0079076119396974068 -0.0073448558486160706 -0.47886378845938971 0.046437523174696425 -0.99195963320444291 -0.43464949968972522 -0.58651915308522995 0.1556980588384235 -0.10826549578556849 -0.0070925558196938739
leaf_weight=1114 1220 2388 60 218 54 3498 145 67 41 136 1028 41 76 60 54 213 134 3612 20549 113 746 84 44 98 46 94 102 629 528 3449
leaf_count=1114 1220 2388 60 218 54 3498 145 67 41 136 1028 41 76 60 54 213 134 3612 20549 113 746 84 44 98 46 94 102 629 528 3449
internal_value=0.000265071 0.000177606 0.000736316 0.00116242 -0.000546413 0.00126428 -0.00324351 -0.00197244 -0.00555963 8.01959e-05 0.00175811 0.00159237 -0.00292958 -0.000445588 -0.00155195 -0.000738806 -0.00304762 9.99293e-05 4.02726e-05 -5.07494e-05 -0.0014775 1.69674e-05 -0.00376744 -0.00315198 -0.00417135 -0.00320323 -0.00159722 3.63731e-05 -5.38171e-06 -0.000567873
internal_weight=40641 38393 5699 4278 1421 4218 307 253 108 32694 2248 3539 212 679 461 401 188 32482 30094 26482 1199 25283 128 453 355 309 215 25155 24526 3977
internal_count=40641 38393 5699 4278 1421 4218 307 253 108 32694 2248 3539 212 679 461 401 188 32482 30094 26482 1199 25283 128 453 355 309 215 25155 24526 3977
is_linear=0
shrinkage=0.03


Tree=245
num_leaves=31
num_cat=0
split_feature=24 5 0 10 1 0 32 4 40 16 6 27 6 0 7 5 24 27 24 40 4 4 12 11 4 40 27 32 9 23
split_gain=5.03887 2.09317 2.08104 2.30866 1.81459 2.32802 2.53142 2.29025 2.28041 2.03987 1.84898 3.04714 2.30264 2.46267 2.67341 2.45437 3.12907 2.0877 2.16326 2.76808 3.17503 3.54464 3.36036 2.65995 2.93185 2.25543 1.8831 1.85821 1.85011 2.21172
threshold=427.28500000000003 73551.500000000015 16.500000000000004 63.745000000000012 1.0000000180025095e-35 5.5000000000000009 -2.9149999999999996 350.50000000000006 -46.837499999999991 13880.037710919758 10.031057268722469 43386.666666666679 18.083700440528641 8.5000000000000018 7.4392361111111134 41155.625000000007 168.78750000000005 37826.770833333343 58.595000000000006 -26.539999999999992 315.50000000000006 323.50000000000006 73.338541666666671 20.155000000000005 50.500000000000007 -10.51000000000001 38996.383437500008 37.715000000000011 205.75500000000002 6.5000000000000009
decision_type=10 2 2 10 2 2 10 2 8 10 2 8 2 2 2 2 10 10 10 10 2 2 10 10 2 10 10 10 10 2
left_child=1 2 4 -4 5 7 -7 -1 -6 -8 11 -10 17 14 -14 16 26 28 -19 -20 22 -22 27 -24 25 -25 -15 -21 -12 -30
right_child=-2 -3 3 -5 8 6 9 -9 10 -11 12 -13 13 15 -16 -17 -18 18 19 20 21 -23 23 24 -26 -27 -28 -29 29 -31
leaf_value=-0.0024136037422023702 1.894166319718785 0.060249171066143664 -0.0076065230174987633 0.051704789482850837 0.013967303417003918 -0.11596298154489681 0.10739774563309099 -1.0116901895318458 0.056206359590809975 -0.070792282147089214 0.0053948508341388037 -0.016382371152277472 0.099065509088838224 -0.15430253033678951 -0.47769333392662616 -0.0031571157966918204 -0.87514176023768409 -0.015077868241264456 0.022662420162639349 -0.1621349293432981 -0.55755260205707746 -0.24093056944727362 -0.35832809286067124 -0.11024616200436427 -0.022359438192927194 -0.1792293227454653 0.042560988166757366 -0.1673860703072938 -0.029321891196483769 -0.50312969212049319
leaf_weight=1381 1065 1111 2477 8608 4890 103 2228 54 3305 59 2770 3153 1764 396 56 2734 44 1361 452 63 44 104 82 45 942 49 213 305 477 217
leaf_count=1381 1065 1111 2477 8608 4890 103 2228 54 3305 59 2770 3153 1764 396 56 2734 44 1361 452 63 44 104 82 45 942 49 213 305 477 217
internal_value=0.000258329 0.000203378 0.000166193 0.000512809 2.53922e-05 0.000631208 0.00120452 -0.000323816 -7.33795e-05 0.00141215 -0.000225117 0.000184858 -0.000443601 3.28342e-05 0.00092257 -0.000445395 -0.00209633 -0.000802517 -0.00132512 -0.00193196 -0.00250642 -0.00668456 -0.00208608 -0.00126542 -0.00085053 -0.00587368 -0.00152951 -0.00456911 -0.000282251 -0.00166619
internal_weight=40552 39487 38376 11085 27291 3825 2390 1435 23466 2287 18576 6458 12118 5207 1820 3387 653 6911 3447 2086 1634 148 1486 1118 1036 94 609 368 3464 694
internal_count=40552 39487 38376 11085 27291 3825 2390 1435 23466 2287 18576 6458 12118 5207 1820 3387 653 6911 3447 2086 1634 148 1486 1118 1036 94 609 368 3464 694
is_linear=0
shrinkage=0.03


Tree=246
num_leaves=31
num_cat=0
split_feature=24 5 28 27 7 7 7 4 23 16 28 5 8 4 29 4 14 32 39 28 15 4 4 4 27 24 15 39 28 27
split_gain=5.02752 2.23776 3.97731 3.42024 4.19051 2.39575 2.38481 2.13849 4.43917 2.45117 2.02512 1.94038 2.15477 2.28675 3.45899 3.8706 2.72457 2.09882 3.00053 2.80477 1.9883 2.73147 3.23244 2.81352 1.90908 3.46445 3.68495 2.23201 1.73466 4.5133
threshold=446.81000000000006 60356.250000000007 47919.812500000007 48167.833333333336 5.1406250000000027 10.368055555555559 7.3697916666666687 84.500000000000014 1.5000000000000002 966.25027211834208 48118.647500000006 39056.250000000007 1.0000000180025095e-35 246.50000000000003 209.03375000000003 266.50000000000006 97.020000000000024 99.822500000000005 -65.428749999999994 42101.187500000007 62.638541666666676 203.50000000000003 178.50000000000003 190.50000000000003 37063.958333333343 87.975000000000009 89.029114583333339 -23.450000000000006 35669.500000000007 36234.520833333343
decision_type=10 2 8 8 2 2 2 2 2 8 10 2 2 2 10 2 10 10 10 10 10 2 2 2 10 10 10 10 10 10
left_child=1 7 5 4 -4 -3 -6 8 9 -1 -5 12 13 16 24 -16 17 19 -19 -9 -14 22 -22 -24 -15 -26 -27 -28 -11 -30
right_child=-2 2 3 10 6 -7 -8 11 -10 28 -12 -13 20 14 15 -17 -18 18 -20 -21 21 -23 23 -25 25 26 27 -29 29 -31
leaf_value=-0.27958127307581004 2.2547971178518353 0.092772249272484786 0.17721623353169813 -0.040494478973268938 -0.13901446060771058 -0.14571756746696193 -0.12217288862229422 0.0046633780669113438 0.013883117198699267 0.08502832443008454 0.0053632269382657893 0.013690576319707239 -0.0095925291328604421 0.029622091017694457 -0.56519916791097524 -0.95996242520360298 0.1034885802918452 -0.017116885842699252 -0.54956797782887867 -0.25116053474811395 -0.11605213501995552 -0.017469200610238433 -0.80070971684139025 -0.15488113567185088 -0.00268241506430474 -0.84176700817437677 -0.48523882890083214 0.084413626628659991 -0.52216142037040258 -0.047065902283051353
leaf_weight=48 906 4259 49 50 50 162 67 775 2335 276 2676 21582 1031 507 66 42 2039 93 43 41 273 340 52 57 471 56 94 63 51 1990
leaf_count=48 906 4259 49 50 50 162 67 775 2335 276 2676 21582 1031 507 66 42 2039 93 43 41 273 340 52 57 471 56 94 63 51 1990
internal_value=0.000225971 0.000175433 0.000649303 -0.000215693 -0.00438323 0.00121506 -0.00744915 6.82115e-05 -0.000523293 -0.00143914 3.96041e-05 0.000168863 -0.000306254 5.59311e-05 -0.000994615 -0.00611009 0.000512366 -0.000812172 -0.00424817 -0.000235006 -0.00119213 -0.00239834 -0.00413577 -0.00848182 -0.000526007 -0.00155912 -0.0047243 -0.00233544 -0.0012981 -0.0015999
internal_weight=40544 39638 7313 2892 166 4421 117 32325 4700 2365 2726 27625 6043 4290 1299 108 2991 952 136 816 1753 722 382 109 1191 684 213 157 2317 2041
internal_count=40544 39638 7313 2892 166 4421 117 32325 4700 2365 2726 27625 6043 4290 1299 108 2991 952 136 816 1753 722 382 109 1191 684 213 157 2317 2041
is_linear=0
shrinkage=0.03


Tree=247
num_leaves=31
num_cat=0
split_feature=14 1 6 2 7 37 32 14 10 32 25 1 30 11 30 15 33 24 13 6 40 25 16 7 11 26 28 28 27 27
split_gain=5.30985 3.70734 3.05593 3.03871 5.02943 3.53187 2.45413 2.09756 3.15008 1.79872 2.24411 2.08834 2.47178 2.23546 2.20467 3.33292 5.20997 3.71497 2.60001 2.5957 2.2852 3.16663 4.56207 2.03331 1.87526 1.84837 3.65182 4.36231 2.15119 5.19258
threshold=347.71000000000004 3.5000000000000004 6.8579295154185029 8.5000000000000018 5.196180555555558 0.64000000000000001 135.09500000000003 488.71500000000009 410.13500000000005 245.08500000000001 311.9752083333334 1.0000000180025095e-35 174.89500000000001 130.00500000000002 141.84000000000003 157.86203125000003 148.45000000000002 173.16625000000002 -0.10624999999999998 12.580616740088107 -17.815000000000001 67.311666666666682 1074.0829288052439 11.411458333333337 380.06500000000005 27849.500000000004 29624.250000000004 29950.000000000004 31804.515520833334 32541.900104166667
decision_type=10 2 2 2 2 10 10 8 10 10 10 2 8 10 8 8 8 8 10 2 10 10 10 2 10 8 8 8 8 8
left_child=9 -2 -3 6 -5 -6 7 8 -4 10 11 14 13 -13 15 18 17 19 20 -17 21 -1 -23 -15 -12 -14 -27 -28 -29 -30
right_child=1 2 3 4 5 -7 -8 -9 -10 -11 24 12 25 23 -16 16 -18 -19 -20 -21 -22 22 -24 -25 -26 26 27 28 29 -31
leaf_value=-0.013068014502047818 0.46561968927588671 0.54709748982165407 0.045175689352944394 0.038768651847342822 -1.4528487039474198 -0.22133208096523571 0.40120606279245691 1.6438438447291868 -0.98196042145068418 0.26134405985279902 -1.6305821292741589 0.0004882726567475346 -0.12547554389232177 0.069901860140493183 0.42941603252119032 -0.32084835999796152 0.022491229019243063 0.0058616548950383594 0.060042095487803378 -0.49293664987590474 0.013830887734891426 0.01526763365262219 -0.24111752839971656 -0.35369704198849855 0.060562676520564879 0.17242342333842015 -0.16024122323567797 0.13734275408984994 -0.49143386156103624 -0.062964436105694896
leaf_weight=388 2049 389 52 239 62 105 473 59 51 486 53 24274 293 3660 616 63 241 53 2752 44 894 84 87 70 49 453 52 218 72 2067
leaf_count=388 2049 389 52 239 62 105 473 59 51 486 53 24274 293 3660 616 63 241 53 2752 44 894 84 87 70 49 453 52 218 72 2067
internal_value=0.000240896 0.00136121 0.000188679 -0.000659309 -0.00268305 -0.00666071 0.000636793 -0.00253988 -0.00510577 0.000135434 0.000111254 0.00012377 3.07126e-05 0.000120407 0.00067892 0.000453223 -0.00215672 -0.0063354 0.000702568 -0.00952778 -0.000323934 -0.00182679 -0.00521512 0.000804074 -0.00431068 -0.000765209 -0.000532309 -0.000997095 -0.000805343 -0.00109486
internal_weight=40448 3479 1430 1041 406 167 635 162 103 36969 36483 36381 31159 28004 5222 4606 401 160 4205 107 1453 559 171 3730 102 3155 2862 2409 2357 2139
internal_count=40448 3479 1430 1041 406 167 635 162 103 36969 36483 36381 31159 28004 5222 4606 401 160 4205 107 1453 559 171 3730 102 3155 2862 2409 2357 2139
is_linear=0
shrinkage=0.03


Tree=248
num_leaves=31
num_cat=0
split_feature=29 32 6 8 6 28 5 25 16 28 7 41 16 25 37 11 26 9 12 7 28 27 5 37 6 4 14 9 10 9
split_gain=4.6003 1.90678 1.58025 2.02815 2.2365 2.11826 2.93315 2.62736 2.36746 2.34968 2.28712 1.61512 1.57024 2.17667 2.35726 2.11165 1.58711 1.86515 2.89942 3.4629 3.42982 2.84858 1.56873 2.23811 3.66694 1.82102 2.85563 3.08156 2.8333 1.89463
threshold=374.11000000000007 245.08500000000001 31.152202643171815 637.25625000000014 23.944052863436131 40362.000000000007 44903.125000000007 240.90395833333335 1432.154165533251 39166.062500000007 3.4843750000000009 15137.378188506284 2610.1158262879258 124.95796875000001 23.305000000000007 90.945000000000007 39442.638750000006 45.003750000000004 47.308697916666667 6.6059027777777795 36147.622187500012 35514.645833333343 35812.625000000007 4.4199999999999919 16.35550660792952 140.50000000000003 97.020000000000024 17.381250000000005 36.111250000000005 187.91500000000002
decision_type=10 10 2 2 2 10 2 10 8 10 2 10 10 10 8 10 8 10 10 2 10 10 2 10 2 2 10 10 10 10
left_child=1 2 3 4 11 6 7 10 9 -8 -5 12 22 14 16 -15 17 -14 19 20 -19 -22 23 25 -25 -1 27 -27 -29 -28
right_child=-2 -3 -4 5 -6 -7 8 -9 -10 -11 -12 -13 13 15 -16 -17 -18 18 -20 -21 21 -23 -24 24 -26 26 29 28 -30 -31
leaf_value=0.07193694107087116 1.2439789111791599 0.17706827838101291 0.12684219655756609 0.081848409761313967 0.099372350045486169 0.031059686705216659 -0.0211367388452121 -1.2285257089489197 0.01132938660565073 -0.12370248891245222 -0.39481271493902687 0.1027096729722053 -0.003005299032129519 -0.26711227280459227 -0.41834495288482842 -0.038536847171768238 0.0060891057061532574 -0.10783755268781653 -0.03650054500713442 -0.001779484965322161 -0.42448914245925362 -0.257204914827665 0.013398383123166194 -0.0021093325656345286 -0.99414909595018752 0.039204534873528291 0.012117613692785597 -0.25512839262266462 -0.16559139286182423 -0.48707889683103084
leaf_weight=224 1247 1032 432 91 2077 396 102 45 800 64 346 562 1602 78 79 264 5305 59 541 104 43 41 23333 72 46 97 1174 53 199 110
leaf_count=224 1247 1032 432 91 2077 396 102 45 800 64 346 562 1602 78 79 264 5305 59 541 104 43 41 23333 72 46 97 1174 53 199 110
internal_value=0.000242842 0.000185995 0.000151722 0.000131133 0.000180762 -0.000839024 -0.0013706 -0.0032795 -0.000415719 -0.00366467 -0.00255479 0.000122341 9.54975e-05 -0.000267586 -0.000164373 -0.00260641 -0.000111097 -0.000752823 -0.00194677 -0.00463306 -0.00764583 -0.0115059 0.000211941 -0.000599696 -0.00458824 -0.000343918 -0.000692166 -0.00309429 -0.00483794 -3.7354e-05
internal_weight=40618 39371 38339 37907 36063 1844 1448 482 966 166 437 33986 33424 8116 7774 342 7695 2390 788 247 143 84 25308 1975 118 1857 1633 349 252 1284
internal_count=40618 39371 38339 37907 36063 1844 1448 482 966 166 437 33986 33424 8116 7774 342 7695 2390 788 247 143 84 25308 1975 118 1857 1633 349 252 1284
is_linear=0
shrinkage=0.03


Tree=249
num_leaves=31
num_cat=0
split_feature=13 1 14 5 39 2 9 1 0 12 9 31 16 27 35 14 13 0 31 16 40 39 25 27 25 26 13 39 40 38
split_gain=5.00454 3.65256 2.5719 3.38749 2.00768 3.51786 2.09757 1.80987 2.70739 3.12063 3.02243 2.87612 2.30729 2.1834 3.98831 2.48062 2.12522 2.04554 2.39724 2.07825 1.96695 2.14981 1.59721 1.57791 2.08531 2.01993 5.22119 3.48972 1.84685 2.23337
threshold=208.00000000000003 3.5000000000000004 469.85000000000008 41436.812500000007 -8.1499999999999968 8.5000000000000018 410.13500000000005 1.0000000180025095e-35 5.5000000000000009 16.892656250000005 1.0000000180025095e-35 46.961250000000007 5087.6090197688936 41746.854166666672 1.1299999999999992 105.19375000000001 115.22000000000001 20.500000000000004 109.57250000000001 13234.436127372914 6.5625000000000009 -23.123749999999998 38.983541666666675 31804.515520833334 24.031145833333337 33093.500000000007 93.280000000000015 -4.1799999999999846 -4.6799999999999953 42.260000000000012
decision_type=10 2 8 2 10 2 10 2 2 10 10 10 10 10 10 10 10 2 10 10 10 10 10 10 8 8 10 10 10 10
left_child=2 -2 7 -4 5 -3 -7 8 13 11 22 -10 -13 -1 -15 -16 -17 19 -19 -12 23 -22 -11 24 -9 26 -25 28 29 -28
right_child=1 4 3 -5 -6 6 -8 20 9 10 17 12 -14 14 15 16 -18 18 -20 -21 21 -23 -24 25 -26 -27 27 -29 -30 -31
leaf_value=0.0049552740032773827 0.63737967634794057 0.022835842508312297 -0.91599668984092153 -0.10995618145162496 0.17261013703668834 -0.79395559356065992 -0.0090240232882469289 -0.040312378004056688 0.011141777343649184 0.08175999930143843 0.21596188052375806 -0.052204243159018261 -0.51070498004673381 0.013106293249961827 -0.2850874548123784 0.016208928857722665 -1.1284512235037092 -0.082685441800194173 0.24016057885382 -0.062207146532806276 0.021934505109933354 -0.069277367636968581 -0.056168004092623049 -0.0070003969048902711 0.082391406156262503 0.0045103152070585274 -0.074642071062477763 -0.00057292195231373297 -0.59345898935598307 -0.7646298732195459
leaf_weight=1044 1614 399 43 132 811 85 46 118 360 71 2648 145 46 177 58 67 49 313 295 51 1046 1947 255 1239 2650 24767 43 72 40 40
leaf_count=1044 1614 399 43 132 811 85 46 118 360 71 2648 145 46 177 58 67 49 313 295 51 1046 1947 255 1239 2650 24767 43 72 40 40
internal_value=0.000216931 0.00140562 0.000123764 -0.00349432 0.000248137 -0.00118644 -0.00543182 0.000140722 0.000639247 0.00102079 0.00133985 -0.00108152 -0.00404687 -0.000505014 -0.0025483 -0.00576 -0.00317949 0.00161155 3.9409e-05 0.00196556 5.36872e-05 -0.000678357 -0.00141284 0.000129341 0.000810401 5.73621e-05 -0.00103693 -0.00558673 -0.0086371 -0.00596429
internal_weight=40671 2955 37716 175 1341 530 131 37541 5579 4184 3633 551 191 1395 351 174 116 3307 608 2699 31962 2993 326 28969 2768 26201 1434 195 123 83
internal_count=40671 2955 37716 175 1341 530 131 37541 5579 4184 3633 551 191 1395 351 174 116 3307 608 2699 31962 2993 326 28969 2768 26201 1434 195 123 83
is_linear=0
shrinkage=0.03


Tree=250
num_leaves=31
num_cat=0
split_feature=33 23 0 25 2 31 38 23 6 15 14 28 14 4 38 28 13 7 38 0 5 13 14 25 27 12 32 15 2 41
split_gain=4.95156 3.06186 2.69359 2.56143 2.93436 2.55531 2.2278 4.29184 2.38968 2.21928 6.01047 2.13238 3.55676 4.25573 3.8565 2.97905 2.07701 2.05094 2.00296 2.46889 1.9721 2.67181 2.63001 3.39453 3.15738 3.71565 4.66698 2.60024 2.28349 1.9724
threshold=266.24500000000006 4.5000000000000009 16.500000000000004 343.15729166666671 8.5000000000000018 292.72500000000008 8.1974999999999927 1.5000000000000002 4.4074889867841422 155.70000000000002 156.78250000000003 34184.625000000007 213.74250000000004 293.50000000000006 52.573750000000011 34449.562500000007 82.09875000000001 7.3072916666666687 81.58750000000002 8.5000000000000018 40600.562500000007 177.25000000000003 97.020000000000024 33.475000000000009 35982.584791666675 33.475000000000009 58.905000000000008 32.143125000000005 6.5000000000000009 -9413.688331875328
decision_type=10 2 2 10 2 10 8 2 2 10 10 10 10 2 10 10 10 2 10 2 2 10 10 10 10 10 10 10 2 10
left_child=6 -2 3 -3 -5 -6 20 8 -8 -9 -11 16 15 14 -14 -13 -10 -17 -12 -20 21 22 23 -1 25 -25 -27 -26 -28 -24
right_child=1 2 -4 4 5 -7 7 9 11 10 18 12 13 -15 -16 17 -18 -19 19 -21 -22 -23 29 24 27 26 28 -29 -30 -31
leaf_value=0.0002029444942153774 0.3672820461600686 -0.013393099226275886 0.49282511550537694 -0.054361659774761609 -0.32954248206058023 -1.0556764577943092 0.040211288748708586 0.030788172080030145 0.22826055086967356 -0.34924375179936468 0.1015169785377926 -0.37179649920143043 -0.18098915574639082 0.014151325397003435 -0.48572348614008248 -0.058977922528046671 -0.026128956531027845 0.0096776205648731947 -0.7834188186384321 -0.011857312066070868 0.013931149672795162 -0.23326186449416919 -0.0038239707870623054 -0.017088608103140068 -0.18934676928635902 -0.67175540412770529 -0.020348288062517528 -0.010602914238967486 -0.32618785456926364 0.089929860863479955
leaf_weight=1263 2953 518 395 106 56 53 668 3401 293 47 348 58 252 172 114 2130 554 1005 65 139 20421 50 3094 162 73 45 56 543 71 1392
leaf_count=1263 2953 518 395 106 56 53 668 3401 293 47 348 58 252 172 114 2130 554 1005 65 139 20421 50 3094 162 73 45 56 543 71 1392
internal_value=0.000200529 0.00119133 -0.000138175 -0.0012139 -0.00395833 -0.00739091 8.94638e-05 -0.00031275 -0.000877072 0.000427393 -0.001255 -0.00112164 -0.00143006 -0.0036846 -0.00550954 -0.00104915 0.000237028 -0.00092315 -0.000368897 -0.00272195 0.000226344 -0.000218222 -0.000166119 -0.00101219 -0.00236593 -0.00471045 -0.00776879 -0.00108914 -0.00475781 0.000251393
internal_weight=40497 4081 1128 733 215 109 36416 9246 5246 4000 599 4578 3731 538 366 3193 847 3135 552 204 27170 6749 6699 2213 950 334 172 616 127 4486
internal_count=40497 4081 1128 733 215 109 36416 9246 5246 4000 599 4578 3731 538 366 3193 847 3135 552 204 27170 6749 6699 2213 950 334 172 616 127 4486
is_linear=0
shrinkage=0.03


Tree=251
num_leaves=31
num_cat=0
split_feature=9 1 0 1 0 10 25 25 5 32 39 8 25 28 4 2 17 40 8 41 5 4 41 25 25 29 24 4 10 24
split_gain=4.84138 2.03843 1.86144 2.0935 2.59746 3.2904 2.64861 2.51317 2.21851 2.08502 2.98296 1.96712 3.34659 2.54364 2.94481 1.7584 1.7423 1.80048 2.03188 1.72065 1.67005 1.62289 1.62193 1.88021 1.67757 1.87797 2.42051 1.61046 1.75665 4.07809
threshold=353.44500000000005 3.5000000000000004 22.500000000000004 1.0000000180025095e-35 5.5000000000000009 12.585000000000003 11.199583333333335 98.210000000000022 48902.250000000007 65.003750000000011 -2.2900000000000023 465.38750000000005 216.12250000000003 29158.125000000004 102.50000000000001 6.5000000000000009 911.58109000000013 -73.857499999999987 0.90000000000000002 8437.1933288623495 37254.187500000007 174.50000000000003 1374.3138850538783 99.46583333333335 49.406666666666673 85.00500000000001 0.065000000000000016 188.50000000000003 121.10250000000001 139.67500000000004
decision_type=10 2 2 2 2 10 10 10 2 10 8 2 10 10 2 2 10 8 2 8 2 2 10 10 10 10 10 2 10 10
left_child=2 -2 3 4 -1 7 -7 -6 -9 10 -4 16 22 15 -15 -14 17 -5 -19 21 -20 -8 24 -24 -13 26 -26 28 29 -18
right_child=1 -3 9 11 5 6 19 8 -10 -11 -12 12 13 14 -16 -17 27 18 20 -21 -22 -23 23 -25 25 -27 -28 -29 -30 -31
leaf_value=-0.014528316944117903 1.7697137348656284 0.11254831474530198 -0.09444040550159645 0.040095817571633094 -0.0016080773714333171 -0.046168828210461851 -0.055095208762862467 -0.17524868110939407 -0.0013821787292934778 -0.011255771424732119 -0.11276349978281509 0.02445184304337324 0.22627263304301626 -0.35579393342455967 -0.47410171237752236 -0.31442855583879886 -0.038975077170425365 -0.00088438465945249987 -0.061230259688488615 0.21778338459961677 0.036942204561034711 0.11802611824718008 -0.24527727756846304 0.012636039156165726 0.036282879258108178 0.021895363272062422 -0.09604226373461465 0.010206472633549733 0.051538611971285064 -0.25157207840791584
leaf_weight=1450 1069 789 309 1641 552 50 315 45 42 1250 49 1342 77 57 68 101 2053 12525 351 2544 8329 521 47 50 228 900 1474 2028 308 42
leaf_count=1450 1069 789 309 1641 552 50 315 45 42 1250 49 1342 77 57 68 101 2053 12525 351 2544 8329 521 47 50 228 900 1474 2028 308 42
internal_value=0.00022799 0.00172351 0.000156236 0.00019951 0.000738587 0.00112703 0.00149519 -0.000848437 -0.00555682 -0.000842759 -0.00285794 0.000105401 -0.000487457 -0.00352303 -0.00678571 -0.0012067 0.000199831 0.000305423 0.000231303 0.00159716 0.000584034 0.000415771 -0.00025903 -0.00407143 -0.000164258 -0.000608528 -0.00119436 -0.00034454 -0.0008698 -0.00118082
internal_weight=40606 1858 38748 37140 5519 4069 3430 639 87 1608 358 31621 4344 303 125 178 27277 22846 21205 3380 8680 836 4041 97 3944 2602 1702 4431 2403 2095
internal_count=40606 1858 38748 37140 5519 4069 3430 639 87 1608 358 31621 4344 303 125 178 27277 22846 21205 3380 8680 836 4041 97 3944 2602 1702 4431 2403 2095
is_linear=0
shrinkage=0.03


Tree=252
num_leaves=31
num_cat=0
split_feature=9 12 1 0 9 26 16 38 38 8 39 26 41 6 26 28 38 40 5 27 40 41 41 41 36 7 8 5 11 26
split_gain=4.88769 1.78751 2.23403 3.54878 2.55964 2.81777 4.69061 1.97928 1.9309 2.03603 1.73678 1.81057 1.84809 1.69603 2.17793 1.95229 1.91943 1.70487 2.2325 2.84276 1.75068 1.69443 1.63508 2.1095 1.77627 1.87439 1.61272 2.0404 2.58811 2.01641
threshold=396.59500000000008 20.943177083333335 1.0000000180025095e-35 5.5000000000000009 -0.068749999999999992 50032.508750000008 16058.12586247374 -32.894999999999996 -2.2400000000000051 469.63750000000005 -70.938749999999985 37040.500000000007 927.20273425206335 5.4068281938325997 44490.500000000007 51356.724062500005 0.65875000000000494 3.5549999999999788 80825.000000000015 49143.911093750008 -87.028749999999988 -4498.5120187508319 -6711.8876563815638 -1.0000000180025095e-35 -0.17125000000000765 9.6093750000000018 701.58125000000007 48602.062500000007 214.96500000000003 31622.343750000004
decision_type=8 10 2 2 10 10 8 10 10 2 10 10 10 2 8 10 10 10 2 10 10 10 8 8 10 2 2 2 10 10
left_child=1 10 3 7 -5 -6 -7 -3 9 21 -1 12 -12 14 -10 22 -17 20 19 -19 -16 -4 -15 24 25 -24 -25 28 29 -28
right_child=-2 2 8 4 5 6 -8 -9 13 -11 11 -13 -14 15 17 16 -18 18 -20 -21 -22 -23 23 26 -26 -27 27 -29 -30 -31
leaf_value=-0.0014947752424407303 1.0589876872603992 -0.28327385896882173 0.019558095367110912 -0.052416073185753302 0.18194201499918136 0.017826336614032611 -0.059389179395014716 0.004016204887000184 0.093470800362988493 -0.021628362613895103 0.0052347256537816503 -0.18945971007637588 -0.12095052594566907 0.021600468696454374 -0.16261562036250993 0.091911272661169996 -0.1116793058767749 -0.060739715947306643 0.066950389789631456 -0.21177727601573859 0.022999400502354491 0.12110827710814798 -0.01307062629213423 0.0010837621053837033 -0.12162278719375047 -0.17457132798357244 0.0083695224688636969 0.011481534912693939 -1.1910500867260243 -0.47903144942223586
leaf_weight=2192 1388 227 5778 146 3202 174 56 936 1522 1291 331 321 109 1688 46 65 173 161 81 73 1721 2727 1593 13845 459 77 83 150 40 42
leaf_count=2192 1388 227 5778 146 3202 174 56 936 1522 1291 331 321 109 1688 46 65 173 161 81 73 1721 2727 1593 13845 459 77 83 150 40 42
internal_value=0.000276942 0.000215136 0.000272795 0.000880009 0.00134786 0.00151355 -0.00168831 -0.000559278 0.000181712 0.000531591 -0.000494583 -0.00172835 -0.00047619 2.46106e-05 0.00061914 -9.305e-05 -0.00278661 -1.15217e-05 -0.00204114 -0.0035234 0.000351244 0.000700094 -5.72365e-05 -0.000149355 -0.00102958 -0.000574506 -1.69478e-05 -0.00213608 -0.00442771 -0.0022619
internal_weight=40697 39309 36356 4741 3578 3432 230 1163 31615 9796 2953 761 440 21819 3604 18215 238 2082 315 234 1767 8505 17977 16289 2129 1670 14160 315 165 125
internal_count=40697 39309 36356 4741 3578 3432 230 1163 31615 9796 2953 761 440 21819 3604 18215 238 2082 315 234 1767 8505 17977 16289 2129 1670 14160 315 165 125
is_linear=0
shrinkage=0.03


Tree=253
num_leaves=31
num_cat=0
split_feature=24 39 29 5 28 41 10 13 16 38 5 4 13 1 15 0 0 6 15 37 14 39 14 31 10 4 0 31 14 12
split_gain=4.67134 1.80251 2.97384 2.01721 4.42181 2.70165 2.56838 2.84875 2.28389 2.20835 2.30627 2.1274 2.79144 3.89386 2.12477 2.08865 2.09433 2.04059 1.85894 3.52209 3.87364 1.77378 1.80513 1.91278 2.65175 1.73942 1.73476 2.0863 1.86718 1.89623
threshold=427.28500000000003 15.114999999999982 146.18125000000003 49202.937500000007 39659.918125000004 8064.4755948651846 410.13500000000005 119.48000000000002 6268.9166217460543 -2.2400000000000051 36000.812500000007 319.50000000000006 45.895000000000003 5.5000000000000009 88.211041666666674 8.5000000000000018 11.500000000000002 7.055726872246697 103.83645833333334 0.18124999999999861 168.10000000000002 -15.369999999999996 127.04875000000003 61.095000000000006 32.385000000000012 356.50000000000006 4.5000000000000009 123.46375000000002 67.205000000000013 80.365208333333342
decision_type=10 8 10 2 10 8 10 10 8 10 2 2 10 2 10 2 2 2 10 10 10 10 8 10 10 2 2 10 10 10
left_child=1 3 -3 9 5 21 7 8 14 10 -1 15 -13 -14 -6 -11 -17 -9 19 -16 -21 22 23 24 -5 -7 27 -10 -28 -30
right_child=-2 2 -4 4 6 25 -8 17 26 11 -12 12 13 -15 18 16 -18 -19 -20 20 -22 -23 -24 -25 -26 -27 28 -29 29 -31
leaf_value=-0.027238440357163499 1.8639888602493049 -0.21741669716853257 0.051812505885751425 -0.079947030019482501 0.05324891607469618 0.13187720379008919 -0.73893109587950079 0.152724753733264 -0.025852304559692146 0.012313362922944207 0.035619643824444838 0.031896717432455528 -0.15497869668118458 -0.61014115331408403 -0.010717711960828243 -0.099816175573345642 -0.0093822345989635347 -0.019037127906460703 0.0061517800853567754 -0.080582232439575768 -0.49192150521019429 -0.32809862142799101 0.13846397505645888 0.067613593729133253 -0.20989899170060541 -0.027052767801718062 0.037339462516708631 -0.52173952879172114 -0.034574635150454495 0.0095301776849105405
leaf_weight=1814 1078 75 92 160 2066 4306 59 1693 1113 4466 7176 104 121 45 259 1340 6463 806 1036 79 43 43 194 85 40 203 761 52 2503 2243
leaf_count=1814 1078 75 92 160 2066 4306 59 1693 1113 4466 7176 104 121 45 259 1340 6463 806 1036 79 43 43 194 85 40 203 761 52 2503 2243
internal_value=0.000243441 0.000190158 -0.00291071 0.000203417 0.000440237 0.00119297 0.000142284 0.000171632 -5.16935e-05 8.2212e-06 0.000367034 -0.000249043 -0.00287823 -0.00528144 0.000570896 -0.000190953 -0.000487058 0.0010788 -0.000323695 -0.00211257 -0.00629268 -0.000848948 -0.00031875 -0.00183566 -0.00343284 0.00142949 -0.000376742 -0.00142796 -0.000154139 -0.000375395
internal_weight=40518 39440 167 39273 17744 5031 12713 12654 10155 21529 8990 12539 270 166 3483 12269 7803 2499 1417 381 122 522 479 285 200 4509 6672 1165 5507 4746
internal_count=40518 39440 167 39273 17744 5031 12713 12654 10155 21529 8990 12539 270 166 3483 12269 7803 2499 1417 381 122 522 479 285 200 4509 6672 1165 5507 4746
is_linear=0
shrinkage=0.03


Tree=254
num_leaves=31
num_cat=0
split_feature=9 5 28 29 13 16 12 41 14 13 14 15 17 2 10 27 1 27 28 2 40 15 28 14 14 14 12 6 9 26
split_gain=5.1224 1.972 3.85254 2.40411 2.56366 1.99456 2.89453 3.07294 2.98102 2.01874 2.00382 1.89828 1.88502 1.88138 2.58724 1.81748 1.80253 1.80135 1.73541 2.30946 1.66701 2.06744 1.95873 1.72404 2.97421 2.86237 2.63486 2.81752 1.93545 1.77995
threshold=353.44500000000005 50578.187500000007 43564.437500000007 48.453750000000007 39.900000000000013 6669.4267913280246 63.314895833333338 -6623.4460519441482 117.00500000000001 12.545000000000002 106.77000000000001 93.289166666666674 15485.284710000004 11.500000000000002 108.63000000000001 44581.625000000007 3.5000000000000004 44153.667135416668 44650.511250000003 6.5000000000000009 -25.97999999999999 37.054635416666677 45039.429687500007 72.915000000000006 107.05000000000001 96.010000000000005 79.280572916666685 7.9420704845814987 69.427500000000023 50032.508750000008
decision_type=10 2 8 10 8 10 10 10 10 10 10 8 8 2 10 8 2 10 10 2 10 10 10 10 10 10 10 2 10 10
left_child=1 -1 -3 4 11 17 7 -7 9 -9 -8 -4 -13 -12 -15 -6 -2 18 -5 -20 -19 -22 -23 -24 25 28 27 29 -25 -27
right_child=16 2 3 5 15 6 10 8 -10 -11 13 12 -14 14 -16 -17 -18 20 19 -21 21 22 23 24 -26 26 -28 -29 -30 -31
leaf_value=-0.0012406447048486998 1.6301242396799631 0.049549101464605311 0.03294006039402058 -0.0039273794158503914 -0.1694149105174112 0.0099573782104157779 0.17039512826996114 -0.0118107419302966 -0.35658508916428078 -0.18633462871226167 -0.0027759221850932798 0.0010947754973284927 -0.051141521200200581 -0.021462531749413868 -0.40349048427050804 -0.09923729845528069 0.13592002503151554 0.11259347547713452 -0.069846969618603941 -0.60239505471097377 0.15130980359837701 0.10160637320567834 0.05838526615224883 -0.046344190120087149 0.0012065218884787364 -0.0095875935190681862 -0.026294860150253514 -0.2663779478712216 0.11985033188869978 -0.17069037048603297
leaf_weight=23056 1053 7770 412 514 52 111 209 158 64 50 773 58 69 119 44 229 786 1162 145 57 345 436 187 159 2026 66 93 42 129 43
leaf_count=23056 1053 7770 412 514 52 111 209 158 64 50 773 58 69 119 44 229 786 1162 145 57 345 436 187 159 2026 66 93 42 129 43
internal_value=0.000212801 0.000139039 0.000400438 -7.27459e-05 -0.0016078 0.000109044 -0.000847613 -0.00310156 -0.00481319 -0.00304306 -9.16229e-05 -0.000394444 -0.00358594 -0.000685165 -0.00360366 -0.00392553 0.00175924 0.000379649 -0.00102092 -0.00336946 0.00059373 0.000268784 2.9227e-05 -0.000267662 -0.000471278 -0.00246529 -0.00484898 -0.00728289 -0.000435986 -0.00466364
internal_weight=40417 38578 15522 7752 820 6932 1528 383 272 208 1145 539 127 936 163 281 1839 5404 716 202 4688 3526 3181 2745 2558 532 244 151 288 109
internal_count=40417 38578 15522 7752 820 6932 1528 383 272 208 1145 539 127 936 163 281 1839 5404 716 202 4688 3526 3181 2745 2558 532 244 151 288 109
is_linear=0
shrinkage=0.03


Tree=255
num_leaves=31
num_cat=0
split_feature=24 7 34 1 15 4 39 5 27 15 32 38 4 31 39 14 32 16 4 12 32 39 24 6 27 33 32 5 31 15
split_gain=4.80515 2.46664 2.14161 2.22207 2.072 2.75357 1.9726 1.96184 3.12887 4.13582 3.10434 2.75054 2.66815 6.2603 3.23741 2.66979 3.45864 3.13332 2.82222 3.99771 2.7948 2.08923 2.30406 1.90684 3.50505 2.74201 2.27507 2.04438 2.09158 1.90283
threshold=446.81000000000006 4.414930555555558 236.50000000000003 1.0000000180025095e-35 246.2154166666667 279.50000000000006 15.114999999999982 50154.875000000007 41481.573385416676 331.09791666666672 245.08500000000001 -1.7187499999999856 272.50000000000006 292.72500000000008 -51.239999999999995 122.22250000000001 4.5525000000000011 942.22177010241978 287.50000000000006 146.7260416666667 158.51375000000004 -23.123749999999998 40.001250000000006 7.055726872246697 48400.291666666672 206.21500000000003 211.33000000000001 68456.250000000015 141.00875000000002 63.951354166666682
decision_type=10 2 10 2 10 2 10 2 8 8 10 10 2 10 10 10 10 10 2 10 10 10 8 2 10 10 10 2 10 10
left_child=1 2 3 -1 -5 -6 7 11 -9 10 21 -3 -13 14 -14 16 -16 -18 19 -17 -20 -10 -23 24 -24 27 -27 28 29 -25
right_child=-2 6 -4 4 5 -7 -8 8 9 -11 -12 12 13 -15 15 18 17 -19 20 -21 -22 22 23 25 -26 26 -28 -29 -30 -31
leaf_value=0.10367666289940099 2.0494034587872214 0.015155591895971668 0.24738534366379675 0.010742438584148336 -0.28674263789783072 0.017709075443129552 -0.20713706324143211 0.065162400176774132 0.017659732473421768 -0.33959525471402674 0.52160449435283984 -0.008265494524878101 0.0065393550074220918 -1.3498453564955839 0.00098699684216387485 -0.7261136817044257 -0.52452350248195656 -0.21180309375573761 -0.0067156213540779013 -0.20628278180578891 -0.35340681811825253 0.092390586653047529 0.034821728044409403 -0.032120818146851915 -0.064946882408158893 -0.29986194381226622 -0.23808826400346131 0.049177064717710869 0.018525121716134824 -0.13899341523610376
leaf_weight=1404 922 6208 1113 8404 41 55 88 4060 3860 232 356 8087 651 43 59 70 51 52 636 104 64 275 1397 435 887 40 76 186 201 436
leaf_count=1404 922 6208 1113 8404 41 55 88 4060 3860 232 356 8087 651 43 59 70 51 52 636 104 64 275 1397 435 887 40 76 186 201 436
internal_value=0.00020692 0.000157005 0.000538301 0.000397981 0.000215269 -0.00414433 9.87579e-06 2.38172e-05 0.000306462 -2.46957e-05 8.79756e-05 -0.00019562 -0.000508148 -0.00157712 -0.00128495 -0.00232594 -0.00585276 -0.00914423 -0.00166629 -0.00507429 -0.000813124 -3.73363e-05 -0.000523894 -0.000723148 -0.000191685 -0.00160582 -0.006 -0.00119619 -0.00169991 -0.00233601
internal_weight=40493 39571 11017 9904 8500 96 28554 28466 12441 8381 8149 16025 9817 1730 1687 1036 162 103 874 174 700 7793 3933 3658 2284 1374 116 1258 1072 871
internal_count=40493 39571 11017 9904 8500 96 28554 28466 12441 8381 8149 16025 9817 1730 1687 1036 162 103 874 174 700 7793 3933 3658 2284 1374 116 1258 1072 871
is_linear=0
shrinkage=0.03


Tree=256
num_leaves=31
num_cat=0
split_feature=34 6 41 28 39 5 7 39 4 41 5 13 17 41 4 39 5 32 12 27 27 6 2 34 13 13 25 38 12 23
split_gain=5.22198 2.4211 1.98045 1.90375 2.73032 2.90009 1.82011 2.83466 2.37489 2.85118 1.98374 1.97568 1.96343 1.88077 2.12073 2.79376 2.65542 3.07936 2.69564 3.97043 2.46577 2.60469 3.35352 2.43613 2.74993 2.61235 7.25586 2.31846 2.21123 4.33182
threshold=435.61000000000007 5.122026431718063 14594.767780363725 46411.984843750011 7.454999999999985 75364.500000000015 4.9079861111111134 3.100000000000009 122.50000000000001 -14010.751740187437 36405.937500000007 71.550000000000026 944.69780500000013 -6623.4460519441482 259.50000000000006 -29.457499999999985 33703.062500000007 88.333750000000023 59.353541666666672 50330.5309375 50663.953333333346 13.551321585903084 10.500000000000002 97.095000000000013 168.13000000000002 33.412500000000001 92.089010416666682 89.135000000000019 87.752083333333346 6.5000000000000009
decision_type=10 2 10 8 8 2 2 10 2 8 2 10 10 8 2 10 2 10 10 10 10 2 2 10 10 10 10 10 10 2
left_child=1 3 6 -1 -5 -6 8 13 9 -3 -10 -11 -12 -8 16 23 17 -15 19 -18 21 27 -23 25 -25 -16 -27 28 29 -17
right_child=-2 2 -4 4 5 -7 7 -9 10 11 12 -13 -14 14 15 20 18 -19 -20 -21 -22 22 -24 24 -26 26 -28 -29 -30 -31
leaf_value=0.096610710731031502 1.8417016383465443 -1.9283391004283492 0.29966695832812651 0.011071254810214488 -0.17596744742964129 -0.0063011744526201216 0.016540984508836887 -0.22690543776475416 -0.027636811471647024 -0.031663137958568649 0.086478566270984644 0.044920405109666495 0.00039376115561376445 0.05661839284718756 -0.010646576186680615 0.042187877017167065 -0.016607861010594797 -0.49051976769889649 0.023017474353095022 -0.15117965658022067 -0.22170757813755146 -0.23084841501775163 -0.40892234683477935 0.024328315776457821 -0.49623738821118374 -0.81758283629343842 0.13871020633410427 -0.1769194157014099 0.040850922981195449 -0.46175752438883422
leaf_weight=2169 931 51 263 2445 41 56 2741 93 1483 1644 6338 955 2742 125 886 111 4751 154 8136 46 47 590 61 2194 40 75 89 273 912 58
leaf_count=2169 931 51 263 2445 41 56 2741 93 1483 1644 6338 955 2742 125 886 111 4751 154 8136 46 47 590 61 2194 40 75 89 273 912 58
internal_value=0.000197773 0.000145489 5.92101e-05 0.000783744 0.000226504 -0.00468367 3.94555e-05 -0.0001316 0.000316256 -0.000486609 0.000517702 -0.000347308 0.000683845 -0.000108642 -0.000217047 -0.000721754 -1.31687e-05 -0.00290357 4.94048e-05 -0.000514589 -0.00158987 -0.00142822 -0.0029862 -0.000178995 0.000381208 -0.00137012 -0.00483636 -0.000677491 -5.26801e-05 -0.00319412
internal_weight=40500 39569 34858 4711 2542 97 34595 21382 13213 2650 10563 2599 9080 21289 18548 5336 13212 279 12933 4797 2052 2005 651 3284 2234 1050 164 1354 1081 169
internal_count=40500 39569 34858 4711 2542 97 34595 21382 13213 2650 10563 2599 9080 21289 18548 5336 13212 279 12933 4797 2052 2005 651 3284 2234 1050 164 1354 1081 169
is_linear=0
shrinkage=0.03


Tree=257
num_leaves=31
num_cat=0
split_feature=24 7 32 33 28 25 25 27 5 13 2 27 14 12 17 8 16 6 39 25 34 27 14 28 13 14 13 24 14 25
split_gain=5.54596 2.05832 2.54272 2.28273 2.25721 2.56518 5.83543 2.39389 2.15949 3.83973 6.39339 2.4027 2.37992 3.44514 3.28606 2.96641 2.72586 2.19322 3.84856 2.10389 2.01741 2.83105 1.99191 1.92158 1.87512 2.27898 4.13412 4.07877 3.64311 4.32346
threshold=446.81000000000006 5.6093750000000027 128.64750000000004 443.77500000000003 37812.375000000007 18.394166666666671 16.892656250000005 33325.208333333336 50154.875000000007 131.75000000000003 8.5000000000000018 47486.791666666672 124.77875000000002 79.905000000000015 1318.1404850000001 3.7937500000000006 13527.738327874416 5.122026431718063 3.100000000000009 81.920885416666678 379.96500000000009 32355.583333333339 121.48875000000002 26366.375000000004 39.305000000000007 94.620000000000019 58.39500000000001 54.29375000000001 114.99500000000002 83.862239583333348
decision_type=10 2 10 8 10 10 10 8 2 10 2 10 10 10 8 2 10 2 10 10 10 10 10 10 10 10 10 10 10 10
left_child=1 2 3 4 5 6 -1 22 9 23 -11 17 14 -14 -13 19 -17 -10 -19 -16 21 -12 -6 -3 -25 -26 27 -27 29 -29
right_child=-2 8 -4 -5 7 -7 -8 -9 11 10 20 12 13 -15 15 16 -18 18 -20 -21 -22 -23 -24 24 25 26 -28 28 -30 -31
leaf_value=-0.0014820069217277062 1.934753420833597 0.2001140375471418 0.072708050578956379 -0.42180455638682163 -0.26782538813017032 0.057205485493548536 -0.50127849340109665 2.5323111749297913e-07 0.13766082896723356 -0.043217286704914808 -0.25535571376816862 0.09840194650012303 -0.29996577572982236 -0.055858241383333569 -0.087788928275900138 0.042099342307322971 -0.09116417348742227 0.018518566689866654 -0.23634820857473235 -0.11367011700675581 -1.2205607769959843 -0.64914557903617875 0.021263770903606455 0.0013183996292336455 0.092641022391108538 0.036996880236316192 -0.044664357545213806 -0.45222804236054492 -0.13276758177075923 -0.99967979503718007
leaf_weight=367 956 327 5888 74 85 4724 58 9707 1156 558 157 648 59 1019 308 397 50 5215 44 51 51 57 64 5839 269 123 1752 103 215 52
leaf_count=367 956 327 5888 74 85 4724 58 9707 1156 558 157 648 59 1019 308 397 50 5215 44 51 51 57 64 5839 269 123 1752 103 215 52
internal_value=0.000238743 0.000183952 0.000387305 0.000180836 0.000206917 0.000715922 -0.00151408 -5.90442e-05 -4.71518e-05 -0.000362058 -0.00231917 0.000287327 -0.000495065 -0.00156256 0.000296907 -0.000981413 0.000649554 0.000596166 0.000335932 -0.00300833 -0.00614662 -0.00482791 -0.00382 -0.000176247 -0.000264664 -0.000949503 -0.00126224 -0.00368623 -0.00525606 -0.00875
internal_weight=40373 39417 20967 15079 15005 5149 425 9856 18450 9503 823 8947 2532 1078 1454 806 447 6415 5259 359 265 214 149 8680 8353 2514 2245 493 370 155
internal_count=40373 39417 20967 15079 15005 5149 425 9856 18450 9503 823 8947 2532 1078 1454 806 447 6415 5259 359 265 214 149 8680 8353 2514 2245 493 370 155
is_linear=0
shrinkage=0.03


Tree=258
num_leaves=31
num_cat=0
split_feature=11 5 28 16 5 40 28 40 17 4 23 18 29 14 1 27 11 10 25 4 5 4 41 4 13 14 27 1 27 37
split_gain=4.43637 2.30659 3.4018 2.32723 2.08589 3.46558 1.89443 1.89339 2.23015 1.84289 3.9895 3.93003 3.76345 3.00176 2.3025 2.73714 2.85177 2.34508 2.83626 2.24088 3.5369 2.74629 3.45705 3.07355 2.33177 2.31522 2.15607 3.34074 4.47605 3.6829
threshold=343.72000000000008 61654.437500000007 47919.812500000007 13880.037710919758 77125.000000000015 11.089999999999987 48242.437500000007 -0.76999999999999769 4449.6181450000013 106.50000000000001 1.5000000000000002 1.0000000180025095e-35 49.303750000000008 446.67500000000001 2.5000000000000004 41884.911197916677 80.585000000000022 4.4375000000000009 110.11729166666667 252.50000000000003 48602.062500000007 164.50000000000003 -2486.4670257782541 152.50000000000003 182.19500000000002 85.125000000000014 45403.521718750002 2.5000000000000004 46847.227031250011 -6.6900000000000075
decision_type=10 2 8 10 2 10 10 10 10 2 2 2 10 10 2 10 10 10 10 2 2 2 10 2 10 10 10 2 10 10
left_child=1 9 3 7 5 6 -4 8 -3 10 11 13 -13 26 17 -16 -17 18 -11 21 -21 22 24 -24 -19 -25 -1 28 29 -28
right_child=-2 2 4 -5 -6 -7 -8 -9 -10 14 -12 12 -14 -15 15 16 -18 19 -20 20 -22 -23 23 25 -26 -27 27 -29 -30 -31
leaf_value=-0.012485741732669036 0.39888710077042744 0.14435086102388214 -0.047137815246351744 -0.26256491628256379 0.064805644133356544 -0.20892847982039084 -0.0024338235859579452 0.019557361027770479 -0.22440745139907217 -0.0051640246221768748 0.012446185459152322 -0.027835327268397051 -0.38595708274010965 -0.90855996823514928 -0.0086351866871735416 0.081697952216987266 -0.01638814703779886 0.059380956818891786 -0.42526708281497388 -0.050546942121090219 0.064359733273085917 0.14999817647219499 -0.018650649507375473 -0.074420869098097781 -0.11910928138084005 -0.5267789625868442 -0.12408751215329901 -0.018021060133079147 -0.05271982800239338 -0.3632795237170961
leaf_weight=2974 1994 2224 144 40 395 50 2084 1305 62 1267 3591 71 46 55 11788 1345 1129 1666 113 1661 1654 3282 367 78 145 58 51 504 193 42
leaf_count=2974 1994 2224 144 40 395 50 2084 1305 62 1267 3591 71 46 55 11788 1345 1129 1666 113 1661 1654 3282 367 78 145 58 51 504 193 42
internal_value=0.000205652 0.000133959 0.000658525 0.00125633 -0.000153702 -0.000502852 -0.000325706 0.00133714 0.00185746 3.08595e-05 -0.000379782 -0.00103937 -0.0064322 -0.000872513 0.000156757 -9.0023e-05 0.00081697 0.000498737 -0.000651702 0.000676953 5.88059e-05 0.00104306 0.000251404 -0.00194643 0.000862583 -0.00578102 -0.000769721 -0.00216182 -0.00474564 -0.010117
internal_weight=40378 38384 6304 3631 2673 2278 2228 3591 2286 32080 7527 3936 117 3819 24553 14262 2474 10291 1380 8911 3315 5596 2314 503 1811 136 3764 790 286 93
internal_count=40378 38384 6304 3631 2673 2278 2228 3591 2286 32080 7527 3936 117 3819 24553 14262 2474 10291 1380 8911 3315 5596 2314 503 1811 136 3764 790 286 93
is_linear=0
shrinkage=0.03


Tree=259
num_leaves=31
num_cat=0
split_feature=24 5 28 32 31 4 6 40 4 13 4 16 41 32 4 9 37 5 11 15 12 40 28 4 11 28 26 13 28 27
split_gain=4.28445 2.3283 4.65365 3.08877 3.20462 2.56501 3.08336 2.30877 2.20836 3.57584 2.25029 2.46542 3.47308 3.83756 2.52204 4.90098 4.36712 2.23029 2.2292 2.01695 2.69926 1.99447 3.31012 6.49927 1.92394 1.88941 2.23583 3.82954 1.69769 1.69258
threshold=446.81000000000006 54656.250000000007 40123.750000000007 236.91500000000002 231.92000000000004 350.50000000000006 7.6072687224669613 -0.65000000000000291 319.50000000000006 168.13000000000002 84.500000000000014 7343.6360429106317 -3971.9236675642492 29.805000000000003 80.500000000000014 187.91500000000002 0.64000000000000001 47906.250000000007 59.092500000000008 44.237916666666671 45.749375000000008 -23.441250000000021 40021.043437500011 329.50000000000006 76.00500000000001 34631.312500000007 38540.035000000011 78.285000000000011 36016.062500000007 44416.687500000007
decision_type=10 2 8 10 8 2 2 10 2 10 2 8 10 10 2 10 10 2 10 10 10 10 10 2 10 10 10 10 10 10
left_child=1 8 -3 4 7 6 -6 -4 10 21 11 -1 13 -13 19 16 -16 29 -19 -15 -21 -10 -23 -24 -25 -22 27 -27 -29 -12
right_child=-2 2 3 -5 5 -7 -8 -9 9 -11 17 12 -14 14 15 -17 -18 18 -20 20 25 22 23 24 -26 26 -28 28 -30 -31
leaf_value=0.03490400010206552 1.9826146687067039 0.12785815313511537 0.017778365116911856 0.34595230577442454 -0.0039802923187214146 -1.3485697819817413 -0.34647032691956575 -0.026743117238904143 0.010181884355651507 -0.67981856153199771 -0.0024681143323984352 0.031803053033733028 -0.18093551118021597 0.16868773578377794 -0.46722383615649171 0.32235124594683151 -0.039117657947388196 -0.0058665471305800378 0.074966426022439608 -0.24299048829372275 0.35209215405648137 -0.0016874790564231602 -0.66127663174756235 0.082148848941431804 -0.37181386822176121 -0.55373313680625214 -0.048214357984809712 0.041150367946813489 -0.49742147281656063 0.068928003420016454
leaf_weight=604 903 2050 6568 700 267 46 65 1851 572 60 18260 551 56 107 71 46 54 1814 4057 55 110 294 54 83 83 43 689 62 51 287
leaf_count=604 903 2050 6568 700 267 46 65 1851 572 60 18260 551 56 107 71 46 54 1814 4057 55 110 294 54 83 83 43 689 62 51 287
internal_value=0.000191267 0.000144657 0.000503204 0.00022331 7.05843e-05 -0.00262797 -0.00169369 0.000192043 -2.88615e-06 -0.00129207 5.20471e-05 -0.0008052 -0.00133703 -0.00111033 -0.00200621 -0.00538953 -0.00845238 0.000139809 0.000649353 -0.0014839 -0.00189911 -0.000894204 -0.00224854 -0.00502262 -0.0020479 -0.00152197 -0.00200355 -0.00523567 -0.00228947 -2.15116e-05
internal_weight=40513 39610 11547 9497 8797 378 332 8419 28063 1146 26917 2499 1895 1839 1288 171 125 24418 5871 1117 1010 1086 514 220 166 955 845 156 113 18547
internal_count=40513 39610 11547 9497 8797 378 332 8419 28063 1146 26917 2499 1895 1839 1288 171 125 24418 5871 1117 1010 1086 514 220 166 955 845 156 113 18547
is_linear=0
shrinkage=0.03


Tree=260
num_leaves=31
num_cat=0
split_feature=24 27 6 38 12 5 24 26 32 30 34 11 32 12 39 33 39 15 40 32 25 5 0 39 32 32 38 5 28 25
split_gain=5.24406 2.05719 1.91922 2.5901 2.17657 4.75971 2.13869 2.11952 2.11365 3.22535 2.93211 2.43183 2.12555 1.80199 2.35031 1.76975 2.10535 1.75555 1.73782 2.26245 2.83468 3.6548 2.12752 2.23203 1.98724 1.69367 3.28492 1.68692 1.8851 1.6548
threshold=446.81000000000006 31508.544322916667 5.4068281938325997 24.912500000000005 284.98812500000003 57756.250000000007 60.467500000000008 43763.70625000001 208.95875000000004 154.56625000000003 99.945000000000007 90.945000000000007 16.415000000000003 62.638541666666676 -40.246249999999996 299.14000000000004 -7.5850000000000071 41.885000000000005 -3.3362500000000064 107.46500000000002 59.405000000000008 76137.500000000015 2.5000000000000004 -2.628749999999997 61.721250000000005 104.48500000000001 57.850000000000001 48206.250000000007 38534.20625000001 203.92625000000001
decision_type=10 10 2 10 10 2 10 10 10 10 10 10 10 10 10 10 10 8 10 10 8 2 2 10 10 10 10 2 10 10
left_child=1 27 7 4 -4 -6 -5 -3 9 10 12 -11 -8 14 -12 16 -13 -9 -19 20 -20 22 -22 -24 -25 -18 -27 28 -1 -28
right_child=-2 2 3 6 5 -7 8 17 -10 11 13 15 -14 -15 -16 -17 25 18 19 -21 21 -23 23 24 -26 26 29 -29 -30 -31
leaf_value=0.024155400037451924 1.8794817990304378 0.095215442075998635 0.0049710829323766957 0.023921198362737522 -1.2120274267469446 0.051928771069461269 -0.051011205617754067 0.072090628709743532 0.16977555470979033 -0.28700634537514819 -0.0066768301658075681 -0.12694406797415708 -0.25286457141774465 0.023458721419760607 -0.60628708635223649 0.48049853809526988 0.033992814891920152 0.014656788538775514 0.065392996016466476 0.0058984020563887171 -0.025260971999139733 0.0040128019878037735 -0.082680668486068129 -0.084196974109103762 -0.24435575803630666 -0.084994810004316565 -0.55753630235847185 0.13349857020817169 -0.12567193357508122 -0.64893879235614593
leaf_weight=3936 944 1701 24520 1126 63 90 389 459 287 54 131 369 295 1558 66 59 40 1678 116 575 61 126 64 53 49 130 42 1530 55 59
leaf_count=3936 944 1701 24520 1126 63 90 389 459 287 54 131 369 295 1558 66 59 40 1678 116 575 61 126 64 53 49 130 42 1530 55 59
internal_value=0.000216733 0.00016413 7.72812e-05 -1.45496e-05 0.00010736 -0.00344805 -0.000667607 0.000627893 -0.00103534 -0.00125712 -0.000726639 -0.00297215 -0.00239124 -7.68792e-05 -0.00277273 -0.00249 -0.00294852 0.000170647 -0.000118986 -0.00107943 -0.0026234 -0.00395763 -0.00622368 -0.00797605 -0.0107184 -0.00495221 -0.00593534 0.000701376 0.000376503 -0.00997059
internal_weight=40625 39681 34160 29278 24673 153 4605 4882 3479 3192 2439 753 684 1755 197 699 640 3181 2722 1044 469 353 227 166 102 271 231 5521 3991 101
internal_count=40625 39681 34160 29278 24673 153 4605 4882 3479 3192 2439 753 684 1755 197 699 640 3181 2722 1044 469 353 227 166 102 271 231 5521 3991 101
is_linear=0
shrinkage=0.03


Tree=261
num_leaves=31
num_cat=0
split_feature=29 5 27 39 8 4 25 27 36 13 4 29 7 6 7 26 32 9 8 1 15 6 35 24 4 27 25 40 14 13
split_gain=4.24567 2.24275 2.64525 2.26672 2.37614 2.2345 2.22664 2.84954 3.24682 2.393 2.23441 2.19418 2.11775 1.9433 1.94153 2.36648 1.93523 3.1993 1.77929 3.08831 4.78121 2.66333 2.41902 2.18513 4.93151 3.27366 2.36845 2.13276 2.22052 2.9674
threshold=374.11000000000007 60356.250000000007 43386.666666666679 -3.8949999999999991 393.43750000000011 50.500000000000007 143.46244791666669 44079.973593750001 17.410000000000007 66.905000000000015 6.5000000000000009 18.468750000000004 6.9288194444444473 30.328193832599123 10.071180555555559 41559.500000000007 172.70500000000001 202.95750000000004 497.51250000000005 3.5000000000000004 221.41520833333337 24.300881057268729 77.560000000000016 25.786250000000006 217.50000000000003 40837.40937500001 96.755625000000023 -71.264999999999972 57.045000000000009 0.42500000000000004
decision_type=10 2 8 8 2 2 10 10 10 8 2 10 2 2 2 10 10 10 2 2 10 2 10 10 2 10 10 10 10 10
left_child=1 5 14 4 -4 6 9 8 -8 10 -1 -12 -2 18 -3 -16 17 -5 21 -20 23 27 -22 -21 -25 26 -26 -7 29 -29
right_child=12 2 3 16 -6 13 7 -9 -10 -11 11 -13 -14 -15 15 -17 -18 -19 19 20 22 -23 -24 24 25 -27 -28 28 -30 -31
leaf_value=0.038621381860536354 1.371236043271862 0.12804376745786181 0.034766281964652673 -0.037516603057810703 -0.24495939133770683 0.024668236784921083 -0.64213026746485391 -0.024377340972695716 -0.00025230833800939919 0.093743242094097026 -0.18001100415284391 -0.053185944937913496 -0.38863323116669574 0.10019085814780498 0.51833274243014227 -0.54484205317027112 0.061785806593771531 -0.29419059093379651 0.0060189292064358321 0.0041565655175109951 -0.59331675031404829 0.13540060259337133 -0.61204678775296639 -0.07216557166850214 -0.71105403376594178 0.03369225572767541 -0.34369221004146888 -0.055761335112258351 0.003678787882065025 0.073493241424422387
leaf_weight=247 1185 2175 3030 1167 52 2796 91 147 48 311 69 864 85 591 42 61 571 40 2348 876 71 1251 102 554 50 40 73 778 20634 185
leaf_count=247 1185 2175 3030 1167 52 2796 91 147 48 311 69 864 85 591 42 61 571 40 2348 876 71 1251 102 554 50 40 73 778 20634 185
internal_value=0.000228987 0.000173743 0.000654714 0.000259206 0.000751216 6.68598e-05 -0.000966817 -0.00338676 -0.00645 -0.00050067 -0.0011177 -0.00178908 0.00193548 0.000127414 0.00149803 -0.00250962 -0.000593592 -0.00127401 9.35516e-05 -0.000485541 -0.00143294 0.000186469 -0.00615517 -0.000916562 -0.00214345 -0.00671341 -0.00912097 0.000117201 1.62516e-05 -0.00139108
internal_weight=40534 39264 7138 4860 3082 32126 1777 286 139 1491 1180 933 1270 30349 2278 103 1778 1207 29758 4114 1766 25644 173 1593 717 163 123 24393 21597 963
internal_count=40534 39264 7138 4860 3082 32126 1777 286 139 1491 1180 933 1270 30349 2278 103 1778 1207 29758 4114 1766 25644 173 1593 717 163 123 24393 21597 963
is_linear=0
shrinkage=0.03


Tree=262
num_leaves=31
num_cat=0
split_feature=29 1 14 14 0 17 25 8 6 10 7 14 13 0 4 24 32 7 1 17 14 41 13 26 26 41 25 24 32 14
split_gain=4.82194 2.57678 2.31999 2.40231 2.26747 1.92324 2.88313 2.70278 1.78765 2.06909 2.40846 1.9688 1.9291 1.7101 1.68333 2.34819 1.75972 1.6772 1.65323 1.65058 2.07866 2.47644 2.41465 3.07103 2.26366 1.84131 2.56207 2.55961 1.8231 1.71897
threshold=374.11000000000007 1.0000000180025095e-35 117.40500000000002 113.91500000000002 5.5000000000000009 502.93894000000006 91.486979166666671 0.63125000000000009 5.122026431718063 446.94500000000005 4.3142361111111134 347.71000000000004 202.49000000000004 14.500000000000002 166.50000000000003 6.3550000000000013 -0.9474999999999999 7.3072916666666687 4.5000000000000009 2.0394400000000004 96.010000000000005 -19652.487546157547 90.575000000000017 46744.790000000008 49176.500000000007 -6001.2337053754554 32.776666666666678 40.001250000000006 65.003750000000011 69.930000000000021
decision_type=10 2 10 10 2 10 10 2 2 10 2 10 8 2 2 10 10 2 2 8 10 10 10 10 10 8 10 10 10 10
left_child=1 2 3 5 -4 7 14 -1 11 13 -11 12 -3 19 15 -7 -17 -2 -12 20 25 -22 -23 -24 -25 -10 28 -28 -27 -30
right_child=17 8 4 -5 -6 6 -8 -9 9 10 18 -13 -14 -15 -16 16 -18 -19 -20 -21 21 22 23 24 -26 26 27 -29 29 -31
leaf_value=-0.0039279031267455159 1.3708409077593031 0.019821403854640877 -0.0048168667090691284 -0.10709047296436618 0.28040334018732738 0.030975527105421861 -0.1038434711333788 0.12665078260626608 0.0084862475206281228 0.22560006024646453 -0.18920995354149747 0.32781205854633372 -0.18547432389894361 0.010389686191061431 0.014977798400251298 -0.16580334784669132 -0.040199826603867055 -0.39111976219462269 -1.1759787288201615 -0.015421773557218691 -0.060821471765590919 0.086530179569901722 0.27543106191599148 -0.21443927834495163 -0.12655190719902704 0.011517818344352596 -0.24764126059867669 -0.053465491528683788 -0.23714447596498842 -0.082084592878235926
leaf_weight=1252 1196 3466 685 119 2046 123 57 867 637 64 43 418 72 11293 396 40 172 53 56 14199 57 2430 50 41 45 292 77 111 40 51
leaf_count=1252 1196 3466 685 119 2046 123 57 867 637 64 43 418 72 11293 396 40 172 53 56 14199 57 2430 50 41 45 292 77 111 40 51
internal_value=0.000179337 0.000120842 0.000707016 0.000134787 0.00134078 0.000306396 -0.000958175 0.000776887 1.99146e-05 -6.04333e-05 -0.00342073 0.000618651 0.000388245 -4.16381e-05 -0.000446721 -0.00200893 -0.00391549 0.0020136 -0.00633 -0.000222949 0.000329593 0.000803735 0.000941956 -0.00293431 -0.00634483 -0.000699752 -0.00193531 -0.00479365 -0.000523437 -0.00420652
internal_weight=40448 39199 5757 3026 2731 2907 788 2119 33442 29486 163 3956 3538 29323 731 335 212 1249 99 18030 3831 2623 2566 136 86 1208 571 188 383 91
internal_count=40448 39199 5757 3026 2731 2907 788 2119 33442 29486 163 3956 3538 29323 731 335 212 1249 99 18030 3831 2623 2566 136 86 1208 571 188 383 91
is_linear=0
shrinkage=0.03


Tree=263
num_leaves=31
num_cat=0
split_feature=9 28 1 15 8 27 13 29 12 12 12 14 7 13 29 27 27 7 27 15 36 17 26 13 14 9 13 2 12 8
split_gain=3.90713 1.67597 2.20177 3.28192 2.30906 2.03528 2.75101 2.67422 2.22666 2.40361 1.79067 3.6398 2.48932 2.3232 2.2864 1.73577 3.31904 2.50231 2.5701 9.724 2.34376 2.45155 3.23424 2.23158 2.2315 2.98147 2.61617 1.86984 1.83698 2.76557
threshold=494.55500000000006 34271.375000000007 3.5000000000000004 477.00062500000007 497.51250000000005 32040.500000000004 82.09875000000001 288.95625000000007 75.835416666666688 29.565833333333337 237.64000000000001 291.46500000000009 7.2760416666666687 304.53000000000003 166.61375000000001 35711.916666666672 36652.104166666672 5.1753472222222241 35514.645833333343 112.72614583333335 5.3449999999999998 8287.4803200000024 30045.500000000004 -5.004999999999999 133.72750000000002 113.71625000000002 92.590000000000018 7.5000000000000009 102.87213541666667 4.3562500000000011
decision_type=10 10 2 10 2 10 10 10 10 10 10 10 2 10 8 8 10 2 10 10 10 8 8 10 10 10 10 2 10 2
left_child=1 2 -1 4 -4 7 8 -6 9 -7 11 15 14 -12 -13 17 -17 24 20 27 21 22 -19 -24 25 -3 -26 -20 -23 -30
right_child=-2 10 3 -5 5 6 -8 -9 -10 -11 13 12 -14 -15 -16 16 -18 18 19 -21 -22 28 23 -25 26 -27 -28 -29 29 -31
leaf_value=0.062361316545442615 2.443978260786857 -0.012852057105066582 0.014660811885034394 -1.64976474376975 0.031674561297869379 0.10780326408596284 -0.42657481227124688 -2.0714989782975994 0.21482909646903461 -0.41847052161623394 0.20993964890455744 0.066965281329732715 -1.2902578090938064 -0.39512452621752558 -0.25289701762629868 0.091863774267368262 0.0023052046821960214 -0.24298147094859324 0.01727378303430863 -1.0057321130024797 -0.50492321296732656 0.048859043100598236 -0.39459371799052018 -0.04520880709473539 0.23168934951518799 -0.12780004160005384 -0.41153475306016402 -0.31443489471043651 0.071441203903498604 -0.22235338565842069
leaf_weight=5251 628 860 2809 46 313 41 49 43 58 43 1321 93 44 100 172 1634 24331 53 142 45 62 631 60 417 639 41 68 43 169 208
leaf_count=5251 628 860 2809 46 313 41 49 43 58 43 1321 93 44 100 172 1634 24331 53 142 45 62 631 60 417 639 41 68 43 169 208
internal_value=0.000220017 0.000182924 0.00055223 -4.23155e-05 6.79179e-05 -0.0017135 -0.00420312 -0.000369748 -0.00205594 -0.00515294 8.02661e-05 3.04918e-05 -0.00320323 0.00112025 -0.00208647 6.45832e-05 0.000148463 -0.00056877 -0.00132714 -0.00428571 -0.000899438 -0.000666667 -0.00231638 -0.0015251 0.000294593 -0.000695122 0.00155508 -0.00120968 0.00020218 -0.00145238
internal_weight=40414 39786 8653 3402 3356 547 191 356 142 84 31133 29712 309 1421 265 29403 25965 3438 1830 230 1600 1538 530 477 1608 901 707 185 1008 377
internal_count=40414 39786 8653 3402 3356 547 191 356 142 84 31133 29712 309 1421 265 29403 25965 3438 1830 230 1600 1538 530 477 1608 901 707 185 1008 377
is_linear=0
shrinkage=0.03


Tree=264
num_leaves=31
num_cat=0
split_feature=34 6 39 31 9 4 6 10 5 33 41 4 40 11 4 33 20 8 0 36 17 1 40 8 28 25 13 13 14 9
split_gain=3.65906 1.98275 2.20244 2.00298 2.55499 1.9118 1.77519 1.75993 1.82991 1.74121 1.41597 1.45451 2.62525 1.79624 1.84881 2.77059 1.58911 1.44456 1.81701 2.38031 2.3149 1.93346 1.91996 1.89674 2.04947 2.61683 1.97842 1.86665 1.7128 2.30052
threshold=435.61000000000007 4.4074889867841422 3.100000000000009 57.475000000000001 43.365000000000002 2.5000000000000004 30.328193832599123 465.51500000000004 41954.812500000007 261.99000000000007 14594.767780363725 349.50000000000006 -51.066249999999989 331.02500000000003 220.50000000000003 455.81500000000005 1.0000000180025095e-35 604.07500000000016 11.500000000000002 0.33999999999999814 1272.1377000000002 5.5000000000000009 -71.264999999999972 0.38125000000000003 47342.31953125001 83.862239583333348 12.545000000000002 47.020000000000003 53.360000000000007 23.657500000000002
decision_type=10 2 10 8 10 2 2 10 2 10 10 2 10 10 2 10 2 2 2 10 10 2 10 2 10 10 10 10 10 10
left_child=1 3 6 4 -1 -5 7 10 -9 -4 11 13 -13 16 -15 -16 17 18 20 21 22 23 -3 24 -20 26 -26 -28 29 -24
right_child=-2 2 9 5 -6 -7 -8 8 -10 -11 -12 12 -14 14 15 -17 -18 -19 19 -21 -22 -23 28 -25 25 -27 27 -29 -30 -31
leaf_value=0.080318654557734862 1.5438276056893618 0.026717646286539148 -0.052336859740551446 -0.13598429987967717 -0.043844708673033715 0.055033919317004305 0.088382849447010206 -1.014419498205454 -0.010866648951828244 -0.51851718411269354 0.24885147833089039 0.095824482336455824 -0.086238900754002173 0.61285651766592864 0.29703438012169414 -1.3530039594715222 0.052389497518492006 -0.038304508495358505 -0.01619978258000436 0.068506892562259114 -0.045371205703305197 0.067432533948388246 -0.0082896137896687015 0.0084934260335954147 0.018244913389402335 0.0096565411116359568 -0.24926797471976878 -0.17950366058925296 -0.0017388213894148554 -0.18222191564514367
leaf_weight=178 912 1452 115 57 387 3290 601 62 70 44 296 201 867 475 362 60 904 2066 1984 3358 1799 1577 227 6919 44 110 65 44 11832 99
leaf_count=178 912 1452 115 57 387 3290 601 62 70 44 296 201 867 475 362 60 904 2066 1984 3358 1799 1577 227 6919 44 110 65 44 11832 99
internal_value=0.00023187 0.000188515 0.000118118 0.000829543 -0.000821555 0.00110842 0.000133954 0.000106068 -0.00333835 -0.00339375 0.000119251 0.000101463 -0.000987839 0.000136347 0.00145991 1.41845e-05 9.97507e-05 6.42241e-05 0.000117922 0.000363991 -0.000107268 0.000146035 2.64493e-05 -2.09446e-05 -0.000778025 -0.00326136 -0.00578571 -0.00793636 -9.67184e-05 -0.00223853
internal_weight=40457 39545 35633 3912 565 3347 35474 34873 132 159 34741 34445 1068 33377 897 422 32480 31576 29510 14101 15409 10743 13610 9166 2247 263 153 109 12158 326
internal_count=40457 39545 35633 3912 565 3347 35474 34873 132 159 34741 34445 1068 33377 897 422 32480 31576 29510 14101 15409 10743 13610 9166 2247 263 153 109 12158 326
is_linear=0
shrinkage=0.03


Tree=265
num_leaves=31
num_cat=0
split_feature=13 14 1 35 28 25 0 5 33 14 32 13 5 40 13 25 29 14 14 2 11 25 13 12 32 1 16 28 26 16
split_gain=4.08874 3.1896 3.0796 2.24029 1.98282 3.05232 1.86707 1.85283 1.71215 1.89339 1.69805 1.77102 1.66636 1.63415 3.00556 1.82982 1.79762 1.7777 2.92031 5.79464 2.3009 2.32343 2.32079 2.64833 2.05501 2.77441 2.85563 2.25103 2.30789 2.51404
threshold=208.00000000000003 469.85000000000008 3.5000000000000004 -30.215 26366.375000000004 396.69062500000013 22.500000000000004 45903.437500000007 105.50500000000001 123.94000000000001 59.791250000000005 32.312500000000007 73551.500000000015 7.160000000000001 76.220000000000013 74.185000000000016 133.44250000000002 99.955000000000013 99.290000000000006 5.5000000000000009 51.945000000000007 14.051041666666668 49.975000000000009 63.589479166666678 77.002500000000012 1.5000000000000002 3978.4616959096843 40123.750000000007 41223.228750000002 3930.1564977712137
decision_type=8 10 2 8 10 10 2 2 10 10 10 10 2 10 10 10 10 10 10 2 10 10 10 10 10 2 8 10 10 10
left_child=1 4 -2 -4 -1 6 12 -3 9 10 11 -8 13 17 15 16 -15 18 20 -20 21 -6 23 24 -23 26 -26 28 29 -27
right_child=2 7 3 -5 5 -7 8 -9 -10 -11 -12 -13 -14 14 -16 -17 -18 -19 19 -21 -22 22 -24 -25 25 27 -28 -29 -30 -31
leaf_value=0.25265725092151015 0.56478729272678074 -0.79180682231044563 -0.95085339370470301 0.043821894565387924 0.012575412806346562 -1.123772079287426 -0.044388386498618836 -0.30064578453093171 -0.005108711374439104 -0.23593371540575797 -0.0079590542153850988 -0.11390856474652235 0.053799139417358068 -0.0069032539241405165 -0.086030720781788209 0.11641731959988097 -0.30164989657994051 0.017720065141024862 -0.16211448359833286 0.099757758516492434 0.012563554902314691 -0.015545489820903344 0.15150130979665324 -0.14788894594813209 -0.26415208850818922 0.031843686768675029 -0.056062822089785282 0.077219731410868811 -0.11060893934752176 -0.2221612277978379
leaf_weight=783 1603 65 55 1298 826 40 120 90 1015 45 268 54 1006 808 1062 767 89 21473 100 71 5027 3227 268 79 42 126 49 119 42 47
leaf_count=783 1603 65 55 1298 826 40 120 90 1015 45 268 54 1006 808 1062 767 89 21473 100 71 5027 3227 268 79 42 126 49 119 42 47
internal_value=0.000230469 0.000146225 0.0013047 0.000250369 0.000164004 0.000132169 0.000141298 -0.00413462 -0.000894211 -0.00235451 -0.00174718 -0.00404571 0.000185472 0.000150075 -0.000554455 0.000241442 -0.000678174 0.000211068 -0.000118815 -0.00399419 -5.11518e-05 -0.000519063 -0.00081825 -0.00101206 -0.000893512 -0.00285211 -0.00746739 -0.00157612 -0.00340278 -0.00184483
internal_weight=40664 37708 2956 1353 37553 36770 36730 155 1502 487 442 174 35228 34222 2726 1664 897 31496 10023 171 9852 4825 3999 3731 3652 425 91 334 215 173
internal_count=40664 37708 2956 1353 37553 36770 36730 155 1502 487 442 174 35228 34222 2726 1664 897 31496 10023 171 9852 4825 3999 3731 3652 425 91 334 215 173
is_linear=0
shrinkage=0.03


Tree=266
num_leaves=31
num_cat=0
split_feature=24 5 28 10 7 5 4 13 17 34 12 6 7 6 6 24 0 9 26 4 25 4 13 10 30 6 36 14 12 14
split_gain=4.12946 1.80006 2.14075 3.22013 2.72518 2.41655 2.93661 7.58945 2.4264 2.38504 2.27523 2.20322 2.19711 2.12397 2.21148 2.36666 2.44278 2.35933 3.40892 2.651 2.20447 2.18 2.09802 2.06595 1.94561 2.77631 1.94141 2.71611 3.97713 1.88162
threshold=465.20500000000004 39056.250000000007 38972.531250000007 410.13500000000005 5.7031250000000018 50955.312500000007 272.50000000000006 131.75000000000003 786.85878500000013 90.075000000000003 4.0881250000000007 10.983480176211456 3.6475694444444451 4.5588105726872259 18.083700440528641 64.355000000000004 7.5000000000000009 105.325 46744.790000000008 36.500000000000007 86.362291666666678 360.50000000000006 -1.0000000180025095e-35 18.335000000000004 84.50500000000001 23.404625550660793 9.260000000000014 181.84500000000003 124.95796875000001 123.94000000000001
decision_type=10 2 8 10 2 2 2 10 10 10 10 2 2 2 2 10 2 10 10 2 10 2 10 10 10 2 10 10 10 10
left_child=1 -1 4 9 10 6 8 26 -6 -4 -3 -12 -11 -14 15 23 17 22 -19 -20 29 -22 -17 -15 25 -16 27 -8 -29 -18
right_child=-2 2 3 -5 5 -7 7 -9 -10 12 11 -13 13 14 24 16 20 18 19 -21 21 -23 -24 -25 -26 -27 -28 28 -30 -31
leaf_value=-0.011258322458196168 2.128521362571516 -0.099755918833835833 -0.013072891951535071 -0.57762229382981922 0.034864827214674793 0.051716612093144348 -0.015199390641741719 -0.72200621473296789 -0.042367559586837127 0.073970069841554284 0.17050754570645688 0.048283656736976946 0.044229538515070194 -0.023279429876663722 0.0088409119932959437 -0.20133603956080395 -0.008213256033897106 -0.20672496333686335 -0.12111607271946416 -0.56814208486420004 0.019007015897045149 -0.25063743915310233 -0.002611261353848148 0.052922201025194168 0.14028324297009148 -0.37476123330018496 0.24718806327290135 -0.79283370235877937 -0.068564933005082984 -0.23471031275558238
leaf_weight=6015 785 136 5880 106 2944 1794 754 120 670 1831 1256 6316 2328 471 138 65 746 582 61 51 3229 60 817 1310 1187 49 163 57 141 480
leaf_count=6015 785 136 5880 106 2944 1794 754 120 670 1831 1256 6316 2328 471 138 65 746 582 61 51 3229 60 817 1310 1187 49 163 57 141 480
internal_value=0.000194016 0.000151441 0.000236671 3.10954e-05 0.000514423 6.9085e-05 -0.000278969 -0.00154126 0.000152697 5.98881e-05 0.000898171 0.000967384 0.000280845 0.000128035 -7.59164e-05 -0.000269783 -0.00055105 -0.00156753 -0.00287482 -0.00764602 -0.00019597 0.000208815 -0.000536806 0.000691919 0.00103418 -0.00180319 -0.000766129 -0.00128437 -0.00440201 -0.00128117
internal_weight=40542 39757 33742 19391 14351 6643 4849 1235 3614 19285 7708 7572 13405 11574 9246 7872 6091 1576 694 112 4515 3289 882 1781 1374 187 1115 952 198 1226
internal_count=40542 39757 33742 19391 14351 6643 4849 1235 3614 19285 7708 7572 13405 11574 9246 7872 6091 1576 694 112 4515 3289 882 1781 1374 187 1115 952 198 1226
is_linear=0
shrinkage=0.03


Tree=267
num_leaves=31
num_cat=0
split_feature=11 10 1 4 12 1 12 37 25 40 9 39 41 13 9 25 32 11 11 25 6 17 11 25 13 8 9 16 12 38
split_gain=4.2681 3.14847 1.98367 2.68008 2.82157 1.80651 2.16464 2.52158 2.11323 2.11265 2.00507 1.93216 1.89683 2.7009 2.45463 2.37586 2.27727 2.89389 2.23917 2.09597 1.88982 2.07764 2.75016 1.77711 1.69263 1.67119 2.73279 2.13669 1.61053 2.19614
threshold=343.72000000000008 141.10000000000005 3.5000000000000004 245.50000000000003 443.54708333333343 1.0000000180025095e-35 16.892656250000005 -15.175000000000002 396.69062500000013 3.7599999999999949 35.091250000000009 -31.561249999999998 6407.244166763624 74.345000000000013 260.5800000000001 41.885000000000005 112.47500000000001 60.908750000000005 63.522500000000008 74.771458333333342 4.8325991189427322 3559.49845 86.596250000000012 9.5979687500000015 163.53000000000003 0.11250000000000002 3.5550000000000002 12321.12843272319 20.943177083333335 -47.869999999999997
decision_type=10 10 2 2 10 2 10 10 8 8 10 8 8 8 10 10 10 10 8 8 2 10 10 10 10 2 10 10 10 10
left_child=5 -2 -3 -4 -5 6 7 10 25 20 -1 -11 15 18 19 -13 17 -17 -14 -15 21 -7 -23 -22 -16 -8 -27 -28 29 -25
right_child=1 2 3 4 -6 9 8 -9 -10 11 -12 12 13 14 24 16 -18 -19 -20 -21 23 22 -24 28 -26 26 27 -29 -30 -31
leaf_value=-0.039607999614041531 -0.42642144988716224 0.65270695790600464 0.77780805683392795 -0.056929555863773559 -2.0675146234226407 0.047592419517312308 0.0089298430481001556 0.0080427681289043321 -0.50364612391924979 0.028835434551423986 -0.35359414083967911 0.015621553261421265 -0.055093963788998633 0.11932496918604164 -0.55611681202394059 -0.085904776781887321 -0.090055680713552064 -0.47277053606054353 0.080193842472876392 -0.12103956671554754 0.035334864537862852 0.01312841642780393 -0.29229189371790826 -0.077907494096591992 0.13471322386725823 -0.015534458604652971 0.22597745656143842 -0.073066626612295113 0.0026642362353086597 -0.0098073518061226536
leaf_weight=205 45 1314 338 215 54 2988 2084 472 63 1219 67 155 332 74 79 95 158 85 826 1368 635 78 41 291 565 447 2137 42 22834 1134
leaf_count=205 45 1314 338 215 54 2988 2084 472 63 1219 67 155 332 74 79 95 158 85 826 1368 635 78 41 291 565 447 2137 42 22834 1134
internal_value=0.000201776 0.00156482 0.00174974 0.000330592 -0.0019 0.000132086 0.000634469 -0.000869799 0.000869083 4.79703e-05 -0.00316483 -0.000522897 -0.000861156 -0.000597226 -0.00124197 -0.00259312 -0.004 -0.00629834 0.00056428 -0.00192931 0.000149025 0.000846525 -0.003025 6.19403e-05 0.000297675 0.000942475 0.00144576 0.00188395 2.08987e-05 -0.000957223
internal_weight=40440 1966 1921 607 269 38474 5517 744 4773 32957 272 4956 3737 3244 2086 493 338 180 1158 1442 28001 3107 119 24894 644 4710 2626 2179 24259 1425
internal_count=40440 1966 1921 607 269 38474 5517 744 4773 32957 272 4956 3737 3244 2086 493 338 180 1158 1442 28001 3107 119 24894 644 4710 2626 2179 24259 1425
is_linear=0
shrinkage=0.03


Tree=268
num_leaves=31
num_cat=0
split_feature=24 7 24 10 26 8 0 0 25 10 10 16 39 5 28 7 16 31 24 40 16 15 7 7 8 4 35 15 15 39
split_gain=3.9195 2.08544 2.57315 2.13623 3.71132 3.25949 1.89055 2.26933 2.01523 1.85215 1.81279 1.76559 1.71735 1.82283 3.22073 1.73923 2.66353 2.07726 1.69954 2.64171 1.69178 2.56448 2.35888 1.95415 3.33041 2.28003 2.01752 1.67024 2.19662 1.61709
threshold=465.20500000000004 4.8871527777777795 249.99875000000003 427.30000000000007 41860.818750000006 382.25625000000008 22.500000000000004 17.500000000000004 14.051041666666668 44.165000000000006 20.221250000000001 10827.95315687678 7.454999999999985 48206.250000000007 39837.956718750007 10.368055555555559 8424.1151338971558 182.49750000000003 123.18625000000002 -17.11999999999999 1432.154165533251 18.394166666666671 6.6579861111111134 5.8906250000000027 584.05625000000009 322.50000000000006 2.5287500000000027 38.983541666666675 42.728750000000012 -5.0787500000000056
decision_type=10 2 10 10 10 2 2 2 10 8 10 10 10 2 10 2 10 10 10 10 10 10 2 2 2 2 10 10 10 10
left_child=1 2 -1 6 5 -5 7 8 -3 11 -8 -9 13 20 -15 -16 17 18 19 -17 21 22 -10 25 27 -23 -26 -25 -29 -22
right_child=-2 3 -4 4 -6 -7 10 9 12 -11 -12 -13 -14 14 15 16 -18 -19 -20 -21 29 23 -24 24 26 -27 -28 28 -30 -31
leaf_value=0.010885991334369061 2.1220470231028501 0.024871772576088379 0.256091005646159 0.15492681788933688 -0.62911466972695518 -1.0832101803085052 -0.13207998462648196 -0.019916375628977575 -0.26263204708698507 0.038030240797563286 -0.054764896426423425 -0.15228414194525075 -0.12231090050015025 0.047262111379680595 -0.0039720982952052208 -0.31941341898302611 0.017641482738239986 -0.62397486471275154 0.13785315295983258 -0.026269344988055256 0.0045471305823016669 0.006965451597460562 -0.013372262558674734 0.08123053612284703 -0.80161071184228527 -0.48255780603828252 -0.096097068001606362 -0.89067055948703244 -0.066119913354955331 -0.23806032325299703
leaf_weight=13815 775 768 1251 188 40 48 44 540 64 5190 1146 51 57 2725 5693 40 166 41 40 64 2974 1894 57 104 66 42 60 48 2392 40
leaf_count=13815 775 768 1251 188 40 48 44 540 64 5190 1146 51 57 2725 5693 40 166 41 40 64 2974 1894 57 104 66 42 60 48 2392 40
internal_value=0.000188725 0.000147393 0.0004253 -2.29426e-05 -0.0026426 -0.00118987 6.9117e-06 6.69638e-05 -0.000104695 0.000581633 -0.00115869 -0.00100845 -0.000174372 -0.000156259 0.000139909 -0.000246154 -0.00229261 -0.00475806 -0.00302069 -0.00502857 -0.000491733 -0.000845812 -0.00513934 -0.00073193 -0.00125796 -6.19504e-06 -0.006 -0.00102083 -0.00117984 6.36817e-05
internal_weight=40423 39648 15066 24582 276 236 24306 23116 17335 5781 1190 591 16567 16510 8769 6044 351 185 144 104 7741 4727 121 4606 2670 1936 126 2544 2440 3014
internal_count=40423 39648 15066 24582 276 236 24306 23116 17335 5781 1190 591 16567 16510 8769 6044 351 185 144 104 7741 4727 121 4606 2670 1936 126 2544 2440 3014
is_linear=0
shrinkage=0.03


Tree=269
num_leaves=31
num_cat=0
split_feature=12 1 7 30 38 4 14 14 4 1 15 24 26 7 15 12 15 15 32 3 8 11 24 28 4 1 6 17 2 4
split_gain=4.05654 2.99693 3.15741 2.92051 2.49626 3.1228 2.01869 2.93947 3.28472 2.46875 2.46568 5.54562 2.68203 2.27135 2.18382 2.15179 2.10377 2.92803 1.88871 1.88853 1.7268 1.83638 2.88709 1.89528 2.37737 1.86133 1.73571 2.66736 1.72176 2.47598
threshold=302.37062500000008 3.5000000000000004 7.0225694444444473 297.03000000000003 62.451250000000002 32.500000000000007 116.20000000000002 112.56375000000001 219.50000000000003 1.0000000180025095e-35 57.817291666666669 60.467500000000008 39567.03375000001 10.565972222222223 48.331458333333337 86.157447916666669 81.781979166666687 86.238750000000024 156.82500000000002 1.0000000180025095e-35 225.18125000000003 23.573750000000004 90.001250000000013 47245.571406250012 36.500000000000007 3.5000000000000004 8.6773127753303996 576.1787750000002 5.5000000000000009 68.500000000000014
decision_type=8 2 2 10 8 2 10 10 2 2 10 10 10 2 10 10 10 10 8 2 2 10 10 10 2 2 2 10 2 2
left_child=4 28 18 -4 6 -6 7 15 10 -8 11 -9 -13 14 -11 -1 -12 -18 -3 -17 21 22 -16 -23 25 -25 -26 -28 29 -2
right_child=1 2 3 -5 5 -7 9 8 -10 13 16 12 -14 -15 20 19 17 -19 -20 -21 -22 23 -24 24 26 -27 27 -29 -30 -31
leaf_value=-0.00032949174631490447 1.8268881980192304 -0.052831017644526114 0.11201502802714382 -0.81839917128909434 0.079459986407407979 -0.068948936886994383 0.14430478165312011 -0.038069377230159122 0.017374261420050875 0.05146926603621587 0.041230072182765518 -0.74995417140793719 -0.87885986417501172 -0.22868898892782857 0.032749532195184825 0.13410872136875929 -0.69104734975651372 -0.0098765149836044785 0.25501991346077951 -0.1748134747164691 -0.014520527539813009 0.04469618755023682 -0.99674007193504999 -0.034825719413136572 -0.042249936214938208 0.13043501406066846 -0.44558696474935089 -0.010104299844189497 0.96499137645543642 -0.61212371752903993
leaf_weight=14470 58 591 47 63 523 2712 2151 205 410 2076 176 61 43 219 82 552 42 110 464 40 3673 8650 64 478 556 513 66 66 1324 53
leaf_count=14470 58 591 47 63 523 2712 2151 205 410 2076 176 61 43 219 82 552 42 110 464 40 3673 8650 64 478 556 513 66 66 1324 53
internal_value=0.00020336 0.00134948 0.000218697 -0.00459459 0.000124779 -0.000672126 0.000199084 -4.6741e-05 -0.00158302 0.000412046 -0.00292947 -0.00484839 -0.0104571 0.000286974 0.000328012 6.01475e-05 -0.00111246 -0.00368627 0.000724432 0.00183137 0.000194643 0.000390894 -0.00293878 0.000438238 -0.000483928 0.000456653 -0.00183745 -0.00491729 0.00226671 -0.0013125
internal_weight=40538 2600 1165 110 37938 3235 34703 16109 1047 18594 637 309 104 16443 16224 15062 328 152 1055 592 14148 10475 146 10329 1679 991 688 132 1435 111
internal_count=40538 2600 1165 110 37938 3235 34703 16109 1047 18594 637 309 104 16443 16224 15062 328 152 1055 592 14148 10475 146 10329 1679 991 688 132 1435 111
is_linear=0
shrinkage=0.03


Tree=270
num_leaves=31
num_cat=0
split_feature=29 1 34 15 12 33 6 0 25 8 0 7 5 25 0 10 13 28 5 30 37 14 23 14 41 7 4 32 32 8
split_gain=4.29455 2.12206 1.87921 3.30418 4.35836 2.8266 2.67851 2.1646 2.0366 1.6225 2.2863 1.98653 1.82022 2.14287 1.73605 1.57826 1.52219 1.95157 1.69727 4.20473 1.6906 1.51972 1.71961 1.67133 1.53858 1.47197 1.54382 2.87815 2.12457 1.58492
threshold=374.11000000000007 1.0000000180025095e-35 139.37500000000003 142.67291666666668 111.80541666666669 149.31500000000003 12.580616740088107 5.5000000000000009 396.69062500000013 236.53750000000005 11.500000000000002 3.6475694444444451 46201.687500000007 282.46229166666677 16.500000000000004 -7.7899999999999991 18.625000000000004 31164.625000000004 50955.312500000007 145.61500000000004 44.655000000000001 117.40500000000002 2.5000000000000004 113.91500000000002 -6179.6370395720542 3.2864583333333344 216.50000000000003 110.605 71.955000000000013 739.12500000000011
decision_type=8 2 10 10 10 10 2 2 10 2 2 2 2 10 2 10 10 10 2 10 10 10 2 10 8 2 2 10 10 2
left_child=1 2 3 21 5 6 -5 8 -4 11 -11 -3 13 15 16 -12 -14 -18 19 25 -20 23 -23 -1 -24 -19 29 28 -28 -27
right_child=-2 9 7 4 -6 -7 -8 -9 -10 10 12 -13 14 -15 -16 -17 17 18 20 -21 -22 22 24 -25 -26 26 27 -29 -30 -31
leaf_value=0.0087577929208696396 0.8933602796329646 0.057612567985739223 0.018490706282577533 -0.28951250032128428 0.058499005629115808 -0.0052787227805115916 -0.40312620995345722 0.6064088746772287 -1.1339779369907195 -0.066209550443424608 -0.84936309454707715 0.0049457326206581017 0.01707193789677576 -0.98708733535542814 0.13889882546301904 -0.013154415945337044 0.10636875789394934 0.076020359842396551 0.010725514520030288 -0.80772463138652595 -0.18669365296324775 -0.1339544124913894 -0.031491418202469937 -0.086983203786807531 0.2403295919879474 0.010330799172004775 -0.18270122962470281 0.38782012774414587 -0.81135919492279374 -0.13628167630637805
leaf_weight=2814 1263 2447 280 54 162 46 43 1016 55 1778 67 21709 1106 72 805 2883 478 136 1226 60 128 70 46 101 1016 336 112 47 79 48
leaf_count=2814 1263 2447 280 54 162 46 43 1016 55 1778 67 21709 1106 72 805 2883 478 136 1226 60 128 70 46 101 1016 336 112 47 79 48
internal_value=0.000232166 0.000176691 0.000711606 0.000407995 -0.00259804 -0.00639583 -0.00927551 0.00168861 -0.000401786 8.56556e-05 -0.000249626 0.00021559 -2.25474e-05 -0.00059345 0.000355765 -0.000467638 8.46421e-05 -0.000305545 -0.000687529 -0.00176557 -3.54242e-05 0.000635129 0.00156752 0.000272634 0.0018683 -0.00115415 -0.00177207 -0.00366527 -0.00529687 -0.000592208
internal_weight=40483 39220 5703 4352 305 143 97 1351 335 33517 9361 24156 7583 3022 4561 2950 3756 2650 2172 818 1354 4047 1132 2915 1062 758 622 238 191 384
internal_count=40483 39220 5703 4352 305 143 97 1351 335 33517 9361 24156 7583 3022 4561 2950 3756 2650 2172 818 1354 4047 1132 2915 1062 758 622 238 191 384
is_linear=0
shrinkage=0.03


Tree=271
num_leaves=31
num_cat=0
split_feature=9 1 4 15 31 32 3 13 14 36 15 14 11 41 5 32 4 33 14 24 32 7 11 36 15 25 13 27 16 7
split_gain=3.798 1.63993 2.50278 3.38516 2.63307 2.60365 1.63544 4.26128 2.00436 1.7216 1.63392 3.65921 2.23391 2.24901 2.21376 1.91428 1.74042 1.89492 1.66469 2.31742 1.65515 1.61034 1.88627 1.54714 1.50786 1.43741 2.25816 1.85949 1.40268 1.65403
threshold=494.55500000000006 1.0000000180025095e-35 350.50000000000006 88.211041666666674 138.01125000000002 127.64875000000002 1.0000000180025095e-35 53.675000000000004 88.801250000000024 -0.92750000000000188 142.67291666666668 150.05000000000004 53.32500000000001 -2772.7096387059278 53651.375000000007 3.4775000000000005 22.500000000000004 102.63375000000001 57.045000000000009 7.5250000000000012 112.47500000000001 6.3246527777777795 32.267500000000005 1.4700000000000137 90.061250000000015 9.5979687500000015 -113.08 32040.500000000004 4070.2193897979155 5.9322916666666687
decision_type=10 2 2 10 10 10 2 8 10 8 8 10 10 8 2 10 2 10 10 10 10 2 10 10 10 8 10 10 10 2
left_child=1 2 4 -4 6 -5 10 8 9 -8 12 14 18 15 -12 -14 17 -15 19 -1 24 22 -21 25 28 27 -27 -3 -20 -30
right_child=-2 23 3 5 -6 -7 7 -9 -10 -11 11 -13 13 16 -16 -17 -18 -19 20 21 -22 -23 -24 -25 -26 26 -28 -29 29 -31
leaf_value=0.016689299768236656 2.2053599540952145 -0.028228592041742214 0.014325288299952917 -0.70176030270453849 0.45701832688496818 -0.2220528599671919 -0.17419516027813731 -0.45006240836881489 0.35187249843073382 0.023283746072919331 -0.38720283446239423 0.012338998273511308 -0.051612313528075687 -0.094562162204828701 -0.0475984244033743 0.0064354969896774916 0.18957190605729496 0.064675290548327824 0.043742207027229772 -0.069935569361806352 -0.4015127443614086 -0.008487864636497951 -0.24801712198948123 0.026103965407542288 -0.12725593789916906 -0.36657138494003555 -0.0010500611573881272 0.051823645447729751 -0.097501070062980755 0.0052828200284047314
leaf_weight=87 614 42 115 49 1056 46 71 49 121 77 48 410 75 66 65 155 1936 128 731 65 48 60 40 6698 47 56 26532 688 60 161
leaf_count=87 614 42 115 49 1056 46 71 49 121 77 48 410 75 66 65 155 1936 128 731 65 48 60 40 6698 47 56 26532 688 60 161
internal_value=0.000216551 0.000180379 0.000648171 -0.00255924 0.00076984 -0.00671875 0.000453233 -0.00161755 -0.000122222 -0.00245638 0.000611045 -0.000956107 0.000835246 0.00138501 -0.00571053 -0.00142857 0.00168935 -0.00101538 -0.000163846 -0.00234783 0.00036355 -0.00442771 -0.00665094 0.000101067 0.000627 8.78621e-07 -3.52024e-05 0.00131327 0.000887723 -0.0012027
internal_weight=40396 39782 5766 210 5556 95 4500 318 269 148 4182 523 3659 2360 113 230 2130 194 1299 252 1047 165 105 34016 999 27318 26588 730 952 221
internal_count=40396 39782 5766 210 5556 95 4500 318 269 148 4182 523 3659 2360 113 230 2130 194 1299 252 1047 165 105 34016 999 27318 26588 730 952 221
is_linear=0
shrinkage=0.03


Tree=272
num_leaves=31
num_cat=0
split_feature=9 5 28 7 34 12 40 10 7 24 4 17 16 38 16 7 0 40 26 16 38 15 41 5 35 33 10 13 0 32
split_gain=3.65589 1.61623 1.82666 2.96601 2.57626 2.13906 2.09479 1.96538 3.13303 2.71609 3.31252 2.19008 1.95343 2.51698 1.83424 2.20131 1.77601 2.38217 2.79091 1.72609 1.67108 1.59487 1.58369 1.57737 2.11541 1.5642 1.55522 1.53881 2.04975 3.72531
threshold=494.55500000000006 36405.937500000007 38097.375000000007 5.4253472222222241 471.74000000000007 24.694791666666671 7.160000000000001 120.08500000000002 11.411458333333337 119.19500000000001 348.50000000000006 827.62016500000004 6037.4786780114719 44.634999999999998 7343.6360429106317 7.2413194444444464 11.500000000000002 -90.366249999999994 42748.256250000006 4974.9630399073603 71.155000000000001 477.00062500000007 -11201.611742837222 46201.687500000007 25.810000000000006 78.795000000000016 22.495000000000001 58.39500000000001 6.5000000000000009 11.273750000000001
decision_type=10 2 8 2 8 10 10 10 2 8 2 8 10 10 8 2 2 10 10 10 10 10 8 2 10 10 8 10 2 10
left_child=1 19 3 5 6 -3 7 9 -9 11 12 14 26 -14 -4 -16 17 18 -13 21 -17 -1 -5 24 -7 -24 -11 28 29 -19
right_child=-2 2 4 22 -6 23 -8 8 -10 10 -12 16 13 -15 15 20 -18 27 -20 -21 -22 -23 25 -25 -26 -27 -28 -29 -30 -31
leaf_value=-0.038870839868082888 2.314908694005116 -0.010058746715084015 0.076389849549153524 -0.63702290097302583 -0.29227180231166572 0.072542558983773875 -0.062544024254141892 0.052639694126676941 -0.27822999142485227 -0.38486042554619154 -0.44452366613134059 -0.040108877470170771 -0.10322062176260033 -0.35535329010546013 -0.053488467512367847 0.019845438008347701 0.0040295192797400528 0.069852530880007438 -0.14655675275507365 0.022909664560521105 -0.26050408640296874 -0.8895053565314438 0.05321910365350864 0.13441422708198769 -0.12725161150033945 -0.0026138895373746616 -0.013990096597480765 0.034654004885734301 -0.0037254470434987443 -0.088117514373633701
leaf_weight=2814 611 681 3069 62 58 2838 1601 5286 74 42 42 103 113 45 468 910 6003 223 76 298 44 40 855 2886 453 6330 839 929 1778 909
leaf_count=2814 611 681 3069 62 58 2838 1601 5286 74 42 42 103 113 45 468 910 6003 223 76 298 44 40 855 2886 453 6330 839 929 1778 909
internal_value=0.000203799 0.000168473 0.00022444 0.000492344 5.73123e-05 0.000939496 7.36867e-05 0.000153622 0.000649133 -1.67371e-05 -0.00146673 9.13665e-05 -0.00112788 -0.00418868 0.000641808 -0.00024877 -0.000155358 -0.000643444 -0.00401667 -0.000483349 0.000578011 -0.000710333 6.91226e-05 0.00111541 0.00066616 0.000110632 -0.00057483 -0.000485156 -0.000824459 -0.00182171
internal_weight=40480 39869 36717 14105 22612 6858 22554 20953 5360 15593 1081 14512 1039 158 4491 1422 10021 4018 179 3152 954 2854 7247 6177 3291 7185 881 3839 2910 1132
internal_count=40480 39869 36717 14105 22612 6858 22554 20953 5360 15593 1081 14512 1039 158 4491 1422 10021 4018 179 3152 954 2854 7247 6177 3291 7185 881 3839 2910 1132
is_linear=0
shrinkage=0.03


Tree=273
num_leaves=31
num_cat=0
split_feature=24 5 37 37 14 17 16 27 25 25 25 30 27 18 30 29 14 7 35 26 26 13 7 27 34 14 17 38 13 15
split_gain=4.01435 1.39376 2.08768 1.99576 1.57286 2.79146 2.07051 3.69834 3.26174 3.13724 2.78667 2.32731 4.69489 4.53319 2.11394 1.89439 2.00788 2.47915 1.94145 1.95009 1.90377 1.82063 2.065 1.56725 2.38 2.21523 1.69632 1.59677 2.05381 2.41698
threshold=465.20500000000004 40600.562500000007 111.355 -84.384999999999977 96.010000000000005 3.1644250000000005 3978.4616959096843 40651.857343750009 33.475000000000009 64.113541666666677 92.663125000000022 64.725000000000009 37320.125000000007 1.0000000180025095e-35 9.0050000000000008 106.09875000000001 209.59625000000003 7.2760416666666687 3.7125000000000026 39060.261250000003 33799.500000000007 -0.21999999999999997 5.0260416666666687 31096.770833333339 471.74000000000007 52.095000000000006 8433.8497550000029 -1.9987500000000009 -20.979999999999997 59.353541666666672
decision_type=10 2 10 10 10 8 10 10 10 10 10 10 10 2 10 10 10 2 10 10 10 10 2 8 10 10 8 10 10 10
left_child=1 2 4 -3 6 -6 7 8 -1 11 -11 14 13 -13 -10 -7 18 -18 -17 20 -20 -9 -23 25 27 26 -5 -25 29 -29
right_child=-2 3 -4 23 5 15 -8 21 9 10 -12 12 -14 -15 -16 16 17 -19 19 -21 -22 22 -24 24 -26 -27 -28 28 -30 -31
leaf_value=0.021424178808714913 1.9720426357246228 -0.027033885015240035 -0.59500243740587522 -0.069528491151237964 0.097597647637975432 0.020507030976424319 0.011912094093658286 -0.16810999181268355 -0.67492754497896568 0.12060971080824838 -0.16395638292983869 -0.38691512821217305 -0.086453316022791799 -0.23238982486347223 -0.025346180334159533 -0.063769247140990887 0.025418524604249731 -0.63781740442479218 -0.14844994247517643 0.0023119115192795146 -0.90384536176691355 -0.087582966522400413 -0.23699562615623757 0.025221553764549636 -0.41385885666484323 0.116434158785168 0.036360139233803969 -0.1089262134559837 0.0036937940847792221 0.074380232677155711
leaf_weight=713 777 751 83 68 1453 2184 676 71 41 220 54 52 106 44 181 713 1093 54 49 41 42 101 65 7723 42 3376 41 127 19339 89
leaf_count=713 777 751 83 68 1453 2184 676 71 41 220 54 52 106 44 181 713 1093 54 49 41 42 101 65 7723 42 3376 41 127 19339 89
internal_value=0.000206515 0.000164575 -0.00018813 0.000254397 -0.000138421 0.000132682 -0.000794839 -0.0013681 -0.000783994 -0.00224034 0.000261818 -0.00385412 -0.00617734 -0.0109485 -0.00172197 -0.000261432 -0.000930256 -0.000112369 -0.00203901 -0.00536842 -0.00779348 -0.00482773 -0.00653892 0.000291664 0.000215219 0.000890706 -0.0033 0.000226328 8.20721e-05 -0.00282028
internal_weight=40369 39592 8036 31556 7953 5629 2324 1648 1411 698 274 424 202 96 222 4176 1992 1147 845 132 91 237 166 30805 27320 3485 109 27278 19555 216
internal_count=40369 39592 8036 31556 7953 5629 2324 1648 1411 698 274 424 202 96 222 4176 1992 1147 845 132 91 237 166 30805 27320 3485 109 27278 19555 216
is_linear=0
shrinkage=0.03


Tree=274
num_leaves=31
num_cat=0
split_feature=12 14 1 26 8 39 5 1 0 14 10 41 9 4 11 25 38 7 25 0 40 8 17 5 25 7 5 4 4 10
split_gain=4.05974 2.97411 2.76704 3.67524 1.69069 1.67557 1.53454 1.47493 2.2324 2.09399 3.13699 2.402 2.10152 1.95279 1.94758 2.4925 1.92565 1.70109 1.41666 1.32656 1.80183 2.43074 4.96302 2.50153 2.92675 2.25194 1.94892 1.97825 2.46186 2.7022
threshold=364.06333333333345 559.03500000000008 3.5000000000000004 41504.460000000006 685.68125000000009 3.100000000000009 73551.500000000015 1.0000000180025095e-35 5.5000000000000009 122.22250000000001 120.08500000000002 10093.469864818015 -0.068749999999999992 110.50000000000001 116.10625 138.40421875000001 91.915000000000035 5.8697916666666687 9.5979687500000015 16.500000000000004 -36.061249999999994 114.11875000000002 2331.9928100000006 44801.437500000007 174.64854166666666 4.5156250000000009 36000.812500000007 172.50000000000003 197.50000000000003 76.191250000000011
decision_type=10 10 2 10 2 8 2 2 2 10 10 8 10 2 10 10 10 2 8 2 10 2 8 2 10 2 2 2 2 10
left_child=1 5 -2 4 -4 6 7 8 14 10 11 13 -11 17 -1 -16 -17 -10 -9 20 -20 25 -23 24 -24 -22 27 -27 29 -29
right_child=2 -3 3 -5 -6 -7 -8 18 9 12 -12 -13 -14 -15 15 16 -18 -19 19 -21 21 22 23 -25 -26 26 -28 28 -30 -31
leaf_value=0.0029206125071969428 1.025951901885567 -0.9062074797342955 0.31145301865426472 -0.78713841535315299 -1.0407905690331014 -0.067515056596570394 0.056783916872247583 0.033994718941131645 -0.40908868664118636 -0.18043405671091731 -0.17434152416557885 0.07523486049920379 0.29928218536037454 -0.00025260311516904889 -0.37746135552440879 0.0041325916615050865 -1.3392364966266002 -0.052104084515015511 0.0078888651431683523 0.014530510493358861 0.03895790383271322 -0.20743969092620201 -0.085994858909648281 -0.012936791598073595 -0.41837093942528647 0.031218596138920092 -0.0045212341805045244 -0.20748229048423936 -0.11420158149625367 -0.61851483845940169
leaf_weight=1089 1072 59 626 55 46 315 1010 754 50 48 41 1153 1691 925 55 195 50 84 5960 8965 3006 57 1486 4806 103 213 5846 40 464 47
leaf_count=1089 1072 59 626 55 46 315 1010 754 50 48 41 1153 1691 925 55 195 50 84 5960 8965 3006 57 1486 4806 103 213 5846 40 464 47
internal_value=0.0001891 0.00012401 0.00158167 0.000152473 0.000766716 0.00013442 0.000152442 0.000121038 0.000580268 0.000940646 0.000336735 0.000490737 0.00172241 -0.000540566 -0.000455396 -0.00259136 -0.00128049 -0.00391111 4.31839e-05 1.19056e-05 -0.000113305 -0.000278549 -0.000728963 -0.000649625 -0.00168113 2.37081e-05 -0.000285887 -0.0017098 -0.00265761 -0.00726136
internal_weight=40311 38512 1799 727 672 38453 38138 37128 5381 3992 2253 2212 1739 1059 1389 300 245 134 31747 30993 22028 16068 6452 6395 1589 9616 6610 764 551 87
internal_count=40311 38512 1799 727 672 38453 38138 37128 5381 3992 2253 2212 1739 1059 1389 300 245 134 31747 30993 22028 16068 6452 6395 1589 9616 6610 764 551 87
is_linear=0
shrinkage=0.03


Tree=275
num_leaves=31
num_cat=0
split_feature=9 6 5 28 4 7 31 30 29 7 31 12 6 5 39 39 8 28 16 8 29 6 39 29 6 34 4 35 37 13
split_gain=3.35043 1.94259 1.50786 2.58466 2.56526 1.81477 3.86411 1.56225 3.4332 7.95596 2.21763 1.8619 2.0198 1.77375 1.71688 1.53398 2.73114 1.51066 2.2936 1.42568 2.04072 1.67134 1.55807 1.44143 2.14739 2.0189 1.87622 2.5126 1.71008 1.66374
threshold=494.55500000000006 30.328193832599123 59563.500000000007 44506.312500000007 56.500000000000007 10.206597222222223 194.29750000000004 103.37875000000001 103.45125000000002 7.3072916666666687 111.17500000000003 45.749375000000008 8.4407488986784163 55881.062500000007 -15.904999999999999 7.454999999999985 1.2937500000000004 41742.562500000007 4157.1395232446439 637.25625000000014 272.56125000000003 26.651541850220269 -112.37249999999999 106.09875000000001 21.669823788546257 105.25500000000001 266.50000000000006 -14.974999999999996 111.355 351.34500000000008
decision_type=10 2 2 8 2 2 10 10 10 2 10 8 2 2 10 8 2 10 10 2 10 2 8 8 2 10 2 10 10 10
left_child=1 2 4 5 7 -4 -7 11 9 -9 -10 12 13 -1 -12 -5 -17 -14 -19 21 -21 22 -6 -24 25 26 -25 -28 29 -27
right_child=-2 -3 3 15 19 6 -8 8 10 -11 14 -13 17 -15 -16 16 -18 18 -20 20 -22 -23 23 24 -26 28 27 -29 -30 -31
leaf_value=-0.20749843506686252 2.0437744660751216 0.093663310955042878 0.10039959075937699 0.0038170212033773656 0.035701843816733733 0.086187459128140451 -0.86538439266848066 -0.039211031104613991 -0.37708957303415697 -1.119594286483895 -0.083646087119433971 0.0053667940517390308 0.047444151033775035 -0.053234147341287327 0.075761787459451613 -0.18132488282367276 0.022974939981706886 -0.20993556898867968 0.007782190740181022 -0.017581249811333202 -0.66773186066611911 0.13494267430900442 0.0097428189538106176 -0.057296189576478772 0.072586860285457758 -0.0067649211750275768 -0.15641432759928942 -0.54701105863341604 -0.82631330964640903 -0.92114762451503174
leaf_weight=73 622 614 3284 4397 1541 92 55 97 48 53 236 1171 116 51 127 40 47 40 59 1659 49 751 14992 531 1535 7887 53 41 119 80
leaf_count=73 622 614 3284 4397 1541 92 55 97 48 53 236 1171 116 51 127 40 47 40 59 1659 49 751 14992 531 1535 7887 53 41 119 80
internal_value=0.0002343 0.000200156 0.00017392 0.000543835 8.03898e-05 0.00116346 -0.00208784 -0.000939672 -0.00229004 -0.00615894 -0.000866505 -0.000436797 -0.00239118 -0.005424 -5.76922e-05 6.95653e-05 -0.00385227 -0.000625 -0.00333 0.000152673 -0.000688122 0.00020486 0.000165683 0.000109117 -0.000165121 -0.000347452 -0.00198882 -0.00587368 -0.000220354 -0.000166792
internal_weight=40460 39838 39224 7915 31309 3431 147 2071 561 150 411 1510 339 124 363 4484 87 215 99 29238 1708 27530 26779 25238 10246 8711 625 94 8086 7967
internal_count=40460 39838 39224 7915 31309 3431 147 2071 561 150 411 1510 339 124 363 4484 87 215 99 29238 1708 27530 26779 25238 10246 8711 625 94 8086 7967
is_linear=0
shrinkage=0.03


Tree=276
num_leaves=31
num_cat=0
split_feature=33 1 31 4 13 1 7 27 32 32 5 4 12 10 29 39 29 0 10 32 7 31 6 3 29 6 28 28 12 4
split_gain=3.63428 3.50593 1.98546 3.71024 3.29182 2.18146 1.77505 1.73342 2.02327 1.72559 1.69222 2.93763 4.75672 2.23111 1.68083 2.73042 1.56562 1.5013 1.42481 1.89373 2.22823 1.38279 1.31241 1.42965 1.30496 1.42549 1.29886 2.86239 1.25326 1.23884
threshold=266.24500000000006 3.5000000000000004 179.15000000000001 348.50000000000006 119.48000000000002 1.0000000180025095e-35 10.565972222222223 27931.895833333339 172.70500000000001 140.27500000000003 54656.250000000007 267.50000000000006 296.20833333333337 396.59500000000008 212.10875000000001 -27.749999999999993 411.98000000000008 22.500000000000004 410.13500000000005 135.09500000000003 6.352430555555558 240.69000000000003 19.161453744493397 1.0000000180025095e-35 191.03375000000003 5.4068281938325997 37338.312500000007 39265.812500000007 89.961614583333358 140.50000000000003
decision_type=8 2 10 2 10 2 2 10 10 10 2 2 10 10 10 10 10 2 10 10 2 10 2 2 10 2 10 10 10 2
left_child=2 -2 9 5 -5 -4 7 14 21 17 11 16 -13 -14 15 -7 18 -1 -3 -20 -21 24 23 28 25 -9 -27 -28 -11 -29
right_child=1 10 3 4 -6 6 -8 8 -10 22 -12 12 13 -15 -16 -17 -18 -19 19 20 -22 -23 -24 -25 -26 26 27 29 -30 -31
leaf_value=0.0038178930060391745 0.34931379844082089 0.022664995795552458 0.42582365993568932 -0.99627902532950585 -0.018256025946030725 0.08070381925533246 -0.40759581358559027 0.12333277185335331 0.016099093693655434 -0.072300588412968686 0.12217791497760656 0.038422084046913649 -1.238348061612321 -0.79245371078959959 0.042791491636124279 -0.18518872461816385 1.272760510499156 -0.032112344593977771 -0.8340011033633794 0.40470139726000282 -0.9393551065318495 -0.15544413251804987 0.22881990537623997 -0.2825886561293155 0.011076433033335012 -0.061280433081991256 -0.53128067562886949 -0.15843165707446563 0.056187387298799969 0.095535223905595615
leaf_weight=28488 2329 517 337 54 50 61 47 54 1578 233 588 120 41 44 95 94 299 1243 70 97 40 161 759 78 383 79 45 51 2505 54
leaf_count=28488 2329 517 337 54 50 61 47 54 1578 233 588 120 41 44 95 94 299 1243 70 97 40 161 759 78 383 79 45 51 2505 54
internal_value=0.000189482 0.00103111 9.3745e-05 -0.000626908 -0.00617143 -0.000435197 -0.000719201 -0.000615587 -0.00036783 0.000161768 4.2928e-05 -0.000590724 -0.00385922 -0.00924419 -0.00298805 -0.00490385 6.73829e-05 8.68762e-05 -0.000686896 -0.00278365 -0.000717391 -0.00156884 0.000784396 0.000485623 -0.000962519 -0.00250352 -0.00353478 -0.00516556 0.000600219 -0.00240566
internal_weight=40594 4145 36449 3143 104 3039 2702 2655 2405 33306 1816 1228 205 85 250 155 1023 29731 724 207 137 827 3575 2816 666 283 229 150 2738 105
internal_count=40594 4145 36449 3143 104 3039 2702 2655 2405 33306 1816 1228 205 85 250 155 1023 29731 724 207 137 827 3575 2816 666 283 229 150 2738 105
is_linear=0
shrinkage=0.03


Tree=277
num_leaves=31
num_cat=0
split_feature=30 13 39 1 1 8 32 5 40 15 27 13 12 30 28 33 9 13 8 11 32 5 13 40 12 14 2 13 27 10
split_gain=3.69076 2.19334 2.69662 2.21835 1.87202 1.76001 2.24083 1.69915 3.67466 1.68733 1.65871 2.1934 1.61839 1.32151 2.85817 2.30935 2.08555 2.115 1.90461 1.89785 1.88479 1.59508 1.69817 2.03817 1.71382 2.95756 1.96684 1.57308 2.83505 1.88184
threshold=297.03000000000003 163.53000000000003 -1.0000000180025095e-35 3.5000000000000004 1.0000000180025095e-35 0.11250000000000002 10.001250000000001 51956.250000000007 -70.014999999999986 513.26479166666684 50204.400572916675 50.845000000000006 18.972500000000004 174.89500000000001 51513.861562500009 144.3425 114.52250000000002 67.617500000000021 310.42500000000007 74.260000000000005 34.602500000000013 73551.500000000015 75.510000000000019 -27.050000000000001 158.6960416666667 218.24000000000004 9.5000000000000018 66.307500000000019 37931.233072916679 73.865000000000023
decision_type=10 10 10 2 2 2 10 2 10 10 10 10 10 8 10 10 10 10 2 10 10 2 8 10 8 10 2 10 10 10
left_child=4 2 -2 -3 5 -1 7 8 -7 -5 12 -12 -8 15 21 16 17 27 -17 -18 -21 22 23 -15 25 26 -24 -6 -29 -30
right_child=1 3 -4 9 13 6 10 -9 -10 -11 11 -13 -14 14 -16 18 19 -19 -20 20 -22 -23 24 -25 -26 -27 -28 28 29 -31
leaf_value=0.00044898449522958958 0.27614668056204633 0.86401299724408287 -0.75525728341690868 0.12307589236971028 -0.00094193885700068669 -0.13960851816180653 -0.033481608533833682 0.058376441334807003 -0.00090814311510379957 -1.1053074351290488 -0.062946535400470016 0.14191240850692122 0.28220110653682839 -0.1442440524440774 -0.26936341706758643 0.050803721026251185 0.042968995395900475 0.049555177748073248 -0.024994799983181944 -0.23604514675858596 -0.044524584868709347 0.12927353844600409 -0.042497306587355267 0.33011019377860801 -0.035104153803396244 -0.46043795754635497 -0.27909635393680826 0.19258014095142836 -0.25879673951848881 -0.11074579273047022
leaf_weight=2409 87 1187 75 909 16463 78 193 312 665 62 50 60 1791 99 60 5585 300 3104 1189 66 1268 283 200 411 3183 46 47 50 41 74
leaf_count=2409 87 1187 75 909 16463 78 193 312 665 62 50 60 1791 99 60 5585 300 3104 1189 66 1268 283 200 411 3183 46 47 50 41 74
internal_value=0.000208709 0.0013701 -0.00198773 0.00162297 0.00013782 0.000646519 0.00111333 -1.42044e-05 -0.000794355 0.000558642 0.00168115 -0.00189189 0.0018801 5.07239e-05 -0.000437182 0.000125795 -2.72382e-05 5.80754e-05 0.000608413 -0.00105688 -0.00154157 -0.000344965 -0.000499624 0.00111546 -0.000736842 -0.00292857 -0.00160887 -7.61319e-05 -0.00298193 -0.00556034
internal_weight=40347 2320 162 2158 38027 5558 3149 1055 743 971 2094 110 1984 32469 4329 28140 21366 19732 6774 1634 1334 4269 3986 510 3476 293 247 16628 165 115
internal_count=40347 2320 162 2158 38027 5558 3149 1055 743 971 2094 110 1984 32469 4329 28140 21366 19732 6774 1634 1334 4269 3986 510 3476 293 247 16628 165 115
is_linear=0
shrinkage=0.03


Tree=278
num_leaves=31
num_cat=0
split_feature=13 14 1 34 1 4 15 4 5 13 14 25 36 36 41 15 1 27 32 0 25 40 34 11 6 4 12 25 28 21
split_gain=3.68827 2.19824 2.06236 1.82599 1.78903 2.59286 4.14002 1.8005 4.65478 4.69313 2.19102 3.06645 1.72983 1.65279 2.37813 1.80928 2.90264 2.38999 1.75276 1.64319 1.62011 1.59991 2.81307 1.59027 1.54685 1.52426 1.44566 2.23122 1.87518 1.66384
threshold=195.09500000000003 559.03500000000008 3.5000000000000004 244.01000000000002 1.0000000180025095e-35 350.50000000000006 88.211041666666674 110.50000000000001 46601.375000000007 39.900000000000013 103.04000000000001 81.920885416666678 52.050000000000004 12.200000000000005 -709.31347920823816 165.49833333333336 2.5000000000000004 26340.312500000004 155.27500000000003 20.500000000000004 9.5979687500000015 -27.608749999999997 87.045000000000016 98.215000000000018 7.6072687224669613 94.500000000000014 20.943177083333335 17.516145833333336 45684.93703125001 1.0000000180025095e-35
decision_type=10 10 2 10 2 2 10 2 2 10 10 10 10 10 10 8 2 10 10 2 10 10 10 10 2 2 10 10 10 2
left_child=1 4 3 12 5 7 -7 8 9 25 11 19 -2 15 -15 17 -17 -6 20 21 -19 22 -10 -13 -21 -1 27 28 -22 -28
right_child=2 -3 -4 -5 13 6 -8 -9 10 -11 -12 23 -14 14 -16 16 -18 18 -20 24 26 -23 -24 -25 -26 -27 29 -29 -30 -31
leaf_value=0.058103048465531791 0.039160457113267891 -0.76735909389073242 0.027444512128395999 0.44434453257881057 -0.13878969176625788 0.0097611922696229196 -0.53567406019393515 0.068502674844452646 -0.28147935180454886 -0.34910983722449374 0.13120807691545822 -0.13155684089888803 -0.29631456636947445 0.07346092221926577 -0.33679891443429816 0.022134596236502845 -0.10438621227699092 0.034267776265943718 0.085488807523869378 -0.094598298598441197 0.012095410510137036 0.043722654278577862 0.016895149899096403 -0.11000835020991105 0.027915893211390836 -0.11564035374084393 -0.0012863680802173904 -0.05679858756533708 -0.10611743459478702 0.11335287443834767
leaf_weight=65 131 58 1525 1613 92 115 82 3548 49 42 855 40 46 2212 47 1055 1549 735 1751 40 585 413 82 51 42 98 22096 804 57 628
leaf_count=65 131 58 1525 1613 92 115 82 3548 49 42 855 40 46 2212 47 1055 1549 735 1751 40 585 413 82 51 42 98 22096 804 57 628
internal_value=0.00017671 9.12294e-05 0.0011354 0.0018258 0.00010042 0.000598588 -0.00277273 0.000723808 -5.56804e-05 -0.00429612 0.000499682 -0.000722841 -0.0010618 1.33811e-05 0.000795133 -4.68094e-05 -0.000801535 2.66927e-05 4.34409e-05 2.87082e-05 -2.10791e-05 0.000627523 -0.00225 -0.00583696 -0.00390361 -0.00195732 -6.32989e-05 -0.000982723 0.000335925 -4.75236e-06
internal_weight=40506 37191 3315 1790 37133 5522 197 5325 1777 205 1572 717 177 31611 2259 29352 2604 26748 26656 626 24905 544 131 91 82 163 24170 1446 642 22724
internal_count=40506 37191 3315 1790 37133 5522 197 5325 1777 205 1572 717 177 31611 2259 29352 2604 26748 26656 626 24905 544 131 91 82 163 24170 1446 642 22724
is_linear=0
shrinkage=0.03


Tree=279
num_leaves=31
num_cat=0
split_feature=24 7 39 0 8 7 27 32 29 40 38 7 13 16 34 15 8 5 27 15 34 32 8 5 23 13 12 9 0 37
split_gain=3.38625 2.00684 1.65427 2.39887 1.59525 1.83406 1.71386 1.51691 2.3022 1.54464 2.03221 3.14025 1.75436 1.88897 1.8306 2.0779 2.72209 1.70878 2.02277 1.6042 1.32617 2.50863 1.2979 1.17342 1.16766 1.92445 4.34326 2.34104 4.25551 3.54351
threshold=427.28500000000003 7.2760416666666687 7.454999999999985 6.5000000000000009 748.46250000000009 4.2760416666666687 36934.853928894932 219.715 257.12000000000006 2.6800000000000037 14.229999999999995 3.220486111111112 79.02500000000002 1703.9060885506935 73.015000000000015 18.972500000000004 0.13750000000000004 41305.187500000007 38178.666666666672 124.51536458333335 79.735000000000014 56.865000000000002 0.75625000000000009 36766.687500000007 2.5000000000000004 31.662500000000005 70.23145833333335 59.966250000000009 6.5000000000000009 -15.605000000000002
decision_type=10 2 8 2 2 2 10 10 10 10 10 2 10 8 10 10 2 2 10 10 10 10 2 2 2 10 10 10 2 10
left_child=2 23 4 -4 5 6 -1 8 9 12 17 -12 13 -8 -15 16 -16 18 -11 20 21 -17 -23 -2 25 26 27 -7 29 -29
right_child=1 -3 3 -5 -6 24 7 -9 -10 10 11 -13 -14 14 15 19 -18 -19 -20 -21 -22 22 -24 -25 -26 -27 -28 28 -30 -31
leaf_value=0.075610095448775227 -0.88910829081418719 -0.24559107039696648 -0.20318508418479592 -0.015564904250868837 -0.032668810320802426 0.0033614131076594605 0.034018661076937851 0.37575771239389738 -0.17105355828640117 -0.46535429180247911 -0.28847387664807694 -0.033282124605786313 0.075478430239320771 0.031512814989600749 -0.014044239017909813 -0.27722142312265935 -0.39155367054578194 0.022095051685047478 -0.029001358677863357 -0.47108672109156174 -0.0043399925921862714 -0.25293902190124512 0.047759288379934033 1.684911393530786 0.0096043335024557797 -0.016203680230744203 0.20464558314981612 -0.076925640680309909 -0.030695252705202694 -0.39977254056653999
leaf_weight=3146 51 52 55 207 758 3552 1627 319 90 45 60 98 1218 542 44 40 42 588 170 63 1007 49 85 938 12575 9956 1547 130 1204 101
leaf_count=3146 51 52 55 207 758 3552 1627 319 90 45 60 98 1218 542 44 40 42 588 170 63 1007 49 85 938 12575 9956 1547 130 1204 101
internal_value=0.000157508 0.00184549 0.00011277 -0.00225855 0.000128735 0.000155722 0.000524042 0.000230125 0.000118565 0.000194401 -0.000901247 -0.004 0.000417762 7.62858e-05 -0.000573412 -0.00117205 -0.00565517 -0.000287313 -0.00256944 -0.000857831 -0.000606599 -0.00301714 -0.00102222 0.00214848 3.87051e-05 -0.000127342 0.000272686 -0.00015818 -0.00118036 -0.00490086
internal_weight=40359 1041 39318 262 39056 38298 9233 6087 5768 5678 961 158 4717 3499 1872 1330 86 803 215 1244 1181 174 134 989 29065 16490 6534 4987 1435 231
internal_count=40359 1041 39318 262 39056 38298 9233 6087 5768 5678 961 158 4717 3499 1872 1330 86 803 215 1244 1181 174 134 989 29065 16490 6534 4987 1435 231
is_linear=0
shrinkage=0.03


Tree=280
num_leaves=31
num_cat=0
split_feature=24 28 5 28 39 7 4 25 36 26 39 8 28 2 27 7 27 13 0 39 5 30 4 15 9 0 13 33 32 24
split_gain=3.57318 1.70065 1.90287 1.75544 1.65786 1.49702 1.92638 1.69049 1.8486 1.86763 1.61601 1.59673 1.93695 3.67357 1.45369 2.59724 2.44393 1.74421 2.08331 1.99829 1.9844 1.94675 1.75835 1.79172 3.13555 2.22867 2.88563 1.53346 1.50074 2.50995
threshold=493.73500000000007 34271.375000000007 49202.937500000007 33777.187500000007 1.0000000180025095e-35 5.5538194444444455 108.50000000000001 417.90270833333335 -5.2962500000000068 36618.466250000005 -5.7487500000000002 290.38750000000005 32697.312500000004 6.5000000000000009 35711.916666666672 4.633680555555558 36652.104166666672 -29.089999999999996 3.5000000000000004 -5.407499999999998 47101.562500000007 4.8950000000000005 104.50000000000001 80.841250000000016 49.035000000000004 21.500000000000004 1.9200000000000002 109.14500000000002 127.64875000000002 110.00250000000001
decision_type=10 10 2 10 10 2 2 10 10 10 10 2 10 2 8 2 8 10 2 10 2 10 2 10 10 2 10 10 10 10
left_child=1 2 3 5 -4 6 -1 8 9 -7 -10 -8 -13 -14 15 28 -16 -17 -19 20 21 -20 -23 24 -24 26 -26 -28 29 -3
right_child=-2 14 4 -5 -6 7 11 -9 10 -11 -12 12 13 -15 16 17 -18 18 19 -21 -22 22 23 -25 25 -27 27 -29 -30 -31
leaf_value=-0.13803173759634127 2.0368302736552111 0.026626817919013182 0.13567871869173068 0.068734518651597257 -0.16752512715369386 -0.032039286545287184 0.082182313545112948 -1.5357407014764626 0.011051748587780047 -0.22928878771414471 -0.12463887877035068 0.0050152618546286769 -0.35696103139310231 0.20094541070637184 0.091895894804524356 -0.18178842606473108 0.0016953358134578933 0.040030968456442474 -0.55557681598518094 -0.22118953342382283 0.0086002739616109249 -0.41656712049729722 0.0016720362402369495 0.038928519443728785 -0.30104679586058619 0.1021226461345708 -0.31046483616919801 -0.030507341356533237 0.27034019854107949 -0.18920770359161815
leaf_weight=121 614 878 2048 820 51 227 2068 76 1713 57 472 870 51 41 1707 72 26028 432 43 303 590 51 223 376 61 53 49 85 237 120
leaf_count=121 614 878 2048 820 51 227 2068 76 1713 57 472 870 51 41 1707 72 26028 432 43 303 590 51 223 376 61 53 49 85 237 120
internal_value=0.00018923 0.000154268 0.000527507 0.000274359 0.00131286 8.74145e-05 0.000524429 -0.000453653 -0.000317004 -0.00258947 -2.05854e-05 0.000673045 -0.000336448 -0.00445161 5.15508e-05 -0.000517907 0.000124928 -0.0011056 -0.000958094 -0.00139945 -0.000957572 -0.0018121 -0.00150834 -0.00117807 -0.0024089 -0.00472289 -0.00619898 -0.00368889 0.00059466 8.40842e-05
internal_weight=40537 39923 8615 6516 2099 5696 3151 2545 2469 284 2185 3030 962 92 31308 3573 27735 2338 2266 1834 1531 941 898 847 471 248 195 134 1235 998
internal_count=40537 39923 8615 6516 2099 5696 3151 2545 2469 284 2185 3030 962 92 31308 3573 27735 2338 2266 1834 1531 941 898 847 471 248 195 134 1235 998
is_linear=0
shrinkage=0.03


Tree=281
num_leaves=31
num_cat=0
split_feature=27 27 29 5 36 27 12 5 12 12 22 25 13 12 12 25 24 10 31 27 17 8 5 7 8 12 14 39 29 15
split_gain=3.13301 2.86356 3.45907 3.55021 2.54737 2.09776 2.03669 4.91655 1.87724 1.66833 3.05794 2.77492 1.88437 4.52137 2.56242 4.1367 3.36285 2.04218 1.77971 1.76189 2.14689 1.70238 2.6688 2.13828 3.26617 1.99709 3.09184 2.93777 2.80635 2.29397
threshold=25684.145833333339 26213.354166666668 183.90125000000003 39056.250000000007 14.875000000000002 27049.395833333336 458.07729166666678 58706.250000000007 150.27250000000004 246.2154166666667 1.0000000180025095e-35 311.9752083333334 40.170000000000009 73.045937500000022 54.599375000000002 57.07416666666667 54.29375000000001 -0.0099999999999999482 48.025000000000013 35064.09223958334 1272.1377000000002 230.68125000000001 45303.500000000007 7.8489583333333348 375.26875000000007 87.752083333333346 99.290000000000006 -36.179999999999964 104.48125000000002 88.688541666666694
decision_type=8 8 10 2 10 8 10 2 10 10 2 10 8 10 8 8 10 10 10 10 8 2 2 2 2 10 8 10 10 10
left_child=8 2 -2 -4 -5 -3 9 -8 -1 11 -11 12 13 -7 16 -16 18 -15 -14 -19 -21 25 -23 -24 -25 26 29 -28 -29 -17
right_child=1 5 3 4 -6 6 7 -9 -10 10 -12 -13 14 17 15 21 -18 19 -20 20 -22 22 23 24 -26 -27 27 28 -30 -31
leaf_value=-0.13738130484278618 0.012628839739503746 0.31685946613292032 -0.83642777136000868 0.013092255390340469 -1.0916932093792824 0.001085939586123308 -2.1678549933627846 0.11992970811235698 0.71746273799160853 0.15026153526651115 -0.53976019136236653 -0.84462179400693993 -0.045845864551986207 -0.11063505284974416 0.083620631208354737 0.027456590341100418 0.024167533484010951 0.3363340581490839 -0.11586910944960253 0.23215031873825773 0.024753550322298968 -0.17625553495839705 -0.0049941899812570769 -0.024745524620429865 -0.468481293088369 0.0097878777472996115 0.013619317969852753 -0.066467839033561529 -0.27427002136045792 -0.18643644819243682
leaf_weight=74 156 677 40 90 56 14472 41 84 1300 2091 41 42 85 91 1370 1119 91 874 40 963 2088 780 2869 138 90 9278 404 863 194 45
leaf_count=74 156 677 40 90 56 14472 41 84 1300 2091 41 42 85 91 1370 1119 91 874 40 963 2088 780 2869 138 90 9278 404 863 194 45
internal_value=0.000172097 0.000122687 -0.00260641 -0.00535829 -0.00314286 0.00014679 0.000117393 -0.00369048 0.00157964 0.000130006 0.000945148 8.15668e-05 9.06988e-05 0.000301477 -0.000133702 -9.27059e-05 -0.00337327 0.00119193 -0.00654762 0.00129521 0.000954456 -0.000230023 -0.000775915 -0.000380568 -0.00317031 -5.21672e-05 -0.000782559 -0.00170109 -0.00253214 0.000370816
internal_weight=40546 39172 342 186 146 38830 38153 125 1374 38028 2132 35896 35854 18488 17366 17150 216 4016 125 3925 3051 15780 3877 3097 228 11903 2625 1461 1057 1164
internal_count=40546 39172 342 186 146 38830 38153 125 1374 38028 2132 35896 35854 18488 17366 17150 216 4016 125 3925 3051 15780 3877 3097 228 11903 2625 1461 1057 1164
is_linear=0
shrinkage=0.03


Tree=282
num_leaves=31
num_cat=0
split_feature=27 27 38 24 27 41 5 0 17 38 24 37 11 4 6 14 4 15 13 14 13 0 28 7 8 1 4 5 25 8
split_gain=3.52294 3.32322 3.91465 2.39313 2.04955 1.68856 1.6989 1.44009 2.08293 1.99239 2.0386 1.96709 2.25784 1.83444 2.11513 2.00093 1.98187 1.88638 1.82019 9.01441 2.51634 2.62 3.30933 2.63414 1.89839 1.81747 3.45249 3.46258 4.50568 2.84011
threshold=25684.145833333339 26213.354166666668 73.275000000000006 342.60500000000008 27049.395833333336 15137.378188506284 74143.750000000015 14.500000000000002 1272.1377000000002 -87.804999999999993 4.4375000000000009 23.305000000000007 27.995000000000001 50.500000000000007 10.983480176211456 47.195 259.50000000000006 221.41520833333337 19.460000000000004 113.44500000000001 1.0000000180025095e-35 2.5000000000000004 36715.773593750004 4.7343750000000027 454.14375000000007 2.5000000000000004 124.50000000000001 33356.250000000007 90.362291666666678 1.0000000180025095e-35
decision_type=8 8 10 10 8 10 2 2 10 10 10 10 10 2 2 10 2 10 10 10 10 2 10 2 2 2 2 2 10 2
left_child=-1 2 -2 -4 -3 6 7 8 13 -10 -11 -12 -13 15 -15 -6 25 -17 20 -20 21 22 -18 -23 -21 26 -16 28 -28 -27
right_child=1 4 3 -5 5 -7 -8 -9 9 10 11 12 -14 14 16 17 18 -19 19 24 -22 23 -24 -25 -26 29 27 -29 -30 -31
leaf_value=0.44175482443124325 0.011849636474304941 0.31818533103235958 -1.2549371319960549 -0.56197631074942855 -0.22285445202270981 0.10569941352193671 0.048979691495270448 0.010068867242112832 -0.63781438327023854 0.005407643064238939 -0.041899189444460229 0.0068303027332852805 -0.36529063145880364 0.027836748736011718 -0.1198613317792076 -0.013270365587151349 -0.25601906203341107 -0.21135544302991813 -0.66883145018003376 -0.05026264136339665 0.053635140374860453 -0.52541563477638864 -0.0029347362390416652 0.028387235499909975 -0.6211699743671889 0.018754017552440768 0.0010605123104503989 0.096909129573348518 -0.71854908934023232 -0.061313425879946051
leaf_weight=1380 192 689 57 115 49 562 932 13691 40 1223 2662 41 56 6575 427 2497 45 119 45 1223 650 56 43 173 89 2373 135 2436 47 1952
leaf_count=1380 192 689 57 115 49 562 932 13691 40 1223 2662 41 56 6575 427 2497 45 119 45 1223 650 56 43 173 89 2373 135 2436 47 1952
internal_value=0.000140037 8.75623e-05 -0.00276164 -0.00603468 0.000114342 8.50245e-05 6.05909e-05 2.84055e-05 -0.000116827 -0.000736763 -0.000668842 -0.00112065 -0.00529592 1.48932e-05 0.000134419 -0.000714554 -0.000147292 -0.000600688 -0.000910968 -0.00161929 8.36778e-05 -0.00210377 -0.00647191 -0.000404348 -0.0011607 9.36102e-05 0.000654957 0.001063 -0.00291803 -0.000301664
internal_weight=40574 39194 364 172 38830 38141 37579 36647 22956 4022 3982 2759 97 18934 16269 2665 9694 2616 2324 1357 967 317 88 229 1312 7370 3045 2618 182 4325
internal_count=40574 39194 364 172 38830 38141 37579 36647 22956 4022 3982 2759 97 18934 16269 2665 9694 2616 2324 1357 967 317 88 229 1312 7370 3045 2618 182 4325
is_linear=0
shrinkage=0.03


Tree=283
num_leaves=31
num_cat=0
split_feature=24 7 28 12 11 38 11 32 6 1 7 30 6 7 9 41 10 5 10 9 8 27 35 34 0 10 6 9 17 25
split_gain=3.96311 1.49252 1.81812 1.41205 1.3843 2.36443 2.1172 1.35018 2.32124 2.34638 2.4442 2.18447 3.26792 2.13307 1.8204 2.18324 1.76547 1.76258 2.20414 1.57246 1.51501 1.81884 1.52715 1.70509 1.47183 2.05113 1.72648 1.82254 1.88295 1.5389
threshold=493.73500000000007 3.6475694444444451 55370.35796875001 40.351041666666674 31.235000000000003 -54.109999999999992 13.465000000000002 140.27500000000003 21.29162995594714 1.5000000000000002 5.571180555555558 170.56250000000003 7.3323788546255519 11.411458333333337 102.69500000000001 11520.896287160447 93.00500000000001 39206.250000000007 103.33125000000001 89.065000000000012 228.15625000000003 41511.897760416679 11.803749999999999 159.44500000000002 22.500000000000004 19.398750000000003 13.994933920704847 63.045000000000009 11097.837585000003 174.64854166666666
decision_type=10 2 10 10 10 10 10 10 2 2 2 10 2 2 10 10 10 2 8 10 2 10 10 10 2 10 2 10 10 10
left_child=1 3 7 4 5 -1 -7 14 9 -9 -11 13 -13 16 15 19 -12 -16 20 24 21 -19 23 -23 26 -26 29 -28 -29 -3
right_child=-2 2 -4 -5 -6 6 -8 8 -10 10 11 12 -14 -15 17 -17 -18 18 -20 -21 -22 22 -24 -25 25 -27 27 28 -30 -31
leaf_value=-0.18673439914944717 1.9557236137875418 0.0095969241972867353 -0.14878759013942788 0.044443948794295404 0.079520350422160269 0.018684465500019849 -0.073599635424246704 0.11292765571063826 0.23758033087611866 0.046679231940301415 -0.29681533794387466 0.023278613498956428 -0.19133590092994024 -0.47538147109302648 -0.16070190214327149 0.25129842271835284 0.057675564271113533 0.026863924585166805 0.0036078380998726079 0.047410475919698034 -0.18399000871989088 -0.024825489395353995 -0.17203998497178849 -0.23542905639011702 -0.12980730243450295 -0.034629835898436295 0.00091102230852715428 -0.055400013901774486 -0.53073967141044287 -0.22042677155672707
leaf_weight=40 629 8606 75 4864 195 207 80 1728 883 2362 44 538 820 42 574 353 783 712 4459 2886 307 371 62 44 45 618 5444 2442 40 43
leaf_count=40 629 8606 75 4864 195 207 80 1728 883 2362 44 538 820 42 574 353 783 712 4459 2886 307 371 62 44 45 618 5444 2442 40 43
internal_value=0.000205921 0.000168423 9.5473e-05 0.000632634 -0.000848948 -0.00203963 -0.00107292 0.000105768 0.000470768 0.000269231 -8.56208e-05 -0.000798474 -0.00154967 0.000375862 8.44237e-06 0.000147524 0.000713768 -0.000427718 -0.000274513 0.000106435 -0.00127054 -0.000784033 -0.00221548 -0.00155048 -2.08818e-06 -0.00138705 5.33906e-05 -0.000266431 -0.000939992 0.000346474
internal_weight=40296 39667 34281 5386 522 327 287 34206 7200 6317 4589 2227 1358 869 27006 20477 827 6529 5955 20124 1496 1189 477 415 17238 663 16575 7926 2482 8649
internal_count=40296 39667 34281 5386 522 327 287 34206 7200 6317 4589 2227 1358 869 27006 20477 827 6529 5955 20124 1496 1189 477 415 17238 663 16575 7926 2482 8649
is_linear=0
shrinkage=0.03


Tree=284
num_leaves=31
num_cat=0
split_feature=24 33 9 13 8 41 6 13 27 8 4 18 36 7 25 15 15 5 28 0 26 28 7 40 16 30 39 8 14 28
split_gain=3.41441 1.27168 2.28722 2.64119 2.29444 1.98649 1.96967 2.72886 2.62305 4.12376 4.43774 2.55174 2.8329 2.33088 2.29379 3.0047 5.16478 2.20222 2.17446 2.07702 3.01539 2.5617 2.11759 2.09709 2.03982 2.84467 6.24246 2.06383 1.93701 2.99276
threshold=493.73500000000007 144.3425 102.69500000000001 71.550000000000026 728.60625000000016 11520.896287160447 6.4552863436123351 73.500000000000014 31804.515520833334 488.19375000000008 198.50000000000003 1.0000000180025095e-35 -6.7799999999999967 8.2309027777777803 104.26130208333335 100.75104166666667 93.899322916666691 48206.250000000007 44750.762812500012 6.5000000000000009 41504.460000000006 41911.937500000007 6.1718750000000018 7.8200000000000154 12524.676816973219 114.78375000000001 -39.431249999999984 0.38125000000000003 559.03500000000008 41302.407500000008
decision_type=10 10 10 8 2 10 2 10 8 2 2 2 10 2 10 10 10 2 10 2 10 10 2 10 8 10 10 2 10 10
left_child=1 2 3 5 -5 -1 18 11 13 14 -11 12 -8 17 -10 16 -16 -9 28 20 -17 -22 -23 -21 -13 -26 27 -27 -3 -30
right_child=-2 6 -4 4 -6 -7 7 8 9 10 -12 24 -14 -15 15 19 -18 -19 -20 23 21 22 -24 -25 25 26 -28 -29 29 -31
leaf_value=-0.00042900833143472459 1.9220402336729712 0.25273789895400078 -0.026844091697599808 0.11011736268572948 -0.18907823054000267 0.24114490450946863 0.0070486482312170744 0.0057157578010368368 0.13132045455423805 -0.024414086929162276 -0.80469567607683001 0.048975074762911498 0.20587774010686802 -0.15422883050499264 -0.10315565193039786 -0.071089560480117983 -0.5679412060395953 0.21954232681911334 0.0016030337816369876 0.022545218062230674 -1.4095270341684105 0.039981335614119352 -0.3697744302681214 -0.097445587324871449 0.014494508006467734 -0.48587949802745822 0.049723108112360699 -0.33106964427748703 0.4311573367391241 -0.39588583721269355
leaf_weight=19613 624 1738 3591 1930 40 274 1297 2480 281 92 76 567 1758 196 244 343 47 942 1185 1780 41 60 49 323 383 70 161 98 64 46
leaf_count=19613 624 1738 3591 1930 40 274 1297 2480 281 92 76 567 1758 196 244 343 47 942 1185 1780 41 60 49 323 383 70 161 98 64 46
internal_value=0.00017104 0.00013646 9.19497e-06 0.000124485 0.00117199 2.06658e-05 0.000362589 0.000180175 -0.000188066 -0.000794726 -0.00536095 0.000770934 0.00124182 0.000371373 -0.000550962 -0.000802978 -0.00368836 0.0005539 0.0010412 -0.000478244 -0.00222874 -0.00576159 -0.0033 -6.70151e-05 -0.000353906 -0.00142216 -0.00346364 -0.00749112 0.00168415 -0.00216216
internal_weight=40393 39769 25448 21857 1970 19887 14321 11288 6954 3336 168 4334 3055 3618 3168 2887 291 3422 3033 2596 493 150 109 2103 1279 712 329 168 1848 110
internal_count=40393 39769 25448 21857 1970 19887 14321 11288 6954 3336 168 4334 3055 3618 3168 2887 291 3422 3033 2596 493 150 109 2103 1279 712 329 168 1848 110
is_linear=0
shrinkage=0.03


Tree=285
num_leaves=31
num_cat=0
split_feature=12 6 8 16 5 11 39 39 7 13 4 33 8 4 7 27 13 12 12 5 28 34 34 5 4 29 7 5 6 13
split_gain=3.22888 1.72545 1.69372 1.67789 2.4182 2.36109 2.33168 2.19282 1.70246 2.18704 1.98655 2.00643 1.5972 1.60277 1.77371 3.18553 1.81763 1.66657 2.06987 1.58506 1.78448 2.29339 2.35461 2.08016 1.96576 3.96809 1.77503 2.72338 2.61969 1.76229
threshold=477.00062500000007 30.328193832599123 626.68750000000011 3394.0199921225399 35812.625000000007 182.59500000000003 -31.561249999999998 -4.1799999999999846 10.368055555555559 18.625000000000004 70.500000000000014 266.24500000000006 158.18125000000003 148.50000000000003 6.5052083333333348 30029.083333333336 20.340000000000003 74.281875000000014 71.37541666666668 75364.500000000015 38972.531250000007 471.74000000000007 96.035000000000011 57756.250000000007 272.50000000000006 343.93000000000006 8.0260416666666696 55705.625000000007 8.8337004405286361 140.65500000000003
decision_type=8 2 2 10 2 10 10 8 2 10 2 10 2 2 2 10 10 10 10 2 10 8 10 2 2 10 2 2 2 10
left_child=1 2 3 4 5 12 -7 -5 19 -10 -11 -12 13 -1 17 -16 -17 18 -15 20 23 22 -22 24 -6 29 -24 28 -28 -26
right_child=-2 -3 -4 7 8 6 -8 -9 9 10 11 -13 -14 14 15 16 -18 -19 -20 -21 21 -23 26 -25 25 -27 27 -29 -30 -31
leaf_value=0.069511262231336648 0.90776900911720082 0.078018008756104276 -0.025011992484290178 -0.0030525379314648815 0.044768357157217442 -0.40597294641505766 -0.52449184500098478 -0.083849603497600844 0.024541557133983691 -0.038584592279006694 -0.35716946843795294 0.02083300292254223 -0.19206929262563288 -0.04062959319988612 0.17579517725615704 -0.10932686045775186 -0.50182239458470201 0.046662925504438429 -0.2375306353413274 0.093570920767913401 -0.0078272563288059611 -0.29542860436331658 0.037371318736716258 0.23677707051474414 0.0098565754076057541 -2.0615347006772162 -1.108273370310574 0.031931605026046077 -0.092938180418749378 -0.22525306602483119
leaf_weight=292 594 618 1904 7016 9875 171 51 277 230 201 108 48 74 631 58 41 55 749 54 732 5119 57 7438 845 2206 44 42 417 193 327
leaf_count=292 594 618 1904 7016 9875 171 51 277 230 201 108 48 74 631 58 41 55 749 54 732 5119 57 7438 845 2206 44 42 417 193 327
internal_value=0.000196229 0.00016349 0.000138705 0.000183203 0.000282245 -0.000680753 -0.00360538 -0.000224979 0.000357422 -0.0012398 -0.0027067 -0.00523567 -0.000346803 -0.000175438 -0.00055129 -0.0036 -0.00692783 -0.000221603 -0.00129009 0.000391816 0.000353825 0.000107636 0.000133762 0.000599414 0.000501566 -0.00023623 0.000452355 -0.00104747 -0.00362288 -7.93211e-05
internal_weight=40467 39873 39255 37351 30058 2176 222 7293 27882 587 357 156 1954 1880 1588 154 96 1434 685 27295 26563 13266 13209 13297 12452 2577 8090 652 235 2533
internal_count=40467 39873 39255 37351 30058 2176 222 7293 27882 587 357 156 1954 1880 1588 154 96 1434 685 27295 26563 13266 13209 13297 12452 2577 8090 652 235 2533
is_linear=0
shrinkage=0.03


Tree=286
num_leaves=31
num_cat=0
split_feature=27 27 13 5 30 27 4 13 25 5 14 6 7 1 4 35 7 16 4 4 24 1 40 4 16 34 10 4 8 23
split_gain=3.46946 2.46367 3.74001 2.48805 2.04617 2.04178 1.47482 1.52061 1.46471 3.55463 1.68437 2.05684 2.40253 2.25869 2.00174 1.6557 1.51273 1.33419 1.38102 2.99716 5.47522 3.47445 2.13858 1.83446 1.62197 1.89968 1.69589 1.67415 2.10513 1.50515
threshold=25684.145833333339 26213.354166666668 148.29500000000004 43376.250000000007 218.99500000000003 27049.395833333336 245.50000000000003 351.34500000000008 458.07729166666678 61206.250000000007 347.71000000000004 6.650881057268724 6.5781250000000018 3.5000000000000004 182.50000000000003 9.3737500000000029 5.1406250000000027 101.4483514853366 348.50000000000006 353.50000000000006 111.7 4.5000000000000009 -40.377499999999991 344.50000000000006 2078.8261001926844 33.125000000000007 31.356250000000003 362.50000000000006 1.2937500000000004 1.5000000000000002
decision_type=8 10 8 2 10 10 2 10 8 2 10 2 2 2 2 10 2 8 2 2 10 2 10 2 8 10 10 2 2 2
left_child=6 2 -2 -4 -5 -3 -1 -8 10 -10 17 -12 13 -13 -15 -14 -16 -7 23 20 21 -20 -21 29 -24 -26 -27 -28 -29 -19
right_child=1 5 3 4 -6 8 7 -9 9 -11 11 12 15 14 16 -17 -18 18 19 22 -22 -23 24 -25 25 26 27 28 -30 -31
leaf_value=0.6880577791318282 0.0095355122236820897 0.28722375098466441 -0.91276380873708995 -0.28075790020944702 0.098946311718571503 0.096858479284620796 0.1072734185933229 -1.2040287264308509 -1.6931275405357393 0.035606339102435394 0.31124279477922806 0.408553036571842 -0.68095326921981281 0.46841949959255019 -0.097253392700790475 -0.07777077173620793 -0.41492602840697662 -0.0034964403154942002 0.04580225275885022 0.053086585718603196 -0.4710299738908531 -0.16823661253602054 0.1267263813692808 0.24406499213808824 0.022707402837206594 -0.16463339952702979 -0.022570952166382809 -0.14680510695502214 -0.0045814418849196093 0.00951099192982993
leaf_weight=961 210 692 79 45 52 455 351 56 51 83 847 386 50 107 96 133 62 18645 173 279 75 74 120 269 104 63 324 62 64 15540
leaf_count=961 210 692 79 45 52 455 351 56 51 83 847 386 50 107 96 133 62 18645 173 279 75 74 120 269 104 63 324 62 64 15540
internal_value=0.000154632 0.000102706 -0.00227907 -0.00549153 -0.00223469 0.000126487 0.00163915 0.000125 9.71023e-05 -0.00302222 0.000108202 0.00103627 -2.15568e-05 0.000832822 -0.00129699 -0.00304891 -0.00343396 6.51347e-05 4.45898e-05 -0.000900672 -0.00341796 -0.00124597 -0.000100295 8.13236e-05 -0.000947154 -0.00156796 -0.00231712 -0.00166297 -0.00458268 6.18675e-05
internal_weight=40508 39140 386 176 97 38754 1368 407 38062 134 37928 1681 834 651 265 183 158 36247 35792 1338 322 247 1016 34454 737 617 513 450 126 34185
internal_count=40508 39140 386 176 97 38754 1368 407 38062 134 37928 1681 834 651 265 183 158 36247 35792 1338 322 247 1016 34454 737 617 513 450 126 34185
is_linear=0
shrinkage=0.03


Tree=287
num_leaves=31
num_cat=0
split_feature=24 28 30 8 6 31 41 33 8 4 7 41 26 4 4 23 6 24 35 6 28 4 40 35 30 40 5 7 6 6
split_gain=3.19873 1.26505 1.82623 1.19763 1.71957 1.38658 1.38332 1.91727 1.21195 1.20035 1.16892 1.53533 1.78598 1.22069 3.50409 3.48902 3.74426 3.76051 1.76134 1.69683 3.71714 1.85163 1.62535 2.77366 2.01423 3.21653 1.7044 1.57899 2.17714 1.36607
threshold=465.20500000000004 55370.35796875001 174.89500000000001 718.48750000000007 26.651541850220269 187.00500000000002 -10757.339275252516 88.365000000000023 599.50625000000014 245.50000000000003 11.862847222222227 -6521.3200614441148 42874.185000000005 348.50000000000006 351.50000000000006 2.5000000000000004 6.4552863436123351 65.003750000000011 42.919999999999995 11.587444933920706 38972.531250000007 344.50000000000006 11.089999999999987 38.837500000000006 222.29000000000005 27.510000000000002 48402.625000000007 4.9843750000000018 7.9420704845814987 0.92709251101321588
decision_type=10 8 8 2 2 10 10 10 2 2 2 8 10 2 2 2 2 10 10 2 10 2 10 8 10 10 2 2 2 2
left_child=1 3 -3 4 10 6 -5 -8 -6 -10 13 -12 -13 19 15 -15 17 -17 -16 20 -1 22 23 29 25 -24 -25 -20 -29 -22
right_child=-2 2 -4 5 8 -7 7 -9 9 -11 11 12 -14 14 18 16 -18 -19 27 -21 21 -23 24 26 -26 -27 -28 28 -30 -31
leaf_value=0.069657820410674337 1.6418362387080179 -0.0093539136238377594 -0.17292402905981352 0.012300075544098676 0.18429104857353765 -0.29505899951716869 0.025016613530287203 -0.048498209591425687 0.029964362857988952 -0.20991303120171995 0.012719576738110607 -0.0012120688185080998 -0.22044009223044184 -0.012489905157845777 0.0050227758156135586 -0.070439266236405632 0.0010710984215119498 -0.5709199743319241 0.063884106645810262 -0.0006820207978321881 0.053193891336491397 0.33064134511494908 -0.069871929322853341 -0.072902423561670218 0.045819675502554863 -0.24581960555574281 0.18090792725743116 -1.4564823686248289 -0.012891896995819387 -0.0039885650307327335
leaf_weight=3810 766 108 40 573 923 77 122 295 319 52 65 97 94 135 1221 45 47 47 47 20420 649 325 194 47 169 42 997 41 44 8719
leaf_count=3810 766 108 40 573 923 77 122 295 319 52 65 97 94 135 1221 45 47 47 47 20420 649 325 194 47 169 42 997 41 44 8719
internal_value=0.000138413 0.000101396 -0.00265772 0.00011177 0.000139222 -0.000879213 -0.000575176 -0.00188756 0.0012139 -0.000233871 0.000101863 -0.0019144 -0.00326562 0.000115865 -0.000687346 -0.00377455 -0.00709286 -0.0105806 -5.98226e-05 0.000152829 0.00039564 0.000118999 5.18581e-05 0.00012446 -0.00181034 -0.00359494 0.00159043 -0.00333835 -0.00575581 -3.90649e-05
internal_weight=40530 39764 148 39616 38549 1067 990 417 1294 371 37255 256 191 36999 1627 274 139 92 1353 35372 14952 11142 10817 10412 405 236 1044 132 85 9368
internal_count=40530 39764 148 39616 38549 1067 990 417 1294 371 37255 256 191 36999 1627 274 139 92 1353 35372 14952 11142 10817 10412 405 236 1044 132 85 9368
is_linear=0
shrinkage=0.03


Tree=288
num_leaves=31
num_cat=0
split_feature=12 28 1 25 7 32 15 27 13 12 6 12 27 13 13 13 14 32 31 4 25 25 38 28 11 6 14 28 13 6
split_gain=2.95909 1.43972 2.12766 2.78435 3.18738 3.31497 2.6617 2.12713 2.80099 2.58961 2.10062 1.77348 1.69957 3.54187 1.67906 3.66917 1.94714 1.61788 2.01271 2.4175 3.17016 2.70957 2.83639 3.45946 2.66426 1.99797 2.19289 1.67176 1.61729 1.54024
threshold=477.00062500000007 35508.427031250008 3.5000000000000004 396.69062500000013 5.2309027777777795 151.32125000000002 11.199583333333335 33954.781666666669 94.910000000000011 25.359479166666667 12.40242290748899 364.06333333333345 32222.833333333339 103.89500000000002 51.646250000000002 56.090000000000011 36.056250000000013 236.91500000000002 179.15000000000001 350.50000000000006 311.9752083333334 261.19083333333339 24.217500000000005 38401.22187500001 162.69750000000002 12.14603524229075 286.06000000000006 51513.861562500009 304.53000000000003 18.527533039647583
decision_type=10 8 2 10 2 10 10 10 10 10 2 10 10 10 10 10 10 10 8 2 10 10 8 10 10 2 10 10 10 2
left_child=1 2 6 10 -5 -6 -1 8 9 -3 -4 14 -12 -14 16 -16 -8 18 -9 21 -21 22 -20 24 -24 28 -27 -25 -19 -15
right_child=-2 7 3 4 5 -7 11 17 -10 -11 12 -13 13 29 15 -17 -18 25 19 20 -22 -23 23 27 -26 26 -28 -29 -30 -31
leaf_value=-0.12382102843233961 1.3842715497176263 -0.060676706195107538 0.061479341097301209 0.071469503367368389 -2.1371153353085024 -0.42696676311321202 -0.045403348230965486 0.0030841588891174156 -0.54225657251234793 -0.020201931825753142 0.024254670265400496 0.89297365256538419 -0.030787615919167559 -0.015567930097816932 -0.25926702225869808 0.026066540109247142 0.12200446130767466 0.27541063321776699 -0.0073041067925572172 -0.047097717817632848 -0.55132736173824648 0.24630954027863675 -0.49824026498465329 -0.079566039066561567 -0.23412272616576757 0.12541185823707507 -0.38802431478632421 -0.26399847420972522 -0.33796884364408258 -0.43352417985670655
leaf_weight=54 585 78 1069 89 46 61 179 25436 53 580 1502 472 1433 43 54 3260 2156 775 1078 93 64 377 40 455 40 67 40 59 88 63
leaf_count=54 585 78 1069 89 46 61 179 25436 53 580 1502 472 1433 43 54 3260 2156 775 1078 93 64 377 40 455 40 67 40 59 88 63
internal_value=0.000161847 0.000130687 0.000432456 -7.94055e-05 -0.00356345 -0.00702778 0.000789346 2.28142e-05 -0.00159691 -0.00105615 8.757e-05 0.000848252 -0.000314596 -0.00101493 0.000700354 0.000266063 0.00131635 6.31183e-05 2.08372e-05 -0.00084821 -0.00442405 -0.000572195 -0.00109026 -0.00275294 -0.00851852 0.00126674 -0.00258333 -0.00184078 0.00174653 -0.00628037
internal_weight=40389 39804 10481 4306 196 107 6175 29323 711 658 4110 6121 3041 1539 5649 3314 2335 28612 27642 2206 157 2049 1672 594 80 970 107 514 863 106
internal_count=40389 39804 10481 4306 196 107 6175 29323 711 658 4110 6121 3041 1539 5649 3314 2335 28612 27642 2206 157 2049 1672 594 80 970 107 514 863 106
is_linear=0
shrinkage=0.03


Tree=289
num_leaves=31
num_cat=0
split_feature=9 1 32 33 26 41 28 17 6 28 28 11 10 40 1 6 40 25 13 40 5 4 4 13 23 26 41 5 28 37
split_gain=3.50913 1.96109 2.00534 1.33056 2.47708 1.32112 1.2461 1.24017 1.19422 1.2336 2.00973 3.72943 4.26359 5.50805 2.66672 2.24805 1.9604 2.40986 2.17983 2.27298 1.94682 2.22631 1.8799 2.47998 4.75362 2.5789 2.60397 2.37167 3.66994 1.81037
threshold=380.06500000000005 3.5000000000000004 142.80500000000004 429.90500000000003 26121.438750000005 15137.378188506284 55370.35796875001 4011.3294600000013 0.92709251101321588 43899.500000000007 44363.687500000007 54.035000000000004 31.356250000000003 -13.766249999999998 5.5000000000000009 9.2825991189427342 -29.864999999999984 37.054635416666677 -1.0000000180025095e-35 -60.046249999999993 49202.937500000007 356.50000000000006 259.50000000000006 172.65500000000003 2.5000000000000004 36001.165000000008 -8498.5950714628325 35381.250000000007 37773.062500000007 -2.0299999999999998
decision_type=10 2 10 10 10 10 8 10 2 10 10 10 10 10 2 2 8 8 10 10 2 2 2 10 2 10 8 2 10 10
left_child=5 -2 3 -3 -5 6 8 -7 -1 20 11 12 -11 -14 15 -13 18 -18 19 -12 22 -22 -10 25 -25 -24 -27 28 -28 -29
right_child=1 2 -4 4 -6 7 -8 -9 9 10 16 14 13 -15 -16 -17 17 -19 -20 -21 21 -23 23 24 -26 26 27 29 -30 -31
leaf_value=0.047546036706124256 1.5365540285722512 0.35471541082504221 0.4706581918095647 -0.048221978186854017 -0.67227282658228826 0.10795129985366085 -0.10051004511496653 -0.02576424932482806 0.004207876087487997 0.004930763418339216 -0.011595557662207573 0.10980254600984647 -0.61883442779244768 -0.043442207706854502 -0.19470900671913913 -0.05276465889765785 0.24320370773766917 -0.02731520470876499 0.027827721759301052 -0.14756621062373171 0.03197263645193895 -0.049654007746718007 0.030357705541949428 0.0063221097917275839 -0.61589015862309537 0.076864677477389967 -0.019270786785619602 -0.0053703103927294962 -0.71950947725819292 -0.15751560074706955
leaf_weight=804 869 48 440 104 62 520 114 42 16028 55 220 200 42 42 41 192 211 3776 2452 45 9413 346 1541 97 71 206 92 1164 55 1171
leaf_count=804 869 48 440 104 62 520 114 42 16028 55 220 200 42 42 41 192 211 3776 2452 45 9413 346 1541 97 71 206 92 1164 55 1171
internal_value=0.00016852 0.00158071 0.000338931 -0.00203721 -0.00330539 0.000113248 9.20817e-05 0.00155595 0.000101451 7.68801e-05 -0.000273739 -0.00197906 -0.00623571 -0.0104471 -0.000601382 0.000167939 -0.000127964 -0.000551404 0.000493378 -0.00208647 0.000161405 0.000509939 -5.1404e-06 -0.00055457 -0.00411834 -0.000412057 -0.000972852 -0.00124205 -0.00492568 -0.00100813
internal_weight=40463 1523 654 214 166 38940 38378 562 38264 37460 7276 572 139 84 433 392 6704 3987 2717 265 30184 9759 20425 4397 168 4229 2688 2482 147 2335
internal_count=40463 1523 654 214 166 38940 38378 562 38264 37460 7276 572 139 84 433 392 6704 3987 2717 265 30184 9759 20425 4397 168 4229 2688 2482 147 2335
is_linear=0
shrinkage=0.03


Tree=290
num_leaves=31
num_cat=0
split_feature=9 1 36 32 15 13 38 8 18 4 11 14 16 8 27 6 32 33 14 14 10 16 25 27 27 27 14 11 28 11
split_gain=3.32561 2.36164 2.29247 1.75857 1.36753 2.2468 1.34114 1.87183 2.88213 3.40519 1.83927 1.59855 2.54916 1.66329 2.50933 1.54907 1.49032 1.85923 2.85145 2.76433 1.56272 1.76303 1.74277 1.46455 2.52547 7.14756 4.08094 4.00501 2.59135 5.28357
threshold=367.71000000000009 3.5000000000000004 -1.0000000180025095e-35 135.09500000000003 315.7247916666667 345.17000000000002 -5.1512500000000037 615.43750000000011 1.0000000180025095e-35 140.50000000000003 44.055000000000007 116.20000000000002 2398.0259028533396 0.90000000000000002 29185.750000000004 30.328193832599123 93.80125000000001 99.675000000000026 112.56375000000001 104.97000000000001 33.57500000000001 3245.0219702525205 17.516145833333336 31508.544322916667 35711.916666666672 35514.645833333343 140.65500000000003 158.94500000000002 35723.222968750008 73.705000000000013
decision_type=10 2 10 10 10 10 8 2 2 2 10 10 8 2 10 2 10 10 10 10 10 8 10 8 8 10 10 10 10 10
left_child=6 -2 -3 4 -4 -6 7 11 -9 -10 -11 13 -13 14 -1 23 -16 18 19 -18 21 -19 -23 -8 25 -25 28 -28 29 -27
right_child=1 2 3 -5 5 -7 15 8 9 10 -12 12 -14 -15 16 -17 17 20 -20 -21 -22 22 -24 24 -26 26 27 -29 -30 -31
leaf_value=-0.10908671786560795 1.4096383312078058 -0.61154264352825571 0.3593574630656145 0.45332839988442564 -0.89169784321018541 0.20077718641379766 0.028567871763926098 0.00056194804860146101 -4.201200567330579 -0.0069180269149856106 -0.4071177676067223 0.21351547565245638 0.033139032124313829 0.037615350681298544 0.0079929568497428237 0.065629709839306105 -0.16711888883359197 0.070793427540696854 -0.50395774801878623 0.18185750999563807 0.025580211212613214 0.037051605455746164 -0.10889659877244828 -0.01929935687366378 0.00019710884917389489 -0.62049103973995789 -0.95892708185945474 -0.11941144888930813 -0.0022197516766566919 0.0015992542060158427
leaf_weight=56 963 44 44 506 65 47 4156 569 46 131 43 1133 3862 2152 1931 423 194 83 43 87 826 43 88 3671 18868 48 57 44 142 57
leaf_count=56 963 44 44 506 65 47 4156 569 46 131 43 1133 3862 2152 1931 423 194 83 43 87 826 43 88 3671 18868 48 57 44 142 57
internal_value=0.000160453 0.00147126 0.000152758 0.000597285 -0.00217834 -0.0039292 0.000103964 0.000379252 -0.00102911 -0.00393665 -0.00198857 0.000485189 0.000873699 0.000132449 -0.000285501 -9.17453e-06 -0.000177488 -0.000936264 -0.00291692 -0.00179787 -0.000317003 -0.00259535 -0.00475 -3.73834e-05 -0.000131466 -0.000814179 -0.00491691 -0.00997059 -0.00281855 -0.00636792
internal_weight=40422 1669 706 662 156 112 38753 11287 789 220 174 10498 4995 5503 3351 27466 3295 1364 324 281 1040 214 131 27043 22887 4019 348 101 247 105
internal_count=40422 1669 706 662 156 112 38753 11287 789 220 174 10498 4995 5503 3351 27466 3295 1364 324 281 1040 214 131 27043 22887 4019 348 101 247 105
is_linear=0
shrinkage=0.03


Tree=291
num_leaves=31
num_cat=0
split_feature=27 27 28 32 30 14 7 12 29 15 11 14 4 35 30 7 0 38 40 13 39 11 13 1 15 26 1 5 5 4
split_gain=3.84185 2.2205 3.79591 1.70477 2.0382 1.60795 1.56582 2.23061 3.73991 1.51802 2.56513 2.53042 3.02941 2.54961 2.21928 2.58786 2.37593 1.83165 1.78008 2.05112 1.91644 1.61935 2.44617 1.61541 1.60417 4.28157 1.48963 1.45945 1.45292 2.03154
threshold=25684.145833333339 26213.354166666668 25936.687500000004 189.22375000000002 183.29000000000005 336.83500000000009 5.1406250000000027 458.07729166666678 459.48875000000004 157.86203125000003 114.41625000000001 147.17500000000004 352.50000000000006 -27.981250000000006 102.81500000000001 4.4947916666666687 17.500000000000004 -6.5474999999999985 7.160000000000001 76.220000000000013 -22.834999999999997 240.42500000000004 202.49000000000004 5.5000000000000009 406.63729166666673 41328.935000000005 4.5000000000000009 39651.750000000007 40089.375000000007 244.50000000000003
decision_type=8 8 10 10 10 10 2 10 10 10 10 10 2 10 10 2 2 10 10 10 10 10 10 2 10 10 2 2 2 2
left_child=28 2 -2 4 -4 9 26 -8 -9 10 -3 12 13 -11 -13 -16 21 -12 -19 -20 -21 22 -17 -22 -23 -26 -7 -28 29 -1
right_child=1 5 3 -5 -6 6 7 8 -10 11 17 14 -14 -15 15 16 -18 18 19 20 23 24 -24 -25 25 -27 27 -29 -30 -31
leaf_value=0.31998101435857945 0.24617654764317609 0.00062624227640535677 -0.096422039118810421 -0.0055659704021423714 -0.79050934783538684 0.34341013406112258 0.035605871646429234 -0.92890608161632104 0.36173140940872334 -0.10262049983362377 0.15333708728183448 0.15180500079698717 -0.0051757824066592335 -0.45761252402935776 0.040626599637864289 -0.15642859377278773 0.038292369150752459 0.042047541063277752 0.050495461501530128 0.23674120010957711 -0.18769995895849434 0.080952029538313292 -0.22216592998223558 0.12908377475471458 0.14886524380150906 -0.78333566242463948 -0.51826844460325605 0.089842506099197292 0.9484855781282624 -0.5523695164971546
leaf_weight=295 155 26293 67 53 78 909 1147 43 51 48 1367 567 116 48 1124 1246 805 3766 215 61 210 378 62 41 54 40 74 213 933 135
leaf_count=295 155 26293 67 53 78 909 1147 43 51 48 1367 567 116 48 1124 1246 805 3766 215 61 210 378 62 41 54 40 74 213 933 135
internal_value=0.000156965 0.000102544 -0.00226271 -0.00500502 -0.00667808 0.000124077 0.000869975 0.000123189 -0.00429474 7.41728e-05 0.000146742 -0.000442415 -0.0036338 -0.00754639 -0.000283376 -0.000550674 -0.00107309 0.00072602 0.000421286 -0.00121023 -0.00276038 -0.00168445 -0.00222765 -0.00391667 -0.00017759 -0.00366316 0.00164411 -0.000239583 0.00172214 0.000278422
internal_weight=40594 39231 353 198 145 38878 2437 1241 94 36441 31953 4488 212 96 4276 3709 2585 5660 4293 527 312 1780 1308 251 472 94 1196 287 1363 430
internal_count=40594 39231 353 198 145 38878 2437 1241 94 36441 31953 4488 212 96 4276 3709 2585 5660 4293 527 312 1780 1308 251 472 94 1196 287 1363 430
is_linear=0
shrinkage=0.03


Tree=292
num_leaves=31
num_cat=0
split_feature=33 17 4 24 40 13 14 12 11 38 5 8 12 8 4 31 6 26 6 39 15 12 26 40 4 4 17 3 25 29
split_gain=3.08347 1.59491 1.76255 2.68787 2.46143 2.80009 1.807 1.75428 2.17417 3.40718 1.72029 2.18668 3.38874 2.19904 2.12885 3.16067 1.85896 1.76307 2.44069 2.36544 2.26237 2.59618 2.49269 3.40909 2.18501 3.03857 2.57076 2.79061 3.09584 2.52248
threshold=554.32500000000016 827.62016500000004 188.50000000000003 0.90500000000000014 12.435000000000004 50.845000000000006 168.10000000000002 27.88651041666667 74.260000000000005 -0.82000000000000373 38156.250000000007 121.84375000000001 50.554270833333341 320.99375000000003 244.50000000000003 184.91625000000002 13.641189427312776 39631.01875000001 8.5955947136563911 -67.854999999999976 331.09791666666672 87.368645833333332 41453.500000000007 -12.809999999999997 106.50000000000001 235.50000000000003 132.18282500000001 1.0000000180025095e-35 109.60979166666668 71.707500000000024
decision_type=10 10 2 10 10 10 10 10 10 10 2 2 10 2 2 10 2 10 2 8 8 10 10 10 2 2 8 2 10 8
left_child=1 10 3 -3 5 6 7 8 -5 -10 11 14 -13 -14 -1 -16 -17 18 -12 -19 21 -21 -22 -24 26 -26 29 28 -28 -20
right_child=-2 2 -4 4 -6 -7 -8 -9 9 -11 17 12 13 -15 15 16 -18 19 24 20 22 -23 23 -25 25 -27 27 -29 -30 -31
leaf_value=0.0094712997544110396 2.0912502753855975 0.012765270790385494 0.0041691774128652477 -0.03509140173861678 -0.13160957637055176 0.025878178513575125 -0.4356177536915799 -0.022084778900756503 0.0631550584885852 -0.20385348105140763 0.099028787911537505 -0.66204466005018836 -0.4815653531790014 0.04138798252094282 -0.025389915026096832 -0.76853111232785365 -1.1361714945051524 0.034177095852141133 -0.016156107955455898 -0.016712288359439102 0.0776335818822943 0.022526634976061524 -0.52022621056336882 -0.056615657516083578 0.065135000923994504 -0.0068635290418637097 0.095845270277277433 -0.29155216303869635 -0.091694693747121248 -0.36218042306521187
leaf_weight=3076 432 1178 3364 595 113 724 63 1616 58 111 1868 44 108 153 1076 43 84 2065 76 5592 172 6438 77 180 5985 3956 547 40 778 40
leaf_count=3076 432 1178 3364 595 113 724 63 1616 58 111 1868 44 108 153 1076 43 84 2065 76 5592 172 6438 77 180 5985 3956 547 40 778 40
internal_value=0.000128552 0.00010144 -0.000283012 -0.000674142 -0.00111551 -0.00095928 -0.00144476 -0.00131037 -0.00249412 -0.00548824 0.000194265 -0.000344166 -0.00279412 -0.0014771 -0.000168925 -0.00123837 -0.00569531 0.000283013 0.000532691 5.45268e-05 -0.000101364 -2.49355e-05 -0.00223953 -0.00410465 0.000368205 0.000528365 -0.000706478 -0.00034041 -0.00010181 -0.00497436
internal_weight=40652 40220 7822 4458 3280 3167 2443 2380 764 169 32398 4584 305 261 4279 1203 127 27814 13290 14524 12459 12030 429 257 11422 9941 1481 1365 1325 116
internal_count=40652 40220 7822 4458 3280 3167 2443 2380 764 169 32398 4584 305 261 4279 1203 127 27814 13290 14524 12459 12030 429 257 11422 9941 1481 1365 1325 116
is_linear=0
shrinkage=0.03


Tree=293
num_leaves=31
num_cat=0
split_feature=24 32 7 25 7 36 29 12 13 40 4 6 5 6 28 25 12 5 4 4 15 4 28 28 13 17 4 24 25 15
split_gain=3.36989 1.57167 2.56754 2.87901 1.89364 1.79499 1.44677 1.68027 3.79691 2.09701 1.48682 3.41138 1.43302 1.37475 1.3458 3.37789 2.86959 2.80491 2.55584 2.81525 2.64891 2.95718 2.49764 2.01699 1.91205 1.90632 3.07041 2.09484 3.26459 2.49225
threshold=493.73500000000007 147.62500000000003 5.571180555555558 443.54708333333343 10.565972222222223 144.34500000000003 176.99625000000003 220.7491666666667 106.91500000000001 7.4750000000000023 280.50000000000006 14.186563876651984 65656.250000000015 10.031057268722469 39105.250000000007 42.728750000000012 406.63729166666673 49101.000000000007 84.500000000000014 259.50000000000006 144.3897916666667 82.500000000000014 39166.062500000007 40362.000000000007 -9.7787499999999987 11388.676730000001 192.50000000000003 59.975000000000001 72.179166666666688 66.945416666666674
decision_type=10 10 2 10 2 8 10 10 10 10 2 2 2 2 10 8 10 2 2 2 10 2 10 10 10 8 2 10 10 10
left_child=1 5 -3 4 6 14 10 8 -8 12 -4 -12 -10 -6 17 23 22 18 20 25 21 -1 -17 -16 -19 26 27 -20 29 -29
right_child=-2 2 3 -5 13 -7 7 -9 9 -11 11 -13 -14 -15 15 16 -18 24 19 -21 -22 -23 -24 -25 -26 -27 -28 28 -30 -31
leaf_value=0.034184422478778766 1.7139686580280824 0.10189255407169798 0.11636733130734545 -0.87325695225549615 -6.7044253220527311e-06 -0.26894087737180639 0.10886889983959751 0.044536767825120553 -0.16040811866833346 -0.30247224384006743 0.024277159374764139 -0.51873362950391155 0.11003124939163587 -0.30028329606316734 -0.0071386469274978374 -0.85864020009996722 -0.33944775415982681 -0.053879723679242035 -0.0050392373979980011 -0.036934902117022286 -0.38407511782807946 -0.13952381952044024 -0.0082915956902866773 0.049075447469584678 0.069845328011353125 0.038647427554604249 0.087200309105762333 -0.14715279014817936 0.061771218298782911 -0.43318689603818789
leaf_weight=150 622 4474 1067 63 72 136 251 787 258 81 338 66 82 75 879 70 43 113 1859 2386 64 52 13516 2750 3473 5384 890 351 198 53
leaf_count=150 622 4474 1067 63 72 136 251 787 258 81 338 66 82 75 879 70 43 113 1859 2386 64 52 13516 2750 3473 5384 890 351 198 53
internal_value=0.000179761 0.000145641 0.000533421 -0.000124164 6.82272e-06 5.44057e-05 0.000174002 -0.000495205 -0.00159584 -0.00333412 0.000837636 -0.000711111 -0.00228739 -0.00330405 6.89688e-05 -0.000111594 -0.000328173 0.00027708 4.66281e-05 0.000116256 -0.00285393 -0.00115271 -0.000303378 0.000701653 0.00100864 0.000365728 -0.000196002 -0.000742079 -0.00227861 -0.00382222
internal_weight=40603 39981 7614 3140 3077 32367 2930 1459 672 421 1471 404 340 147 32231 17258 13629 14973 11387 11121 266 202 13586 3629 3586 8735 3351 2461 602 404
internal_count=40603 39981 7614 3140 3077 32367 2930 1459 672 421 1471 404 340 147 32231 17258 13629 14973 11387 11121 266 202 13586 3629 3586 8735 3351 2461 602 404
is_linear=0
shrinkage=0.03


Tree=294
num_leaves=31
num_cat=0
split_feature=24 8 36 0 40 15 24 5 26 39 39 40 13 39 5 7 1 32 32 0 0 15 33 40 12 15 28 29 15 32
split_gain=3.62407 1.41185 1.47274 1.4858 1.54378 2.04518 1.7791 1.59455 2.05005 2.89273 1.65196 1.57932 1.51996 1.39651 1.77113 1.98001 1.29353 2.05767 2.33817 3.41142 2.25432 1.60783 2.51445 2.10562 1.86284 1.82594 1.66331 2.99871 2.91023 1.63057
threshold=493.73500000000007 748.46250000000009 1.2200000000000097 15.500000000000002 -1.0000000180025095e-35 126.86041666666668 277.33500000000004 51806.250000000007 38216.818750000006 -61.574999999999989 -40.246249999999996 0.92000000000000537 119.48000000000002 -12.773749999999991 47504.500000000007 5.2482638888888902 1.0000000180025095e-35 125.00375000000001 117.66500000000001 5.5000000000000009 21.500000000000004 142.67291666666668 145.00125000000003 -16.411249999999985 29.565833333333337 46.534583333333345 47919.812500000007 73.490000000000023 88.211041666666674 -1.0000000180025095e-35
decision_type=10 2 10 2 10 8 10 2 10 10 10 10 10 10 2 2 2 8 10 2 2 10 10 10 10 10 10 10 10 10
left_child=1 2 16 4 7 -6 11 8 -4 -10 -11 -7 -12 -13 15 -15 17 18 20 -20 21 24 23 -23 25 -1 29 28 -28 -26
right_child=-2 -3 3 -5 5 6 -8 -9 9 10 12 13 -14 14 -16 -17 -18 -19 19 -21 -22 22 -24 -25 26 -27 27 -29 -30 -31
leaf_value=-0.0305029982975542 1.6398657942643553 -0.034331304410441153 0.024420822160387236 0.080555806703637961 0.032973710809505563 -0.30908768047210972 0.020875315192132902 0.083214401614847305 0.0095711533551737071 -0.35658437255856851 -0.022601682639465125 0.13488169781263526 -0.70931754174375938 -0.37661334702905302 -0.095254688769727272 -0.57523651592663672 -0.0013072830403788212 0.1710965318626777 -0.67926164876111728 0.016335578037192065 -0.10369650596078234 -0.039220089789085519 0.067833196140064111 -0.40970363486337058 -0.019794703231399091 0.012654690147307517 -0.01737949553632041 0.055236737510924595 -0.18441879030434366 0.15529862786740151
leaf_weight=372 616 785 1287 2296 638 66 396 1797 248 75 124 180 44 58 448 46 26823 831 40 63 263 57 181 64 129 680 70 218 43 1651
leaf_count=372 616 785 1287 2296 638 66 396 1797 248 75 124 180 44 58 448 46 26823 831 40 63 263 57 181 64 129 680 70 218 43 1651
internal_value=0.000130007 9.47867e-05 0.000120034 0.000491823 0.000220229 -0.000487725 -0.00122008 0.000583054 -5.39628e-05 -0.00170122 -0.00402049 -0.00203504 -0.0023432 -0.00162892 -0.00237613 -0.00588571 2.90606e-05 0.000490242 0.000196503 -0.00424038 0.000320193 0.000523658 -0.00156436 -0.00489344 0.000723451 -0.000307692 0.00123722 -0.000713855 -0.00465789 0.00160022
internal_weight=40589 39973 39188 7703 5407 1832 1194 3575 1778 491 243 798 168 732 552 104 31485 4662 3831 103 3728 3465 302 121 3163 1052 2111 331 113 1780
internal_count=40589 39973 39188 7703 5407 1832 1194 3575 1778 491 243 798 168 732 552 104 31485 4662 3831 103 3728 3465 302 121 3163 1052 2111 331 113 1780
is_linear=0
shrinkage=0.03


Tree=295
num_leaves=31
num_cat=0
split_feature=30 8 0 6 5 24 27 1 13 0 17 36 16 24 10 17 8 29 1 6 15 4 32 25 40 12 25 9 31 40
split_gain=3.07057 1.71685 3.04855 2.12543 1.82251 4.55304 1.83661 1.822 3.44466 1.79283 1.71333 1.89502 1.63238 1.59828 1.91079 1.59478 2.10794 1.93802 1.58285 1.85351 2.78874 2.17207 2.78269 1.53777 1.52765 1.70684 3.38199 2.24588 1.5975 1.52643
threshold=360.14000000000004 284.40625000000006 11.500000000000002 23.761233480176212 41155.625000000007 78.031250000000014 43386.666666666679 3.5000000000000004 315.09000000000009 22.500000000000004 8581.8377350000028 1.0000000180025095e-35 721.70836518217698 42.556250000000006 -2.4362499999999998 1272.1377000000002 0.90000000000000002 94.003750000000011 3.5000000000000004 19.644713656387673 331.09791666666672 245.50000000000003 160.00500000000002 311.9752083333334 -73.857499999999987 86.420260416666693 121.71145833333334 101.30750000000002 152.24500000000003 2.5099999999999949
decision_type=10 2 2 2 2 10 10 2 10 2 10 10 10 10 10 10 2 10 2 2 10 2 10 10 8 10 10 10 10 10
left_child=1 3 4 9 5 12 10 -4 13 15 -6 -12 -3 14 -9 16 24 -18 23 20 -20 -22 -23 -2 -1 26 28 -27 -26 -19
right_child=18 2 7 -5 6 -7 -8 8 -10 -11 11 -13 -14 -15 -16 -17 17 29 19 -21 21 22 -24 -25 25 27 -28 -29 -30 -31
leaf_value=0.026330030799852393 -0.23966600674635991 -0.12527579962051047 0.012176516123033171 0.15698720609972905 -0.0067342782781133082 -0.90814040582687938 -0.17200005432840335 -1.6084394482987323 -1.8903189402873997 -0.034603761120745334 -0.020174319329104243 -0.12598171754321863 0.073593161226039192 -0.06568317972926957 0.018098829733646911 -0.0098933701750827888 0.065713112791743716 0.049432119228102187 0.68907535341686899 0.76887247953234705 0.0222043715730325 -1.8608446570338084 -0.34336473313322674 1.6762087665039618 -0.0041948357016912824 0.10458182771498113 -0.79796697461682897 0.0022451102017070667 -0.35795281749600755 -0.0094701483053295198
leaf_weight=1517 57 104 4465 979 1050 44 98 54 42 1559 191 51 100 1694 1646 2796 2696 3916 166 225 98 57 62 706 6710 1947 74 5818 43 1462
leaf_count=1517 57 104 4465 979 1050 44 98 54 42 1559 191 51 100 1694 1646 2796 2696 3916 166 225 98 57 62 706 6710 1947 74 5818 43 1462
internal_value=0.000181582 0.000132576 -0.000217295 0.000245647 -0.00139475 -0.00375904 -0.000970525 2.69553e-05 -0.00049229 0.000198465 -0.000668213 -0.00293827 -0.0018439 -0.000385272 0.00026455 0.000255634 0.000334064 0.00072966 0.00157653 0.000433498 -0.000835937 -0.00306881 -0.005775 0.0024856 0.000135754 4.15269e-05 -0.000304481 0.000345738 -0.000234083 0.000400446
internal_weight=40427 39056 9539 29517 1638 248 1390 7901 3436 28538 1292 242 204 3394 1700 26979 24183 8074 1371 608 383 217 119 763 16109 14592 6827 7765 6753 5378
internal_count=40427 39056 9539 29517 1638 248 1390 7901 3436 28538 1292 242 204 3394 1700 26979 24183 8074 1371 608 383 217 119 763 16109 14592 6827 7765 6753 5378
is_linear=0
shrinkage=0.03


Tree=296
num_leaves=31
num_cat=0
split_feature=24 7 16 7 37 4 1 38 31 38 14 13 6 12 12 27 11 4 13 26 29 11 4 24 27 28 13 14 23 27
split_gain=4.06165 1.73495 1.39558 3.33149 2.89655 2.6561 1.83636 1.9119 1.74906 1.71791 1.61925 3.09918 2.69627 2.41089 2.24068 3.59045 4.21899 2.11932 2.54444 3.75467 4.63139 2.59478 2.20698 3.03039 2.2031 2.10505 3.94096 3.67458 4.65604 4.41918
threshold=427.28500000000003 6.9288194444444473 6108.2332881863304 7.1128472222222241 4.1862499999999807 90.500000000000014 3.5000000000000004 1.8012500000000105 91.30125000000001 8.6462500000000038 99.955000000000013 30.360000000000003 9.8887665198237915 73.045937500000022 71.37541666666668 39138.030989583342 72.272500000000022 106.50000000000001 56.090000000000011 41504.460000000006 78.133750000000006 147.13125000000002 94.500000000000014 156.965 31804.515520833334 38870.7659375 0.85125000000000017 94.620000000000019 6.5000000000000009 38486.883281250004
decision_type=10 2 10 2 10 2 2 10 10 10 8 10 2 8 8 10 10 2 10 10 10 10 2 10 10 10 10 10 2 10
left_child=2 -2 10 4 5 6 9 -8 -6 -4 25 13 -13 14 -12 16 -16 18 19 20 -14 -20 23 -23 -24 26 -1 -27 29 -29
right_child=1 -3 3 -5 8 -7 7 -9 -10 -11 11 12 17 -15 15 -17 -18 -19 21 -21 -22 22 24 -25 -26 27 -28 28 -30 -31
leaf_value=-0.010857182408552778 1.4652538963680386 -0.37942009989919412 -0.06780473540106112 0.0047773039135469587 -0.34563924213635422 -0.0093255440291814262 -0.12473793059847786 0.027421712547747685 -0.029923905236163902 -0.19728961093683481 0.026968868794884183 0.027236200446519851 -0.16865566837787177 0.13473218265730721 -0.49383152682899745 0.089553829837067611 -0.012333546391054325 -0.0027422213762635247 0.032013169499626286 -0.0012815344589990508 -0.54038833516084472 -0.30836700138347295 -0.11116669684064259 0.012459766422452851 -0.36178893633006953 -0.0050957191040420765 0.074333164335289706 0.12932577921988242 0.019040341693180089 -0.19836398992884652
leaf_weight=2752 980 89 78 2545 73 1220 69 158 43 88 4407 7352 73 2708 48 106 59 9857 511 110 61 100 73 341 61 4108 1669 87 308 425
leaf_count=2752 980 89 78 2545 73 1220 69 158 43 88 4407 7352 73 2708 48 106 59 9857 511 110 61 100 73 341 61 4108 1669 87 308 425
internal_value=0.000136021 0.00195981 8.66021e-05 -0.000425263 -0.00144104 -0.00110967 -0.00325127 -0.00148684 -0.006 -0.00564072 0.000148735 0.00027103 6.45632e-05 0.000793287 0.000376542 -0.0026215 -0.00647222 -0.000228727 -0.00135237 -0.00411429 -0.00746667 -0.000728611 -0.00210937 -0.00107919 -0.00546667 -0.000189626 0.000285617 -0.000615946 -0.00244823 -0.00419883
internal_weight=40559 1069 39490 4274 1729 1613 393 227 116 166 35216 25867 18539 7328 4620 213 107 11187 1330 244 134 1086 575 441 134 9349 4421 4928 820 512
internal_count=40559 1069 39490 4274 1729 1613 393 227 116 166 35216 25867 18539 7328 4620 213 107 11187 1330 244 134 1086 575 441 134 9349 4421 4928 820 512
is_linear=0
shrinkage=0.03


Tree=297
num_leaves=31
num_cat=0
split_feature=24 8 6 0 13 7 28 22 9 32 10 35 16 33 36 0 16 16 38 29 32 13 17 15 30 14 15 24 15 7
split_gain=3.85299 1.36691 2.19172 1.65543 1.46593 1.4186 1.3008 1.29699 1.24163 1.21666 1.95318 2.43149 1.36709 1.40144 1.18903 1.3321 1.26273 1.17172 1.18618 1.78368 1.1168 1.18984 1.66211 1.19783 1.08189 2.17291 3.4807 2.66617 1.68802 1.6152
threshold=446.81000000000006 654.24375000000009 23.076431718061677 22.500000000000004 304.53000000000003 7.3385416666666687 38401.22187500001 1.0000000180025095e-35 -23.451249999999998 2.6150000000000007 0.90500000000000014 2.8049999999999895 1311.5512497300972 106.80250000000002 1.4700000000000137 16.500000000000004 86.237536323705328 7805.9141071398344 -4.8750000000000062 74.001250000000013 126.64250000000001 64.260000000000005 2698.5687050000006 93.899322916666691 105.02375000000002 176.18250000000003 148.72937500000003 110.00250000000001 121.23250000000002 5.2135416666666687
decision_type=10 2 2 2 10 2 10 2 10 10 10 10 10 10 8 2 8 10 10 10 10 10 10 10 10 10 10 10 10 2
left_child=1 2 3 14 8 20 -7 17 -3 -10 11 12 13 -11 16 24 -1 18 -5 -20 21 -4 -23 -24 -16 26 27 -26 -27 -30
right_child=-2 4 5 7 -6 6 -8 -9 9 10 -12 -13 -14 -15 15 -17 -18 -19 19 -21 -22 22 23 -25 25 28 -28 -29 29 -31
leaf_value=0.11464282437257958 1.2105363979079609 -0.47443202700605364 0.079245106764360015 0.032164974402829553 -0.89670312800887397 -0.21261602545442779 0.091449123723274225 -0.11546936097353042 0.024887089831333607 -0.21733632427110822 -0.0031101799542037592 0.01879856889744547 -0.0092205186314684006 -0.37652652522180452 0.026557643131826056 0.11015305763746344 0.0017955331562414137 -0.19984724135552046 -0.10482070527999678 -0.010978310227835695 0.25054782626356836 0.019190141576881866 -0.20318358267958558 -0.0042572528286963906 -0.25552096266068297 0.21665108498601188 -0.53079181741175196 0.11801017870265229 0.08967345246903495 -0.061086856026228688
leaf_weight=270 911 73 1543 474 42 106 75 43 466 49 1025 80 46 44 2205 1270 26824 149 207 668 834 463 40 40 44 175 51 120 1131 1179
leaf_count=270 911 73 1543 474 42 106 75 43 466 49 1025 80 46 44 2205 1270 26824 149 207 668 834 463 40 40 44 175 51 120 1131 1179
internal_value=0.000180599 0.000136347 0.000174958 0.000106863 -0.000665389 0.000939072 -0.00163187 -0.000854085 -0.000533072 -0.000368206 -0.000857831 -0.00342273 -0.00580714 -0.00788298 0.000151398 0.00052704 6.57687e-05 -0.00070447 -0.000424444 -0.00107877 0.00109894 0.00072736 -0.000479779 -0.00444444 0.000302691 -9.99629e-05 -0.00298611 -0.000836364 0.000150845 -6.49069e-05
internal_weight=40647 39736 37911 34810 1825 3101 181 1541 1783 1710 1244 219 139 93 33269 6175 27094 1498 1349 875 2920 2086 543 80 4905 2700 215 164 2485 2310
internal_count=40647 39736 37911 34810 1825 3101 181 1541 1783 1710 1244 219 139 93 33269 6175 27094 1498 1349 875 2920 2086 543 80 4905 2700 215 164 2485 2310
is_linear=0
shrinkage=0.03


Tree=298
num_leaves=31
num_cat=0
split_feature=27 14 2 5 28 4 13 1 16 37 4 5 26 37 15 29 0 26 39 5 39 35 28 32 27 28 26 39 7 32
split_gain=3.22318 1.76306 1.66239 1.65206 3.82802 2.19998 3.7765 3.36226 2.18177 2.06112 3.61807 2.6588 2.01562 2.1038 3.43446 3.57638 2.78991 2.60255 1.97638 2.19467 1.87159 1.83727 2.44366 1.82899 1.79843 2.09708 1.74482 1.61576 1.84376 1.98938
threshold=25447.083333333339 418.44000000000005 6.5000000000000009 60954.062500000007 47919.812500000007 84.500000000000014 304.53000000000003 3.5000000000000004 14622.300843884836 122.88500000000001 196.50000000000003 47906.250000000007 47065.055000000008 -0.4699999999999846 165.49833333333336 93.600000000000009 12.500000000000002 38035.056250000009 7.454999999999985 79606.250000000015 -10.740000000000004 8.7387499999999978 44363.687500000007 275.16000000000003 50663.953333333346 49955.312500000007 41111.750000000007 -36.614999999999988 4.5364583333333348 59.791250000000005
decision_type=8 10 2 2 8 2 8 2 10 10 2 2 10 10 10 10 2 10 8 2 10 10 10 10 10 10 10 10 2 10
left_child=1 2 -1 5 8 6 7 12 -5 23 -11 -12 13 -2 15 20 17 -17 27 -20 -15 22 26 -7 25 -14 -22 -6 29 -29
right_child=3 -3 -4 4 18 9 -8 -9 -10 10 11 -13 24 14 -16 16 -18 -19 19 -21 21 -23 -24 -25 -26 -27 -28 28 -30 -31
leaf_value=0.57548460195339268 0.0076090497565872144 0.99167641940946005 -0.25436307330518643 0.063145009297123023 0.046758284306659806 0.0049203623790698373 -0.9961396188503665 0.0071209833108339463 -0.1656364091604508 -0.011874172114836087 -1.3585391953007293 -0.074659800914615937 -0.11945814425688023 -0.0046316613034093511 0.15608436494822855 -0.54413550428780666 -0.093626074473093568 -0.34122115375745676 -0.2260428590746292 0.041457426100410137 -0.027478972359222316 0.093966995725958985 0.051765170615144233 -0.37024037678756377 0.035627184978045311 -0.24000184114834369 -0.14163449714485862 -0.050526641475261633 -0.037507767309103796 0.053983891985681556
leaf_weight=42 808 1089 76 4194 590 27041 43 2495 46 203 43 41 286 455 247 58 128 73 42 41 59 40 42 93 60 45 90 57 1337 736
leaf_count=42 808 1089 76 4194 590 27041 43 2495 46 203 43 41 286 455 247 58 128 73 42 41 59 40 42 93 60 45 90 57 1337 736
internal_value=0.000130046 0.00165646 -0.00181513 8.32361e-05 0.000499574 -7.41852e-06 -0.000590872 -0.00051197 0.00106814 9.74766e-05 -0.00242708 -0.00762353 -0.00131564 -0.000929535 -0.00173009 -0.00255285 -0.00555 -0.00861364 -0.000360556 -0.00489286 -0.00141485 -0.00360776 -0.00482812 0.000124268 -0.00328316 -0.00414759 -0.00662 -0.000220507 -0.000605349 0.000540302
internal_weight=40600 1207 118 39393 7043 32350 4929 4886 4240 27421 287 84 2391 2000 1192 945 259 131 2803 83 686 231 191 27134 391 331 149 2720 2130 793
internal_count=40600 1207 118 39393 7043 32350 4929 4886 4240 27421 287 84 2391 2000 1192 945 259 131 2803 83 686 231 191 27134 391 331 149 2720 2130 793
is_linear=0
shrinkage=0.03


Tree=299
num_leaves=31
num_cat=0
split_feature=24 28 5 11 4 4 5 39 5 24 13 12 31 6 39 11 5 4 36 16 32 10 32 35 6 23 4 18 29 39
split_gain=3.27783 1.66732 2.77844 2.37104 2.09996 3.62871 1.97841 2.0461 2.11808 2.92314 3.11214 1.90452 1.70491 3.28957 1.701 1.68292 1.68068 2.27922 1.75406 1.63331 1.62455 1.64142 2.03471 2.64841 1.56731 1.82701 1.78337 1.56299 2.0312 2.32578
threshold=493.73500000000007 45975.099218750009 61654.437500000007 30.118750000000002 325.50000000000006 327.50000000000006 77125.000000000015 -30.138750000000005 55331.250000000007 101.19125000000001 34.735000000000007 46.85958333333334 55.685000000000009 7.8612334801762138 -15.904999999999999 187.84500000000003 49202.937500000007 88.500000000000014 144.34500000000003 6910.9069011364863 275.16000000000003 -0.0099999999999999482 16.415000000000003 -1.0862499999999995 7.3323788546255519 2.5000000000000004 48.500000000000007 1.5000000000000002 85.832500000000024 -0.33624999999997834
decision_type=10 10 2 8 2 2 2 10 2 10 10 10 8 2 8 10 2 2 10 10 10 10 10 10 2 2 2 2 10 10
left_child=1 2 4 11 16 -6 7 12 9 10 -9 -3 13 -5 -4 -14 18 -18 -1 -15 21 22 -19 -24 -16 26 -26 -10 29 -29
right_child=-2 3 14 6 5 -7 -8 8 27 -11 -12 -13 15 19 24 -17 17 20 -20 -21 -22 -23 23 -25 25 -27 -28 28 -30 -31
leaf_value=0.0013813926884149487 1.4709093028012004 -0.040368852868860071 0.16544672369424987 0.089083573887539041 -0.29971735804272331 -0.027313643785857954 0.055959201564642541 -0.30092786723423931 -0.046158223382760627 -0.29850721876456004 0.017372601188201452 0.11068339105039686 0.014288983967319282 -0.25583972729370646 0.055148757524664173 -0.13936424223719598 -0.0032646119889011382 0.0077887449870410082 -0.43083169436390861 -0.011425061448818909 -0.42982659287673863 0.066315050795579825 -0.25188374588406043 -0.0097117302166116314 -0.10924369786226147 0.1037458109615685 -0.012119705334335809 -0.090320702999761249 0.16015292835234704 0.082270377909335154
leaf_weight=20929 619 117 894 96 78 1238 450 55 2128 72 130 701 1825 51 1603 63 3233 156 130 40 47 4694 46 62 110 141 381 106 199 62
leaf_count=20929 619 117 894 96 78 1238 450 55 2128 72 130 701 1825 51 1603 63 3233 156 130 40 47 4694 46 62 110 141 381 106 199 62
internal_value=0.0001532 0.000119509 0.000201998 -0.000337106 0.000114948 -0.00105695 -0.000570102 -0.000747514 -0.00128369 -0.00387209 -0.00185484 0.00116484 -3.61271e-05 -0.00276064 0.00105335 0.000235045 0.000167622 0.00053089 2.54987e-05 -0.00681522 0.000931882 0.000984876 -0.00131321 -0.00445872 0.000610465 -0.000654028 -0.00151829 -0.00101562 0.000790761 -0.00163314
internal_weight=40456 39837 33742 6095 30613 1316 5277 4827 2752 257 185 818 2075 187 3129 1888 29297 8238 21059 91 5005 4958 264 108 2235 632 491 2495 367 168
internal_count=40456 39837 33742 6095 30613 1316 5277 4827 2752 257 185 818 2075 187 3129 1888 29297 8238 21059 91 5005 4958 264 108 2235 632 491 2495 367 168
is_linear=0
shrinkage=0.03


end of trees

feature_importances:
day_of_year=562
wind100_ms=513
load_fc_mw=485
price_lag1_max=423
price_lag1_min=411
residual_v2_mw=385
hour=339
price_lag_same_type_mean=328
wind_proxy_mw=326
price_lag_same_type=323
nuclear_d2_mean_mw=311
temp_c=306
radiation_wm2=301
price_es_lag1=297
price_lag1_mean=294
price_lag7_mean=282
nuclear_d1_early_mw=277
dow=271
price_lag1=250
price_lag7=226
solar_proxy_mw=207
price_lag2=181
spread_ch_lag1=180
spread_es_lag1=175
nuclear_d2_mw=170
spread_it_north_lag1=154
day_type=132
price_be_lag1=120
price_ch_lag1=117
price_de_lu_lag1=105
price_it_north_lag1=79
spread_de_lu_lag1=78
same_type_lag_days=72
spread_be_lag1=72
price_nl_lag1=68
month=60
spread_nl_lag1=58
year_end_break=34
holiday=22
pre_holiday=4
post_holiday=2

parameters:
[boosting: gbdt]
[objective: quantile]
[metric: quantile]
[tree_learner: serial]
[device_type: cpu]
[data_sample_strategy: bagging]
[data: ]
[valid: ]
[num_iterations: 300]
[learning_rate: 0.03]
[num_leaves: 31]
[num_threads: 8]
[seed: 7]
[deterministic: 0]
[force_col_wise: 0]
[force_row_wise: 0]
[histogram_pool_size: -1]
[max_depth: -1]
[min_data_in_leaf: 40]
[min_sum_hessian_in_leaf: 0.001]
[bagging_fraction: 0.8]
[pos_bagging_fraction: 1]
[neg_bagging_fraction: 1]
[bagging_freq: 1]
[bagging_seed: 17422]
[bagging_by_query: 0]
[feature_fraction: 0.8]
[feature_fraction_bynode: 1]
[feature_fraction_seed: 7040]
[extra_trees: 0]
[extra_seed: 6516]
[early_stopping_round: 0]
[early_stopping_min_delta: 0]
[first_metric_only: 0]
[max_delta_step: 0]
[lambda_l1: 0]
[lambda_l2: 1]
[linear_lambda: 0]
[min_gain_to_split: 0]
[drop_rate: 0.1]
[max_drop: 50]
[skip_drop: 0.5]
[xgboost_dart_mode: 0]
[uniform_drop: 0]
[drop_seed: 15215]
[top_rate: 0.2]
[other_rate: 0.1]
[min_data_per_group: 100]
[max_cat_threshold: 32]
[cat_l2: 10]
[cat_smooth: 10]
[max_cat_to_onehot: 4]
[top_k: 20]
[monotone_constraints: ]
[monotone_constraints_method: basic]
[monotone_penalty: 0]
[feature_contri: ]
[forcedsplits_filename: ]
[refit_decay_rate: 0.9]
[cegb_tradeoff: 1]
[cegb_penalty_split: 0]
[cegb_penalty_feature_lazy: ]
[cegb_penalty_feature_coupled: ]
[path_smooth: 0]
[interaction_constraints: ]
[verbosity: -1]
[saved_feature_importance_type: 0]
[use_quantized_grad: 0]
[num_grad_quant_bins: 4]
[quant_train_renew_leaf: 0]
[stochastic_rounding: 1]
[linear_tree: 0]
[max_bin: 255]
[max_bin_by_feature: ]
[min_data_in_bin: 3]
[bin_construct_sample_cnt: 200000]
[data_random_seed: 61]
[is_enable_sparse: 1]
[enable_bundle: 1]
[use_missing: 1]
[zero_as_missing: 0]
[feature_pre_filter: 1]
[pre_partition: 0]
[two_round: 0]
[header: 0]
[label_column: ]
[weight_column: ]
[group_column: ]
[ignore_column: ]
[categorical_feature: ]
[forcedbins_filename: ]
[precise_float_parser: 0]
[parser_config_file: ]
[objective_seed: 15521]
[num_class: 1]
[is_unbalance: 0]
[scale_pos_weight: 1]
[sigmoid: 1]
[boost_from_average: 1]
[reg_sqrt: 0]
[alpha: 0.1]
[fair_c: 1]
[poisson_max_delta_step: 0.7]
[tweedie_variance_power: 1.5]
[lambdarank_truncation_level: 30]
[lambdarank_norm: 1]
[label_gain: ]
[lambdarank_position_bias_regularization: 0]
[eval_at: ]
[multi_error_top_k: 1]
[auc_mu_weights: ]
[num_machines: 1]
[local_listen_port: 12400]
[time_out: 120]
[machine_list_filename: ]
[machines: ]
[gpu_platform_id: -1]
[gpu_device_id: -1]
[gpu_use_dp: 0]
[num_gpu: 1]

end of parameters

pandas_categorical:[]
