tree
version=v4
num_class=1
num_tree_per_iteration=1
label_index=0
max_feature_idx=41
objective=quantile
feature_names=hour dow month holiday day_of_year load_fc_mw temp_c wind100_ms radiation_wm2 price_lag1 price_lag2 price_lag7 price_lag1_mean price_lag1_min price_lag1_max price_lag7_mean wind_proxy_mw solar_proxy_mw day_type bridge_day pre_holiday post_holiday year_end_break same_type_lag_days price_lag_same_type price_lag_same_type_mean nuclear_d2_mw nuclear_d2_mean_mw nuclear_d1_early_mw price_de_lu_lag1 price_be_lag1 price_nl_lag1 price_es_lag1 price_it_north_lag1 price_ch_lag1 spread_de_lu_lag1 spread_be_lag1 spread_nl_lag1 spread_es_lag1 spread_it_north_lag1 spread_ch_lag1 residual_v2_mw
feature_infos=[0:23] [0:6] [1:12] [0:1] [1:366] [27650:89563.75] [-3.7581497797356822:39.041850220264323] [0.87847222222222232:15.701388888888889] [-0.10000000000000001:918.04999999999995] [-496.86250000000001:2987.7800000000002] [-496.86250000000001:2987.7800000000002] [-496.86250000000001:2987.7800000000002] [-41.392708333333331:743.84333333333336] [-496.86250000000001:571.94000000000005] [7.54:2987.7800000000002] [-41.392708333333331:743.84333333333336] [0:21930.799999999999] [0:19081.413690000001] [0:2] [0:1] [0:1] [0:1] [0:1] [1:14] [-496.86250000000001:2987.7800000000002] [-41.392708333333331:743.84333333333336] [19179:56127.255000000005] [20350.958333333332:55888.579062500001] [20078.625:55971.288124999999] [-437.46749999999997:1029.2950000000001] [-497.90499999999997:933.28250000000003] [-500:872.96000000000004] [-39.825000000000003:700] [0:871] [-463.68000000000001:871.61000000000001] [-708.22500000000014:2807.7775000000001] [-661.9425:2757.7800000000002] [-597.96000000000004:2733.1800000000003] [-494.89750000000004:2701.7000000000003] [-496.86250000000001:2517.7800000000002] [-226.35000000000002:2550.23] [-30766.395320048367:32590.864795809088]
tree_sizes=2750 2894 2891 2915 2923 2911 2916 2912 2915 2942 2919 2892 2922 2918 2917 2930 2923 2938 2933 2934 2922 2939 2928 2940 2940 2921 2922 2942 2937 2949 2947 2933 2938 2944 2922 2926 2936 2933 2956 2937 2950 2938 2946 2935 2933 2928 2938 2942 2942 2942 2953 2925 2941 2942 2959 2919 2957 2946 2929 2953 2961 2931 2959 2951 2958 2959 2975 2961 2945 2944 2940 2949 2942 2942 2944 2950 2947 2954 2968 2943 2949 2957 2958 2949 2960 2944 2959 2927 2935 2942 2919 2941 2948 2947 2943 2941 2932 2943 2957 2957 2966 2928 2924 2972 2978 2984 2938 2931 2950 2967 2929 2977 2950 2951 2930 2934 2968 2966 2947 2933 2937 2967 2945 2942 2937 2981 2939 2960 2958 2953 2946 2954 2952 2969 2950 2953 2981 2950 2936 2955 2952 2954 2959 2954 2962 2962 2966 2924 2945 2928 2956 2936 2946 2940 2952 2969 2946 2964 2967 2954 2968 2932 2967 2949 2946 2937 2937 2952 2973 2964 2951 2972 2928 2955 2961 2908 2916 2953 2965 2946 2926 2946 2939 2957 2947 2968 2958 2960 2951 2936 2981 2931 2931 2943 2977 2962 2921 2949 2910 2975 2966 2953 2934 2953 2956 2966 2940 2953 2937 2945 2928 2914 2934 2960 2913 2941 2980 2941 2956 2951 2951 2947 2889 2943 2938 2954 2923 2925 2931 2943 2952 2963 2936 2935 2931 2878 2890 2903 2909 2917 2942 2950 2923 2945 2938 2933 2956 2966 2957 2908 2969 2893 2890 2936 2909 2908 2947 2940 2947 2902 2920 2950 2946 2889 2912 2973 2897 2910 2912 2947 2889 2925 2926 2930 2921 2938 2911 2914 2941 2948 2909 2940 2922 2938 2924 2937 2934 2935 2913 2915 2910 2908 2931 2950 2937 2947 2952 2920 2909 2871

Tree=0
num_leaves=31
num_cat=0
split_feature=9 24 24 11 41 41 41 11 14 41 18 7 7 41 41 7 24 14 23 9 7 7 4 7 33 7 1 33 16 41
split_gain=5609.57 398.89 231.468 108.552 81.5006 76.9649 59.0917 44.2568 37.8711 34.3984 33.1629 27.9495 27.2301 26.8126 20.4564 20.2713 19.8883 19.0921 28.1903 18.2163 21.1326 15.2109 15.0218 14.9063 14.2471 14.0343 11.5139 12.3925 11.4584 11.2773
threshold=92.355000000000004 81.936250000000015 103.22500000000001 94.645000000000024 -383.65429091284381 -3411.1625452607109 -538.75169692148472 98.93125000000002 129.45500000000001 169.57849147021264 1.0000000180025095e-35 7.4045138888888911 7.1128472222222241 2997.5752557087039 -84.202514822434736 8.2864583333333375 88.465000000000018 125.74500000000002 3.5000000000000004 151.06000000000003 6.9288194444444473 5.6684027777777795 166.50000000000003 5.6857638888888902 116.29875000000001 6.1232638888888902 1.0000000180025095e-35 116.29875000000001 5562.0051106596266 12569.267103160759
decision_type=10 10 8 10 8 8 8 8 10 8 2 2 2 10 8 2 10 10 2 10 2 2 2 2 10 2 2 10 10 10
left_child=1 3 5 8 28 -2 11 16 13 -5 23 22 17 -1 -10 24 -6 18 -7 20 -8 -18 -4 -9 -11 -12 -16 -28 -3 -15
right_child=2 4 6 9 7 12 19 10 14 15 25 -13 -14 29 26 -17 21 -19 -20 -21 -22 -23 -24 -25 -26 -27 27 -29 -30 -31
leaf_value=87.083597946166989 87.964098014831549 88.081247863769534 88.350010414123531 86.936560420989991 88.330098037719722 88.768547973632806 89.546597900390623 89.015297927856452 86.824585418701176 88.330397872924806 88.587497863769528 87.834647827148444 88.537135505676275 87.857935523986811 88.640447845458979 87.642347946166993 88.572497863769527 88.950197982788083 88.416197891235356 92.667797927856441 89.174485473632814 88.235597991943365 89.609298019409181 88.686310386657709 88.671947937011723 87.716297950744632 87.953147964477537 88.267097854614263 87.003835430145259 88.634597854614256
leaf_weight=12812 454 439 98 456 1044 626 4242 453 900 366 150 147 606 792 79 216 623 1837 387 9172 1152 399 365 542 518 170 522 351 486 51
leaf_count=12812 454 439 98 456 1044 626 4242 453 900 366 150 147 606 792 79 216 623 1837 387 9172 1152 399 365 542 518 170 522 351 486 51
internal_value=88.49 88.4795 88.5018 88.4774 88.4876 88.4953 88.5035 88.4898 88.4767 88.485 88.4941 88.4944 88.4969 88.4761 88.4807 88.4878 88.4871 88.4981 88.4948 88.5039 88.5025 88.49 88.498 88.4968 88.4899 88.4857 88.4838 88.4828 88.4797 88.4813
internal_weight=40455 21369 19086 17063 4306 3910 15176 3381 15507 1556 1315 610 3456 13655 1852 1100 2066 2850 1013 14566 5394 1022 463 995 884 320 952 873 925 843
internal_count=40455 21369 19086 17063 4306 3910 15176 3381 15507 1556 1315 610 3456 13655 1852 1100 2066 2850 1013 14566 5394 1022 463 995 884 320 952 873 925 843
is_linear=0
shrinkage=1


Tree=1
num_leaves=31
num_cat=0
split_feature=9 24 24 11 41 41 41 11 6 41 7 41 7 24 33 30 30 34 24 25 1 41 9 7 6 34 34 41 7 11
split_gain=5499.78 392.357 241.702 92.5882 78.8919 77.934 56.7535 56.1182 35.1269 33.22 28.1997 26.1655 24.8942 23.7225 21.3439 20.9955 20.2285 20.1348 27.2468 17.2028 16.4458 12.4766 12.4377 12.0909 11.9003 10.9702 10.3615 10.1526 10.0534 9.77913
threshold=92.355000000000004 79.750000000000014 103.95375000000001 88.895000000000024 -3560.9089346773321 -84.202514822434736 -538.75169692148472 99.50500000000001 17.552863436123353 337.37203825021794 6.352430555555558 3610.2861328299336 7.1128472222222241 101.19125000000001 125.00500000000001 120.34375000000001 86.193750000000009 106.23500000000001 91.075000000000003 91.486979166666671 4.5000000000000009 5434.6530780996445 71.875000000000014 9.3559027777777803 17.281718061674013 120.66500000000001 118.48 -4788.968349011403 7.2413194444444464 133.87750000000003
decision_type=10 10 8 10 8 8 8 8 2 8 2 10 2 10 10 8 10 10 10 10 2 10 10 2 2 10 10 10 2 10
left_child=1 3 4 11 -2 24 8 13 -4 -5 -9 19 17 16 -11 28 21 18 -6 22 -12 -7 -1 -16 -3 -13 -14 -26 -8 -30
right_child=2 5 6 9 12 7 15 10 -10 14 20 25 26 -15 23 -17 -18 -19 -20 -21 -22 -23 -24 -25 27 -27 -28 -29 29 -31
leaf_value=-1.5499079360961914 -0.56918535346984878 -1.1115775606155394 -0.33463971805572507 -1.5495023571968078 -0.064206012725829986 -0.23980793380737295 0.79903371734619144 0.39734112625122048 1.110696050262451 -0.33505791091918935 0.11334147033691394 -0.69773811149597154 -0.082564069747924976 0.36352502288818372 0.17499159393310534 3.1587662635803224 -0.032335385513305677 0.54659400558471682 0.22820397491455074 -0.64149444808959954 -0.86778891105651867 0.049461015701294068 -0.52630791091918938 -1.2747703926086424 -0.92257622194290156 0.020524514007568297 0.31178594398498516 -0.11028747253417975 0.25831543121337885 1.4118154541015624
leaf_weight=11490 436 704 262 586 363 1214 2066 769 369 730 439 669 318 210 480 11836 966 1683 940 573 153 110 1859 65 176 108 291 218 292 286
leaf_count=11490 436 704 262 586 363 1214 2066 769 369 730 439 669 318 210 480 11836 966 1683 940 573 153 110 1859 65 176 108 291 218 292 286
internal_value=5.53342e-06 -0.0104003 0.0117035 -0.012617 0.00517485 -0.00299698 0.0134446 -0.000990419 0.00462816 -0.00630773 0.00390969 -0.0134153 0.00663654 -0.00365854 -0.00358542 0.0138285 -0.00454387 0.00776364 0.00495782 -0.0137147 -0.0010118 -0.00695094 -0.0139337 0.000906593 -0.0100455 -0.00803985 0.00110656 -0.0058481 0.0113989 0.00787565
internal_weight=40661 21519 19142 16560 4031 4959 15111 3861 631 1861 1361 14699 3595 2500 1275 14480 2290 2986 1303 13922 592 1324 13349 545 1098 777 609 394 2644 578
internal_count=40661 21519 19142 16560 4031 4959 15111 3861 631 1861 1361 14699 3595 2500 1275 14480 2290 2986 1303 13922 592 1324 13349 545 1098 777 609 394 2644 578
is_linear=0
shrinkage=0.03


Tree=2
num_leaves=31
num_cat=0
split_feature=9 24 24 41 41 41 14 24 7 16 41 34 24 23 9 16 9 7 9 32 34 33 41 5 1 24 33 27 5 41
split_gain=5374.8 331.872 286.403 110.57 78.8258 73.0914 59.6271 37.2435 36.405 35.4705 31.9003 30.7002 35.7276 27.7928 27.2749 24.037 17.5015 18.0998 17.3448 16.8407 14.4417 14.4296 18.7068 13.5738 12.7554 11.642 11.5512 10.918 10.5291 9.76134
threshold=91.155000000000015 80.126250000000013 112.65500000000002 -3166.6819272714743 4081.6994252008885 -459.0463273828754 129.45500000000001 101.19125000000001 7.0850694444444473 10827.95315687678 -2938.3385531332274 102.87500000000001 91.72375000000001 5.5000000000000009 29.170000000000005 3282.8236341293073 160.92500000000004 6.9288194444444473 84.782500000000013 119.94500000000001 99.495000000000019 112.97125000000001 -3017.5656815716825 45303.500000000007 2.5000000000000004 36.165000000000006 119.06500000000001 33325.208333333336 57756.250000000007 2171.4324529777227
decision_type=10 10 8 8 10 8 10 10 2 10 8 10 10 2 10 8 10 2 10 10 10 10 8 2 2 10 10 10 2 8
left_child=1 4 3 -2 6 -3 21 15 11 16 -8 12 -5 -9 -6 -7 17 -4 -17 24 -16 -1 -23 27 26 -13 -12 -10 -19 -25
right_child=2 5 9 8 14 7 10 13 23 -11 19 25 -14 -15 20 18 -18 28 -20 -21 -22 22 -24 29 -26 -27 -28 -29 -30 -31
leaf_value=-1.2730107460784912 -0.48097575552177435 -0.95969012282752986 1.206139184944153 -0.11058236570549006 -0.86040593610763549 0.086302176738738856 -1.9454588944287299 0.56411924931335455 0.20656274705886843 -0.074860407875061125 -0.38793273685455326 0.25959628612518298 0.23409753309631368 -0.36205530781173706 -0.26670602308273317 -0.21609787819290174 4.2376031291885372 0.6244527348403931 -0.030979254020691085 0.29622578599548333 0.10003861667633074 -1.8656186758804321 -0.84716069801330562 -0.20681758855819724 -0.73800118520736691 0.5379962495040892 0.094755887844085715 -0.65023717969894401 1.1293069774360658 0.2970129576301575
leaf_weight=10515 610 964 4039 376 387 423 740 627 89 151 324 193 1005 255 221 1259 8450 664 897 136 381 1607 1522 97 632 2673 230 159 324 561
leaf_count=10515 610 964 4039 376 387 423 740 627 89 151 324 193 1005 255 221 1259 8450 664 897 136 381 1607 1522 97 632 2673 230 159 324 561
internal_value=-1.07376e-05 -0.010481 0.0113931 0.00578505 -0.012417 -0.00317555 -0.0129344 -0.00113951 0.00721478 0.013764 -0.00817256 0.00837924 0.00469971 0.00417894 -0.00419697 -0.0029593 0.013926 0.0125149 -0.004242 -0.00537415 -0.000199005 -0.0136534 -0.0118514 0.00175303 -0.00652064 0.01015 -0.00318919 -0.00421687 0.00885743 0.00400607
internal_weight=40511 21120 19391 5763 16695 4425 15706 3461 5153 13628 2062 4247 1381 882 989 2579 13477 5027 2156 1322 602 13644 3129 906 1186 2866 554 248 988 658
internal_count=40511 21120 19391 5763 16695 4425 15706 3461 5153 13628 2062 4247 1381 882 989 2579 13477 5027 2156 1322 602 13644 3129 906 1186 2866 554 248 988 658
is_linear=0
shrinkage=0.03


Tree=3
num_leaves=31
num_cat=0
split_feature=9 24 24 41 11 41 11 7 41 24 41 16 9 7 18 18 41 12 18 33 41 7 6 16 9 7 12 24 4 41
split_gain=5227.44 364.878 268.64 108.19 83.6613 64.3093 69.7144 34.5738 32.6211 31.3815 28.0696 27.3383 26.9553 22.6792 21.4874 17.5972 16.3229 15.798 15.5195 15.1119 15.0058 14.9751 14.7581 14.0332 13.9699 13.657 12.0465 11.3229 11.0409 10.6137
threshold=91.785000000000011 76.175000000000026 115.11375000000002 -2412.785510581914 94.645000000000024 -459.0463273828754 100.55500000000002 7.0850694444444473 2085.5380311440317 88.465000000000018 -2560.735940253056 8309.5755768749532 100.08125000000001 5.5538194444444455 1.0000000180025095e-35 1.0000000180025095e-35 5434.6530780996445 78.507343750000004 1.0000000180025095e-35 116.78500000000001 1975.8263073556775 7.9843750000000027 6.9555066079295162 4323.5446676833044 160.92500000000004 7.5781250000000009 106.82739583333334 25.786250000000006 146.50000000000003 2997.5752557087039
decision_type=10 10 8 8 10 8 8 2 10 10 8 10 10 2 2 2 10 10 2 10 10 2 2 10 10 2 10 10 2 10
left_child=1 4 3 28 8 23 9 12 17 16 -6 24 14 -8 -5 -11 26 -1 -15 -10 -13 22 -12 -3 25 -4 -7 -14 -2 -9
right_child=2 5 11 7 10 6 13 29 19 15 21 20 27 18 -16 -17 -18 -19 -20 -21 -22 -23 -24 -25 -26 -27 -28 -29 -30 -31
leaf_value=-1.4398703962303159 -0.87923832962545434 -0.35853994804189682 1.2043797530481724 0.22614966928298955 -1.7304719186845776 -0.21807839698562603 0.45088104159965492 0.050954621936988784 -0.84880478745861054 0.078405996263237077 0.48699066472663888 -0.1187349156175231 0.072487276230869785 0.18750229902259832 -0.023881194050245112 -0.33822184644916531 0.04603652759971609 -0.61883429662857026 -0.59029368519847847 -0.22989620037803618 0.71902324771579773 -0.85032300731363286 -0.14560776798305503 -1.2814201248104953 4.1101752001078031 0.80772378253635446 0.087181199635562895 0.54444678436683669 -0.12701809801992453 0.35009964932270038
leaf_weight=11348 231 493 4005 1102 315 1782 531 796 703 781 93 166 105 584 376 241 171 1840 181 444 129 230 672 678 8473 563 78 2777 456 152
leaf_count=11348 231 493 4005 1102 315 1782 531 796 703 781 93 166 105 584 376 241 171 1840 181 444 129 230 672 678 8473 563 78 2777 456 152
internal_value=0.000114823 -0.0101859 0.0113928 0.00611658 -0.0125256 -0.0035537 -0.00187241 0.0075664 -0.0131888 -0.00434676 -0.00526316 0.013764 0.00869525 0.00395528 0.00539554 -5.8651e-05 -0.00650344 -0.0136113 0.000646214 -0.00832317 0.00471284 -0.00278614 -0.000763708 -0.00979096 0.0139683 0.0126198 -0.00731865 0.010385 -0.00507994 0.00237092
internal_weight=40496 21165 19331 5995 15645 5520 4349 5308 14335 3053 1310 13336 4360 1296 1478 1022 2031 13188 765 1147 295 995 765 1171 13041 4568 1860 2882 687 948
internal_count=40496 21165 19331 5995 15645 5520 4349 5308 14335 3053 1310 13336 4360 1296 1478 1022 2031 13188 765 1147 295 995 765 1171 13041 4568 1860 2882 687 948
is_linear=0
shrinkage=0.03


Tree=4
num_leaves=31
num_cat=0
split_feature=9 24 9 11 41 41 24 11 14 41 41 16 7 7 17 7 41 24 16 24 9 9 1 34 32 11 14 14 41 34
split_gain=5147.67 387.48 259.81 103.387 96.5212 72.7282 53.8347 45.3802 41.3746 32.2585 27.3552 27.1889 26.9515 21.9411 21.319 20.0288 19.8773 17.6546 17.4285 16.9802 16.163 15.2577 14.8209 12.8717 12.5674 12.4295 12.1951 11.2672 11.184 10.9799
threshold=92.355000000000004 80.126250000000013 118.34500000000001 94.645000000000024 -2259.8705111764862 -2630.1199087821474 90.555000000000021 100.55500000000002 129.45500000000001 -227.12221849167324 3710.7618485876596 11044.93353356282 6.2170138888888911 6.4809027777777795 5926.9808900000016 5.6267361111111134 7546.076053118185 131.25750000000002 4874.5650524793682 88.465000000000018 72.503750000000011 18.320000000000004 1.0000000180025095e-35 116.00500000000001 98.841250000000016 128.90500000000003 128.27000000000001 173.73500000000004 6901.1088763121488 94.715000000000018
decision_type=10 10 10 10 8 8 10 8 10 8 10 10 2 2 10 2 10 10 8 10 10 10 2 10 10 10 10 10 10 10
left_child=1 3 4 8 -2 -3 18 15 10 -5 20 17 29 -9 22 19 27 -4 -6 -7 -1 -12 -10 24 -24 -15 -20 -11 -14 -8
right_child=2 5 11 9 6 7 12 13 14 16 21 -13 28 25 -16 -17 -18 -19 26 -21 -22 -23 23 -25 -26 -27 -28 -29 -30 -31
leaf_value=-1.389356280072378 -0.36245750930295939 -1.0617670643455328 0.87544137543422007 -1.402078773874466 0.38001028406019516 -0.090707701174117833 0.1665899751181962 0.42547944991571285 0.32646305787150198 -0.29633876948259552 -1.3125295777795545 -0.062442429344371102 0.22958552944506913 -0.2635082677557169 -1.9760411667640154 -0.26827286716620102 0.39860952312228037 3.1834695229619911 -0.2358362540792143 0.074478157619083593 -0.43088109016577875 -0.17583075071313295 -0.61498046406892515 -0.15233288861596292 -0.044518588079406812 0.39333821130317925 0.084633779254501176 0.26962834820881176 0.64322284862468004 0.47954413378737709
leaf_weight=11097 625 738 2433 406 232 865 356 751 77 740 279 120 1208 348 684 1078 149 10943 307 685 1663 452 624 235 155 212 261 148 137 2534
leaf_count=11097 625 738 2433 406 232 865 356 751 77 740 279 120 1208 348 684 1078 149 10943 307 685 1663 452 624 235 155 212 261 148 137 2534
internal_value=0.00015909 -0.00995792 0.0114538 -0.0120943 0.00605723 -0.00232471 0.00743745 -0.000704315 -0.0128198 -0.00441482 -0.0133868 0.0137164 0.00878541 0.0038529 -0.00850507 -0.00297832 -0.00160405 0.0138439 0.000299625 -0.000793037 -0.0137105 -0.00772541 -0.00589286 -0.00685714 -0.00871154 -0.000641711 -0.00253076 -0.00330709 0.00527117 0.0104185
internal_weight=40542 21386 19156 16709 5660 4677 5035 3939 15266 1443 13491 13496 4235 1311 1775 2628 1037 13376 800 1550 12760 731 1091 1014 779 560 568 888 1345 2890
internal_count=40542 21386 19156 16709 5660 4677 5035 3939 15266 1443 13491 13496 4235 1311 1775 2628 1037 13376 800 1550 12760 731 1091 1014 779 560 568 888 1345 2890
is_linear=0
shrinkage=0.03


Tree=5
num_leaves=31
num_cat=0
split_feature=12 11 30 30 32 41 41 41 25 31 41 32 41 30 30 1 41 13 6 32 7 32 0 4 25 14 0 30 41 32
split_gain=4129.13 586.084 416.468 152.767 143.19 86.6724 84.3255 79.7637 64.3616 55.2286 54.9184 51.3923 45.1285 45.0163 33.819 28.1578 26.1128 25.743 25.1511 21.9826 21.3486 20.5812 17.2898 16.1989 15.0167 14.3502 14.8663 13.2416 13.2102 12.3085
threshold=89.961614583333358 85.50500000000001 108.20125000000002 83.56750000000001 90.011250000000018 -2341.1724052159548 -3313.1969818992143 3500.2480895201084 107.51770833333335 90.415000000000006 337.37203825021794 94.295000000000016 -2259.8705111764862 99.933750000000018 89.972500000000011 1.5000000000000002 5210.5999815625155 101.76500000000001 19.644713656387673 131.06000000000003 8.6788194444444482 50.110000000000007 5.5000000000000009 8.5000000000000018 47.685468750000005 116.20000000000002 14.500000000000002 11.030000000000001 4777.0767144197898 106.27500000000002
decision_type=10 10 8 10 8 8 8 8 10 10 8 10 8 8 10 2 10 10 2 10 2 10 2 2 10 10 2 10 10 10
left_child=1 3 6 16 7 -5 -2 -3 9 -8 18 23 19 22 15 27 29 20 -6 -4 24 -10 -12 -7 -14 26 -13 -9 -25 -1
right_child=2 4 12 5 10 11 8 14 21 -11 13 25 17 -15 -16 -17 -18 -19 -20 -21 -22 -23 -24 28 -26 -27 -28 -29 -30 -31
leaf_value=-1.2403935478760495 -1.1560551480482251 -1.0892063801052911 -0.10444576407782748 -1.3260435913635982 -0.73717589646010351 0.25155333738654134 -0.15212717512221927 -0.44401716747152936 0.079844953901919244 0.15910363737166491 -0.38792083153022172 -0.34874827222000304 0.10076484570207675 0.63736936632060193 0.21839655520599435 -0.48090491726706436 -0.35589560465166242 3.4365657485524284 0.24885778470553432 1.2304214966808829 0.45376314807105345 0.54255716712044078 0.15109612428527769 -0.4298400013982403 1.0624397702229715 0.30755428358138159 0.12196814757964354 0.090419177334955095 0.0027932727363382524 -0.78836567095945453
leaf_weight=11152 400 1173 252 1666 371 65 997 158 328 1167 143 181 120 1023 597 698 411 8651 248 175 319 1724 822 1257 4364 393 246 675 215 391
leaf_count=11152 400 1173 252 1666 371 65 997 158 328 1167 143 181 120 1023 597 698 411 8651 248 175 319 1724 822 1257 4364 393 246 675 215 391
internal_value=0.000121091 -0.00869803 0.0105555 -0.0116833 -0.000624471 -0.00662401 0.00274854 -0.00477438 0.0039981 0.000387991 0.00462998 -0.00291985 0.0131512 0.00705882 -0.00131047 -0.00367167 -0.0133852 0.013456 -0.00316935 0.00353972 0.0116871 0.00780321 0.00240683 -0.0061541 0.0122207 0.00314251 -0.000665888 5.39568e-05 -0.00680244 -0.0136499
internal_weight=40382 21885 18497 15977 5908 4023 4616 3301 4216 2164 2607 2357 13881 1988 2128 1531 11954 13454 619 427 4803 2052 965 1537 4484 820 427 833 1472 11543
internal_count=40382 21885 18497 15977 5908 4023 4616 3301 4216 2164 2607 2357 13881 1988 2128 1531 11954 13454 619 427 4803 2052 965 1537 4484 820 427 833 1472 11543
is_linear=0
shrinkage=0.03


Tree=6
num_leaves=31
num_cat=0
split_feature=9 24 9 41 41 41 14 24 24 23 41 34 16 32 41 16 41 16 13 24 14 9 12 15 34 9 16 5 24 23
split_gain=4862.58 362.583 273.883 95.4643 72.3421 65.316 51.4592 46.1553 44.6925 49.1238 39.1808 26.0387 25.398 24.3679 21.9612 21.4652 20.6618 19.3153 19.1509 18.6266 17.9873 17.9266 16.7825 15.636 15.8738 12.6301 12.6035 11.5039 10.789 10.1349
threshold=92.355000000000004 76.175000000000026 122.20500000000001 -866.65238676910292 3610.2861328299336 -4935.5664279363582 113.91500000000002 91.075000000000003 89.001250000000013 5.5000000000000009 -5277.4313004078967 97.605000000000004 11411.529859861565 97.695000000000007 6555.0152558739874 5205.1783118534104 6407.244166763624 4025.959367945185 93.280000000000015 117.19250000000001 111.41500000000001 175.68000000000004 92.705625000000012 108.48354166666668 116.00500000000001 100.08125000000001 5205.1783118534104 40755.687500000007 74.421250000000015 4.5000000000000009
decision_type=10 10 10 8 10 8 10 10 10 2 8 10 10 8 10 8 10 10 10 10 10 10 10 10 10 10 8 2 10 2
left_child=1 4 3 15 6 -3 -1 18 14 17 -8 -6 21 23 20 28 25 19 26 27 -7 29 -11 24 -12 -9 -5 -10 -2 -4
right_child=2 5 12 7 11 8 10 16 9 22 13 -13 -14 -15 -16 -17 -18 -19 -20 -21 -22 -23 -24 -25 -26 -27 -28 -29 -30 -31
leaf_value=-1.2595730635346716 -0.33089670301483448 -1.3278998172165788 1.2732338884015504 0.36524342926978376 -0.69154358632546498 -0.22275449052415722 -1.9599317814940891 0.18096499015290901 -0.10095974469079365 -0.63935240127201665 -0.734146910287238 0.0016846174860425122 -0.10153186545138027 -0.057652431928357471 0.19290626348788747 -0.6020631559754146 0.67166269899199471 -0.21924553860256793 0.4388764343741956 1.1185177032764784 -0.079298469281132641 4.1413685563692928 0.063611428668996273 -0.21689047861272598 -0.20225691351572492 0.44052631211409021 -0.12741904405966692 0.16123963157017712 0.17074778802011509 0.92238918468845754
leaf_weight=10850 173 573 3747 179 514 1400 1255 1265 194 429 1430 540 101 434 189 410 717 313 130 303 1289 7683 143 401 225 2582 539 849 351 1333
leaf_count=10850 173 573 3747 179 514 1400 1255 1265 194 429 1430 540 101 434 189 410 717 313 130 303 1289 7683 143 401 225 2582 539 849 351 1333
internal_value=0.000184623 -0.0096749 0.0111327 0.0060312 -0.0120316 -0.00318318 -0.0125798 0.00755958 -0.0021047 0.00108199 -0.00954218 -0.00443602 0.0136487 -0.00735849 -0.00457451 -0.00282353 0.00875356 0.00369578 0.00113074 0.00525612 -0.00526952 0.0137672 -0.00649215 -0.00872144 -0.0100091 0.00787812 -0.000792768 0.0033477 0.0012 0.0123755
internal_weight=40541 21331 19210 6346 15649 5682 14595 5412 5109 2231 3745 1054 12864 2490 2878 934 4564 1659 848 1346 2689 12763 572 2056 1655 3847 718 1043 524 5080
internal_count=40541 21331 19210 6346 15649 5682 14595 5412 5109 2231 3745 1054 12864 2490 2878 934 4564 1659 848 1346 2689 12763 572 2056 1655 3847 718 1043 524 5080
is_linear=0
shrinkage=0.03


Tree=7
num_leaves=31
num_cat=0
split_feature=9 24 24 41 11 41 11 7 16 41 14 14 9 8 7 18 33 24 7 9 7 41 41 5 11 7 32 11 6 32
split_gain=4795.26 332.762 285.215 88.9665 81.6657 63.3756 58.0069 44.0059 32.787 32.3092 31.0788 29.0359 27.551 24.3235 22.8129 19.8703 19.8341 19.1584 19.0724 18.9302 19.6273 15.2074 14.5545 13.644 13.4603 12.9318 12.5546 11.6928 11.3724 11.5588
threshold=91.155000000000015 74.421250000000015 115.11375000000002 -3166.6819272714743 83.455000000000013 -2630.1199087821474 98.93125000000002 7.0850694444444473 6763.8583526646198 -2700.2515383586829 125.74500000000002 120.31500000000001 100.08125000000001 230.68125000000001 6.4565972222222241 1.0000000180025095e-35 114.99500000000002 86.170000000000016 7.5086805555555571 173.44625000000002 6.6579861111111134 505.6215206307898 1975.8263073556775 43263.000000000007 104.67500000000003 7.4392361111111134 65.80625000000002 128.90500000000003 18.708810572687231 128.64750000000004
decision_type=10 10 10 8 10 8 8 2 10 8 10 10 10 2 2 2 10 10 2 10 2 10 10 2 10 2 10 10 2 10
left_child=1 4 3 28 10 -3 11 12 19 -6 21 17 15 16 -8 -5 -12 -7 24 20 -4 -1 -10 -9 -11 -13 -23 -16 -2 -30
right_child=2 5 8 7 9 6 14 23 22 18 13 25 -14 -15 27 -17 -18 -19 -20 -21 -22 26 -24 -25 -26 -27 -28 -29 29 -31
leaf_value=-1.2562634601429861 -0.6624221008907839 -1.0215995886372253 1.165686568993014 0.20204068472079725 -1.5763913551272186 -0.22352904351252348 0.30366872620709323 -0.41206978583042214 -0.078069371888985731 -0.17943104639205273 -0.41350401914408008 0.015449432387261765 0.45628253636549587 -1.690638736530957 -0.30986476768840737 -0.021128228718936555 0.1359812837752844 -0.076567651122050787 -0.80525676005232338 4.0159277010942294 0.85776423557074888 -1.1849570000771299 0.5591315078738196 0.12179695760751258 0.10314114130496121 -0.48319236796219384 -0.22385231963246879 0.31604864495795565 -0.15424178719451254 0.96306537420223104
leaf_weight=10340 372 975 4152 1179 503 1464 848 186 207 684 414 1028 2903 1086 402 412 270 793 423 7508 1171 806 215 796 369 107 309 261 198 45
leaf_count=10340 372 975 4152 1179 503 1464 848 186 207 684 414 1028 2903 1086 402 412 270 793 423 7508 1171 806 215 796 369 107 309 261 198 45
internal_value=0.000165483 -0.00973154 0.0109517 0.00557699 -0.012075 -0.00366899 -0.00227875 0.00679204 0.0134212 -0.00638636 -0.0129257 -0.00445623 0.00804894 -0.00921513 0.00260913 0.00487123 -0.00477372 -0.00642383 -0.00414353 0.0136919 0.012315 -0.0134982 0.0051773 0.00103764 -0.00197818 -0.000541373 -0.0101478 -0.00155873 -0.00523539 -0.000184426
internal_weight=40426 21082 19344 6091 15204 5878 4903 5476 13253 1979 13225 3392 4494 1770 1511 1591 684 2257 1476 12831 5323 11455 422 982 1053 1135 1115 663 615 243
internal_count=40426 21082 19344 6091 15204 5878 4903 5476 13253 1979 13225 3392 4494 1770 1511 1591 684 2257 1476 12831 5323 11455 422 982 1053 1135 1115 663 615 243
is_linear=0
shrinkage=0.03


Tree=8
num_leaves=31
num_cat=0
split_feature=24 12 12 24 41 13 33 30 6 41 41 1 30 32 7 41 32 6 24 14 7 32 12 27 5 11 0 7 10 33
split_gain=4446.59 318.834 300.279 124.867 120.656 82.702 56.9351 56.5983 52.96 44.1426 44.0078 35.7955 33.7085 32.2007 30.506 29.7571 22.8869 19.8852 25.8899 17.7409 17.5677 17.1943 17.1871 17.2933 16.9733 15.8988 15.887 14.6414 14.3395 13.7463
threshold=91.075000000000003 87.368645833333332 111.16937500000002 68.985000000000014 420.85905096846187 94.910000000000011 116.78500000000001 101.13500000000001 18.527533039647583 5434.6530780996445 -3636.8507430683017 4.5000000000000009 133.97875000000002 127.64875000000002 5.7656250000000018 -6429.3584651195806 85.531250000000014 11.287004405286348 63.701250000000009 116.20000000000002 6.7968750000000027 113.03750000000001 90.486458333333346 45096.67260416667 39056.250000000007 100.55500000000002 5.5000000000000009 7.7343750000000009 78.045000000000016 107.99875000000002
decision_type=10 10 10 10 8 10 10 10 2 10 8 2 8 10 2 8 10 2 10 10 2 10 10 10 2 10 2 2 10 10
left_child=1 3 4 6 8 13 -1 11 22 14 -8 26 20 15 16 -3 -5 29 -19 -12 -4 -10 -2 -24 -9 -16 -6 -26 -22 -17
right_child=2 5 12 9 7 -7 10 24 21 -11 19 -13 -14 -15 25 17 -18 18 -20 -21 28 -23 23 -25 27 -27 -28 -29 -30 -31
leaf_value=-1.2201067006610786 -0.97882886606406272 -1.5570577398143208 0.7524983515998106 -0.22431787064933281 -0.065010765503313264 0.76433380166957998 -1.6488176331123752 0.11407594351268756 -0.064440686858048504 0.12827324032343951 -0.75814835449938833 -0.22060481416024927 3.0350496320242941 0.44005162677331328 -0.54484567505178649 -0.057394355102011185 -0.045364098163008744 -0.75426749865439613 -0.064592435751754496 -0.094227789803812384 -0.46363851020077246 0.5998506798125387 0.33625502738044416 -0.43253855828744558 0.6283767836760521 -0.16765272530676312 0.25774661009854144 0.32919725698814489 0.58812727694459954 0.15405321531816568
leaf_weight=10216 561 276 2190 1166 212 417 1262 181 246 354 1174 485 9691 241 1566 348 911 545 1117 510 72 267 105 132 2557 261 1587 349 650 587
leaf_count=10216 561 276 2190 1166 212 417 1262 181 246 354 1174 485 9691 241 1566 348 911 545 1117 510 72 267 105 132 2557 261 1587 349 650 587
internal_value=0.000264682 -0.00930341 0.0106593 -0.0109695 0.00551698 -0.00108296 -0.0124143 0.00750838 -0.00264101 -0.00650153 -0.00873431 0.0039256 0.013385 -0.00276404 -0.00742125 -0.00364823 -0.00493022 -0.00265012 -0.00461816 -0.0055549 0.0105458 0.00487354 -0.00747184 -0.000693277 0.0101571 -0.0102489 0.005875 0.0107121 0.00647303 0.000849359
internal_weight=40236 20951 19285 17420 6682 3531 13162 5371 1311 4258 2946 2284 12603 3114 3904 2873 2077 2597 1662 1684 2912 513 798 237 3087 1827 1799 2906 722 935
internal_count=40236 20951 19285 17420 6682 3531 13162 5371 1311 4258 2946 2284 12603 3114 3904 2873 2077 2597 1662 1684 2912 513 798 237 3087 1827 1799 2906 722 935
is_linear=0
shrinkage=0.03


Tree=9
num_leaves=31
num_cat=0
split_feature=9 24 9 41 33 41 41 24 18 18 12 14 9 24 16 24 16 18 0 0 9 41 24 14 0 32 24 41 16 1
split_gain=4561.84 376.6 248.624 75.1226 67.5957 61.8362 58.4866 54.249 46.5331 38.3366 29.9502 29.7816 27.4785 24.1226 23.5399 19.1776 19.1396 17.6846 14.639 24.8652 13.8587 13.5978 13.5888 13.072 12.5254 13.2191 12.4708 12.1315 11.9906 11.7983
threshold=93.605000000000004 74.421250000000015 122.20500000000001 -866.65238676910292 116.78500000000001 -5191.9321136371791 -5020.8164688564348 88.465000000000018 1.0000000180025095e-35 1.0000000180025095e-35 78.507343750000004 113.44500000000001 175.68000000000004 43.485000000000007 5205.1783118534104 117.19250000000001 5812.4415234299331 1.0000000180025095e-35 16.500000000000004 5.5000000000000009 80.767500000000013 4777.0767144197898 101.91375000000001 111.41500000000001 6.5000000000000009 92.597500000000011 61.077500000000008 7884.6151575523008 4025.959367945185 1.0000000180025095e-35
decision_type=10 10 10 8 10 8 8 10 2 2 10 10 10 10 8 10 10 2 2 2 10 10 10 10 2 10 10 10 10 2
left_child=1 4 3 16 10 -3 -6 11 22 15 21 24 17 -8 -10 28 -2 -4 19 -16 -11 26 -5 -15 -7 -26 -1 -13 -9 -12
right_child=2 5 12 8 6 7 13 9 14 20 29 27 -14 23 18 -17 -18 -19 -20 -21 -22 -23 -24 -25 25 -27 -28 -29 -30 -31
leaf_value=-1.417667122779781 0.069780723680714085 -1.2148092522467475 1.1372034077979649 0.2240686426825659 -1.7421632216351111 -0.3148092359504247 -0.90704272947474551 0.098635717466010381 0.42527079129968764 -0.72577818702706876 0.10562461043895574 -0.061789646690833491 3.8043983811006745 -0.42884856259854881 0.18696840137919252 0.9001853755044017 -0.60781250244424478 0.80594699881017728 0.18283133622150968 -0.23531448604010996 0.0080103116531812183 -0.57724505858048192 0.50414276591952312 0.058301130562281714 -0.20013999493998197 -0.016398051571914891 -0.43434029547032876 0.44951563744482342 -0.22168714571380177 -0.34635336805781902
leaf_weight=8228 507 641 3614 1312 1219 381 1237 1276 362 407 56 1302 7640 557 244 378 333 1484 404 408 269 344 2463 543 1119 317 1716 71 273 1342
leaf_count=8228 507 641 3614 1312 1219 381 1237 1276 362 407 56 1302 7640 557 244 378 333 1484 404 408 269 344 2463 543 1119 317 1716 71 273 1342
internal_value=0.000230296 -0.00914518 0.0110566 0.00603828 -0.0117142 -0.00305828 -0.00808828 -0.00207887 0.00738448 0.00113479 -0.0128168 -0.00470072 0.0134328 -0.00530582 0.00274841 0.00329098 -0.002283 0.0117199 0.000482498 -0.00229709 -0.00500739 -0.0133774 0.00912474 -0.00207084 -0.00721947 -0.00592902 -0.0135807 -0.00136463 0.00180968 -0.00868477
internal_weight=40447 21676 18771 6033 15242 6434 3556 5793 5193 2603 11686 3190 12738 2337 1418 1927 840 5098 1056 652 676 10288 3775 1100 1817 1436 9944 1373 1549 1398
internal_count=40447 21676 18771 6033 15242 6434 3556 5793 5193 2603 11686 3190 12738 2337 1418 1927 840 5098 1056 652 676 10288 3775 1100 1817 1436 9944 1373 1549 1398
is_linear=0
shrinkage=0.03


Tree=10
num_leaves=31
num_cat=0
split_feature=9 11 9 9 41 41 7 11 18 41 41 9 7 11 7 7 14 1 7 32 25 34 10 32 41 32 5 16 25 1
split_gain=4444.88 336.427 240.3 114.644 104.428 83.3269 46.546 44.3117 40.1547 35.1867 32.8833 29.4015 30.5417 23.6471 23.1486 21.7651 19.8994 19.2852 16.0778 15.7322 14.6988 14.5754 14.0345 13.558 12.9788 12.7441 12.4514 12.4362 11.9382 11.5039
threshold=93.605000000000004 79.001250000000013 122.20500000000001 71.178750000000022 -1360.0190763726275 -2341.1724052159548 6.7968750000000027 98.93125000000002 1.0000000180025095e-35 -3801.4259336516147 2171.4324529777227 169.11500000000004 8.1267361111111143 107.62250000000002 6.3003472222222241 7.5086805555555571 129.45500000000001 1.0000000180025095e-35 9.4340277777777803 99.822500000000005 90.362291666666678 108.41500000000001 45.003750000000004 49.771250000000009 -6429.3584651195806 109.43500000000002 49602.687500000007 3719.6825463648024 72.179166666666688 1.0000000180025095e-35
decision_type=10 10 10 10 8 8 2 10 2 10 10 10 2 10 2 2 10 2 2 10 10 10 10 10 10 10 2 10 10 2
left_child=1 3 5 10 24 27 7 25 14 20 16 12 -4 -8 -7 21 -1 -18 -15 -19 -5 -10 -12 26 -3 29 -9 -2 -14 -6
right_child=2 4 11 9 6 8 13 23 15 -11 22 -13 28 18 -16 -17 17 19 -20 -21 -22 -23 -24 -25 -26 -27 -28 -29 -30 -31
leaf_value=-1.2344234790913979 0.045559847841688282 -1.5687944608387385 1.0151328730153741 -0.32716963199296484 0.049430978876525415 0.41864026031925761 -0.49159129607650881 -0.3939312177155101 0.023390408775535575 -0.048517331868081964 -0.80722457788803959 3.4717782827215027 -0.89894163246267589 0.10854543830169959 0.25377531876585407 -0.43345700823463978 0.24458832413636264 -1.4935291973916023 -0.91952206791931412 0.19591444521791848 -0.10954197357940146 0.35774641288347819 -0.10978287911391418 0.28806152384588563 -0.65177696607003655 0.15799798279305619 0.21466033125299339 -0.58742538769850661 0.47601597664180983 -0.095890643869519884
leaf_weight=10029 273 645 4224 1803 417 2725 944 188 509 898 669 8064 49 488 1167 210 92 865 203 80 452 742 263 1028 762 217 216 408 393 1453
leaf_count=10029 273 645 4224 1803 417 2725 944 188 509 898 669 8064 49 488 1167 210 92 865 203 80 452 742 263 1028 762 217 216 408 393 1453
internal_value=0.000313511 -0.00892829 0.0110072 -0.0113856 -0.00325282 0.00607457 -0.00127449 0.000669034 0.0073319 -0.00629201 -0.0127236 0.0133446 0.011442 -0.00545538 0.00892371 0.00308824 -0.0131797 -0.0092052 -0.00123555 -0.010481 -0.00829122 0.00458866 -0.00729904 0.00473133 -0.0104936 -0.00211925 7.40741e-05 -0.00380499 0.00392777 -0.00291823
internal_weight=40476 21712 18764 15151 6561 6034 5154 3519 5353 3153 11998 12730 4666 1635 3892 1461 11066 1037 691 945 2255 1251 932 1432 1407 2087 404 681 442 1870
internal_count=40476 21712 18764 15151 6561 6034 5154 3519 5353 3153 11998 12730 4666 1635 3892 1461 11066 1037 691 945 2255 1251 932 1432 1407 2087 404 681 442 1870
is_linear=0
shrinkage=0.03


Tree=11
num_leaves=31
num_cat=0
split_feature=24 24 14 32 24 7 41 41 41 41 11 30 13 30 14 41 30 34 7 32 11 41 11 1 4 10 1 7 41 36
split_gain=4178.97 305.272 298.512 119.497 115.759 113.751 77.1205 53.7409 43.3695 38.5962 33.8058 32.8678 30.2503 23.6292 22.7818 22.5235 20.5284 20.4802 19.2919 19.1439 18.0726 17.3417 16.4227 16.5985 16.958 16.1863 14.4976 13.9283 13.7616 13.4979
threshold=91.075000000000003 130.01500000000001 120.31500000000001 105.00500000000001 66.185000000000016 6.8489583333333348 -2002.5833012954824 596.80749135545932 770.58264543073903 1795.3679040402133 100.55500000000002 102.81500000000001 89.570000000000007 100.605 211.32500000000002 5831.8740859929976 83.56750000000001 125.62500000000001 7.4739583333333348 113.855 59.82500000000001 -6265.615994323095 69.345000000000013 1.0000000180025095e-35 312.50000000000006 84.795000000000016 4.5000000000000009 8.8871527777777803 -6870.8202805429582 1.8799999999999979
decision_type=10 10 10 10 10 2 8 8 8 10 8 10 10 10 10 10 10 10 2 10 10 8 10 2 2 10 2 2 10 10
left_child=2 5 4 6 9 7 -4 19 -7 25 16 -9 15 26 18 22 -6 21 -3 28 -11 -5 23 -8 -25 -1 29 -19 -2 -10
right_child=1 14 3 17 10 8 12 11 13 20 -12 -13 -14 -15 -16 -17 -18 27 -20 -21 -22 -23 -24 24 -26 -27 -28 -29 -30 -31
leaf_value=-1.2701886814360728 -1.3834962113067033 1.1441698142479619 -1.2903022000803213 -0.70350662164138456 -0.28136607149553822 -0.72916656892797271 0.24255013506436013 0.19773148629932491 -0.085617692207384827 -1.0021144352997604 0.038140018299154123 0.5254592309440701 0.40164342170238992 0.25512748526950368 3.4068092099502834 0.16550758385315417 -0.14177619196582739 0.90774862615545615 0.61558735622586802 0.31197854777427464 -0.17519572221857757 0.10667988169105988 -0.064793928939247528 -0.4930747027037527 0.063084720264395169 -0.68443373791687356 -0.84311861699935919 -0.85864758372905736 -0.0087888354835804709 0.62461984781186441
leaf_weight=9284 86 2884 1488 86 2437 437 73 1945 369 513 423 2989 163 836 8196 272 1408 489 574 301 467 788 1263 1094 121 807 166 41 502 104
leaf_count=9284 86 2884 1488 86 2437 437 73 1945 369 513 423 2989 163 836 8196 272 1408 489 574 301 467 788 1263 1094 121 807 166 41 502 104
internal_value=0.000322851 0.0103901 -0.00887713 -0.00312808 -0.0110799 0.00576849 -0.00552402 0.00785285 -0.00058024 -0.0126982 -0.00687983 0.00907599 -0.00274188 0.00188008 0.0134569 -0.00346848 -0.00776521 0.00450534 0.011405 0.0010618 -0.00700306 0.00168 -0.00434365 -0.00672614 -0.00756168 -0.0132506 -0.00246094 0.00915254 -0.00208829 0.000221519
internal_weight=40606 19389 21217 5878 15339 7735 4474 5823 1912 11071 4268 4934 2986 1475 11654 2823 3845 1404 3458 889 980 874 2551 1288 1215 10091 639 530 588 473
internal_count=40606 19389 21217 5878 15339 7735 4474 5823 1912 11071 4268 4934 2986 1475 11654 2823 3845 1404 3458 889 980 874 2551 1288 1215 10091 639 530 588 473
is_linear=0
shrinkage=0.03


Tree=12
num_leaves=31
num_cat=0
split_feature=9 24 24 11 41 41 24 7 18 41 11 12 24 41 16 7 34 12 24 13 12 9 12 41 6 18 0 41 7 7
split_gain=4208.79 375.586 248.777 76.7492 68.8749 64.9321 65.1239 42.8047 37.6654 36.4119 34.2691 28.0125 25.3709 24.5679 24.435 20.505 20.1855 19.1596 18.3662 18.0495 17.8882 16.0826 13.8262 13.3243 14.6489 13.2735 16.0133 11.8184 11.665 11.5817
threshold=93.605000000000004 68.221250000000012 121.00250000000001 72.272500000000022 -3166.6819272714743 -5761.2691720864159 88.465000000000018 7.0850694444444473 1.0000000180025095e-35 859.84668452755079 99.50500000000001 135.62098958333337 101.19125000000001 -1360.0190763726275 1239.2298985638229 7.5434027777777795 99.015000000000015 108.21625000000002 117.19250000000001 93.280000000000015 78.507343750000004 65.535000000000011 27.131875000000004 5550.0538319538255 17.722026431718067 1.0000000180025095e-35 16.500000000000004 4777.0767144197898 6.0329861111111134 7.6545138888888911
decision_type=10 10 8 10 8 8 10 2 2 8 8 10 10 10 8 2 8 10 10 10 10 10 10 10 2 2 2 10 2 2
left_child=1 3 4 13 -2 -3 10 12 18 -5 14 15 19 20 -7 -4 29 23 28 25 -1 -10 -15 24 -16 -6 -27 -9 -8 -11
right_child=2 5 11 9 7 6 8 27 21 16 -12 -13 -14 22 17 -17 -18 -19 -20 -21 -22 -23 -24 -25 -26 26 -28 -29 -30 -31
leaf_value=-1.2753850822321167 -0.28363798629409676 -1.1753722824381958 0.89138634589569088 -1.2748234472081987 0.21495870046488291 0.072692316246229322 0.12174115107715167 0.01939730477385666 -1.0912969294374095 -0.21719190256529627 0.062866046535673514 2.7885085668503908 0.43606759539034717 -1.3355855901241134 -0.24617385053229171 0.4245291893076964 0.021597080041506303 0.22256260705317174 0.91614244044625159 0.5604932921507817 -0.70695557328419134 -0.047335657770103907 -0.4629851417413941 0.041305799973243608 -0.12062823525198275 -0.059583059509173496 0.26527135938449709 0.39631526310034798 -0.066874094309942581 -0.85704875300907091
leaf_weight=8421 606 713 2418 907 960 310 991 921 267 834 637 9563 2368 692 2196 497 529 111 388 516 1065 432 1021 189 1006 509 344 135 560 228
leaf_count=8421 606 713 2418 907 960 310 991 921 267 834 637 9563 2368 692 2196 497 529 111 388 516 1065 432 1021 189 1006 509 344 135 560 228
internal_value=0.000485682 -0.00858568 0.0108379 -0.011578 0.00600708 -0.00333034 -0.0024612 0.00702033 0.00127321 -0.00681873 -0.00467528 0.0132991 0.00824713 -0.0126388 -0.00575138 0.010715 -0.00407977 -0.00646589 0.00342526 0.00601931 -0.0132371 -0.00469286 -0.0093203 -0.00686763 -0.00732438 0.00460584 0.00187939 0.00156102 0.00196198 -0.00646284
internal_weight=40334 21497 18837 13697 6359 7800 7087 5753 2638 2498 4449 12478 4697 11199 3812 2915 1591 3502 1939 2329 9486 699 1713 3391 3202 1813 853 1056 1551 1062
internal_count=40334 21497 18837 13697 6359 7800 7087 5753 2638 2498 4449 12478 4697 11199 3812 2915 1591 3502 1939 2329 9486 699 1713 3391 3202 1813 853 1056 1551 1062
is_linear=0
shrinkage=0.03


Tree=13
num_leaves=31
num_cat=0
split_feature=12 34 11 30 41 30 30 12 41 1 41 6 32 32 1 25 32 41 8 4 18 28 32 41 18 12 23 41 30 27
split_gain=3515.19 469.328 422.521 121.789 107.334 88.4118 81.6455 71.7275 62.6842 35.8616 34.6637 33.2237 32.4272 31.0605 29.791 28.4262 26.6021 25.2577 21.9918 19.4133 19.3948 20.8177 17.1991 16.4674 16.0562 16.0425 15.5038 15.0186 14.9945 14.9103
threshold=87.368645833333332 120.06500000000001 81.75500000000001 84.941250000000011 -459.0463273828754 94.585000000000022 88.98250000000003 145.09229166666668 -5677.3701990856816 1.5000000000000002 -2259.8705111764862 18.254625550660801 65.80625000000002 109.43500000000002 1.5000000000000002 61.887083333333344 145.06500000000003 -6429.3584651195806 400.83125000000007 260.50000000000006 1.0000000180025095e-35 51356.724062500005 98.841250000000016 2522.9860485415343 1.0000000180025095e-35 37.054635416666677 5.5000000000000009 7687.9710689938156 11.030000000000001 44946.850520833337
decision_type=10 8 10 10 8 10 10 10 8 2 8 2 10 10 2 10 10 8 2 2 2 10 10 10 2 10 2 10 8 10
left_child=2 5 3 15 11 14 9 10 -5 28 16 -4 -10 -8 -2 23 -3 -7 -16 -12 21 -21 -17 -1 -19 -13 -14 -11 -6 -30
right_child=1 7 4 8 6 17 13 -9 12 27 19 25 26 -15 18 22 -18 24 -20 20 -22 -23 -24 -25 -26 -27 -28 -29 29 -31
leaf_value=-1.3330053348334636 0.085731074466066842 -0.16240961396245154 -1.1713947934705733 -1.3697668131991718 -0.44923431267811925 -1.1037616821314411 0.10326286019709911 2.6654034654845273 -0.6571164364427402 -0.35317816165116511 0.70347921394106816 -0.97251762334503711 0.063579893604284829 0.56189754176162665 -0.043892132656218906 -0.41165295889632997 1.0049657076088028 0.26382907129250044 -0.50068082580292017 0.72619022406044975 0.105934981829174 -0.27309320554812289 -0.19363468979888857 -0.76754181719360592 0.09061880673933885 0.031814486093511361 -0.21889162365490236 0.28945508643535373 0.1467392161623482 -0.15841128239722854
leaf_weight=7444 668 356 1001 914 196 84 1370 9608 872 1185 2935 139 970 750 1119 3402 138 1773 638 1049 369 46 288 528 771 375 517 85 811 188
leaf_count=7444 668 356 1001 914 196 84 1370 9608 872 1185 2935 139 970 750 1119 3402 138 1773 638 1049 369 46 288 528 771 375 517 85 811 188
internal_value=0.00041796 0.00957453 -0.00809398 -0.0108111 -0.00144075 0.00170063 0.000847143 0.012318 -0.00569487 -0.00286496 0.00935738 -0.00836082 -0.00310805 0.00516266 -0.00242993 -0.0122464 0.00181818 0.0055116 -0.00447952 0.0102034 0.00737201 0.009375 -0.0100623 -0.013256 0.00604715 -0.00215534 -0.000413306 -0.00637293 0.000865385 0.002355
internal_weight=40589 19554 21035 14935 6100 5053 4585 14501 3273 2465 4893 1515 2359 2120 2425 11662 494 2628 1757 4399 1464 1095 3690 7972 2544 514 1487 1270 1195 999
internal_count=40589 19554 21035 14935 6100 5053 4585 14501 3273 2465 4893 1515 2359 2120 2425 11662 494 2628 1757 4399 1464 1095 3690 7972 2544 514 1487 1270 1195 999
is_linear=0
shrinkage=0.03


Tree=14
num_leaves=31
num_cat=0
split_feature=9 24 9 11 41 24 41 18 18 41 14 8 33 7 24 7 14 7 9 7 9 34 41 41 34 9 7 33 24 5
split_gain=4010.45 404.562 218.586 75.3087 67.6776 64.1775 61.429 39.0309 38.7006 33.9941 32.8077 32.917 28.2602 24.5449 23.9258 23.658 22.6274 22.2383 19.3029 19.2471 19.1525 18.2479 17.443 16.5024 15.6348 15.5383 14.2156 13.0086 12.8305 12.4488
threshold=95.343750000000014 68.221250000000012 131.38375000000002 72.272500000000022 -5761.2691720864159 85.673750000000013 -3560.9089346773321 1.0000000180025095e-35 1.0000000180025095e-35 -3636.8507430683017 117.40500000000002 121.84375000000001 115.00125000000001 7.5086805555555571 117.19250000000001 8.2864583333333375 103.37250000000002 4.8871527777777795 64.99375000000002 5.8281250000000027 200.00500000000002 109.56500000000001 1454.3448202590337 -7662.7466448719961 106.80500000000002 59.252500000000005 6.633680555555558 114.99500000000002 149.44875000000002 58903.312500000007
decision_type=10 10 10 10 8 10 8 2 2 8 10 2 10 2 10 2 10 2 10 2 10 10 8 8 10 10 2 10 10 2
left_child=1 3 6 10 -3 12 26 17 14 -5 25 23 -6 21 19 28 -11 -8 -10 -7 29 -9 -19 -12 -24 -1 -2 -25 -4 -17
right_child=2 4 15 9 5 8 7 13 18 16 11 -13 -14 -15 -16 20 -18 22 -20 -21 -22 -23 24 27 -26 -27 -28 -29 -30 -31
leaf_value=-1.3733639343017501 0.02403320431689444 -1.1386059124260128 0.86921882114277493 -1.4610458188043847 -0.17233367647054143 0.10282335534956757 0.49194336026173446 0.01724154150300947 -1.0500360981776153 -0.46618816125858853 -1.1959311656623608 -1.4668167870802433 -0.038936830425396848 -0.36039703759500441 0.89370293154278047 0.1363717405908553 -0.043672853581924326 0.0020899256610269388 -0.062926693734564554 -0.064128384679275716 2.6916834920799464 0.36375499615931944 0.12015996502225831 -0.267482685237173 0.43626543362928288 -0.38361311049180796 -0.80760934064981948 0.22957779544226922 2.8496664439174522 0.83255588055491359
leaf_weight=7270 340 748 2152 614 2762 1407 1844 521 300 1105 131 1441 1102 231 413 306 857 281 580 992 480 998 555 428 1835 1863 201 224 8391 156
leaf_count=7270 340 748 2152 614 2762 1407 1844 521 300 1105 131 1441 1102 231 413 306 857 281 580 992 480 998 555 428 1835 1863 201 224 8391 156
internal_value=0.000423401 -0.0081354 0.0108285 -0.0112592 -0.00289344 -0.00204049 0.00656677 0.00740425 0.000787977 -0.00662398 -0.0123098 -0.00903371 -0.00474256 0.00359794 0.00250622 0.0133532 -0.0046918 0.00887843 -0.00469921 0.00135625 0.00878049 0.00498355 0.00712388 -0.00407526 0.00795483 -0.0131065 -0.00312731 -0.00211332 0.0137609 0.00440605
internal_weight=40528 22237 18291 13933 8304 7556 6806 6265 3692 2576 11357 2224 3864 1750 2812 11485 1962 4515 880 2399 942 1519 2671 783 2390 9133 541 652 10543 462
internal_count=40528 22237 18291 13933 8304 7556 6806 6265 3692 2576 11357 2224 3864 1750 2812 11485 1962 4515 880 2399 942 1519 2671 783 2390 9133 541 652 10543 462
is_linear=0
shrinkage=0.03


Tree=15
num_leaves=31
num_cat=0
split_feature=24 24 12 24 7 32 41 41 32 41 41 22 41 16 34 34 10 11 1 7 27 33 5 11 7 5 23 11 32 33
split_gain=3742.11 311.719 282.261 119.27 107.412 77.2775 54.4143 48.4575 42.2887 40.0372 34.5893 32.2767 31.3483 28.9592 28.3604 26.4277 23.2596 21.9913 21.7594 21.4764 19.858 18.3993 17.7356 17.4657 15.2645 23.0898 15.0003 14.9263 13.8768 12.8788
threshold=91.075000000000003 130.01500000000001 78.507343750000004 61.077500000000008 6.4045138888888902 110.605 1009.721206903727 770.58264543073903 105.61500000000002 3905.4187181298516 -6344.9923459419106 1.0000000180025095e-35 -2002.5833012954824 6763.8583526646198 96.035000000000011 104.91500000000001 195.16000000000003 77.91125000000001 1.0000000180025095e-35 7.2031250000000018 35982.584791666675 116.78500000000001 41043.750000000007 100.55500000000002 8.2309027777777803 45506.250000000007 6.5000000000000009 74.93125000000002 62.517500000000005 126.03250000000001
decision_type=10 10 10 10 2 10 10 8 10 10 8 2 8 10 10 10 10 10 2 2 10 10 2 8 2 2 2 10 10 10
left_child=2 4 3 6 8 10 17 -6 12 19 -4 13 -2 24 18 -9 -13 28 -12 23 -19 -8 -14 -5 -3 -26 -17 -20 -1 -11
right_child=1 11 5 9 7 -7 21 15 -10 29 14 16 22 -15 -16 26 -18 20 27 -21 -22 -23 -24 -25 25 -27 -28 -29 -30 -31
leaf_value=-1.4128582481093277 -0.47483983184855766 2.2208013590471944 -1.4619133348870648 -0.22070345753378809 -0.58958715938585793 0.25974926909369528 -0.81147356905335088 -0.14681668208142795 0.45599692231824773 -0.06923373371181768 0.22100652917798483 -0.62365346711212044 -0.025964209695898716 0.18531582719397363 -0.015604494705171133 0.29807243903588404 1.6927327534059096 -0.073922261787911475 -0.28266899935521422 -0.60676719036235027 -1.1791640875657206 -0.15652695672186531 0.24093052242464535 0.043836792449853307 -0.37636905362888484 1.7257407377390379 -0.094118552867643784 -0.074914541906273363 -0.80731506383744722 0.39897668155756194
leaf_weight=6318 248 10192 454 2876 541 1007 767 548 2728 264 133 128 293 250 1859 1082 107 297 1179 1111 785 550 2018 277 104 827 231 824 2211 177
leaf_count=6318 248 10192 454 2876 541 1007 767 548 2728 264 133 128 293 250 1859 1082 107 297 1179 1111 785 550 2018 277 104 827 231 824 2211 177
internal_value=0.000462773 0.0100091 -0.0082724 -0.0103227 0.00532315 -0.00239692 -0.0120423 6.2422e-05 0.00771275 -0.00632703 -0.00409551 0.0131122 0.00493945 0.0133396 -0.00320195 0.00236037 0.00209746 -0.0128262 -0.0055592 -0.00721688 -0.00878116 -0.00631639 0.00602725 -0.00594959 0.0135666 0.00986588 0.00466895 -0.00633982 -0.0133382 0.00227376
internal_weight=40386 19297 21089 15633 7689 5456 10928 2402 5287 4705 4449 11608 2559 11373 3995 1861 235 9611 2136 4264 1082 1317 2311 3153 11123 931 1313 2003 8529 441
internal_count=40386 19297 21089 15633 7689 5456 10928 2402 5287 4705 4449 11608 2559 11373 3995 1861 235 9611 2136 4264 1082 1317 2311 3153 11123 931 1313 2003 8529 441
is_linear=0
shrinkage=0.03


Tree=16
num_leaves=31
num_cat=0
split_feature=9 24 9 24 11 14 16 41 1 24 14 41 41 41 8 16 7 7 16 7 5 6 41 9 5 1 0 7 32 27
split_gain=3757.92 352.005 256.51 73.69 70.833 60.2136 52.7112 48.2938 40.0249 34.3467 33.5129 34.0276 32.8444 28.4355 27.6671 23.6507 23.454 22.578 22.4001 19.1849 19.7781 15.7898 15.7613 15.2173 15.0878 14.9335 14.9125 14.2377 14.1797 13.4025
threshold=93.605000000000004 66.185000000000016 138.36625000000004 101.19125000000001 72.272500000000022 131.75250000000003 5967.1323708235041 6555.0152558739874 4.5000000000000009 84.748750000000015 98.045000000000016 -6521.3200614441148 -3636.8507430683017 -6521.3200614441148 268.53750000000008 6910.9069011364863 6.8732638888888902 5.6267361111111134 2702.2742284509245 8.2864583333333375 46400.687500000007 6.8579295154185029 1719.0124649134925 76.175000000000026 39206.250000000007 1.0000000180025095e-35 17.500000000000004 4.0434027777777795 65.80625000000002 31804.515520833334
decision_type=10 10 10 10 10 10 10 10 2 10 10 8 8 8 2 10 2 2 10 2 2 2 10 10 2 2 2 2 10 10
left_child=1 4 3 13 10 7 16 8 9 27 26 -12 -6 -2 28 25 -5 -15 -11 -4 -21 -14 -8 -10 -19 -7 -1 -3 -13 -27
right_child=2 5 19 6 12 15 22 -9 23 18 11 14 21 17 -16 -17 -18 24 -20 20 -22 -23 -24 -25 -26 29 -28 -29 -30 -31
leaf_value=-1.3083066760186595 -0.85771872659476878 -0.042241445923017193 2.2324837010298988 0.48970731676956258 -1.370748998029417 0.70000579397944962 -0.27146219538474425 0.19194678546436861 -0.91013698040927571 0.03958424657308697 -1.6767110150337718 -0.47788846676102492 0.090232291431954645 0.19335566914733546 -1.0121142535189049 -0.44750714383582402 0.27746326467020965 -0.3289904975559132 -0.47129603988145524 -0.37972227622020072 1.7942688085756164 -0.34963342449693602 0.26086504239964037 -0.22670480210521687 0.032927939911076717 0.32295415258136057 -0.56754668135963338 -0.20588977209676962 -0.10238239618130904 0.0024876808687078265
leaf_weight=5482 192 494 9842 3743 583 332 315 425 855 1275 1438 773 223 1617 1414 148 839 123 434 96 781 1568 300 595 922 159 1073 2258 764 1328
leaf_count=5482 192 494 9842 3743 583 332 315 425 855 1275 1438 773 223 1617 1414 148 839 123 434 96 781 1568 300 595 922 159 1073 2258 764 1328
internal_value=0.000518048 -0.00800782 0.0103388 0.00629098 -0.0110301 -0.00315932 0.00841766 -0.00458261 -0.00528501 -0.00387606 -0.0120493 -0.0100148 -0.00632842 0.00241681 -0.00816565 0.0014253 0.00952433 0.00322193 -0.000535088 0.0133783 0.00910592 -0.00431083 0.000170455 -0.00961406 -0.000215105 0.00236538 -0.0134099 -0.00594987 -0.00537386 0.00107863
internal_weight=40391 21621 18770 8051 13318 8303 5197 6336 5911 4461 10944 4389 2374 2854 2951 1967 4582 2662 1709 10719 877 1791 615 1450 1045 1819 6555 2752 1537 1487
internal_count=40391 21621 18770 8051 13318 8303 5197 6336 5911 4461 10944 4389 2374 2854 2951 1967 4582 2662 1709 10719 877 1791 615 1450 1045 1819 6555 2752 1537 1487
is_linear=0
shrinkage=0.03


Tree=17
num_leaves=31
num_cat=0
split_feature=9 24 24 11 41 41 14 9 14 41 0 41 41 1 1 16 18 9 28 16 41 25 17 41 14 9 28 24 5 41
split_gain=3659.82 344.473 260.343 71.3586 57.213 56.9587 52.9824 45.6577 38.4415 39.1057 37.4202 33.2179 32.7167 30.1573 28.6247 27.544 23.9627 20.03 19.9455 20.6562 18.0273 17.9087 17.884 17.2627 16.0866 15.7983 12.999 12.6914 12.2543 11.9967
threshold=93.605000000000004 66.925000000000026 120.05000000000003 72.272500000000022 -3313.1969818992143 -8613.1138202207021 113.44500000000001 187.91500000000002 97.020000000000024 -6429.3584651195806 5.5000000000000009 -3636.8507430683017 5980.7805749160007 1.0000000180025095e-35 2.5000000000000004 6669.4267913280246 1.0000000180025095e-35 101.30750000000002 30825.875000000004 2901.8244439513869 7205.5817189272429 82.19916666666667 3411.2167350000004 7687.9710689938156 103.37250000000002 68.155000000000015 42101.187500000007 34.795000000000009 38156.250000000007 6136.476534007802
decision_type=10 10 10 10 8 8 10 10 10 8 2 8 10 2 2 10 2 10 10 8 10 10 8 10 10 10 10 10 2 10
left_child=1 3 4 8 -2 -3 10 15 29 -10 -7 -5 17 -8 21 16 -4 -6 -15 -20 24 26 -11 25 -13 -16 -12 -19 -29 -1
right_child=2 5 7 11 12 6 13 -9 9 22 14 20 -14 18 23 -17 -18 27 19 -21 -22 -23 -24 -25 -26 -27 -28 28 -30 -31
leaf_value=-1.1118666589173416 -0.30887445341531616 -1.419315680912272 0.88646953659566186 -1.356205975786281 0.069324758998942429 -0.36887539403068714 0.40070996818383342 3.5797793822787107 -1.6524419517184994 -0.25530714801606891 -0.021355069741019077 -0.44427259540771008 0.51364322683682884 0.31162990349551517 -0.75793569819299278 0.16608433206015427 0.59850529558977428 -0.09803348592067905 0.084261152567998182 -0.092201946912294441 0.13018601040932104 0.092887960965326644 -0.6585603571940285 0.22461126481410373 -0.11074533686226665 -0.13880646228985283 -0.1897430666692074 0.048589325666895035 0.34232046350389866 -0.40169282217028507
leaf_weight=6444 555 390 4346 599 1577 744 594 6683 1518 932 850 936 823 146 418 358 1174 176 697 2022 164 616 2094 75 756 1161 454 333 2735 123
leaf_count=6444 555 390 4346 599 1577 744 594 6683 1518 932 850 936 823 146 418 358 1174 176 697 2022 164 616 2094 75 756 1161 454 333 2735 123
internal_value=0.000490073 -0.00788925 0.0101972 -0.0108196 0.00516532 -0.00302094 -0.00245886 0.0126799 -0.0118426 -0.00971617 -0.00467469 -0.00618689 0.00606909 0.000307803 -0.0033986 0.0107467 0.0112697 0.00512339 -0.000968248 -0.00154963 -0.00420032 -0.000905778 -0.00774034 -0.00629003 -0.00512109 -0.00695886 -0.00289655 0.00647149 0.00692082 -0.0133123
internal_weight=40493 21733 18760 13566 6199 8167 7777 12561 11111 4544 4318 2455 5644 3459 3574 5878 5520 4821 2865 2719 1856 1920 3026 1654 1692 1579 1304 3244 3068 6567
internal_count=40493 21733 18760 13566 6199 8167 7777 12561 11111 4544 4318 2455 5644 3459 3574 5878 5520 4821 2865 2719 1856 1920 3026 1654 1692 1579 1304 3244 3068 6567
is_linear=0
shrinkage=0.03


Tree=18
num_leaves=31
num_cat=0
split_feature=9 24 9 11 32 24 7 41 16 9 11 1 41 11 41 7 9 41 14 41 7 41 9 41 14 14 41 16 41 32
split_gain=3551.66 356.245 232.127 69.1253 68.8785 62.7173 49.273 43.4143 36.3641 36.1241 33.4558 33.0993 32.8111 27.3993 24.5606 23.9005 21.4375 20.8605 20.6789 20.0623 19.4976 18.3531 18.1531 17.368 14.7429 14.5828 16.4887 14.5524 13.9632 12.8312
threshold=95.343750000000014 64.355000000000004 141.10000000000005 61.535000000000004 83.393750000000011 101.91375000000001 6.0538194444444455 5434.6530780996445 7445.1163915067746 59.252500000000005 100.55500000000002 2.5000000000000004 1641.0353057553987 105.98500000000001 859.84668452755079 7.4392361111111134 195.16000000000003 -6870.8202805429582 103.37250000000002 -1032.143771568273 8.2864583333333375 -3313.1969818992143 64.345000000000013 -6782.8408018373293 129.45500000000001 102.21000000000002 -7165.180639441066 4507.4750386758033 5980.7805749160007 98.841250000000016
decision_type=10 10 10 10 10 10 2 10 10 10 10 2 10 8 8 2 10 8 10 10 2 8 10 10 10 10 8 10 10 10
left_child=1 3 5 9 7 15 -7 11 10 25 19 13 17 21 -8 28 20 -5 -19 24 -4 -3 -13 -11 -6 -1 -27 -15 -2 -28
right_child=2 4 16 12 8 6 14 -9 -10 23 -12 22 -14 27 -16 -17 -18 18 -20 -21 -22 -23 -24 -25 -26 26 29 -29 -30 -31
leaf_value=-1.321741522510284 0.11818751850297531 -1.1331042304741246 0.98913261036017808 -1.4860837636557018 -0.08828746715462521 0.48169452640663857 -0.28085922438031913 0.11829792805780058 -0.80999822619003425 -0.41525905520180334 0.28479123259374362 -1.1142863841862909 -0.023766614396355266 0.3824171255553771 0.3167570365945242 -0.20845563230646605 3.6595091328077709 -0.42384655438277413 -0.22518726295962507 0.10874996316914952 0.39760577272804226 -0.12729254347415989 -0.22792332369198887 -0.22429499298704045 0.065725577481146547 -1.8062721318391819 -0.88109128005732962 -0.78876720639445463 0.45490140493870468 -0.012561690146583331
leaf_weight=5455 1995 272 3729 489 1674 3382 271 455 336 1272 867 604 569 322 1608 365 6413 1394 871 600 321 1667 1648 553 622 845 1467 97 263 134
leaf_count=5455 1995 272 3729 489 1674 3382 271 455 336 1272 867 604 569 322 1608 365 6413 1394 871 600 321 1667 1648 553 622 845 1467 97 263 134
internal_value=0.000558418 -0.00750945 0.0103262 -0.0106931 -0.00297545 0.00643754 0.00832668 -0.00531484 -8.41463e-05 -0.0119698 0.000761158 -0.00618738 -0.00695397 -0.00370072 0.00442819 0.00264672 0.0132554 -0.00830853 -0.00708959 -0.000787021 0.0115379 -0.00520361 -0.00878828 -0.00815717 -0.00206356 -0.0128493 -0.0109113 0.00325 0.00379814 -0.00911049
internal_weight=40560 22213 18347 13049 9164 7884 5261 5065 4099 9726 3763 4610 3323 2358 1879 2623 10463 2754 2265 2896 4050 1939 2252 1825 2296 7901 2446 419 2258 1601
internal_count=40560 22213 18347 13049 9164 7884 5261 5065 4099 9726 3763 4610 3323 2358 1879 2623 10463 2754 2265 2896 4050 1939 2252 1825 2296 7901 2446 419 2258 1601
is_linear=0
shrinkage=0.03


Tree=19
num_leaves=31
num_cat=0
split_feature=24 24 12 24 41 13 30 41 41 16 32 1 14 23 14 16 0 1 34 1 41 12 4 32 32 14 17 41 5 12
split_gain=3289.25 319.8 256.958 121.518 102.591 67.6634 60.248 50.3998 44.6897 39.2858 37.31 31.9374 29.1282 31.2819 27.5454 23.7388 23.154 20.1234 19.0315 18.8574 18.3468 18.1221 17.9462 17.7623 17.1615 17.0508 21.4178 16.3692 15.6534 14.6406
threshold=91.075000000000003 139.67500000000004 78.507343750000004 52.080000000000005 420.85905096846187 94.910000000000011 105.64375000000001 169.57849147021264 4205.6895073323367 4507.4750386758033 82.347500000000011 4.5000000000000009 236.93500000000003 5.5000000000000009 99.955000000000013 3646.611720769864 5.5000000000000009 1.0000000180025095e-35 121.21500000000002 2.5000000000000004 -3481.928524489314 48.331458333333337 339.50000000000006 126.64250000000001 73.325000000000003 117.40500000000002 1961.9814550000003 6901.1088763121488 78275.000000000015 56.820885416666677
decision_type=10 10 10 10 8 10 10 10 10 10 10 2 10 2 10 10 2 2 10 2 10 10 2 10 10 10 10 10 2 10
left_child=2 4 3 7 9 10 11 25 14 29 19 -6 13 22 16 -16 -5 21 -9 -4 23 -18 -3 -12 28 -1 -27 -8 -19 -2
right_child=1 12 5 8 6 -7 27 18 -10 -11 20 -13 -14 -15 15 -17 17 24 -20 -21 -22 -23 -24 -25 -26 26 -28 -29 -30 -31
leaf_value=-1.2872908574712252 -0.44182971349196642 1.0642295127719095 -0.061603711091227635 -0.50090092021795041 0.17201230969400974 0.57011004910413521 0.37738377551861657 -0.72091508835798146 0.074057564295903044 -0.50491189150959326 -0.07572060208704734 -0.10898869678734356 3.2800241517922872 0.51745792283524339 -0.073777346323300172 -0.7727940564163972 -0.27866679183548709 -0.36867196648794576 0.082582288933636214 -0.42524768411781821 0.10013158116081285 0.07940448808344712 0.13066491384066153 0.43756370060585836 -0.16529318575591062 -0.40703977402451841 -1.6994696196174597 0.56772210202233198 0.078135798193299869 0.22131588255774018
leaf_weight=6809 140 2715 831 803 2524 421 3462 1114 554 755 1778 632 7018 771 1453 596 410 1305 195 1504 587 212 119 211 1088 490 637 849 42 517
leaf_count=6809 140 2715 831 803 2524 421 3462 1114 554 755 1778 632 7018 771 1453 596 410 1305 195 1504 587 212 119 211 1088 490 637 849 42 517
internal_value=0.000640061 0.00951546 -0.00758662 -0.00951811 0.0053125 -0.00189574 0.00671465 -0.0117245 -0.00636061 -0.00210191 -0.00288579 0.00356351 0.0130276 0.0108278 -0.00712437 -0.00430976 -0.00861694 -0.00742152 -0.00626336 -0.00563142 -0.000395809 -0.00260032 0.0122857 -0.00177136 -0.00865148 -0.0126244 -0.00918883 0.00902018 -0.0109162 0.00325988
internal_weight=40542 19502 21040 15708 8879 5332 7467 9245 6463 1412 4911 3156 10623 3605 5909 2049 3860 3057 1309 2335 2576 622 2834 1989 2435 7936 1127 4311 1347 657
internal_count=40542 19502 21040 15708 8879 5332 7467 9245 6463 1412 4911 3156 10623 3605 5909 2049 3860 3057 1309 2335 2576 622 2834 1989 2435 7936 1127 4311 1347 657
is_linear=0
shrinkage=0.03


Tree=20
num_leaves=31
num_cat=0
split_feature=9 9 11 9 41 41 41 41 7 11 9 7 7 34 41 11 4 14 16 7 41 23 23 8 5 5 41 26 4 41
split_gain=3345.56 352.233 222.985 92.2495 89.9073 66.4306 50.3903 48.4904 45.6238 42.7876 40.4943 36.5778 27.705 26.721 23.4049 21.071 20.5093 15.5004 15.3199 14.5787 14.1782 14.1706 13.9624 13.9429 13.2933 12.9937 12.66 12.5955 12.4297 12.4216
threshold=88.575000000000017 132.84500000000006 72.272500000000022 54.255000000000003 -2700.2515383586829 -3166.6819272714743 6901.1088763121488 -3801.4259336516147 7.6545138888888911 98.215000000000018 192.94000000000003 5.2864583333333348 6.5538194444444464 109.56500000000001 3098.5792855337099 100.55500000000002 8.5000000000000018 125.06375000000001 5033.9169451680091 5.2656250000000009 12962.279504628672 4.5000000000000009 5.5000000000000009 107.51875000000001 39651.750000000007 58903.312500000007 -7662.7466448719961 44490.500000000007 124.50000000000001 4777.0767144197898
decision_type=10 10 8 10 8 8 10 10 2 10 10 2 2 10 10 10 2 10 10 2 10 2 2 2 2 2 10 10 2 8
left_child=2 5 3 14 26 18 11 16 9 19 12 13 21 22 17 24 -5 -1 -2 28 -10 -3 -7 -19 -13 -14 -4 -17 -6 -11
right_child=1 10 4 7 8 6 -8 -9 20 29 -12 15 25 -15 -16 27 -18 23 -20 -21 -22 -23 -24 -25 -26 -27 -28 -29 -30 -31
leaf_value=-1.2663754693403539 0.012659432813959696 0.92130192938913591 -1.3295401200313437 0.20817116049939172 -0.12479142948857699 0.14217568766290312 0.51043367947953211 -0.069430537886109103 -0.55362368736423728 -0.09393340508011612 3.3925233906174252 -0.28252504327604655 0.47620905612290909 0.41035383021680999 -0.54547890822718947 0.31510839223903842 -0.26994372554105084 -0.2633175120305089 -0.76686598521079219 -0.17301248296439845 0.74212236427387801 0.66851107727384196 -0.015173182343789123 -1.6477003268400234 0.032072472088680824 0.81035939843797289 -0.65232334108743528 -0.010374742288065163 0.019642718525665827 0.25782523475148394
leaf_weight=6954 420 2658 591 80 507 1215 1052 1081 1093 344 6518 205 813 1695 548 1561 3567 242 403 1420 41 968 460 736 1399 440 767 391 1151 1163
leaf_count=6954 420 2658 591 80 507 1215 1052 1081 1093 344 6518 205 813 1695 548 1561 3567 242 403 1420 41 968 460 736 1399 440 767 391 1151 1163
internal_value=0.00053762 0.00918016 -0.00806788 -0.0103702 -0.00377013 0.0046711 0.00550821 -0.00700994 -0.0021215 -0.000788269 0.0126614 0.00457774 0.0105891 0.00681697 -0.0122427 0.00245432 -0.00866365 -0.0126573 -0.00344053 -0.00281585 -0.00750661 0.0119189 0.00412589 -0.00910112 -9.34579e-05 0.00673445 -0.0107064 0.00454685 -0.000904159 0.00335212
internal_weight=40483 20198 20285 13208 7077 8801 7978 4728 5719 4585 11397 6926 4879 3370 8480 3556 3647 7932 823 3078 1134 3626 1675 978 1604 1253 1358 1952 1658 1507
internal_count=40483 20198 20285 13208 7077 8801 7978 4728 5719 4585 11397 6926 4879 3370 8480 3556 3647 7932 823 3078 1134 3626 1675 978 1604 1253 1358 1952 1658 1507
is_linear=0
shrinkage=0.03


Tree=21
num_leaves=31
num_cat=0
split_feature=9 24 24 11 9 7 18 16 11 9 9 7 7 24 7 16 11 33 17 14 34 7 5 33 14 9 5 24 16 18
split_gain=3272.38 331.57 230.974 68.1302 61.3906 49.3847 44.3661 44.0058 42.7189 40.9571 29.7981 28.1674 24.6596 24.3495 23.2333 20.8671 17.697 17.3964 16.7425 18.1862 16.5304 16.492 15.7953 15.7835 15.3566 14.7858 14.7545 14.5257 13.8045 13.3603
threshold=95.343750000000014 65.615000000000023 125.27000000000002 61.535000000000004 80.767500000000013 7.1753472222222241 1.0000000180025095e-35 5205.1783118534104 103.21500000000002 53.525000000000013 205.75500000000002 7.0225694444444473 6.5538194444444464 101.91375000000001 6.2170138888888911 7522.3623440310776 81.75500000000001 96.002500000000012 7044.191020000002 103.37250000000002 100.26500000000001 8.2309027777777803 43179.937500000007 115.00125000000001 105.19375000000001 113.71625000000002 59155.437500000007 23.675000000000004 4712.6054067252426 1.0000000180025095e-35
decision_type=10 10 8 10 10 2 2 10 8 10 10 2 2 10 2 10 10 10 10 10 10 2 2 10 10 10 2 10 10 2
left_child=1 3 5 9 6 13 8 10 14 24 12 18 -4 25 16 20 23 -11 19 -5 -6 -10 -7 -3 -1 29 -14 -26 -15 -2
right_child=2 4 7 11 15 22 -8 -9 21 17 -12 -13 26 28 -16 -17 -18 -19 -20 -21 -22 -23 -24 -25 27 -27 -28 -29 -30 -31
leaf_value=-1.2903238267037276 0.15695745478428647 -0.13216811839308562 0.87665748243256358 -0.27928357888747141 -0.015364942182895901 -0.50945130592502497 -0.6458693362114093 0.17722078756143197 0.35894111770932136 -0.27009494034167408 3.8775854794879936 -0.81124042896608994 0.51831850762873055 0.36021286117625223 -0.3547645704040735 -0.40357439674972295 0.038419794895715141 -0.43738589423973234 -1.4845651585117348 -0.035658175692945875 0.14227482984693565 -0.29484842865370509 0.059233052360927657 0.065018147109342408 -1.6099908668798464 0.4567173170833132 0.97125402556534279 -0.62501094455932216 0.12273442559729004 -0.0039532615894989926
leaf_weight=5168 961 1261 4411 1225 2051 188 1306 404 560 1144 5595 1240 980 2547 1089 331 585 1396 216 874 1227 187 980 321 1189 766 457 794 286 743
leaf_count=5168 961 1261 4411 1225 2051 188 1306 404 560 1144 5595 1240 980 2547 1089 331 585 1396 216 874 1227 187 980 321 1189 766 457 794 286 743
internal_value=0.000607662 -0.0071464 0.00998963 -0.010157 -0.00267407 0.00543032 -0.00472599 0.0124793 -0.00315809 -0.0114605 0.0128229 -0.00660152 0.0113199 0.00666007 -0.00464231 0.000344875 -0.00284363 -0.00818182 -0.00464378 -0.00382143 0.00107045 0.00330882 -0.000153978 -0.00449147 -0.0126237 0.00447997 0.00789638 -0.0103654 0.00855857 0.00292082
internal_weight=40482 22164 18318 13246 8918 6471 5309 11847 4003 9691 11443 3555 5848 5303 3256 3609 2167 2540 2315 2099 3278 747 1168 1582 7151 2470 1437 1983 2833 1704
internal_count=40482 22164 18318 13246 8918 6471 5309 11847 4003 9691 11443 3555 5848 5303 3256 3609 2167 2540 2315 2099 3278 747 1168 1582 7151 2470 1437 1983 2833 1704
is_linear=0
shrinkage=0.03


Tree=22
num_leaves=31
num_cat=0
split_feature=9 24 24 24 7 41 14 41 9 14 8 23 9 22 23 27 24 41 7 0 41 33 7 16 7 7 5 16 41 5
split_gain=3143.78 342.99 235.49 76.2412 53.5955 51.9639 72.2354 50.1969 39.8073 37.2877 31.1436 26.4623 25.8732 29.1819 23.6372 22.9049 21.8339 21.1749 19.92 19.6969 18.6053 17.4005 17.1648 16.573 15.7434 15.0361 14.2806 13.7308 13.5109 13.7267
threshold=95.998750000000015 57.172500000000007 140.96500000000003 84.185000000000016 7.6927083333333348 -6001.2337053754554 103.37250000000002 -2002.5833012954824 110.05500000000002 113.44500000000001 324.6062500000001 5.5000000000000009 220.94125000000003 1.0000000180025095e-35 3.5000000000000004 51807.587500000001 117.19250000000001 6258.0211717105458 8.1267361111111143 17.500000000000004 -5106.0077944272844 116.29875000000001 7.1753472222222241 5967.1323708235041 4.8871527777777795 4.7934027777777795 36591.937500000007 4157.1395232446439 1546.770362776206 44602.875000000007
decision_type=10 10 8 10 2 8 10 8 10 10 2 2 10 2 2 10 10 10 2 2 8 10 2 10 2 2 2 10 8 2
left_child=1 5 4 9 8 -1 15 27 14 17 -8 16 13 18 23 19 25 22 -4 -7 -11 -22 -3 -2 -10 -9 -16 -5 -6 -30
right_child=2 3 12 7 28 6 10 11 24 20 -12 -13 -14 -15 26 -17 -18 -19 -20 -21 21 -23 -24 -25 -26 -27 -28 -29 29 -31
leaf_value=-1.5576431630758414 0.20975180085025485 -0.16053293428133031 1.0385867580412156 -0.046366396910904085 -0.48739563164625987 -0.83060095348756169 -0.1578398180388588 0.10158142473171444 0.50358899067360041 -0.73822093425378077 -0.91157982190739395 -0.19225851961500276 4.2907198681666063 -0.20843642324469036 -0.32109358837239804 0.15915316856445613 0.77775154136514868 0.06734859179840598 0.56369527680380571 -0.43646227956791783 -0.095755784600283667 0.14365279102658918 -0.43809749772673712 -0.10269086698573893 0.36869840316785268 -0.0078632430735562763 0.057081179184371958 -0.84769787432865651 -0.39596406081755958 0.17108082165457772
leaf_weight=3307 1829 3043 4679 263 229 4312 1555 998 2057 298 1117 726 4821 118 112 64 409 175 487 1030 1095 707 1065 158 2195 1650 685 500 167 607
leaf_count=3307 1829 3043 4679 263 229 4312 1555 998 2057 298 1117 726 4821 118 112 64 409 175 487 1030 1095 707 1065 158 2195 1650 685 500 167 607
internal_value=0.000583554 -0.0069572 0.00985726 -0.00316057 0.00602425 -0.0106012 -0.00930189 -0.000191335 0.00694898 -0.00527491 -0.00526375 0.00122489 0.0129057 0.0114494 0.00415799 -0.0112965 0.00244768 -0.00688025 0.0117863 -0.0115104 -0.00199905 -0.000848586 -0.00731565 0.00590795 0.00877498 0.0014496 -0.000206767 -0.0072055 -0.000463147 0.00143226
internal_weight=40458 22314 18144 10929 8039 11385 8078 4546 7036 6383 2672 3783 10105 5284 2784 5406 3057 4283 5166 5342 2100 1802 4108 1987 4252 2648 797 763 1003 774
internal_count=40458 22314 18144 10929 8039 11385 8078 4546 7036 6383 2672 3783 10105 5284 2784 5406 3057 4283 5166 5342 2100 1802 4108 1987 4252 2648 797 763 1003 774
is_linear=0
shrinkage=0.03


Tree=23
num_leaves=31
num_cat=0
split_feature=9 9 24 11 24 7 41 41 18 24 41 22 7 41 24 14 14 41 9 7 0 7 7 8 41 11 25 0 41 28
split_gain=3029.28 319.702 233.917 90.455 84.3938 54.486 53.0471 41.0843 37.0564 34.1927 33.8959 29.4805 27.0589 24.809 24.5205 29.7747 24.1001 22.8056 20.8597 18.9629 18.5052 18.1336 16.8293 16.3322 15.5486 15.1985 14.2613 14.0543 13.6795 14.2094
threshold=95.343750000000014 59.966250000000009 145.50500000000002 59.82500000000001 84.185000000000016 5.7239583333333348 -952.98979690298063 6136.476534007802 1.0000000180025095e-35 106.00500000000001 420.85905096846187 1.0000000180025095e-35 5.3697916666666687 -9174.5006458352364 21.393750000000004 83.515000000000015 113.44500000000001 -6870.8202805429582 195.16000000000003 9.5156250000000018 16.500000000000004 6.7135416666666687 5.1579861111111134 155.70625000000004 -7165.180639441066 105.98500000000001 33.475000000000009 16.500000000000004 8437.1933288623495 30130.000000000004
decision_type=10 10 10 8 10 2 8 10 2 10 8 2 2 8 10 10 10 8 10 2 2 2 2 2 8 10 10 2 10 10
left_child=1 3 5 14 7 9 -5 13 12 -2 -7 18 -8 -3 -1 -16 20 -6 21 26 -15 -4 -19 -18 -17 -14 -12 -28 29 -24
right_child=2 4 11 6 17 10 8 -9 -10 -11 19 -13 25 16 15 24 23 22 -20 -21 -22 -23 28 -25 -26 -27 27 -29 -30 -31
leaf_value=-1.5654926476276716 0.19689768264552035 -1.1633496054576395 0.94752688132607843 -1.1383702716598281 -0.92460474630202916 -0.25600523103925782 0.024867876331253456 0.17423003852858157 -0.78309238732898712 0.45638673133368746 -0.26340601094194582 0.17310008790023204 -0.33746917671190868 -0.19480069133998937 -0.64475155278016283 -1.0963667615499593 -0.0026206562980107149 0.10781674992900114 3.2529986383325458 -0.23560564113553198 -0.091734347037551123 0.70718339589114554 0.29575791815754343 -0.23296892506485944 -0.3422841930697863 -0.077537095108560411 0.19340805385926116 0.33238242426250053 0.36388355801211686 -0.04588459060924336
leaf_weight=3907 2294 314 2704 1365 148 572 1056 265 630 2866 77 180 1126 2273 2175 445 1270 1398 6049 205 1218 810 125 877 1520 411 1487 1115 80 1576
leaf_count=3907 2294 314 2704 1365 148 572 1056 265 630 2866 77 180 1126 2273 2175 445 1270 1398 6049 205 1218 810 125 877 1520 411 1487 1115 80 1576
internal_value=0.000663805 -0.00679734 0.00967729 -0.00992759 -0.0026527 0.0060752 -0.00656352 -0.00471615 -0.00446185 0.00802751 0.00315881 0.0128618 -0.00287394 -0.00523098 -0.0118446 -0.0102294 -0.00477212 0.00120343 0.0130881 0.0044818 -0.00631014 0.0112404 0.00174057 -0.00226955 -0.00754578 -0.00541287 0.00515485 0.00553208 -0.000193603 -0.000766745
internal_weight=40538 22179 18359 12635 9544 8616 4588 6217 3223 5160 3456 9743 2593 5952 8047 4140 5638 3327 9563 2884 3491 3514 3179 2147 1965 1537 2679 2602 1781 1701
internal_count=40538 22179 18359 12635 9544 8616 4588 6217 3223 5160 3456 9743 2593 5952 8047 4140 5638 3327 9563 2884 3491 3514 3179 2147 1965 1537 2679 2602 1781 1701
is_linear=0
shrinkage=0.03


Tree=24
num_leaves=31
num_cat=0
split_feature=9 24 24 32 7 41 18 9 41 11 9 24 41 41 22 28 16 0 28 5 17 25 11 7 34 9 8 6 28 41
split_gain=2944.84 325.035 245.772 78.7065 54.7636 49.7972 41.9039 40.1387 37.0812 33.1918 31.9185 30.9255 30.6826 30.2932 28.3202 26.5442 24.5801 23.0746 22.7339 22.6741 20.4517 18.6427 17.3232 16.8724 16.4662 16.356 16.0818 15.2649 14.9694 14.4687
threshold=95.343750000000014 52.080000000000005 140.96500000000003 82.938750000000013 5.7239583333333348 682.97246577067574 1.0000000180025095e-35 43.365000000000002 -8613.1138202207021 110.00250000000001 211.86000000000004 106.00500000000001 7047.120398769749 505.6215206307898 1.0000000180025095e-35 37963.594062500008 1826.0590961531952 5.5000000000000009 38401.22187500001 43179.937500000007 10951.349350000002 63.589479166666678 79.001250000000013 6.6579861111111134 74.225000000000009 66.096250000000012 473.18125000000015 8.029295154185025 34125.907031250004 -7165.180639441066
decision_type=10 10 8 10 2 10 2 10 8 10 10 10 10 8 2 10 8 2 10 2 8 8 10 2 8 10 2 2 10 8
left_child=1 5 4 6 11 7 12 21 -5 16 14 -2 15 -6 23 17 -10 -3 -7 -15 -19 -1 -18 -4 -9 -8 -23 -26 -21 -17
right_child=2 3 10 8 13 18 25 24 9 -11 -12 -13 -14 19 -16 29 22 20 -20 28 -22 26 -24 -25 27 -27 -28 -29 -30 -31
leaf_value=-1.3513140572108095 0.19293682751241389 -0.25224560538535568 0.93623049498180066 -1.0518925815712385 -0.25971619920637351 -0.77196830817420037 -0.69875083552423722 -0.38340196336475679 0.14419875683842925 0.38525883153731461 3.7653082763505381 0.43205756745784896 0.21005687127666739 -0.078748289744345348 -0.2374618822988451 -1.0330327555389298 -0.12491263109888023 -0.64350143149687955 -0.064155288615727918 0.48757763136623544 0.061427286308970604 -0.32630824978924805 0.0050734829799080217 0.72708244608087225 0.055414193497083063 -0.24699471490355931 -1.4782637880721692 -0.52658307221819223 0.18636774176337362 -0.15860295764998375
leaf_weight=5450 2292 408 3624 217 556 665 1009 1308 586 632 5287 2564 338 495 120 279 1537 250 600 350 1146 413 1835 1174 163 668 512 1175 1884 2915
leaf_count=5450 2292 408 3624 217 556 665 1009 1308 586 632 5287 2564 338 495 120 279 1537 250 600 350 1146 413 1835 1174 163 668 512 1175 1884 2915
internal_value=0.0006578 -0.00671597 0.0095427 -0.00332205 0.00565402 -0.0106153 -0.00534859 -0.0113971 -0.000365017 0.000209105 0.012644 0.00767758 -0.00404722 0.00266129 0.0108986 -0.00463893 -0.000810811 -0.00172853 -0.00503555 0.00396154 0.000107373 -0.0126874 -0.00179662 0.0112586 -0.00828485 -0.00948451 -0.0087311 -0.00593727 0.00524832 -0.00628169
internal_weight=40452 22106 18346 11820 8141 10286 7013 9021 4807 4590 10205 4856 5336 3285 4918 4998 3958 1804 1265 2729 1396 6375 3372 4798 2646 1677 925 1338 2234 3194
internal_count=40452 22106 18346 11820 8141 10286 7013 9021 4807 4590 10205 4856 5336 3285 4918 4998 3958 1804 1265 2729 1396 6375 3372 4798 2646 1677 925 1338 2234 3194
is_linear=0
shrinkage=0.03


Tree=25
num_leaves=31
num_cat=0
split_feature=9 24 24 11 7 9 7 7 14 24 9 9 32 22 24 23 11 14 24 18 17 14 17 5 7 5 7 23 18 9
split_gain=2894.6 308.388 222.332 70.6909 63.6215 56.7489 47.6609 38.4018 34.5261 32.7662 32.7339 28.9412 26.1041 25.8 23.4587 20.1271 20.0183 19.4563 18.7461 16.7806 16.3791 23.209 15.6691 13.5059 13.3139 13.0611 13.0605 12.4423 12.1103 11.9855
threshold=95.998750000000015 57.172500000000007 144.12500000000003 103.92625000000001 5.8489583333333348 24.803750000000004 5.196180555555558 8.175347222222225 103.37250000000002 85.081250000000011 73.125000000000014 217.97500000000002 118.47500000000001 1.0000000180025095e-35 101.91375000000001 6.5000000000000009 62.915000000000006 117.40500000000002 83.023750000000021 1.0000000180025095e-35 3748.2128600000005 114.99500000000002 325.70775500000008 38901.812500000007 6.5538194444444464 47101.562500000007 8.0711805555555589 3.5000000000000004 1.0000000180025095e-35 79.135000000000005
decision_type=10 10 8 8 2 10 2 2 10 10 10 10 10 2 10 2 8 10 10 2 10 10 10 2 2 2 2 2 2 10
left_child=1 5 6 4 9 20 12 19 16 17 -6 13 18 15 23 24 -7 -3 -2 -5 21 -1 25 -8 -4 -10 -16 -24 -28 -27
right_child=2 3 11 7 10 8 14 -9 22 -11 -12 -13 -14 -15 26 -17 -18 -19 -20 -21 -22 -23 27 -25 -26 29 28 -29 -30 -31
leaf_value=-1.200750539000248 0.001913977227238206 -0.11987627326647199 1.0108421902654878 0.29948243681348974 -0.42267366391971906 -0.47794456121685319 -0.32876237038432998 -0.41669545018397525 -0.38655493512169214 0.03770987311896732 -0.14125163628298865 3.8473490280600222 0.49825661052880232 -0.2057358191764527 0.28080806488561222 0.57877347070268326 -0.31511284459356231 -0.012736505022535453 0.23865800448252017 -0.078399147127199878 -1.5858228713072511 -0.39034469984820508 -0.36038141760488629 0.07737559440680343 0.86176032727773277 -0.086866013832196595 0.19671639882850542 -1.1939980357399331 -0.42808507280598079 0.18246099665348103
leaf_weight=2062 403 2360 2882 1206 2139 2817 166 475 1063 1710 1625 4923 1881 117 2339 850 991 1225 1749 309 2672 435 512 1171 985 348 441 406 145 88
leaf_count=2062 403 2360 2882 1206 2139 2817 166 475 1063 1710 1625 4923 1881 117 2339 850 991 1225 1749 309 2672 435 512 1171 985 348 441 406 145 88
internal_value=0.000612283 -0.00658105 0.0095552 -0.0030095 -0.00413411 -0.0100439 0.00594323 0.00210949 -0.00811195 -0.00201378 -0.00711554 0.012625 0.00828086 0.01097 0.00372977 0.0113152 -0.00989236 -0.00364334 0.00601951 0.00444261 -0.0123685 -0.0106105 -0.00530397 0.00043722 0.012235 -0.00341 0.00523411 -0.00838955 0.00122658 0.000961098
internal_weight=40495 22443 18052 11049 9059 11394 8295 1990 6225 5295 3764 9757 4033 4834 4262 4717 3808 3585 2152 1515 5169 2497 2417 1337 3867 1499 2925 918 586 436
internal_count=40495 22443 18052 11049 9059 11394 8295 1990 6225 5295 3764 9757 4033 4834 4262 4717 3808 3585 2152 1515 5169 2497 2417 1337 3867 1499 2925 918 586 436
is_linear=0
shrinkage=0.03


Tree=26
num_leaves=31
num_cat=0
split_feature=10 30 25 41 41 11 7 11 14 41 30 13 18 14 7 1 1 25 14 41 38 7 23 5 8 14 16 11 5 7
split_gain=2454.1 402.845 198.781 180.138 137.37 94.6993 71.8161 50.2303 49.871 48.966 40.0936 37.1405 34.475 34.0016 30.6498 28.5259 25.161 24.5498 24.1493 23.8449 23.5237 18.4702 18.3415 18.1539 16.6222 16.5926 15.7842 14.9496 14.4364 13.4107
threshold=104.79875000000001 83.56750000000001 131.39895833333335 859.84668452755079 -2849.9328003750011 73.00500000000001 8.0260416666666696 100.55500000000002 80.010000000000005 -8613.1138202207021 103.37875000000001 168.13000000000002 1.0000000180025095e-35 87.465000000000018 8.5642361111111143 1.0000000180025095e-35 4.5000000000000009 44.237916666666671 114.99500000000002 5434.6530780996445 -1.2475000000000021 6.2777777777777803 5.5000000000000009 53300.312500000007 168.18125000000003 129.45500000000001 7805.9141071398344 53.32500000000001 41043.750000000007 5.8489583333333348
decision_type=10 10 10 8 8 8 2 8 10 10 10 10 2 10 2 2 2 10 10 10 10 2 2 2 2 10 10 10 2 2
left_child=1 4 6 9 -1 8 10 19 27 -3 16 14 18 -11 22 -10 -2 -12 21 25 -15 -7 26 -16 -17 -5 -4 -6 -19 -9
right_child=2 3 11 7 5 12 -8 29 15 13 17 -13 -14 20 23 24 -18 28 -20 -21 -22 -23 -24 -25 -26 -27 -28 -29 -30 -31
leaf_value=-1.349411657339274 0.26082593751731076 -1.1067590236212081 0.98184068180329964 -0.055887342641721176 -0.78425121557790678 -0.01755390874086956 -0.17521586187735536 0.34388046770065572 0.035637457111115226 -0.87877477799820203 0.063564827377485783 3.693229216397909 -0.45828657308296228 0.0499245219428699 -0.55057241905227094 -0.13818197013900516 -0.17040559770454883 0.26709050155397379 0.087239885985917587 0.1836909298757925 -0.3093098203976109 -0.29846931645720826 0.54174151555956329 0.69703429906659786 -0.43281024553900477 0.060167319037294074 -0.11960656644432476 -0.2595758667352196 0.44722797244572288 0.19737172961998409
leaf_weight=4162 512 761 3885 1939 2062 1148 813 1169 458 502 381 4823 676 956 188 1903 459 671 968 667 1263 869 974 306 1732 1466 60 944 2977 969
leaf_count=4162 512 761 3885 1939 2062 1148 813 1169 458 502 381 4823 676 956 188 1903 459 671 968 667 1263 869 974 306 1732 1466 60 944 2977 969
internal_value=0.000715252 -0.00523583 0.00984206 -0.000473538 -0.00832875 -0.0065375 0.00541022 0.00258896 -0.00855845 -0.00593454 0.00675465 0.0123581 -0.00261742 -0.00405033 0.0106474 -0.00640083 0.00128086 0.0080732 -0.00123074 0.00063344 -0.0024527 -0.0030996 0.0113628 0.00351515 -0.0072896 -0.000383147 0.0122745 -0.0114932 0.00882982 0.00631136
internal_weight=40663 24614 16049 9692 14922 10760 5813 6210 7099 3482 5000 10236 3661 2721 5413 4093 971 4029 2985 4072 2219 2017 4919 494 3635 3405 3945 3006 3648 2138
internal_count=40663 24614 16049 9692 14922 10760 5813 6210 7099 3482 5000 10236 3661 2721 5413 4093 971 4029 2985 4072 2219 2017 4919 494 3635 3405 3945 3006 3648 2138
is_linear=0
shrinkage=0.03


Tree=27
num_leaves=31
num_cat=0
split_feature=24 24 10 12 34 16 41 7 41 12 7 32 41 14 32 18 41 18 41 32 7 31 1 12 27 24 7 8 0 16
split_gain=2637.92 320.628 201.64 115.049 70.5348 68.1656 63.5992 58.6719 51.6356 43.254 43.5177 32.9061 32.9035 33.6585 32.5733 32.3748 27.9782 23.36 18.0875 17.575 16.9761 16.2332 15.7564 22.9184 15.5694 14.9783 14.0954 13.9827 13.6548 13.6096
threshold=99.635000000000005 52.080000000000005 132.84500000000006 103.71937500000001 96.605000000000004 4406.8176425525735 5434.6530780996445 5.7656250000000018 -6265.615994323095 201.16703125000001 8.4427083333333375 51.007500000000007 -2772.7096387059278 75.593750000000014 83.393750000000011 1.0000000180025095e-35 4435.0466992760057 1.0000000180025095e-35 -8071.0418105286653 108.80875000000002 6.0156250000000027 73.75500000000001 1.0000000180025095e-35 40.351041666666674 44017.041666666679 85.081250000000011 8.2309027777777803 256.90625000000006 16.500000000000004 5338.7495466365281
decision_type=10 10 10 10 10 10 10 2 8 10 2 10 8 10 10 2 10 2 8 10 2 10 2 10 10 10 2 2 2 10
left_child=1 4 5 6 12 15 7 14 -6 10 17 -10 -1 -14 22 19 -7 29 -9 -2 -17 -20 23 -3 -25 -16 -5 -15 -19 -4
right_child=2 3 9 26 8 16 -8 18 11 -11 -12 -13 13 27 25 20 -18 28 21 -21 -22 -23 -24 24 -26 -27 -28 -29 -30 -31
leaf_value=-1.399103218756091 0.23953379223703186 -0.35148050964153282 0.9001852965542787 0.2153691588229418 -1.0867006921888476 -0.34093230741921571 0.14500174098386723 -1.1452916618044404 -0.60593432914298739 3.0655529665088754 0.092135887707019457 0.050611670160239583 -0.7154506575010412 -0.25966713510361911 -0.04504944236206114 0.19802472729314877 0.25698203755076604 0.29719016771463885 -0.25505633609436401 0.44153156282335571 -0.15698861934865305 -0.19068164608708343 -0.14594544723420541 0.1811958344218364 -0.16315675276212757 0.06922363930838081 -0.17111358904611876 -0.76132538060128074 0.72803050092480548 0.31471743128616048
leaf_weight=3177 2026 230 3083 1518 990 737 770 402 1089 5746 478 935 2133 1355 1547 526 365 689 1822 2396 365 2395 2100 297 100 1142 133 1192 574 174
leaf_count=3177 2026 230 3083 1518 990 737 770 402 1089 5746 478 935 2133 1355 1547 526 365 689 1822 2396 365 2395 2100 297 100 1142 133 1192 574 174
internal_value=0.000656507 -0.00591114 0.00958479 -0.00262503 -0.00967577 0.00537484 -0.00375208 -0.0043897 -0.00577114 0.0120977 0.010052 -0.00302222 -0.0111727 -0.00956847 -0.00227063 0.00678303 -0.00141432 0.0109622 -0.00687338 0.00783405 0.0015639 -0.0062909 -0.00458028 -0.000406051 0.00395729 7.24907e-05 0.00474879 -0.00723509 0.00748813 0.0123066
internal_weight=40486 23327 17159 12456 10871 6415 10805 10035 3014 10744 4998 2024 7857 4680 5416 5313 1102 4520 4619 4422 891 4217 2727 627 397 2689 1651 2547 1263 3257
internal_count=40486 23327 17159 12456 10871 6415 10805 10035 3014 10744 4998 2024 7857 4680 5416 5313 1102 4520 4619 4422 891 4217 2727 627 397 2689 1651 2547 1263 3257
is_linear=0
shrinkage=0.03


Tree=28
num_leaves=31
num_cat=0
split_feature=9 9 24 11 24 41 9 41 7 9 7 22 41 7 11 23 18 41 16 18 7 25 7 12 41 41 27 11 5 11
split_gain=2643.93 313.373 214.115 88.7243 87.9363 50.9968 45.1329 43.4835 37.4984 37.104 31.6626 30.5198 27.4021 24.3341 27.9034 23.5407 22.5065 21.035 18.1892 17.1977 16.81 16.7587 16.7296 16.6994 16.078 12.6399 12.5058 12.0661 11.9158 11.8323
threshold=96.701250000000016 53.525000000000013 145.50500000000002 53.32500000000001 84.748750000000015 -4719.2443628682113 110.05500000000002 -1360.0190763726275 7.0225694444444473 224.46000000000001 4.8871527777777795 1.0000000180025095e-35 -6001.2337053754554 7.9392361111111134 83.455000000000013 5.5000000000000009 1.0000000180025095e-35 -2259.8705111764862 11411.529859861565 1.0000000180025095e-35 8.2309027777777803 64.113541666666677 5.3281250000000027 40.351041666666674 10633.375425678938 -5921.6057798285756 37063.958333333343 125.13500000000001 36591.937500000007 135.13500000000002
decision_type=10 10 8 10 8 8 10 10 2 10 2 2 8 2 8 2 2 10 10 2 2 8 2 10 10 8 10 10 2 10
left_child=1 3 6 17 7 -5 16 13 19 11 -8 15 -6 14 26 20 25 21 27 -7 29 -1 -14 -19 -9 -2 -3 -12 -18 -4
right_child=2 4 9 5 12 8 10 24 -10 -11 18 -13 22 -15 -16 -17 28 23 -20 -21 -22 -23 -24 -25 -26 -27 -28 -29 -30 -31
leaf_value=-1.2202887098395634 -0.41285788827263314 -0.082609605637508993 0.58059267754968513 -1.1161556830721329 -0.74242320854210386 -0.052904435149038274 0.4303293352912187 -0.010698585648213452 -0.66289677553571857 3.7586653663892213 0.22226309577534409 -0.38081040083462814 0.099041397662059855 -0.44640444575069138 -0.0016279012502295131 0.54310850921302456 -0.32472607265272213 -0.9017207788500835 -0.39114820529041822 -0.70030592809885273 0.4529644172326564 -0.63997176124061339 -0.0016769328420124907 -0.21628727447407037 0.3894209593577394 0.16122655482722123 -0.16962276566657905 0.41946736684106778 0.0043676671950663602 1.0009272692738418
leaf_weight=4616 63 978 705 981 206 1844 2282 1178 1141 4686 1717 110 1617 897 948 907 114 977 139 393 341 822 1791 387 114 2069 3497 1087 806 2975
leaf_count=4616 63 978 705 981 206 1844 2282 1178 1141 4686 1717 110 1617 897 948 907 114 977 139 393 341 822 1791 387 114 2069 3497 1087 806 2975
internal_value=0.000668499 -0.00621427 0.00922814 -0.00977379 -0.0026748 -0.00643005 0.00568072 -0.00450414 -0.0046789 0.0122468 0.00737371 0.0104545 0.00117842 -0.00552919 -0.00477046 0.0108034 0.00278087 -0.0119153 0.0053142 -0.00241957 0.0117889 -0.0127523 0.00182165 -0.00857143 0.000510441 0.00447257 -0.00576072 0.00583957 -0.00114007 0.0123798
internal_weight=40388 22387 18001 11161 11226 4359 8277 7612 3378 9724 5225 5038 3614 6320 5423 4928 3052 6802 2943 2237 4021 5438 3408 1364 1292 2132 4475 2804 920 3680
internal_count=40388 22387 18001 11161 11226 4359 8277 7612 3378 9724 5225 5038 3614 6320 5423 4928 3052 6802 2943 2237 4021 5438 3408 1364 1292 2132 4475 2804 920 3680
is_linear=0
shrinkage=0.03


Tree=29
num_leaves=31
num_cat=0
split_feature=9 24 24 41 14 41 14 16 34 8 0 1 32 1 22 11 28 33 18 16 41 31 18 16 24 0 14 0 9 41
split_gain=2574.68 346.564 199.918 74.2731 69.7879 68.6486 73.512 47.0764 41.7527 35.5625 34.1631 29.7961 32.6015 29.2243 24.1863 23.1866 21.7398 19.1324 18.9579 17.7875 16.594 16.294 15.5989 14.9479 14.4155 14.3151 13.6681 13.2604 12.4125 12.4089
threshold=99.105000000000004 57.172500000000007 170.63500000000002 -4935.5664279363582 113.44500000000001 -5677.3701990856816 82.641250000000014 5753.9148964972137 119.09500000000001 268.53750000000008 6.5000000000000009 1.0000000180025095e-35 77.002500000000012 1.0000000180025095e-35 1.0000000180025095e-35 58.318750000000009 30825.875000000004 115.87500000000001 1.0000000180025095e-35 4365.3839590069156 7687.9710689938156 69.105000000000004 1.0000000180025095e-35 5338.7495466365281 22.506250000000005 17.500000000000004 114.99500000000002 5.5000000000000009 38.07500000000001 7047.120398769749
decision_type=10 10 8 8 10 8 10 10 10 2 2 2 10 2 2 8 10 10 2 10 8 10 2 10 10 2 10 2 10 10
left_child=1 5 7 19 10 28 15 8 22 26 -5 20 -13 -6 23 -7 -15 -18 -10 -3 -12 -22 -2 -4 -11 27 -8 -24 -1 -14
right_child=2 3 14 4 13 6 9 -9 18 24 11 12 29 16 -16 -17 17 -19 -20 -21 21 -23 25 -25 -26 -27 -28 -29 -30 -31
leaf_value=-1.368673859304927 0.17651454832869659 -0.29438919190401036 2.0693993584767898 -0.19910016910103642 0.36958613862701017 -0.7992813891374565 -0.19019844186651461 0.0095490842369994767 0.48048859122715853 -1.1765121161471295 -0.31466990786198651 -0.18805516259205959 -0.036576827626807216 0.28093878312445242 0.12836535796195292 -0.40731161931499155 -0.0624079839044753 0.078090713853004701 0.40935686201428317 -0.9415601440174568 0.027636481511482174 0.30051408924745548 0.13684122082433645 -0.26151806656775417 -0.35454047183855952 0.1782074389906505 -0.012133682612911584 -0.20766986067631635 -0.7625316241347273 0.21315654737339065
leaf_weight=2551 1677 442 7700 1300 728 2755 1545 945 3978 888 316 1781 1696 236 146 1001 1824 1744 2180 787 515 306 156 46 882 301 930 331 871 104
leaf_count=2551 1677 442 7700 1300 728 2755 1545 945 3978 888 316 1781 1696 236 146 1001 1824 1744 2180 787 515 306 156 46 882 301 930 331 871 104
internal_value=0.000682439 -0.00586605 0.00938434 -0.00225509 -0.00144157 -0.00958902 -0.00806611 0.00646776 0.00716431 -0.00535916 -0.00355873 -0.00237127 -0.00371441 0.00136995 0.012919 -0.0111232 0.000315375 -0.000268983 0.00848514 -0.00923171 0.00185852 0.00410584 0.00386253 0.013147 -0.00860531 0.000380228 -0.00303514 -0.00279713 -0.0131464 -0.000866185
internal_weight=40662 23202 17460 11779 10550 11423 8001 9568 8623 4245 6018 4718 3581 4532 7892 3756 3804 3568 6158 1229 1137 821 2465 7746 1770 788 2475 487 3422 1800
internal_count=40662 23202 17460 11779 10550 11423 8001 9568 8623 4245 6018 4718 3581 4532 7892 3756 3804 3568 6158 1229 1137 821 2465 7746 1770 788 2475 487 3422 1800
is_linear=0
shrinkage=0.03


Tree=30
num_leaves=31
num_cat=0
split_feature=9 9 11 41 24 11 9 41 12 1 14 27 41 18 16 41 14 18 4 6 4 1 1 0 0 41 16 41 32 41
split_gain=2497.55 290.874 235.018 79.3357 73.6841 65.7787 54.5017 40.4341 31.6291 27.9081 27.5086 26.4248 26.2751 24.5067 23.8027 22.1628 20.6846 20.6328 18.3082 17.6771 17.231 15.4271 15.3768 16.5619 15.0271 14.9613 14.6296 14.3655 14.1245 13.7542
threshold=95.343750000000014 52.045000000000009 158.94500000000002 -4719.2443628682113 84.185000000000016 53.32500000000001 115.20500000000001 -1360.0190763726275 201.16703125000001 2.5000000000000004 80.010000000000005 37063.958333333343 5980.7805749160007 1.0000000180025095e-35 5148.3729106394248 -952.98979690298063 117.00500000000001 1.0000000180025095e-35 359.50000000000006 4.2685022026431723 8.5000000000000018 1.0000000180025095e-35 1.0000000180025095e-35 5.5000000000000009 5.5000000000000009 4876.82039155857 2135.8394164639162 -10468.863123024594 125.00375000000001 6258.0211717105458
decision_type=10 10 8 8 8 10 10 10 10 2 8 10 10 2 10 8 10 2 2 2 2 2 2 2 2 10 10 8 10 10
left_child=1 3 6 -1 7 10 12 11 13 16 -5 -3 17 18 19 -6 24 26 -4 -8 -13 -12 23 -17 -7 -11 -2 -22 -21 -9
right_child=2 4 8 5 15 9 14 29 -10 25 21 20 -14 -15 -16 22 -18 -19 -20 28 27 -23 -24 -25 -26 -27 -28 -29 -30 -31
leaf_value=-1.2522838636935447 0.15877755029545099 -0.06260882731681007 0.97425711604228327 -0.84876096219440433 -0.22258558662175359 -0.40849000441633748 0.48902152194978127 -0.041482315288941009 3.0138238824069132 -0.68320157498575262 -0.047609513195864962 0.087054687110414475 0.35409145946776382 0.37125238929511778 0.072616753968832909 -0.18528084847217471 0.16699216639649619 -0.041803572928551774 -0.12302656359577895 0.2636461014453369 -1.0566804284804916 -0.6598511733651623 0.0177514250860537 0.32445348396591739 -0.14217117082736203 0.11701938365300818 -0.015202317546647633 -0.16343677786777774 0.5177265763577048 0.14173295825869531
leaf_weight=3656 1921 1599 2175 2236 609 304 897 1004 5531 1125 275 143 514 632 546 109 467 1201 105 1646 265 1440 2268 621 1172 135 571 4485 2577 287
leaf_count=3656 1921 1599 2175 2236 609 304 897 1004 5531 1125 275 143 514 632 546 109 467 1201 105 1646 265 1440 2268 621 1172 135 571 4485 2577 287
internal_value=0.000735987 -0.00602946 0.00893596 -0.00955416 -0.0026837 -0.00771488 0.00579249 -0.00432618 0.0126107 -0.00451779 -0.0103049 -0.00529031 0.00320461 0.0100721 0.00771308 0.000860588 -0.0022608 0.00231862 0.0115213 0.00834798 -0.00638435 -0.00743881 0.00192064 0.00570451 -0.00400135 -0.00799366 0.00387485 -0.00669333 0.00753196 0.000522446
internal_weight=40516 22200 18316 10810 11390 7154 9873 7783 8443 3203 3951 6492 4207 2912 5666 3607 1943 3693 2280 5120 4893 1715 2998 730 1476 1260 2492 4750 4223 1291
internal_count=40516 22200 18316 10810 11390 7154 9873 7783 8443 3203 3951 6492 4207 2912 5666 3607 1943 3693 2280 5120 4893 1715 2998 730 1476 1260 2492 4750 4223 1291
is_linear=0
shrinkage=0.03


Tree=31
num_leaves=31
num_cat=0
split_feature=9 9 11 24 41 7 14 41 32 9 27 16 41 4 41 18 1 4 5 41 41 11 7 16 18 32 7 5 10 14
split_gain=2394.15 308.638 215.753 94.913 74.0651 53.3353 48.1291 41.3198 39.5266 36.2983 30.4122 26.7 25.7461 25.3281 23.3617 22.9586 22.2619 19.4553 18.6379 18.7939 16.6338 15.9947 15.942 15.0183 17.0596 13.9005 13.7571 13.6259 13.5985 14.3945
threshold=96.701250000000016 44.165000000000006 154.84625000000003 81.936250000000015 -2259.8705111764862 6.9010416666666687 93.75500000000001 -3166.6819272714743 126.64250000000001 214.93000000000004 37063.958333333343 5562.0051106596266 7687.9710689938156 352.50000000000006 6901.1088763121488 1.0000000180025095e-35 1.5000000000000002 8.5000000000000018 44300.437500000007 -5921.6057798285756 10633.375425678938 112.63875000000002 8.2309027777777803 3194.44551166663 1.0000000180025095e-35 80.00500000000001 5.6475694444444464 48602.062500000007 1.0000000180025095e-35 129.45500000000001
decision_type=10 10 8 8 8 2 10 10 10 10 10 10 10 2 10 2 2 2 2 8 10 10 2 10 2 10 2 2 10 10
left_child=1 4 5 7 -1 8 12 10 14 13 27 21 -6 15 23 -4 28 -12 -7 -20 25 26 -19 24 -2 -9 -5 -3 -8 -30
right_child=2 3 9 11 6 18 16 20 -10 -11 17 -13 -14 -15 -16 -17 -18 22 19 -21 -22 -23 -24 -25 -26 -27 -28 -29 29 -31
leaf_value=-1.2166205095281382 0.21845440596525853 -0.15827884884075877 0.84932119714076115 0.049587175510101458 -0.77175853068232803 -0.36444939611400895 -0.69145979277119995 -0.16675349933977657 0.4892006523382032 3.2645085616866587 0.081616577334872667 -0.27989720193630857 0.017913911193333406 -0.093709148319365235 0.36772267222204136 0.45395548434577815 -0.64743152353421674 -0.17085534061114499 -1.0195290366650998 0.14409212823397596 0.3828797658353113 0.34805200213408155 -0.45352919983861018 -0.022928271988832023 0.06824269169690296 0.064827319612490872 -0.07400502662516438 0.086575370358789316 -0.042483963604879521 0.42468924998280311
leaf_weight=4262 2186 1222 2687 1968 3012 314 187 1063 2909 4956 164 646 220 180 716 800 956 4460 92 1391 107 707 714 550 1123 663 1068 396 408 201
leaf_count=4262 2186 1222 2687 1968 3012 314 187 1063 2909 4956 164 646 220 180 716 800 956 4460 92 1391 107 707 714 550 1123 663 1068 396 408 201
internal_value=0.000646433 -0.00588495 0.00882658 -0.00293649 -0.0100865 0.00565126 -0.0076008 -0.00473549 0.00676553 0.0122432 -0.00579129 0.000666287 -0.00977111 0.0099741 0.00502513 0.0105404 -0.00359384 -0.00688331 0.00100945 0.00241577 -0.000727917 0.00163862 -0.0072058 0.00409974 0.00486254 -0.00144181 0.000691472 -0.00218653 0.000112923 0.00228689
internal_weight=40328 22424 17904 13178 9246 9281 4984 8789 7484 8623 6956 4389 3232 3667 4575 3487 1752 5338 1797 1483 1833 3743 5174 3859 3309 1726 3036 1618 796 609
internal_count=40328 22424 17904 13178 9246 9281 4984 8789 7484 8623 6956 4389 3232 3667 4575 3487 1752 5338 1797 1483 1833 3743 5174 3859 3309 1726 3036 1618 796 609
is_linear=0
shrinkage=0.03


Tree=32
num_leaves=31
num_cat=0
split_feature=24 12 24 24 7 41 34 41 32 7 23 11 7 41 32 28 11 24 41 1 32 7 14 4 31 0 12 17 18 41
split_gain=2232.29 275.203 239.498 88.1993 81.236 73.4033 71.5007 52.3575 37.9712 35.2818 34.3296 33.5371 32.3624 27.7897 27.1833 25.317 23.9551 21.4238 20.0319 19.6495 19.3378 17.2411 14.6521 14.1819 14.1189 13.7017 13.6835 13.0989 12.5827 12.4796
threshold=95.208750000000009 61.333333333333336 177.82375000000002 24.825000000000003 5.8281250000000027 -7165.180639441066 100.26500000000001 1100.4443608949407 128.64750000000004 9.4340277777777803 6.5000000000000009 120.01250000000002 6.9010416666666687 4435.0466992760057 60.101250000000007 38352.829843750005 58.318750000000009 231.88000000000002 1454.3448202590337 1.0000000180025095e-35 87.905000000000015 7.5434027777777795 111.41500000000001 70.500000000000014 80.935000000000016 17.500000000000004 57.482916666666675 3559.49845 1.0000000180025095e-35 12569.267103160759
decision_type=10 10 10 8 2 8 8 10 10 2 2 10 2 8 8 10 8 10 10 2 10 2 10 2 10 2 10 10 2 10
left_child=1 3 4 18 8 -3 10 12 13 11 19 26 16 -2 -8 29 22 21 27 -7 -21 -4 -5 -17 -12 -18 -6 -1 -11 -9
right_child=2 5 17 7 9 6 14 15 -10 28 24 -13 -14 -15 -16 23 25 -19 -20 20 -22 -23 -24 -25 -26 -27 -28 -29 -30 -31
leaf_value=-0.96883107549529157 0.044991755996220205 -0.97141526058802974 0.89277459316791918 -0.42501379365055147 -0.39912650664199412 0.12193392741718753 -0.076389996564325421 -0.43526947986170766 0.54916942179285422 -0.055008119649772452 -0.38690097384411004 0.37069866035467142 -0.57863749911831042 0.24963033910798579 0.13425838048878574 -0.3670618578832901 -0.23128637707897409 3.7966116264310097 -0.61396042121323147 -0.10703072541624123 0.0035117938648733115 0.38671673699409315 -0.2012468295609291 0.24154967709214356 -0.15154888938902708 -0.0085416052534559132 0.053875992010987091 -1.3436005419601922 -0.96860646593350752 0.59543507403123153
leaf_weight=1903 897 914 2521 1844 303 424 970 551 2668 319 819 1887 2231 2894 2497 131 1217 4481 472 2667 1346 450 315 442 734 611 1754 2081 178 46
leaf_count=1903 897 914 2521 1844 303 424 970 551 2668 319 819 1887 2231 2894 2497 131 1217 4481 472 2667 1346 450 315 442 734 611 1754 2081 178 46
internal_value=0.000711768 -0.00568442 0.0084542 -0.00880878 0.00561967 -0.00211579 -0.00133062 -0.00679659 0.00776703 0.0024955 -0.00331497 0.00344487 -0.00789194 0.00583465 0.00209775 -0.000973527 -0.00627006 0.012599 -0.0121427 -0.00197048 -0.00261958 0.0106141 -0.00840972 0.00352787 -0.00715251 -0.00373975 0.000794461 -0.0128356 -0.00503012 -0.00529264
internal_weight=40567 22215 18352 11844 10900 10371 9457 7388 6459 4441 5990 3944 6218 3791 3467 1170 3987 7452 4456 4437 4013 2971 2159 573 1553 1828 2057 3984 497 597
internal_count=40567 22215 18352 11844 10900 10371 9457 7388 6459 4441 5990 3944 6218 3791 3467 1170 3987 7452 4456 4437 4013 2971 2159 573 1553 1828 2057 3984 497 597
is_linear=0
shrinkage=0.03


Tree=33
num_leaves=31
num_cat=0
split_feature=24 24 24 12 41 7 7 34 11 34 4 41 18 16 32 41 5 41 32 41 0 18 11 12 41 7 16 12 7 0
split_gain=2193.46 264.621 237.832 100.076 66.4864 65.5085 64.4218 45.1494 43.3385 40.4358 28.5504 26.938 26.353 25.9938 25.1365 27.9003 24.131 22.492 21.6368 20.12 19.323 18.5294 18.0863 17.1495 15.5831 14.1465 13.8658 13.7939 13.7803 12.9642
threshold=95.208750000000009 43.485000000000007 145.50500000000002 105.06604166666669 -3560.9089346773321 6.9010416666666687 6.102430555555558 240.06500000000003 82.953750000000028 99.945000000000007 350.50000000000006 4777.0767144197898 1.0000000180025095e-35 1216.7972299047549 125.00375000000001 596.80749135545932 42817.312500000007 8064.4755948651846 55.922500000000007 8437.1933288623495 16.500000000000004 1.0000000180025095e-35 49.692500000000003 57.817291666666669 6901.1088763121488 9.4340277777777803 4457.0597075892501 44.237916666666671 4.9670138888888902 17.500000000000004
decision_type=10 10 10 10 8 2 2 10 8 10 2 8 2 8 10 8 2 10 10 10 2 2 8 10 10 2 10 10 2 2
left_child=1 4 6 5 18 8 14 10 13 22 12 -8 26 -3 15 -2 -13 23 -1 28 21 -15 -6 -7 -17 -18 -4 -20 -10 -14
right_child=2 3 7 -5 9 17 11 -9 19 -11 -12 16 29 20 -16 24 25 -19 27 -21 -22 -23 -24 -25 -26 -27 -28 -29 -30 -31
leaf_value=-1.2176186704623055 -0.049894502006039967 0.052668402097192479 0.79657920661941062 0.22128352430720438 -0.77291109004915726 -0.50468006900565099 -0.23023299190806881 3.7202510589748958 0.068931111722309021 -0.1910618073945814 -0.23777541576119857 -0.19510701381697032 0.24763136913295297 -0.10381980365375412 0.41859205838869051 0.16213405481283261 0.22624653885553492 0.56401721475867983 -0.95717997187261128 0.33396555000875439 -0.026616033583073812 -0.35564004758663137 -0.30039384627618732 -0.20164025043400613 0.35757303253244627 -0.13706707250239511 0.17517154803944124 -0.58697857123567077 -0.060381355395822706 0.66852109784679536
leaf_weight=2780 516 745 4083 1217 2820 1564 823 4440 1156 1277 160 374 716 2895 1712 2479 1596 76 540 200 1248 1162 1113 1491 597 218 195 655 1183 418
leaf_count=2780 516 745 4083 1217 2820 1564 823 4440 1156 1277 160 374 716 2895 1712 2479 1596 76 540 200 1248 1162 1113 1491 597 218 195 655 1183 418
internal_value=0.000691595 -0.00566695 0.00836671 -0.00290192 -0.00956074 -0.00375224 0.0046158 0.0114811 -0.00239756 -0.00732873 0.00967881 0.00111056 0.010048 -0.00377789 0.00660509 0.00517673 0.00285062 -0.00746648 -0.0124837 0.000891732 -0.0045147 -0.00551873 -0.00883452 -0.00786813 0.00625934 0.00428099 0.0111264 -0.00909281 0.000108974 0.00597357
internal_weight=40449 22122 18327 12937 9185 11720 8315 10012 8589 5210 5572 3011 5412 6050 5304 3592 2188 3131 3975 2539 5305 4057 3933 3055 3076 1814 4278 1195 2339 1134
internal_count=40449 22122 18327 12937 9185 11720 8315 10012 8589 5210 5572 3011 5412 6050 5304 3592 2188 3131 3975 2539 5305 4057 3933 3055 3076 1814 4278 1195 2339 1134
is_linear=0
shrinkage=0.03


Tree=34
num_leaves=31
num_cat=0
split_feature=9 9 11 24 41 7 11 41 12 41 7 22 41 23 8 7 7 7 10 7 6 12 41 24 6 4 4 10 25 27
split_gain=2158.85 338.478 182.399 93.284 75.0203 47.9917 45.2742 39.2162 35.6647 33.9122 32.7462 30.0688 26.7974 21.758 21.0005 20.4551 20.3569 19.7442 19.5963 19.3674 18.0217 16.6372 16.84 16.5607 16.3332 15.837 15.8181 15.0319 14.8388 14.3082
threshold=100.08125000000001 44.165000000000006 158.94500000000002 84.748750000000015 -4719.2443628682113 5.5121527777777795 53.32500000000001 -8613.1138202207021 207.47975543478262 6258.0211717105458 8.1267361111111143 1.0000000180025095e-35 -7967.2037011337443 5.5000000000000009 77.787500000000009 8.6788194444444482 5.4079861111111134 5.1579861111111134 117.31625000000001 4.0434027777777795 6.1273127753303971 26.085208333333338 2910.6267833086317 64.355000000000004 6.8579295154185029 339.50000000000006 14.500000000000002 81.352500000000006 57.07416666666667 47486.791666666672
decision_type=10 10 8 8 8 2 10 8 10 10 2 2 8 2 2 2 2 2 10 2 2 8 10 10 2 2 2 10 10 10
left_child=1 4 5 7 -1 18 21 -3 11 10 13 15 -5 19 -15 -4 -8 -14 -2 -9 29 -6 28 -22 -18 -25 -12 -21 -23 -7
right_child=2 3 8 12 6 20 16 9 -10 -11 26 -13 17 14 -16 -17 24 -19 -20 27 23 22 -24 25 -26 -27 -28 -29 -30 -31
leaf_value=-1.1465306997871243 0.20043671801519408 -0.84858330860146047 0.7776402449454306 -0.96516220208656078 -1.0351741613020886 0.52307766445420989 -0.03808861909330602 0.035450182890473483 2.8711824792221736 0.13359907086985948 0.057260639650520556 -0.37697224636010501 0.103282033646136 -0.091746792351365083 -0.3449708461590324 0.097689385162170836 0.13114850229910677 -0.0027745579078042224 0.4352138419582337 -0.10264626394152067 -0.69416792758340118 -0.50611748500105525 0.061383717435584302 0.15149847726501861 -0.64281472170956988 -0.44088496583331677 -0.42905881317788908 0.028623489965063413 -0.34547852504215892 0.061462062606714413
leaf_weight=3396 2269 635 2903 146 1438 476 921 1191 5178 346 104 149 1925 1319 992 234 184 2580 2744 3248 160 1241 145 2729 1424 91 953 751 575 282
leaf_count=3396 2269 635 2903 146 1438 476 921 1191 5178 346 104 149 1925 1319 992 234 184 2580 2744 3248 160 1241 145 2729 1424 91 953 751 575 282
internal_value=0.000685367 -0.00522432 0.00875726 -0.00230639 -0.00966434 0.00571926 -0.00762523 -0.00400472 0.0118972 -0.00349017 -0.0038626 0.0094463 0.00117691 -0.00316516 -0.00558607 0.0100717 -0.004583 0.00158788 0.00763761 -0.0020863 0.00314523 -0.00988676 -0.00808104 0.00209326 -0.00661902 0.00262673 -0.00880435 -0.00308625 -0.00886626 0.00727273
internal_weight=40729 23514 17215 14190 9324 8751 5928 9539 8464 8904 8558 3286 4651 7501 2311 3137 2529 4505 5013 5190 3738 3399 1961 2980 1608 2820 1057 3999 1816 758
internal_count=40729 23514 17215 14190 9324 8751 5928 9539 8464 8904 8558 3286 4651 7501 2311 3137 2529 4505 5013 5190 3738 3399 1961 2980 1608 2820 1057 3999 1816 758
is_linear=0
shrinkage=0.03


Tree=35
num_leaves=31
num_cat=0
split_feature=9 9 11 24 41 14 7 41 9 7 9 41 16 11 7 23 11 5 11 41 27 41 41 16 41 23 32 26 24 7
split_gain=2070.17 317.927 176.993 82.0497 78.7518 48.905 43.4958 40.7438 39.7567 31.8682 29.447 27.5991 25.8415 25.6101 23.2661 19.4732 19.4204 19.3984 18.2149 17.9499 15.6895 17.5139 14.8997 14.7725 14.6313 13.398 13.1994 12.3074 11.2074 11.1842
threshold=99.767500000000013 43.365000000000002 162.69750000000002 84.748750000000015 -3313.1969818992143 97.020000000000024 6.6579861111111134 82.763009513335433 245.02000000000001 7.5434027777777795 117.31625000000001 7687.9710689938156 6358.5057919720302 74.93125000000002 8.6788194444444482 5.5000000000000009 27.995000000000001 43179.937500000007 51.945000000000007 4777.0767144197898 31508.544322916667 4661.6190614862071 -9174.5006458352364 5148.3729106394248 6901.1088763121488 5.5000000000000009 146.40000000000001 34795.73750000001 99.635000000000005 4.9253472222222241
decision_type=10 10 8 8 8 10 2 10 10 2 10 10 10 8 2 2 10 2 10 8 8 10 8 10 10 2 10 8 8 2
left_child=1 4 6 7 -1 11 10 9 14 13 24 18 20 22 15 -4 -7 -8 -6 -19 -5 25 -3 -12 -2 28 -17 -15 -22 -20
right_child=2 3 8 12 5 16 17 -9 -10 -11 23 -13 -14 27 -16 26 -18 19 29 -21 21 -23 -24 -25 -26 -27 -28 -29 -30 -31
leaf_value=-1.102956056853349 0.12210242379602448 -0.77090336638043555 0.82350769107530175 0.25398430689041662 -0.86263592765818276 -0.71537968159347065 -0.35535452196979911 0.039319713090682454 4.0369322245554207 -0.33633246555478408 0.41985409480920333 0.1499135121850371 -0.23790400987643087 0.10184115422986537 0.17013181069322286 -0.19677202373553768 -0.056605528748248868 -0.13760591932785046 -0.066947872484700785 0.23105113998698038 0.012540768551802016 0.22872580962031919 -0.12221159374802659 0.045273303961861446 0.35738808529934502 -0.15194373822219048 0.48452595903856222 -0.0525556669433071 0.36182608037198605 -0.66014966943031328
leaf_weight=3838 2293 352 3126 369 1922 602 258 1281 3877 1586 4232 215 562 384 363 163 1169 399 269 1310 2079 455 4424 229 338 610 620 1500 424 1049
leaf_count=3838 2293 352 3126 369 1922 602 258 1281 3877 1586 4232 215 562 384 363 163 1169 399 269 1310 2079 455 4424 229 338 610 620 1500 424 1049
internal_value=0.000704236 -0.00516565 0.00858039 -0.0023355 -0.0095444 -0.00714559 0.00569371 -0.00391215 0.0117883 -0.00468534 0.00678838 -0.00922309 0.00100333 -0.00377421 0.00978703 0.0104616 -0.00308973 0.00174543 -0.00991361 0.00290351 0.00186262 0.00125245 -0.00494243 0.0082732 0.00426862 0.000447977 0.00621811 -0.000811671 0.00141973 -0.00718726
internal_weight=40298 23090 17208 14026 9064 5226 9059 9527 8149 8246 7092 3455 4499 6660 4272 3909 1771 1967 3240 1709 3937 3568 4776 4461 2631 3113 783 1884 2503 1318
internal_count=40298 23090 17208 14026 9064 5226 9059 9527 8149 8246 7092 3455 4499 6660 4272 3909 1771 1967 3240 1709 3937 3568 4776 4461 2631 3113 783 1884 2503 1318
is_linear=0
shrinkage=0.03


Tree=36
num_leaves=31
num_cat=0
split_feature=24 24 24 14 17 14 7 12 0 32 41 18 41 33 34 0 7 41 6 41 4 41 7 1 16 23 16 7 7 39
split_gain=1900.89 300.023 184.682 98.5265 66.0595 71.39 59.9088 52.5087 43.5619 38.3233 36.9942 29.93 29.5567 28.7621 27.2362 25.7059 25.4015 25.1857 23.6822 21.5292 20.5678 19.3449 19.2494 17.701 17.6844 17.4617 16.73 14.3615 14.009 13.9668
threshold=100.55500000000002 42.556250000000006 177.82375000000002 102.21000000000002 4449.6181450000013 82.641250000000014 6.352430555555558 109.83458333333334 17.500000000000004 126.64250000000001 -9174.5006458352364 1.0000000180025095e-35 1891.7191633936529 115.87500000000001 253.17500000000004 5.5000000000000009 9.4340277777777803 4544.089198407798 8.5955947136563911 1641.0353057553987 350.50000000000006 4777.0767144197898 7.2031250000000018 4.5000000000000009 5562.0051106596266 2.5000000000000004 2773.4400715901447 4.5954861111111134 4.7725694444444455 -39.864999999999988
decision_type=10 8 10 10 10 10 2 10 2 10 8 2 8 8 8 2 2 10 2 8 2 8 2 2 8 2 8 2 2 10
left_child=1 4 6 8 5 17 9 10 11 19 -5 12 -3 28 20 -14 21 -1 -7 -2 23 -8 -10 -4 -15 27 -20 -17 -12 -27
right_child=2 3 14 7 -6 18 16 -9 22 -11 13 -13 15 24 -16 25 -18 -19 26 -21 -22 -23 -24 -25 -26 29 -28 -29 -30 -31
leaf_value=-0.78169431770729048 -0.020698145491959464 -0.79020798155683736 0.90404363836387092 -0.91444305815398708 -1.1649434453303977 0.034883803357665284 -0.15866354871784899 0.21979257914019243 0.012065080270351842 0.46031900732690301 -0.0076567919847212807 -0.47917111944815738 -0.17500363042563336 0.18297801670337932 3.8702450858376771 0.018936019575896097 -0.33112599727045933 -0.073552446945423927 -0.088137334126218075 0.23062233613852745 -0.12588116188468035 0.22888205627914507 -0.20432849371057826 0.37702713937976567 -0.022090367214631215 -0.14579210484165303 -0.59550204592898293 -0.13795585667691004 -0.11069518914091667 0.14765989131803833
leaf_weight=2350 550 583 2833 315 3259 628 506 1314 1446 2931 1876 1254 653 1291 3826 356 458 190 745 3026 123 1878 623 672 1468 216 1745 892 2102 305
leaf_count=2350 550 583 2833 315 3259 628 506 1314 1446 2931 1876 1254 653 1291 3826 356 458 190 745 3026 123 1878 623 672 1468 216 1745 892 2102 305
internal_value=0.000620562 -0.00486808 0.00833284 -0.00223341 -0.0092089 -0.00724686 0.00552353 -9.68089e-05 -0.00505767 0.00711048 -0.00112293 -0.00679225 -0.00516467 -0.000652271 0.0118551 -0.00370202 0.00188885 -0.0109799 -0.00420327 0.00502376 0.00998622 0.00313208 -0.00148551 0.0104093 0.00170109 -0.00182203 -0.00551586 -0.003747 -0.00228449 0.00278736
internal_weight=40414 23611 16803 14694 8917 5658 9349 8366 6328 6507 7052 4259 3005 6737 7454 2422 2842 2540 3118 3576 3628 2384 2069 3505 2759 1769 2490 1248 3978 521
internal_count=40414 23611 16803 14694 8917 5658 9349 8366 6328 6507 7052 4259 3005 6737 7454 2422 2842 2540 3118 3576 3628 2384 2069 3505 2759 1769 2490 1248 3978 521
is_linear=0
shrinkage=0.03


Tree=37
num_leaves=31
num_cat=0
split_feature=9 9 11 11 18 16 7 9 7 11 18 32 1 34 16 0 1 7 0 6 16 32 4 7 28 6 5 33 34 17
split_gain=1925.47 320.653 180.055 80.8515 58.3545 42.919 42.7914 42.3204 41.6618 40.7574 36.7961 36.0149 31.4651 28.3904 27.1349 23.3201 21.3939 21.2547 20.7378 18.7813 16.6891 16.5587 16.1661 18.06 15.9669 15.0325 14.5872 13.2964 12.6756 12.6718
threshold=99.767500000000013 39.992500000000014 154.84625000000003 81.105000000000004 1.0000000180025095e-35 2932.6888682360218 8.2309027777777803 278.64500000000004 6.9288194444444473 53.32500000000001 1.0000000180025095e-35 83.393750000000011 1.0000000180025095e-35 106.23500000000001 5205.1783118534104 5.5000000000000009 1.0000000180025095e-35 8.5017361111111125 5.5000000000000009 5.9011013215859043 3883.4397859913556 160.00500000000002 8.5000000000000018 8.2864583333333375 34271.375000000007 10.337444933920706 44300.437500000007 57.005000000000003 63.975000000000001 11388.676730000001
decision_type=10 10 10 10 2 10 2 10 2 8 2 10 2 10 10 2 2 2 2 2 8 10 2 2 10 2 2 10 10 10
left_child=1 4 8 11 5 9 16 10 13 -1 17 12 15 -2 -15 -3 18 -4 -5 -7 -13 -12 27 28 -18 -8 -10 -14 -24 -11
right_child=2 3 7 6 -6 19 25 -9 26 29 21 20 22 14 -16 -17 24 -19 -20 -21 -22 -23 23 -25 -26 -27 -28 -29 -30 -31
leaf_value=-0.65065962611057926 0.02997679585131003 -0.18811080617121662 0.85798675337372077 -0.19192515191162654 -1.1188943685111636 0.13256374945941005 -0.069107570414940506 4.8551166855170651 -0.36166471945615652 -0.036681070131885464 0.015088128776366999 0.047453415472736536 -0.16769069183416679 0.32682952262571108 -0.0052638126072857006 0.10851740054406973 0.16177367477812254 0.38092513575111181 0.31043593543957626 -0.96281491323405755 -0.075320887839245065 0.43807309021976182 -0.17497171288672689 -0.44562815608510092 -0.0048174827516125869 -0.63626839704090787 0.092373068340927483 0.11749164875269301 -0.15213139925840211 -1.0960211976715226
leaf_weight=1962 872 226 3847 133 2822 107 373 3027 269 1236 379 1087 56 5616 462 412 632 425 746 2198 1903 960 1427 653 3246 424 1364 145 3343 96
leaf_count=1962 872 226 3847 133 2822 107 373 3027 269 1236 379 1087 56 5616 462 412 632 425 746 2198 1903 960 1427 653 3246 424 1364 145 3343 96
internal_value=0.000661574 -0.00497438 0.00826298 -0.0023158 -0.00964795 -0.00787232 0.000545455 0.0113208 0.00518465 -0.00567223 0.00977459 -0.00403329 -0.00532652 0.00619767 0.00692384 0.000985915 0.00162358 0.011135 0.00584659 -0.0110126 -0.00132397 0.0054291 -0.00604267 -0.00635232 0.00066512 -0.00588346 0.000872093 0.00230198 -0.00570949 -0.00162041
internal_weight=40448 23227 17221 14806 8421 5599 5554 8638 8583 3294 5611 9252 6262 6950 6078 638 4757 4272 879 2305 2990 1339 5624 5423 3878 797 1633 201 4770 1332
internal_count=40448 23227 17221 14806 8421 5599 5554 8638 8583 3294 5611 9252 6262 6950 6078 638 4757 4272 879 2305 2990 1339 5624 5423 3878 797 1633 201 4770 1332
is_linear=0
shrinkage=0.03


Tree=38
num_leaves=31
num_cat=0
split_feature=24 24 12 14 17 14 7 32 41 12 0 41 41 18 41 0 6 30 18 5 32 18 6 6 7 41 16 23 24 1
split_gain=1786.75 271.363 184.888 86.4458 69.8809 69.7505 69.208 64.6816 50.3375 43.1848 41.7504 40.3988 30.0371 28.2018 29.5763 25.3733 24.316 24.1105 23.0375 22.3045 21.4955 21.2559 22.8501 19.7478 18.8264 18.0476 17.3118 16.6372 14.9955 14.3389
threshold=100.00125000000001 40.795000000000009 194.96916666666669 102.21000000000002 4783.5956650000016 98.045000000000016 8.2309027777777803 136.14500000000001 -9174.5006458352364 109.83458333333334 17.500000000000004 1795.3679040402133 5434.6530780996445 1.0000000180025095e-35 2085.5380311440317 5.5000000000000009 8.2674008810572701 260.00500000000005 1.0000000180025095e-35 40906.250000000007 101.00500000000001 1.0000000180025095e-35 13.017841409691632 21.429074889867849 7.2031250000000018 3610.2861328299336 3612.0298693934278 2.5000000000000004 14.475000000000003 1.0000000180025095e-35
decision_type=10 8 10 10 10 10 2 10 8 10 2 8 10 2 8 2 2 10 2 2 8 2 2 2 2 10 8 2 10 2
left_child=1 4 6 10 5 25 7 11 -5 12 13 23 20 14 -3 -16 -7 21 -8 -13 -10 -4 -23 -2 -12 -1 -18 -17 -6 -21
right_child=2 3 17 8 28 16 18 -9 9 -11 24 19 -14 -15 15 27 26 -19 -20 29 -22 22 -24 -25 -26 -27 -28 -29 -30 -31
leaf_value=-0.69059732266373586 -0.25385479360305152 -0.72650845398061903 0.95356065122211431 -0.89791738363262819 -1.1351333614097532 0.093065361951559983 0.087922764480811114 0.57485967363256618 -0.071253921155449193 0.22660454369643951 0.01450654932843534 -0.010247023384371943 0.18581945782488632 -0.41094072326113879 -0.17475829544354954 -0.074248605342681767 -0.035293811073396027 4.5396630750882725 -0.66201854961422302 0.63968184357161029 0.053121440001488197 0.60716652467434895 -0.041366507194049544 0.20666281470208331 -0.18227325986453979 -0.30817589342070639 -0.62336524226241907 0.087934388877015976 -0.70578872083729982 0.20261839041719795
leaf_weight=2838 599 608 2230 350 2306 485 842 3662 4564 1232 1441 520 607 1316 700 1273 689 2987 343 893 1519 656 286 275 634 264 1197 515 846 3737
leaf_count=2838 599 608 2230 350 2306 485 842 3662 4564 1232 1441 520 607 1316 700 1273 689 2987 343 893 1519 656 286 275 634 264 1197 515 846 3737
internal_value=0.000628727 -0.00475433 0.00802008 -0.00228354 -0.00898157 -0.00693003 0.00566639 0.00650356 -0.000250212 0.000242332 -0.00487592 0.00459087 -0.000708414 -0.00652617 -0.00495964 -0.00350743 -0.00305438 0.0121729 -0.00117622 0.0056028 -0.00134369 0.0103435 0.00655355 -0.00137143 -0.00136561 -0.00989043 -0.00459459 -0.00160984 -0.0125404 0.00626431
internal_weight=40414 23384 17030 14759 8625 5473 10871 9686 8272 7922 6487 6024 6690 4412 3096 2488 2371 6159 1185 5150 6083 3172 942 874 2075 3102 1886 1788 3152 4630
internal_count=40414 23384 17030 14759 8625 5473 10871 9686 8272 7922 6487 6024 6690 4412 3096 2488 2371 6159 1185 5150 6083 3172 942 874 2075 3102 1886 1788 3152 4630
is_linear=0
shrinkage=0.03


Tree=39
num_leaves=31
num_cat=0
split_feature=9 9 25 41 9 41 34 18 1 41 7 12 41 38 9 7 41 1 7 11 10 6 23 38 1 13 6 27 41 12
split_gain=1777.08 278.196 201.635 80.2589 69.7519 62.023 59.5234 44.6644 43.0786 33.2382 32.7567 31.3183 25.5701 23.0072 22.0845 21.0619 19.0723 18.7132 20.1288 17.5928 16.1674 16.0433 15.7641 15.159 14.5967 20.1478 14.0945 13.5791 12.2711 18.144
threshold=96.701250000000016 38.07500000000001 218.5529166666667 -952.98979690298063 126.67250000000001 -9174.5006458352364 89.145000000000024 1.0000000180025095e-35 1.5000000000000002 8437.1933288623495 8.6788194444444482 24.694791666666671 10360.787123015833 20.395000000000007 64.99375000000002 6.5052083333333348 13654.425545070624 1.0000000180025095e-35 5.6267361111111134 79.001250000000013 93.605000000000004 10.483480176211454 2.5000000000000004 -13.199999999999998 4.5000000000000009 240.94000000000003 10.8352422907489 39734.708333333336 -7967.2037011337443 44.237916666666671
decision_type=10 8 10 8 10 8 10 2 2 10 2 10 10 10 8 2 10 2 2 8 10 2 2 10 2 10 2 10 10 10
left_child=1 3 4 28 9 -3 8 11 19 17 13 16 15 -6 23 20 -5 -2 -19 -7 -8 -17 -13 -10 -4 26 -26 -24 -1 -30
right_child=2 5 24 7 10 6 12 -9 14 -11 -12 22 -14 -15 -16 21 -18 18 -20 -21 -22 -23 27 -25 25 -27 -28 -29 29 -31
leaf_value=-1.0581986455040506 0.43578681058971619 -0.76809925271331836 3.0259649755412728 -0.74975599962034056 0.51972613836357517 -0.039063011599764864 -0.0046682754139416712 -1.0872829513271898 -0.13259171086432117 0.37424706031815874 -0.023261957685913614 -0.27204864885418761 0.34845702580225574 0.35251699478544879 -0.080711604039996984 0.014525530176024475 0.87900824795167487 0.11615970633735016 -0.01243603742135491 0.095636486567801243 0.16044028760758805 -0.34652969179627574 0.17594689296452784 -0.2163092092074391 0.6458674105146518 3.4082235490465616 -0.20056227674076579 -0.17950512767592772 -0.88251252169385175 -0.50631009922529491
leaf_weight=1995 496 753 3850 1085 4644 1348 2757 1068 700 594 446 1009 257 2270 2899 874 43 2641 2023 802 1086 1013 454 1908 302 518 196 212 1643 601
leaf_count=1995 496 753 3850 1085 4644 1348 2757 1068 700 594 446 1009 257 2270 2899 874 43 2641 2023 802 1086 1013 454 1908 302 518 196 212 1643 601
internal_value=0.00064797 -0.00496957 0.00767977 -0.00941314 0.0057438 -0.00246597 -0.00200293 -0.00628745 -0.0037549 0.00326846 0.0076783 -0.00429565 0.000237976 0.00818655 -0.00516068 -0.000177979 -0.00815766 0.0024937 0.00190354 -0.000153417 0.00109651 -0.00277278 -0.00169153 -0.00716366 0.012895 0.00967552 0.0053507 0.00188906 -0.0122653 -0.0107305
internal_weight=40487 22507 17980 8110 13114 14397 13644 3871 7657 5754 7360 2803 5987 6914 5507 5730 1128 5160 4664 2150 3843 1887 1675 2608 4866 1016 498 666 4239 2244
internal_count=40487 22507 17980 8110 13114 14397 13644 3871 7657 5754 7360 2803 5987 6914 5507 5730 1128 5160 4664 2150 3843 1887 1675 2608 4866 1016 498 666 4239 2244
is_linear=0
shrinkage=0.03


Tree=40
num_leaves=31
num_cat=0
split_feature=24 11 24 12 7 34 8 12 41 12 10 18 1 18 4 14 41 13 41 0 0 41 28 41 14 31 5 14 0 23
split_gain=1673.85 242.595 213.527 102.64 70.2694 58.7954 48.8043 48.6454 45.4581 41.5457 40.8305 36.2213 26.7856 25.0888 24.7055 21.1926 21.0839 22.6599 19.8527 19.6187 19.5613 24.6736 19.3595 19.3364 18.806 16.9871 16.472 16.1322 14.697 14.6346
threshold=92.258750000000006 154.84625000000003 24.825000000000003 62.638541666666676 6.3767361111111134 268.98500000000007 268.53750000000008 109.83458333333334 859.84668452755079 45.749375000000008 111.85125000000001 1.0000000180025095e-35 2.5000000000000004 1.0000000180025095e-35 351.50000000000006 82.641250000000014 -9665.5854711850916 26.765000000000004 5210.5999815625155 17.500000000000004 5.5000000000000009 -21679.098955929239 38401.22187500001 1641.0353057553987 81.520000000000024 79.645000000000024 55705.625000000007 106.37500000000001 15.500000000000002 2.5000000000000004
decision_type=10 8 8 10 2 10 2 10 10 10 10 2 2 2 2 8 8 10 10 2 2 10 10 8 10 8 2 10 2 2
left_child=2 4 6 8 10 11 9 16 12 18 23 14 20 -6 -3 28 -5 -18 -1 26 27 29 -10 -2 -19 -26 -13 -4 -14 -22
right_child=1 5 3 7 13 -7 -8 -9 22 -11 -12 19 15 -15 -16 -17 17 24 -20 -21 21 -23 -24 -25 25 -27 -28 -29 -30 -31
leaf_value=-0.79489587867393008 -0.049904234941792677 0.7237005913974266 -0.32646195586007715 -0.77888864125842128 0.082825458028324306 3.9358943068115733 -1.0614795340424401 0.25549655467832499 -0.29037777948305971 -0.14458230227951624 0.32948100238087463 -0.069603919772735307 -0.54067690487098607 -0.31789211178751542 -0.06567299971510096 -0.41086270929650842 0.064645779953710014 0.12318640151620527 0.12177077102111514 0.57422395468741338 -0.088519584649400324 -0.49947647893914138 0.16737702210754613 0.14204148219252175 -0.098717650873381968 -0.026908690766803217 0.27414959383663728 -0.079824362077309738 -0.23357752642086246 0.070991328556320427
leaf_weight=1667 707 4057 647 212 2175 3440 3124 1016 633 1124 3471 609 1163 829 183 1535 1507 123 114 461 562 743 586 3067 2267 2836 220 216 654 643
leaf_count=1667 707 4057 647 212 2175 3440 3124 1016 633 1124 3471 609 1163 829 183 1535 1507 123 114 461 562 743 586 3067 2267 2836 220 216 654 643
internal_value=0.000597532 0.00702159 -0.00517943 -0.00329934 0.0038678 0.0106242 -0.00996269 -0.000936323 -0.00584722 -0.00715933 0.00546715 0.00870548 -0.00689406 9.98336e-06 0.0100448 -0.00870564 -0.00183343 -0.0015392 -0.0100084 0.00429899 -0.00473151 -0.00306311 -0.000553279 0.00330596 -0.00247369 -0.00275372 0.00153614 -0.00848958 -0.0108993 -0.000410448
internal_weight=40591 19219 21372 15343 10249 8970 6029 7961 7382 2905 7245 5530 6163 3004 4240 3352 6945 6733 1781 1290 2811 1948 1219 3774 5226 5103 829 863 1817 1205
internal_count=40591 19219 21372 15343 10249 8970 6029 7961 7382 2905 7245 5530 6163 3004 4240 3352 6945 6733 1781 1290 2811 1948 1219 3774 5226 5103 829 863 1817 1205
is_linear=0
shrinkage=0.03


Tree=41
num_leaves=31
num_cat=0
split_feature=24 32 24 24 16 34 7 1 18 32 34 17 7 16 34 14 0 28 4 1 30 5 13 4 7 28 5 0 0 6
split_gain=1572.38 283.917 167.377 100.166 72.4706 86.2613 59.0394 39.999 37.4801 32.7552 32.3503 24.856 24.4579 23.1214 19.7174 18.9513 18.6555 18.4468 21.9292 17.7053 19.9429 17.5662 17.1474 17.0142 16.5015 16.2806 27.4777 15.5455 15.5136 17.4566
threshold=104.68750000000001 62.517500000000005 217.79500000000004 21.393750000000004 7343.6360429106317 102.87500000000001 6.3246527777777795 2.5000000000000004 1.0000000180025095e-35 140.27500000000003 121.21500000000002 4783.5956650000016 10.071180555555559 3500.5956105060945 62.380000000000003 104.55500000000002 3.5000000000000004 39046.516718750012 10.500000000000002 4.5000000000000009 280.32000000000005 54810.625000000007 35.105000000000011 34.500000000000007 7.2031250000000018 47749.945781250011 57402.125000000007 16.500000000000004 5.5000000000000009 10.031057268722469
decision_type=10 8 10 8 10 10 2 2 2 10 10 10 2 10 8 10 2 10 2 2 10 2 10 2 2 10 2 2 2 2
left_child=1 3 6 11 5 8 9 13 17 -2 -9 22 25 15 -10 28 -16 -3 -19 -4 -21 -6 -1 -12 -20 26 -8 -18 -5 -30
right_child=2 4 19 7 21 -7 12 10 14 -11 23 -13 -14 -15 16 -17 27 18 24 20 -22 -23 -24 -25 -26 -27 -28 -29 29 -31
leaf_value=-0.76239980699359267 0.22390962073234341 0.016133615747011019 2.6991361531752087 -0.18500433574462319 -0.79704333498629787 0.13544446062017626 0.15009761405829991 -0.34527539107515182 -0.72242442186438838 0.49599664666182913 0.24337262438157048 -1.0338817818251218 -0.34274138630053869 -0.56585684364889866 0.038619106567086094 0.070357014921467995 -0.28998709468481415 0.17060598558602322 -0.060711120894459181 0.40981677977147768 3.356050342960661 -0.10652392642644472 -0.019147286038827573 -0.22698866335880108 -0.27017715862675984 -0.11320417303172434 0.49688502406089735 -0.045908303153769904 0.045553492349681902 -0.17531872514150521
leaf_weight=1518 4074 2945 4018 455 692 3705 1894 3360 513 3417 124 2316 330 879 500 973 1062 131 2048 521 533 425 212 472 271 390 728 530 504 745
leaf_count=1518 4074 2945 4018 455 692 3705 1894 3360 513 3417 124 2316 330 879 500 973 1062 131 2048 521 533 425 212 472 271 390 728 530 504 745
internal_value=0.000571538 -0.00421558 0.00790928 -0.00762523 -0.0011417 -0.000444644 0.00580257 -0.00557434 -0.00219723 0.00728177 -0.00764973 -0.0114307 0.00248579 -0.00326399 -0.00515157 -0.0018764 -0.00385571 -0.000770015 -0.00269278 0.0124069 0.00892891 -0.00843918 -0.00870017 -0.00120603 -0.00336853 0.00333555 0.00418605 -0.00544256 -0.00378299 -0.002052
internal_weight=40285 24380 15905 11558 12822 11705 10833 7512 8000 7491 3956 4046 3342 3556 2605 2677 2092 5395 2450 5072 1054 1117 1730 596 2319 3012 2622 1592 1704 1249
internal_count=40285 24380 15905 11558 12822 11705 10833 7512 8000 7491 3956 4046 3342 3556 2605 2677 2092 5395 2450 5072 1054 1117 1730 596 2319 3012 2622 1592 1704 1249
is_linear=0
shrinkage=0.03


Tree=42
num_leaves=31
num_cat=0
split_feature=24 24 24 14 41 32 14 41 0 32 41 8 41 6 1 41 32 12 28 41 13 18 5 33 13 4 1 28 24 32
split_gain=1521.6 285.508 157.708 95.9911 73.2164 52.5507 51.8638 47.7987 43.6551 43.5034 43.4095 33.5767 28.7686 25.0504 21.5614 30.1227 21.9731 21.1131 20.7677 19.1823 19.1528 26.8602 16.5889 16.2802 15.8367 14.166 14.6746 13.9851 13.9246 13.2421
threshold=104.68750000000001 36.165000000000006 220.72500000000002 97.020000000000024 -5921.6057798285756 140.27500000000003 98.045000000000016 -9281.8123357286222 6.5000000000000009 99.283750000000012 1641.0353057553987 40.193750000000001 8437.1933288623495 21.429074889867849 1.5000000000000002 3905.4187181298516 72.603750000000005 58.415416666666665 30825.875000000004 4544.089198407798 240.94000000000003 1.0000000180025095e-35 40456.250000000007 115.87500000000001 115.22000000000001 348.50000000000006 1.5000000000000002 42161.000000000007 10.450000000000001 156.82500000000002
decision_type=10 8 10 8 8 10 10 8 2 10 8 2 10 2 2 8 10 10 8 10 10 2 2 8 10 2 2 10 10 10
left_child=1 4 5 8 -1 10 19 -5 17 12 13 -8 18 -2 15 -10 -16 -3 -9 -6 21 -4 -12 -20 -11 26 -24 -19 -13 -23
right_child=2 3 20 7 6 -7 11 9 14 24 22 28 -14 -15 16 -17 -18 27 23 -21 -22 29 25 -25 -26 -27 -28 -29 -30 -31
leaf_value=-0.93062783920066683 -0.35754872640302904 -0.5210188636097276 1.3786693805342525 -0.75129175761947986 -0.72719442960674874 0.4629612060109688 0.027336415464343702 0.19218363210548459 -0.66590751930022962 0.080884425489392273 -0.029675560267441267 -0.9523716304170986 0.24232515061542201 0.22479318639293153 -0.20157811275966664 0.025600671821883407 -0.026047056308986356 0.0073941543413415184 -0.087425807375737033 -0.21187650380917317 5.1371060212891715 -0.29958422428048775 0.42511019660271998 -0.0063351561360271086 1.0094617430792294 -0.24056474915062609 0.18273987476165265 -0.15549719814271834 -0.22156137194819947 0.65276729365657504
leaf_weight=2831 611 1110 2275 434 2434 4712 1021 392 324 3208 436 648 324 241 1823 1201 1043 294 3766 234 2120 175 1651 2436 192 163 3198 224 637 378
leaf_count=2831 611 1110 2275 434 2434 4712 1021 392 324 3208 436 648 324 241 1823 1201 1043 294 3766 234 2120 175 1651 2436 192 163 3198 224 637 378
internal_value=0.000589832 -0.00409407 0.00780214 -0.00188797 -0.00883359 0.00580223 -0.0066392 -0.000189714 -0.0049211 0.000220952 0.00400889 -0.003342 -0.00114467 -0.00228605 -0.00336407 -0.000481651 -0.0048971 -0.00911602 -0.00157392 -0.0094867 0.012251 0.0106257 0.00499358 -0.00199742 0.00299912 0.00548175 0.00577423 -0.00410405 -0.00656687 0.00468412
internal_weight=40536 24576 15960 16771 7805 11012 4974 10752 6019 10318 6300 2306 6918 852 4391 1525 2866 1628 6594 2668 4948 2828 5448 6202 3400 5012 4849 518 1285 553
internal_count=40536 24576 15960 16771 7805 11012 4974 10752 6019 10318 6300 2306 6918 852 4391 1525 2866 1628 6594 2668 4948 2828 5448 6202 3400 5012 4849 518 1285 553
is_linear=0
shrinkage=0.03


Tree=43
num_leaves=31
num_cat=0
split_feature=9 9 24 24 18 32 16 17 16 16 5 18 14 23 0 9 6 32 1 0 1 0 5 1 30 11 28 32 8 4
split_gain=1504.2 312.388 162.395 71.0896 63.1867 52.0916 47.0524 41.6686 29.2751 28.1073 25.3845 24.5916 23.8095 22.9572 22.1212 21.546 21.1592 19.9823 18.9076 25.231 18.7757 18.2673 17.2251 16.4465 18.3973 15.929 14.0788 13.8613 13.2577 12.7706
threshold=103.33125000000001 39.992500000000014 244.95000000000002 80.126250000000013 1.0000000180025095e-35 147.62500000000003 2932.6888682360218 8581.8377350000028 5967.1323708235041 6194.6877493118373 45506.250000000007 1.0000000180025095e-35 96.010000000000005 1.5000000000000002 5.5000000000000009 63.701250000000009 8.1114537444933941 70.635000000000005 1.0000000180025095e-35 5.5000000000000009 1.0000000180025095e-35 5.5000000000000009 49902.125000000007 4.5000000000000009 280.32000000000005 49.692500000000003 30825.875000000004 93.80125000000001 17.006250000000005 78.500000000000014
decision_type=10 10 8 10 2 10 10 10 10 10 2 2 10 2 2 10 2 10 2 2 2 2 2 2 10 8 10 10 2 2
left_child=1 4 5 11 6 8 7 12 10 18 -2 13 21 17 -15 -13 29 -3 19 -5 -12 -1 28 -4 -25 -23 -20 -28 -17 -8
right_child=2 3 23 9 -6 -7 16 -9 -10 -11 20 15 -14 14 -16 22 -18 -19 26 -21 -22 25 -24 24 -26 -27 27 -29 -30 -31
leaf_value=-0.55597751367357062 0.095441704504839173 -0.12353202049558624 3.4063300658889193 -0.096574058580549432 -0.94689534014389509 0.48684683472338758 -0.70801552844411697 -0.85867925999505568 -0.082411575656330102 -0.24333735341622015 0.85743101200756366 -0.29349592307627226 0.036343402943240337 -0.086442137137690625 0.15904633381504296 -0.079055205090955954 -0.82091906846832041 -0.016657208347596254 0.25658206791311156 0.30272082167832254 0.21901017244629428 -0.46227194325865367 0.030262626599759236 0.42790243942431955 3.2925521175024337 0.036954827335595013 -0.039360401929590123 0.054915943528599485 -0.3374986402086762 0.22782348763842822
leaf_weight=518 1933 2793 3227 228 2845 5034 129 851 686 839 473 1417 1038 329 506 802 2108 2223 280 859 4051 404 556 316 478 513 2223 1986 847 126
leaf_count=518 1933 2793 3227 228 2845 5034 129 851 686 839 473 1417 1038 329 506 802 2108 2223 280 859 4051 404 556 316 478 513 2223 1986 847 126
internal_value=0.000517738 -0.0041841 0.00760603 -0.0016974 -0.00881402 0.00587904 -0.00698576 -0.00468271 0.00423082 0.000741116 0.00485677 -0.00334864 -0.00271019 -0.00214542 0.00245813 -0.0052912 -0.0102221 -0.0029121 0.00151157 0.00505974 0.00608619 -0.0052124 -0.00343382 0.0128332 0.0089434 -0.0026634 0.000651448 0.00021734 -0.00497273 -0.00205078
internal_weight=40618 24420 16198 15888 8532 12177 5687 3324 7143 6415 6457 9473 2473 5851 835 3622 2363 5016 5576 1087 4524 1435 2205 4021 794 917 4489 4209 1649 255
internal_count=40618 24420 16198 15888 8532 12177 5687 3324 7143 6415 6457 9473 2473 5851 835 3622 2363 5016 5576 1087 4524 1435 2205 4021 794 917 4489 4209 1649 255
is_linear=0
shrinkage=0.03


Tree=44
num_leaves=31
num_cat=0
split_feature=9 9 24 41 41 34 32 18 1 41 32 16 7 14 1 41 5 1 14 41 15 1 1 13 0 7 7 27 32 0
split_gain=1474.77 311.514 143.797 79.571 74.6303 58.3385 48.8011 43.1852 38.5587 33.0629 30.943 30.1884 29.0953 25.5723 22.656 22.2451 22.1 18.8234 16.8469 19.6598 16.4682 16.4617 16.4217 18.5172 16.2273 15.5927 15.2063 14.4702 14.6888 14.1555
threshold=104.79625000000001 38.07500000000001 240.02000000000001 -952.98979690298063 -8613.1138202207021 89.145000000000024 141.55500000000004 1.0000000180025095e-35 1.5000000000000002 10093.469864818015 65.003750000000011 5562.0051106596266 10.206597222222223 80.010000000000005 1.0000000180025095e-35 -3098.7414528579498 40456.250000000007 1.0000000180025095e-35 100.25500000000001 -7967.2037011337443 49.953125000000007 1.5000000000000002 4.5000000000000009 262.4500000000001 5.5000000000000009 7.9392361111111134 5.0434027777777795 31508.544322916667 112.47500000000001 5.5000000000000009
decision_type=10 10 8 8 8 10 10 2 2 10 10 10 2 10 2 8 2 2 10 10 8 2 2 10 2 2 2 10 10 2
left_child=1 3 6 18 -3 8 15 13 -6 11 -10 14 -8 20 24 -2 -17 -18 -1 -20 -5 -15 -4 -24 -7 27 -19 -16 -29 -22
right_child=2 4 22 7 5 9 12 -9 10 -11 -12 -13 -14 21 25 16 17 26 19 -21 29 -23 23 -25 -26 -27 -28 28 -30 -31
leaf_value=-0.89227705839438609 -0.23419089510357807 -0.66329255372962692 3.2921403470177206 -0.72388275608611707 0.0052206413424157458 -0.044614438069137209 0.47427951510060751 -0.95045807113711878 -0.16442255959845428 0.35092864682236319 -0.057158892146636969 -0.20636391201280929 -0.33719896387457032 0.09420104928865225 0.2153396075755897 -0.038157882426469884 0.68972614936127197 0.22376847339608247 -0.88107241941565251 -0.4657972699630486 -0.66610611898958738 -0.40518553253981049 0.55499460054709604 3.7385572132343841 0.4937429045286299 -0.32099029693052644 0.14032519704667493 -0.0066781387687176869 0.1344672952248824 -0.087662803824569119
leaf_weight=2635 345 947 3323 609 2157 200 5282 1090 2378 372 3192 1314 130 794 311 545 555 2041 787 851 182 562 479 360 519 499 2834 3866 704 588
leaf_count=2635 345 947 3323 609 2157 200 5282 1090 2378 372 3192 1314 130 794 311 545 555 2041 787 851 182 562 479 360 519 499 2834 3866 704 588
internal_value=0.000520246 -0.00408808 0.00764014 -0.0089048 -0.0017178 -0.00121833 0.00593966 -0.00575928 -0.00306483 0.000614565 -0.00438341 0.000176018 0.00803067 -0.00374452 0.00106475 0.00414808 0.0045758 0.00515375 -0.0117185 -0.00931666 -0.00661957 -0.000817981 0.0124309 0.00866071 0.0060625 0.000395837 0.00455599 0.000912536 0.000485671 -0.0036965
internal_weight=40451 24557 15894 8098 16459 15512 11732 3825 7727 7785 5570 7413 5412 2735 6099 6320 5975 5430 4273 1638 1379 1356 4162 839 719 5380 4875 4881 4570 770
internal_count=40451 24557 15894 8098 16459 15512 11732 3825 7727 7785 5570 7413 5412 2735 6099 6320 5975 5430 4273 1638 1379 1356 4162 839 719 5380 4875 4881 4570 770
is_linear=0
shrinkage=0.03


Tree=45
num_leaves=31
num_cat=0
split_feature=24 12 24 41 0 34 32 1 32 14 41 7 41 18 23 32 41 6 1 12 18 8 5 6 41 7 4 32 27 12
split_gain=1345.8 225.484 193.775 122.106 74.1604 70.1769 64.5481 43.5353 43.4419 36.3628 36.1104 31.7905 27.8374 24.245 21.9296 21.4118 18.8294 16.3414 15.119 15.099 15.0524 16.5179 14.7823 14.3403 13.7462 13.5456 14.318 13.2545 12.891 12.6455
threshold=95.208750000000009 40.351041666666674 205.73500000000004 -9174.5006458352364 17.500000000000004 96.035000000000011 113.855 1.5000000000000002 65.003750000000011 418.44000000000005 -6001.2337053754554 8.5642361111111143 1454.3448202590337 1.0000000180025095e-35 5.5000000000000009 108.80875000000002 7687.9710689938156 5.6696035242290757 4.5000000000000009 24.694791666666671 1.0000000180025095e-35 103.00625000000001 58903.312500000007 23.944052863436131 13259.921016334762 5.1406250000000027 14.500000000000002 140.27500000000003 31804.515520833334 87.752083333333346
decision_type=10 8 10 8 2 10 10 2 8 10 8 2 8 2 2 10 10 2 2 10 2 2 2 2 10 2 2 10 10 10
left_child=1 4 6 -3 12 7 10 -5 -9 18 -2 27 -1 19 17 24 23 -12 -4 -14 25 -22 -13 -6 -7 -10 -27 -8 -19 -16
right_child=2 3 9 5 16 15 11 8 20 -11 14 22 13 -15 29 -17 -18 28 -20 -21 21 -23 -24 -25 -26 26 -28 -29 -30 -31
leaf_value=-0.8479401497239385 -0.75549035810365972 -0.81879526333864083 0.92761245503019629 0.0040948518266966617 -0.30236148717716788 -0.0058321632111474741 0.19963071632093493 -0.19212331157146098 0.019491499813350258 4.7545763929548448 0.2584587393972036 -0.38032667237368895 -0.68129236518672753 -0.96098205237932854 -0.3549981784191506 0.20163521716754651 0.44454060092322195 0.26664591008849042 0.43155349155459077 -0.078728333509207576 -0.066090328853278243 -0.36343699281179681 0.23929952055887938 0.28303362123078046 0.37474741441428178 0.23653901455298196 -0.099671513628288286 0.42385620144810415 0.069608350678564856 0.055521524400505409
leaf_weight=3181 213 1272 2539 2446 1250 3732 2738 2938 1321 2404 748 311 683 556 393 1234 133 563 787 610 860 630 166 117 84 57 1018 3914 3030 578
leaf_count=3181 213 1272 2539 2446 1250 3732 2738 2938 1321 2404 748 311 683 556 393 1234 133 563 787 610 860 630 166 117 84 57 1018 3914 3030 578
internal_value=0.000569531 -0.00441531 0.00656785 -0.00245495 -0.00909508 -0.00166329 0.00449467 -0.00321325 -0.00444396 0.0111447 0.00206026 0.00638079 -0.0108408 -0.00790541 0.00254658 0.00118194 -0.00323784 0.00345808 0.0091073 -0.00564529 -0.00236172 -0.00472837 -0.00109833 -0.00428728 7.07362e-05 -0.000888611 -0.00338755 0.00691718 0.00261686 -0.00152778
internal_weight=40506 22122 18384 15592 6530 14320 12654 9270 6824 5730 5525 7129 5030 1849 5312 5050 1500 4341 3326 1293 3886 1490 477 1367 3816 2396 1075 6652 3593 971
internal_count=40506 22122 18384 15592 6530 14320 12654 9270 6824 5730 5525 7129 5030 1849 5312 5050 1500 4341 3326 1293 3886 1490 477 1367 3816 2396 1075 6652 3593 971
is_linear=0
shrinkage=0.03


Tree=46
num_leaves=31
num_cat=0
split_feature=9 9 9 41 24 18 32 41 1 7 12 41 7 33 16 0 41 23 27 32 14 41 1 0 5 1 1 32 4 7
split_gain=1367.52 303.721 140.151 78.0213 75.1473 45.6294 44.7676 36.8791 32.6334 30.8771 30.3935 29.0254 28.4763 22.2155 21.6279 21.1731 20.9561 19.2914 18.8233 18.1597 16.9884 16.9714 16.6517 16.0376 15.6917 15.4388 15.1795 22.6588 13.9686 13.3061
threshold=106.08625000000002 38.07500000000001 266.61500000000007 -952.98979690298063 83.023750000000021 1.0000000180025095e-35 147.62500000000003 -9665.5854711850916 1.0000000180025095e-35 8.2309027777777803 25.359479166666667 -2002.5833012954824 8.9531250000000018 119.53375000000001 6268.9166217460543 5.5000000000000009 8437.1933288623495 2.5000000000000004 31508.544322916667 21.471250000000005 97.020000000000024 13654.425545070624 1.0000000180025095e-35 5.5000000000000009 45506.250000000007 4.5000000000000009 1.5000000000000002 64.365000000000023 10.500000000000002 5.8489583333333348
decision_type=10 8 10 8 8 2 10 8 2 2 10 8 2 8 10 2 10 2 8 10 10 10 2 2 2 2 2 10 2 2
left_child=1 3 6 19 7 10 8 -3 15 -8 21 -6 13 26 24 -2 18 -12 -13 -1 -21 -5 23 -20 -10 -4 -9 -28 -14 -24
right_child=2 4 25 5 11 -7 9 12 14 -11 17 16 28 -15 -16 -17 -18 -19 22 20 -22 -23 29 -25 -26 -27 27 -29 -30 -31
leaf_value=-0.88877782909889347 0.035501496036995088 -0.64853261846767385 4.2599781799493561 -0.60595633226878021 -0.24400348029017166 -0.93640567511905792 0.49306665498424707 -0.011067854346985369 0.067381706013409967 0.029374477293113301 -0.21267680237521347 0.19837686280201153 0.21037193755208861 0.032591149021680012 -0.12203824427485897 1.0538067807183953 0.2823719507440029 0.11398998256454533 -0.12880414365258808 -0.65859351051184245 -0.39096616999033451 0.73773849104262634 0.03147879304080746 0.23776255997311352 0.20718075288724519 2.0849842746583542 -0.13411078271713162 -0.05338415847640867 -0.41745807793600392 -0.07953375761905164
leaf_weight=2394 174 565 2492 1122 825 1051 5087 1703 1596 484 1005 523 41 1972 545 631 398 605 158 1125 739 47 2277 693 3819 959 2232 3276 641 1471
leaf_count=2394 174 565 2492 1122 825 1051 5087 1703 1596 484 1005 523 41 1972 545 631 398 605 158 1125 739 47 2277 693 3819 959 2232 3276 641 1471
internal_value=0.000521758 -0.00386281 0.00742684 -0.00863766 -0.00156026 -0.00552858 0.00593094 -0.00312626 0.00428983 0.00792265 -0.00351259 0.00101402 -0.00269866 -0.00225882 0.0035229 0.00995658 0.00179859 -0.000837989 0.00128245 -0.0114323 -0.00920107 -0.00719231 0.000668478 0.00445423 0.0040962 0.0127709 -0.00303037 -0.00379561 -0.00860908 -0.000192051
internal_weight=40650 24863 15787 8088 16775 3830 12336 10430 6765 5571 2779 6345 9865 9183 5960 805 5520 1610 5122 4258 1864 1169 4599 851 5415 3451 7211 5508 682 3748
internal_count=40650 24863 15787 8088 16775 3830 12336 10430 6765 5571 2779 6345 9865 9183 5960 805 5520 1610 5122 4258 1864 1169 4599 851 5415 3451 7211 5508 682 3748
is_linear=0
shrinkage=0.03


Tree=47
num_leaves=31
num_cat=0
split_feature=9 9 9 24 24 1 1 32 14 0 0 17 16 17 16 34 38 16 16 34 1 23 4 5 4 6 0 23 0 11
split_gain=1294.57 308.503 141.821 89.8211 52.0112 48.1431 44.3198 47.4931 37.9829 29.178 28.8436 28.3216 22.4002 20.1852 19.9892 20.0738 19.6593 18.7216 15.7028 15.5523 14.5571 13.7899 13.3313 13.0656 12.8032 12.7766 12.3152 12.8182 20.3491 12.0471
threshold=108.61125000000003 50.385000000000012 286.74500000000006 12.578750000000001 85.673750000000013 4.5000000000000009 1.0000000180025095e-35 147.62500000000003 100.74500000000002 5.5000000000000009 4.5000000000000009 4449.6181450000013 6268.9166217460543 5294.0330050000002 3883.4397859913556 96.035000000000011 -20.084999999999997 5967.1323708235041 6108.2332881863304 111.87500000000001 1.5000000000000002 1.5000000000000002 358.50000000000006 61654.437500000007 16.500000000000004 7.8612334801762138 16.500000000000004 2.5000000000000004 5.5000000000000009 99.50500000000001
decision_type=10 8 10 8 8 2 2 10 10 2 2 10 10 10 10 8 10 10 10 10 2 2 2 2 2 2 2 2 2 10
left_child=1 3 6 13 14 8 10 12 9 -5 -2 18 23 -1 15 20 -10 19 24 -6 -3 25 29 26 -11 -18 27 -8 -29 -16
right_child=2 4 -4 5 17 -7 7 -9 16 11 -12 -13 -14 -15 22 -17 21 -19 -20 -21 -22 -23 -24 -25 -26 -27 -28 28 -30 -31
leaf_value=-0.68763573077543827 0.14916739771785911 0.0043303930708324858 3.8872066027407128 -0.3988890614579384 0.021855006266739991 -0.626312694711611 0.14978784506764056 0.41675605289568457 0.14748150682981878 0.45196241517860114 1.3133737049140075 -0.71697014410809112 -0.10629056888791936 -0.89417727124725011 -0.4375415962669032 0.036337233063073987 0.17705154568895828 -0.14092665370329668 -0.40867477358462934 0.19118708996337588 -0.083755171898540079 0.067126242458126054 0.16525490550001662 0.26726313352741499 -0.062599068380259165 -0.4104738067885183 0.22092924726627977 0.25053116122725727 -0.20481269100505159 -0.025006417736440054
leaf_weight=1506 291 1238 2951 1036 3459 1897 1591 5170 641 85 1103 480 489 1967 1106 1826 101 783 389 1588 4513 374 55 1167 1322 721 1610 236 657 275
leaf_count=1506 291 1238 2951 1036 3459 1897 1591 5170 641 85 1103 480 489 1967 1106 1826 101 783 389 1588 4513 374 55 1167 1322 721 1610 236 657 275
internal_value=0.000509132 -0.00364547 0.00741157 -0.00757557 -0.000859943 -0.00562793 0.00599513 0.00535116 -0.00412136 -0.00603984 0.0110323 -0.00413702 0.00347418 -0.0115242 -0.00228811 -0.0016726 -0.000661045 0.00134797 -0.00240401 0.00201763 -0.00254259 -0.00293233 -0.00553236 0.00404504 -0.000926847 -0.00510328 0.00324542 0.00191952 -0.000956376 -0.00611071
internal_weight=40627 25362 15265 10519 14843 7046 12314 10920 5149 3312 1394 2276 5750 3473 9013 7577 1837 5830 1796 5047 5751 1196 1436 5261 1407 822 4094 2484 893 1381
internal_count=40627 25362 15265 10519 14843 7046 12314 10920 5149 3312 1394 2276 5750 3473 9013 7577 1837 5830 1796 5047 5751 1196 1436 5261 1407 822 4094 2484 893 1381
is_linear=0
shrinkage=0.03


Tree=48
num_leaves=31
num_cat=0
split_feature=9 9 14 41 41 34 14 32 7 18 41 28 16 41 7 28 13 18 15 8 41 38 8 0 0 9 12 18 23 0
split_gain=1237.42 309.625 136.453 78.5952 64.1873 58.6566 42.6266 41.26 35.1231 31.2186 26.6525 26.3858 22.7836 22.1846 21.7237 20.6811 16.3692 22.3596 16.4399 16.0356 15.7807 15.4101 14.9989 14.5345 17.2001 14.2526 14.1051 13.9465 19.6207 14.9675
threshold=108.61125000000003 39.992500000000014 347.71000000000004 -4719.2443628682113 -7560.9004993903991 96.035000000000011 96.010000000000005 150.00500000000002 8.9531250000000018 1.0000000180025095e-35 7687.9710689938156 38972.531250000007 5148.3729106394248 13259.921016334762 7.3072916666666687 32697.312500000004 258.71000000000009 1.0000000180025095e-35 186.80062500000003 236.53750000000005 6901.1088763121488 -3.6274999999999973 438.38750000000005 16.500000000000004 3.5000000000000004 21.365000000000006 59.138125000000009 1.0000000180025095e-35 1.5000000000000002 15.500000000000002
decision_type=10 8 10 8 8 10 10 10 2 2 10 10 10 10 2 10 10 2 10 2 10 10 2 2 2 10 10 2 2 2
left_child=1 3 7 -1 -3 8 10 12 9 11 25 -6 20 15 22 -7 17 18 -4 -8 27 -17 -9 24 26 -5 -11 28 -2 -29
right_child=2 4 16 6 5 13 19 14 -10 23 -12 -13 -14 -15 -16 21 -18 -19 -20 -21 -22 -23 -24 -25 -26 -27 -28 29 -30 -31
leaf_value=-0.78020146935277013 0.17236615241777484 -0.56319092701520113 -0.28761320126340589 -0.77324531401372376 0.02983785146099123 0.24792887682033637 0.035366596432271392 0.51091920600591545 -0.36436094342355674 -0.22166438955529244 0.18629891107713775 -0.053521054983318807 -0.036292192129469214 0.544909122088862 0.20695212097738391 0.091062244765568318 4.6216257134958258 1.0301590457927596 2.0936986916976941 -0.46300226324168076 0.29906353309365075 -0.010151337648081835 0.17692895568596184 -0.023724339425308896 -0.23794636915908882 -0.29078966528573158 0.047653375192778638 -0.025900281415765676 0.87780129735901902 0.2140943596346426
leaf_weight=3229 2933 1134 57 2046 2785 477 895 4072 494 168 195 3095 695 201 819 1970 1944 384 1075 907 761 4051 389 708 1323 1196 331 892 516 611
leaf_count=3229 2933 1134 57 2046 2785 477 895 4072 494 168 195 3095 695 201 819 1970 1944 384 1075 907 761 4051 389 708 1323 1196 331 892 516 611
internal_value=0.000507385 -0.00356522 0.00728365 -0.00823946 -0.00119996 -0.000698859 -0.00596851 0.0057336 -0.00229422 -0.00183688 -0.00792757 -0.000637647 0.00411453 0.00142164 0.00769741 0.00111709 0.0125166 0.0101648 0.012286 -0.00222962 0.00473836 0.000640153 0.00852196 -0.00462268 -0.0060395 -0.00857539 -0.00129 0.00411872 0.00516957 0.00170545
internal_weight=40353 25205 15148 8468 16737 15603 5239 11688 8904 8410 3437 5880 6408 6699 5280 6498 3460 1516 1132 1802 5713 6021 4461 2530 1822 3242 499 4952 3449 1503
internal_count=40353 25205 15148 8468 16737 15603 5239 11688 8904 8410 3437 5880 6408 6699 5280 6498 3460 1516 1132 1802 5713 6021 4461 2530 1822 3242 499 4952 3449 1503
is_linear=0
shrinkage=0.03


Tree=49
num_leaves=31
num_cat=0
split_feature=9 9 9 11 24 7 32 7 1 7 18 18 7 6 23 0 24 0 0 38 17 14 14 5 0 6 4 1 0 27
split_gain=1203.47 302.02 131.553 65.6439 61.8179 45.2778 37.3528 36.1713 31.1636 29.4125 25.4857 25.4221 22.2864 21.9818 19.7758 22.7911 17.6271 16.7422 31.1213 16.4902 16.4294 17.4691 15.951 14.6399 14.4735 14.2892 13.7735 13.5123 17.1984 14.9273
threshold=108.61125000000003 39.992500000000014 286.74500000000006 21.247500000000002 83.023750000000021 8.1267361111111143 151.32125000000002 6.102430555555558 1.0000000180025095e-35 8.9531250000000018 1.0000000180025095e-35 1.0000000180025095e-35 5.0052083333333348 6.8579295154185029 1.5000000000000002 4.5000000000000009 0.90500000000000014 5.5000000000000009 16.500000000000004 -13.199999999999998 8833.738330000002 76.625000000000014 121.48875000000002 40906.250000000007 5.5000000000000009 6.8579295154185029 14.500000000000002 1.0000000180025095e-35 5.5000000000000009 31508.544322916667
decision_type=10 8 10 10 8 2 10 2 2 2 2 2 2 2 2 2 8 2 2 10 10 10 10 2 2 2 2 2 2 10
left_child=1 3 5 16 9 6 8 10 24 11 20 14 -6 -9 19 -16 -1 -13 -19 -3 21 -5 -18 -8 -2 -21 -11 28 -14 -29
right_child=2 4 -4 7 12 -7 23 13 -10 26 -12 17 27 -15 15 -17 22 18 -20 25 -22 -23 -24 -25 -26 -27 -28 29 -30 -31
leaf_value=-0.86035517144572193 0.17127823180141277 0.025810593843073375 3.6315746764173427 -0.20656097272370794 0.080725675018828158 0.024256444177151691 0.24874728765048415 -0.018331764347300064 0.17229017441668126 0.11778545794171251 -0.53921536799198255 -0.032589993235058616 -0.21654794570384217 -0.64990596762548436 -0.085116817807492848 0.16287551017320043 -0.65191050944651863 -0.31644324521085571 -0.033468327689587268 0.01724456974037274 -0.69225909328569823 0.080565964743298718 -0.32790036096579778 0.54391254254877819 1.1292430885266098 -0.093087132614398771 -0.44197299033142234 0.14832279162694759 0.25816195503030342 -0.059777081779498219
leaf_weight=1410 155 1495 2901 627 2683 1198 920 257 5238 59 607 992 162 2178 315 576 1626 1697 936 640 334 1007 348 4105 556 2827 650 279 624 2994
leaf_count=1410 155 1495 2901 627 2683 1198 920 257 5238 59 607 992 162 2178 315 576 1626 1697 936 640 334 1007 348 4105 556 2827 650 279 624 2994
internal_value=0.000496076 -0.00349885 0.00720744 -0.00815128 -0.00119167 0.00583833 0.00644282 -0.00596887 0.00483277 -0.00266637 -0.00348797 -0.00222492 0.00103663 -0.0085899 -0.00100188 0.00311099 -0.0113796 -0.00419884 -0.00544989 -0.00174088 -0.00182834 -0.000587156 -0.00953924 0.00834759 0.0107233 -0.0028763 -0.00855634 -0.000365764 0.00316391 -0.00121411
internal_weight=40396 25323 15073 8394 16929 12172 10974 5010 5949 10187 2575 9478 6742 2435 5853 891 3384 3625 2633 4962 1968 1634 1974 5025 711 3467 709 4059 786 3273
internal_count=40396 25323 15073 8394 16929 12172 10974 5010 5949 10187 2575 9478 6742 2435 5853 891 3384 3625 2633 4962 1968 1634 1974 5025 711 3467 709 4059 786 3273
is_linear=0
shrinkage=0.03


Tree=50
num_leaves=31
num_cat=0
split_feature=24 24 24 12 17 16 16 34 12 0 12 12 18 22 0 23 16 14 27 4 6 5 41 1 1 0 5 26 16 18
split_gain=1116.57 211.093 196.74 74.4415 60.0664 52.4279 46.5513 45.1484 36.882 36.488 31.8374 31.8004 29.6721 22.9593 20.4158 28.8804 20.0344 19.0022 16.6949 17.315 16.6007 14.9291 14.235 13.0568 12.9992 14.8226 12.9455 12.9345 12.5401 18.1319
threshold=95.208750000000009 22.506250000000005 217.79500000000004 57.028750000000002 5113.9672900000014 4655.694721084692 6108.2332881863304 120.06500000000001 105.06604166666669 16.500000000000004 331.09791666666672 25.359479166666667 1.0000000180025095e-35 1.0000000180025095e-35 17.500000000000004 5.5000000000000009 3574.3084075566489 115.59000000000002 39059.104166666679 16.500000000000004 9.125330396475773 61654.437500000007 -9174.5006458352364 1.5000000000000002 3.5000000000000004 5.5000000000000009 39206.250000000007 25929.513750000002 6981.4270279944085 1.0000000180025095e-35
decision_type=8 10 10 10 10 10 10 10 10 2 10 10 2 2 2 2 8 10 10 2 2 2 10 2 2 2 2 10 10 2
left_child=1 4 5 6 11 7 9 24 16 12 13 -1 17 23 15 -9 -5 21 26 -20 -17 -3 -7 -4 25 -2 -18 -22 29 -13
right_child=2 3 10 8 -6 22 -8 14 -10 -11 -12 28 -14 -15 -16 20 18 -19 19 -21 27 -23 -24 -25 -26 -27 -28 -29 -30 -31
leaf_value=-0.64066255642715286 -0.057845873688487183 -0.20879349191439328 1.520254029221314 0.047910256499346812 -0.8053020037855918 -0.83635847505588234 -0.65786484356470465 0.2872174682144113 0.15303035893820735 -0.01049983282867771 4.3890275826091969 0.020826815598585426 -0.48321747556284828 -0.32769592912248713 0.40116436272064532 0.2108581160883817 -0.096258758026254693 0.16482263658063862 0.040698777704616655 -0.11125325876633888 1.298992601773433 0.016770994453262595 -0.025284430350844361 0.58092599237055043 -0.027070473017413547 0.13357892948182326 0.010659135826816879 -0.1685945668138244 -0.63108172462045942 -0.30561579734189115
leaf_weight=1118 429 1766 1101 1767 2543 113 1127 4269 1491 1816 2159 685 1136 85 2501 664 892 288 456 3066 57 346 1427 1798 1137 1921 2255 782 186 1222
leaf_count=1118 429 1766 1101 1767 2543 113 1127 4269 1491 1816 2159 685 1136 85 2501 664 892 288 456 3066 57 346 1427 1798 1137 1921 2255 782 186 1222
internal_value=0.000432593 -0.00410586 0.00588565 -0.00237155 -0.00904952 0.00395835 -0.00487269 0.00463991 -0.00073882 -0.00370446 0.010868 -0.00631849 -0.00547922 0.00885427 0.00584663 0.00486402 -0.00150764 -0.00358601 -0.00226012 -0.00367868 0.00128657 -0.0045717 -0.00124594 0.00930517 0.00177609 0.00304977 -0.000671855 -0.00151786 -0.00413324 -0.00340409
internal_weight=40603 22160 18443 16406 5754 13300 6479 11760 9927 5352 5143 3211 3536 2984 8273 5772 8436 2400 6669 3522 1503 2112 1540 2899 3487 2350 3147 839 2093 1907
internal_count=40603 22160 18443 16406 5754 13300 6479 11760 9927 5352 5143 3211 3536 2984 8273 5772 8436 2400 6669 3522 1503 2112 1540 2899 3487 2350 3147 839 2093 1907
is_linear=0
shrinkage=0.03


Tree=51
num_leaves=31
num_cat=0
split_feature=24 24 24 32 17 41 7 16 34 1 11 14 34 1 18 14 0 7 7 5 7 6 29 0 5 11 26 1 14 41
split_gain=1069.84 257.801 147.911 94.2692 61.8395 49.7553 47.8952 45.4817 47.5286 35.6182 34.406 28.2466 27.8394 21.4769 20.3417 19.563 19.2413 18.431 17.1898 17.12 15.8237 15.7133 15.2507 14.1983 14.1823 14.048 13.9368 13.8817 13.7279 13.2244
threshold=107.69500000000001 22.506250000000005 254.22500000000005 70.00500000000001 5863.0425150000019 82.763009513335433 8.2309027777777803 7445.1163915067746 97.605000000000004 2.5000000000000004 122.03500000000001 80.010000000000005 114.18500000000002 4.5000000000000009 1.0000000180025095e-35 91.975000000000009 17.500000000000004 4.9843750000000018 5.9114583333333348 51339.125000000007 9.1128472222222268 5.9011013215859043 319.21625000000006 10.500000000000002 58903.312500000007 110.87000000000002 36718.608750000007 1.5000000000000002 435.53000000000003 -7869.2067164811097
decision_type=10 8 10 8 10 8 2 10 10 2 10 10 10 2 2 10 2 2 2 2 2 2 10 2 2 10 10 2 10 10
left_child=1 4 6 5 11 15 10 8 17 25 18 23 20 -4 -12 -3 19 -5 -2 28 -11 -13 -15 -1 26 -7 -8 -23 -16 -9
right_child=2 3 13 7 -6 9 24 29 -10 12 14 21 -14 22 16 -17 -18 -19 -20 -21 -22 27 -24 -25 -26 -27 -28 -29 -30 -31
leaf_value=-0.64451527394178887 0.16554987024231266 -0.58274508225924615 3.0596482083739689 0.011249944500549844 -0.78716709110469163 -0.029349919560846371 0.090467658919740471 -0.68216986658158663 0.10966669933790506 -0.1207560345168838 0.41600957025460072 0.15101155511767203 0.070045232553352862 0.34248659808878285 -0.10425046116508696 -0.37787858641704936 0.43157097304468456 -0.085566670404670753 -0.0088861184141373426 0.2894602874766018 -0.5515537709193653 0.05355916402844052 3.2160022401665711 -0.35949902546763629 0.1441267411761592 0.31123222420357349 -0.34662824703942091 -0.41969166917589146 2.5134829974064608 -0.17126686367825239
leaf_weight=998 2292 843 3019 2757 2370 2730 305 322 4348 2365 5032 160 517 354 800 1514 670 2736 991 506 399 309 350 418 453 328 435 1470 84 568
leaf_count=998 2292 843 3019 2757 2370 2730 305 322 4348 2365 5032 160 517 354 800 1514 670 2736 991 506 399 309 350 418 453 328 435 1470 84 568
internal_value=0.000468425 -0.00333598 0.00672607 -0.001687 -0.00893032 -0.00400828 0.00505143 0.000194279 0.000781853 -0.00262382 0.00570596 -0.00630662 -0.00479433 0.0119267 0.00688143 -0.00772901 0.00436681 -0.00107299 0.00316535 0.00235083 -0.00598915 -0.00395103 0.00719149 -0.00952717 -0.000640704 -0.000294214 -0.00319838 -0.00476124 -0.000169492 -0.0062963
internal_weight=40443 25152 15291 19427 5725 8696 11568 10731 9841 6339 10375 3355 3281 3723 7092 2357 2060 5493 3283 1390 2764 1939 704 1416 1193 3058 740 1779 884 890
internal_count=40443 25152 15291 19427 5725 8696 11568 10731 9841 6339 10375 3355 3281 3723 7092 2357 2060 5493 3283 1390 2764 1939 704 1416 1193 3058 740 1779 884 890
is_linear=0
shrinkage=0.03


Tree=52
num_leaves=31
num_cat=0
split_feature=9 9 34 41 41 24 7 18 7 1 0 32 32 1 23 24 41 0 18 0 14 7 41 0 14 23 0 38 16 8
split_gain=1044.8 282.219 133.782 75.9145 64.9235 52.3708 52.0169 42.3521 34.7256 32.99 32.5214 32.2997 31.4414 20.2071 17.999 18.8957 17.9081 17.2724 21.5136 30.3368 16.7642 16.4325 15.8448 18.1694 15.3486 14.1619 26.8255 19.2961 12.4531 12.24
threshold=110.05500000000002 35.091250000000009 293.84000000000009 -4788.968349011403 -9174.5006458352364 83.655000000000015 8.5017361111111125 1.0000000180025095e-35 8.9531250000000018 1.0000000180025095e-35 5.5000000000000009 145.06500000000003 0.50125000000000008 4.5000000000000009 5.5000000000000009 125.27000000000002 7687.9710689938156 16.500000000000004 1.0000000180025095e-35 5.5000000000000009 121.48875000000002 4.5954861111111134 3991.9844644618393 6.5000000000000009 91.975000000000009 1.5000000000000002 5.5000000000000009 -16.666249999999991 5205.1783118534104 442.41875000000005
decision_type=8 10 10 8 8 8 2 2 2 2 2 10 10 2 2 10 10 2 2 2 10 2 8 2 10 2 2 10 10 2
left_child=1 3 6 -1 -3 8 9 12 16 10 -2 28 -5 -4 15 21 17 18 25 24 22 -7 -14 -24 -20 27 -27 -6 -11 -13
right_child=2 4 13 7 5 14 -8 -9 -10 11 -12 29 20 -15 -16 -17 -18 -19 19 -21 -22 -23 23 -25 -26 26 -28 -29 -30 -31
leaf_value=-0.7099874398737579 0.12598072858493536 -0.57926809956817993 4.1655673088797025 -0.70699960563284425 0.03549712267941256 0.091974690809747836 -0.091944894602560501 -0.83568573083066677 -0.3611514453143192 0.16792211831151932 1.3378061125236116 0.3862871951882107 -0.38757971602701141 1.8616103290469554 -0.072926007876255597 0.8693139809384014 0.21157437251955527 0.0081001256563185114 -0.12363506258108295 -0.26139126156953302 0.12957660451826336 0.01002002642858507 -0.55062715351425562 0.096207866877997358 0.052527217618204669 -0.049637105869096879 0.22152218013000485 -0.078953228047413726 -0.043598853990398534 0.1316634784478414
leaf_weight=2944 305 849 2133 875 1094 1691 894 1213 739 4317 966 4583 1008 817 1245 385 263 2372 312 1561 510 3398 373 713 615 362 256 2764 459 430
leaf_count=2944 305 849 2133 875 1094 1691 894 1213 739 4317 966 4583 1008 817 1245 385 263 2372 312 1561 510 3398 373 713 615 362 256 2764 459 430
internal_value=0.000450961 -0.0032322 0.00676283 -0.00806076 -0.00117273 -0.000769434 0.00535006 -0.00568932 -0.00210949 0.00591267 0.0104599 0.00532125 -0.00400431 0.0124839 0.00129241 0.00203288 -0.00162656 -0.00184428 -0.00259727 -0.00483327 -0.00234933 0.00154715 -0.00353699 -0.00102116 -0.000533405 -0.00135358 0.00285945 -0.00202902 0.00355453 0.00700339
internal_weight=40446 25542 14904 7636 17906 17057 11954 4692 10338 11060 1271 9789 3479 2950 6719 5474 9599 9336 6964 2488 2604 5089 2094 1086 927 4476 618 3858 4776 5013
internal_count=40446 25542 14904 7636 17906 17057 11954 4692 10338 11060 1271 9789 3479 2950 6719 5474 9599 9336 6964 2488 2604 5089 2094 1086 927 4476 618 3858 4776 5013
is_linear=0
shrinkage=0.03


Tree=53
num_leaves=31
num_cat=0
split_feature=24 24 24 14 41 41 8 16 14 34 0 6 18 1 16 5 32 4 5 38 1 16 2 10 31 0 13 6 24 41
split_gain=985.687 241.689 137.073 105 62.3121 48.9964 44.8398 41.5799 38.5049 32.831 30.0423 24.8203 22.5137 22.4758 22.073 21.9111 21.2658 18.898 18.7706 17.9905 19.7824 17.7886 23.2478 15.0275 14.9825 14.4609 14.3068 14.0865 13.6045 13.331
threshold=107.69500000000001 16.321250000000003 254.22500000000005 97.020000000000024 -9281.8123357286222 169.57849147021264 253.75625000000002 4655.694721084692 82.641250000000014 116.00500000000001 16.500000000000004 6.1273127753303971 1.0000000180025095e-35 4.5000000000000009 3282.8236341293073 61654.437500000007 62.517500000000005 50.500000000000007 41843.750000000007 -13.649999999999995 1.0000000180025095e-35 5562.0051106596266 1.5000000000000002 61.077500000000008 332.05000000000007 4.5000000000000009 48.045000000000009 9.3537444933920728 342.60500000000008 -5601.5817326071146
decision_type=10 8 10 8 8 8 2 10 10 10 2 2 2 2 10 2 10 2 2 8 2 10 2 10 10 2 10 2 10 10
left_child=1 6 7 5 -5 23 8 15 -1 14 12 -11 25 28 19 16 -2 -18 29 -6 -21 -13 -23 -3 -15 -7 -14 -27 -4 -19
right_child=2 3 13 4 9 10 -8 -9 -10 11 -12 21 26 24 -16 -17 17 18 -20 20 -22 22 -24 -25 -26 27 -28 -29 -30 -31
leaf_value=-0.608104844546699 -0.02427486516371246 -0.55068107915668896 1.0637812122715491 -0.53954194117415633 0.058156045694670623 -0.1251376120945018 -0.74883243259863286 -0.050682605354713105 -0.10365524224807793 0.2716552314516778 -0.0073753608056507502 0.14393099445255042 -0.37919596019687052 0.33176516324483629 -0.21740540141299355 0.34128203273644586 -0.021347136660982782 0.10855254905747472 0.31646398484477356 0.16415875337762201 -0.044962043228524352 0.23044713027835775 -0.24579268572599672 -0.29396864618313001 3.3854235884319612 0.025116060916706002 -0.035539200378367469 -0.10757730014970164 5.1527005093398737 0.31383745726241158
leaf_weight=938 684 1338 1325 697 2188 658 2798 1038 1040 710 2020 2072 902 397 1268 2408 483 1547 5267 591 4752 122 434 594 319 709 241 1259 1653 191
leaf_count=938 684 1338 1325 697 2188 658 2798 1038 1040 710 2020 2072 902 397 1268 2408 483 1547 5267 591 4752 122 434 594 319 709 241 1259 1653 191
internal_value=0.000397476 -0.00323484 0.00640632 -0.0018221 -0.00015894 -0.00458625 -0.00931338 0.00480506 -0.00585144 0.000342313 -0.00320466 0.00287511 -0.00478647 0.0114398 -0.00061875 0.00536717 0.00462498 0.00508746 0.00548316 -1.9915e-06 -0.000940307 0.0015291 -0.0032316 -0.00872219 0.00665272 -0.00325466 -0.00829983 -0.00196546 0.0125881 0.00277746
internal_weight=40643 25331 15312 20555 12834 7721 4776 11618 1978 12137 5789 3338 3769 3694 8799 10580 8172 7488 7005 7531 5343 2628 556 1932 716 2626 1143 1968 2978 1738
internal_count=40643 25331 15312 20555 12834 7721 4776 11618 1978 12137 5789 3338 3769 3694 8799 10580 8172 7488 7005 7531 5343 2628 556 1932 716 2626 1143 1968 2978 1738
is_linear=0
shrinkage=0.03


Tree=54
num_leaves=31
num_cat=0
split_feature=9 9 14 41 41 34 32 18 12 7 7 41 41 41 18 5 16 13 27 18 0 33 32 7 27 16 14 13 5 5
split_gain=954.647 268.684 138.773 67.9532 66.0053 51.0443 45.5873 40.5856 36.9097 34.302 28.0042 22.6568 21.3841 19.7196 19.5197 17.2671 23.3632 15.0875 14.811 14.0567 19.7579 13.9909 13.4672 13.367 13.1019 18.8159 12.8534 12.5636 16.1108 12.5154
threshold=108.61125000000003 30.235000000000003 404.47000000000008 -4719.2443628682113 -5191.9321136371791 95.575000000000003 151.32125000000002 1.0000000180025095e-35 24.694791666666671 7.4392361111111134 10.206597222222223 10093.469864818015 -10905.320984391374 7353.617091189627 1.0000000180025095e-35 45506.250000000007 6268.9166217460543 208.00000000000003 32222.833333333339 1.0000000180025095e-35 17.500000000000004 135.00500000000002 108.80875000000002 9.8107638888888911 39059.104166666679 1099.3954493066965 91.975000000000009 36.395000000000003 59750.562500000007 53503.250000000007
decision_type=10 8 10 8 8 10 10 2 10 2 2 10 10 10 2 2 10 10 10 2 2 10 10 2 10 10 10 10 2 2
left_child=1 3 6 -1 12 9 15 8 13 14 19 22 -3 21 24 -2 18 -4 -17 -8 -21 -5 -7 29 25 -6 -14 -20 -29 -11
right_child=2 4 17 7 5 11 10 -9 -10 23 -12 -13 26 -15 -16 16 -18 -19 27 20 -22 -23 -24 -25 -26 -27 -28 28 -30 -31
leaf_value=-0.6764117521862798 0.038461960785037164 -0.64105155345787579 1.6590968261619254 -0.62564825659952628 0.039739603136861347 0.011030425818328382 0.46607244533073011 -0.83547781359468509 -0.061873815634610342 -0.4599341721826033 -0.30482921971407134 0.31699097583438396 -0.47163296770317431 0.19307724735777682 -0.094463539137936856 0.83158715907344538 -0.063744946428997057 3.7461419278105024 0.38516151456631392 0.18038248319883166 0.55537595819493446 0.23939736366418124 0.14014600683815573 -0.41552210623765623 -0.038956079792126987 -0.22085094431753802 -0.19633647487117001 0.066157589557503366 0.22965570695277576 -0.038721839056386001
leaf_weight=2742 1718 576 390 1121 2583 5143 3877 1062 1722 625 150 436 369 141 2259 614 490 2317 547 1189 561 74 1175 300 2368 569 1394 1742 1554 706
leaf_count=2742 1718 576 390 1121 2583 5143 3877 1062 1722 625 150 436 369 141 2259 614 490 2317 547 1189 561 74 1175 300 2368 569 1394 1742 1554 706
internal_value=0.000432432 -0.00312643 0.00639109 -0.00819612 -0.00124595 -0.000564182 0.00505103 -0.00575831 -0.00400131 -0.00199235 0.00700156 0.00142561 -0.00595513 -0.00774121 -0.0011626 0.00335959 0.0042593 0.0125462 0.0049428 0.00734275 0.00510565 -0.00899247 0.000968508 -0.00594669 -0.000201051 0.00106565 -0.00431122 0.00424948 0.00354868 -0.0046509
internal_weight=40514 25365 15149 6862 18503 16164 12442 4120 3058 9410 5777 6754 2339 1336 7779 6665 4947 2707 4457 5627 1750 1195 6318 1631 5520 3152 1763 3843 3296 1331
internal_count=40514 25365 15149 6862 18503 16164 12442 4120 3058 9410 5777 6754 2339 1336 7779 6665 4947 2707 4457 5627 1750 1195 6318 1631 5520 3152 1763 3843 3296 1331
is_linear=0
shrinkage=0.03


Tree=55
num_leaves=31
num_cat=0
split_feature=11 32 34 41 41 7 34 12 18 1 6 7 0 16 41 12 4 1 41 23 12 0 7 6 34 23 6 31 7 4
split_gain=863.224 274.169 120.085 119.642 78.7044 55.4453 55.1526 55.0857 36.8941 31.1037 26.9678 25.3569 24.7262 24.5903 20.9401 21.696 19.826 19.6166 19.3326 18.4151 18.1572 17.4026 16.5557 15.943 15.7152 14.862 14.643 14.5255 13.9568 15.7917
threshold=118.22500000000001 62.517500000000005 301.63000000000005 -2630.1199087821474 -6344.9923459419106 8.4427083333333375 103.28500000000001 24.694791666666671 1.0000000180025095e-35 1.5000000000000002 6.1273127753303971 5.2656250000000009 17.500000000000004 6981.4270279944085 -11329.566953253896 48.331458333333337 355.50000000000006 4.5000000000000009 10921.775007773575 2.5000000000000004 49.953125000000007 4.5000000000000009 5.9739583333333348 10.8352422907489 56.710000000000008 2.5000000000000004 7.6072687224669613 275.28500000000003 8.175347222222225 16.500000000000004
decision_type=10 8 10 8 8 2 10 10 2 2 2 2 2 10 10 10 2 2 10 2 10 2 2 2 10 2 2 10 2 2
left_child=1 3 5 14 20 8 11 18 13 25 24 -6 -10 16 -1 -16 19 -4 -5 -2 -3 -21 -8 -7 -11 26 -9 -19 -13 -30
right_child=2 4 17 7 6 23 22 9 12 10 -12 28 -14 -15 15 -17 -18 27 -20 21 -22 -23 -24 -25 -26 -27 -28 -29 29 -31
leaf_value=-0.70607510705508547 0.32766882933652663 -0.54981195439850261 4.0074265528567921 -0.62078560861821608 0.011534157024310616 0.10867628174351054 0.13626711081667472 0.063202388256856354 0.017961089891700508 -0.062244269809112747 -0.19560777539707144 -0.062494365144290777 0.34122073743899417 -0.047353093621975116 -0.58066131480848937 -0.42212437623986288 -0.49363352333917743 0.15879166185716598 0.414218586793975 0.16954323202808666 -0.26685599816828448 1.1676869861640227 0.01916227148689998 -0.31092027577851866 0.060400973832114319 0.081045324233471522 -0.16276027035056118 2.3390422437648963 0.14737481817072434 -0.50301827322008497
leaf_weight=1066 5346 648 2000 1536 4494 649 4126 265 1499 233 3382 2889 811 293 1865 1067 143 203 67 188 951 1280 1801 531 649 1130 669 574 53 340
leaf_count=1066 5346 648 2000 1536 4494 649 4126 265 1499 233 3382 2889 811 293 1865 1067 143 203 67 188 951 1280 1801 531 649 1130 669 574 53 340
internal_value=0.000461606 -0.00261475 0.0066589 -0.00602389 4.31288e-05 0.00522018 0.00077824 -0.00388994 0.00597741 -0.00263075 -0.00409379 -0.000883374 0.00267417 0.00702938 -0.0102551 -0.00893965 0.0073879 0.0122192 -0.00885599 0.00761996 -0.00625313 0.010599 0.002958 -0.000914479 0.000577576 0.000392252 -0.00240642 0.00815553 -0.0028876 -0.00818528
internal_weight=40748 27231 13517 11929 15302 10740 13703 7931 9560 6328 4264 7776 2310 7250 3998 2932 6957 2777 1603 6814 1599 1468 5927 1180 882 2064 934 777 3282 393
internal_count=40748 27231 13517 11929 15302 10740 13703 7931 9560 6328 4264 7776 2310 7250 3998 2932 6957 2777 1603 6814 1599 1468 5927 1180 882 2064 934 777 3282 393
is_linear=0
shrinkage=0.03


Tree=56
num_leaves=31
num_cat=0
split_feature=9 9 9 32 18 1 1 32 17 6 0 14 0 16 12 16 0 18 18 16 11 24 4 0 0 8 8 1 0 27
split_gain=890.039 261.878 144.717 52.3887 50.4395 49.3785 42.3548 40.1635 39.5529 36.4062 33.5185 31.3762 30.9582 25.7868 24.2365 22.6314 20.881 18.9036 18.0619 17.4634 15.7767 15.7244 15.5252 14.8731 19.2771 14.7877 11.8761 11.1857 10.9633 10.8047
threshold=106.97500000000001 24.803750000000004 320.68500000000006 86.745000000000019 1.0000000180025095e-35 1.0000000180025095e-35 1.0000000180025095e-35 147.62500000000003 5113.9672900000014 9.8103524229074921 4.5000000000000009 70.535000000000011 4.5000000000000009 3679.2115448713389 86.420260416666693 7720.1267997382374 6.5000000000000009 1.0000000180025095e-35 1.0000000180025095e-35 6268.9166217460543 110.87000000000002 2.7300000000000009 96.500000000000014 17.500000000000004 5.5000000000000009 222.46875000000003 579.24375000000009 4.5000000000000009 13.500000000000002 42851.187500000007
decision_type=10 8 10 10 2 2 2 10 10 2 2 10 2 10 10 10 2 2 2 10 8 10 2 2 2 2 2 2 2 8
left_child=1 4 5 6 8 12 10 19 11 14 -3 16 -2 17 28 18 -1 22 20 -7 -5 -10 -11 24 -20 -19 -9 -4 29 -8
right_child=2 3 27 15 -6 7 9 26 21 13 -12 -13 -14 -15 -16 -17 -18 25 23 -21 -22 -23 -24 -25 -26 -27 -28 -29 -30 -31
leaf_value=-0.6113663802624012 0.096114964001171185 -0.17090536109911084 4.3821701966033881 0.031884405470244771 -0.69344265790558923 0.12003852409734492 -0.01358346290429715 0.34456997535475009 -0.69036800003952581 -0.14585209251112347 0.13282184450467924 -0.066905460457384713 1.1673003435282918 -0.47334394365607629 0.08822511035264255 -0.33996251142345441 -0.27539472438274237 -0.17004058777600128 0.015870230018681326 -0.13796127278518006 0.33113204977583366 -0.52024036046933897 -0.038111665335383835 0.094213354043479566 -0.25279691889975048 -0.56448823112263369 -0.040392061237389212 2.2246825051932393 0.016245456565336446 -0.098059566257907349
leaf_weight=523 311 382 1741 3752 2038 5589 905 5373 800 804 1392 1269 1216 1283 733 482 503 1000 706 536 753 955 2470 563 686 901 231 609 796 1272
leaf_count=523 311 382 1741 3752 2038 5589 905 5373 800 804 1392 1269 1216 1283 733 482 503 1000 706 536 753 955 2470 563 686 901 231 609 796 1272
internal_value=0.000369686 -0.0031431 0.00598962 -0.00139823 -0.00855313 0.00477257 -0.00260323 0.00411125 -0.00661318 -0.00334973 0.00167324 -0.00401786 0.0098462 -0.00470971 -0.000979228 0.00067406 -0.00791626 -0.00376449 0.00114224 0.00243144 0.00218708 -0.0100028 -0.00238168 -0.00126534 -0.00292893 -0.00614353 0.00594648 0.0128499 -0.00218393 -0.00328512
internal_weight=40574 24968 15606 18880 6088 13256 11938 11729 4050 10164 1774 2295 1527 6458 3706 6942 1026 5175 6460 6125 4505 1755 3274 1955 1392 1901 5604 2350 2973 2177
internal_count=40574 24968 15606 18880 6088 13256 11938 11729 4050 10164 1774 2295 1527 6458 3706 6942 1026 5175 6460 6125 4505 1755 3274 1955 1392 1901 5604 2350 2973 2177
is_linear=0
shrinkage=0.03


Tree=57
num_leaves=31
num_cat=0
split_feature=24 24 24 41 12 32 17 41 7 33 0 7 7 7 18 13 1 0 8 22 34 16 1 7 6 7 41 41 5 16
split_gain=788.031 186.748 174.063 77.6611 62.8696 58.9345 49.4828 36.6017 34.8198 35.5771 33.5613 31.438 28.7819 21.658 19.185 18.888 18.2251 23.4796 23.2673 17.1886 17.0163 16.4269 16.3506 15.7056 15.481 14.7465 13.8731 13.825 13.7364 13.273
threshold=93.485000000000014 12.578750000000001 254.22500000000005 -10607.732681651016 40.351041666666674 132.01500000000001 5060.1207300000015 1641.0353057553987 9.9357638888888911 119.53375000000001 16.500000000000004 7.4739583333333348 7.1128472222222241 4.8281250000000018 1.0000000180025095e-35 28.500000000000004 1.0000000180025095e-35 4.5000000000000009 222.46875000000003 1.0000000180025095e-35 115.36500000000002 5891.7438244938066 1.5000000000000002 7.9392361111111134 6.7528634361233495 5.9114583333333348 3905.4187181298516 -7869.2067164811097 40906.250000000007 447.36685737163231
decision_type=10 8 10 8 8 10 10 8 2 10 2 2 2 2 2 10 2 2 2 2 8 10 2 2 2 2 8 10 2 8
left_child=1 6 5 -3 10 7 15 27 9 16 14 28 19 -9 26 29 17 -6 -18 -4 23 -12 -22 -15 -11 -20 -5 -2 -7 -1
right_child=2 3 12 4 8 11 -8 13 -10 24 21 -13 -14 20 -16 -17 18 -19 25 -21 22 -23 -24 -25 -26 -27 -28 -29 -30 -31
leaf_value=0.074888726267297506 -0.87928319928044241 -0.58871552098303748 2.7449596007282202 -0.40799652736722797 -0.086970286161198229 0.15866944645443012 -0.6703321754719016 0.13806734317296601 -0.42073401584550885 0.33374804045044698 0.0098631441125335319 0.019353494024554153 0.50250149796266441 0.0080839356017845879 -0.57815289103390954 0.0019939700940433624 -0.0192205973123626 0.13292574729496731 -0.070893921306084087 -0.31629666405082685 0.31954572727578023 -0.3634986005220181 0.067348152221904906 -0.36730841734428882 0.062742648083536065 -0.2556315682366791 -0.086402118594195082 -0.064069020798060164 0.36705871611218271 -0.56887344117384042
leaf_weight=75 168 834 3087 1015 247 1082 2133 2411 321 538 1119 956 568 1436 776 381 5660 786 1783 62 816 338 2149 264 2727 705 676 1173 4663 1494
leaf_count=75 168 834 3087 1015 247 1082 2133 2411 321 538 1119 956 568 1436 776 381 5660 786 1783 62 816 338 2149 264 2727 705 676 1173 4663 1494
internal_value=0.000354193 -0.00355546 0.0048394 -0.002209 -0.00176222 0.00340896 -0.00933276 0.00173735 -0.000741306 -0.000489275 -0.0050828 0.00550806 0.0106549 0.00259856 -0.00721434 -0.00587391 -0.00144576 0.00230658 -0.00192171 0.0117762 0.00140484 -0.00147119 0.00277647 -0.000987654 0.00219994 -0.00433909 -0.00541667 -0.00280551 0.00634615 -0.00732803
internal_weight=40443 21608 18835 17525 16691 15118 4083 8417 12767 12446 3924 6701 3717 7076 2467 1950 9181 1033 8148 3149 4665 1457 2965 1700 3265 2488 1691 1341 5745 1569
internal_count=40443 21608 18835 17525 16691 15118 4083 8417 12767 12446 3924 6701 3717 7076 2467 1950 9181 1033 8148 3149 4665 1457 2965 1700 3265 2488 1691 1341 5745 1569
is_linear=0
shrinkage=0.03


Tree=58
num_leaves=31
num_cat=0
split_feature=24 14 24 41 33 14 17 7 33 5 7 0 0 18 30 14 7 4 5 41 15 4 18 6 6 0 23 0 5 11
split_gain=777.447 195.383 170.713 70.1635 63.0598 57.7469 50.9256 41.5812 33.3017 28.452 27.4008 22.6617 22.3539 25.5485 22.248 20.2768 19.4505 20.3362 18.7088 16.4799 16.1456 15.2056 14.7018 14.5415 14.1533 13.7924 13.6362 19.0852 12.5025 12.4741
threshold=89.001250000000013 347.71000000000004 12.578750000000001 -10607.732681651016 146.65375000000003 75.593750000000014 5113.9672900000014 8.2309027777777803 129.00500000000002 54501.000000000007 4.7517361111111134 15.500000000000002 17.500000000000004 1.0000000180025095e-35 303.36000000000007 75.593750000000014 8.5642361111111143 14.500000000000002 57001.187500000007 -6001.2337053754554 69.477291666666687 358.50000000000006 1.0000000180025095e-35 6.5592511013215873 8.5955947136563911 4.5000000000000009 2.5000000000000004 5.5000000000000009 36766.687500000007 56.160000000000004
decision_type=8 10 10 8 10 10 10 2 8 2 2 2 2 2 10 10 2 2 2 8 8 2 2 2 2 2 2 2 2 10
left_child=2 4 6 -4 10 9 15 12 16 11 -2 -5 13 26 22 -1 21 -18 -9 -12 29 -7 -3 -10 -24 -15 -6 -28 -21 -11
right_child=1 14 3 5 7 8 -8 18 23 20 19 -13 -14 25 -16 -17 17 -19 -20 28 -22 -23 24 -25 -26 -27 27 -29 -30 -31
leaf_value=-0.56758306932375491 0.093219392462641215 1.0442903697837527 -0.57216215351121857 -0.46156978731109816 0.2320691371617343 -0.043890978950112042 -0.65186264565111096 -0.37125500459287281 0.48550761024053724 -0.036191891494284291 -0.52061179800598645 -0.1700011108874129 0.40914037416717203 0.36552761991176219 3.7171149065321436 -0.25153930347670489 0.14161123968842004 -0.55278510239392176 0.15012939845659787 -0.32729758585723301 -0.18527215386092977 0.21378982163853194 1.2322775714460321 0.071766464016040601 -0.55011243824747669 -0.040027473077308855 0.21342325968604589 1.7586426485325675 0.012596375445636524 0.063951274183183637
leaf_weight=687 2599 1093 817 1413 3362 8869 2153 559 341 547 254 888 2881 402 2057 1282 71 484 517 148 296 125 112 2027 204 1047 254 425 4184 402
leaf_count=687 2599 1093 817 1413 3362 8869 2153 559 341 547 254 888 2881 402 2057 1282 71 484 517 148 296 125 112 2027 204 1047 254 425 4184 402
internal_value=0.000322955 0.00451067 -0.00380238 -0.00242123 0.00315998 -0.00196812 -0.0092554 0.00477085 -0.000967864 -0.00532845 0.00104161 -0.00730452 0.00548435 0.00435986 0.0109893 -0.00576396 -0.00175759 -0.00720324 -0.000779944 -0.000353172 -0.00167335 -0.00142079 0.00807447 0.00221612 0.00236593 0.000941379 0.00558511 0.00946324 8.30833e-05 0.000236842
internal_weight=40500 20098 20402 16280 16632 15463 4122 9447 11917 3546 7185 2301 8371 5490 3466 1969 9549 555 1076 4586 1245 8994 1409 2368 316 1449 4041 679 4332 949
internal_count=40500 20098 20402 16280 16632 15463 4122 9447 11917 3546 7185 2301 8371 5490 3466 1969 9549 555 1076 4586 1245 8994 1409 2368 316 1449 4041 679 4332 949
is_linear=0
shrinkage=0.03


Tree=59
num_leaves=31
num_cat=0
split_feature=9 9 9 41 41 1 32 6 0 14 32 1 41 14 28 12 1 18 1 0 0 11 32 16 4 6 0 14 41 16
split_gain=745.564 254.879 132.621 81.3001 57.9063 47.5321 43.8412 36.6849 34.1514 30.9497 29.2674 28.2137 23.6043 19.794 17.9883 15.8155 14.5828 14.419 14.1741 13.8353 27.0437 13.3515 12.6157 12.5776 11.766 11.5335 11.5072 10.8436 12.6352 10.2055
threshold=110.05500000000002 21.365000000000006 343.51500000000004 -9665.5854711850916 -3723.7185914753459 1.0000000180025095e-35 65.003750000000011 9.206387665198239 5.5000000000000009 91.975000000000009 152.78500000000003 1.0000000180025095e-35 3991.9844644618393 168.10000000000002 37897.937500000007 86.157447916666669 4.5000000000000009 1.0000000180025095e-35 1.5000000000000002 16.500000000000004 5.5000000000000009 16.278750000000006 21.471250000000005 12524.676816973219 32.500000000000007 18.254625550660801 6.5000000000000009 418.44000000000005 10360.787123015833 2988.5299402047335
decision_type=10 8 10 8 8 2 10 2 2 10 10 2 10 10 8 10 2 2 2 2 2 10 10 10 2 2 2 10 10 10
left_child=1 4 5 -3 -1 8 7 14 -2 17 23 -9 13 16 -5 26 25 21 -11 20 -18 -6 -20 27 -17 29 -16 28 -7 -8
right_child=2 3 -4 6 9 10 12 11 -10 18 -12 -13 -14 -15 15 24 19 -19 22 -21 -22 -23 -24 -25 -26 -27 -28 -29 -30 -31
leaf_value=-0.60184800399917016 0.10245422480456141 -0.4899415464665966 3.9460850619026528 0.230779460195569 -0.70437274100766278 0.083469783902890102 0.0023032715409922844 0.03998405757505253 1.1848197309430424 0.061301502892344643 0.30534513994354101 -0.22615028343844626 0.13507084686241569 0.22976939909019378 -0.077145899633502102 0.22566851840346758 0.0041249590694280866 -0.77805443961629295 -0.78434881332060002 0.030113548870831151 -0.27004456601493132 -0.3094689567760639 -0.11943105415217126 -0.57983825378481613 0.0088092361758963025 0.045992806735648199 0.0052811212244841949 0.83481666423207168 0.27420519377682151 -0.16033003008047883
leaf_weight=2538 357 1063 1991 276 368 5071 3367 771 1135 612 5316 3855 1191 761 972 167 866 585 269 937 1003 955 285 93 256 2465 1235 339 506 929
leaf_count=2538 357 1063 1991 276 368 5071 3367 771 1135 612 5316 3855 1191 761 972 167 866 585 269 937 1003 955 285 93 256 2465 1235 339 506 929
internal_value=0.00028938 -0.00279745 0.00565197 -0.00121999 -0.00845003 0.0045323 -0.000769211 -0.00254879 0.00956463 -0.00567805 0.00386853 -0.00420791 0.000394531 -6.68022e-05 9.28793e-05 -0.000672748 -0.000437395 -0.00803038 -0.00182519 -0.00225508 -0.00374599 -0.00628776 -0.0052973 0.00243344 0.00463443 0.000317214 -0.00169158 0.00260605 0.00228845 -0.000621364
internal_weight=40534 25726 14808 20114 5612 12817 19051 7532 1492 3074 11325 4626 11519 10328 2906 2630 9567 1908 1166 2806 1869 1323 554 6009 423 6761 2207 5916 5577 4296
internal_count=40534 25726 14808 20114 5612 12817 19051 7532 1492 3074 11325 4626 11519 10328 2906 2630 9567 1908 1166 2806 1869 1323 554 6009 423 6761 2207 5916 5577 4296
is_linear=0
shrinkage=0.03


Tree=60
num_leaves=31
num_cat=0
split_feature=9 14 24 41 34 12 7 41 9 7 16 14 7 41 0 18 18 23 25 38 25 0 0 11 13 0 14 6 0 4
split_gain=729.428 206.795 162.856 87.0193 66.8082 48.7702 32.679 27.9505 27.5279 26.8299 23.0282 22.7512 22.6425 22.1294 20.6916 20.8318 20.6798 32.1809 20.2374 19.8582 19.5423 24.4338 17.9221 16.1364 16.0882 15.9524 16.5357 15.7979 13.3263 13.0742
threshold=83.043750000000017 347.71000000000004 1.7025000000000001 -5921.6057798285756 142.93500000000003 24.694791666666671 9.7031250000000036 8671.3491436982094 367.71000000000009 8.5017361111111125 5338.7495466365281 82.641250000000014 5.6267361111111134 -11678.402675864125 17.500000000000004 1.0000000180025095e-35 1.0000000180025095e-35 1.5000000000000002 62.693593750000012 -29.197499999999991 45.749375000000008 5.5000000000000009 16.500000000000004 103.92625000000001 49.975000000000009 8.5000000000000018 74.02000000000001 7.6072687224669613 5.5000000000000009 188.50000000000003
decision_type=8 10 8 8 10 10 2 10 10 2 10 10 2 10 2 2 2 2 10 8 8 2 2 10 10 2 8 2 2 2
left_child=2 4 25 11 12 7 16 22 -3 10 14 -4 23 -13 15 -6 17 19 24 -7 -19 -22 -5 -2 -18 26 -1 -21 -17 -15
right_child=1 8 3 5 9 6 -8 -9 -10 -11 -12 13 -14 29 -16 28 18 20 -20 27 21 -23 -24 -25 -26 -27 -28 -29 -30 -31
leaf_value=-0.67809180299488037 0.032079837209785182 0.99189364777807831 -0.52274311987498123 -0.5248113286874504 0.30120762674513429 0.097278690489330868 -0.36746050180733258 0.41699205463348843 4.3564659957323011 -0.032510374774558669 -0.05992096800266971 -0.56029592882869261 -0.019079109773989841 -0.41373606532342416 0.48111572433407529 0.39932457266653243 -0.082456986617880118 0.28063148370407681 -0.38557317673207231 0.025566112288516827 -0.1218072217333362 0.12358495661034723 -0.23583715513791503 0.15683883675927177 0.071992024999206025 -0.62490217570392492 -0.030644984273283632 -0.074680321486975523 -0.0096319942756821313 -0.096823492842566666
leaf_weight=166 4105 1824 877 1171 3367 1107 548 179 1677 743 474 507 4081 590 2280 470 1345 288 1084 972 375 1407 719 1849 428 1902 210 3860 1049 889
leaf_count=166 4105 1824 877 1171 3367 1107 548 179 1677 743 474 507 4081 590 2280 470 1345 288 1084 972 375 1407 719 1849 428 1902 210 3860 1049 889
internal_value=0.000320763 0.00402988 -0.00404456 -0.00299688 0.00275911 -0.00198791 -0.00121945 -0.00622464 0.0107125 0.00473581 0.00526502 -0.00774616 0.00110751 -0.00596376 0.00568857 0.00458564 -0.000858563 -7.6779e-05 -0.00304934 -0.00119949 0.00314341 0.00196859 -0.00729773 0.00228715 -0.00107384 -0.0115577 -0.00588859 -0.0020298 0.00166776 -0.00410473
internal_weight=40543 21919 18624 16346 18418 13483 11414 2069 3501 8383 7640 2863 10035 1986 7166 4886 10866 8009 2857 5939 2070 1782 1890 5954 1773 2278 376 4832 1519 1479
internal_count=40543 21919 18624 16346 18418 13483 11414 2069 3501 8383 7640 2863 10035 1986 7166 4886 10866 8009 2857 5939 2070 1782 1890 5954 1773 2278 376 4832 1519 1479
is_linear=0
shrinkage=0.03


Tree=61
num_leaves=31
num_cat=0
split_feature=9 9 24 33 41 14 1 17 1 41 1 32 32 14 0 33 14 8 6 6 0 6 1 4 0 18 28 28 5 0
split_gain=697.731 195.305 159.782 81.3889 57.6845 45.8415 35.7504 34.4912 25.3471 27.563 24.061 19.6693 19.055 18.5471 17.7984 16.1534 15.9998 16.9742 15.7626 15.3355 14.85 14.556 13.6376 13.3821 12.651 14.6762 15.8796 12.5507 12.0568 11.9547
threshold=83.043750000000017 320.68500000000006 12.578750000000001 155.11500000000004 -10905.320984391374 58.040000000000013 1.5000000000000002 6898.2695599999997 1.5000000000000002 4777.0767144197898 1.0000000180025095e-35 113.855 68.52500000000002 117.40500000000002 15.500000000000002 126.73375000000001 82.641250000000014 17.006250000000005 5.6696035242290757 10.695154185022028 4.5000000000000009 6.4552863436123351 3.5000000000000004 56.500000000000007 17.500000000000004 1.0000000180025095e-35 29158.125000000004 34271.375000000007 50154.875000000007 4.5000000000000009
decision_type=10 10 8 10 8 8 2 10 2 8 2 10 10 10 2 10 10 2 2 2 2 2 2 2 2 2 10 10 2 2
left_child=2 3 7 10 -4 14 -5 16 9 13 29 18 19 -7 -6 20 28 -18 -12 -10 -11 -8 -3 -22 25 26 -23 -20 -1 -2
right_child=1 22 4 6 5 8 21 -9 12 15 11 -13 -14 -15 -16 -17 17 -19 27 -21 23 24 -24 -25 -26 -27 -28 -29 -30 -31
leaf_value=-0.58068769271510434 -0.013587418888608482 4.2688639491092433 -0.54950938248378645 0.58760286659072092 -0.52541219262678984 -0.27671658368551005 0.3474259334263064 -0.59748334679409854 -0.047449554466196128 -0.068013914640228809 0.062090952542931462 0.085149144823935569 -0.027586621142350793 0.15285976087144973 -0.17128603751251009 0.54526591440912819 -0.011339811104015388 -0.55067037202351699 0.051964290007056983 -0.25527699405848647 -0.043378447379184025 0.51202477839146099 2.2244264064978347 0.097706541123064872 0.28267445919478112 -0.036595156399293102 0.1175740749915036 -0.056822958069781604 -0.27801627683535124 0.32209020704951569
leaf_weight=802 237 1276 703 2595 742 1092 1605 1817 2155 508 940 2890 3814 473 552 409 496 569 934 2383 389 506 1019 1468 1828 1392 1797 4028 176 802
leaf_count=802 237 1276 703 2595 742 1092 1605 1817 2155 508 940 2890 3814 473 552 409 496 569 934 2383 389 506 1019 1468 1828 1392 1797 4028 176 802
internal_value=0.000300386 0.00393295 -0.00397865 0.00296088 -0.00255089 -0.00212891 0.00490693 -0.00940948 -0.00158013 0.000279954 0.0010359 0.000525418 -0.00254639 -0.0029023 -0.00750579 0.00207568 -0.00672945 -0.00417917 -0.000467559 -0.00385988 0.00112215 0.00380839 0.0122104 0.00236545 0.00307657 0.00206575 0.00353516 -0.00114245 -0.00949949 0.00535096
internal_weight=40397 21849 18548 19554 14688 13985 9723 3860 12691 4339 9831 8792 8352 1565 1294 2774 2043 1065 5902 4538 2365 7128 2295 1857 5523 3695 2303 4962 978 1039
internal_count=40397 21849 18548 19554 14688 13985 9723 3860 12691 4339 9831 8792 8352 1565 1294 2774 2043 1065 5902 4538 2365 7128 2295 1857 5523 3695 2303 4962 978 1039
is_linear=0
shrinkage=0.03


Tree=62
num_leaves=31
num_cat=0
split_feature=9 9 9 41 41 7 7 34 18 12 24 41 41 28 22 38 33 4 6 18 28 13 41 5 39 4 28 5 23 8
split_gain=675.857 233.911 132.795 70.6074 61.9201 45.5346 39.5514 34.2046 34.0453 30.5661 27.5508 19.2519 19.0334 18.5741 18.2635 16.0519 15.5609 15.5061 15.0455 14.7096 22.9545 14.0937 16.2508 17.5453 14.578 13.8005 13.6238 13.1123 12.2312 13.1361
threshold=108.61125000000003 21.365000000000006 343.51500000000004 -9665.5854711850916 -6429.3584651195806 7.9843750000000027 9.4340277777777803 88.715000000000018 1.0000000180025095e-35 26.085208333333338 202.95250000000001 -952.98979690298063 13259.921016334762 32100.940468750003 1.0000000180025095e-35 -2.2400000000000051 124.61625000000002 18.500000000000004 8.9114537444933948 1.0000000180025095e-35 38972.531250000007 33.412500000000001 7687.9710689938156 45400.437500000007 -23.123749999999998 10.500000000000002 40313.115000000005 58903.312500000007 2.5000000000000004 473.18125000000015
decision_type=10 8 10 8 8 2 2 10 2 10 8 8 10 10 2 10 10 2 2 2 10 10 8 2 10 2 10 2 2 2
left_child=1 4 5 -3 -1 10 7 11 9 16 21 -5 13 -9 -12 -15 -6 -8 26 20 -13 -2 -23 -24 -25 -22 -17 -7 29 -11
right_child=2 3 -4 6 8 27 17 12 -10 28 14 19 -14 15 -16 18 -18 -19 -20 -21 25 22 23 24 -26 -27 -28 -29 -30 -31
leaf_value=-0.55659528932198876 0.31172289349735405 -0.45612283110367852 3.6465081340396512 -0.28139261115497693 -0.50253411572303697 -0.20000748622137798 0.1426211941646813 0.20895675401783279 -0.67451655059981908 -0.06572193771803185 0.58665596726239555 0.037397601963699359 0.47313373375081319 0.062931353280213501 -0.53031268153027988 0.39348606404458419 0.090407459409412888 -0.3760520275311372 -0.07871617410141396 -0.085063916206604376 0.14684147416899462 -0.01073229690769807 0.06178208824104274 0.41752660340078673 0.14820564817312359 -0.049703119086607329 0.012488570880501442 0.099004208423012649 0.14691525327724442 -0.59215890141667105
leaf_weight=1850 1495 1030 1988 1374 1185 830 98 542 971 653 3341 2406 220 3071 72 193 132 785 3604 2143 134 943 1809 1263 2926 2551 1517 600 470 289
leaf_count=1850 1495 1030 1988 1374 1185 830 98 542 971 653 3341 2406 220 3071 72 193 132 785 3604 2143 134 943 1809 1263 2926 2551 1517 600 470 289
internal_value=0.000277503 -0.00273841 0.00525904 -0.00120342 -0.00817691 0.00417583 -0.000780621 -0.000472235 -0.00593353 -0.00421429 0.00478608 -0.00182948 0.000805094 0.000589718 0.00706063 0.000241474 -0.0075 -0.00697398 -0.00075635 -0.00121078 -0.000332875 0.00386512 0.00329516 0.00387065 0.00493675 -0.00223939 0.00156049 -0.000880503 -0.0011465 -0.00311771
internal_weight=40485 25218 15267 19668 5550 13279 18638 17755 3700 2729 11849 8608 9147 8927 3413 8385 1317 883 5314 7234 5091 8436 6941 5998 4189 2685 1710 1430 1412 942
internal_count=40485 25218 15267 19668 5550 13279 18638 17755 3700 2729 11849 8608 9147 8927 3413 8385 1317 883 5314 7234 5091 8436 6941 5998 4189 2685 1710 1430 1412 942
is_linear=0
shrinkage=0.03


Tree=63
num_leaves=31
num_cat=0
split_feature=9 12 9 34 41 41 7 18 7 41 12 11 7 16 7 6 18 18 23 11 0 11 18 28 38 40 32 6 0 0
split_gain=657.336 182.986 155.436 72.1181 56.2769 42.804 30.9632 30.94 27.8436 27.0281 24.3306 23.6327 19.9871 19.1247 18.2542 33.4514 17.3964 16.7297 30.5795 14.3812 14.2254 15.0502 13.7895 13.7801 13.1159 12.3204 11.6469 11.3137 12.7783 11.2807
threshold=82.471250000000012 302.37062500000008 21.365000000000006 145.64500000000001 -3801.4259336516147 -10607.732681651016 7.6163194444444473 1.0000000180025095e-35 9.5156250000000018 8437.1933288623495 26.085208333333338 100.00125000000001 4.9079861111111134 4655.694721084692 5.2482638888888902 9.6625550660792978 1.0000000180025095e-35 1.0000000180025095e-35 2.5000000000000004 14.426250000000001 17.500000000000004 136.46500000000003 1.0000000180025095e-35 26142.937500000004 8.1974999999999927 -32.154999999999994 67.725000000000009 5.5458149779735697 7.5000000000000009 4.5000000000000009
decision_type=10 10 8 10 8 8 2 2 2 10 10 8 2 10 2 2 2 2 2 10 2 10 2 10 10 10 10 2 2 2
left_child=2 3 4 9 -1 -4 13 10 11 12 19 14 -2 17 26 -16 -3 18 -5 -6 21 -19 -13 -14 -23 -18 -7 -8 -29 -20
right_child=1 16 5 6 7 8 27 -9 -10 -11 -12 22 23 -15 15 -17 25 20 29 -21 -22 24 -24 -25 -26 -27 -28 28 -30 -31
leaf_value=-0.53159062325115236 0.060660528617255946 3.4595473676791375 -0.46584688710510908 0.28905223131555613 -0.61838995552239218 -0.063575747712315042 0.44895531924446941 -0.71465757521380857 -0.31230610811881576 0.18578305613984128 -0.040284587438847018 0.18395620303193239 0.64530306849236085 -0.056693410615173856 -0.0039078598557710006 -0.18962508050909335 -0.4962256435821405 0.43352145429215877 0.28112721535849944 -0.29313356330018558 0.47573017418807922 0.12725726366950568 -0.11913542569143373 -0.026704218543451431 -0.17175092043948084 1.7029362057169555 0.019774609484175656 -0.40776483311998801 0.068845653062120107 1.5592445944067825
leaf_weight=2541 3979 1819 672 4124 344 2161 218 792 657 852 1150 1157 85 391 2112 3375 113 498 167 793 634 538 336 5486 396 652 2486 250 980 692
leaf_count=2541 3979 1819 672 4124 344 2161 218 792 657 852 1150 1157 85 391 2112 3375 113 498 167 793 634 538 336 5486 396 652 2486 250 980 692
internal_value=0.000214333 0.00373851 -0.00393551 0.00273392 -0.00810176 -0.00212781 0.00471819 -0.00537175 -0.00172405 0.00103816 -0.00359921 -0.00138416 0.000581091 0.00549926 -0.00190331 -0.00307489 0.011234 0.00585745 0.00679876 -0.00670914 0.00358491 0.00192603 0.00213855 -0.000578787 -0.000320856 0.00742167 -0.000519578 0.000703934 -0.000414297 0.0119477
internal_weight=40450 21874 18576 19290 5620 12956 8888 3079 12284 10402 2287 11627 9550 7440 10134 5487 2584 7049 4983 1137 2066 1432 1493 5571 934 765 4647 1448 1230 859
internal_count=40450 21874 18576 19290 5620 12956 8888 3079 12284 10402 2287 11627 9550 7440 10134 5487 2584 7049 4983 1137 2066 1432 1493 5571 934 765 4647 1448 1230 859
is_linear=0
shrinkage=0.03


Tree=64
num_leaves=31
num_cat=0
split_feature=9 9 9 41 41 1 14 1 32 8 32 16 5 8 12 8 2 34 4 5 24 41 5 4 13 2 33 16 8 1
split_gain=609.875 234.939 128.159 63.3238 56.4047 46.2991 35.0618 33.4249 30.7769 23.5506 22.029 21.3564 21.3182 18.0729 17.6593 17.3753 17.3066 16.5989 16.9573 15.7454 14.2392 13.069 13.0246 12.9314 11.9326 14.329 15.9316 11.4166 10.8664 10.7566
threshold=108.61125000000003 21.365000000000006 353.44500000000005 -6179.6370395720542 -5106.0077944272844 1.0000000180025095e-35 91.975000000000009 1.0000000180025095e-35 65.003750000000011 0.11250000000000002 155.27500000000003 5688.1073892065997 46906.187500000007 393.43750000000011 87.368645833333332 0.11250000000000002 1.5000000000000002 76.635000000000005 186.50000000000003 49706.250000000007 1.0000000180025095e-35 6901.1088763121488 36766.687500000007 348.50000000000006 68.936250000000015 11.500000000000002 142.02000000000001 7522.3623440310776 230.68125000000001 3.5000000000000004
decision_type=10 8 10 8 8 2 10 2 8 2 10 10 2 2 10 2 2 10 2 2 10 8 2 2 10 2 10 10 2 2
left_child=1 4 5 11 -1 15 19 9 12 -5 21 17 -9 22 -14 -2 -16 -3 -19 -6 -8 -7 -10 28 25 26 27 -24 -23 -15
right_child=2 3 -4 7 6 10 20 8 13 -11 -12 -13 14 29 16 -17 -18 18 -20 -21 -22 23 24 -25 -26 -27 -28 -29 -30 -31
leaf_value=-0.51908839000564355 0.31530513784674297 -0.36827622848371405 3.6752607635432946 -0.0093101094754234736 -0.58806869302174813 -0.013784964101068553 -0.69068351604986655 -0.31846419319786856 -0.077774397757251562 0.19435682984734895 0.2710507451714696 -0.47158452454490551 -0.058670593201956861 -0.019090850925634797 0.24962783691583268 1.3891142216640975 0.017169908444880234 -0.41602968311419436 0.075877323889571288 -0.27612373874404367 -0.023276994870415988 0.16351158395419957 0.011808746799557212 -0.23894406592140627 0.068444837327915592 -0.11663264744251996 0.26294458269008586 -0.27898814321929577 0.020645145672540933 -0.18143155610105849
leaf_weight=2251 772 363 1838 1175 1494 1438 192 1639 943 1309 5236 1025 3354 802 129 806 497 316 625 607 1090 3849 4018 235 1546 468 723 214 1073 606
leaf_count=2251 772 363 1838 1175 1494 1438 192 1639 943 1309 5236 1025 3354 802 129 806 497 316 625 607 1090 3849 4018 235 1546 468 723 214 1073 606
internal_value=0.000228503 -0.00261984 0.00497082 -0.00107832 -0.00802307 0.0039519 -0.00557181 -0.000457128 -0.000992972 0.00276459 0.00330756 -0.00572318 -0.00274644 6.43708e-05 -0.00155991 0.00877771 0.0030622 -0.00317241 -0.00106688 -0.00795671 -0.00166017 0.00215358 0.000621762 0.00285867 0.00106958 0.000406527 0.000880751 0.000177179 0.00318708 -0.003066
internal_weight=40633 25386 15247 19752 5634 13409 3383 17423 14939 2484 11831 2329 5619 9320 3980 1578 626 1304 941 2101 1282 6595 7912 5157 6969 5423 4955 4232 4922 1408
internal_count=40633 25386 15247 19752 5634 13409 3383 17423 14939 2484 11831 2329 5619 9320 3980 1578 626 1304 941 2101 1282 6595 7912 5157 6969 5423 4955 4232 4922 1408
is_linear=0
shrinkage=0.03


Tree=65
num_leaves=31
num_cat=0
split_feature=9 9 9 41 41 7 18 1 33 12 12 7 7 33 1 41 16 7 41 17 36 23 4 32 7 24 32 4 25 1
split_gain=602.624 225.047 114.628 71.2498 60.5316 40.8018 35.0792 32.5967 32.1104 28.4484 28.1476 26.1482 19.1131 19.0369 16.4921 15.7635 16.4691 15.5358 15.0606 14.1609 13.7999 12.8898 12.8541 12.4175 12.3143 12.1365 11.1467 11.1345 12.4336 11.1034
threshold=112.75875000000001 21.365000000000006 320.68500000000006 -9665.5854711850916 -6429.3584651195806 5.5329861111111134 1.0000000180025095e-35 1.0000000180025095e-35 127.94750000000001 57.817291666666669 26.085208333333338 5.6857638888888902 7.2760416666666687 117.69500000000001 1.5000000000000002 7884.6151575523008 7606.8362213053178 9.9357638888888911 2171.4324529777227 1837.2556150000003 1.2999999999999987 2.5000000000000004 32.500000000000007 211.33000000000001 8.4427083333333375 147.31000000000003 2.6150000000000007 154.50000000000003 87.609322916666684 4.5000000000000009
decision_type=10 8 10 8 8 2 2 2 10 10 10 2 2 10 2 10 10 2 8 10 10 2 2 10 2 10 10 2 10 2
left_child=1 4 7 -3 -1 8 10 25 19 15 13 23 29 -6 -11 16 22 20 -10 27 -13 26 -7 -9 -24 -2 -12 28 -5 -4
right_child=2 3 12 5 6 9 -8 11 18 14 21 17 -14 -15 -16 -17 -18 -19 -20 -21 -22 -23 24 -25 -26 -27 -28 -29 -30 -31
leaf_value=-0.51053879669721369 0.15084173132690451 -0.42385851826889082 3.8127210593654439 -0.041761885675437753 -0.46469511464140856 0.030614769564311927 -0.63159045949012393 0.17018420236066162 0.061495637447567968 0.067191759712920809 -0.62716854056551152 0.045827413044493712 0.54391928384989507 0.056188954139124475 -0.047331433879326708 0.40230841327110878 -0.4748343434851785 -0.32728376908774792 0.26379875693807109 -0.1401398400467648 0.22813848767855155 0.14626821700481238 -0.11668290288889928 0.44292379477034527 -0.38098680585332095 1.0512810852400283 -0.12296672790643612 0.032066113017211961 0.060557550984792242 1.8230523147195259
leaf_weight=1876 330 1051 1511 2257 1143 347 980 5213 854 1444 202 2699 213 209 4251 134 562 290 1183 1184 1486 473 2193 1087 534 1098 722 4123 423 552
leaf_count=1876 330 1051 1511 2257 1143 347 980 5213 854 1444 202 2699 213 209 4251 134 562 290 1183 1184 1486 473 2193 1087 534 1098 722 4123 423 552
internal_value=0.000214892 -0.00250421 0.00512465 -0.00105009 -0.00783179 -0.000639559 -0.00561796 0.00397124 0.000694264 -0.00205208 -0.00387818 0.00340618 0.0113043 -0.00696231 -0.000713659 -0.00407319 -0.00444597 0.00165214 0.00405545 -0.00016337 0.00211777 -0.000890558 -0.00358049 0.00465164 -0.00427236 0.00822953 -0.00295135 0.000363757 -0.00114137 0.0121875
internal_weight=40624 26145 14479 20540 5605 19489 3729 12203 10024 9465 2749 10775 2276 1352 5695 3770 3636 4475 2037 7987 4185 1397 3074 6300 2727 1428 924 6803 2680 2063
internal_count=40624 26145 14479 20540 5605 19489 3729 12203 10024 9465 2749 10775 2276 1352 5695 3770 3636 4475 2037 7987 4185 1397 3074 6300 2727 1428 924 6803 2680 2063
is_linear=0
shrinkage=0.03


Tree=66
num_leaves=31
num_cat=0
split_feature=9 9 9 41 41 1 7 11 18 7 0 12 5 32 32 6 11 1 16 41 33 1 29 24 40 4 31 6 18 15
split_gain=589.018 215.895 119.588 64.2605 57.5116 41.0094 36.5188 39.8325 32.6434 28.1602 26.8732 25.1398 23.0709 21.8671 17.8935 21.9265 15.6563 15.0973 14.8518 14.5224 14.1612 13.9185 13.4203 12.9392 12.4904 12.9578 12.3802 12.0291 11.4484 10.8955
threshold=112.75875000000001 20.221250000000001 331.00500000000005 -9281.8123357286222 -6429.3584651195806 1.0000000180025095e-35 8.4427083333333375 97.00500000000001 1.0000000180025095e-35 7.8107638888888911 5.5000000000000009 24.694791666666671 54305.500000000007 211.33000000000001 65.003750000000011 9.5865638766519847 16.278750000000006 3.5000000000000004 1871.5249346499666 4876.82039155857 126.73375000000001 1.0000000180025095e-35 393.72250000000008 1.7025000000000001 -1.0000000180025095e-35 348.50000000000006 53.053750000000008 5.2614537444933935 1.0000000180025095e-35 57.817291666666669
decision_type=10 8 10 8 8 2 2 10 2 2 2 10 2 10 10 2 10 2 8 8 10 2 10 10 10 2 10 2 2 10
left_child=1 4 5 -3 -1 10 7 14 11 13 -2 16 -8 24 15 -5 -6 -4 -16 -9 -21 -17 -19 -13 25 -7 -14 -11 -29 -28
right_child=2 3 17 6 8 9 12 19 -10 27 -12 23 26 -15 18 21 -18 22 -20 20 -22 -23 -24 -25 -26 -27 29 28 -30 -31
leaf_value=-0.49058954946478089 0.064048613530512236 -0.39384438363525415 3.9069210525083755 -0.0023990642998189316 -0.56682481327558287 0.19497672991960555 -0.49385243723308475 -0.025776787016231848 -0.61428075267801252 0.30974109067658068 1.0177385441062647 -0.56756117412018725 -0.16456931142424999 0.44884867321767757 0.084644165280785513 0.031057452679430282 -0.31544376439362537 0.90851258176551908 -0.016276283132053208 0.053458243683881433 0.30680284255790086 -0.19348504773919395 3.3564889307258383 0.003412120579450928 0.080334113601247592 -0.25651390494237825 0.12932148946224195 -0.0012551993902486201 -0.45420993138323001 -0.072144232816277881
leaf_weight=1826 346 1167 1187 2255 419 4868 940 1046 947 188 1075 299 231 1619 1600 451 844 476 6519 1578 1297 2753 466 1155 2891 136 213 822 332 570
leaf_count=1826 346 1167 1187 2255 419 4868 940 1046 947 188 1075 299 231 1619 1600 451 844 476 6519 1578 1297 2753 466 1155 2891 136 213 822 332 570
internal_value=0.00013846 -0.00254835 0.00500798 -0.00114058 -0.00783464 0.00386912 -0.000730184 -0.000295714 -0.00566439 0.00324123 0.00866034 -0.00399007 -0.00461893 0.00381503 -0.00106488 -0.00239286 -0.00708465 0.0115704 -0.000171798 0.00236741 0.00346836 -0.00398752 0.00871686 -0.00129897 0.00316299 0.00406993 -0.00147783 -0.000826508 -0.00197403 0.000325255
internal_weight=40516 26110 14406 20620 5490 12277 19453 17499 3664 10856 1421 2717 1954 9514 13578 5459 1263 2129 8119 3921 2875 3204 942 1454 7895 5004 1014 1342 1154 783
internal_count=40516 26110 14406 20620 5490 12277 19453 17499 3664 10856 1421 2717 1954 9514 13578 5459 1263 2129 8119 3921 2875 3204 942 1454 7895 5004 1014 1342 1154 783
is_linear=0
shrinkage=0.03


Tree=67
num_leaves=31
num_cat=0
split_feature=34 9 33 16 41 41 1 7 18 7 32 5 8 12 5 36 8 1 7 32 11 23 27 28 1 1 5 8 28 5
split_gain=548.617 220.259 134.937 58.6507 50.8299 49.9969 48.828 41.0976 31.4262 28.4085 26.9386 26.0568 25.2326 22.3625 18.9722 16.3666 16.1227 17.1302 16.704 15.5794 15.1043 15.0325 17.2866 14.8797 13.2706 13.1737 12.764 12.6425 12.5345 12.0354
threshold=126.38500000000001 19.387500000000006 361.39000000000004 5486.9170827744174 -3887.9533810209773 -9174.5006458352364 1.0000000180025095e-35 9.8107638888888911 1.0000000180025095e-35 8.2309027777777803 65.003750000000011 52400.500000000007 256.90625000000006 24.694791666666671 36766.687500000007 -21.285000000000007 393.43750000000011 1.0000000180025095e-35 5.6267361111111134 208.95875000000004 16.278750000000006 2.5000000000000004 42524.458333333336 42845.000000000007 2.5000000000000004 4.5000000000000009 45001.375000000007 0.11250000000000002 34367.756562500006 44406.250000000007
decision_type=10 8 10 10 8 8 2 2 2 2 10 2 2 10 2 10 2 2 2 10 10 2 8 10 2 2 2 2 10 2
left_child=1 4 3 6 -1 -3 27 10 13 12 11 24 19 20 -12 -5 18 -18 28 -8 -6 -13 -23 -17 -7 -4 -14 -2 -16 -11
right_child=2 5 25 15 8 7 9 -9 -10 29 14 21 26 -15 16 23 17 -19 -20 -21 -22 22 -24 -25 -26 -27 -28 -29 -30 -31
leaf_value=-0.47446962391740116 0.39669262486339435 -0.35109672101406814 3.6450854938813126 -0.29401670035146837 -0.57270590551332001 -0.071288023401867517 0.19502524146854988 -0.38059671753613089 -0.65012932595403228 -1.0653593254904705 -0.079157724961786038 -0.035886861438422388 -0.24511812884853526 -0.035709761820355082 0.16221289219027724 0.6014936112844278 0.33430176031342368 -0.06551478003712688 -0.0088838641107194857 0.45226096934375021 -0.33056041916007417 0.14337699333730433 0.0075430944654946682 -0.064920279172550721 -0.23587458830014846 1.6886537218749007 0.13187182743657785 1.4296446784911319 0.045325412556104394 -0.0017673563162691152
leaf_weight=2274 672 1121 1560 594 354 1548 6236 548 713 119 1362 1558 391 1048 604 176 105 1521 3461 1598 693 341 888 740 2118 556 1411 764 4557 909
leaf_count=2274 672 1121 1560 594 354 1548 6236 548 713 119 1362 1558 391 1048 604 176 105 1521 3461 1598 693 341 888 740 2118 556 1411 764 4557 909
internal_value=0.000261217 -0.00251703 0.00464488 0.0035486 -0.00808578 -0.00108245 0.00424428 -0.000711638 -0.0053827 0.0035443 -0.000465844 -0.00201968 0.00405002 -0.00352815 0.000397899 -0.00202515 0.000840082 -0.0018992 0.00135684 0.00478622 -0.00662691 0.000166786 0.00264634 0.000490731 -0.00368148 0.0116911 0.000848586 0.00943633 0.00243801 -0.00119534
internal_weight=40540 24814 15726 13610 5082 19732 12100 18611 2808 10664 18063 6453 9636 2095 11610 1510 10248 1626 8622 7834 1047 2787 1229 916 3666 2116 1802 1436 5161 1028
internal_count=40540 24814 15726 13610 5082 19732 12100 18611 2808 10664 18063 6453 9636 2095 11610 1510 10248 1626 8622 7834 1047 2787 1229 916 3666 2116 1802 1436 5161 1028
is_linear=0
shrinkage=0.03


Tree=68
num_leaves=31
num_cat=0
split_feature=9 33 24 16 33 12 1 1 8 28 7 0 41 7 12 17 0 1 16 8 22 33 27 28 5 7 25 30 41 6
split_gain=516.365 164.701 159.724 86.9196 62.6028 46.2542 41.1597 34.9203 34.4628 27.4419 27.2545 26.8885 26.469 23.4861 21.4234 20.3746 19.7179 18.2762 18.1149 18.2473 14.1564 13.7013 15.809 13.5967 15.3078 14.365 13.4229 13.3073 12.6425 12.6163
threshold=83.680000000000021 361.39000000000004 1.7025000000000001 5967.1323708235041 142.89500000000001 24.694791666666671 1.0000000180025095e-35 2.5000000000000004 203.72500000000002 37897.937500000007 8.5017361111111125 4.5000000000000009 8437.1933288623495 7.2031250000000018 57.817291666666669 5294.0330050000002 16.500000000000004 4.5000000000000009 5753.9148964972137 188.73125000000002 1.0000000180025095e-35 119.99500000000002 35064.09223958334 26142.937500000004 35812.625000000007 5.0781250000000018 80.179375000000022 313.94500000000005 4661.6190614862071 19.861013215859035
decision_type=10 10 8 10 10 8 2 2 2 10 2 2 10 2 10 10 2 2 10 2 2 10 10 10 2 2 10 10 10 2
left_child=2 4 15 5 23 12 11 9 13 26 18 -6 16 -9 28 -1 -4 -3 19 20 -8 22 -11 -2 -25 -26 -7 -19 -5 -20
right_child=1 17 3 14 6 7 10 8 -10 21 -12 -13 -14 -15 -16 -17 -18 27 29 -21 -22 -23 -24 24 25 -27 -28 -29 -30 -31
leaf_value=-0.50925536876567012 0.72171988088025441 3.56174177213855 -0.4336672321361299 -0.43444228377628119 -0.0061250372865946897 0.17138605592002903 0.26224244900704036 0.0098028848803743077 -0.20703683572465617 -0.34988093402449255 -0.086450852943769405 1.0271520058080508 0.45932085140821699 -0.14673154944740255 -0.20063858346247726 -0.49445935501556887 -0.1595325883814678 -0.37631395004860391 -0.17063157951839911 0.096572632152486612 -0.35071218319830166 0.16008429921211473 -0.021451476409969954 -0.13961412412454563 0.049703968690381968 -0.024640427032693209 0.041363928567203202 1.9297865395312732 -0.081045394772828488 0.6165687811772238
leaf_weight=795 73 1546 1171 1657 252 972 6424 3409 2252 244 971 1069 145 1020 707 1508 637 155 426 2277 153 640 2633 383 3553 3922 951 416 156 91
leaf_count=795 73 1546 1171 1657 252 972 6424 3409 2252 244 971 1069 145 1020 707 1508 637 155 426 2277 153 640 2633 383 3553 3922 951 416 156 91
internal_value=0.00013593 0.00329196 -0.00349005 -0.00246219 0.00243276 -0.00154316 0.00383102 -0.000852582 -0.00230545 0.000931814 0.00319346 0.00881619 -0.00582651 -0.000768623 -0.00759223 -0.0108919 -0.00681592 0.0112394 0.00368918 0.00400791 0.00480921 -0.000643832 -0.0015271 0.000376324 0.000255758 0.000555778 0.00381237 0.00663462 -0.00931918 -0.00176641
internal_weight=40608 21711 18897 16594 19594 14074 11663 12121 6681 5440 10342 1321 1953 4429 2520 2303 1808 2117 9371 8854 6577 3517 2877 7931 7858 7475 1923 571 1813 517
internal_count=40608 21711 18897 16594 19594 14074 11663 12121 6681 5440 10342 1321 1953 4429 2520 2303 1808 2117 9371 8854 6577 3517 2877 7931 7858 7475 1923 571 1813 517
is_linear=0
shrinkage=0.03


Tree=69
num_leaves=31
num_cat=0
split_feature=9 24 24 16 32 12 7 1 41 7 7 8 41 41 0 18 17 6 27 12 0 5 1 32 24 6 28 10 5 4
split_gain=500.68 159.563 154.373 77.1753 52.5528 42.147 28.0247 25.7817 24.388 23.191 21.6459 24.5315 21.5606 20.4715 20.11 19.0125 18.8067 18.0077 25.3748 17.0752 16.6433 16.1854 15.9514 16.7698 14.6856 13.798 13.7825 15.3818 14.8381 12.9141
threshold=83.043750000000017 300.34500000000008 1.7025000000000001 5688.1073892065997 124.22750000000001 24.694791666666671 7.2760416666666687 1.5000000000000002 12177.707922694883 7.6163194444444473 7.9843750000000027 268.53750000000008 -11329.566953253896 -10905.320984391374 17.500000000000004 1.0000000180025095e-35 5060.1207300000015 5.6696035242290757 31804.515520833334 57.817291666666669 16.500000000000004 40906.250000000007 1.0000000180025095e-35 205.76625000000004 446.81000000000006 6.0211453744493406 44204.250000000007 2.7300000000000009 37701.562500000007 146.50000000000003
decision_type=10 8 8 10 10 8 2 2 10 2 2 2 10 8 2 2 10 2 10 10 2 2 2 10 8 2 10 10 2 2
left_child=2 4 16 5 13 8 24 26 14 21 11 -9 -5 -2 -4 -13 -1 -15 -19 -14 -20 -6 -23 29 -3 -12 27 -7 -29 -24
right_child=1 6 3 12 9 7 -8 10 -10 -11 25 15 19 17 -16 -17 -18 18 20 -21 -22 22 23 -25 -26 -27 -28 28 -30 -31
leaf_value=-0.5060493071765263 -0.77497543295774241 1.634979309371116 -0.41687030400554598 -0.47004410426684529 0.070255209762091222 -0.13955666529448232 0.23920667727746744 -0.0023060710031982267 0.68594197154874226 -0.0092716008052840942 0.058970391775853059 -0.060356168225945479 -0.3555091627101391 0.10639346017274298 -0.11868750989030288 -0.45550679599944222 -0.48051659861795709 0.17688666469566811 -0.047446694773695834 -0.096642205504494996 0.052118052738945479 0.64909666694734169 0.055926706519993555 0.44704333367391269 5.573532416961406 -0.31401837724625409 -0.063566075234479408 -0.046068748080519306 0.10697181307679511 0.2225543358612245
leaf_weight=774 102 1435 1250 511 1411 502 318 4887 66 1086 70 1464 1535 1750 599 783 1485 1333 4337 551 2636 671 1572 1530 874 918 625 446 2046 2615
leaf_count=774 102 1435 1250 511 1411 502 318 4887 66 1086 70 1464 1535 1750 599 783 1485 1333 4337 551 2636 671 1572 1530 874 918 625 446 2046 2615
internal_value=0.00011796 0.00321305 -0.0035051 -0.00248339 0.00225662 -0.00158161 0.0101427 -0.000908278 -0.0057072 0.00394159 -0.00184661 -0.0012698 -0.00722286 0.000782557 -0.00634865 -0.00386343 -0.0108518 0.000918763 0.000335861 -0.00586488 -0.000389303 0.00451346 0.00515574 0.00464061 0.0112922 -0.00600607 0.00119751 0.00204341 0.00300842 0.00365688
internal_weight=40182 21670 18512 16253 19043 13656 2627 11741 1915 8885 8122 7134 2597 10158 1849 2247 2259 10056 8306 2086 6973 7799 6388 5717 2309 988 3619 2994 2492 4187
internal_count=40182 21670 18512 16253 19043 13656 2627 11741 1915 8885 8122 7134 2597 10158 1849 2247 2259 10056 8306 2086 6973 7799 6388 5717 2309 988 3619 2994 2492 4187
is_linear=0
shrinkage=0.03


Tree=70
num_leaves=31
num_cat=0
split_feature=11 24 24 12 7 17 41 16 7 6 1 12 0 22 4 0 7 27 11 28 1 14 38 14 24 32 1 27 5 28
split_gain=478.81 201.079 116.495 62.3008 50.8722 49.1912 39.9998 27.3995 27.0554 35.5075 26.3342 25.2208 22.9091 20.6268 21.2618 17.5573 17.3179 16.9974 16.762 16.7081 14.9722 14.6058 16.7372 14.532 13.6374 13.4872 13.4714 14.2599 13.4513 14.6128
threshold=110.87000000000002 16.321250000000003 366.3300000000001 40.351041666666674 7.7343750000000009 5294.0330050000002 -10905.320984391374 5967.1323708235041 5.3281250000000027 6.0211453744493406 1.5000000000000002 24.694791666666671 17.500000000000004 1.0000000180025095e-35 321.50000000000006 17.500000000000004 10.565972222222223 47486.791666666672 173.24500000000003 30825.875000000004 4.5000000000000009 479.90500000000003 34.305000000000007 235.02500000000003 0.90500000000000014 99.283750000000012 1.0000000180025095e-35 44017.041666666679 60557.125000000007 34631.312500000007
decision_type=8 8 10 10 2 10 8 10 2 2 2 10 2 2 2 2 2 8 10 10 2 10 10 10 10 10 2 10 2 10
left_child=1 5 4 7 10 11 -5 12 19 17 18 -1 -3 14 15 21 28 -10 -2 -8 -4 22 -12 -16 -7 26 27 -21 29 -6
right_child=2 3 20 6 16 24 8 -9 9 -11 13 -13 -14 -15 23 -17 -18 -19 -20 25 -22 -23 -24 -25 -26 -27 -28 -29 -30 -31
leaf_value=-0.39466102543535503 0.20788712507734516 -0.25977413400402205 3.899032060380637 -0.47138812047340506 0.19018452962766502 -0.46350672743401611 0.25871567522261885 -0.40513452253123833 0.14527011508175658 -0.070460768728795808 0.10464758416292241 -0.18697520358867664 0.031389823524653977 -0.35931186914927193 0.05957971818679695 0.24434291138173533 -0.53622960765182426 -0.0055572253525584614 0.74360219269589434 0.17618845512928261 1.6652503722084151 1.2613822109206887 -0.083631123540267541 0.79740619677720115 -0.41728209385206799 0.068015970085059357 -0.015897820582271079 -0.061533823494452092 0.18417981881780648 -0.2184525238946263
leaf_weight=847 1764 2017 1437 448 448 1421 299 944 712 6510 3010 1571 1008 216 244 2159 351 787 1538 459 264 255 1105 638 838 3203 4357 226 608 728
leaf_count=847 1764 2017 1437 448 448 1421 299 944 712 6510 3010 1571 1008 216 244 2159 351 787 1538 459 264 255 1105 638 838 3203 4357 226 608 728
internal_value=0.00011432 -0.00236334 0.00441792 -0.00110867 0.0034558 -0.00798739 -0.000318492 -0.00449244 -7.88329e-05 -0.00133146 0.00428317 -0.00501033 -0.00309815 0.00331345 0.00358001 0.00298851 -0.000779494 0.00283 0.00652134 0.00109538 0.0118008 0.0018943 0.00146137 0.00795017 -0.0111704 0.000842227 -0.000124926 0.0037828 0.000420168 -0.00145285
internal_weight=40412 25647 14765 20970 13064 4677 17001 3969 16553 8009 10929 2418 3025 7627 7411 6529 2135 1499 3302 8544 1701 4370 4115 882 2259 8245 5042 685 1784 1176
internal_count=40412 25647 14765 20970 13064 4677 17001 3969 16553 8009 10929 2418 3025 7627 7411 6529 2135 1499 3302 8544 1701 4370 4115 882 2259 8245 5042 685 1784 1176
is_linear=0
shrinkage=0.03


Tree=71
num_leaves=31
num_cat=0
split_feature=11 24 24 12 22 0 1 16 34 17 16 16 14 16 1 0 30 11 12 1 5 0 13 0 18 27 4 0 38 28
split_gain=446.563 186.546 109.651 91.5717 39.9606 36.6147 35.3667 29.8247 34.9739 28.9177 25.6574 23.1124 24.6374 22.0227 21.5377 21.5888 19.6955 16.6892 15.7438 15.5006 15.3311 13.8632 13.665 13.2753 17.059 17.8064 19.0596 13.8073 13.0193 12.6071
threshold=116.10625 1.7025000000000001 379.87500000000006 40.351041666666674 1.0000000180025095e-35 17.500000000000004 1.5000000000000002 6669.4267913280246 113.00500000000001 6212.1987400000007 6194.6877493118373 5967.1323708235041 47.195 14622.300843884836 1.0000000180025095e-35 5.5000000000000009 313.94500000000005 35.025000000000013 57.817291666666669 3.5000000000000004 40906.250000000007 1.5000000000000002 44.352500000000013 17.500000000000004 1.0000000180025095e-35 41884.911197916677 112.50000000000001 6.5000000000000009 16.631249999999998 35282.250000000007
decision_type=10 8 8 8 2 2 2 10 8 10 10 10 10 10 2 2 10 10 10 2 2 2 10 2 2 8 2 2 10 10
left_child=1 9 4 5 6 11 13 8 14 22 16 12 -3 -2 15 -5 20 -14 -9 -19 -8 -16 -1 24 -23 26 -26 -28 -22 -30
right_child=2 3 -4 7 -6 -7 10 18 -10 -11 -12 -13 17 -15 21 -17 -18 19 -20 -21 28 23 -24 -25 25 -27 27 -29 29 -31
leaf_value=-0.50667655865583872 0.40811932578775384 -0.58825967283067682 3.8981405272355758 -0.072918472154337124 -0.71102776278788904 -0.047860853103264697 -0.035514984533296427 -0.45805928388760225 0.091598572869823647 -0.45124103167971907 -0.15335994960570587 -0.40961069956836044 -0.31843853335011041 -0.90962898011191717 0.034324142166747895 0.13986231366279092 1.1122983840667044 0.02652157538904909 -0.13530216979869458 -0.29654429898808865 0.20025502332332565 -0.031960976551929927 0.076967938552345239 0.0097888818879869176 0.082471691078705514 -0.016784287312786857 -0.1038395384157792 -0.44202984822932978 0.30719778141937948 -0.012045624831222667
leaf_weight=776 3550 410 1552 448 349 1501 1054 370 4810 1435 504 952 1052 61 1164 1043 598 924 1224 415 3658 5358 125 2213 142 919 571 935 995 1356
leaf_count=776 3550 410 1552 448 349 1501 1054 370 4810 1435 504 952 1052 61 1164 1043 598 924 1224 415 3658 5358 125 2213 142 919 571 935 995 1356
internal_value=0.000157173 -0.00209478 0.00456755 -0.00132075 0.00360589 -0.00482969 0.00390252 -0.000360194 -4.2604e-06 -0.0101926 0.0028086 -0.00641316 -0.00503747 0.00637458 -0.000824214 0.00256367 0.00324002 -0.00386915 -0.0042884 -0.00164552 0.00279657 -0.00127134 -0.00597007 -0.00162738 -0.00220098 -0.00421145 -0.00607641 -0.00706702 0.00338186 0.00163903
internal_weight=40464 26787 13677 24451 12125 5254 11776 19197 17603 2336 8165 3753 2801 3611 12793 1491 7661 2391 1594 1339 7063 11302 901 10138 7925 2567 1648 1506 6009 2351
internal_count=40464 26787 13677 24451 12125 5254 11776 19197 17603 2336 8165 3753 2801 3611 12793 1491 7661 2391 1594 1339 7063 11302 901 10138 7925 2567 1648 1506 6009 2351
is_linear=0
shrinkage=0.03


Tree=72
num_leaves=31
num_cat=0
split_feature=11 9 9 16 17 34 1 22 18 16 7 7 7 4 24 4 14 18 8 28 13 6 6 16 10 0 23 0 28 6
split_gain=448.143 210.617 114.734 49.7637 44.3903 43.26 42.9078 28.0317 26.98 27.6586 23.5217 20.0428 19.8415 21.7436 17.6717 17.3926 16.013 15.8693 22.2909 16.123 15.6927 14.8649 14.755 17.61 14.7018 14.6324 17.4622 19.4019 14.5288 14.4728
threshold=118.22500000000001 19.387500000000006 367.71000000000009 5967.1323708235041 6159.1635200000001 105.80500000000002 1.5000000000000002 1.0000000180025095e-35 1.0000000180025095e-35 4817.2224583123416 9.4340277777777803 8.0260416666666696 7.5434027777777795 10.500000000000002 0.065000000000000016 321.50000000000006 47.195 1.0000000180025095e-35 103.00625000000001 30825.875000000004 30.360000000000003 20.514537444933925 8.5955947136563911 1871.5249346499666 236.31000000000003 17.500000000000004 2.5000000000000004 4.5000000000000009 32499.125000000004 10.261013215859034
decision_type=10 8 10 10 10 8 2 2 2 10 2 2 2 2 10 2 10 2 2 10 10 2 2 8 10 2 2 2 10 2
left_child=1 4 6 5 8 12 10 11 9 16 24 15 17 -14 -6 25 -1 19 -19 -3 21 -5 -7 -24 -2 26 -8 -28 -25 -15
right_child=2 3 -4 20 14 22 7 -9 -10 -11 -12 -13 13 29 -16 -17 -18 18 -20 -21 -22 -23 23 28 -26 -27 27 -29 -30 -31
leaf_value=-0.53507002471880605 0.34196259755821767 0.19904506791231255 3.0961871964675436 -0.34960734338308697 -0.43591535701228357 0.12140320272941384 0.1251656038104707 -0.8229539178745231 -0.42879715671138208 -0.38795665751069902 -0.1216085688927751 -0.079903509911495113 0.23416612317704136 -0.048023481944768097 -0.42002997610389059 0.53807476102270424 0.027824163241299969 -0.017250850235841282 -0.24195034280023622 -0.0094523878948325184 -0.077157571654337287 0.19329133244713809 0.14237973136102425 0.17742776038449165 1.7940794662380557 0.23627822224373901 0.21889427742755954 -0.17945893206753899 -0.049933999145019781 -0.33817472990139341
leaf_weight=169 2935 310 1689 1477 1083 2048 2618 252 978 581 257 1007 73 818 1157 797 1144 2212 1496 7296 937 136 1040 453 551 1924 442 908 2919 836
leaf_count=169 2935 310 1689 1477 1083 2048 2618 252 978 581 257 1007 73 818 1157 797 1144 2212 1496 7296 937 136 1040 453 551 1924 442 908 2919 836
internal_value=4.84659e-05 -0.00216518 0.00454226 -0.000893116 -0.00765109 -0.000377654 0.00348572 0.00223802 -0.00517926 -0.00308707 0.00613381 0.00256074 -0.00137211 -0.00436632 -0.0108166 0.00315471 -0.000673516 -0.000914715 -0.00252359 -0.000130143 -0.0048334 -0.00662639 0.00162978 0.000652617 0.00677947 0.00259121 0.00154951 -0.00122132 -0.000400237 -0.00507553
internal_weight=40543 27163 13380 22051 5112 19501 11691 7948 2872 1894 3743 7696 13041 1727 2240 6689 1313 11314 3708 7606 2550 1613 6460 4412 3486 5892 3968 1350 3372 1654
internal_count=40543 27163 13380 22051 5112 19501 11691 7948 2872 1894 3743 7696 13041 1727 2240 6689 1313 11314 3708 7606 2550 1613 6460 4412 3486 5892 3968 1350 3372 1654
is_linear=0
shrinkage=0.03


Tree=73
num_leaves=31
num_cat=0
split_feature=9 14 24 34 16 18 24 1 0 26 34 41 5 4 16 1 17 32 16 0 23 23 5 6 28 38 0 26 14 41
split_gain=443.648 175.484 123.242 57.8781 56.6832 43.2334 41.0976 25.6231 26.9539 23.0438 22.5048 22.0661 23.4674 18.031 28.9849 17.2642 16.9181 15.1389 14.3013 15.2632 14.2328 14.0352 13.8965 13.7726 16.2487 15.5563 12.0509 11.8602 11.3631 11.3288
threshold=63.701250000000009 347.71000000000004 1.7025000000000001 142.93500000000003 6669.4267913280246 1.0000000180025095e-35 427.28500000000003 1.0000000180025095e-35 5.5000000000000009 41684.500000000007 112.325 -3636.8507430683017 35381.250000000007 170.50000000000003 993.4885878485926 1.0000000180025095e-35 6212.1987400000007 15.1225 5338.7495466365281 16.500000000000004 5.5000000000000009 1.5000000000000002 44701.437500000007 5.6696035242290757 32697.312500000004 -1.7187499999999856 4.5000000000000009 49280.500000000007 79.665000000000006 -11045.400455597963
decision_type=8 10 8 10 10 2 8 2 2 8 10 8 2 2 10 2 10 10 10 2 2 2 2 2 10 10 2 10 10 10
left_child=2 3 16 11 5 10 27 8 -5 17 13 22 -13 14 21 -14 -1 -7 19 20 -9 -4 -2 -17 -25 -26 -22 -3 -23 -6
right_child=1 6 4 7 29 9 -8 18 -10 -11 -12 12 15 -15 -16 23 -18 -19 -20 -21 26 28 -24 24 25 -27 -28 -29 -30 -31
leaf_value=-0.47199997538894167 -0.051556632696876541 0.83203454858466386 -0.060673128763317832 -0.05519456482767509 -0.41578826949829661 -0.48203957238037071 4.6386018735422665 0.14090379215950263 1.0908510897886854 -0.048614037329956686 0.21883982335359534 -0.13665129233436857 0.14324285603429529 0.020628536733202623 -0.34012392510809625 0.0641918643393663 -0.4226071190936222 -0.27480310211038678 -0.085966482759454552 0.27794915457943425 0.27969541660203667 -0.019609213978394848 -0.50954289159313004 0.094167290812855173 0.033270898574179066 -0.037649648752621376 -0.10242740327389156 -0.24449414624836038 0.17206216354219508 -0.32666844474892015
leaf_weight=764 992 2389 1729 202 429 615 1077 3123 724 1115 669 609 1495 2519 953 1722 1376 1191 635 2526 380 650 610 944 3008 5481 1026 51 306 1251
leaf_count=764 992 2389 1729 202 429 615 1077 3123 724 1115 669 609 1495 2519 953 1722 1376 1191 635 2526 380 650 610 944 3008 5481 1026 51 306 1251
internal_value=0.000101696 0.00232599 -0.00432378 0.0013896 -0.00308584 -0.00220815 0.00857447 0.00334571 0.00805825 -0.00526181 -0.000900835 0.000255349 0.00065724 -0.00146882 -0.00281946 0.000934313 -0.0109295 -0.00735473 0.00277727 0.00316539 0.00212252 -0.00122301 -0.00306925 0.000528415 7.79097e-05 -0.000337456 -0.000383795 0.0064154 0.00169279 -0.00817371
internal_weight=40561 26994 13567 23477 11427 9747 3517 8616 926 2921 6826 14861 13259 6157 3638 12650 2140 1806 7690 7055 4529 2685 1602 11155 9433 8489 1406 2440 956 1680
internal_count=40561 26994 13567 23477 11427 9747 3517 8616 926 2921 6826 14861 13259 6157 3638 12650 2140 1806 7690 7055 4529 2685 1602 11155 9433 8489 1406 2440 956 1680
is_linear=0
shrinkage=0.03


Tree=74
num_leaves=31
num_cat=0
split_feature=9 33 24 33 41 24 7 1 0 7 4 5 16 4 27 1 8 41 12 7 8 1 7 4 28 5 7 17 17 15
split_gain=414.131 193.247 107.556 63.572 48.989 36.8283 33.9425 31.3183 30.707 26.0543 21.3658 20.8319 20.7514 17.7267 17.2139 16.9418 16.5505 15.9838 15.9066 15.8135 14.3597 15.1247 12.1406 12.1343 12.1894 14.3175 13.3445 12.6653 11.8124 12.1794
threshold=54.255000000000003 292.96500000000009 1.7025000000000001 138.56250000000003 -9665.5854711850916 427.28500000000003 5.4913194444444473 1.0000000180025095e-35 5.5000000000000009 5.446180555555558 170.50000000000003 50154.875000000007 3612.0298693934278 350.50000000000006 40151.975833333338 3.5000000000000004 274.73125000000005 -4565.9361452390103 20.943177083333335 10.071180555555559 529.36250000000007 1.0000000180025095e-35 10.368055555555559 10.500000000000002 46999.886562500011 36591.937500000007 5.9322916666666687 5060.1207300000015 2433.3230550000003 79.37937500000001
decision_type=8 10 8 10 8 8 2 2 2 2 2 2 10 2 10 2 2 10 10 2 2 2 2 2 10 2 2 8 10 10
left_child=2 3 16 12 -4 15 10 8 -5 -9 28 18 20 -10 -13 -3 -1 -14 -8 -11 23 -22 -16 -2 25 26 -25 -26 29 -6
right_child=1 5 4 7 6 -7 11 9 13 19 -12 14 17 -15 22 -17 -18 -19 -20 -21 21 -23 -24 24 27 -27 -28 -29 -30 -31
leaf_value=-0.37009710207524266 0.11393046694352219 1.1631773747213128 -0.33732859561397266 -0.050871138003996771 -0.0563373884181982 4.4692897241623477 -0.44289207750452092 0.17931214977213003 0.90745692379937359 0.058292676374216368 0.088465769478878256 0.1493111586916526 -0.43932433065851512 -0.26937885960883962 -0.059250735909352273 0.61129422403973732 -0.41734047327215112 -0.035991745286139576 -0.21406541290679931 -0.4001262744732102 0.46614583694839035 -0.11165788968682026 -0.36205705180470416 -0.013604156250058138 0.023789504684157237 0.027497361326023224 -0.33812244595539653 -0.092278857642493717 -0.30369286616328889 0.23125507680221943
leaf_weight=472 364 1155 1091 314 1297 1027 833 5374 1035 4943 1644 433 736 53 1299 1145 1635 1428 1805 320 48 868 193 913 647 7783 215 791 527 155
leaf_count=472 364 1155 1091 314 1297 1027 833 5374 1035 4943 1644 433 736 53 1299 1145 1635 1428 1805 320 48 868 193 913 647 7783 215 791 527 155
internal_value=0.000103961 0.00199846 -0.00474835 0.00112182 -0.00335794 0.00880258 -0.00256138 0.0027147 0.00692801 0.00215877 -0.000393212 -0.00428243 -0.000268595 0.00931129 -0.0019081 0.0066884 -0.0108657 -0.00296536 -0.00601364 0.000658245 0.000233448 -0.00336968 -0.00343603 0.000541814 0.000352174 0.000765821 -0.0023915 -0.00220987 -0.00249242 -0.00109429
internal_weight=40543 29159 11384 25832 9277 3327 8186 12039 1402 10637 3623 4563 13793 1088 1925 2300 2107 2164 2638 5263 11629 916 1492 10713 10349 8911 1128 1438 1979 1452
internal_count=40543 29159 11384 25832 9277 3327 8186 12039 1402 10637 3623 4563 13793 1088 1925 2300 2107 2164 2638 5263 11629 916 1492 10713 10349 8911 1128 1438 1979 1452
is_linear=0
shrinkage=0.03


Tree=75
num_leaves=31
num_cat=0
split_feature=9 33 41 33 11 9 18 41 1 0 12 1 1 16 41 5 28 38 6 9 9 4 41 4 6 41 28 15 4 23
split_gain=399.465 199.976 86.8739 68.8347 51.5385 32.9333 30.2976 30.0372 28.0816 20.4211 19.4631 18.8326 18.628 17.9779 17.7872 15.2906 15.2224 15.0142 17.1406 14.5323 14.3574 13.9404 13.7539 13.4297 13.1407 15.564 13.0074 15.9627 12.5838 11.0555
threshold=52.045000000000009 299.14000000000004 -9665.5854711850916 157.43125000000003 14.426250000000001 396.59500000000008 1.0000000180025095e-35 -5106.0077944272844 1.0000000180025095e-35 5.5000000000000009 38.983541666666675 3.5000000000000004 4.5000000000000009 3500.5956105060945 10921.775007773575 38156.250000000007 34271.375000000007 -3.6274999999999973 6.7528634361233495 14.475000000000003 7.535000000000001 188.50000000000003 2619.1548602706139 248.50000000000003 8.3504405286343637 9417.3177104956721 42496.000000000007 48.726458333333333 350.50000000000006 2.5000000000000004
decision_type=10 10 8 10 8 10 2 8 2 2 10 2 2 10 10 2 10 10 2 10 8 2 10 2 2 8 10 10 2 2
left_child=2 3 19 7 10 11 13 21 9 -5 -4 -3 -12 22 15 -9 -17 -18 26 -1 -8 -2 29 -23 25 -10 -19 -28 -11 -6
right_child=1 5 4 8 6 -7 20 14 24 28 12 -13 -14 -15 -16 16 17 18 -20 -21 -22 23 -24 -25 -26 -27 27 -29 -30 -31
leaf_value=-0.38304642747674245 -0.48566051661205839 1.2081401292783709 -0.41590758175902909 0.01271497032820605 -0.073862406845588105 3.4348180951036267 -0.64971083117709572 -0.063767824470887219 -0.19276079097366505 1.034858176873942 -0.070148567108068105 0.41595442459186288 -0.54072643079585636 -0.22810294552570207 0.18907557717049533 0.088950868804301989 0.040835360160828602 0.14044403211088904 -0.042481167576542869 -0.27588404585432735 -0.17464448958207054 0.092867676000345081 0.20174300660575681 -0.34626528636947423 0.0916717488482061 0.26200475203345902 0.100654448318694 -0.029765625507360553 -0.23259116950702946 0.044293842706714201
leaf_weight=1003 589 991 1279 250 1898 1419 301 1550 177 788 554 826 358 1462 734 1753 3507 539 6246 766 1478 493 507 451 5325 2352 409 1358 43 1197
leaf_count=1003 589 991 1279 250 1898 1419 301 1550 177 788 554 826 358 1462 734 1753 3507 539 6246 766 1478 493 507 451 5325 2352 409 1358 43 1197
internal_value=2.84455e-05 0.00182007 -0.00491346 0.000962168 -0.00372219 0.00886006 -0.00243936 -0.000125071 0.00310709 0.00763863 -0.00772582 0.00617987 -0.00437021 -0.00125568 0.000257191 3.90549e-05 0.000356186 -2.36318e-05 -0.000701508 -0.0109915 -0.00580618 -0.00413625 -0.00011657 -0.00187302 0.0024825 0.00426285 0.00150845 0.000263009 0.00989784 -0.000867248
internal_weight=40603 29800 10803 26564 9034 3236 6843 17629 8935 1081 2191 1817 912 5064 16096 15362 13812 12059 8552 1769 1779 1533 3602 944 7854 2529 2306 1767 831 3095
internal_count=40603 29800 10803 26564 9034 3236 6843 17629 8935 1081 2191 1817 912 5064 16096 15362 13812 12059 8552 1769 1779 1533 3602 944 7854 2529 2306 1767 831 3095
is_linear=0
shrinkage=0.03


Tree=76
num_leaves=31
num_cat=0
split_feature=34 9 24 41 41 16 1 1 1 8 27 6 38 32 14 32 24 14 41 5 12 41 4 5 27 1 29 32 14 12
split_gain=378.504 171.554 123.677 61.2649 44.3343 41.6083 27.8456 22.1384 19.8042 21.2382 18.5852 27.3309 21.5476 18.2638 18.0614 17.6249 16.059 14.8523 14.1631 13.8053 13.2049 13.1871 13.0442 13.2684 12.7255 12.5015 12.7703 12.3832 12.7877 13.747
threshold=116.00500000000001 16.321250000000003 379.87500000000006 -4645.3939714048092 -3723.7185914753459 3282.8236341293073 1.0000000180025095e-35 3.5000000000000004 1.5000000000000002 529.36250000000007 31096.770833333339 6.3341409691629975 -1.2475000000000021 63.381250000000009 41.100000000000009 145.06500000000003 173.16625000000002 138.43000000000004 -11678.402675864125 43906.250000000007 417.90270833333335 -10905.320984391374 258.50000000000006 42604.125000000007 53164.391718750012 3.5000000000000004 393.72250000000008 250.00500000000002 198.49000000000004 182.60229166666673
decision_type=10 8 10 8 8 10 2 2 2 2 10 2 10 8 10 10 10 10 10 2 10 10 2 2 10 2 10 10 10 10
left_child=1 4 3 15 -1 8 16 14 17 13 19 27 22 -10 -6 21 -5 -3 -7 20 -8 -2 -13 -24 -20 -4 -27 28 -12 -30
right_child=2 5 25 6 7 18 10 -9 9 -11 11 12 -14 -15 -16 -17 -18 -19 24 -21 -22 -23 23 -25 -26 26 -28 -29 29 -31
leaf_value=-0.37151979616449282 -0.43001303528879081 0.0079811882435510736 3.8501208757267684 0.18420825774467559 -0.55147543762185147 -0.39641097488383475 0.089951110833839887 -0.529398307179758 -0.066368881576370456 -0.17316854428043757 0.20346318968318583 0.25232462517140075 0.001596082890254138 0.0042894833810339606 -0.10500850020169356 0.34146275144829896 1.0180698844069787 0.19554043734166199 -0.20636627792755741 0.45783634814081864 1.278262425042392 -0.19892935227335753 -0.29019091430395821 0.12797428905719285 0.095639666779557042 0.47129866871031906 3.4102847826070386 0.9922351206607618 -0.049960296322530975 0.22325962613967576
leaf_weight=2034 266 3357 1025 914 238 358 1306 739 3302 1153 1375 1201 5582 6032 1444 92 848 723 2434 1507 137 795 274 813 204 196 322 217 566 1140
leaf_count=2034 266 3357 1025 914 238 358 1306 739 3302 1153 1375 1201 5582 6032 1444 92 848 723 2434 1507 137 795 274 813 204 196 322 217 566 1140
internal_value=0.00011159 -0.00254916 0.00326533 0.00252818 -0.00780633 -0.00121527 0.00301303 -0.00505987 -0.000552924 -0.00124285 0.00256888 0.00200913 0.00104815 -0.000768077 -0.00315508 -0.00414645 0.00656835 0.00122029 -0.00443443 0.00468655 0.00258657 -0.00524011 0.00349934 0.00111673 -0.00367185 0.0113957 0.00757225 0.0043013 0.00381084 0.00207381
internal_weight=40594 22018 18576 17033 4455 17563 15880 2421 14567 10487 14118 11168 7870 9334 1682 1153 1762 4080 2996 2950 1443 1061 2288 1087 2638 1543 518 3298 3081 1706
internal_count=40594 22018 18576 17033 4455 17563 15880 2421 14567 10487 14118 11168 7870 9334 1682 1153 1762 4080 2996 2950 1443 1061 2288 1087 2638 1543 518 3298 3081 1706
is_linear=0
shrinkage=0.03


Tree=77
num_leaves=31
num_cat=0
split_feature=9 33 24 24 16 41 18 7 41 7 8 4 8 32 5 7 33 16 14 41 4 5 14 4 4 24 38 41 0 8
split_gain=356.126 162.384 96.3005 74.8353 45.5632 34.1542 32.2254 30.0661 29.6921 22.7285 22.1576 19.6815 19.4545 18.6303 18.2955 15.9475 14.9749 18.2517 13.8221 13.4235 12.7658 12.5743 14.6418 11.8902 11.6315 11.0535 11.0081 10.7669 10.6325 10.4374
threshold=53.525000000000013 188.70500000000001 1.7025000000000001 427.28500000000003 6194.6877493118373 -10905.320984391374 1.0000000180025095e-35 7.6545138888888911 10921.775007773575 5.2309027777777795 415.70625000000007 170.50000000000003 348.43750000000006 105.00500000000001 39206.250000000007 5.8072916666666687 135.00500000000002 942.22177010241978 58.040000000000013 -3801.4259336516147 349.50000000000006 40906.250000000007 488.71500000000009 124.50000000000001 357.50000000000006 310.08500000000004 6.5999999999999979 -11678.402675864125 16.500000000000004 194.06875000000005
decision_type=8 10 8 8 10 8 2 2 10 2 2 2 2 10 2 2 10 10 10 8 2 2 10 2 2 10 10 10 2 2
left_child=2 5 12 7 6 -2 11 21 9 13 18 16 -1 -7 -11 28 17 23 -8 -16 29 22 -3 -4 25 26 -23 -6 -13 -21
right_child=1 3 4 -5 27 8 10 -9 -10 14 -12 15 -14 -15 19 -17 -18 -19 -20 20 -22 24 -24 -25 -26 -27 -28 -29 -30 -31
leaf_value=-0.34731736912614786 -0.54466098835064625 0.058536924139239374 -0.058234083500347429 4.0775170297284031 -0.34596778810752105 0.0034743853756441464 -0.32770356164673875 -0.009683706250331596 0.22128738550336038 -0.16985404493786227 -0.50416240927516454 0.086287433794923346 -0.38630296727824615 0.088839497026633865 -0.27394975431358909 -0.19159079901701617 0.290561546802101 -0.29497318375903042 -0.074512868160952192 0.023699164272108816 -0.37606441462655105 0.39979089430380937 1.3386855897049901 0.13315610777689915 -0.42799254841645179 1.3677075429343983 0.26430648364723536 -0.27750057157154512 0.36810365237679021 -0.055221351456957772
leaf_weight=562 340 1020 1390 1041 359 5266 477 1168 993 1118 390 1361 1485 3793 810 661 290 952 1371 6138 250 2204 227 363 104 906 2171 1270 177 1820
leaf_count=562 340 1020 1390 1041 359 5266 477 1168 993 1118 390 1361 1485 3793 810 661 290 952 1371 6138 250 2204 227 363 104 906 2171 1270 177 1820
internal_value=8.70843e-05 0.00181767 -0.00448825 0.00521658 -0.0031599 0.000353646 -0.00216333 0.00420715 0.000512655 0.000250834 -0.00517195 -0.000866218 -0.0103638 0.00134272 -0.000725067 0.00128864 -0.00244826 -0.00314302 -0.00379665 -0.000276084 8.77086e-05 0.00498869 0.00227163 -0.00132554 0.00561734 0.00581314 0.00518624 -0.00770245 0.00296296 0.000297776
internal_weight=40477 29369 11108 8841 9061 20528 7432 7800 20188 19195 2238 5194 2047 9059 10136 2199 2995 2705 1848 9018 8208 6632 1247 1753 5385 5281 4375 1629 1538 7958
internal_count=40477 29369 11108 8841 9061 20528 7432 7800 20188 19195 2238 5194 2047 9059 10136 2199 2995 2705 1848 9018 8208 6632 1247 1753 5385 5281 4375 1629 1538 7958
is_linear=0
shrinkage=0.03


Tree=78
num_leaves=31
num_cat=0
split_feature=12 24 24 16 17 8 0 18 27 13 28 6 12 25 28 23 11 12 28 23 16 5 12 39 4 13 39 33 6 33
split_gain=349.519 141.855 134.924 54.6486 44.0759 39.0908 33.6841 34.3863 25.5655 24.3955 29.7776 33.2546 21.3379 21.4551 21.0465 16.9463 16.4901 16.5103 21.6916 16.3288 15.9778 15.6847 15.5066 14.9636 14.1252 13.0799 12.5428 11.9811 11.9421 13.4136
threshold=87.368645833333332 12.578750000000001 379.87500000000006 7606.8362213053178 6351.7455800000016 363.65000000000003 16.500000000000004 1.0000000180025095e-35 30324.104166666672 33.412500000000001 31164.625000000004 6.4552863436123351 47.685468750000005 81.049791666666678 43986.56953125001 4.5000000000000009 112.63875000000002 24.694791666666671 39105.250000000007 1.5000000000000002 869.82585389006044 43906.250000000007 56.820885416666677 -11.034999999999995 154.50000000000003 28.500000000000004 -102.05374999999999 212.52000000000001 14.186563876651984 127.30625000000002
decision_type=8 8 10 10 10 2 2 2 10 8 8 2 10 10 8 2 8 10 10 2 8 2 10 10 2 10 10 10 2 10
left_child=1 4 5 6 20 9 7 16 -7 -2 21 14 -9 -14 23 19 17 -3 -19 -10 -1 -11 -5 -12 28 26 -22 -17 29 -8
right_child=2 3 -4 22 -6 8 24 12 15 10 11 -13 13 -15 -16 27 -18 18 -20 -21 25 -23 -24 -25 -26 -27 -28 -29 -30 -31
leaf_value=0.12885870857344109 0.32219592105885853 -0.29137251277668313 3.1040696525052502 -0.35043216905826913 -0.36311339281006294 0.2231329720897105 -0.0021565722724304591 -0.32673200058732782 -0.067133107232569877 0.18407354023350578 0.67399430865856758 0.021226104818456975 -0.02813001270640143 -0.65822241300506634 0.056492044861296047 -0.49992377598636095 0.13758321306394519 0.03659814015740441 -0.057294442255569247 0.3476889112275332 -0.16646145846755178 0.57383658104514124 -0.13930552361127049 0.27486920235200957 0.10072935911615757 0.045531897146366622 -0.38137807047440575 0.28032176459155961 -0.087895442495882964 0.30993382184704626
leaf_weight=162 1237 621 1568 1224 1839 823 1286 1149 1380 1490 416 7172 1504 334 2325 510 633 2264 3819 184 454 1128 652 1253 2454 220 1041 73 969 339
leaf_count=162 1237 621 1568 1224 1839 823 1286 1149 1380 1490 416 7172 1504 334 2325 510 633 2264 3819 184 454 1128 652 1253 2454 220 1041 73 969 339
internal_value=1.66568e-05 -0.00267446 0.00290107 -0.00152878 -0.00799031 0.00216513 -0.000938659 -0.00192058 -0.000979468 0.00278691 0.00242437 0.0017489 -0.00463353 -0.00262643 0.00394243 -0.00270251 -0.000815617 -0.0012528 -0.000776627 -0.00107348 -0.0047524 0.00530355 -0.00636121 0.00651198 0.00106952 -0.00560315 -0.00660762 -0.00706336 -0.000473988 0.00109779
internal_weight=40523 20964 19559 17248 3716 17991 15372 10324 2970 15021 13784 11166 2987 1838 3994 2147 7337 6704 6083 1564 1877 2618 1876 1669 5048 1715 1495 583 2594 1625
internal_count=40523 20964 19559 17248 3716 17991 15372 10324 2970 15021 13784 11166 2987 1838 3994 2147 7337 6704 6083 1564 1877 2618 1876 1669 5048 1715 1495 583 2594 1625
is_linear=0
shrinkage=0.03


Tree=79
num_leaves=31
num_cat=0
split_feature=9 24 24 32 16 41 18 7 9 7 41 28 5 8 7 24 11 34 13 7 0 17 16 5 15 16 40 5 28 7
split_gain=352.993 165.818 90.2864 66.0484 40.6993 34.0004 33.4961 26.5673 21.92 20.8687 19.334 23.7249 23.6642 19.0958 18.6779 18.1078 15.6324 14.6517 14.2311 13.4178 14.1975 17.0635 14.8758 21.239 18.3472 12.2664 13.088 11.1784 13.0625 11.084
threshold=50.385000000000012 310.08500000000004 0.90500000000000014 125.00375000000001 6669.4267913280246 -10905.320984391374 1.0000000180025095e-35 7.4045138888888911 8.5087500000000009 8.0260416666666696 6901.1088763121488 34271.375000000007 45506.250000000007 404.38750000000005 5.4253472222222241 446.81000000000006 26.725000000000005 121.21500000000002 30.360000000000003 9.9357638888888911 16.500000000000004 1837.2556150000003 2901.8244439513869 47504.500000000007 36.776875000000011 6981.4270279944085 -17.44875 48802.812500000007 40512.199687500011 5.4253472222222241
decision_type=10 8 8 10 10 8 2 2 8 2 10 10 2 2 2 10 10 10 10 2 2 10 8 2 10 10 10 2 10 2
left_child=2 3 13 5 6 -2 14 15 -8 18 11 12 -7 -1 16 -3 -4 -16 -5 20 21 22 -13 29 -25 26 -20 -11 -29 -24
right_child=1 7 4 9 -6 10 8 -9 -10 27 -12 19 -14 -15 17 -17 -18 -19 25 -21 -22 -23 23 24 -26 -27 -28 28 -30 -31
leaf_value=-0.3413308368447654 -0.48562548190352217 1.2517467729659648 -0.1182055507832091 0.31075542332771333 -0.2913191246968258 0.0027053508361642286 -0.48289691878468083 0.028007619212231702 -0.14812381648385545 -0.64796217109366006 0.11239723269244173 0.081148356242042044 0.22053117171142331 -0.36551116954381346 -0.13794547932095574 4.4214901621084728 0.079960085500910549 0.37721289853188611 0.36845979730445377 -0.27406961909725713 0.027546768856260541 -0.21065758667899345 -0.035308007578514801 0.15326711809618132 -0.0082378974312651461 -0.29475841866287966 0.1154894572733879 0.35799578672662807 -0.11248265723145692 -0.20377215906003981
leaf_weight=625 334 1311 898 1249 1485 1692 465 262 1726 174 1414 1177 1179 1330 2257 888 1692 160 1213 364 4145 1197 1461 331 3818 131 5690 258 463 1200
leaf_count=625 334 1311 898 1249 1485 1692 465 262 1726 174 1414 1177 1179 1330 2257 888 1692 160 1213 364 4145 1197 1461 331 3818 131 5690 258 463 1200
internal_value=1.8847e-05 0.0016862 -0.00467525 0.00101815 -0.00336308 -2.29345e-05 -0.0024295 0.009145 -0.00552235 0.00309511 0.000153512 -0.000134018 0.00234506 -0.0104985 -0.00107528 0.0102205 0.000694712 -0.00297146 0.00356531 -0.000653936 -0.0004985 -0.00115623 -0.000655358 -0.00119366 0.000148193 0.00304051 0.00321335 -0.00125558 0.000394737 -0.00328512
internal_weight=40589 29951 10638 27490 8683 18312 7198 2461 2191 9178 17978 16564 2871 1955 5007 2199 2590 2417 8283 13693 13329 9184 7987 6810 4149 7034 6903 895 721 2661
internal_count=40589 29951 10638 27490 8683 18312 7198 2461 2191 9178 17978 16564 2871 1955 5007 2199 2590 2417 8283 13693 13329 9184 7987 6810 4149 7034 6903 895 721 2661
is_linear=0
shrinkage=0.03


Tree=80
num_leaves=31
num_cat=0
split_feature=9 12 32 33 18 1 1 16 1 8 41 41 41 0 9 13 0 16 18 0 15 27 4 12 1 0 6 16 17 0
split_gain=333.783 163.289 81.4149 63.0103 36.7281 30.9545 27.5491 27.0482 26.7991 25.0466 19.3012 18.5636 17.5247 17.4504 15.8006 15.5573 14.8307 19.7445 14.4637 18.1895 14.2216 18.1367 14.1362 13.5411 13.2075 17.6956 14.7098 13.1025 13.161 15.6804
threshold=50.385000000000012 302.37062500000008 1.6012500000000003 138.56250000000003 1.0000000180025095e-35 1.5000000000000002 1.0000000180025095e-35 7262.5431270269191 3.5000000000000004 340.48125000000005 -10905.320984391374 -6088.9417780385002 7687.9710689938156 16.500000000000004 494.55500000000006 0.10250000000000002 5.5000000000000009 993.4885878485926 1.0000000180025095e-35 5.5000000000000009 261.6985416666667 41511.897760416679 164.50000000000003 37.054635416666677 1.0000000180025095e-35 5.5000000000000009 6.7528634361233495 3841.1389306106544 1.0000000180025095e-35 16.500000000000004
decision_type=8 10 10 10 2 2 2 10 2 2 8 8 10 2 10 10 2 10 2 2 10 10 2 10 2 2 2 10 8 2
left_child=2 3 6 10 7 16 23 12 -3 -6 -2 -7 -4 18 20 -8 -5 -18 -13 -20 -10 -22 -19 -1 25 -12 -26 28 -28 -30
right_child=1 8 4 5 9 11 15 -9 14 -11 24 13 -14 -15 -16 -17 17 22 19 -21 21 -23 -24 -25 26 -27 27 -29 29 -31
leaf_value=-0.3521176284745034 -0.42491725790144497 2.31372670024713 -0.049674268696086155 0.061694041980898291 -0.16853292723613983 -0.39575381134728416 -0.39008176831092733 -0.23770770033623315 1.2000920679204308 -0.43761711478067944 -0.083450568466083577 0.09550634880256155 0.37891013437593518 0.18198133316706502 3.670465897123548 -0.31082836552256871 0.4963732042460276 -0.13186750894308247 0.17137007886513372 -0.1535160238432266 0.49031092490470141 -1.1514628895760735 0.24781420119674266 0.15002320491008053 0.027795377763049023 0.12540786208163318 0.065723452626041234 -0.23256981803849042 -0.046451481030753992 0.018127647792828015
leaf_weight=558 265 1423 4347 658 1885 358 1318 861 363 645 465 3540 192 3443 239 457 2171 323 681 1415 488 73 291 215 2298 1226 1208 1144 5620 2395
leaf_count=558 265 1423 4347 658 1885 358 1318 861 363 645 465 3540 192 3443 239 457 2171 323 681 1415 488 73 291 215 2298 1226 1208 1144 5620 2395
internal_value=2.47744e-05 0.00163072 -0.00458632 0.00095284 -0.00308662 0.00248273 -0.00925069 -0.00168858 0.00883649 -0.00606875 -0.000394953 0.00159409 -0.000763216 0.00185848 0.00545103 -0.0113091 0.00491725 0.00587401 0.000830229 -0.00114449 0.00366486 0.00066726 0.00112195 -0.0045155 -0.00024657 0.00224291 -0.000579109 -0.00106047 -0.000684627 -0.00112463
internal_weight=40565 30087 10478 27501 7930 12880 2548 5400 2586 2530 14621 9437 4539 9079 1163 1775 3443 2785 5636 2096 924 561 614 773 14356 1691 12665 10367 9223 8015
internal_count=40565 30087 10478 27501 7930 12880 2548 5400 2586 2530 14621 9437 4539 9079 1163 1775 3443 2785 5636 2096 924 561 614 773 14356 1691 12665 10367 9223 8015
is_linear=0
shrinkage=0.03


Tree=81
num_leaves=31
num_cat=0
split_feature=9 12 9 32 18 41 41 29 17 28 6 7 18 7 7 28 8 7 39 0 4 34 40 0 13 23 4 35 26 18
split_gain=316.581 154.507 84.0455 53.1367 36.4908 33.5147 30.5309 28.5437 22.8643 21.2445 25.4444 20.6715 19.3498 18.4844 17.421 16.8626 15.855 15.2447 15.1748 15.0504 14.9462 14.8844 12.7088 14.0788 12.4348 12.0255 11.2568 11.1319 10.7956 11.5025
threshold=51.205000000000005 302.37062500000008 8.5087500000000009 125.00375000000001 1.0000000180025095e-35 -10905.320984391374 -11045.400455597963 411.98000000000008 6159.1635200000001 34271.375000000007 6.0211453744493406 7.8107638888888911 1.0000000180025095e-35 5.446180555555558 4.5156250000000009 42444.937500000007 419.13750000000005 5.0434027777777795 -75.013749999999973 16.500000000000004 357.50000000000006 119.76500000000001 -3.639999999999993 16.500000000000004 28.500000000000004 2.5000000000000004 172.50000000000003 14.10249999999998 33391.443750000006 1.0000000180025095e-35
decision_type=8 10 10 10 2 8 8 10 10 8 2 2 2 2 2 8 2 2 8 2 2 10 10 2 10 2 2 10 10 2
left_child=2 3 4 5 8 -2 -4 20 17 18 15 22 13 -8 -12 -11 24 -1 -7 28 -3 -15 27 -24 -14 -25 -10 -5 -16 -30
right_child=1 7 6 11 -6 9 12 -9 26 10 14 -13 16 21 19 -17 -18 -19 -20 -21 -22 -23 23 25 -26 -27 -28 -29 29 -31
leaf_value=0.079472867465208874 -0.47991568329231948 1.0493456433080701 -0.27322664313669182 0.1720405196695011 -0.42249905400004006 0.95179344357197415 0.038458422440181113 3.553344188358619 -0.33219024061380054 0.21794159480592029 0.020420111062188367 -0.045703833793387078 -0.16957359475364892 -0.12385533725112065 -0.5182975232610183 0.022888300619712681 -0.49075842184590396 -0.31800513699876176 0.052207820598686679 -0.0016326556603866037 -0.9978739126311853 0.16730688584989009 0.031205624316411613 0.099166388611543255 0.041155317323927069 0.30940193861360243 -0.28158381845915448 0.4367242763621384 -0.040102280944147993 -0.20264251320477725
leaf_weight=365 331 1665 609 2572 1158 310 1958 936 736 528 3739 1102 1492 2214 231 2361 299 791 2621 3213 40 359 2293 1156 262 768 445 1143 3507 1371
leaf_count=365 331 1665 609 2572 1158 310 1958 936 736 528 3739 1102 1492 2214 231 2361 299 791 2621 3213 40 359 2293 1156 262 768 445 1143 3507 1371
internal_value=2.18109e-05 0.0016065 -0.00440921 0.000934782 -0.00822511 1.64718e-06 -0.00255421 0.00853331 -0.00606287 0.000176994 -0.000280918 0.00281572 -0.001959 -0.000863857 -0.000886669 0.0022474 -0.00437439 -0.00305964 0.00251194 -0.00165085 0.0062163 -0.00253497 0.00335056 0.00222262 -0.00328205 0.00411429 -0.00899746 0.00462998 -0.00266243 -0.00236114
internal_weight=40575 29887 10688 27246 3495 18212 7193 2641 2337 17881 14950 9034 6584 4531 12061 2889 2053 1156 2931 8322 1705 2573 7932 4217 1754 1924 1181 3715 5109 4878
internal_count=40575 29887 10688 27246 3495 18212 7193 2641 2337 17881 14950 9034 6584 4531 12061 2889 2053 1156 2931 8322 1705 2573 7932 4217 1754 1924 1181 3715 5109 4878
is_linear=0
shrinkage=0.03


Tree=82
num_leaves=31
num_cat=0
split_feature=9 24 24 11 16 7 32 7 5 15 28 5 39 33 10 22 14 6 16 7 17 23 26 12 0 17 0 7 10 23
split_gain=301.123 159.361 78.4442 75.8621 30.6423 27.2012 26.6079 25.9546 24.8987 19.5246 17.1378 24.2827 17.9994 16.3284 16.155 15.4007 15.2555 14.9702 14.773 14.4625 13.9876 12.7683 14.3194 12.0885 11.5336 16.668 11.2387 11.1689 10.3402 10.1687
threshold=38.07500000000001 379.87500000000006 0.065000000000000016 103.92625000000001 3356.5495781531386 7.7725694444444464 1.1050000000000002 7.4739583333333348 55331.250000000007 62.638541666666676 45350.062500000007 45001.375000000007 -54.004999999999995 108.30500000000002 135.30500000000004 1.0000000180025095e-35 58.040000000000013 6.1273127753303971 6358.5057919720302 7.0225694444444473 6212.1987400000007 5.5000000000000009 43863.767500000009 364.06333333333345 15.500000000000002 6212.1987400000007 17.500000000000004 10.565972222222223 80.812500000000014 3.5000000000000004
decision_type=8 10 8 8 10 2 10 2 2 10 10 2 8 10 10 2 10 2 10 2 8 2 8 10 2 10 2 2 10 2
left_child=2 3 20 7 6 10 -4 14 -9 -10 11 23 -13 -6 18 -14 26 -7 24 -3 -1 -18 -23 -5 25 -2 -8 -19 -26 -27
right_child=1 19 4 5 13 17 16 8 9 -11 -12 12 15 -15 -16 -17 21 27 -20 -21 -22 22 -24 -25 28 29 -28 -29 -30 -31
leaf_value=-0.29876914320259546 -0.0064644661600591746 3.1634125977399679 -0.33372844753862374 0.042763193938477995 -0.31986453725867209 0.26728291489896888 -0.3169891731993339 -0.29094220668596504 0.073777232800276871 -0.11044905153995387 0.013261813315907886 0.60146910357525996 0.2144502858409168 -0.16334674875386698 0.23376023288894443 -0.45980992895677869 0.053886215037876536 -0.036216139639764507 -0.23047898182691545 0.39272079585811298 -0.3375206417007065 -0.28518228194444112 0.14945838560143082 0.99597288906016757 -0.0045399626386851107 -0.15156126039712189 0.020887343256950394 -0.51860976195245523 0.074052363227891355 -0.69101491281811689
leaf_weight=297 8291 1395 883 3198 1310 331 416 1505 568 575 1847 1038 5374 1101 746 100 2048 1536 713 154 1317 478 62 318 1880 365 219 282 1955 136
leaf_count=297 8291 1395 883 3198 1310 331 416 1505 568 575 1847 1038 5374 1101 746 100 2048 1536 713 154 1317 478 62 318 1880 365 219 282 1955 136
internal_value=-1.0386e-05 0.00128838 -0.00517031 0.000815371 -0.00370282 0.00244278 -0.00212564 -0.000548551 -0.00327293 6.55594e-05 0.0030048 0.00349387 0.00457854 -0.00638682 -3.62036e-05 0.00389041 -0.000860732 -0.000662791 -0.000276591 0.0106742 -0.0110898 0.000162225 -0.00393715 0.00148422 -3.91986e-05 -0.000638008 -0.00502358 -0.00173172 0.00133342 -0.00594622
internal_weight=40438 32307 8131 30758 6517 14024 4106 16734 2648 1143 11875 10028 6512 2411 14086 5474 3223 2149 13340 1549 1614 2588 540 3516 12627 8792 635 1818 3835 501
internal_count=40438 32307 8131 30758 6517 14024 4106 16734 2648 1143 11875 10028 6512 2411 14086 5474 3223 2149 13340 1549 1614 2588 540 3516 12627 8792 635 1818 3835 501
is_linear=0
shrinkage=0.03


Tree=83
num_leaves=31
num_cat=0
split_feature=9 24 33 24 41 41 7 18 41 7 7 6 27 0 6 16 24 17 8 17 0 35 6 8 4 27 5 6 5 27
split_gain=301.871 155.834 74.9222 72.1022 35.9125 32.7989 29.1319 26.2715 25.4814 21.8414 21.7263 15.8467 17.6758 15.5684 14.5272 16.0717 14.4701 14.0697 13.1534 12.6045 12.7738 12.5121 12.1961 19.7439 13.2028 14.4656 16.044 12.1827 11.8663 12.2982
threshold=38.07500000000001 379.87500000000006 160.35500000000005 1.0000000180025095e-35 -11870.059211278647 -10905.320984391374 7.7725694444444464 1.0000000180025095e-35 10633.375425678938 5.4913194444444473 4.7135416666666687 6.8579295154185029 47378.375000000007 15.500000000000002 8.029295154185025 9182.2801412618628 465.20500000000004 6212.1987400000007 274.73125000000005 4053.1677550000004 14.500000000000002 10.697499999999996 18.887004405286344 385.9187500000001 18.500000000000004 39059.104166666679 50578.187500000007 5.2614537444933935 50802.187500000007 48400.291666666672
decision_type=8 10 10 8 8 8 2 2 10 2 2 2 10 2 2 10 10 10 2 10 2 10 2 2 2 10 2 2 2 10
left_child=3 2 5 18 -5 -2 21 9 10 19 13 12 -12 17 15 -11 -3 -7 -1 -6 -21 -4 24 -24 -13 26 -26 -8 -23 -30
right_child=1 16 6 4 7 8 27 -9 -10 14 11 22 -14 -15 -16 -17 -18 -19 -20 20 -22 28 23 -25 25 -27 -28 -29 29 -31
leaf_value=-0.26417460260817405 -0.36246111845122159 1.4742013225059145 0.13632821526599698 -0.29164052165497045 0.087158744616632547 0.013109547583852077 0.48966638440383065 -0.26781679078307419 0.19123147655818939 0.19535109648507884 0.072034623073477633 0.17005713516061433 -0.03264655453455205 0.07828631412026521 -0.25286848248917737 -0.33373318193519591 4.235359890217925 -0.28945255999157316 -0.32695048250475267 -0.27119111252018824 0.13942272005258186 0.21554047154528147 0.065237309983410374 -0.099802322693035697 -0.068252079989392631 -0.10545185413726997 0.093225980182476784 -0.11385641794788369 0.47951073864704252 -0.012261486351834208
leaf_weight=240 465 774 4960 543 1180 4666 163 1666 844 225 1201 249 1173 1756 2055 93 768 339 1251 594 290 1629 1721 748 2803 3977 648 1315 1984 216
leaf_count=240 465 774 4960 543 1180 4666 163 1666 844 225 1201 249 1173 1756 2055 93 768 339 1251 594 290 1629 1721 748 2803 3977 648 1315 1984 216
internal_value=-6.36456e-05 0.0012338 0.00076852 -0.00522917 -0.00389048 -0.000275363 0.0028618 -0.00323149 -9.31631e-05 -0.00202456 -0.000316617 -0.00105662 0.00114947 0.00105368 -0.00398694 0.00197492 0.0105379 0.000200759 -0.0111897 0.000232446 -0.00247458 0.00351706 -0.00157288 0.000261134 -0.00216267 -0.00239063 -0.000969003 -0.00103448 0.00480548 0.00624262
internal_weight=40536 32399 30857 8137 6646 20590 10267 6103 20125 4437 19281 12520 2374 6761 2373 318 1542 5005 1491 2064 884 8789 10146 2469 7677 7428 3451 1478 3829 2200
internal_count=40536 32399 30857 8137 6646 20590 10267 6103 20125 4437 19281 12520 2374 6761 2373 318 1542 5005 1491 2064 884 8789 10146 2469 7677 7428 3451 1478 3829 2200
is_linear=0
shrinkage=0.03


Tree=84
num_leaves=31
num_cat=0
split_feature=9 24 33 24 41 41 41 12 33 7 7 6 24 28 7 27 8 6 0 18 23 0 0 18 0 0 10 7 0 28
split_gain=287.872 147.296 70.4269 61.055 37.5389 30.9828 25.7212 23.4235 22.0471 21.8992 20.2572 18.8039 16.7159 15.8058 15.475 14.0409 13.8178 12.7854 12.7073 18.0241 12.8196 18.7634 12.2052 13.1263 29.9649 11.852 11.3192 11.2375 11.0637 10.5033
threshold=30.235000000000003 366.3300000000001 161.76750000000001 1.0000000180025095e-35 -11507.352955209573 -11870.059211278647 8671.3491436982094 24.694791666666671 108.30500000000002 7.6545138888888911 4.7135416666666687 6.0211453744493406 493.73500000000007 25936.687500000004 8.4427083333333375 47486.791666666672 404.38750000000005 4.995814977973569 16.500000000000004 1.0000000180025095e-35 2.5000000000000004 5.5000000000000009 15.500000000000002 1.0000000180025095e-35 5.5000000000000009 5.5000000000000009 52.785000000000004 8.0260416666666696 6.5000000000000009 47073.437500000007
decision_type=8 10 10 10 8 8 10 10 10 2 2 2 10 10 2 10 2 2 2 2 2 2 2 2 2 2 10 2 2 10
left_child=3 2 4 16 -2 -5 10 8 -7 18 22 15 27 -13 26 -12 -1 -11 19 20 29 -22 23 -6 -25 -21 -15 -3 -19 -4
right_child=1 12 9 5 6 7 -8 -9 -10 17 11 13 -14 14 -16 -17 -18 28 -20 25 21 -23 -24 24 -26 -27 -28 -29 -30 -31
leaf_value=-0.28656441778479869 -0.34693066460637972 1.6254628945919773 0.18818100756809655 -0.28861392097194888 0.025580232564654182 -0.31707255184045402 0.14832715241170105 -0.098477941941837524 -0.11641897106128549 0.55469408754568661 0.082178704771199124 0.46735678940414904 4.6254342644549604 -0.098249453204643233 -0.18485305973930549 -0.017591529522319647 -0.32393899160669615 -0.51384848781216441 0.29635904274001462 0.29819980243018535 0.089325858911882813 1.5251252906310124 0.07734727273023978 0.084074740702774237 -0.16513089631030858 -0.099113387180311749 -0.019960830873529858 -0.77223678403674223 -0.01018432004773615 -0.052774422823895502
leaf_weight=392 474 1040 2837 491 3432 1291 1245 2852 755 160 1006 96 586 2237 1577 934 1041 266 2901 593 234 307 1756 635 1086 1223 7353 53 1125 378
leaf_count=392 474 1040 2837 491 3432 1291 1245 2852 755 160 1006 96 586 2237 1577 934 1041 266 2901 593 234 307 1756 635 1086 1223 7353 53 1125 378
internal_value=-4.16285e-05 0.00110124 0.00064462 -0.0056588 -0.00031124 -0.00419388 -0.000125714 -0.00347214 -0.00592086 0.00272618 -0.000384826 -0.00107354 0.00975893 -0.00154341 -0.00164801 0.00165379 -0.0111611 -0.000550902 0.00332606 0.00248699 0.00367314 0.0079428 0.000931259 0.000194994 -0.00194251 3.30215e-05 -0.00119487 0.00755484 -0.00147629 0.00295243
internal_weight=40356 33534 31855 6822 21831 5389 21357 4898 2046 10024 20112 13203 1679 11263 11167 1940 1433 1551 8473 5572 3756 541 6909 5153 1721 1816 9590 1093 1391 3215
internal_count=40356 33534 31855 6822 21831 5389 21357 4898 2046 10024 20112 13203 1679 11263 11167 1940 1433 1551 8473 5572 3756 541 6909 5153 1721 1816 9590 1093 1391 3215
is_linear=0
shrinkage=0.03


Tree=85
num_leaves=31
num_cat=0
split_feature=9 33 33 17 24 41 1 1 0 24 41 17 4 16 14 28 0 8 41 4 1 28 15 33 22 14 1 38 6 12
split_gain=269.903 158.46 57.8079 52.5478 44.6881 35.528 28.169 25.7405 20.6675 20.0847 18.4981 18.5161 19.2238 17.6904 18.5026 17.0017 16.1635 14.9094 14.7888 13.558 12.8214 12.4344 12.4208 14.8283 11.5435 10.4343 10.1073 10.0864 9.51114 9.49166
threshold=21.365000000000006 292.96500000000009 150.00500000000002 5747.888640000001 427.28500000000003 -11678.402675864125 1.0000000180025095e-35 3.5000000000000004 5.5000000000000009 0.28125000000000006 8671.3491436982094 37.861660000000015 166.50000000000003 3500.5956105060945 47.195 38015.875000000007 15.500000000000002 575.13125000000014 -9787.1853589547609 350.50000000000006 1.5000000000000002 25936.687500000004 144.3897916666667 115.87500000000001 1.0000000180025095e-35 102.21000000000002 4.5000000000000009 0.89000000000000778 22.775550660792955 24.694791666666671
decision_type=8 10 10 10 8 8 2 2 2 10 10 10 2 10 10 10 2 2 10 2 2 8 10 10 2 10 2 10 2 8
left_child=3 2 5 7 20 -2 8 13 -4 -5 11 21 -13 14 -1 -9 26 24 -11 -10 -3 -7 23 29 27 -20 -14 -8 -25 -23
right_child=1 4 6 9 -6 10 17 15 19 18 -12 12 16 -15 -16 -17 -18 -19 25 -21 -22 22 -24 28 -26 -27 -28 -29 -30 -31
leaf_value=-0.4658038656069225 -0.30111857460824643 1.2328831122204957 -0.034700055488470549 -0.2928913090503667 3.3541408506205674 0.50932035269267106 0.14798686148071469 -0.42626003889707637 0.88048647650256795 -0.31422887028564456 0.1163527874431432 -0.27535780687138894 -0.043872251809684425 -0.22257508395236278 0.079636636708119823 -0.11898954327497387 0.090203590014502233 -0.23407760872646136 -0.35054024357472879 -0.53198311560426415 0.46533260487574407 -0.26557228035113334 -0.16434959247953543 0.0298797248986898 -0.4905344171633429 -0.046243888994370666 -0.35170771459878686 0.044189545906908732 0.15229938797958553 -0.011358299067814527
leaf_weight=188 509 550 286 1171 1051 105 4436 695 918 402 1041 1325 1029 657 1082 546 908 352 444 45 1706 333 633 4361 248 358 416 3874 534 10187
leaf_count=188 509 550 286 1171 1051 105 4436 695 918 402 1041 1325 1029 657 1082 546 908 352 444 45 1706 333 633 4361 248 358 416 3874 534 10187
internal_value=-5.57055e-05 0.000922435 0.000267271 -0.006204 0.00716898 -0.000618043 0.00213041 -0.00367308 0.006348 -0.00957702 -0.000426867 -0.000631555 -0.00255232 -0.00150156 0.000566483 -0.00704106 -0.000923959 0.00153855 -0.00684647 0.00844917 0.00478511 -0.00019407 -0.000261699 -9.24364e-05 0.00178759 -0.00448319 -0.00289419 0.0019781 0.00127145 -0.000727117
internal_weight=40390 34847 31540 5543 3307 21381 10159 3168 1249 2375 20872 19831 3678 1927 1270 1241 2353 8910 1204 963 2256 16153 16048 15415 8558 802 1445 8310 4895 10520
internal_count=40390 34847 31540 5543 3307 21381 10159 3168 1249 2375 20872 19831 3678 1927 1270 1241 2353 8910 1204 963 2256 16153 16048 15415 8558 802 1445 8310 4895 10520
is_linear=0
shrinkage=0.03


Tree=86
num_leaves=31
num_cat=0
split_feature=9 33 32 32 24 7 41 41 34 1 7 4 18 1 1 1 13 13 6 27 41 25 13 4 14 6 7 27 16 41
split_gain=269.183 151.194 61.3569 54.2353 42.489 41.1525 31.801 28.7102 25.9491 23.0057 21.1431 20.1117 17.6824 14.6781 14.1987 14.1132 12.3214 11.348 12.5581 13.8578 11.0855 10.5697 11.9789 10.6328 10.5129 10.431 22.1406 10.3608 10.2188 10.0418
threshold=21.365000000000006 292.96500000000009 112.47500000000001 1.1050000000000002 446.81000000000006 9.9357638888888911 -6001.2337053754554 -6870.8202805429582 116.00500000000001 1.0000000180025095e-35 5.0989583333333348 188.50000000000003 1.0000000180025095e-35 1.0000000180025095e-35 3.5000000000000004 1.0000000180025095e-35 0.85125000000000017 33.412500000000001 6.3341409691629975 47486.791666666672 -12869.013811707102 199.11354166666669 293.64000000000004 104.50000000000001 147.17500000000004 10.261013215859034 7.5086805555555571 31804.515520833334 4874.5650524793682 13259.921016334762
decision_type=8 10 10 10 8 2 8 8 10 2 2 2 2 2 2 2 10 10 2 10 10 10 8 2 10 2 2 10 10 10
left_child=3 2 5 9 14 6 11 -5 13 -1 -4 -2 28 -8 -3 -10 -11 24 19 -19 -13 -16 23 -23 -12 -15 -27 -20 -9 -17
right_child=1 4 10 7 -6 -7 8 12 15 16 17 20 -14 25 21 29 -18 18 27 -21 -22 22 -24 -25 -26 26 -28 -29 -30 -31
leaf_value=-0.26504964910573986 -0.30169325483410242 0.88032716367195052 0.14093833526215802 -0.23469726115950423 3.5645013861946424 -0.3507947147906148 0.0484571388974534 0.018604807229014086 0.41247407510854911 -0.33661185672888189 0.060565726836191019 -0.27469505482660933 -0.29639065922610458 0.0046948652542415916 1.0652158167906418 0.04277755414366808 -0.18521380681412319 0.22101976372406085 0.078905240223964904 -0.078869791959831584 -0.011624559574826634 0.64823219506916985 0.93541922855107706 -0.35615233683201181 0.46953773032573748 -0.03220605471067834 -0.28316230695386219 -0.072274952203995324 -0.25567925040790607 0.33228810204393178
leaf_weight=679 903 1250 5419 959 893 728 1914 1466 573 1302 684 164 665 3761 139 4050 164 720 978 337 1057 104 456 482 468 6559 796 2377 345 208
leaf_count=679 903 1250 5419 959 893 728 1914 1466 573 1302 684 164 665 3761 139 4050 164 720 978 337 1057 104 456 482 468 6559 796 2377 345 208
internal_value=1.25613e-05 0.000987693 0.000349244 -0.00610643 0.00707368 -0.000611905 -0.0003565 -0.00376746 5.62647e-05 -0.00984856 0.00216178 -0.00382588 -0.00205894 -0.000640012 0.00501439 0.00193398 -0.0119632 0.000862534 0.000169952 0.00301985 -0.00131342 0.00265228 0.00161074 -0.00122658 0.00351258 -0.00105784 -0.00171493 -0.000728546 -0.000521523 0.00133834
internal_weight=40600 35020 31696 5580 3324 20713 19985 3435 17861 2145 10983 2124 2476 13030 2431 4831 1466 5564 4412 1057 1221 1181 1042 586 1152 11116 7355 3355 1811 4258
internal_count=40600 35020 31696 5580 3324 20713 19985 3435 17861 2145 10983 2124 2476 13030 2431 4831 1466 5564 4412 1057 1221 1181 1042 586 1152 11116 7355 3355 1811 4258
is_linear=0
shrinkage=0.03


Tree=87
num_leaves=31
num_cat=0
split_feature=9 33 24 1 16 33 17 1 12 8 7 18 7 23 1 32 12 4 7 17 6 22 6 15 32 39 6 0 7 0
split_gain=263.061 157.445 73.7297 43.5154 33.3217 33.5548 30.8274 26.971 21.7011 21.1333 21.0281 20.1194 17.7808 17.4034 16.9099 15.1698 14.2038 13.9259 12.9227 12.6927 12.1887 12.1844 12.1082 12.35 12.303 11.8725 10.8102 10.5344 10.4025 10.2631
threshold=13.486250000000002 188.70500000000001 427.28500000000003 3.5000000000000004 6358.5057919720302 126.03250000000001 6212.1987400000007 1.5000000000000002 56.820885416666677 400.83125000000007 7.6545138888888911 1.0000000180025095e-35 5.3697916666666687 1.5000000000000002 2.5000000000000004 1.6012500000000003 24.694791666666671 166.50000000000003 9.8107638888888911 4319.7382650000009 18.614537444933926 1.0000000180025095e-35 8.5955947136563911 116.56833333333334 102.105 -12.495000000000003 5.2614537444933935 16.500000000000004 5.4913194444444473 14.500000000000002
decision_type=8 10 8 2 10 10 10 2 10 2 2 2 2 2 2 10 8 2 2 10 2 2 2 10 10 10 2 2 2 2
left_child=3 4 7 6 5 9 12 28 -6 16 21 13 -1 -11 25 -5 -2 -8 -18 20 -10 27 23 -16 29 -7 -12 -9 -3 -24
right_child=1 2 -4 15 8 14 17 10 19 11 26 -13 -14 -15 22 -17 18 -19 -20 -21 -22 -23 24 -25 -26 -27 -28 -29 -30 -31
leaf_value=0.10205812838303259 -0.18981205627498382 0.70602572122085061 3.1336274942740627 -0.33877695943861946 -0.2429224111486217 0.1967605105098891 -0.27497559057776577 0.14904631117365738 -0.032470792168313591 -0.069981862497227529 0.28414472664533308 -0.34714217512773249 -0.24233331327336657 0.10397634470195796 0.18788694457097271 -0.26200591593807854 0.0031249185950251147 -0.21869858236374165 -0.19569280442571563 -0.30740219402469088 0.5747693391951485 -0.80885222785530031 -0.25883635280287276 -0.0046606736647267152 0.032999490484681572 0.014795032455972431 -0.24286668658257368 0.36917437491062088 0.30981145707219171 -0.0093190032061903592
leaf_weight=519 736 1065 1073 860 1449 2712 678 3309 1399 1540 144 789 865 277 774 895 11610 453 296 236 98 92 752 620 1978 1041 704 1618 936 854
leaf_count=519 736 1065 1073 860 1449 2712 678 3309 1399 1540 144 789 865 277 774 895 11610 453 296 236 98 92 752 620 1978 1041 704 1618 936 854
internal_value=3.04659e-05 0.000863363 0.00431615 -0.00701007 -0.00027336 0.000109466 -0.00447734 0.00330919 -0.0031574 -0.000739721 0.00228272 -0.00319908 -0.00147292 -0.0014604 0.00159242 -0.010635 -0.00023254 -0.00814929 1.76367e-05 -0.000891003 0.000130174 0.00302092 0.000445873 0.0028172 -0.000476987 0.00311268 -0.00208481 0.00322342 0.00631618 -0.00242688
internal_weight=40372 36102 8941 4270 27161 23979 2515 7868 3182 15248 5867 2606 1384 1817 8731 1755 12642 1131 11906 1733 1497 5019 4978 1394 3584 3753 848 4927 2001 1606
internal_count=40372 36102 8941 4270 27161 23979 2515 7868 3182 15248 5867 2606 1384 1817 8731 1755 12642 1131 11906 1733 1497 5019 4978 1394 3584 3753 848 4927 2001 1606
is_linear=0
shrinkage=0.03


Tree=88
num_leaves=31
num_cat=0
split_feature=9 11 29 41 41 33 22 18 1 7 7 32 38 5 27 7 6 5 25 41 4 41 40 27 5 0 23 4 12 7
split_gain=257.675 147.345 62.2994 56.1444 46.7906 31.7322 31.5142 25.7801 24.5822 19.7319 17.3299 16.7769 15.4974 18.9043 22.8814 14.8813 21.045 14.7511 14.6292 16.7985 15.7402 12.7844 13.7889 12.3093 11.9574 11.8992 12.2845 11.5538 10.8265 10.6204
threshold=16.321250000000003 195.14000000000001 411.98000000000008 -10905.320984391374 -6870.8202805429582 126.03250000000001 1.0000000180025095e-35 1.0000000180025095e-35 1.5000000000000002 7.9392361111111134 9.3559027777777803 6.0150000000000015 -1.7187499999999856 50681.250000000007 32222.833333333339 5.2309027777777795 7.055726872246697 60156.250000000007 116.98125000000002 10921.775007773575 32.500000000000007 13259.921016334762 -6.3487499999999946 45776.812500000007 38453.875000000007 4.5000000000000009 2.5000000000000004 351.50000000000006 38.983541666666675 4.6128472222222241
decision_type=8 10 10 8 8 8 2 2 2 2 2 10 8 2 8 2 2 2 10 8 2 8 10 10 2 2 2 2 10 2
left_child=4 3 6 -2 -1 15 8 11 10 12 25 28 24 29 -15 -5 -17 -11 19 20 -16 -20 -23 -19 -7 -3 -27 -18 -6 -14
right_child=1 2 -4 5 7 9 -8 -9 -10 17 -12 -13 13 14 18 16 27 23 21 -21 -22 22 -24 -25 -26 26 -28 -29 -30 -31
leaf_value=-0.25151846179430271 -0.26420421788687776 0.074640010054861677 2.9372100063155293 0.0049850335119184302 -0.31489656572744545 -0.017476424360066786 -0.54667344347719848 -0.37440917283125885 0.208570052711476 -0.21489601022018659 -0.22547385897717731 -0.0052317173144797377 0.063300710354623743 0.77886436016342564 0.22623492338405704 0.030336289251139108 -0.07000114448183524 0.57119751168464838 -0.14148204888584096 0.33113960221108429 -0.030421562608824927 0.22317669756354633 -0.028725551176322597 -0.0582586515747349 0.18088243273533669 0.45387081406713659 1.4680742511113698 -0.51021758185753363 -0.060649650045108527 -0.085709681957232817
leaf_weight=1578 874 222 938 7530 967 573 275 838 3438 1197 99 1077 1422 266 184 1728 6479 163 452 771 695 748 1105 270 2650 668 730 161 311 2340
leaf_count=1578 874 222 938 7530 967 573 275 838 3438 1197 99 1077 1422 266 184 1728 6479 163 452 771 695 748 1105 270 2650 668 730 161 311 2340
internal_value=-3.49693e-05 0.00083382 0.00497253 -5.67395e-05 -0.00658529 0.00017122 0.00373827 -0.00449436 0.00426619 0.00128067 0.00719477 -0.00288413 0.00172928 0.00102017 0.00239815 -0.000724574 -0.00159517 -0.00180258 0.00182381 0.00397941 0.00114205 0.000279705 0.0013835 0.00293779 0.0034848 0.00793954 0.00896355 -0.0023626 -0.00520719 -0.000526176
internal_weight=40749 35978 6370 29608 4771 28734 5432 3193 5157 12836 1719 2355 11206 7983 4221 15898 8368 1630 3955 1650 879 2305 1853 433 3223 1620 1398 6640 1278 3762
internal_count=40749 35978 6370 29608 4771 28734 5432 3193 5157 12836 1719 2355 11206 7983 4221 15898 8368 1630 3955 1650 879 2305 1853 433 3223 1620 1398 6640 1278 3762
is_linear=0
shrinkage=0.03


Tree=89
num_leaves=31
num_cat=0
split_feature=9 11 24 17 12 8 16 1 1 0 17 7 6 40 1 7 24 1 28 22 39 24 7 7 14 16 14 1 25 6
split_gain=257.817 160.325 61.3812 41.67 41.1002 34.2385 31.4251 25.4109 23.6809 22.4302 22.6789 17.7648 23.494 17.087 15.6596 15.5749 14.9063 14.4579 13.9044 13.5759 12.9935 12.8298 12.6716 12.4084 12.348 12.4713 11.2355 10.7986 14.483 10.7928
threshold=13.486250000000002 195.14000000000001 427.28500000000003 6212.1987400000007 87.368645833333332 256.90625000000006 6669.4267913280246 1.5000000000000002 3.5000000000000004 15.500000000000002 1878.6243000000002 5.7239583333333348 8.6773127753303996 -5.1600000000000064 4.5000000000000009 8.5017361111111125 0.28125000000000006 1.0000000180025095e-35 53368.219218750011 1.0000000180025095e-35 -36.974999999999994 22.506250000000005 9.8107638888888911 7.8107638888888911 38.355000000000011 4610.147212008249 102.21000000000002 4.5000000000000009 42.728750000000012 21.669823788546257
decision_type=8 10 8 10 8 2 10 2 2 2 10 2 2 8 2 2 10 2 10 2 10 10 2 2 10 10 10 2 10 2
left_child=3 4 7 8 6 13 9 22 24 10 11 27 -13 15 16 20 -5 -7 -8 23 -6 -19 -3 -9 -1 -26 -18 -2 -29 -15
right_child=1 2 -4 14 5 17 18 19 -10 -11 -12 12 -14 29 -16 -17 26 21 -20 -21 -22 -23 -24 -25 25 -27 -28 28 -30 -31
leaf_value=-0.44415713362076864 0.027986729370780061 0.67254931691939956 2.9765891777099909 -0.25542299030154458 0.2905760324959612 0.29068843929873112 -0.2070647157024583 0.25443308935773418 -0.30067124771458048 0.028334115111840603 -0.23524289122575751 0.015283413921337967 -0.17033299169247648 0.0059101206118314306 -0.31564723929460115 -0.091990513060920653 -0.28994908311567408 -0.58749785196784421 0.21758497165716115 -0.47300240351805012 0.086157214531478982 -0.047791484304321369 -0.18453879135300694 -0.079329617024303051 0.059996610015833549 -0.2588334986063478 -0.039485275777468944 0.053768881323550129 -0.17119984008602535 0.12763833522049892
leaf_weight=183 3198 1571 1080 693 1410 227 2035 2909 883 5360 1263 1123 2233 4316 647 506 403 247 75 182 3205 2722 85 511 860 324 311 667 719 531
leaf_count=183 3198 1571 1080 693 1410 227 2035 2909 883 5360 1263 1123 2233 4316 647 506 403 247 75 182 3205 2722 85 511 860 324 311 667 719 531
internal_value=-1.44516e-05 0.00081145 0.00514434 -0.0069547 -0.000109089 0.00114394 -0.00109842 0.00380491 -0.0041315 -0.000602513 -0.00150098 -0.000906687 -0.00256479 0.00201023 -0.0100438 0.00321847 -0.00825639 -0.00155771 -0.00451919 0.00238968 0.00376625 -0.00211616 0.0068799 0.00281497 -0.0016557 -0.000531646 -0.0052028 0.000307525 -0.00190339 0.000733292
internal_weight=40479 36175 6338 4304 29837 13164 16673 5258 2250 14563 9203 7940 3356 9968 2054 5121 1407 3196 2110 3602 4615 2969 1656 3420 1367 1184 714 4584 1386 4847
internal_count=40479 36175 6338 4304 29837 13164 16673 5258 2250 14563 9203 7940 3356 9968 2054 5121 1407 3196 2110 3602 4615 2969 1656 3420 1367 1184 714 4584 1386 4847
is_linear=0
shrinkage=0.03


Tree=90
num_leaves=31
num_cat=0
split_feature=9 33 41 33 41 29 1 14 8 7 7 6 1 1 32 38 7 18 8 32 41 25 7 15 27 6 32 8 16 7
split_gain=243.572 142.234 54.6117 45.6009 45.2797 37.0717 28.2969 22.7135 20.0894 19.4176 18.5916 26.7242 18.0804 14.8492 13.7174 13.3601 12.3214 12.1604 11.9038 11.6832 10.694 10.6107 10.4736 10.2877 10.1801 9.96977 9.62531 9.60486 9.41328 9.01535
threshold=13.486250000000002 292.96500000000009 -10905.320984391374 144.3425 -5838.4980048902426 411.98000000000008 1.0000000180025095e-35 47.195 0.11250000000000002 10.071180555555559 5.8281250000000027 10.766299559471367 3.5000000000000004 3.5000000000000004 67.725000000000009 12.614999999999997 11.039930555555559 1.0000000180025095e-35 575.13125000000014 35.135000000000012 1719.0124649134925 295.79687500000006 7.1753472222222241 149.58244791666669 27931.895833333339 10.625770925110134 3.6175000000000002 201.35000000000005 1871.5249346499666 6.633680555555558
decision_type=8 10 8 10 8 10 2 10 2 2 2 2 2 2 10 10 2 2 2 10 8 10 2 10 10 2 10 2 10 2
left_child=4 2 -2 10 26 12 8 -6 23 15 14 16 24 20 -4 18 -12 19 22 -13 -9 -14 -8 -5 -3 -26 -1 29 -16 -15
right_child=1 5 3 6 7 -7 9 13 -10 -11 11 17 21 27 28 -17 -18 -19 -20 -21 -22 -23 -24 -25 25 -27 -28 -29 -30 -31
leaf_value=-0.24347250081262134 -0.25351117465973483 1.4308240238674819 -0.036194285979501327 0.39600210610242853 -0.39849637728823667 2.7654436985540438 0.14894230821004825 -0.22052679181710155 0.88404457751466992 -0.40310024562642777 0.011269307805961297 -0.24661362992053618 0.60600066291575239 0.089956289331302466 0.032814521526293133 0.004508343893233473 -0.31353168551389293 -0.25699347169006775 -0.21712398396501129 -0.034364248656424651 0.028732559671409703 -0.2091575414809381 -0.0018694003528310077 -0.043502407003285837 0.73102431543579194 -0.14730656894068517 -0.21939964951851021 -0.46846639455005601 -0.030343454243949422 -0.38771958177109178
leaf_weight=1037 884 715 3799 209 549 920 4852 672 704 311 3990 772 560 148 6527 3443 109 1288 242 2461 866 525 1040 414 440 172 570 341 1692 112
leaf_count=1037 884 715 3799 209 549 920 4852 672 704 311 3990 772 560 148 6527 3443 109 1288 242 2461 866 525 1040 414 440 172 570 341 1692 112
internal_value=-3.86473e-05 0.000765595 0.000164488 0.000368714 -0.0067912 0.00666967 0.00190843 -0.00440684 0.00602033 0.00135605 -0.000468046 -0.00153114 0.00471198 -0.00300701 0.000294534 0.00159584 0.000223171 -0.00312141 0.00243521 -0.00213822 -0.0014425 0.00183702 0.00270321 0.00209135 0.00705949 0.00420881 -0.0107743 -0.00700166 0.000983577 -0.00264368
internal_weight=40364 36069 32737 31853 4295 3332 11215 2688 1327 9888 20638 8620 2412 2139 12018 9577 4099 4521 6134 3233 1538 1085 5892 623 1327 612 1607 601 8219 260
internal_count=40364 36069 32737 31853 4295 3332 11215 2688 1327 9888 20638 8620 2412 2139 12018 9577 4099 4521 6134 3233 1538 1085 5892 623 1327 612 1607 601 8219 260
is_linear=0
shrinkage=0.03


Tree=91
num_leaves=31
num_cat=0
split_feature=9 33 41 41 24 34 1 7 6 1 8 22 28 38 7 14 41 2 7 8 16 26 1 32 32 41 7 1 28 35
split_gain=237.724 135.546 55.8517 48.9186 47.3636 44.6173 21.1757 20.3051 20.0741 18.6173 17.2352 16.8961 16.7446 15.9267 14.7246 14.3294 13.9651 13.4162 13.3242 12.8199 15.5963 13.2422 13.0986 10.7698 10.6565 10.2326 10.2916 10.0562 9.6718 9.55515
threshold=15.317500000000001 275.03500000000003 -10905.320984391374 -5921.6057798285756 465.20500000000004 116.00500000000001 3.5000000000000004 7.5086805555555571 7.055726872246697 1.0000000180025095e-35 1.0000000180025095e-35 1.0000000180025095e-35 30825.875000000004 15.918749999999996 11.411458333333337 41.100000000000009 1454.3448202590337 11.500000000000002 7.6163194444444473 538.03750000000014 2901.8244439513869 37732.03375000001 2.5000000000000004 3.6175000000000002 1.9550000000000003 14594.767780363725 5.446180555555558 1.5000000000000002 41348.404375000006 7.9250000000000016
decision_type=8 10 8 8 10 10 2 2 2 2 2 2 8 10 2 10 8 2 2 2 10 8 2 10 10 10 2 2 10 10
left_child=3 2 -2 23 11 7 15 12 29 10 -7 18 -4 14 25 -5 -17 -10 27 20 -14 -22 -21 -1 -8 26 -11 -3 -24 -9
right_child=1 4 5 6 -6 9 24 8 17 13 -12 -13 19 -15 -16 16 -18 -19 -20 22 21 -23 28 -25 -26 -27 -28 -29 -30 -31
leaf_value=-0.23754141629635445 -0.25807063402362096 1.2228184731755061 0.16038880259665531 -0.39552387482290768 3.5103281107870519 0.055127083639388133 -0.39259812221881657 0.068003418077945244 -0.13916155979607978 0.11005807445461968 0.66124702410758696 -1.0175149643608892 0.0070452105998806041 -0.019665653300370921 -0.57977665876205087 -0.21654400322513676 0.033821649500805788 -0.60169330387628372 -0.04330152623998202 0.010372685222760936 -0.26738212063026667 -0.049088351821171904 -0.22416700837943043 -0.20850733492885812 -0.26794692637180073 0.30124021828904574 0.023869119689474375 0.49357955004013304 0.16796908187811108 -0.12067780376344991
leaf_weight=1046 888 689 626 254 752 796 367 346 1985 4365 836 46 10318 4021 97 745 1015 244 355 503 440 1682 697 628 562 277 3796 1932 80 122
leaf_count=1046 888 689 626 254 752 796 367 346 1985 4365 836 46 10318 4021 97 745 1015 244 355 503 440 1682 697 628 562 277 3796 1932 80 122
internal_value=-6.66486e-05 0.000757648 0.000125623 -0.00647358 0.0061351 0.000336674 -0.00414232 -0.0006979 -0.00308562 0.00157939 0.00459277 0.00445584 -0.000248833 0.00118739 0.00192069 -0.00241191 -0.00144804 -0.0042713 0.00473631 -0.000467896 -0.000173619 -0.00251531 -0.00332553 -0.0105672 -0.0078871 0.00205475 0.00186168 0.00547483 -0.00576478 0.00255864
internal_weight=40510 35893 32119 4617 3774 31231 2943 17043 2697 14188 1632 3022 14346 12556 8535 2014 1760 2229 2976 13720 12440 2122 1280 1674 929 8438 8161 2621 777 468
internal_count=40510 35893 32119 4617 3774 31231 2943 17043 2697 14188 1632 3022 14346 12556 8535 2014 1760 2229 2976 13720 12440 2122 1280 1674 929 8438 8161 2621 777 468
is_linear=0
shrinkage=0.03


Tree=92
num_leaves=31
num_cat=0
split_feature=9 12 41 33 41 24 41 4 7 5 14 24 12 4 39 18 23 39 16 7 11 4 16 14 8 5 28 35 5 28
split_gain=229.347 134.389 55.8071 43.5426 36.9529 34.4142 25.7759 23.7562 22.5379 25.2283 18.1779 15.986 15.2511 15.1091 13.7856 18.0574 13.0246 12.9924 12.4617 12.3184 11.6955 11.6654 13.6204 11.8738 11.5894 11.8628 17.3643 11.5583 10.8922 20.0305
threshold=10.450000000000001 302.37062500000008 -3887.9533810209773 126.03250000000001 -6001.2337053754554 465.20500000000004 -12048.854118306437 188.50000000000003 5.789930555555558 45400.437500000007 47.195 1.0000000180025095e-35 24.694791666666671 349.50000000000006 -41.094999999999978 1.0000000180025095e-35 1.5000000000000002 -23.123749999999998 13880.037710919758 10.071180555555559 118.22500000000001 248.50000000000003 2054.304916433869 100.74500000000002 529.36250000000007 36591.937500000007 39105.250000000007 182.39000000000004 51456.250000000007 39583.875000000007
decision_type=8 10 8 10 8 8 10 2 2 2 10 10 8 2 10 2 2 10 10 2 10 2 10 10 2 2 8 10 2 10
left_child=4 2 6 12 -1 27 -2 -8 14 -10 -6 -12 -4 17 15 16 20 18 28 24 -5 23 -23 -9 25 -14 -27 -3 -11 -30
right_child=1 5 3 8 10 -7 7 21 9 13 11 -13 19 -15 -16 -17 -18 -19 -20 -21 -22 22 -24 -25 -26 26 -28 -29 29 -31
leaf_value=-0.22524669406435277 -0.25616475561353941 0.80151181651774239 -0.18915586014902086 0.076548080844071081 -0.38063425324420203 3.3824480597300299 -0.20176982020020207 -0.12945699211650386 -0.16489880689414063 0.045505095465616985 -0.33022062709929789 -0.13122296958807397 -0.079722644945301832 -0.42546920910790448 0.084682710378519058 0.019112257791487224 0.85437343600999893 0.0030504727879871038 -0.62494360339098154 -0.2102369848497215 0.43309678266867235 0.097196708933747045 -0.1963527774598679 0.21635706241869526 -0.077368429634005656 0.046437708970452435 -0.011929594416431754 -0.53690392643922735 0.62484104701879895 0.12386336127452381
leaf_weight=1376 662 1710 829 832 502 735 1780 395 1383 980 462 1481 986 327 5992 720 473 2282 82 294 646 252 759 741 1206 4153 6677 114 527 1161
leaf_count=1376 662 1710 829 832 502 735 1780 395 1383 980 462 1481 986 327 5992 720 473 2282 82 294 646 252 759 741 1206 4153 6677 114 527 1161
internal_value=-9.80997e-05 0.000630262 0.000133128 0.000611147 -0.00709184 0.00725977 -0.00294444 -0.00202011 0.00171459 0.000413762 -0.00487531 -0.0035571 -0.000590626 0.00134608 0.0027268 0.00451909 0.00601691 0.00175243 0.00314068 -0.000344672 0.00462475 0.000104749 -0.00223814 0.00218997 -0.000207326 7.87002e-05 0.000365617 0.00504658 0.00349569 0.0049556
internal_weight=40519 36698 34139 29550 3821 2559 4589 3927 15405 6742 2445 1943 14145 5359 8663 2671 1951 5032 2750 13316 1478 2147 1011 1136 13022 11816 10830 1824 2668 1688
internal_count=40519 36698 34139 29550 3821 2559 4589 3927 15405 6742 2445 1943 14145 5359 8663 2671 1951 5032 2750 13316 1478 2147 1011 1136 13022 11816 10830 1824 2668 1688
is_linear=0
shrinkage=0.03


Tree=93
num_leaves=31
num_cat=0
split_feature=9 24 33 41 41 1 1 27 7 12 1 8 8 14 1 5 38 41 16 4 39 7 5 17 8 27 41 5 4 41
split_gain=231.26 134.628 68.2004 42.3908 29.5324 29.4571 20.8605 19.5959 18.7771 17.8368 17.7655 20.2363 19.5949 16.1808 14.0688 13.403 19.7851 13.5079 13.3794 16.9602 15.984 12.5925 15.7171 12.5224 12.4572 17.1684 10.9268 10.9069 10.7199 10.3251
threshold=12.578750000000001 379.87500000000006 138.56250000000003 -6001.2337053754554 -12048.854118306437 1.5000000000000002 3.5000000000000004 25142.895833333336 8.0260416666666696 24.694791666666671 1.0000000180025095e-35 0.11250000000000002 186.11250000000004 41.100000000000009 4.5000000000000009 39056.250000000007 -5.4874999999999927 2171.4324529777227 1826.0590961531952 164.50000000000003 -28.048749999999995 8.8177083333333375 60751.500000000007 6553.5551100000012 426.93125000000003 31804.515520833334 8883.2358550743429 67056.250000000015 176.50000000000003 1546.770362776206
decision_type=8 10 10 8 8 2 2 10 2 8 2 2 2 10 2 2 10 8 10 2 10 2 2 10 2 10 10 2 2 10
left_child=3 2 4 -1 -2 18 13 -3 15 26 11 -11 21 -5 -9 -7 -17 -18 20 -20 -4 -12 -23 -15 25 -19 -6 -22 -25 -10
right_child=1 7 5 6 9 8 -8 14 29 10 12 -13 -14 23 -16 16 17 24 19 -21 27 22 -24 28 -26 -27 -28 -29 -30 -31
leaf_value=-0.21946226029873264 -0.22539479866556014 3.330999747405837 0.5502281414936453 -0.37660810847394044 -0.18403231105888262 -0.085420573363323052 -0.35127382028431098 1.3068617674483816 -0.19270068732805129 -0.022359864790955867 0.0046427228843795377 0.13874736345273192 -0.06486553532270406 0.014404233176521543 -0.66772622300849571 0.25733154850933926 -0.097122642851551214 0.38765517276472322 -0.2683872817582974 0.21691608502171703 0.092661270150259573 -0.26675730600300362 0.067985281002436157 -0.32702875918706598 -0.12519175333599419 0.067815450058385018 0.4906334808490459 0.40280151319154867 0.035144757597216338 0.26010181332845705
leaf_weight=1504 520 722 1476 265 1224 1048 840 730 1290 1147 10336 1177 4991 1029 112 1309 800 1154 338 297 1246 632 219 334 685 4370 82 410 179 104
leaf_count=1504 520 722 1476 265 1224 1048 840 730 1290 1147 10336 1177 4991 1029 112 1309 800 1154 338 297 1246 632 219 334 685 4370 82 410 179 104
internal_value=-9.46489e-05 0.000670099 0.000283595 -0.00680275 -0.000838211 0.00185332 -0.00451473 0.00927796 0.00105381 -0.000652734 -0.000413446 0.00203871 -0.000765808 -0.00269635 0.00615658 0.00153731 0.00194014 0.00130742 0.00413615 0.000165094 0.00494095 -6.83768e-05 -0.00357394 -0.00151653 0.00178019 0.00225339 -0.00403979 0.00291491 -0.00534047 -0.00219355
internal_weight=40570 36419 34855 4151 20328 14527 2647 1564 10760 19808 18502 2324 16178 1807 842 9366 8318 7009 3767 635 3132 11187 851 1542 6209 5524 1306 1656 513 1394
internal_count=40570 36419 34855 4151 20328 14527 2647 1564 10760 19808 18502 2324 16178 1807 842 9366 8318 7009 3767 635 3132 11187 851 1542 6209 5524 1306 1656 513 1394
is_linear=0
shrinkage=0.03


Tree=94
num_leaves=31
num_cat=0
split_feature=9 11 33 17 7 7 17 7 1 0 8 1 24 5 12 7 32 23 4 24 4 16 0 1 16 25 4 8 23 27
split_gain=220.096 126.562 55.1417 40.4308 26.8359 24.834 23.6434 22.709 20.6676 20.8946 19.0246 18.1231 18.1228 16.1849 15.8067 13.7646 13.0396 12.8087 12.5561 15.339 17.6034 12.0843 12.0644 11.7468 13.2743 11.9728 11.601 11.5713 14.6337 11.5656
threshold=12.578750000000001 343.72000000000008 138.56250000000003 6212.1987400000007 6.6059027777777795 9.9357638888888911 1837.2556150000003 7.4739583333333348 1.0000000180025095e-35 5.5000000000000009 230.68125000000001 3.5000000000000004 0.28125000000000006 60557.125000000007 24.694791666666671 5.0607638888888902 232.00375000000003 3.5000000000000004 156.50000000000003 129.00500000000002 32.500000000000007 2932.6888682360218 20.500000000000004 1.5000000000000002 2773.4400715901447 13.500208333333335 325.50000000000006 0.11250000000000002 2.5000000000000004 32040.500000000004
decision_type=8 10 10 10 2 2 10 2 2 2 2 2 10 2 8 2 10 2 2 10 2 8 2 2 8 8 2 2 2 10
left_child=3 2 5 11 -3 6 14 8 9 -4 16 15 -5 26 -2 -1 18 21 19 20 -10 -14 -11 27 -25 -26 -9 -16 -29 -27
right_child=1 4 7 12 -6 -7 -8 13 10 22 -12 -13 17 -15 23 -17 -18 -19 -20 -21 -22 -23 -24 24 25 29 -28 28 -30 -31
leaf_value=0.10438840026276633 -0.12787553449941558 2.0820519884818349 -0.030937579246105996 -0.22230081463269669 0.1970531376642799 -0.2325543375795098 -0.12918300982918729 -0.093422534667704865 0.4020346848402146 0.90276840217159504 -0.025397156252898439 -0.26379664812587583 -0.049082101776638465 0.12225729084143849 0.0028538989473315722 -0.22608140414696343 0.42535582606102135 -0.31367258407912718 0.16074654949418657 -0.030885571432324781 0.04444011361593006 -0.26479148116109696 0.14626091223973881 0.058990379492616256 0.22748220822132723 0.059112681237115293 -0.56284971314503796 0.011713001628621314 0.15047237157602775 -0.030398371940537884
leaf_weight=432 1085 1503 336 1121 500 633 2915 1377 290 734 2390 816 372 746 2497 898 883 239 4051 1998 808 305 220 1791 175 686 232 945 906 8613
leaf_count=432 1085 1503 336 1121 500 633 2915 1377 290 734 2390 816 372 746 2497 898 883 239 4051 1998 808 305 220 1791 175 686 232 945 906 8613
internal_value=-7.74112e-05 0.000673276 0.000245249 -0.00659297 0.0080015 -0.000757149 -0.000568217 0.00168811 0.00222867 0.00580945 0.00178486 -0.00371681 -0.00961973 -0.000999576 -0.000132942 -0.00155522 0.00248412 -0.00647764 0.00205862 0.000619955 0.00346679 -0.00435841 0.0080733 0.000110478 -0.000400763 -0.000848549 -0.00269255 0.00143481 0.00323164 -0.000995161
internal_weight=40497 36314 34311 4183 2003 20246 19613 14065 11710 1290 10420 2146 2037 2355 16698 1330 8030 916 7147 3096 1098 677 954 15613 11265 9474 1609 4348 1851 9299
internal_count=40497 36314 34311 4183 2003 20246 19613 14065 11710 1290 10420 2146 2037 2355 16698 1330 8030 916 7147 3096 1098 677 954 15613 11265 9474 1609 4348 1851 9299
is_linear=0
shrinkage=0.03


Tree=95
num_leaves=31
num_cat=0
split_feature=9 14 41 1 34 27 16 0 23 0 17 16 32 39 0 7 1 30 5 7 4 11 4 1 1 0 17 7 14 4
split_gain=208.215 129.064 51.1887 42.3113 38.3907 31.3643 20.4914 19.1863 22.8587 35.3409 19.0825 18.1423 17.952 16.6802 15.4085 15.2749 15.257 15.091 15.5589 13.6526 15.9806 13.5033 12.5671 12.3853 12.2423 17.0608 12.498 12.0618 11.4022 11.1427
threshold=8.5087500000000009 347.71000000000004 -12048.854118306437 2.5000000000000004 97.605000000000004 24313.729166666672 6194.6877493118373 16.500000000000004 4.5000000000000009 4.5000000000000009 6212.1987400000007 3394.0199921225399 1.6012500000000003 -29.827499999999997 5.5000000000000009 9.9357638888888911 1.0000000180025095e-35 360.14000000000004 43800.312500000007 5.0052083333333348 272.50000000000006 125.13500000000001 176.50000000000003 5.5000000000000009 1.0000000180025095e-35 4.5000000000000009 1651.6736050000004 8.2309027777777803 38.355000000000011 68.500000000000014
decision_type=8 10 8 2 10 10 10 2 2 2 10 10 10 10 2 2 2 10 2 2 2 10 2 2 2 2 10 2 10 2
left_child=3 2 -2 10 11 -3 7 8 13 27 28 15 -5 21 -15 24 -16 18 -7 -20 -21 -6 -12 -9 25 -4 -26 -10 -1 -17
right_child=1 5 4 12 6 17 -8 23 9 -11 22 -13 -14 14 16 29 -18 -19 19 20 -22 -23 -24 -25 26 -27 -28 -29 -30 -31
leaf_value=-0.38211027339207349 -0.24227279281399275 2.9737051031423021 -0.086132055382737729 -0.25591872049465603 0.057900371359158882 -0.19456618397489661 -0.072129325082648646 0.091372321957467445 0.14333311309047345 -0.1499906212234734 -0.25407809809411774 -0.19340808839424981 -0.2241897862407502 -0.054121591531484797 0.52236064015324557 -0.018164490814000053 0.022207486766682508 1.2845771711767315 0.77409730906568197 0.46380507360169987 -0.22828834340921061 0.31779945218234318 -0.11401403263275905 0.26165325484884389 -0.011226301191981064 0.094935716780583587 -0.17774571181318596 -0.87918511101920127 0.021900931653721062 -0.51147852124873494
leaf_weight=144 647 665 394 938 2037 470 2558 5324 881 2135 525 1537 797 1571 393 154 2577 924 693 441 296 1382 290 831 8208 1321 1255 64 812 186
leaf_count=144 647 665 394 938 2037 470 2558 5324 881 2135 525 1537 797 1571 393 154 2577 924 693 441 296 1382 290 831 8208 1321 1255 64 812 186
internal_value=-9.71546e-05 0.000565976 -6.72525e-06 -0.00708298 0.000158188 0.00605587 0.000992457 0.00136514 0.000616792 -0.00157741 -0.00381772 -0.00110409 -0.0104119 0.0014659 0.000274108 -0.000695373 0.00154493 0.00467257 0.00314045 0.00469602 0.00184959 0.00304825 -0.0071875 0.00270712 -0.000504517 0.00182692 -0.000927198 0.00325053 -0.000940439 -0.00695015
internal_weight=40450 36944 33455 3506 32808 3489 19753 17195 11040 3080 1771 13055 1735 7960 4541 11518 2970 2824 1900 1430 737 3419 815 6155 11178 1715 9463 945 956 340
internal_count=40450 36944 33455 3506 32808 3489 19753 17195 11040 3080 1771 13055 1735 7960 4541 11518 2970 2824 1900 1430 737 3419 815 6155 11178 1715 9463 945 956 340
is_linear=0
shrinkage=0.03


Tree=96
num_leaves=31
num_cat=0
split_feature=24 24 41 33 17 24 41 12 4 7 7 29 7 5 0 8 5 27 8 40 41 38 7 1 1 0 14 40 4 14
split_gain=194.756 125.421 64.12 41.0065 31.8988 30.8982 30.0204 25.4326 22.0647 19.953 17.5882 17.0764 14.4409 14.0321 13.9349 13.6402 13.5879 18.863 16.5507 14.8825 12.3715 12.0569 11.8723 11.451 10.6981 12.9251 10.3287 9.56415 12.0711 9.53728
threshold=1.7025000000000001 294.04500000000007 -3801.4259336516147 126.03250000000001 6212.1987400000007 465.20500000000004 -13130.573604254585 24.694791666666671 170.50000000000003 8.4427083333333375 5.9739583333333348 74.643750000000011 3.3211805555555562 46800.062500000007 16.500000000000004 648.94375000000014 50802.187500000007 44864.505416666674 134.15000000000003 -24.989999999999991 12177.707922694883 -19.584999999999994 10.368055555555559 2.5000000000000004 1.5000000000000002 4.5000000000000009 82.641250000000014 16.130000000000003 248.50000000000003 101.58125000000003
decision_type=8 10 8 8 10 10 10 10 2 2 2 10 2 2 2 2 2 8 2 10 10 10 2 2 2 2 10 10 2 10
left_child=4 2 6 7 -1 10 -2 20 -8 14 24 -10 -9 -11 16 22 18 19 -5 -18 -4 -16 -14 -17 25 -3 -13 28 -28 -30
right_child=1 5 3 9 -6 -7 8 12 11 13 -12 26 15 -15 21 23 17 -19 -20 -21 -22 -23 -24 -25 -26 -27 27 -29 29 -31
leaf_value=-0.24251686192736793 -0.26865068675378712 -0.21426921230889745 -0.21835122792563771 0.047210926043098664 -0.21073823606992109 3.1022741506675127 -0.19245623289142666 0.061162568374634602 -0.20485436226223638 -0.6609050607004614 0.07200853679775121 -0.18627241801621214 -0.0069167193878519129 -0.030417174748683776 0.31017309296153994 -0.014783736080493028 0.5098695583727868 -0.011809296277970702 -0.16161216283316698 0.13285807700696387 0.44328197510907125 0.12209116427262955 -0.23074125869061538 -0.42759741994223799 0.63997991840248603 1.925229028142873 0.19992691551494246 -0.31058319988491928 0.19600729788070245 -0.1033181881283269
leaf_weight=975 529 66 1431 3010 1465 748 1830 1469 774 282 654 252 11535 1259 740 179 608 1575 1222 2140 60 4343 241 195 894 424 904 52 149 495
leaf_count=975 529 66 1431 3010 1465 748 1830 1469 774 282 654 252 11535 1259 740 179 608 1575 1222 2140 60 4343 241 195 894 424 904 52 149 495
internal_value=-0.000130367 0.000396469 -8.75974e-05 0.00043133 -0.00834494 0.00652314 -0.00324007 -0.000675005 -0.00243662 0.00153261 0.0046052 -0.000673772 -0.000267621 -0.00170233 0.00189823 -0.000607357 0.00115884 0.00234158 -4.96102e-05 0.0038414 -0.00439343 0.00314221 -0.000427953 -0.00624 0.00651986 0.0100815 0.000890448 0.00178014 0.00220788 -0.000930233
internal_weight=40500 38060 35274 30289 2440 2786 4985 15110 4456 15179 2038 2626 13619 1541 13638 12150 8555 4323 4232 2748 1491 5083 11776 374 1384 490 1852 1600 1548 644
internal_count=40500 38060 35274 30289 2440 2786 4985 15110 4456 15179 2038 2626 13619 1541 13638 12150 8555 4323 4232 2748 1491 5083 11776 374 1384 490 1852 1600 1548 644
is_linear=0
shrinkage=0.03


Tree=97
num_leaves=31
num_cat=0
split_feature=9 24 33 41 16 1 1 0 6 7 7 7 4 6 8 0 24 41 4 4 5 17 26 26 31 0 37 32 28 5
split_gain=207.112 116.134 52.1235 42.6506 28.7343 22.6459 22.416 23.2886 19.7163 18.741 17.6644 16.3971 18.4244 15.8476 15.1656 14.1772 13.7651 13.1294 12.4557 12.1772 11.8671 11.7668 11.4117 11.2839 11.1849 11.0876 10.6924 10.2315 9.8864 11.268
threshold=10.450000000000001 379.87500000000006 138.56250000000003 -6870.8202805429582 3612.0298693934278 3.5000000000000004 1.0000000180025095e-35 5.5000000000000009 6.0211453744493406 6.7968750000000027 7.6163194444444473 8.7447916666666696 70.500000000000014 4.4074889867841422 225.18125000000003 20.500000000000004 1.0000000180025095e-35 -12869.013811707102 184.50000000000003 178.50000000000003 39056.250000000007 17422.632900000001 31789.086250000004 36792.500000000007 59.915000000000006 16.500000000000004 0.86000000000000698 4.1625000000000005 34367.756562500006 42202.750000000007
decision_type=8 10 10 8 10 2 2 2 2 2 2 2 2 2 2 2 8 10 2 2 2 8 10 8 10 2 10 10 8 2
left_child=3 2 4 27 11 19 7 -4 -6 18 14 16 24 -12 20 -9 -2 -10 -3 21 -8 -5 -22 -19 -13 26 -16 -1 29 -18
right_child=1 9 6 5 8 -7 10 15 17 -11 13 12 -14 -15 25 -17 28 23 -20 -21 22 -23 -24 -25 -26 -27 -28 -29 -30 -31
leaf_value=-0.1935626865385448 -0.2803773327421894 0.036974772174267798 -0.074968541325234658 -0.2902758949472739 0.050674142874214033 -0.3065191229687631 -0.028337099501933947 0.84012734393456778 -0.27955129860236883 -0.052472652237647709 0.46243654631059794 -0.079495809024306113 -0.39207588981826536 -0.10775421109790334 -0.22191427327296806 0.04757860705587532 -0.0036769535838487855 -0.28225346961243353 2.2588013268849432 0.01477561554489366 0.34722059670868471 0.052762123456150486 0.097288595154805008 -0.11256025400963494 0.1061711346634069 0.16804341256447769 0.01319294761499222 -0.17068324428377732 -0.0027956927599328907 0.12636056899109924
leaf_weight=887 340 110 388 766 660 817 1066 968 311 185 151 228 544 1928 710 264 1152 452 1227 737 1151 234 6082 2677 177 766 1104 371 12802 1140
leaf_count=887 340 110 388 766 660 817 1066 968 311 185 151 228 544 1928 710 264 1152 452 1227 737 1151 234 6082 2677 177 766 1104 371 12802 1140
internal_value=-9.69155e-05 0.000596572 0.000244282 -0.00675059 -0.000731547 -0.00452055 0.00161534 0.00494139 -0.00297732 0.0087065 0.00119917 -0.000169373 -0.00399474 -0.00133413 0.00168336 0.00695864 6.60836e-05 -0.0038884 0.00994395 -0.00258055 0.00230783 -0.00473526 0.0027433 -0.00330192 0.000849754 -0.000325455 -0.00160331 -0.0112708 0.000200729 0.00201483
internal_weight=40395 36583 35061 3812 20483 2554 14578 1620 4100 1522 12958 16383 949 2079 10879 1232 15434 3440 1337 1737 8299 1000 7233 3129 405 2580 1814 1258 15094 2292
internal_count=40395 36583 35061 3812 20483 2554 14578 1620 4100 1522 12958 16383 949 2079 10879 1232 15434 3440 1337 1737 8299 1000 7233 3129 405 2580 1814 1258 15094 2292
is_linear=0
shrinkage=0.03


Tree=98
num_leaves=31
num_cat=0
split_feature=9 24 41 41 7 41 34 4 1 39 18 4 34 7 7 6 4 13 4 15 1 0 0 23 0 0 0 4 28 14
split_gain=202.587 111.67 55.713 41.6185 30.3298 28.4643 28.3206 27.3412 26.2792 21.3127 24.7231 18.4565 26.5101 17.7253 17.6369 18.3265 15.5611 14.9661 14.8489 13.8235 13.6946 17.9594 15.4028 15.006 14.155 12.6056 20.048 12.3288 12.1334 12.0498
threshold=7.535000000000001 379.87500000000006 859.84668452755079 -9054.8957344338523 9.9357638888888911 -12048.854118306437 116.00500000000001 188.50000000000003 3.5000000000000004 -45.609999999999999 1.0000000180025095e-35 248.50000000000003 79.735000000000014 6.7968750000000027 4.946180555555558 6.2292951541850234 186.50000000000003 80.917500000000018 213.50000000000003 27.88651041666667 3.5000000000000004 5.5000000000000009 1.5000000000000002 1.5000000000000002 16.500000000000004 6.5000000000000009 15.500000000000002 164.50000000000003 41239.437500000007 91.975000000000009
decision_type=8 10 8 8 2 10 10 2 2 10 2 2 10 2 2 2 2 10 2 10 2 2 2 2 2 2 2 2 10 10
left_child=3 2 5 -1 6 -2 20 25 19 10 -8 12 -9 16 -11 -16 -3 -17 28 -5 21 -4 -22 27 -24 29 -27 -23 -6 -7
right_child=1 13 4 8 18 7 9 11 -10 14 -12 -13 -14 -15 15 17 -18 -19 -20 -21 22 23 24 -25 -26 26 -28 -29 -30 -31
leaf_value=-0.1870308099529108 -0.21789590944793025 -0.0028598334644371446 -0.028983414892351646 -0.26441824685812165 0.13069522073839132 -0.13261245290344106 0.34299695932698837 -0.089993212150781404 -0.29419666164405728 0.11754118482070723 0.0060948093568399028 -0.073378797772688104 0.20605886366223358 -0.00049628549140038562 0.13417989873596653 0.094989034935020839 2.209992261245624 -0.094895242245964365 -0.56138838163994298 -0.1107562296607385 0.066677243314823609 -0.016811713933150577 -0.082971386954274778 0.13116995131532291 0.016501438093328068 -0.35057170307267221 -0.083637233911726047 0.059997179619347987 -0.17583423336307344 0.013903570920527955
leaf_weight=870 684 130 2027 380 249 492 2367 777 826 4654 1004 1971 1187 193 1780 1293 1226 2817 298 1301 523 2028 3155 1802 1512 898 1050 1758 292 1009
leaf_count=870 684 130 2027 380 249 492 2367 777 826 4654 1004 1971 1187 193 1780 1293 1226 2817 298 1301 523 2028 3155 1802 1512 898 1050 1758 292 1009
internal_value=-9.28392e-05 0.000546306 0.000203351 -0.007127 0.000845247 -0.00198909 0.00102167 -0.00144617 -0.00516148 0.00195854 0.0040347 0.000262957 0.00232061 0.00842903 0.00129445 0.000203701 0.00963891 -0.000897592 -0.00476786 -0.00300535 3.51398e-06 0.000813419 -0.00118474 0.00169082 -0.00173201 -0.00339565 -0.00498717 0.000617903 -0.00179889 -0.00132823
internal_weight=40553 37176 35627 3377 27559 8068 26720 7384 2507 13915 3371 3935 1964 1549 10544 5890 1356 4110 839 1681 12805 7615 5190 5588 4667 3449 1948 3786 541 1501
internal_count=40553 37176 35627 3377 27559 8068 26720 7384 2507 13915 3371 3935 1964 1549 10544 5890 1356 4110 839 1681 12805 7615 5190 5588 4667 3449 1948 3786 541 1501
is_linear=0
shrinkage=0.03


Tree=99
num_leaves=31
num_cat=0
split_feature=24 33 41 24 12 41 17 0 14 7 7 27 4 8 6 40 12 6 7 17 13 6 25 16 5 21 0 14 16 5
split_gain=192.451 122.014 49.291 42.5049 36.6979 31.1546 23.2956 20.2904 20.6773 19.921 19.8437 17.3882 20.544 19.9207 18.6546 14.6983 19.5384 14.0134 13.5753 13.3315 12.6956 13.6836 11.7402 11.396 11.0068 10.9706 10.0199 9.96535 11.4225 9.17029
threshold=1.7025000000000001 235.00500000000002 -12048.854118306437 465.20500000000004 38.983541666666675 7353.617091189627 6284.6333650000006 16.500000000000004 38.355000000000011 10.565972222222223 7.1406250000000027 31804.515520833334 2.5000000000000004 419.13750000000005 23.574449339207053 -3.4799999999999929 86.810208333333335 5.7958149779735697 4.9253472222222241 5177.8128450000013 38.885000000000005 10.983480176211456 101.08562500000001 3085.1784248083873 45506.250000000007 1.0000000180025095e-35 15.500000000000002 124.77875000000002 2521.2992906491513 46103.687500000007
decision_type=8 10 8 8 8 10 10 2 10 2 2 10 2 2 2 8 10 2 2 10 10 2 10 10 2 2 2 10 10 2
left_child=6 2 -2 10 5 7 -1 8 -4 11 29 24 -13 14 15 16 22 -12 26 25 -18 27 -14 -9 -6 -10 -15 -22 -29 -3
right_child=1 3 4 -5 9 -7 -8 23 19 -11 17 12 13 18 -16 -17 20 -19 -20 -21 21 -23 -24 -25 -26 -27 -28 28 -30 -31
leaf_value=-0.25682281529046286 -0.21286250629696177 0.29811454515717173 -0.40149388926329233 2.8476849165536442 0.034552232122921821 0.31669204371200566 -0.18998650750694834 0.072571078187155455 -0.12810742738702055 -0.3506177146757713 0.52125552127049102 -1.068329255410374 0.0027543725327308266 -0.056632070023120845 0.16489670859301078 -0.01662107708662262 0.30773321009078086 -0.14582589889405057 -0.15831070278096604 -0.33174793184507417 0.16410531988693328 -0.022616427374148457 -0.2902461247092592 -0.13952740582654655 0.19738566385275802 0.11448523947440449 0.12837050577014619 0.11527139213192086 -0.017899597096068903 0.49343924437487996
leaf_weight=945 746 1405 264 768 1646 371 1453 917 2369 402 151 101 5752 1181 1002 7483 709 734 1207 430 306 1571 439 723 1146 190 438 2204 994 2427
leaf_count=945 746 1405 264 768 1646 371 1453 917 2369 402 151 101 5752 1181 1002 7483 709 734 1207 430 306 1571 439 723 1146 190 438 2204 994 2427
internal_value=-0.000237183 0.00028206 -0.000414672 0.00442125 -0.000235979 -0.00252422 -0.00847853 -0.00315999 -0.00453135 0.000217252 0.00335418 0.000319137 5.19497e-05 0.000110791 0.000436929 0.000231255 0.000883016 -0.000694131 -0.00224973 -0.00381773 0.00213656 0.00161052 -0.000288275 -0.000438757 0.00255639 -0.00299414 -0.000453704 0.00265335 0.00215692 0.00428907
internal_weight=40474 38076 32591 5485 31845 5264 2398 4893 3253 26581 4717 26179 23387 23286 20460 19458 11975 885 2826 2989 5784 5075 6191 1640 2792 2559 1619 3504 3198 3832
internal_count=40474 38076 32591 5485 31845 5264 2398 4893 3253 26581 4717 26179 23387 23286 20460 19458 11975 885 2826 2989 5784 5075 6191 1640 2792 2559 1619 3504 3198 3832
is_linear=0
shrinkage=0.03


Tree=100
num_leaves=31
num_cat=0
split_feature=9 28 10 17 41 5 7 5 1 41 12 24 18 7 4 7 4 30 8 21 7 12 13 17 1 25 5 39 16 28
split_gain=194.366 115.145 50.4315 38.0982 36.3688 24.2325 21.885 21.1564 19.1748 18.4976 21.8897 17.9248 17.2874 16.5362 16.0301 15.0459 20.3807 14.7285 14.575 13.9197 13.579 13.462 12.6318 12.2521 12.5861 12.0863 11.2656 12.3513 10.7253 10.534
threshold=6.3550000000000013 25782.687500000004 131.38375000000002 5991.2335950000006 -12048.854118306437 42604.125000000007 9.9357638888888911 42817.312500000007 1.0000000180025095e-35 6136.476534007802 24.694791666666671 1.0000000180025095e-35 1.0000000180025095e-35 4.7934027777777795 357.50000000000006 5.2135416666666687 154.50000000000003 427.25500000000005 547.48125000000016 1.0000000180025095e-35 6.7135416666666687 49.953125000000007 113.11000000000001 0.85555000000000014 1.0000000180025095e-35 143.46244791666669 71312.500000000015 -2.2900000000000023 6194.6877493118373 38625.548437500009
decision_type=8 8 8 10 8 2 2 2 2 10 10 8 2 2 2 2 2 10 2 2 2 10 8 10 2 10 2 10 10 10
left_child=3 5 4 12 -3 17 9 20 21 10 29 -12 28 19 15 16 22 -2 23 -13 -4 -5 -9 -15 -25 -11 27 -17 -1 -6
right_child=1 2 7 8 6 -7 -8 14 -10 25 11 13 -14 18 -16 26 -18 -19 -20 -21 -22 -23 -24 24 -26 -27 -28 -29 -30 -31
leaf_value=-0.0015473919336575646 0.27993072821063192 -0.20431051695462552 0.00081748395681643157 -0.21013991367335746 -0.20869710581381895 2.4276830814866339 -0.2056405882180023 0.31695755113441038 -0.20202244900412852 0.10871479128794831 -0.36938167988488002 0.022079838278434814 -0.35232594833958686 -0.0027328323156501 -0.43492009295287049 0.12256794778004319 0.42274522623241506 2.458740066215181 -0.15171266076658621 0.3586989594485247 -0.46042112273716612 0.44092785392393763 0.0083354433542842804 0.16657375640384559 -0.15540693869720848 -0.24092583265783091 0.33826323140882125 -0.062261823227574661 -0.25081832505142804 -0.019614169629100644
leaf_weight=825 536 719 1564 328 1095 825 755 391 1333 1949 361 7298 439 10076 182 2564 2048 178 636 139 265 75 1263 196 1846 104 456 1441 191 531
leaf_count=825 536 719 1564 328 1095 825 755 391 1333 1949 361 7298 439 10076 182 2564 2048 178 636 139 265 75 1263 196 1846 104 456 1441 191 531
internal_value=-0.000135558 0.000470617 0.000125836 -0.00724154 -0.000581771 0.00850325 -0.000390203 0.00191351 -0.0102418 -0.000233369 -0.000485594 -0.000220406 -0.00365728 -0.000101773 0.00255392 0.00275049 0.00416419 0.00444755 -0.00075735 0.00102245 -0.0010082 -0.00449257 0.0016858 -0.000524796 -0.00264317 0.00249026 0.00157665 0.00106715 -0.00150442 -0.00383528
internal_weight=40609 37418 35879 3191 25705 1539 24986 10174 1736 24231 22178 20552 1455 20191 8345 8163 3702 714 12754 7437 1829 403 1654 12118 2042 2053 4461 4005 1016 1626
internal_count=40609 37418 35879 3191 25705 1539 24986 10174 1736 24231 22178 20552 1455 20191 8345 8163 3702 714 12754 7437 1829 403 1654 12118 2042 2053 4461 4005 1016 1626
is_linear=0
shrinkage=0.03


Tree=101
num_leaves=31
num_cat=0
split_feature=24 12 41 12 24 1 0 0 17 4 17 0 0 18 0 7 24 4 4 15 4 1 2 25 13 13 24 28 41 16
split_gain=181.37 113.184 61.1506 40.9558 31.0595 27.732 36.5588 26.411 26.1251 20.5512 19.14 18.7842 24.9118 25.6356 20.2494 17.0605 15.1629 12.8234 13.3985 12.1363 11.878 11.3878 24.0429 12.7102 14.3832 11.304 14.1753 10.0517 10.0001 12.2272
threshold=1.7025000000000001 302.37062500000008 -11870.059211278647 57.028750000000002 465.20500000000004 1.0000000180025095e-35 5.5000000000000009 15.500000000000002 8051.4836500000001 350.50000000000006 2120.7621450000011 16.500000000000004 2.5000000000000004 1.0000000180025095e-35 5.5000000000000009 5.5329861111111134 168.78750000000005 114.50000000000001 359.50000000000006 149.58244791666669 68.500000000000014 3.5000000000000004 5.5000000000000009 257.19208333333341 351.34500000000008 47.448750000000011 125.27000000000002 43564.437500000007 8437.1933288623495 6108.2332881863304
decision_type=8 10 8 10 10 2 2 2 10 2 10 2 2 2 2 2 10 2 2 10 2 2 2 10 10 10 10 10 10 10
left_child=8 2 -2 7 20 6 -5 10 -1 16 15 12 -7 -14 -15 -4 19 25 -19 -8 -3 22 -22 -23 -25 -16 27 -27 29 -9
right_child=1 4 3 5 -6 11 9 28 -10 -11 -12 -13 13 14 17 -17 -18 18 -20 -21 21 23 -24 24 -26 26 -28 -29 -30 -31
leaf_value=-0.20997366504441833 -0.20449860119586943 1.4739030140529763 0.0080988545018907121 -0.077055609738800684 2.9207422342572276 0.060352831063319665 0.18902285579920131 0.034217909795547216 -0.18180005094202395 -0.24140595400264472 -0.26658216404243062 0.054626884132385665 0.002459926468753437 0.025926705869886602 -0.30011237139143554 -0.11729329884487123 0.9503526305152209 -0.2589202646725336 0.12701023603655451 -0.19620559178105884 -1.1310155745091162 1.131736122881412 0.83010739079335505 -0.31572972083623968 1.617188025789136 0.20269936030648436 -0.16589438628375403 0.0003106774068137952 0.43694694776264875 -0.20023228311873947
leaf_weight=1167 786 101 1958 727 735 2900 1146 2642 1248 105 1106 6702 9004 908 232 2866 753 1853 60 174 49 231 831 540 100 195 305 325 186 586
leaf_count=1167 786 101 1958 727 735 2900 1146 2642 1248 105 1106 6702 9004 908 232 2866 753 1853 60 174 49 231 831 540 100 195 305 325 186 586
internal_value=-0.000181013 0.00032435 -0.000116976 7.03921e-05 0.00638138 0.000695353 0.0034532 -0.00162761 -0.0081519 0.00539697 -0.00283763 0.000338893 -0.000226193 -0.000791741 -0.00283063 -0.00202073 0.00605352 -0.00402895 -0.00549373 0.00411052 0.00430653 0.00372432 0.0061294 0.00129014 -0.000889236 -0.00137524 0.000272397 0.00328215 0.000474378 8.36172e-05
internal_weight=40521 38106 35519 34733 2587 25389 2905 9344 2415 2178 5930 22484 15782 12882 3878 4824 2073 2970 1913 1320 1852 1751 880 871 640 1057 825 520 3414 3228
internal_count=40521 38106 35519 34733 2587 25389 2905 9344 2415 2178 5930 22484 15782 12882 3878 4824 2073 2970 1913 1320 1852 1751 880 871 640 1057 825 520 3414 3228
is_linear=0
shrinkage=0.03


Tree=102
num_leaves=31
num_cat=0
split_feature=24 28 12 16 8 0 14 5 1 5 8 27 4 28 5 41 4 31 5 5 25 15 0 16 5 28 5 15 27 13
split_gain=174.868 102.087 51.7678 34.5466 29.4117 29.2125 28.8398 24.1362 23.5112 22.9946 20.1707 20.427 18.4643 16.5641 20.5258 15.7973 14.9314 13.2772 12.5035 11.826 10.8021 13.4785 10.7937 11.6558 11.1277 11.3052 16.8393 10.9932 10.5488 10.3063
threshold=1.7025000000000001 25782.687500000004 57.028750000000002 6669.4267913280246 367.16875000000005 16.500000000000004 47.195 57205.250000000007 1.5000000000000002 42817.312500000007 363.65000000000003 31804.515520833334 2.5000000000000004 42845.000000000007 59155.437500000007 6258.0211717105458 14.500000000000002 450.11000000000007 46300.125000000007 47700.375000000007 36.776875000000011 66.945416666666674 16.500000000000004 5033.9169451680091 76137.500000000015 43826.312500000007 43702.750000000007 22.784218750000004 27049.395833333336 23.520000000000003
decision_type=8 8 10 10 2 2 10 2 2 2 2 10 2 10 2 10 2 10 2 2 10 10 2 8 2 10 2 8 10 10
left_child=4 9 3 5 -1 6 -3 15 13 17 11 19 -13 14 29 -8 -15 -2 -12 -10 21 -14 23 -22 25 26 -25 -27 -11 -4
right_child=1 2 8 -5 -6 -7 7 -9 10 28 18 12 20 16 -16 -17 -18 -19 -20 -21 22 -23 -24 24 -26 27 -28 -29 -30 -31
leaf_value=-0.16141049811739791 0.31339682680983044 -0.33113845922942892 0.20296251104365709 -0.19857109519092658 -0.19379856091663236 0.054558643704637429 -0.11031201696013948 0.048252301879437916 0.082167443980176808 2.4607459272699548 -0.19629850295332391 -1.0403999959304664 0.14950409816514165 0.15704410052302478 0.40848516580192379 0.26939692983302027 -0.052921485188446124 2.5173631812740425 -0.017282294099344744 0.59000873145657629 0.037711362130003395 -0.437126673151568 0.044725739852454323 -0.086665822462895781 0.22601043718691158 0.21578554371393252 0.027788007403051294 -0.10466967080855993 -0.14468575944889336 0.048596225622514595
leaf_weight=777 584 403 1068 1747 1609 2686 4052 774 1565 788 1120 80 733 237 963 148 1547 146 2036 545 2222 65 4255 1835 243 47 3129 1873 40 3028
leaf_count=777 584 403 1068 1747 1609 2686 4052 774 1565 788 1120 80 733 237 963 148 1547 146 2036 545 2222 65 4255 1835 243 47 3129 1873 40 3028
internal_value=-0.000142393 0.000352871 3.09049e-05 -0.00183162 -0.00801843 -0.0010026 -0.00227873 -0.00165226 0.000718073 0.00787043 0.000192921 0.000611101 0.000209211 0.00223334 0.00310968 -0.00254939 -0.000252101 0.00398085 -0.00200507 0.00336807 0.000289523 0.0036796 9.04079e-05 -0.000479679 -0.00107113 -0.00129412 -0.000537764 -0.00324831 0.0112907 0.00218208
internal_weight=40345 37959 36401 9810 2386 8063 5377 4974 26591 1558 19748 16592 14482 6843 5059 4200 1784 730 3156 2110 14402 798 13604 9349 7127 6884 4964 1920 828 4096
internal_count=40345 37959 36401 9810 2386 8063 5377 4974 26591 1558 19748 16592 14482 6843 5059 4200 1784 730 3156 2110 14402 798 13604 9349 7127 6884 4964 1920 828 4096
is_linear=0
shrinkage=0.03


Tree=103
num_leaves=31
num_cat=0
split_feature=9 31 11 17 18 16 28 8 9 4 4 18 18 23 1 5 7 25 40 7 5 13 4 39 35 5 15 16 28 4
split_gain=171.444 95.8404 39.8481 36.5632 31.0958 29.1828 23.2805 22.9292 20.8093 19.4237 25.7197 18.4531 18.3677 17.1227 16.0838 14.3434 27.1868 17.2864 13.9464 13.594 13.0677 14.6699 15.0189 12.6951 19.8588 14.1 12.5841 12.4013 12.3652 12.3086
threshold=6.3550000000000013 319.93000000000001 100.00125000000001 6212.1987400000007 1.0000000180025095e-35 7262.5431270269191 25782.687500000004 396.81875000000008 465.51500000000004 349.50000000000006 156.50000000000003 1.0000000180025095e-35 1.0000000180025095e-35 1.5000000000000002 1.0000000180025095e-35 55156.250000000007 7.1753472222222241 41.885000000000005 -41.158749999999991 8.1267361111111143 49902.125000000007 73.500000000000014 172.50000000000003 -24.040000000000003 24.685000000000006 76137.500000000015 173.00874999999999 2901.8244439513869 41023.72187500001 112.50000000000001
decision_type=8 10 8 10 2 10 10 2 10 2 2 2 2 2 2 2 2 10 10 2 2 10 2 10 8 2 10 10 10 2
left_child=3 2 5 11 6 7 -4 15 -3 10 23 -1 13 29 -5 16 27 -17 -11 -6 21 26 -23 24 -8 -25 -12 -2 -19 -9
right_child=1 8 4 14 19 -7 9 12 -10 18 20 -13 -14 -15 -16 17 -18 28 -20 -21 -22 22 -24 25 -26 -27 -28 -29 -30 -31
leaf_value=-0.081241744804521954 0.018069305188895688 0.67789051160427449 0.98698328945217462 -0.17235077815264585 -0.021092253296284582 -0.17103872003537773 0.045307533292639021 -0.14076832878657114 2.6295357936700432 0.24570052255170935 0.17099335426568693 -0.32980147807953281 -0.25388293275198082 0.12712087428020957 -0.18139098445607027 0.16926345219636588 -0.1857775258188436 0.134604594338915 -0.45804275317360932 -0.38368907442924827 0.27061201959429976 0.35762612836181318 -0.053676066372927239 -0.063217917196841569 0.59729724553704222 0.15358111899362981 -0.28843737489935106 -0.083118910538690888 0.0024786050273681325 -0.033089227790018542
leaf_weight=1002 7668 1129 454 388 3345 1879 1699 331 670 139 1760 430 1092 298 1331 469 1618 414 382 452 2285 141 1197 2488 286 296 153 1927 3024 1690
leaf_count=1002 7668 1129 454 388 3345 1879 1699 331 670 139 1760 430 1092 298 1331 469 1618 414 382 452 2285 141 1197 2488 286 296 153 1927 3024 1690
internal_value=-0.000196226 0.000371711 2.91648e-05 -0.00691466 0.00119877 -0.000834844 0.00198919 -0.000473505 0.007125 0.00170961 0.00199544 -0.00337055 -0.0026949 -0.00118319 -0.00986337 2.77759e-05 -0.000517657 0.00159289 -0.00393678 -0.00114929 0.00338631 0.00216328 -0.000246453 0.000380503 0.00221299 -0.000926391 0.00384796 8.90996e-05 0.0008549 -0.00217359
internal_weight=40437 37286 35487 3151 15077 20410 11280 18531 1799 10826 10305 1432 3411 2319 1719 15120 11213 3907 521 3797 5536 3251 1338 4769 1985 2784 1913 9595 3438 2021
internal_count=40437 37286 35487 3151 15077 20410 11280 18531 1799 10826 10305 1432 3411 2319 1719 15120 11213 3907 521 3797 5536 3251 1338 4769 1985 2784 1913 9595 3438 2021
is_linear=0
shrinkage=0.03


Tree=104
num_leaves=31
num_cat=0
split_feature=9 24 34 18 41 17 18 8 0 7 26 7 7 16 4 4 41 6 4 4 6 0 4 38 39 13 38 16 0 5
split_gain=173.651 100.245 47.7229 34.9219 30.4645 26.0023 19.9341 28.7075 35.3731 18.056 17.5494 16.6822 16.6097 16.2105 17.6109 20.3128 17.2106 15.8913 15.7898 15.6791 15.3197 14.4704 15.2947 13.1253 12.1747 13.5821 11.3685 10.9434 10.4471 10.4081
threshold=6.3550000000000013 427.28500000000003 144.89500000000001 1.0000000180025095e-35 -12869.013811707102 6635.9653650000009 1.0000000180025095e-35 0.11250000000000002 16.500000000000004 6.7968750000000027 41684.500000000007 7.2760416666666687 5.4913194444444473 1971.3253935599751 350.50000000000006 124.50000000000001 13259.921016334762 6.4552863436123351 158.50000000000003 114.50000000000001 13.994933920704847 5.5000000000000009 10.500000000000002 -3.9100000000000033 -38.178749999999994 67.617500000000021 0.89000000000000778 5562.0051106596266 20.500000000000004 39805.437500000007
decision_type=8 10 10 2 8 10 2 2 2 2 8 2 2 10 2 2 10 2 2 2 2 2 2 8 10 10 10 10 2 2
left_child=3 2 4 5 -2 -1 13 11 10 -3 -9 -8 18 14 15 20 23 -14 26 -13 21 -6 -23 -15 -19 -26 -4 -12 -24 -17
right_child=1 9 12 -5 6 -7 7 8 -10 -11 27 19 17 16 -16 29 -18 24 -20 -21 -22 22 28 -25 25 -27 -28 -29 -30 -31
leaf_value=-0.07765304190888983 -0.21922991101779965 2.2609336650902603 0.15387185654420066 -0.2529235814322226 -0.055671839731667949 -0.1587501778927573 0.031814009446206909 -0.28494986898244251 0.021900503228889503 -0.38309154425325515 -0.027214531922160105 0.013726373326131202 0.18102266263588346 0.016068592066123075 -0.25242880165377662 -0.0061307333576971603 0.38604076421155425 0.093944187896605622 0.30303139364657666 -0.38764363377703553 -0.15649859625276319 0.21031390590688417 0.030409117324276095 -0.10786233404368566 0.23539069947192784 -0.14732968855610068 -0.042115341121804019 -0.45765916315569666 -0.052480805473772131 0.066398124063816372
leaf_weight=1057 482 992 1095 1044 1298 1104 2857 1691 1387 118 888 388 1305 1853 363 1530 242 1767 3502 318 559 247 2051 3008 369 1795 1193 197 459 5474
leaf_count=1057 482 992 1095 1044 1298 1104 2857 1691 1387 118 888 388 1305 1853 363 1530 242 1767 3502 318 559 247 2051 3008 369 1795 1193 197 459 5474
internal_value=-0.000134739 0.000439232 0.000167681 -0.00683562 -0.00055035 -0.00465541 -0.000405062 -0.00166947 -0.00336095 0.00931593 -0.00531509 0.000307239 0.00181464 0.000166813 0.000769905 0.000973406 -0.00124902 0.000590032 0.00292178 -0.00381895 -0.000572048 7.02663e-05 0.00129985 -0.00163821 -0.000362411 -0.00187067 0.000982962 -0.00233425 0.000597372 0.00199143
internal_weight=40633 37428 36318 3205 25292 2161 24810 7726 4163 1110 2776 3563 11026 17084 11981 11618 5103 5236 5790 706 4614 4055 2757 4861 3931 2164 2288 1085 2510 7004
internal_count=40633 37428 36318 3205 25292 2161 24810 7726 4163 1110 2776 3563 11026 17084 11981 11618 5103 5236 5790 706 4614 4055 2757 4861 3931 2164 2288 1085 2510 7004
is_linear=0
shrinkage=0.03


Tree=105
num_leaves=31
num_cat=0
split_feature=24 11 32 7 6 5 4 7 17 27 41 33 41 8 5 38 24 13 12 28 40 6 13 14 12 28 6 5 18 23
split_gain=163.969 95.0039 50.8328 35.746 47.8441 31.2227 27.7316 22.4666 21.5466 19.7344 17.1486 16.5418 16.5071 13.9942 14.6198 15.6944 12.199 11.3015 11.6631 10.6647 11.7578 10.3481 13.2207 10.2838 9.97915 14.0645 9.89542 12.1572 9.72635 9.72988
threshold=0.065000000000000016 343.72000000000008 4.5525000000000011 5.5329861111111134 6.4552863436123351 49506.250000000007 351.50000000000006 6.6059027777777795 6212.1987400000007 47486.791666666672 2910.6267833086317 173.25750000000002 -14628.962492295686 385.9187500000001 39206.250000000007 -9.9849999999999941 465.20500000000004 113.11000000000001 109.83458333333334 29387.187500000004 2.2199999999999998 23.076431718061677 34.735000000000007 41.100000000000009 59.138125000000009 39166.062500000007 19.644713656387673 56255.875000000007 1.0000000180025095e-35 2.5000000000000004
decision_type=8 10 10 2 2 2 2 2 10 10 8 10 8 2 2 10 10 10 10 10 10 2 10 10 10 10 2 2 2 2
left_child=8 2 5 11 9 23 12 16 -1 -5 -7 17 -6 14 -14 -16 -3 18 21 -17 24 -4 -23 -2 -21 -26 27 -27 29 -13
right_child=1 7 3 4 6 10 -8 -9 -10 -11 -12 28 13 -15 15 19 -18 -19 -20 20 -22 22 -24 -25 25 26 -28 -29 -30 -31
leaf_value=-0.2206269028684113 -0.35300082994270493 0.82960779476227398 0.0010214141436559031 0.14633035873864145 -0.27127775051840713 -0.26928596176137487 -0.49504856958881682 0.13535109379753862 -0.1697049035526047 -0.0093085490318528478 0.055894869623495574 0.14811871381596931 -0.13921262563711756 -0.15796652680952233 0.082458553322069639 0.12739676805300887 2.784021044199751 -0.08974754562543083 0.093266298960661159 -0.081409578878607364 -0.1379297863182451 0.15731885262473511 -0.014295961046236982 -0.18634919399403529 0.087438443856975065 -0.19006652356746279 0.24824708821847066 0.0024936512662637965 0.064279409304090221 0.65137213226151847
leaf_weight=684 221 880 8924 1785 177 531 448 516 1251 1110 1012 2730 1737 1235 2089 709 645 542 1976 1915 972 939 627 1475 1448 804 121 1078 1487 482
leaf_count=684 221 880 8924 1785 177 531 448 516 1251 1110 1012 2730 1737 1235 2089 709 645 542 1976 1915 972 939 627 1475 1448 804 121 1078 1487 482
internal_value=-0.000150181 0.000276958 -7.46411e-05 0.000274028 -0.000771642 -0.00366204 -0.00156314 0.00657444 -0.00866994 0.00270891 -0.000573187 0.00119692 -0.00129538 -0.00116195 -0.000818006 -0.000338185 0.00840433 0.000645707 0.000830192 -0.00101518 -0.00140558 0.000431799 0.00268028 -0.00647024 -0.000855226 0.000108633 -0.00151946 -0.00205523 0.00272234 0.00365079
internal_weight=40550 38615 36574 33335 15628 3239 12733 2041 1935 2895 1543 17707 12285 12108 10873 9136 1525 13008 12466 7047 6338 10490 1566 1696 5366 3451 2003 1882 4699 3212
internal_count=40550 38615 36574 33335 15628 3239 12733 2041 1935 2895 1543 17707 12285 12108 10873 9136 1525 13008 12466 7047 6338 10490 1566 1696 5366 3451 2003 1882 4699 3212
is_linear=0
shrinkage=0.03


Tree=106
num_leaves=31
num_cat=0
split_feature=17 31 9 34 7 0 4 5 16 5 28 39 41 6 28 23 38 5 8 7 4 14 7 33 4 6 11 6 4 28
split_gain=157.766 92.1714 54.8898 41.7787 28.6073 27.806 21.6747 21.7506 20.4708 23.342 26.4136 21.6061 17.0586 15.0119 16.1758 15.0063 13.2897 13.0052 12.9078 14.2323 12.7214 12.0763 11.4711 13.4166 13.3589 11.6343 10.9243 10.5931 10.5386 10.5015
threshold=4502.9199950000011 356.67500000000001 2.7300000000000009 116.00500000000001 6.9010416666666687 16.500000000000004 351.50000000000006 44300.437500000007 14622.300843884836 46300.125000000007 25936.687500000004 -28.358749999999997 4205.6895073323367 9.7345814977973593 49955.312500000007 3.5000000000000004 305.72500000000008 71312.500000000015 393.43750000000011 5.9114583333333348 172.50000000000003 117.40500000000002 4.946180555555558 235.00500000000002 346.50000000000006 5.9011013215859043 1.0000000180025095e-35 5.6696035242290757 34.500000000000007 30825.875000000004
decision_type=10 10 10 10 2 2 2 2 10 2 10 10 8 2 10 2 10 2 2 2 2 10 2 10 2 2 8 2 2 8
left_child=1 3 15 4 26 21 7 -6 9 18 -11 12 -12 14 -14 20 -3 22 19 -5 -2 -4 23 -13 25 -24 -1 -8 -16 -28
right_child=2 16 5 8 6 -7 27 -9 -10 10 11 17 13 -15 28 -17 -18 -19 -20 -21 -22 -23 24 -25 -26 -27 29 -29 -30 -31
leaf_value=-0.23755432366574367 -0.15175779172688925 0.78192414453533443 -0.19063147619475831 0.065691540503741236 -0.2242545809786898 0.05631240062002537 0.1565066511636746 -0.023751309452340195 -0.47165464127145146 1.8798550379480894 0.011008492414438251 0.025076589697813175 0.43378895586733562 0.18191260140599014 0.19376673165210717 -0.23126762138773185 2.4190869408515994 0.224456181159982 -0.37913752456467908 -0.12728092754817624 -0.12644908549503575 -0.11674330553811955 0.091873728745661506 0.45608755253822292 -0.54338964502733433 -0.067348395934047858 0.13197412487121304 -0.60392285203907137 -0.15495228001157704 -0.0027730582393755299
leaf_weight=354 744 673 979 3007 1292 898 50 2998 262 291 997 1641 1240 1691 92 545 657 948 460 1505 380 1313 1066 652 177 2223 740 271 124 12274
leaf_count=354 744 673 979 3007 1292 898 50 2998 262 291 997 1641 1240 1691 92 545 657 948 460 1505 380 1313 1066 652 177 2223 740 271 124 12274
internal_value=-0.000142064 0.000548534 -0.00521296 0.000248428 -0.00075 -0.00290505 -0.00278729 -0.00222326 0.00134457 0.00147999 0.00224266 0.00200286 0.00370567 0.00478875 0.00702128 -0.00961976 0.00829452 0.000950358 -0.000229238 0.000259251 -0.00762667 -0.00465765 0.000414062 0.00205972 -0.000674935 -0.000241641 -4.71239e-05 -0.010295 -0.000552995 9.45063e-05
internal_weight=40544 35685 4859 34355 17979 3190 4611 4290 16376 16114 11142 10851 4144 3147 1456 1669 1330 6707 4972 4512 1124 2292 5759 2293 3466 3289 13368 321 216 13014
internal_count=40544 35685 4859 34355 17979 3190 4611 4290 16376 16114 11142 10851 4144 3147 1456 1669 1330 6707 4972 4512 1124 2292 5759 2293 3466 3289 13368 321 216 13014
is_linear=0
shrinkage=0.03


Tree=107
num_leaves=31
num_cat=0
split_feature=9 28 33 41 41 41 7 5 18 6 17 6 7 5 27 7 4 5 30 6 38 25 23 28 25 13 13 23 40 22
split_gain=164.555 89.0967 39.4414 34.8146 24.6621 21.5757 20.9411 19.9804 19.4 17.8679 16.4911 17.9396 14.9744 25.2266 21.076 15.7363 14.084 13.7 13.2697 12.245 14.0942 12.0874 10.6929 10.4297 12.7132 10.4167 10.3285 9.97931 9.80002 10.5014
threshold=6.3550000000000013 25782.687500000004 188.70500000000001 -6088.9417780385002 -12048.854118306437 13259.921016334762 5.6857638888888902 42817.312500000007 1.0000000180025095e-35 6.2292951541850234 1738.5214450000001 22.623127753303965 5.8281250000000027 50368.750000000007 42040.416666666679 8.2309027777777803 156.50000000000003 69712.500000000015 427.25500000000005 12.84471365638767 1.1087499999999937 107.51770833333335 2.5000000000000004 37443.157500000008 331.09791666666672 177.25000000000003 113.11000000000001 4.5000000000000009 -29.254999999999995 1.0000000180025095e-35
decision_type=10 10 10 8 8 10 2 2 2 2 10 2 2 2 10 2 2 2 10 2 10 10 2 10 10 8 10 2 10 2
left_child=3 7 4 -1 -3 10 16 18 -5 -8 12 -12 26 15 22 -14 19 23 -2 20 -4 -7 -15 -18 -25 -21 -6 -13 -11 -30
right_child=1 2 6 8 5 21 9 -9 -10 28 11 27 13 14 -16 -17 17 -19 -20 25 -22 -23 -24 24 -26 -27 -28 -29 29 -31
leaf_value=-0.14053673515779469 0.25235268136970063 -0.16048856981394177 0.33424713963480129 -0.15031358620879068 0.02086779048894229 0.43205343768609217 0.29229229759368336 2.142628274249144 -0.30213960676159307 0.22564749916292384 -0.13337194875453179 0.15366342242351491 -0.059166703804573575 0.040518074564154315 -0.018632240820615636 -0.34816145086389089 0.51058353645115795 1.4405577352679324 2.1092386253790734 0.091859259178062577 -0.0228855797821069 0.045663875585077562 0.19949874638562648 0.14088758864940673 -0.61592485550067466 -0.28691066193229997 -0.080837467575557154 -0.2158669374912762 -0.094624893034827545 -0.95899440469809638
leaf_weight=1195 551 706 574 1505 11632 342 753 789 512 628 3198 815 4093 1055 3424 920 1357 213 170 273 495 389 607 1091 84 266 814 231 1743 96
leaf_count=1195 551 706 574 1505 11632 342 753 789 512 628 3198 815 4093 1055 3424 920 1357 213 170 273 495 389 607 1091 84 266 814 231 1743 96
internal_value=-0.00015214 0.000408872 0.000107682 -0.00666667 -0.00040812 -0.000265979 0.00202997 0.00754467 -0.00425917 0.000195591 -0.000404815 -0.00212014 -8.18327e-05 -0.000940099 0.000548457 -0.00245014 0.00338654 0.00469228 0.00392659 0.001156 0.00301402 0.00481557 0.0033193 0.00407422 0.00200255 -0.00252778 0.000614606 0.0012894 -0.0010393 -0.00214402
internal_weight=40521 37309 35799 3212 28226 27520 7573 1510 2017 3220 26789 4244 22545 10099 5086 5013 4353 2745 721 1608 1069 731 1662 2532 1175 539 12446 1046 2467 1839
internal_count=40521 37309 35799 3212 28226 27520 7573 1510 2017 3220 26789 4244 22545 10099 5086 5013 4353 2745 721 1608 1069 731 1662 2532 1175 539 12446 1046 2467 1839
is_linear=0
shrinkage=0.03


Tree=108
num_leaves=31
num_cat=0
split_feature=9 24 12 1 1 17 8 16 13 11 7 7 13 27 5 28 32 14 4 41 28 22 4 24 8 7 4 31 12 13
split_gain=161.033 82.2868 37.671 37.2774 26.2874 23.9783 22.6997 22.6255 18.7451 17.5346 15.0272 14.0003 13.9395 13.6987 14.9319 13.8743 13.2287 13.0545 12.8891 12.5099 12.4846 13.249 11.8879 11.3954 11.0499 10.4782 21.9973 11.2229 11.1977 13.6454
threshold=8.5087500000000009 427.28500000000003 87.368645833333332 4.5000000000000009 1.5000000000000002 8134.7774350000009 206.51875000000004 7262.5431270269191 52.750000000000007 195.14000000000001 5.0434027777777795 6.352430555555558 37.070000000000007 31804.515520833334 44701.437500000007 41239.437500000007 114.41375000000001 124.77875000000002 176.50000000000003 8437.1933288623495 49955.312500000007 1.0000000180025095e-35 18.500000000000004 12.578750000000001 360.01875000000007 8.4427083333333375 78.500000000000014 56.565000000000005 83.088593750000015 68.936250000000015
decision_type=8 10 8 2 2 10 2 10 10 10 2 2 8 8 2 10 10 8 2 10 10 2 2 8 2 2 2 10 10 10
left_child=3 2 7 5 8 10 12 16 -4 22 -1 -3 -6 -14 15 -15 19 -16 -7 25 21 -19 -10 -8 -5 28 27 -27 -2 -30
right_child=1 11 4 24 6 18 23 -9 9 -11 -12 -13 13 14 17 -17 -18 20 -20 -21 -22 -23 -24 -25 -26 26 -28 -29 29 -31
leaf_value=0.084530639138065702 -0.010584606743451274 2.1959118361704553 0.34475571122357196 -0.17897699552999255 0.20120030149433232 -0.14701892689204052 -0.53006517524022523 -0.15269807860475687 0.21994937419824281 0.40352190507240476 -0.1718907645869843 0.093605135705843445 0.16308471562513155 -0.091117450106860148 0.12964109002085208 0.075583985366002082 0.091381663229686216 0.057189454281937765 -0.099979239560596969 0.17226669705864536 -0.099354857708582711 -0.48597391125773043 0.0058853739218435661 -0.046276266106956995 -0.23033542080547251 -0.065227632163150626 -0.47084027005623957 0.079677083342815813 -0.15243144623999569 0.10902207506682686
leaf_weight=488 11667 886 694 367 827 725 176 2040 185 1450 941 162 1858 1434 353 205 1352 4571 341 461 648 153 2256 3583 653 331 592 291 717 115
leaf_count=488 11667 886 694 367 827 725 176 2040 185 1450 941 162 1858 1434 353 205 1352 4571 341 461 648 153 2256 3583 653 331 592 291 717 115
internal_value=-0.000199886 0.000383025 0.000141407 -0.00633532 0.0010903 -0.00435697 0.000436672 -0.000852166 0.00305822 0.00224692 -0.00181469 0.0086654 0.0011806 0.000845712 0.000264766 -0.00225915 -0.000461776 0.0009876 -0.00776007 -0.000732275 0.000619765 0.00115556 0.000694103 -0.00155186 -0.0111655 -0.0008958 -0.00355556 0.000385233 -0.0006372 -0.0039976
internal_weight=40522 37007 35959 3515 18393 2495 13808 17566 4585 3891 1429 1048 10049 9222 7364 1639 15526 5725 1066 14174 5372 4724 2441 3759 1020 13713 1214 622 12499 832
internal_count=40522 37007 35959 3515 18393 2495 13808 17566 4585 3891 1429 1048 10049 9222 7364 1639 15526 5725 1066 14174 5372 4724 2441 3759 1020 13713 1214 622 12499 832
is_linear=0
shrinkage=0.03


Tree=109
num_leaves=31
num_cat=0
split_feature=9 27 34 1 16 6 24 27 6 6 18 39 41 0 0 24 17 2 41 39 27 14 39 1 0 25 11 15 41 38
split_gain=152.699 83.8299 41.8643 37.3486 25.3469 21.6697 20.414 18.669 16.7672 16.4975 15.5114 19.338 18.2371 17.9855 16.7115 13.0728 12.3807 12.3364 16.5165 11.9336 11.3398 10.8187 10.8092 10.2658 20.3223 10.5134 10.1676 11.15 10.0283 9.85803
threshold=2.7300000000000009 25447.083333333339 116.00500000000001 1.0000000180025095e-35 3394.0199921225399 6.3341409691629975 465.20500000000004 43159.333333333336 11.899339207048461 25.129955947136569 1.0000000180025095e-35 -37.776249999999962 4777.0767144197898 15.500000000000002 4.5000000000000009 1.0000000180025095e-35 6959.97174 11.500000000000002 10093.469864818015 -29.457499999999985 30776.395833333339 41.100000000000009 -17.05999999999997 1.0000000180025095e-35 5.5000000000000009 32.776666666666678 240.42500000000004 134.48708333333335 14117.773474836873 -1.2475000000000021
decision_type=8 10 10 2 10 2 10 10 2 2 2 10 8 2 2 8 10 2 8 10 10 10 10 2 2 10 10 10 8 10
left_child=3 6 4 -1 15 7 -2 22 -5 10 11 12 29 14 -12 -3 -6 21 -19 28 -13 -17 -4 24 -23 -25 27 -21 -9 -7
right_child=1 2 5 8 16 9 -8 19 -10 -11 13 20 -14 -15 -16 17 -18 18 -20 26 -22 23 -24 25 -26 -27 -28 -29 -30 -31
leaf_value=-0.10584690596400637 0.55610903985018068 -0.20560319751266284 0.68319972955654573 -0.12098400083827261 -0.10229143079528639 0.1229403257812087 3.1346629517960043 0.080343063637075995 -0.16846172186892994 0.23534270638982888 0.053155735006323111 0.11315800490126605 0.26748879555639832 0.08680142426913455 -0.26652001475858622 -0.25489171617492234 -0.17558178539167746 0.055942889087731019 -0.29307660356263682 0.072373973551639922 -0.044634901444329952 -0.065567113378207295 0.26330846395782231 0.070326565196144303 0.1156217600369132 -0.012227115654594414 0.31308046997367428 -0.10310644982265529 0.61250066931713154 -0.10593226763689752
leaf_weight=789 749 407 296 298 3260 508 525 407 1475 915 617 1265 2341 1378 1477 211 427 192 543 915 3818 611 1392 1562 1502 10766 184 691 208 770
leaf_count=789 749 407 296 298 3260 508 525 407 1475 915 617 1265 2341 1378 1477 211 427 192 543 915 3818 611 1392 1562 1502 10766 184 691 208 770
internal_value=-0.000111481 0.00036731 0.000104326 -0.0071986 -0.000847706 0.00118373 0.00792941 0.00308867 -0.00961387 0.000587853 0.000295688 0.000972079 0.00264779 -0.00139937 -0.00315036 -0.000324786 -0.00308704 -0.000184234 -0.00397418 0.00139027 -0.000221282 6.14209e-06 0.00550622 0.000104902 0.00203642 -0.000226296 0.000150754 -0.000616055 0.00499188 -0.000234558
internal_weight=40499 37937 36663 2562 19481 17182 1274 4093 1773 13089 12174 8702 3619 3472 2094 15794 3687 15387 735 2405 5083 14652 1688 14441 2113 12328 1790 1606 615 1278
internal_count=40499 37937 36663 2562 19481 17182 1274 4093 1773 13089 12174 8702 3619 3472 2094 15794 3687 15387 735 2405 5083 14652 1688 14441 2113 12328 1790 1606 615 1278
is_linear=0
shrinkage=0.03


Tree=110
num_leaves=31
num_cat=0
split_feature=9 28 41 11 5 7 7 28 33 4 23 4 6 39 27 5 16 34 4 16 6 23 16 27 10 34 13 4 40 5
split_gain=141.511 80.4129 32.6004 31.3604 29.0345 33.7075 23.9587 21.1722 19.4102 18.9026 15.2898 19.7888 18.3618 15.5116 14.9258 17.6719 14.9097 17.1763 18.3319 14.4636 16.0798 13.2506 12.806 12.5509 11.7524 11.5968 11.3673 11.1178 11.2837 11.029
threshold=8.5087500000000009 25782.687500000004 -3166.6819272714743 0.28125000000000006 42713.937500000007 6.1475694444444473 10.206597222222223 30825.875000000004 554.32500000000016 188.50000000000003 1.5000000000000002 164.50000000000003 9.9583700440528649 -29.093749999999996 50204.400572916675 71312.500000000015 13527.738327874416 76.00500000000001 236.50000000000003 6358.5057919720302 7.9420704845814987 5.5000000000000009 2135.8394164639162 27049.395833333336 -0.0099999999999999482 118.48 63.905000000000008 348.50000000000006 -36.061249999999994 42950.750000000007
decision_type=8 8 8 10 2 2 2 8 10 2 2 2 2 8 10 2 10 10 2 10 2 2 10 10 10 10 10 2 10 2
left_child=3 8 9 -1 5 -4 7 -6 23 -3 11 12 13 -9 15 27 17 -11 26 20 -5 24 -20 29 -22 -21 -19 -13 -29 -2
right_child=1 2 4 19 6 -7 -8 10 -10 16 -12 14 -14 -15 -16 -17 -18 18 22 25 21 -23 -24 -25 -26 -27 -28 28 -30 -31
leaf_value=-0.14602361150354717 0.37279208774050759 -0.15521743584966802 -0.0037426803906802772 0.33405078856142911 0.28096065854399921 -0.23084441814413598 -0.18948455283897545 0.14134036031116592 4.2444994277904051 -0.17946874065695276 0.065574417794076675 0.054036188739586349 -0.079059468892123869 -0.012147923598462711 -0.12146478754700595 0.98163185372616846 -0.31610344603489782 0.33093850802756797 0.10714471775659461 -0.16334258074019709 -0.19807690153865717 -0.25025030725662184 -0.091608564344442339 -0.16415162054489202 -0.06350110134520745 0.20182531908757462 -0.39431863364493563 0.45852134629084429 -0.30861895007764217 1.3219174659272619
leaf_weight=1036 585 2295 4653 126 2194 1475 691 960 370 639 7743 5248 2899 3235 374 275 206 736 339 401 346 353 900 63 1180 41 73 102 337 500
leaf_count=1036 585 2295 4653 126 2194 1475 691 960 370 639 7743 5248 2899 3235 374 275 206 736 339 401 346 353 900 63 1180 41 73 102 337 500
internal_value=-0.00017498 0.000370802 8.05654e-05 -0.00595436 0.000458144 -0.00138522 0.000927719 0.00109059 0.00712969 -0.00211601 0.000799802 0.000187626 -0.000900634 0.000368208 0.00140603 0.00177092 -0.000502764 9.48661e-05 0.00143485 -0.00409926 -0.00301346 -0.00371011 -0.000858871 0.00519582 -0.00249509 -0.00900677 0.00494444 0.00141086 -0.00317045 0.00595304
internal_weight=40375 36892 35374 3483 30186 6128 24058 23367 1518 5188 21173 13430 7094 4195 6336 5962 2893 2687 2048 2447 2005 1879 1239 1148 1526 442 809 5687 439 1085
internal_count=40375 36892 35374 3483 30186 6128 24058 23367 1518 5188 21173 13430 7094 4195 6336 5962 2893 2687 2048 2447 2005 1879 1239 1148 1526 442 809 5687 439 1085
is_linear=0
shrinkage=0.03


Tree=111
num_leaves=31
num_cat=0
split_feature=17 30 9 5 7 28 8 7 6 38 4 38 23 1 5 27 28 28 34 28 6 13 13 5 38 4 34 2 41 7
split_gain=137.316 79.5941 50.4174 32.4667 37.429 34.2314 26.4537 21.1299 18.1223 17.5255 17.3651 17.5489 16.9841 16.9581 16.3868 22.0078 17.9429 16.5622 15.3113 14.0177 13.0706 13.3524 11.3682 11.1704 14.9904 11.4069 11.1554 16.1217 11.1104 10.9545
threshold=4449.6181450000013 360.14000000000004 2.7300000000000009 45200.312500000007 7.5434027777777795 30825.875000000004 626.68750000000011 10.368055555555559 22.935462555066085 343.89000000000004 349.50000000000006 -13.649999999999995 4.5000000000000009 1.0000000180025095e-35 64356.250000000007 43327.551093750008 39046.516718750012 38461.924843750006 60.985000000000007 52354.935156250009 12.772907488986785 76.780000000000015 37.350000000000009 34554.750000000007 -1.9987500000000009 254.50000000000003 180.48500000000004 3.5000000000000004 4876.82039155857 4.9670138888888902
decision_type=10 10 10 2 2 8 2 2 2 10 2 8 2 2 2 10 8 10 10 10 2 10 10 2 10 2 10 2 10 2
left_child=1 3 13 4 6 -5 18 10 -4 -3 11 26 -10 -2 16 -16 17 20 -1 29 -13 -22 -17 -20 25 -25 27 -7 -18 -12
right_child=2 9 8 5 -6 7 -8 -9 12 -11 19 14 -14 -15 15 22 28 -19 23 -21 21 -23 -24 24 -26 -27 -28 -29 -30 -31
leaf_value=-0.097452258347016638 -0.14107515170079638 0.7602294676506437 -0.13655496412969836 0.35272523474402645 -0.28287243954578911 -0.050598273714060865 -0.73951307675467692 -0.21548656086977608 0.13441332490542662 2.9011690146773779 -0.0048012882729646829 0.092026685027649116 -0.15467776486705706 -0.14198399128514996 0.23163901678412202 0.13845440111276888 -0.036122463005370663 0.19116836952561952 -0.080367184986372867 0.10371274585507891 0.026427255298950101 -0.16443575415742281 0.00026188591973280495 0.080095065722310038 -0.021478481960094838 -0.023909189396975367 0.50491215105633258 0.12039274386553557 0.068983554767498276 -0.41971621742843807
leaf_weight=1457 411 891 2116 2043 1294 592 325 710 795 473 372 1690 294 1255 1057 364 6154 515 1248 237 1380 624 2255 2901 4420 1104 296 1501 956 636
leaf_count=1457 411 891 2116 2043 1294 592 325 710 795 473 372 1690 294 1255 1057 364 6154 515 1248 237 1380 624 2255 2901 4420 1104 296 1501 956 636
internal_value=-0.000169445 0.000478786 -0.00489224 0.000194685 -0.00100353 0.000909133 -0.000456966 0.000518873 -0.00269027 0.00758242 0.00071256 0.000957722 0.000454128 -0.00912418 0.000577154 0.00231711 1.19258e-05 0.00156413 -0.000210224 -0.00270867 0.000860622 -0.000778055 0.000841603 0.000221728 0.00061417 0.00194333 0.00334519 0.00257163 -0.000907045 -0.00425173
internal_weight=40366 35495 4871 34131 12749 21382 11455 19339 3205 1364 18629 17384 1089 1666 14995 3676 11319 4209 11130 1245 3694 2004 2619 9673 8425 4005 2389 2093 7110 1008
internal_count=40366 35495 4871 34131 12749 21382 11455 19339 3205 1364 18629 17384 1089 1666 14995 3676 11319 4209 11130 1245 3694 2004 2619 9673 8425 4005 2389 2093 7110 1008
is_linear=0
shrinkage=0.03


Tree=112
num_leaves=31
num_cat=0
split_feature=24 27 7 6 27 0 4 12 8 11 18 0 33 18 21 4 4 16 16 8 4 40 0 27 0 39 5 16 0 8
split_gain=136.141 78.6718 38.6163 49.4875 26.4923 25.9131 25.6037 24.7777 21.7411 19.9881 18.3319 21.1613 15.5541 13.9624 13.0425 12.8788 14.8621 12.1791 11.5455 11.18 11.0289 10.8546 10.6774 10.5511 11.1733 10.4001 11.4261 10.6399 10.2069 10.1431
threshold=1.7025000000000001 25142.895833333336 5.1579861111111134 6.7528634361233495 47486.791666666672 16.500000000000004 164.50000000000003 20.943177083333335 348.43750000000006 187.84500000000003 1.0000000180025095e-35 3.5000000000000004 554.32500000000016 1.0000000180025095e-35 1.0000000180025095e-35 351.50000000000006 303.50000000000006 15597.060449113827 1334.8267534945676 360.01875000000007 126.50000000000001 -70.014999999999986 5.5000000000000009 51591.606302083346 14.500000000000002 -6.094999999999998 71312.500000000015 8620.0483848571657 16.500000000000004 385.9187500000001
decision_type=8 8 2 2 10 2 2 10 2 10 2 2 10 2 2 2 2 10 10 2 2 10 2 10 2 10 2 10 2 2
left_child=8 12 6 4 25 7 18 -5 -1 14 15 -12 -2 22 23 16 17 29 -3 -20 -13 -17 -11 24 -8 27 -27 -4 -10 -9
right_child=1 2 3 5 -6 -7 9 10 28 13 11 20 -14 -15 -16 21 -18 -19 19 -21 -22 -23 -24 -25 -26 26 -28 -29 -30 -31
leaf_value=-0.12571737213113809 0.96432558631869481 0.0065879051300741049 0.20534869729285396 -0.20863437924739003 -0.023486830986992828 -0.0012385462685788084 0.019713253112665113 -0.021493343221223 -0.16233635657822479 0.00056763060646289885 -0.0048563527665671557 -0.13105173217063579 4.1289439509285693 0.058643176005033409 0.33947499002978176 0.56343844132645693 0.09897294682738135 -0.62284170921580706 -0.062472225386780697 -0.29666888542930525 -0.34277038768297985 -0.57858797807666662 0.75677270105518624 -0.081734624497511982 0.1110680248779964 0.019973534975209831 0.37203088378286414 -0.17940526100343782 -0.022746442284455926 -0.1244656265874589
leaf_weight=744 682 5285 1118 932 1506 6194 5100 4573 1524 179 823 745 346 389 183 40 895 92 1050 175 1157 274 993 263 2354 1042 278 106 125 1183
leaf_count=744 682 5285 1118 932 1506 6194 5100 4573 1524 179 823 745 346 389 183 40 895 92 1050 175 1157 274 993 263 2354 1042 278 106 125 1183
internal_value=-0.000223043 0.000214579 -1.34037e-05 -0.000860251 0.002118 -0.00157372 0.00109786 -0.00246664 -0.00716165 0.00209417 -0.00202085 -0.00411042 0.0083965 0.00519526 0.00148083 -0.00121352 -0.000936388 -0.00148743 -0.000350177 -0.00297308 -0.00584866 -0.00714286 0.00682864 0.00129243 0.00150101 0.00398428 0.00213475 0.00597551 -0.00908182 -0.00131318
internal_weight=40350 37957 36929 20958 4050 16908 15971 10714 2393 9461 9782 2725 1028 1561 7900 7057 6743 5848 6510 1225 1902 314 1172 7717 7454 2544 1320 1224 1649 5756
internal_count=40350 37957 36929 20958 4050 16908 15971 10714 2393 9461 9782 2725 1028 1561 7900 7057 6743 5848 6510 1225 1902 314 1172 7717 7454 2544 1320 1224 1649 5756
is_linear=0
shrinkage=0.03


Tree=113
num_leaves=31
num_cat=0
split_feature=32 9 34 1 13 1 24 16 10 4 16 7 6 7 0 34 16 4 27 0 13 6 14 34 16 0 18 0 13 27
split_gain=130.849 78.2735 35.0893 31.0072 25.0862 24.3151 23.1397 22.8331 20.1038 18.7968 18.0838 18.0268 18.788 14.8038 13.7409 12.7451 12.1581 13.3245 11.4733 11.3574 10.2819 11.9384 10.3798 10.1293 11.1126 9.74889 10.3385 11.7895 10.9044 10.146
threshold=1.1050000000000002 465.51500000000004 99.945000000000007 1.5000000000000002 0.85125000000000017 1.0000000180025095e-35 1.0000000180025095e-35 3394.0199921225399 200.00500000000002 337.50000000000006 101.4483514853366 5.1197916666666687 6.4552863436123351 6.9913194444444464 5.5000000000000009 60.205000000000005 14622.300843884836 18.500000000000004 49430.782916666678 16.500000000000004 85.670000000000016 8.9114537444933948 129.45500000000001 -22.649999999999995 6194.6877493118373 16.500000000000004 1.0000000180025095e-35 2.5000000000000004 82.633750000000006 32222.833333333339
decision_type=8 10 10 2 10 2 8 10 10 2 10 2 2 2 2 10 10 2 10 2 10 2 10 10 10 2 2 2 10 10
left_child=4 2 6 8 5 23 -2 9 16 -8 -11 19 -13 14 -10 -7 17 -4 20 -5 21 -19 -23 -1 -25 26 28 -28 29 -14
right_child=1 -3 3 11 -6 15 7 -9 13 10 -12 12 25 -15 -16 -17 -18 18 -20 -21 -22 22 -24 24 -26 -27 27 -29 -30 -31
leaf_value=-0.3237012097863079 -0.16910973719675806 1.9580198058452774 0.33229310451047794 0.023488544833089976 -0.076707403096690274 -0.22501600057475643 0.00033193541567719362 -0.13281724603201603 0.09214620392373149 -0.43324936733000158 0.21383509136784709 0.072616932297838013 0.46923364247600158 0.042614877352424398 1.1836664572043198 -0.10431622509538037 -0.55221864085929562 0.31977137909357528 -0.095703428628697476 0.12627566504578852 0.010964616195633282 -0.0064100484205995827 0.18311753763735913 0.01173368328949154 -0.24665260735015104 -0.0024774647478395194 0.052866822089234496 -0.28478749581224688 -0.15512052828443088 -0.0086065273713788314
leaf_weight=101 727 772 289 4930 875 728 11712 2060 213 423 64 2006 125 289 718 675 111 504 344 1988 1418 827 1148 462 80 2975 333 1162 1238 1349
leaf_count=101 727 772 289 4930 875 728 11712 2060 213 423 64 2006 125 289 718 675 111 504 344 1988 1418 827 1148 462 80 2975 333 1162 1238 1349
internal_value=-0.000141708 0.000331999 0.000134356 0.000897897 -0.0062577 -0.00807523 -0.000984854 -0.000718443 0.00276612 -0.000225 -0.00599385 0.000217918 -0.000652955 0.00619165 0.00803112 -0.0102885 0.0018645 0.0021055 0.00167963 0.00137448 0.00214341 0.00330847 0.00225455 -0.00323758 -0.00160221 -0.0013699 -0.00229919 -0.00430147 -0.00119425 0.000549153
internal_weight=40646 37725 36953 21967 2921 2046 14986 14259 5861 12199 487 16106 9188 1220 931 1403 4641 4530 4241 6918 3897 2479 1975 643 542 7182 4207 1495 2712 1474
internal_count=40646 37725 36953 21967 2921 2046 14986 14259 5861 12199 487 16106 9188 1220 931 1403 4641 4530 4241 6918 3897 2479 1975 643 542 7182 4207 1495 2712 1474
is_linear=0
shrinkage=0.03


Tree=114
num_leaves=31
num_cat=0
split_feature=9 24 34 1 1 17 7 11 4 6 0 28 7 6 4 7 1 28 4 28 32 15 6 27 39 6 11 28 29 7
split_gain=125.695 78.0545 35.457 25.1576 19.979 19.6237 19.609 18.7981 18.2745 19.4403 17.8872 14.6037 13.0428 12.6334 12.4328 12.0657 11.7833 11.6511 13.8857 11.2906 10.5157 11.935 10.4946 10.1378 9.97754 12.535 11.0788 10.2511 11.1454 9.73887
threshold=1.7025000000000001 427.28500000000003 116.00500000000001 4.5000000000000009 1.5000000000000002 5991.2335950000006 7.4739583333333348 15.293750000000001 354.50000000000006 11.361674008810576 16.500000000000004 42845.000000000007 6.7968750000000027 6.4552863436123351 190.50000000000003 5.5329861111111134 5.5000000000000009 46192.702812500014 354.50000000000006 35282.250000000007 245.08500000000001 83.189166666666679 9.6625550660792978 42740.770833333343 -15.904999999999999 8.9830396475770957 331.02500000000003 41192.000000000007 135.31625000000003 5.0434027777777795
decision_type=8 10 10 2 2 10 2 8 2 2 2 10 2 2 2 2 2 10 2 10 10 10 2 10 10 2 8 10 10 2
left_child=3 2 6 5 11 29 7 22 9 -8 13 24 14 19 -3 -15 -12 -9 -19 -6 21 -21 -2 -13 25 -4 27 -26 -29 -1
right_child=1 12 4 -5 10 -7 8 17 -10 -11 16 23 -14 15 -16 -17 -18 18 -20 20 -22 -23 -24 -25 26 -27 -28 28 -30 -31
leaf_value=0.12552159352731643 0.059512677617119293 -0.53169308313619579 0.53500939864743624 -0.21292907393771096 0.47752214373552759 -0.11591408137537457 0.00031352405974104157 0.008679111628018106 -0.47527238779459346 -0.18114287950197852 0.057008067301150045 -0.40997482528197426 -0.3518644422778851 0.0038362719912381493 1.8095490661863052 -0.13927017726616908 0.3042726704545749 -0.06853419009650856 0.10162957640319717 0.20361654109773256 0.76146396772521663 -0.02232034880871012 -0.10806835251105598 0.034425000273211236 -0.024525980690907546 0.25732468228649308 0.91669357363205839 -0.059578759260961359 0.53402158843361858 -0.16679526362900568
leaf_weight=257 314 49 397 662 155 990 1610 12056 234 1603 3681 112 107 3364 878 2802 792 1539 201 373 136 1524 2139 1004 938 1606 139 81 221 437
leaf_count=257 314 49 397 662 155 990 1610 12056 234 1603 3681 112 107 3364 878 2802 792 1539 201 373 136 1524 2139 1004 938 1606 139 81 221 437
internal_value=-0.000164472 0.000251077 2.39047e-05 -0.00690243 0.00101379 -0.00494955 -0.000846829 -0.000410769 -0.00290168 -0.00231021 0.00041043 0.00273394 0.00837681 -0.000409336 0.00952047 -0.00110426 0.00194122 1.95695e-05 -0.00227455 0.00154865 0.000951327 0.000371444 -0.00283007 -0.000241719 0.00371564 0.00506737 0.00175 0.000846092 0.00564356 -0.00107914
internal_weight=40401 38055 37021 2346 17325 1684 19696 16249 3447 3213 12827 4498 1034 8354 927 6166 4473 13796 1740 2188 2033 1897 2453 1116 3382 2003 1379 1240 302 694
internal_count=40401 38055 37021 2346 17325 1684 19696 16249 3447 3213 12827 4498 1034 8354 927 6166 4473 13796 1740 2188 2033 1897 2453 1116 3382 2003 1379 1240 302 694
is_linear=0
shrinkage=0.03


Tree=115
num_leaves=31
num_cat=0
split_feature=32 27 24 7 6 4 5 27 11 9 8 5 38 41 39 1 13 7 1 5 5 8 4 27 1 4 37 12 10 5
split_gain=122.215 86.0193 31.1077 31.6009 36.925 23.1348 22.1109 21.1109 18.0349 17.4266 15.3161 15.0812 16.5156 14.0158 13.6915 12.7782 12.6021 11.0556 10.1209 9.8044 9.77421 9.59688 9.45714 10.9855 9.82373 10.6336 9.46366 9.17945 8.98769 8.86013
threshold=1.1050000000000002 25684.145833333339 1.0000000180025095e-35 5.1579861111111134 6.7528634361233495 350.50000000000006 49602.687500000007 47486.791666666672 195.14000000000001 524.47500000000002 579.24375000000009 38756.250000000007 -11.017499999999997 6901.1088763121488 -11.318749999999993 1.0000000180025095e-35 0.85125000000000017 11.039930555555559 1.5000000000000002 71712.500000000015 54962.937500000007 599.50625000000014 164.50000000000003 51591.606302083346 2.5000000000000004 360.50000000000006 -12.185 20.943177083333335 75.00500000000001 80825.000000000015
decision_type=10 8 8 2 2 2 2 10 10 10 2 2 10 8 10 2 10 2 2 2 2 2 2 10 2 2 10 10 10 2
left_child=6 9 21 8 7 10 15 14 22 -2 11 -6 -13 -8 20 -1 -17 27 -10 -16 -5 -3 29 24 -24 -26 -25 -14 -7 -4
right_child=1 2 3 4 5 28 13 -9 18 -11 -12 12 17 -15 19 16 -18 -19 -20 -21 -22 -23 23 26 25 -27 -28 -29 -30 -31
leaf_value=-0.13793591623499923 0.66315829548296901 -0.12995085523983652 -0.008489806542348325 0.078925543298511619 -0.12192876271208575 -0.59598051665561425 -0.17273423519033604 -0.022195035326498205 0.64199766368429434 3.6006303034137579 -0.24541697342395594 0.064250767067037695 -0.18297195209985329 0.037259176135587602 0.018970554943187563 -0.14721519838108815 -0.12735036314854614 -0.3296646405083915 0.17840127677306525 0.35301105527536092 0.31742090746616125 -0.24550798010009753 0.089449309724722495 0.052698648167636433 0.019466082527864116 0.29043351965192682 -0.17696636119471476 -0.019251164532930964 -0.23498275655086676 0.15613221816037851
leaf_weight=518 984 527 5232 334 2285 241 582 1430 597 378 533 2667 476 496 1216 1082 278 312 1528 277 657 276 3090 99 4496 67 185 9016 414 89
leaf_count=518 984 527 5232 334 2285 241 582 1430 597 378 533 2667 476 496 1216 1082 278 312 1528 277 657 276 3090 99 4496 67 185 9016 414 89
internal_value=-0.000114461 0.000349667 6.99126e-05 0.000203025 -0.000587643 -0.0012286 -0.0059858 0.00202299 0.00122367 0.00774762 -0.000991825 -0.00081114 -0.000400497 -0.00255792 0.00369416 -0.00795104 -0.00947832 -0.000969913 0.00378881 0.00187751 0.00642641 -0.00576493 0.000812278 0.00146825 0.00168343 0.000798642 -0.00431579 -0.000786896 -0.00674543 -0.000166291
internal_weight=40362 37406 36044 35241 19858 15944 2956 3914 15383 1362 15289 14756 12471 1078 2484 1878 1360 9804 2125 1493 991 803 13258 7937 7653 4563 284 9492 655 5321
internal_count=40362 37406 36044 35241 19858 15944 2956 3914 15383 1362 15289 14756 12471 1078 2484 1878 1360 9804 2125 1493 991 803 13258 7937 7653 4563 284 9492 655 5321
is_linear=0
shrinkage=0.03


Tree=116
num_leaves=31
num_cat=0
split_feature=32 38 5 34 7 6 27 41 14 41 14 7 1 39 27 7 15 8 1 13 14 25 27 28 28 6 18 28 36 14
split_gain=108.568 68.8941 38.0175 32.6479 21.0528 20.9072 19.8635 17.1557 15.9064 15.8989 15.2399 15.2221 13.5369 13.2303 12.666 17.3104 15.2347 12.0934 12.3659 11.829 13.2407 13.276 11.2475 11.1039 10.9355 10.7548 12.6109 12.178 10.4449 10.9904
threshold=4.5525000000000011 305.72500000000008 49602.687500000007 96.035000000000011 5.1197916666666687 6.8579295154185029 47486.791666666672 -866.65238676910292 306.51000000000005 2910.6267833086317 96.010000000000005 11.862847222222227 1.5000000000000002 -11.318749999999993 39059.104166666679 8.2864583333333375 41.885000000000005 626.68750000000011 3.5000000000000004 113.11000000000001 166.64500000000001 81.049791666666678 42107.250000000007 34449.562500000007 36951.315156250006 21.29162995594714 1.0000000180025095e-35 38681.862031250006 -0.82999999999999108 96.010000000000005
decision_type=10 10 2 10 2 2 10 8 10 8 10 2 2 10 10 2 10 2 2 10 10 10 10 10 10 2 2 10 10 10
left_child=2 3 10 7 8 6 13 28 19 -4 -1 25 -10 -6 15 17 22 -9 -19 20 21 -5 -16 -12 -22 26 -7 -27 29 -2
right_child=1 -3 9 4 5 11 -8 14 12 -11 23 -13 -14 -15 16 -17 -18 18 -20 -21 24 -23 -24 -25 -26 27 -28 -29 -30 -31
leaf_value=-0.16830636529860041 -0.12575269659321889 1.6502362845734853 -0.16766030202107315 0.083548971221677842 0.32030332963131208 -0.006932981686304629 -0.035295336027566862 0.035549656336548878 1.1590717440572944 0.039980057634912781 0.042875545528961966 -0.60623631436508285 0.31465071091506558 0.095884380945504111 -0.040879660489113047 -0.39504350698610669 -0.045589887807970013 -0.005388387402674652 -0.55589819233754956 -0.033806849988586123 0.41331617962292366 -0.010818545507981127 0.069575213580839443 -0.11283488133982618 0.10003993274406639 -0.0038606951949957846 -0.13144692283014286 0.23177694762922538 -0.17835926118472653 -0.004493203785913202
leaf_weight=1497 1161 804 633 2002 738 6215 1094 4515 459 1057 200 146 1140 1167 361 321 3531 328 158 1959 619 2157 467 920 1325 818 2326 460 736 1284
leaf_count=1497 1161 804 633 2002 738 6215 1094 4515 459 1057 200 146 1140 1167 361 321 3531 328 158 1959 619 2157 467 920 1325 818 2326 460 736 1284
internal_value=-0.00019434 0.000340158 -0.00469708 0.000143288 0.000829356 3.93367e-05 0.002235 -0.00106352 0.00188936 -0.00118865 -0.00696142 -0.000621613 0.00462187 0.00408447 -0.000435344 0.000546684 -0.00163417 0.000980608 -0.00351129 0.00134689 0.00199787 0.00104207 0.00202654 -0.00430865 0.00404113 -0.000478106 -0.00086221 0.00208757 -0.00297454 -0.00202984
internal_weight=40598 36291 4307 35487 22625 12964 2999 12862 9661 1690 2617 9965 1599 1905 9681 5322 4359 5001 486 8062 6103 4159 828 1120 1944 9819 8541 1278 3181 2445
internal_count=40598 36291 4307 35487 22625 12964 2999 12862 9661 1690 2617 9965 1599 1905 9681 5322 4359 5001 486 8062 6103 4159 828 1120 1944 9819 8541 1278 3181 2445
is_linear=0
shrinkage=0.03


Tree=117
num_leaves=31
num_cat=0
split_feature=24 24 32 7 6 4 33 0 18 14 0 17 14 6 17 17 41 21 12 39 32 25 39 41 25 7 41 4 12 13
split_gain=111.159 69.1215 40.8173 27.1628 33.9712 21.2242 18.6164 16.9831 18.2018 14.3284 14.2002 13.3078 13.1213 17.7193 10.8613 10.7924 9.86169 9.83704 11.8794 9.41186 9.89058 10.276 8.89213 8.80861 8.78327 10.2363 10.0844 9.2177 8.76454 17.0302
threshold=0.065000000000000016 427.28500000000003 0.74875000000000014 5.5329861111111134 6.7528634361233495 355.50000000000006 188.70500000000001 16.500000000000004 1.0000000180025095e-35 650.50000000000011 3.5000000000000004 17422.632900000001 99.955000000000013 13.377753303964758 7044.191020000002 8051.4836500000001 -11045.400455597963 1.0000000180025095e-35 18.972500000000004 -11.318749999999993 250.00500000000002 59.960364583333337 -79.343749999999986 13259.921016334762 31.561510416666668 4.0642361111111134 15137.378188506284 168.50000000000003 89.961614583333358 82.09875000000001
decision_type=8 10 8 2 2 2 10 2 2 10 2 8 10 2 10 10 10 2 10 10 10 10 10 8 10 2 10 2 10 10
left_child=12 2 11 6 19 7 17 8 14 -3 -10 16 15 -14 28 -1 -2 24 -19 23 21 -21 -9 -5 27 -26 -27 -4 -6 -30
right_child=1 9 3 4 5 -7 -8 22 10 -11 -12 -13 13 -15 -16 -17 -18 18 -20 20 -22 -23 -24 -25 25 26 -28 -29 29 -31
leaf_value=-0.1399052464336874 -0.20089573881150802 0.79449748642659124 0.011690798470120773 0.032237260581369893 -0.060686994679193904 -0.48427666721853935 0.18215009942313656 0.15262163308860535 -0.033899607620379385 3.2775544781027812 -0.24021593983197831 0.0033426419616555589 0.20303840095509776 -0.1109480348903648 -0.20268021222410623 -0.14275431935400804 -0.1689084576117694 -0.46632902818178051 0.25223765307739326 0.051722769267956818 0.62916193367935869 -0.048679062981608609 -0.010063146918582185 0.21277172029030922 0.025168664592140573 -0.020650422713572283 0.17679034025101714 0.1794885404824923 0.12923704663504706 -0.088438641915417823
leaf_weight=510 352 709 840 789 3314 411 4271 865 760 365 1594 434 106 785 209 557 979 57 343 374 143 1228 4252 836 4983 7070 195 709 991 1402
leaf_count=510 352 709 840 789 3314 411 4271 865 760 365 1594 434 106 785 209 557 979 57 343 374 143 1228 4252 836 4983 7070 195 709 991 1402
internal_value=-0.000180665 0.000174264 -4.1308e-05 0.000179308 -0.000679713 -0.00133923 0.000977855 -0.00113273 -0.00197316 0.00767442 -0.00420382 -0.0044932 -0.00715161 -0.00445628 -0.00108501 -0.00939607 -0.00597973 0.000455346 0.00508728 0.00202017 0.000489691 -0.000187149 0.000225674 0.00366236 0.000320699 5.14328e-05 -0.000666804 0.00244839 -0.000838297 0.000545113
internal_weight=40433 38475 37401 35636 17168 13798 18468 13387 8270 1074 2354 1765 1958 891 5916 1067 1331 14197 400 3370 1745 1602 5117 1625 13797 12248 7265 1549 5707 2393
internal_count=40433 38475 37401 35636 17168 13798 18468 13387 8270 1074 2354 1765 1958 891 5916 1067 1331 14197 400 3370 1745 1602 5117 1625 13797 12248 7265 1549 5707 2393
is_linear=0
shrinkage=0.03


Tree=118
num_leaves=31
num_cat=0
split_feature=24 11 32 9 5 7 5 28 41 7 39 15 14 6 7 14 14 25 12 14 16 13 8 28 16 39 18 6 39 5
split_gain=105.332 70.7473 33.7861 24.1811 23.8224 22.6565 29.0859 16.7966 16.4508 16.1959 16.0902 13.9568 13.1924 14.1121 13.075 12.8342 11.8406 11.1311 10.8775 10.7779 10.7744 10.1288 9.70345 9.6426 9.50318 11.1173 10.5914 9.379 9.33821 9.29226
threshold=0.065000000000000016 331.02500000000003 4.5525000000000011 570.0150000000001 49706.250000000007 5.5329861111111134 54962.937500000007 42845.000000000007 2910.6267833086317 8.2309027777777803 -14.184999999999993 72.386250000000004 99.955000000000013 13.377753303964758 5.5329861111111134 74.815000000000012 41.100000000000009 30.627500000000005 69.938385416666691 178.39625000000004 13527.738327874416 11.023750000000001 666.5250000000002 39166.062500000007 2078.8261001926844 -62.842499999999994 1.0000000180025095e-35 3.3325991189427318 -9.0949999999999971 44005.562500000007
decision_type=8 10 10 10 2 2 2 10 8 2 10 10 10 2 2 10 10 10 10 10 8 10 2 10 10 10 2 2 10 2
left_child=12 2 4 14 16 24 9 10 -6 15 19 -9 28 -14 -3 17 -2 21 -13 -8 -11 -7 -17 29 25 26 -4 -12 -1 -22
right_child=1 3 5 -5 8 6 7 11 -10 20 27 18 13 -15 -16 22 -18 -19 -20 -21 23 -23 -24 -25 -26 -27 -28 -29 -30 -31
leaf_value=-0.14178056035466347 -0.30161059079604319 0.90243588650256179 0.22738139322603601 3.7865308957966639 -0.21350585234071398 -0.086989254094340648 0.11647191965405219 0.048844482427195711 0.060870318164256643 -0.010706457722775741 0.28580877147472022 -0.18718945750567997 0.18229756512857082 -0.091654553284793355 0.21097996157849735 -0.014876492712549627 -0.13971946038429814 -0.19186949153472593 -0.034427423744656523 0.81472484046260885 -0.48791709907764269 0.19531507473384802 -0.28194834841841981 -0.48311909642677731 -0.029578604036268955 0.021557035560774835 0.0022400505425864024 -0.019241626617510405 0.12368795492390833 -0.08283556046190689
leaf_weight=995 215 1012 1649 285 532 616 704 1259 1031 446 250 351 96 780 854 6924 1535 608 1844 325 299 58 124 480 2686 12612 735 861 46 506
leaf_count=995 215 1012 1649 285 532 616 704 1259 1031 446 250 351 96 780 854 6924 1535 608 1844 325 299 58 124 480 2686 12612 735 861 46 506
internal_value=-0.000167981 0.000171254 -0.00013915 0.00545771 -0.00302806 0.000148029 -0.000683125 0.00105094 -0.000335678 -0.00164729 0.00313872 -0.000243126 -0.00703076 -0.00431015 0.00420996 -0.00109831 -0.00543118 -0.00385814 -0.00168716 0.00583981 -0.00428695 -0.0012 -0.000595829 -0.0056804 0.0008839 0.00117824 0.0030566 0.000633993 -0.00931382 -0.00366625
internal_weight=40718 38801 36650 2151 3313 33337 15655 5594 1563 10061 2140 3454 1917 876 1866 8330 1750 1282 2195 1029 1731 674 7048 1285 17682 14996 2384 1111 1041 805
internal_count=40718 38801 36650 2151 3313 33337 15655 5594 1563 10061 2140 3454 1917 876 1866 8330 1750 1282 2195 1029 1731 674 7048 1285 17682 14996 2384 1111 1041 805
is_linear=0
shrinkage=0.03


Tree=119
num_leaves=31
num_cat=0
split_feature=9 11 1 41 9 5 7 8 4 4 23 4 41 4 25 12 1 4 7 29 14 4 8 0 4 15 7 5 8 12
split_gain=105.49 69.0703 26.2028 25.0712 24.6293 23.9351 37.1822 22.5469 22.0761 21.0492 17.8294 17.907 16.0477 14.8981 19.9502 17.5403 14.0713 12.4799 11.8195 11.8036 11.6044 11.0305 10.9157 11.6552 10.8638 12.2896 10.4578 10.0989 9.89616 11.6353
threshold=1.7025000000000001 343.72000000000008 4.5000000000000009 -157.04687523231402 570.0150000000001 46201.687500000007 8.175347222222225 626.68750000000011 348.50000000000006 188.50000000000003 2.5000000000000004 164.50000000000003 -15042.396014350785 54.500000000000007 49.406666666666673 86.157447916666669 3.5000000000000004 242.50000000000003 6.1475694444444473 87.665000000000006 294.89000000000004 36.500000000000007 1.0000000180025095e-35 15.500000000000002 299.50000000000006 73.383750000000006 10.565972222222223 75364.500000000015 430.39375000000007 36.776875000000011
decision_type=10 10 2 8 10 2 2 2 2 2 2 2 10 2 10 10 2 2 2 10 10 2 2 2 2 10 2 2 2 10
left_child=2 3 28 9 16 6 7 18 10 22 11 -7 -11 14 21 -16 20 19 -5 -14 -3 -12 -2 -24 -19 -26 -15 -17 -1 -30
right_child=1 4 -4 5 -6 8 -8 -9 -10 12 13 -13 17 26 15 27 -18 24 -20 -21 -22 -23 23 -25 25 -27 -28 -29 29 -31
leaf_value=-0.068752252358244767 -0.054249655298327891 -0.13424759873525885 -0.20315279868031227 0.014839603356551904 3.8331924861764195 -0.012853581283266777 -0.49298654311889711 -0.57076516002686539 -0.15823645581614187 -0.2019913161356022 0.16739208307976888 0.06291223256548506 -0.027245005043459825 0.14717478763956784 -0.10637452516962735 0.035778623662907516 0.043515493652434283 -0.11830277192722675 -0.076421612910865369 0.16198390180522551 0.89334825552932606 0.042560660624509548 -0.2122128964972575 -0.072445662700688793 0.11141538713669689 -0.095642199473045364 -0.2991433159240498 0.70064282991571247 -0.11112407967258106 -0.042602742299878121
leaf_weight=720 1735 147 659 6544 281 6900 629 341 1057 170 280 4687 769 3695 716 1050 536 1168 1979 1130 1023 189 1039 911 523 444 66 86 623 360
leaf_count=720 1735 147 659 6544 281 6900 629 341 1057 170 280 4687 769 3695 716 1050 536 1168 1979 1130 1023 189 1039 911 523 444 66 86 623 360
internal_value=-0.000159054 0.000222464 -0.00630978 -7.72661e-05 0.0056665 0.000340716 -0.000886349 -0.000385787 0.000962781 -0.00157224 0.00121477 0.000524249 -0.000121284 0.00253 0.000639535 -0.000760928 0.0043058 0.000260223 -8.27076e-05 0.00202895 0.00614859 0.00615957 -0.00322708 -0.00476679 -0.0013132 0.00103822 0.00369617 0.00155673 -0.00433979 -0.00629573
internal_weight=40457 38095 2362 36108 1987 28219 9493 8864 18726 7889 17669 11587 4204 6082 2321 1852 1706 4034 8523 1899 1170 469 3685 1950 2135 967 3761 1136 1703 983
internal_count=40457 38095 2362 36108 1987 28219 9493 8864 18726 7889 17669 11587 4204 6082 2321 1852 1706 4034 8523 1899 1170 469 3685 1950 2135 967 3761 1136 1703 983
is_linear=0
shrinkage=0.03


Tree=120
num_leaves=31
num_cat=0
split_feature=32 28 8 29 7 13 1 23 16 33 22 16 25 34 34 30 12 40 34 23 12 7 1 13 4 11 37 26 34 12
split_gain=105.375 65.6498 28.9384 27.8354 24.2968 24.2734 21.5293 19.8668 17.4348 15.1237 15.0079 21.6867 14.5302 14.3303 12.0193 11.5815 11.1104 11.0652 10.9615 10.4637 10.0044 9.62191 11.6503 9.01273 8.94878 11.4785 8.92951 8.70828 8.62498 8.61772
threshold=1.1050000000000002 27979.812500000004 542.61875000000009 488.63750000000005 5.5329861111111134 0.85125000000000017 1.0000000180025095e-35 4.5000000000000009 13527.738327874416 188.70500000000001 1.0000000180025095e-35 8119.3685249764931 146.7260416666667 69.075000000000003 114.18500000000002 99.933750000000018 20.943177083333335 -52.824999999999989 74.225000000000009 6.5000000000000009 109.83458333333334 5.6857638888888902 4.5000000000000009 85.670000000000016 8.5000000000000018 74.93125000000002 111.355 43672.500000000007 -22.649999999999995 38.983541666666675
decision_type=10 10 2 10 2 8 2 2 10 10 2 8 10 10 10 10 10 10 8 2 10 2 2 10 2 10 10 10 10 8
left_child=5 3 4 21 9 6 28 -4 10 12 14 -12 20 -8 16 19 -6 -13 29 -16 -3 22 -2 -23 25 -18 -24 -14 -1 -7
right_child=1 2 7 -5 8 18 13 -9 -10 -11 11 17 27 -15 15 -17 24 -19 -20 -21 -22 23 26 -25 -26 -27 -28 -29 -30 -31
leaf_value=-0.28120053596659345 0.6037639589085374 0.009604914308677763 -0.049928074910700247 2.8377231057968886 -0.13990041329714975 -0.098306807623207301 -0.17626510187805144 -0.31419598812496996 -0.25857233800985513 0.16176310038063094 0.25839497515895615 0.64302299403714958 -0.038706135896967878 -0.072759382917796406 0.1841994297921207 -0.0027484363754626882 0.1997244814404793 -0.60779305954064688 -0.15595202671614314 -0.070214182268625511 0.081610037578777078 0.27952167311601639 0.25872759197821138 -0.032762457132950187 -0.024908455490068062 -0.15616333054839374 -0.84656343511431431 -0.20293768812019294 -0.051684997216113401 0.10471816805619116
leaf_weight=99 1310 10128 1709 373 797 121 840 549 590 3053 71 41 587 568 940 5785 135 411 596 349 1956 271 452 818 6715 52 109 300 541 226
leaf_count=99 1310 10128 1709 373 797 121 840 549 590 3053 71 41 587 568 940 5785 135 411 596 349 1956 271 452 818 6715 52 109 300 541 226
internal_value=-0.000171882 0.000260386 -0.000131698 0.00427864 0.000100592 -0.00558991 -0.00742313 -0.00341301 -0.000730786 0.000924805 -0.000535399 -0.00552481 0.000477567 -0.0094961 -0.0003584 0.000534276 -0.00117857 -0.00794702 -0.00160487 0.00310465 0.00074969 0.00330294 0.00460737 0.00105963 -0.00079096 0.00566489 0.000987544 -0.00322635 -0.00285491 0.00262931
internal_weight=40492 37501 34168 3333 31910 2991 2048 2258 15886 16024 15296 523 12971 1408 14773 7074 7699 452 943 1289 12084 2960 1871 1089 6902 187 561 887 640 347
internal_count=40492 37501 34168 3333 31910 2991 2048 2258 15886 16024 15296 523 12971 1408 14773 7074 7699 452 943 1289 12084 2960 1871 1089 6902 187 561 887 640 347
is_linear=0
shrinkage=0.03


Tree=121
num_leaves=31
num_cat=0
split_feature=17 24 0 14 5 28 32 5 2 27 28 16 39 38 8 14 32 25 8 23 5 14 17 0 27 25 5 33 12 13
split_gain=100.551 66.7372 39.2962 40.1886 26.1142 33.3725 23.751 16.8357 18.8389 22.2758 18.6585 17.6685 16.2298 15.2637 14.1077 13.3765 12.7377 13.0905 12.6417 12.3498 17.3107 11.4133 16.5067 13.5849 12.3687 11.3572 11.1514 11.0575 11.0232 10.6703
threshold=3908.0631350000008 446.81000000000006 16.500000000000004 98.045000000000016 42451.000000000007 30825.875000000004 5.0025000000000004 58501.625000000007 11.500000000000002 47227.250000000007 47073.437500000007 9317.2811944361565 -21.669999999999991 -6.5474999999999985 626.68750000000011 650.50000000000011 225.00500000000002 59.405000000000008 265.50625000000008 2.5000000000000004 50802.187500000007 91.975000000000009 5.1542000000000012 11.500000000000002 31804.515520833334 33.475000000000009 51081.250000000007 92.15000000000002 68.745833333333351 117.50000000000001
decision_type=10 10 2 10 2 8 10 2 2 8 8 8 10 8 2 10 10 10 2 2 2 10 8 2 10 10 2 10 10 10
left_child=1 4 3 18 6 26 -1 8 9 13 12 -10 -9 -7 21 -3 17 -14 -2 29 -21 23 27 25 -24 -8 -6 -23 -11 -15
right_child=2 15 -4 -5 5 7 14 10 11 28 -12 -13 16 19 -16 -17 -18 -19 -20 20 -22 22 24 -25 -26 -27 -28 -29 -30 -31
leaf_value=-0.31618751190382705 -0.067399303342985981 0.75148751220500343 0.025131045115817371 -0.086015945179057446 0.17084059134187518 0.059868067413867541 -0.059218408039336548 0.22676889422150107 0.059558591571053511 -0.22225868124239817 -0.0077096391688110085 -0.30503714435980656 0.071293764089713038 -0.019030541160413889 -0.69224703629455109 2.9990852472749867 0.44013286906087218 -0.022879698667542171 -0.16255691681696499 -0.028220180542627843 0.11763307409111795 -0.25038560900824697 0.034066894652243322 0.073973592248215925 -0.066856852814713499 -0.24099723834250947 0.70479566136267402 0.1002366567014964 -0.06437825222831009 -0.21675414613521268
leaf_weight=368 165 575 1171 2736 1964 3252 875 1332 300 339 3359 815 567 5199 179 349 639 2002 1265 2051 1188 148 1961 377 3177 644 724 1721 504 595
leaf_count=368 165 575 1171 2736 1964 3252 875 1332 300 339 3359 815 567 5199 179 349 639 2002 1265 2051 1188 148 1961 377 3177 644 724 1721 504 595
internal_value=-0.000263061 0.000318705 -0.00409985 -0.00546436 0.000104139 0.000614957 -0.00123796 0.000231676 -0.000384372 -6.62655e-05 0.00134241 -0.00412634 0.00259634 0.00025761 -0.000934713 0.00827027 0.0014397 0.000496109 -0.00953878 -0.000376909 0.00110648 -0.000766509 -0.00020762 -0.00283079 -0.00108581 -0.00409539 0.00377092 0.00220588 -0.00478081 -0.00120621
internal_weight=40541 35204 5337 4166 34280 24830 9450 22142 14243 13128 7899 1115 4540 12285 9082 924 3208 2569 1430 9033 3239 8903 7007 1896 5138 1519 2688 1869 843 5794
internal_count=40541 35204 5337 4166 34280 24830 9450 22142 14243 13128 7899 1115 4540 12285 9082 924 3208 2569 1430 9033 3239 8903 7007 1896 5138 1519 2688 1869 843 5794
is_linear=0
shrinkage=0.03


Tree=122
num_leaves=31
num_cat=0
split_feature=9 28 6 7 1 27 0 14 11 39 5 12 0 1 25 28 5 39 1 13 16 5 12 8 15 5 12 13 15 28
split_gain=88.442 67.3562 31.6551 28.8993 25.4417 22.491 20.6757 19.7297 18.498 15.6299 17.5196 13.3083 13.1066 17.3883 12.4199 12.363 12.1196 11.8109 11.0967 10.9172 15.1873 10.8879 10.8174 12.4852 10.8005 11.2465 10.582 17.4524 13.3937 11.4814
threshold=3.5550000000000002 25782.687500000004 5.6696035242290757 5.1579861111111134 4.5000000000000009 43327.551093750008 15.500000000000002 650.50000000000011 26.725000000000005 -11.607499999999993 66756.250000000015 57.817291666666669 2.5000000000000004 1.0000000180025095e-35 49.406666666666673 45975.099218750009 42604.125000000007 -21.669999999999991 1.0000000180025095e-35 21.085000000000004 4766.0606792502031 55331.250000000007 45.749375000000008 348.43750000000006 24.031145833333337 78275.000000000015 242.03625000000002 182.19500000000002 246.2154166666667 32234.053593750003
decision_type=8 8 2 2 2 8 2 10 10 10 2 10 2 2 10 10 2 8 2 10 8 2 10 2 8 2 10 10 10 10
left_child=4 7 5 8 22 9 11 16 -4 -3 -11 14 -13 -14 -5 18 -2 -7 -10 20 -16 -21 23 -1 -19 -26 27 29 -28 -20
right_child=1 2 3 6 -6 17 -8 -9 15 10 -12 12 13 -15 19 -17 -18 24 26 21 -22 -23 -24 -25 25 -27 28 -29 -30 -31
leaf_value=-0.078492146865145718 0.18912140376153586 0.347553910663987 -0.058000502011241115 -0.058404562963425465 -0.16651124353666999 0.10271284695971018 -3.1828182010400493e-05 2.8433436792519031 0.13796145525076936 0.015075372048563195 0.61145543197440078 0.03186471476847668 0.14723143131054883 -0.10775905695735417 -0.024754400155695036 -0.082072839666213537 0.95723565919571951 0.17814426797719007 0.12843861277157087 -0.18672061211558458 -0.40670472880492498 0.05842616504110619 0.004987335841943454 -0.098375821129432828 -0.03636951726881122 0.12829564973502455 0.76358868854316764 -0.22202486437155003 0.1340049496790445 0.013064759804122871
leaf_weight=581 590 468 2230 2109 796 1042 7070 356 1221 885 570 1486 549 4698 307 822 586 64 992 132 916 186 460 867 2042 361 307 256 534 7015
leaf_count=581 590 468 2230 2109 796 1042 7070 356 1221 885 570 1486 549 4698 307 822 586 64 992 132 916 186 460 867 2042 361 307 256 534 7015
internal_value=-0.000194079 0.000180976 -7.94198e-05 -0.000451494 -0.00543438 0.00203203 -0.00125559 0.00634051 0.000597623 0.00463877 0.00310096 -0.00210757 -0.00131645 -0.00202077 -0.00356615 0.00109661 0.00446049 0.000602564 0.00137856 -0.00561284 -0.00689951 -0.000658307 -0.0035516 -0.00482402 -0.000528768 -0.000854825 0.00101812 0.000691554 0.00422209 0.000938437
internal_weight=40498 37794 36262 30830 2704 5432 17453 1532 13377 1923 1455 10383 6733 5247 3650 11147 1176 3509 10325 1541 1223 318 1908 1448 2467 2403 9104 8263 841 8007
internal_count=40498 37794 36262 30830 2704 5432 17453 1532 13377 1923 1455 10383 6733 5247 3650 11147 1176 3509 10325 1541 1223 318 1908 1448 2467 2403 9104 8263 841 8007
is_linear=0
shrinkage=0.03


Tree=123
num_leaves=31
num_cat=0
split_feature=9 11 9 0 17 7 5 1 1 0 23 8 1 17 7 1 4 28 16 5 8 28 34 7 27 16 5 15 25 28
split_gain=101.431 64.3569 26.3383 22.7647 31.253 23.953 23.4798 20.169 15.4497 17.9755 35.2982 15.6884 14.8489 13.4704 12.8754 12.2872 11.4725 11.1301 10.8678 11.8805 12.7017 10.8581 10.3851 10.3263 9.80455 9.63695 9.6233 9.58642 9.37275 10.8854
threshold=1.7025000000000001 343.72000000000008 570.0150000000001 16.500000000000004 3857.1303050000006 7.7725694444444464 57578.062500000007 4.5000000000000009 1.5000000000000002 5.5000000000000009 2.5000000000000004 533.68750000000011 3.5000000000000004 6898.2695599999997 4.7135416666666687 1.0000000180025095e-35 354.50000000000006 37218.125000000007 1801.4113735138296 39056.250000000007 5.4187500000000011 43899.500000000007 108.97500000000001 5.0434027777777795 38229.972864583346 6434.9811605027671 42713.937500000007 331.09791666666672 32.143125000000005 42214.688906250005
decision_type=8 10 10 2 10 2 2 2 2 2 2 2 2 10 2 2 2 8 8 2 2 8 10 2 10 8 2 10 10 10
left_child=7 3 12 4 5 8 16 13 9 15 -11 18 -3 23 17 24 26 -5 -10 20 -20 -21 -12 -1 -2 -23 -7 -14 -15 -30
right_child=1 2 -4 14 -6 6 -8 -9 11 10 22 -13 27 28 -16 -17 -18 -19 19 21 -22 25 -24 -25 -26 -27 -28 -29 29 -31
leaf_value=0.12235588998827353 -0.0091296776938685296 0.68587336881970484 3.4735381193308665 0.21743279188664061 -0.11122697476922573 -0.31960347287635787 0.027000533258474346 -0.16964531366570643 0.075683699529522169 0.0027684366959950068 0.13387213371726644 -0.13468667726153966 1.0270725726959695 -0.1010919842488615 0.017337225478528638 0.05069609280740231 -0.5822620372152395 0.044393746240636953 -0.033360984365419309 0.02807038404692001 -0.23998586338987996 0.021907005924021093 0.7460415605914571 -0.14840366302941302 -0.14484276596968781 -0.062389514377504653 -0.12334104238325579 -0.2741898025682204 -0.11434423533286381 0.024794256148424215
leaf_weight=282 684 1206 295 816 2665 501 1013 690 1539 1595 885 1155 88 425 8115 1189 142 2004 2415 5992 451 737 499 482 474 1730 1500 431 425 110
leaf_count=282 684 1206 295 816 2665 501 1013 690 1539 1595 885 1155 88 425 8115 1189 142 2004 2415 5992 451 737 499 482 474 1730 1500 431 425 110
internal_value=-0.000124704 0.000253004 0.00546264 -3.86405e-05 -0.000535225 -0.000171318 -0.00259424 -0.00608696 0.000224077 0.0015994 0.00314597 -0.000298502 0.00404114 -0.00434783 0.00110415 -0.00036414 -0.00437267 0.00285005 2.33191e-06 -0.000319177 -0.00198814 0.000246454 0.00664982 -0.00137255 -0.00256255 -0.00142828 -0.00378372 -0.000201923 -0.00671176 -0.00405784
internal_weight=40535 38121 2020 36101 25166 22501 3156 2414 19345 5326 2979 14019 1725 1724 10935 2347 2143 2820 12864 11325 2866 8459 1384 764 1158 2467 2001 519 960 535
internal_count=40535 38121 2020 36101 25166 22501 3156 2414 19345 5326 2979 14019 1725 1724 10935 2347 2143 2820 12864 11325 2866 8459 1384 764 1158 2467 2001 519 960 535
is_linear=0
shrinkage=0.03


Tree=124
num_leaves=31
num_cat=0
split_feature=9 11 9 0 17 7 1 6 17 1 14 12 8 6 14 14 1 33 23 4 39 14 24 28 7 13 4 1 27 6
split_gain=88.7122 63.9901 25.5268 23.594 26.9698 22.0412 19.5229 17.4892 16.7354 14.6544 14.3949 13.4947 14.3866 13.2777 12.4512 12.1488 11.6596 11.5222 10.8683 10.7916 10.0974 17.6598 11.4027 9.77552 8.5496 8.51556 8.08137 7.93875 7.79777 13.1589
threshold=0.90500000000000014 331.02500000000003 570.0150000000001 16.500000000000004 3908.0631350000008 7.5434027777777795 4.5000000000000009 10.8352422907489 8051.4836500000001 1.5000000000000002 101.58125000000003 20.943177083333335 529.36250000000007 24.117841409691632 104.97000000000001 294.89000000000004 3.5000000000000004 135.58500000000004 6.5000000000000009 351.50000000000006 -22.834999999999997 97.020000000000024 66.185000000000016 41911.937500000007 5.0434027777777795 0.10250000000000002 261.50000000000006 5.5000000000000009 36652.104166666672 11.124889867841413
decision_type=8 10 10 2 10 2 2 2 10 2 10 10 2 2 10 10 2 8 2 2 8 10 10 10 2 10 2 2 10 2
left_child=6 3 9 4 5 11 8 19 24 15 -10 -2 20 17 25 -3 -14 -5 -9 -7 21 22 26 -12 -1 -6 -13 -19 29 -23
right_child=1 2 -4 13 14 7 -8 18 10 -11 23 12 16 -15 -16 -17 -18 27 -20 -21 -22 28 -24 -25 -26 -27 -28 -29 -30 -31
leaf_value=0.10445561034411613 -0.098239388619055776 -0.171646221223787 3.1933284897878327 -0.0093315354495533132 -0.1833025569651377 -0.0019940660275124243 -0.16219928210927878 -0.16205319085201922 -0.099950071806834143 0.23954508093746027 -0.094836298801801985 -0.034035305156359677 -0.0014727890607425563 0.13649366313678357 -0.087798465970355011 1.4674271430500849 -0.30119625575434555 0.058677374455386476 -0.46769554955709414 -0.26757836965744447 -0.0051602064631013529 0.33717543840279202 -0.18619875025815452 0.032661513573212841 -0.11909124906105124 -0.10459845602452686 0.12985980719930273 0.24593434310837223 0.049398762786217104 0.09658760787510573
leaf_weight=294 769 90 283 4803 251 1970 620 1157 490 1197 261 946 792 1478 1935 552 697 3997 346 179 8378 556 465 94 477 518 214 587 4293 1722
leaf_count=294 769 90 283 4803 251 1970 620 1157 490 1197 261 946 792 1478 1935 552 697 3997 346 179 8378 556 465 94 477 518 214 587 4293 1722
internal_value=-0.000201549 0.0001387 0.00520019 -0.000159344 -0.000663385 -0.000322882 -0.00600805 -0.00245552 -0.00426716 0.00390489 -0.00718085 9.07981e-05 0.000256588 0.00100911 -0.00349353 0.00755832 -0.00256711 0.000592778 -0.00493684 -0.000718605 0.000510407 0.001259 -0.00154059 -0.00257022 -0.00106865 -0.00672078 5.16796e-05 0.00166848 0.00195146 0.0033699
internal_weight=40411 38175 2122 36053 25188 22484 2236 3652 1616 1839 845 18832 18063 10865 2704 642 1489 9387 1503 2149 16574 8196 1625 355 771 769 1160 4584 6571 2278
internal_count=40411 38175 2122 36053 25188 22484 2236 3652 1616 1839 845 18832 18063 10865 2704 642 1489 9387 1503 2149 16574 8196 1625 355 771 769 1160 4584 6571 2278
is_linear=0
shrinkage=0.03


Tree=125
num_leaves=31
num_cat=0
split_feature=9 9 5 28 7 8 16 1 14 4 1 8 38 8 13 25 11 4 4 14 28 25 41 27 5 28 24 28 28 4
split_gain=90.4963 59.4974 26.0461 36.2881 30.4618 23.8815 23.1376 18.3543 14.6413 13.3478 15.7365 16.2627 15.2533 16.1661 12.6809 12.8171 13.1533 12.5225 15.0081 11.8819 11.8672 11.5417 11.0966 12.8039 10.4168 11.8168 12.3574 10.2149 10.1575 13.5901
threshold=0.28125000000000006 494.55500000000006 46800.062500000007 30825.875000000004 7.4739583333333348 632.76875000000007 6358.5057919720302 2.5000000000000004 96.010000000000005 348.50000000000006 1.0000000180025095e-35 1.0000000180025095e-35 -6.9212499999999997 389.69375000000008 51.646250000000002 30.627500000000005 0.065000000000000016 158.50000000000003 254.50000000000003 108.45500000000001 40598.263125000005 19.811666666666671 -16065.005134674457 37764.012083333342 74143.750000000015 52354.935156250009 79.125000000000014 39933.935468750009 39166.062500000007 312.50000000000006
decision_type=8 10 2 8 2 2 10 2 10 2 2 2 8 2 10 10 10 2 2 10 10 10 10 10 2 10 10 10 8 2
left_child=7 2 4 -4 5 8 9 -1 14 10 11 -5 -12 28 15 16 -2 -10 -19 -9 -18 -20 23 -6 25 -11 -27 -24 29 -14
right_child=1 -3 3 6 22 -7 -8 19 17 24 12 -13 13 -15 -16 -17 20 18 21 -21 -22 -23 27 -25 -26 26 -28 -29 -30 -31
leaf_value=-0.088682213639835875 -0.089012275847445768 1.8646736451912009 0.40543942869075761 0.0022162288274762431 -0.20466208797560498 -0.26810104888472436 -0.096334161179879266 -0.13233558484333335 -0.046917206451754581 -0.21036420751225307 0.086828729729542503 0.19821781282334569 0.041836040812510335 -0.071183032240672975 0.055697136978314743 -0.1380305762820096 -0.029638434059507827 0.059506274099675446 0.32606431751344211 -0.048474800615584276 0.15224844450919009 -0.064235310362606976 -0.15947879847535906 -0.49998106047034674 1.0852901952542395 0.27068364470647155 -0.040268563703037753 0.08933535057522364 0.0019705821253251797 0.38248325163072339
leaf_weight=1084 160 601 1718 855 799 558 2487 731 2362 977 2186 1291 2005 1632 304 1567 1049 5444 99 287 268 2695 273 406 49 88 80 298 7684 407
leaf_count=1084 160 601 1718 855 799 558 2487 731 2362 977 2186 1291 2005 1632 304 1567 1049 5444 99 287 268 2695 273 406 49 88 80 298 7684 407
internal_value=-0.000146124 0.000186214 3.69615e-05 0.000723439 -0.000867776 -0.000413593 0.000359386 -0.00620542 -0.000169905 0.000749348 0.000976901 0.00336749 0.000607977 0.000179043 -0.00189907 -0.00248276 -0.000476996 0.00037638 0.000928511 -0.00909715 0.00051214 -0.000858676 -0.00457513 -0.00620647 -0.00230962 -0.00289267 0.00443787 -0.00112762 0.000626919 0.00232491
internal_weight=40444 38342 37741 21459 16282 14506 19741 2102 13948 17254 16060 2146 13914 11728 3348 3044 1477 10600 8238 1018 1317 2794 1776 1205 1194 1145 168 571 10096 2412
internal_count=40444 38342 37741 21459 16282 14506 19741 2102 13948 17254 16060 2146 13914 11728 3348 3044 1477 10600 8238 1018 1317 2794 1776 1205 1194 1145 168 571 10096 2412
is_linear=0
shrinkage=0.03


Tree=126
num_leaves=31
num_cat=0
split_feature=32 27 6 28 0 18 0 12 6 14 16 40 31 5 1 27 32 6 16 41 15 16 27 14 38 29 5 15 11 40
split_gain=79.4144 58.736 28.0069 29.8191 25.2992 31.8937 45.0775 23.9559 19.3249 18.7702 16.6703 13.5512 14.4755 13.1516 12.9008 12.6967 12.6686 12.2603 10.9303 10.5893 11.2962 15.0369 10.4703 10.4416 10.1224 9.98071 9.31741 8.70904 10.9642 8.64029
threshold=0.74875000000000014 25684.145833333339 9.206387665198239 43899.500000000007 16.500000000000004 1.0000000180025095e-35 5.5000000000000009 38.983541666666675 23.761233480176212 650.50000000000011 2932.6888682360218 -4.3499999999999792 299.90500000000003 54962.937500000007 1.0000000180025095e-35 38308.075729166674 133.23375000000001 20.620044052863442 2804.1512944801857 13259.921016334762 36.776875000000011 21.290139449569665 42107.250000000007 47.195 86.481250000000003 64.030000000000015 78275.000000000015 458.07729166666678 367.71000000000009 -11.084999999999999
decision_type=8 8 2 8 2 2 2 10 2 10 10 8 10 2 2 10 10 2 8 10 8 10 10 10 10 10 2 10 10 10
left_child=7 9 3 11 5 10 17 14 -6 27 23 13 -13 15 -1 -3 -12 18 22 20 21 -5 -7 -4 -15 -16 -22 28 -2 -21
right_child=1 2 4 19 8 6 -8 -9 -10 -11 16 12 -14 24 25 -17 -18 -19 -20 29 26 -23 -24 -25 -26 -27 -28 -29 -30 -31
leaf_value=-0.096224639826335973 0.2469400835199235 0.22152530107314738 -0.29751459748502518 0.18294521410774245 0.0029362327824600243 0.054080489204124262 -0.20370345783730967 -0.03742584455960582 0.15236898780233096 2.5184801422878444 -0.1098695799447317 0.0092284125072212564 0.77597680914984091 0.31596067151628632 -0.14190613187722015 -0.027560283946422005 0.30075775216488693 0.22346763435332725 -0.057069420448795039 0.24306427789777374 -0.036974500310532434 -0.0030705445515032182 0.25235674861714602 0.0086949736908439948 0.14919640531238884 -0.063875908276767604 0.071950081405744645 -0.016960176441748728 1.4316097368639555 0.00084335443515797686
leaf_weight=557 457 597 69 149 6555 275 3299 1140 1630 363 2042 2294 333 1293 773 736 104 242 1310 304 4240 322 84 9478 371 287 302 288 270 352
leaf_count=557 457 597 69 149 6555 275 3299 1140 1630 363 2042 2294 333 1293 773 736 104 242 1310 304 4240 322 84 9478 371 287 302 288 270 352
internal_value=-0.000127354 0.000231594 1.23688e-06 0.00124181 -0.000557216 -0.00122013 -0.00317214 -0.0050417 0.000811752 0.00630892 -0.00035018 0.00278933 0.00121575 0.00416778 -0.00738875 0.00194528 -0.00273871 0.000494247 -0.000422156 -0.000293651 -0.000762864 0.00365466 0.00420833 0.00018695 0.00594595 -0.00933082 -0.00122166 0.00420768 0.00595467 0.00328767
internal_weight=40516 37759 36381 11293 25088 16903 5210 2757 8185 1378 11693 5624 2627 2997 1617 1333 2146 1911 1669 5669 5013 471 359 9547 1664 1060 4542 1015 727 656
internal_count=40516 37759 36381 11293 25088 16903 5210 2757 8185 1378 11693 5624 2627 2997 1617 1333 2146 1911 1669 5669 5013 471 359 9547 1664 1060 4542 1015 727 656
is_linear=0
shrinkage=0.03


Tree=127
num_leaves=31
num_cat=0
split_feature=32 30 12 18 28 8 0 7 5 0 9 38 41 13 4 5 27 39 24 0 4 33 13 14 4 11 37 16 11 13
split_gain=79.7348 54.9768 25.1489 23.5323 30.1409 28.0882 42.8115 23.6741 22.5418 19.5701 18.2074 15.8567 18.6243 15.0897 14.7096 13.5891 13.2181 12.3844 12.2127 10.7897 10.5471 10.177 10.0176 17.45 9.96393 9.81959 8.8427 8.73808 8.7161 8.41828
threshold=0.74875000000000014 360.14000000000004 38.983541666666675 1.0000000180025095e-35 30825.875000000004 0.38125000000000003 15.500000000000002 7.2760416666666687 51456.250000000007 5.5000000000000009 570.0150000000001 -3.0649999999999973 8671.3491436982094 18.625000000000004 114.50000000000001 65101.937500000007 43327.551093750008 -76.402499999999989 0.28125000000000006 20.500000000000004 345.50000000000006 110.39625000000002 113.11000000000001 169.84750000000003 2.5000000000000004 190.00500000000002 1.0000000180025095e-35 1510.0008022792042 60.265000000000008 68.936250000000015
decision_type=8 10 10 2 10 2 2 2 2 2 10 10 8 10 2 2 10 10 10 2 2 10 10 10 2 10 8 10 10 10
left_child=2 3 21 4 17 7 8 24 29 22 -3 18 27 20 -9 -15 -17 28 -11 -18 -14 -1 23 26 -5 -20 -6 -13 -2 -7
right_child=1 10 -4 5 9 6 -8 14 -10 11 -12 12 13 15 -16 16 19 -19 25 -21 -22 -23 -24 -25 -26 -27 -28 -29 -30 -31
leaf_value=-0.13016816443388485 -0.43686548484592053 0.57250418344005993 -0.042630936467645944 -0.41611436716297262 -0.02434107542966597 -0.26397473744918581 0.016351333724226577 -0.0020699639265514234 -0.026828356199822705 -0.10281540942367834 3.4611697005482442 0.028004016856395347 0.15111161162740727 -0.017232158953094226 -0.29881810058333946 0.24258523264149232 0.03062958511938248 0.11532656336805665 0.065573279432597789 -0.1521588677557642 -0.32585367118498604 -0.031718702781804796 -0.17398556107476068 0.09529850758990932 0.051293424510415971 0.45265183077799631 -0.1238276976763424 -0.097378038668997705 0.7849287815535656 -0.17130815031732835
leaf_weight=1331 43 1114 1183 53 3464 1749 2329 569 1009 168 259 776 1177 4526 543 829 1384 2418 4319 133 93 279 793 793 4150 265 763 2530 559 823
leaf_count=1331 43 1114 1183 53 3464 1749 2329 569 1009 168 259 776 1177 4526 543 829 1384 2418 4319 133 93 279 793 793 4150 265 763 2530 559 823
internal_value=-0.000194434 0.000168607 -0.00508411 -5.46071e-05 0.000457178 -0.00119588 -0.00261885 0.000386569 -0.00467755 7.15454e-05 0.00605895 0.00060737 2.62032e-06 0.000773671 -0.00350404 0.000218245 0.00207073 0.00326713 0.00206396 0.000405138 0.00377655 -0.00752328 -0.00142157 -0.00092611 0.00141651 0.00235551 -0.00169229 -0.00189598 0.00711443 -0.0061679
internal_weight=40424 37631 2793 36258 25033 11225 5910 5315 3581 22013 1373 16200 11448 8142 1112 6872 2346 3020 4752 1517 1270 1610 5813 5020 4203 4584 4227 3306 602 2572
internal_count=40424 37631 2793 36258 25033 11225 5910 5315 3581 22013 1373 16200 11448 8142 1112 6872 2346 3020 4752 1517 1270 1610 5813 5020 4203 4584 4227 3306 602 2572
is_linear=0
shrinkage=0.03


Tree=128
num_leaves=31
num_cat=0
split_feature=32 31 12 6 18 31 7 23 8 32 39 8 14 4 27 4 14 12 27 1 0 0 17 10 4 4 1 11 38 17
split_gain=74.9639 51.7422 31.5413 24.6993 26.7809 26.8501 24.1361 21.8537 40.4341 19.7596 19.5017 18.0844 16.7829 15.8079 16.4675 15.7899 14.89 14.2794 13.6582 13.3297 13.0352 36.3016 12.6852 11.5421 10.5772 10.5617 10.074 9.86184 9.56732 9.13072
threshold=1.1050000000000002 356.67500000000001 38.983541666666675 6.2292951541850234 1.0000000180025095e-35 35.995000000000012 7.6927083333333348 1.5000000000000002 0.13750000000000004 245.08500000000001 -11.034999999999995 643.2750000000002 650.50000000000011 156.50000000000003 32222.833333333339 16.500000000000004 132.83500000000004 48.331458333333337 42851.187500000007 1.0000000180025095e-35 4.5000000000000009 11.500000000000002 87.299175000000005 79.815000000000012 361.50000000000006 114.50000000000001 5.5000000000000009 295.00500000000005 -11.017499999999997 11577.664160000002
decision_type=8 10 10 2 2 10 2 2 2 10 10 2 10 2 10 2 10 10 8 2 2 2 8 10 2 2 2 10 10 8
left_child=2 3 19 9 7 -6 11 13 -9 10 18 20 -3 15 29 16 -5 -10 -2 -1 -7 22 -22 -23 -16 -8 -25 -26 -17 -15
right_child=1 12 -4 4 5 6 25 8 17 -11 -12 -13 -14 14 24 28 -18 -19 -20 -21 21 23 -24 26 27 -27 -28 -29 -30 -31
leaf_value=-0.091134004958640713 0.28633074266724995 0.54645959079418216 -0.023655932741925591 0.29505688988725465 -0.22773183815045883 0.064229798716380418 -0.11227347294139306 -0.046781853692655737 0.063598682476264365 0.55352689784906306 -0.0085909495764298072 -0.44596371326573603 2.464675367538169 -0.13497829307453138 0.00024600565430098697 0.046034680048947507 -0.022105814059147234 0.30004368610938087 0.061402972279628182 -0.11611730416816496 0.022129648123260761 -0.058718740414939671 -0.19131665132572023 0.011641912078044214 -0.61857733966384731 -0.35552681507408229 0.18160109826317664 0.13905552064044799 -0.057763318334561831 0.16257473240028106
leaf_weight=558 508 993 1243 167 878 1632 510 1963 835 368 3099 275 333 142 8170 771 206 1499 1936 1119 392 887 1674 1289 91 628 1041 68 5304 1837
leaf_count=558 508 993 1243 167 878 1632 510 1963 835 368 3099 275 333 142 8170 771 206 1499 1936 1119 392 887 1674 1289 91 628 1041 68 5304 1837
internal_value=-0.000187792 0.000172814 -0.00481684 -4.06403e-05 -0.000387145 -0.00173672 -0.00121023 0.000203049 0.00211145 0.00173292 0.00128517 -0.000567376 0.00599096 -0.000286447 0.000442332 -0.00145139 0.00453209 0.00477944 0.00328834 -0.0075 -0.000266773 -0.000990727 -0.00409289 0.00100218 -0.000142257 -0.00526778 0.00211068 -0.00778125 -0.00181945 0.00290152
internal_weight=40416 37496 2920 36170 30259 9206 8328 21053 4297 5911 5543 7190 1326 16756 10308 6448 373 2334 2444 1677 6915 5283 2066 3217 8329 1138 2330 159 6075 1979
internal_count=40416 37496 2920 36170 30259 9206 8328 21053 4297 5911 5543 7190 1326 16756 10308 6448 373 2334 2444 1677 6915 5283 2066 3217 8329 1138 2330 159 6075 1979
is_linear=0
shrinkage=0.03


Tree=129
num_leaves=31
num_cat=0
split_feature=17 31 14 5 7 27 0 8 0 4 38 41 2 5 27 39 6 0 34 25 5 5 14 41 14 25 12 14 14 1
split_gain=69.8044 48.7072 34.4033 27.0623 26.6366 24.5044 22.1986 19.5544 18.8687 17.6817 19.1679 16.0801 14.199 14.118 15.5335 18.7855 19.4725 14.0617 13.2501 14.3404 13.1283 12.2575 11.2473 11.1407 9.89912 10.8664 9.88693 16.8674 15.7613 9.5405
threshold=3908.0631350000008 404.31000000000006 98.045000000000016 42451.000000000007 6.7135416666666687 28537.479166666672 16.500000000000004 77.787500000000009 14.500000000000002 349.50000000000006 -13.199999999999998 -8288.8521230241367 9.5000000000000018 48500.625000000007 47486.791666666672 -16.480000000000004 8.9114537444933948 15.500000000000002 88.715000000000018 75.79062500000002 69056.250000000015 80825.000000000015 650.50000000000011 5210.5999815625155 76.625000000000014 190.57583333333335 86.420260416666693 74.815000000000012 190.14875000000004 5.5000000000000009
decision_type=10 10 10 2 2 8 2 2 2 2 8 8 2 2 10 8 2 2 10 10 2 2 10 8 10 10 10 10 10 2
left_child=1 3 6 4 7 -5 12 -1 -4 10 -7 -12 -2 24 15 16 23 -9 -11 -20 29 26 -3 -15 -13 -26 27 -16 -28 -17
right_child=2 22 8 5 -6 9 -8 17 -10 18 11 13 -14 14 21 20 -18 -19 19 -21 -22 -23 -24 -25 25 -27 28 -29 -30 -31
leaf_value=0.0069826197021548349 -0.1405422402880685 0.61287656198438434 -0.1026827308319605 0.37743502296207965 -0.20070669755860995 0.092693066788031422 -0.021035756742431903 -0.29578179452658299 0.022044763980498042 -0.40786275695910096 -0.21342519066771284 -0.1394671688736672 0.023376510037743728 -0.013924351459453631 0.025254503577727332 -0.016408631118681426 0.049226653606286558 -0.0075416791279522494 0.10424154253738734 -0.18794429563928589 0.13430453117440846 0.1557211769129242 2.4250461018022036 0.21063643334031382 -0.0022686439148625935 -0.27152467549385417 0.06986547225692781 -0.1206765852410107 -0.1243871923523116 0.099305681352306538
leaf_weight=6382 1289 586 2049 1683 1562 3540 420 814 1464 322 253 578 116 250 415 4216 2661 674 309 787 789 187 297 1481 4027 334 1002 902 682 522
leaf_count=6382 1289 586 2049 1683 1562 3540 420 814 1464 322 253 578 116 250 415 4216 2661 674 309 787 789 187 297 1481 4027 334 1002 902 682 522
internal_value=-0.000157782 0.000326327 -0.00335456 0.000147499 -0.00122124 0.00066517 -0.00669496 -0.000510736 -0.00161781 0.000412116 0.00062294 0.000231967 -0.00850284 0.000337452 0.000852533 0.001438 0.00290234 -0.00360645 -0.00283298 -0.00125798 0.000274059 -0.000968956 0.00727941 0.00537818 -0.00102935 -0.00053989 -0.00143404 -0.00338012 8.90208e-05 -0.000322853
internal_weight=40593 35255 5338 34372 9432 24940 1825 7870 3513 23257 21839 18299 1405 18046 13107 9919 4392 1488 1418 1096 5527 3188 883 1731 4939 4361 3001 1317 1684 4738
internal_count=40593 35255 5338 34372 9432 24940 1825 7870 3513 23257 21839 18299 1405 18046 13107 9919 4392 1488 1418 1096 5527 3188 883 1731 4939 4361 3001 1317 1684 4738
is_linear=0
shrinkage=0.03


Tree=130
num_leaves=31
num_cat=0
split_feature=9 28 6 7 28 14 0 15 4 0 39 5 5 4 11 15 5 4 4 12 7 10 18 16 16 13 4 28 15 13
split_gain=78.5681 48.6234 23.8796 33.2775 25.0224 17.5095 16.9221 14.3201 14.2636 16.0236 12.524 22.1972 15.6707 13.9117 11.9494 10.9012 11.3289 11.4857 18.1673 11.0151 10.3968 9.67461 10.7749 12.8609 9.33741 10.314 11.9894 9.32441 16.1489 13.1115
threshold=0.28125000000000006 25782.687500000004 9.7345814977973593 5.4913194444444473 43899.500000000007 650.50000000000011 16.500000000000004 24.694791666666671 164.50000000000003 14.500000000000002 -11.318749999999993 55331.250000000007 70093.750000000015 40.500000000000007 0.065000000000000016 24.031145833333337 80825.000000000015 358.50000000000006 363.50000000000006 53.626666666666672 7.4392361111111134 5.2025000000000015 1.0000000180025095e-35 9738.2587968078788 1216.7972299047549 179.78500000000005 126.50000000000001 39046.516718750012 284.98812500000003 262.4500000000001
decision_type=8 8 2 2 8 10 2 10 2 2 8 2 2 2 10 8 2 2 2 10 2 10 2 8 10 10 2 10 10 10
left_child=7 5 4 8 10 -2 21 -1 14 -10 11 13 27 -3 -4 19 17 -17 -19 -6 -15 -5 -23 -24 25 -16 -27 -12 29 -29
right_child=1 2 3 6 15 -7 -8 -9 9 -11 12 -13 -14 20 24 16 -18 18 -20 -21 -22 22 23 -25 -26 26 -28 28 -30 -31
leaf_value=-0.11214573983876147 0.48428965383797362 -0.60361126727660386 -0.14311172109286699 -0.18121663784797254 -0.30544750364951762 2.3839720684859129 -0.010689389893059627 -0.069529767511420412 0.0051755924276534106 0.0971307179100728 0.073585023340122929 0.26854001566853242 0.49611809742480145 0.12741697798722451 0.01958795383804798 -0.031774737866161612 0.18183727726056545 0.22758536015219341 -0.14118977136831362 0.19409361566813274 -0.059162204187113321 -0.06245353300932862 -0.020680362074321779 -0.32463960600599506 -0.10734747997786492 -0.032540399190203996 -0.48961272875967166 -0.017718482593689442 -0.52648691830071126 1.2620882955406001
leaf_weight=545 1167 144 274 525 61 341 4360 1559 5655 3026 1137 1313 552 1172 2777 5487 230 178 99 203 502 4437 572 1295 879 256 108 1387 196 67
leaf_count=545 1167 144 274 525 61 341 4360 1559 5655 3026 1137 1313 552 1172 2777 5487 230 178 99 203 502 4437 572 1295 879 256 108 1387 196 67
internal_value=-0.000199975 0.000109372 -0.000106524 -0.000660459 0.000945086 0.00538767 -0.00185925 -0.00584323 0.000373382 0.00107291 0.00225313 0.0036159 0.000974551 0.00146784 -0.00104075 -0.000407413 -0.000670559 -0.000931483 0.00501799 0.00554717 0.00223881 -0.00279136 -0.00246471 -0.00437634 -0.00062671 0.000138447 -0.00460274 5.91822e-05 -0.00138098 -0.00028866
internal_weight=40504 38400 36892 24164 12728 1508 11189 2104 12975 8681 6470 3131 3339 1818 4294 6258 5994 5764 277 264 1674 6829 6304 1867 4020 3141 364 2787 1650 1454
internal_count=40504 38400 36892 24164 12728 1508 11189 2104 12975 8681 6470 3131 3339 1818 4294 6258 5994 5764 277 264 1674 6829 6304 1867 4020 3141 364 2787 1650 1454
is_linear=0
shrinkage=0.03


Tree=131
num_leaves=31
num_cat=0
split_feature=9 24 7 6 7 28 1 1 11 2 0 14 1 2 17 41 41 32 25 32 10 27 15 0 0 0 18 13 15 41
split_gain=70.2345 47.3196 20.5791 19.7107 26.7916 16.3484 16.239 16.093 15.8599 14.1468 13.5907 13.3487 12.6586 13.4452 12.1217 11.6749 11.6474 11.3504 11.2805 10.441 9.93476 9.63894 9.33597 9.19319 9.28455 9.09648 11.0983 8.69669 13.6994 9.62737
threshold=0.28125000000000006 410.02500000000003 10.565972222222223 9.7345814977973593 5.8906250000000027 43899.500000000007 1.0000000180025095e-35 3.5000000000000004 22.385000000000002 6.5000000000000009 15.500000000000002 111.41500000000001 1.0000000180025095e-35 5.5000000000000009 8051.4836500000001 6555.0152558739874 -8724.8908667981432 250.00500000000002 32.776666666666678 148.77000000000001 5.2025000000000015 31804.515520833334 284.98812500000003 4.5000000000000009 21.500000000000004 2.5000000000000004 1.0000000180025095e-35 1.5350000000000004 24.031145833333337 2171.4324529777227
decision_type=8 10 2 2 2 8 2 2 10 2 2 10 2 2 10 10 8 10 10 10 10 10 10 2 2 2 2 8 8 8
left_child=6 2 3 5 8 15 -1 9 -5 -3 20 14 23 -14 -8 17 -13 21 -15 -20 -6 -2 -19 -10 -25 -22 -27 29 -29 -7
right_child=1 7 -4 4 10 27 11 -9 12 -11 -12 16 13 18 -16 -17 -18 22 19 -21 25 -23 -24 24 -26 26 -28 28 -30 -31
leaf_value=-0.057869127260010568 0.36965922229204207 -0.57737816273321696 -0.24888873720658189 -0.053892612141671493 -0.17652127493875938 -0.50456567468509628 -0.11273787658859365 0.12571758551635184 -0.037975655861718846 1.4053940657207755 -0.013030367667521432 0.016783849275372693 -0.039715908754045015 0.22789935339694059 -0.10716825763907349 0.42438614911610079 -0.1563321427465944 0.75090122193535125 0.0038985061512887853 0.13430357190911962 -0.005975185230868511 0.031795664152348378 0.0069324785641629201 0.22513364617460838 -0.07504752240563263 -0.075620272416239656 -0.2644825248337036 0.17482327531028663 -0.0015201098027873882 0.022604799137254543
leaf_weight=675 512 76 760 2495 381 153 427 382 345 747 3973 158 2807 562 556 204 229 352 6081 1797 1150 4859 160 1184 164 2332 1011 184 5620 140
leaf_count=675 512 76 760 2495 381 153 427 382 345 747 3973 158 2807 562 556 204 229 352 6081 1797 1150 4859 160 1184 164 2332 1011 184 5620 140
internal_value=-0.000104504 0.000183831 -5.64107e-06 9.62514e-05 -0.000397809 0.00108084 -0.00552053 0.00603234 0.000356634 0.00839199 -0.00171395 -0.00739606 0.00077892 0.00041474 -0.00925305 0.00218052 -0.00266753 0.00193491 0.00101291 0.000719634 -0.00277538 0.00152736 0.00619883 0.00319658 0.00431431 -0.00237984 -0.00317135 -1.72188e-05 0.000237726 -0.00505102
internal_weight=40476 38431 37226 36466 24282 12184 2045 1205 15435 823 8847 1370 12940 11247 983 6087 387 5883 8440 7878 4874 5371 512 1693 1348 4493 3343 6097 5804 293
internal_count=40476 38431 37226 36466 24282 12184 2045 1205 15435 823 8847 1370 12940 11247 983 6087 387 5883 8440 7878 4874 5371 512 1693 1348 4493 3343 6097 5804 293
is_linear=0
shrinkage=0.03


Tree=132
num_leaves=31
num_cat=0
split_feature=9 30 5 28 7 14 32 14 17 25 23 34 14 8 6 4 4 41 40 17 25 28 13 27 29 12 23 41 41 28
split_gain=65.3874 46.6308 23.0427 33.7875 31.4418 17.9429 17.4283 14.6069 17.8585 14.4295 12.7926 12.5973 12.469 12.3343 15.7588 12.217 14.2725 12.1463 12.0576 11.6669 11.5949 11.5122 15.238 10.6799 10.4859 10.4876 10.3468 10.3212 10.2278 12.8844
threshold=0.28125000000000006 407.87500000000006 50154.875000000007 39324.445625000008 7.5434027777777795 75.593750000000014 236.91500000000002 97.020000000000024 7889.58781 38.983541666666675 2.5000000000000004 84.510000000000005 650.50000000000011 615.43750000000011 23.944052863436131 361.50000000000006 312.50000000000006 13654.425545070624 -10.51000000000001 1878.6243000000002 49.953125000000007 28772.464218750003 229.99000000000004 39107.82343750001 264.99875000000003 40.351041666666674 4.5000000000000009 2171.4324529777227 -14628.962492295686 39166.062500000007
decision_type=10 10 2 10 2 10 10 8 10 10 2 8 10 2 2 2 2 10 10 10 10 10 10 10 8 10 2 8 10 10
left_child=7 2 4 10 5 20 9 8 -1 27 15 -6 -3 14 19 16 21 24 -19 -7 -2 -4 23 -23 25 -11 -15 -5 29 -13
right_child=1 12 3 6 11 13 -8 -9 -10 17 -12 28 -14 26 -16 -17 -18 18 -20 -21 -22 22 -24 -25 -26 -27 -28 -29 -30 -31
leaf_value=-0.094784659319298942 -0.044831977480056004 0.50105459562212162 0.66161739151024945 -0.043101534273048206 -0.226122952262611 0.0074964578629180068 0.33177599666297625 -0.027880815617985652 -0.10448426781353648 -0.1537357849249765 0.29018657102662043 -0.14553365515036007 2.3590283842675706 -0.032393468406252166 0.097896913812385689 -0.36984805936103982 0.41838359248393542 0.26815688667062126 -0.030011201882913098 -0.077994349469777541 -0.27579798557344565 0.0021169271596481565 -0.61626491664107619 0.22222875627510064 -0.34145056042714128 -0.013189891296026842 -0.29528965279991942 0.13199408547323102 0.036126396315898292 -0.41693646417015029
leaf_weight=684 1570 628 340 300 765 12500 753 815 611 298 1279 894 301 613 1757 68 415 334 297 1503 382 1591 83 282 252 9331 401 638 552 264
leaf_count=684 1570 628 340 300 765 12500 753 815 611 298 1279 894 301 613 1757 68 415 334 297 1503 382 1591 83 282 252 9331 401 638 552 264
internal_value=-0.000160362 0.000122291 -4.24419e-05 0.000807096 -0.000694038 -0.000273936 1.84366e-05 -0.00530081 -0.00728009 -0.000272465 0.00317812 -0.00387116 0.00675806 4.2921e-05 0.00024935 0.00203417 0.00235066 -0.000590697 0.00344146 -8.67609e-05 -0.00299539 0.0014236 0.000536536 0.00109658 -0.000848512 -0.000690031 -0.00316256 0.00329073 -0.00243717 -0.00403796
internal_weight=40501 38391 37462 16261 21201 18726 12203 2110 1295 11450 4058 2475 929 16774 15760 2779 2711 10512 631 14003 1952 2296 1956 1873 9881 9629 1014 938 1710 1158
internal_count=40501 38391 37462 16261 21201 18726 12203 2110 1295 11450 4058 2475 929 16774 15760 2779 2711 10512 631 14003 1952 2296 1956 1873 9881 9629 1014 938 1710 1158
is_linear=0
shrinkage=0.03


Tree=133
num_leaves=31
num_cat=0
split_feature=32 11 12 0 18 0 14 0 23 8 14 16 13 15 1 11 4 14 6 39 1 16 1 0 15 1 16 37 13 6
split_gain=64.967 45.5811 25.5316 20.617 24.1251 55.6405 20.3093 15.5885 45.7859 21.9816 19.0987 15.0764 12.0144 12.5636 12.0292 12.0906 11.9571 11.6384 11.1645 10.6652 10.5931 10.038 9.32241 9.71813 9.01756 8.86092 8.84348 8.81804 8.63165 8.48443
threshold=0.74875000000000014 367.71000000000009 38.983541666666675 15.500000000000002 1.0000000180025095e-35 5.5000000000000009 650.50000000000011 5.5000000000000009 1.5000000000000002 183.55625000000003 117.40500000000002 2804.1512944801857 68.936250000000015 73.383750000000006 5.5000000000000009 97.00500000000001 361.50000000000006 85.125000000000014 26.986563876651989 -78.616249999999994 1.5000000000000002 3540.2709116272445 5.5000000000000009 22.500000000000004 40.351041666666674 1.0000000180025095e-35 6838.8702981904416 1.0000000180025095e-35 59.82500000000001 9.8887665198237915
decision_type=10 10 8 2 2 2 10 2 2 2 10 10 10 10 2 10 2 10 2 10 2 10 2 2 10 2 10 10 10 2
left_child=2 3 25 4 7 17 20 27 9 16 -10 -11 13 -7 -14 -16 21 -6 19 -5 -3 -9 23 29 -19 -1 -24 -2 -26 -21
right_child=1 6 -4 18 5 12 -8 8 10 11 -12 -13 14 -15 15 -17 -18 24 -20 22 -22 -23 26 -25 28 -27 -28 -29 -30 -31
leaf_value=-0.091145450400224065 -0.0093720854493274872 0.94734675111041722 -0.024805693393477452 0.14111550049651161 -0.038997675800116052 -0.10546154660257932 2.3278497438834935 0.073120636243076825 0.061390472325792866 -0.023379939136978719 0.46905210419552812 -0.17318374449403234 -0.19058352849171717 -0.50141613109034588 0.16921877176466429 -0.1060904929526815 -0.33531917824690638 0.13767873322354587 0.17243907744045969 0.059918402212594798 0.17318452997804512 -0.059455677627175491 0.12185419407181712 -0.063804610807875833 -0.041101450204488042 -0.10526827706032806 -0.23241437745474908 -0.0903132973141728 0.10621397965893337 -0.0085999748252635292
leaf_weight=534 4876 468 1181 1558 600 1984 355 3184 919 3285 946 577 1058 694 288 470 63 511 921 2317 875 782 1200 1257 762 1076 106 1804 1111 4727
leaf_count=534 4876 468 1181 1558 600 1984 355 3184 919 3285 946 577 1058 694 288 470 63 511 921 2317 875 782 1200 1257 762 1076 106 1804 1111 4727
internal_value=-0.000167078 0.000159951 -0.00458274 -6.66648e-05 -0.000577044 -0.00198957 0.00496174 6.57054e-05 0.000830173 -0.000169159 0.00505627 -0.00178618 -0.00409789 -0.00537514 -0.00221244 0.000671937 0.00138089 0.00118593 0.000943162 0.000681085 0.00327009 0.0015881 0.000307556 -6.32378e-05 0.00212579 -0.00703911 0.00266259 -0.00105074 0.00116062 0.000370476
internal_weight=40489 37698 2791 36000 23914 7478 1698 16436 9756 7891 1865 3862 4494 2678 1816 758 4029 2984 12086 11165 1343 3966 9607 8301 2384 1610 1306 6680 1873 7044
internal_count=40489 37698 2791 36000 23914 7478 1698 16436 9756 7891 1865 3862 4494 2678 1816 758 4029 2984 12086 11165 1343 3966 9607 8301 2384 1610 1306 6680 1873 7044
is_linear=0
shrinkage=0.03


Tree=134
num_leaves=31
num_cat=0
split_feature=32 27 12 6 7 28 33 0 24 39 5 5 15 2 7 23 16 0 8 23 5 25 14 5 6 28 13 28 23 14
split_gain=60.0457 45.9733 22.1994 21.3438 27.1498 20.2132 17.1257 14.5275 13.7219 13.3137 21.248 16.2729 12.492 10.3228 10.678 9.88151 9.6449 11.3299 12.1311 19.4573 10.3866 9.62186 12.9141 9.58125 9.46246 9.41758 8.84011 8.66928 8.26784 8.7033
threshold=0.74875000000000014 25684.145833333339 32.143125000000005 9.7345814977973593 5.8906250000000027 43899.500000000007 554.32500000000016 16.500000000000004 -1.0000000180025095e-35 -10.469999999999994 55331.250000000007 71312.500000000015 24.031145833333337 11.500000000000002 5.6857638888888902 3.5000000000000004 2159.6178014880775 15.500000000000002 203.72500000000002 5.5000000000000009 40343.750000000007 79.710833333333341 97.020000000000024 79606.250000000015 31.152202643171815 31164.625000000004 213.14000000000001 38097.375000000007 2.5000000000000004 138.97500000000002
decision_type=10 8 8 2 2 10 10 2 10 10 2 2 8 2 2 2 10 2 2 2 2 10 10 2 2 10 10 10 2 10
left_child=2 6 15 5 8 9 -2 -6 -5 10 13 25 -7 -3 -15 -1 17 18 20 28 21 22 -10 -14 -18 -11 -13 -19 -20 -30
right_child=1 3 -4 4 7 12 -8 -9 16 11 -12 26 23 14 -16 -17 24 27 19 -21 -22 -23 -24 -25 -26 -27 -28 -29 29 -31
leaf_value=-0.067069463678333927 0.43113883681626419 0.07939499164137323 -0.034980343122838632 -0.11466383591878936 -0.11449267490917957 0.14230473116515008 2.5679904384660421 -0.014194908358469503 -0.040867364452911017 0.31363388552599986 0.28292597178047324 0.10074799542472647 -0.020661829092859987 0.17337456258844283 -0.49145558237480064 -0.1725956349223485 -0.052783416538955769 0.12597423558149934 -0.023190562337380385 -0.25780576564783481 0.077178349926048065 -0.043165036664102416 0.11426563341908696 0.11038297242942853 0.65562272634337992 -0.012988729754236913 1.1766175389432572 0.017518203239561742 0.0011364604516008825 0.68535788484289006
leaf_weight=978 1004 1648 1423 468 5312 246 368 3564 484 283 1252 258 5455 51 109 385 2438 2090 2107 755 1811 1627 891 324 60 2501 183 1914 232 165
leaf_count=978 1004 1648 1423 468 5312 246 368 3564 484 283 1252 258 5455 51 109 385 2438 2090 2107 755 1811 1627 891 324 60 2501 183 1914 232 165
internal_value=-0.000175304 0.000139624 -0.00442411 -6.45891e-05 -0.000586981 0.00095037 0.00552804 -0.00190267 0.000189457 0.00214047 0.00355766 0.000795102 -0.000291238 0.00147595 -0.0057764 -0.00715909 0.000351973 0.000702989 5.57414e-05 -0.00135736 0.00101267 -6.99301e-05 0.00177689 -0.000573529 -0.00134454 -5.386e-05 0.00614253 0.00200749 -8.38323e-05 0.00388191
internal_weight=40386 37600 2786 36228 23918 12310 1372 8876 15042 6285 3060 3225 6025 1808 160 1363 14574 12076 8072 3259 4813 3002 1375 5779 2498 2784 441 4004 2504 397
internal_count=40386 37600 2786 36228 23918 12310 1372 8876 15042 6285 3060 3225 6025 1808 160 1363 14574 12076 8072 3259 4813 3002 1375 5779 2498 2784 441 4004 2504 397
is_linear=0
shrinkage=0.03


Tree=135
num_leaves=31
num_cat=0
split_feature=32 28 6 7 12 4 32 39 8 14 6 23 40 28 4 11 1 15 16 21 12 23 4 38 4 1 15 1 6 40
split_gain=58.1247 42.1826 27.5041 24.81 22.0599 18.6341 17.1325 17.2772 16.7372 16.6583 15.7435 15.2452 12.5713 12.3311 12.2987 11.2238 11.1987 10.7201 10.2916 9.86556 10.6231 9.36519 12.6593 10.5906 10.4678 9.23197 9.54216 9.04493 12.0204 8.81009
threshold=0.74875000000000014 25782.687500000004 6.0211453744493406 6.2378472222222241 38.983541666666675 351.50000000000006 245.08500000000001 -33.397499999999994 604.07500000000016 650.50000000000011 10.483480176211454 4.5000000000000009 -56.734999999999978 38625.548437500009 154.50000000000003 205.78000000000003 1.0000000180025095e-35 36.776875000000011 13527.738327874416 1.0000000180025095e-35 26.085208333333338 6.5000000000000009 138.50000000000003 -11.429999999999994 307.50000000000006 1.5000000000000002 246.2154166666667 2.5000000000000004 27.638325991189436 -52.824999999999989
decision_type=8 8 2 2 10 2 10 8 2 10 2 2 10 8 2 10 2 8 10 2 10 2 2 10 2 2 10 2 2 10
left_child=4 9 6 8 16 10 7 -3 14 -2 18 -10 -7 -9 -4 19 -1 -15 -5 27 -21 23 -23 -12 -25 -17 -27 28 -16 -29
right_child=1 2 3 5 -6 12 -8 13 11 -11 21 -13 -14 17 15 25 -18 -19 -20 20 -22 22 -24 24 -26 26 -28 29 -30 -31
leaf_value=-0.069187676247014357 0.40815928869611767 0.17400192153659141 -0.014968761736926978 0.020939483830604785 -0.031963443195832116 0.28171161206260792 0.61371119247851169 0.22495678892869819 -0.02666145312703861 2.1923446687377046 0.029018260775379171 -0.30953545151551554 -0.45730238621463676 0.090650943070991585 0.038748002364162058 0.66869097272287148 -0.095841466654748839 -0.010272399256735128 -0.33192553958348886 -0.29007216899089688 0.35574446654826525 -0.0056298767064050992 -0.2621990221561919 -0.10638883523936271 0.081594628482705531 0.42565710686562991 -0.012186713993426678 0.1349019044403347 0.33657443231050987 -0.013651019940630674
leaf_weight=541 1154 898 6151 3273 1174 73 427 443 1215 344 1261 420 491 357 4191 302 1078 3759 251 44 172 431 998 3255 363 332 535 639 203 5772
leaf_count=541 1154 898 6151 3273 1174 73 427 443 1215 344 1261 420 491 357 4191 302 1078 3759 251 44 172 431 998 3255 363 332 535 639 203 5772
internal_value=-0.000157221 0.000151768 -5.21279e-05 -0.00041583 -0.0043325 -0.00160431 0.00182498 0.00137138 0.000202733 0.00508339 -0.00129971 -0.00270477 -0.00690265 0.000621711 0.000462054 0.00101386 -0.00660185 0.000109303 0.000306383 0.000717202 0.00705069 -0.00219686 -0.00433217 -0.0015707 -0.00239569 0.00380769 0.00222926 0.00058995 0.00163823 -0.000128665
internal_weight=40547 37754 36256 30372 2793 10396 5884 5457 19976 1498 9832 1635 564 4559 18341 12190 1619 4116 3524 11021 216 6308 1429 4879 3618 1169 867 10805 4394 6411
internal_count=40547 37754 36256 30372 2793 10396 5884 5457 19976 1498 9832 1635 564 4559 18341 12190 1619 4116 3524 11021 216 6308 1429 4879 3618 1169 867 10805 4394 6411
is_linear=0
shrinkage=0.03


Tree=136
num_leaves=31
num_cat=0
split_feature=32 31 12 6 28 32 39 16 24 0 1 0 14 23 0 39 6 1 3 28 15 28 25 34 12 14 14 40 8 34
split_gain=53.3142 37.9602 18.7299 18.619 19.6265 17.4238 19.9027 16.6017 15.4543 11.9118 13.7636 32.2638 12.7136 12.2876 20.7406 11.2662 10.8656 10.6535 10.6121 10.5689 10.3242 10.6854 10.1248 9.82034 9.64788 9.23508 8.92957 8.71504 8.36116 8.26637
threshold=0.74875000000000014 450.11000000000007 38.983541666666675 5.6696035242290757 28188.687500000004 228.62500000000003 -33.397499999999994 14622.300843884836 -0.0099999999999999482 15.500000000000002 4.5000000000000009 4.5000000000000009 38.355000000000011 1.5000000000000002 5.5000000000000009 -81.421250000000001 25.594052863436129 1.0000000180025095e-35 1.0000000180025095e-35 42006.317656250008 24.031145833333337 38720.520156250008 86.362291666666678 58.925000000000004 57.028750000000002 158.58750000000003 100.74500000000002 -2.7799999999999936 419.13750000000005 -22.649999999999995
decision_type=10 10 8 2 10 10 10 10 8 2 2 2 10 2 2 10 2 2 2 10 8 10 10 10 10 10 10 10 2 10
left_child=2 3 17 5 -5 6 -2 8 -6 10 12 24 -10 28 22 -11 -17 29 -16 -13 -8 -22 -15 -19 -12 -9 -24 -23 -14 -1
right_child=1 -3 -4 4 7 -7 20 25 9 15 11 19 13 14 18 16 -18 23 -20 -21 21 27 26 -25 -26 -27 -28 -29 -30 -31
leaf_value=-0.2407652692429291 0.19171999109593557 1.1533970639972313 -0.026561586494064551 0.17103027229706641 -0.13208867322580262 0.43267568558057234 0.16156962232428354 -0.29367879658953938 -0.27112843332624664 0.14335910658833084 -0.069653123013590015 -0.18212228156495444 -0.005788942291789851 0.036291269342759232 0.17056352077322151 -0.0071628870544481055 0.11199038760068659 -0.1752805392375705 -0.13199375301142349 -0.049228032280661006 0.1817496822766681 0.012493547517888004 -0.46952247625994969 -0.040970244024656197 0.080398053427564162 0.13587238162234791 -0.09333804154311813 -0.045300528939201175 -0.072790938250982151 -0.021617340163689453
leaf_weight=108 781 607 1171 3049 582 529 87 342 147 1359 626 2264 8799 619 1324 7625 980 543 118 815 363 2051 91 551 1030 52 362 1514 1693 440
leaf_count=108 781 607 1171 3049 582 529 87 342 147 1359 626 2264 8799 619 1324 7625 980 543 118 815 363 2051 91 551 1030 52 362 1514 1693 440
internal_value=-0.000158039 0.000138455 -0.00414179 1.69341e-05 -0.000257388 0.00165884 0.00108818 -0.000499497 -0.00041463 -0.000313431 -0.000776455 -0.00216322 -0.000277102 -0.000177597 0.00170577 0.000517812 0.000116779 -0.00620816 0.00405405 -0.0039789 0.000235309 7.63553e-06 -0.00145387 -0.00791781 0.00121304 -0.00660759 -0.00485683 -0.000492148 -0.000628991 -0.00278689
internal_weight=40622 37809 2813 37202 31877 5325 4796 28828 28434 27852 17888 4735 13153 13006 2514 9964 8605 1642 1442 3079 4015 3928 1072 1094 1656 394 453 3565 10492 548
internal_count=40622 37809 2813 37202 31877 5325 4796 28828 28434 27852 17888 4735 13153 13006 2514 9964 8605 1642 1442 3079 4015 3928 1072 1094 1656 394 453 3565 10492 548
is_linear=0
shrinkage=0.03


Tree=137
num_leaves=31
num_cat=0
split_feature=30 11 12 16 8 1 33 6 1 40 33 1 25 7 5 1 27 32 25 12 12 15 32 38 27 41 5 13 39 15
split_gain=51.3698 39.27 21.4464 18.2028 15.8903 16.6226 15.6041 14.7459 14.6948 14.1269 13.2987 13.0776 12.0022 11.7646 11.8215 12.4257 11.1114 10.9137 10.6492 13.8714 10.3761 13.2618 10.3378 9.76768 9.67642 9.25871 9.16469 8.86343 9.79638 8.81049
threshold=0.95750000000000013 331.02500000000003 20.943177083333335 13527.738327874416 385.9187500000001 1.0000000180025095e-35 554.32500000000016 27.638325991189436 2.5000000000000004 -47.754999999999988 109.14500000000002 1.5000000000000002 19.811666666666671 10.565972222222223 39206.250000000007 5.5000000000000009 30222.437500000004 245.08500000000001 25.359479166666667 88.058072916666674 194.96916666666669 458.07729166666678 -0.12124999999999998 -12.344999999999997 35514.645833333343 4777.0767144197898 52253.125000000007 298.67500000000001 1.0000000180025095e-35 210.63687500000006
decision_type=8 10 8 10 2 2 10 2 2 8 10 2 10 2 2 2 8 10 10 10 10 10 10 10 10 10 2 10 10 8
left_child=8 2 10 4 9 -6 11 -7 22 18 -2 20 -12 14 -11 16 26 29 24 23 -3 -22 -1 -20 -4 -25 -16 28 -18 -17
right_child=1 6 3 -5 5 7 -8 -9 -10 13 12 -13 -14 -15 15 17 27 -19 19 -21 21 -23 -24 25 -26 -27 -28 -29 -30 -31
leaf_value=-0.15390335628670948 -0.10024921072053562 -0.50196789327432212 -0.13930269113372948 -0.22537305474940991 0.11175059825792985 -0.064981658852740432 2.1437235885804307 0.04298980062171779 -0.16061760273621631 -0.036687666090224981 0.076430234744511327 0.10280643332208399 -0.19142831254571036 -0.21066112606209492 0.088283499451347183 0.065914093821734063 0.0021587249503099313 0.78546424503982004 0.124555342700109 0.30801035541648947 1.3097038849138476 0.069130473384425378 -0.0208373565314659 -0.075900570463139111 0.27019137906930024 0.18358984472797246 0.66615311654226517 0.67550202687394456 -0.18928177545342656 -0.10994532066137309
leaf_weight=258 1155 40 58 573 505 4202 409 710 857 3951 598 1131 422 309 1172 2124 15867 104 913 844 369 155 706 1504 409 333 208 94 310 175
leaf_count=258 1155 40 58 573 505 4202 409 710 857 3951 598 1131 422 309 1172 2124 15867 104 913 844 369 155 706 1504 409 333 208 94 310 175
internal_value=-0.000140488 9.16031e-05 -0.000137927 4.49572e-05 0.000134939 -0.00135382 0.00407601 -0.00188683 -0.00506312 0.000419192 -0.00302619 0.00280366 -0.000528893 0.000145589 0.00022057 0.000516081 0.000240483 0.00253952 0.00205687 0.00150209 0.00653097 0.00765714 -0.00251813 0.00046892 0.0063141 -0.000791621 0.00282404 2.12021e-05 -3.24515e-05 0.00210652
internal_weight=40465 38644 36540 34365 33792 5417 2104 4912 1821 28375 2175 1695 1020 24314 24005 20054 17651 2403 4061 3594 564 524 964 2750 467 1837 1380 16271 16177 2299
internal_count=40465 38644 36540 34365 33792 5417 2104 4912 1821 28375 2175 1695 1020 24314 24005 20054 17651 2403 4061 3594 564 524 964 2750 467 1837 1380 16271 16177 2299
is_linear=0
shrinkage=0.03


Tree=138
num_leaves=31
num_cat=0
split_feature=30 28 16 5 7 23 4 27 15 32 32 4 5 38 25 32 14 5 14 25 41 4 4 39 6 5 14 6 39 5
split_gain=49.8244 35.7562 20.9096 19.3132 34.7978 16.3727 18.372 17.494 17.7029 18.5709 16.7078 14.8888 14.716 14.1969 12.7907 11.6183 11.1235 10.7866 13.5173 11.2306 10.4448 10.0191 11.5171 13.671 10.4788 9.76529 9.70552 9.66114 15.7855 9.50619
threshold=0.22500000000000003 25782.687500000004 6358.5057919720302 46201.687500000007 7.5086805555555571 1.5000000000000002 164.50000000000003 41481.573385416676 315.7247916666667 240.02500000000001 113.03750000000001 361.50000000000006 46103.687500000007 -1.0099999999999987 40.963854166666671 2.6150000000000007 47.195 39206.250000000007 91.975000000000009 87.609322916666684 927.20273425206335 6.5000000000000009 24.500000000000004 -15.635000000000003 20.72004405286344 53503.250000000007 111.41500000000001 9.5865638766519847 -33.397499999999994 78275.000000000015
decision_type=10 10 10 2 2 2 2 10 10 10 10 2 2 10 10 10 8 2 10 10 8 2 2 10 2 2 10 2 10 2
left_child=16 12 3 4 13 6 27 25 9 14 11 -8 -2 17 -9 -4 -1 18 -3 -20 26 -17 23 -23 -24 -7 -18 28 -5 -30
right_child=1 2 15 5 -6 7 10 8 -10 -11 -12 -13 -14 -15 -16 21 20 -19 19 -21 -22 22 24 -25 -26 -27 -28 -29 29 -31
leaf_value=-0.22204897369060556 0.2873539688383937 -0.12253107111511895 -0.093169815895474462 0.18655566463871479 -0.26491002118137363 0.10345708285778797 0.0092057779607260318 0.090276711054015871 -1.124499378013889 0.70729373059179468 0.14138363423493061 -0.35046651266449819 1.5757378289535038 -0.032929686453602079 -0.0049446921353901632 -0.49629127759932262 -0.11720069396106395 0.063546729100813049 0.059323918253368073 -0.037793192939098219 -0.04634945917170654 0.19743795296403632 -0.07865129966189803 -0.21988405139402359 0.26402608868860539 0.30460088759370635 -0.033582859161855383 -0.055405700459915073 -0.025099021422015682 0.096644918731161475
leaf_weight=247 989 655 512 629 1090 1714 3192 504 98 249 2713 117 508 6367 3210 81 486 3088 1423 929 671 249 2806 54 211 953 265 3239 2815 314
leaf_count=247 989 655 512 629 1090 1714 3192 504 98 249 2713 117 508 6367 3210 81 486 3088 1423 929 671 249 2806 54 211 953 265 3239 2815 314
internal_value=-0.000127046 9.18367e-05 -9.10972e-05 0.000152703 -0.000719398 0.000751215 0.000130184 0.00195274 0.000712703 0.00102548 0.00134484 -8.61027e-05 0.00463618 -0.000269598 0.000492598 -0.0021653 -0.0052006 0.000765256 -0.00051363 0.000548236 -0.00417428 -0.00152998 -0.00127371 0.00429276 -0.001834 0.00383996 -0.00660239 -0.000915262 0.000119713 -0.000752396
internal_weight=40378 38709 37212 33299 13552 19747 13019 6728 4061 3963 6022 3309 1497 12462 3714 3913 1669 6095 3007 2352 1422 3401 3320 303 3017 2667 751 6997 3758 3129
internal_count=40378 38709 37212 33299 13552 19747 13019 6728 4061 3963 6022 3309 1497 12462 3714 3913 1669 6095 3007 2352 1422 3401 3320 303 3017 2667 751 6997 3758 3129
is_linear=0
shrinkage=0.03


Tree=139
num_leaves=31
num_cat=0
split_feature=32 9 7 6 4 14 1 12 27 8 0 39 41 1 1 4 4 34 40 4 5 5 38 12 13 34 14 25 13 28
split_gain=46.7152 34.2285 19.7594 22.2367 20.5442 20.4809 19.6492 17.7447 14.1157 13.1042 12.1766 11.8811 15.3752 11.8223 11.1076 10.5982 10.4525 10.3544 10.104 9.82633 11.6214 9.58235 9.61035 10.9008 10.8655 9.33888 8.86071 14.5238 8.65317 8.61202
threshold=0.74875000000000014 570.0150000000001 5.5329861111111134 6.8579295154185029 351.50000000000006 306.51000000000005 1.5000000000000002 38.983541666666675 47486.791666666672 621.30625000000009 16.500000000000004 -64.204999999999984 -1032.143771568273 4.5000000000000009 5.5000000000000009 278.50000000000006 305.50000000000006 89.145000000000024 -30.387499999999999 271.50000000000006 44005.562500000007 80825.000000000015 17.815000000000005 109.83458333333334 103.89500000000002 144.89500000000001 74.02000000000001 78.845833333333346 16.260000000000002 43986.56953125001
decision_type=10 10 2 2 2 10 2 8 10 2 2 10 8 2 2 2 2 10 10 2 2 2 10 10 10 10 10 10 10 10
left_child=7 2 5 8 10 9 -7 15 26 11 14 12 -2 -11 16 -1 19 -6 -19 -5 -21 22 23 -13 -25 -26 -4 -28 -22 -8
right_child=1 -3 3 4 17 6 29 -9 -10 13 -12 21 -14 -15 -16 -17 -18 18 -20 20 28 -23 -24 24 25 -27 27 -29 -30 -31
leaf_value=-0.085749837891488018 -0.005377168846933315 2.5742417102919193 -0.026366477979400924 -0.037668580667962123 -0.47147047316640067 0.96961741779617105 0.26412637657062005 -0.019590167241131197 -0.028455429734634306 -0.018430683950132139 0.006135754290339932 -0.0029445349165674625 0.21592831920126854 -0.29133688233031924 -0.18145760119712465 0.14162534296475104 0.081203424303329941 0.058706977373422564 -0.49742097324268919 -0.36867720538245091 0.24772932143411722 0.17823867338424576 -0.065602017322828485 0.12006951624076506 -0.13156668202259353 0.049577738587972389 0.20092269934335949 0.10459113227304015 -0.23210021902812175 -0.26740080453143433
leaf_weight=1540 1315 291 281 5502 224 621 1601 1191 1282 891 5164 7320 1748 316 1096 91 928 202 199 478 157 142 1997 1825 348 1382 508 1409 344 97
leaf_count=1540 1315 291 281 5502 224 621 1601 1191 1282 891 5164 7320 1748 316 1096 91 928 202 199 478 157 142 1997 1825 348 1382 508 1409 344 97
internal_value=-8.22405e-05 0.000196713 0.00011678 -0.000607595 -0.00113116 0.000773567 0.00342026 -0.00380446 0.00154266 0.000418282 -0.00088771 0.00064467 0.00232539 -0.0025952 -0.00158535 -0.0058364 -0.00116802 -0.00644569 -0.00354478 -0.00159442 -0.00436224 0.000248944 0.000163132 0.000514435 0.00187711 0.00017331 0.00300136 0.00373045 -0.00116534 0.00174809
internal_weight=40490 37668 37377 17774 14294 19603 2319 2822 3480 17284 13669 16077 3063 1207 8505 1631 7409 625 401 6481 979 13014 12872 10875 3555 1730 2198 1917 501 1698
internal_count=40490 37668 37377 17774 14294 19603 2319 2822 3480 17284 13669 16077 3063 1207 8505 1631 7409 625 401 6481 979 13014 12872 10875 3555 1730 2198 1917 501 1698
is_linear=0
shrinkage=0.03


Tree=140
num_leaves=31
num_cat=0
split_feature=31 9 0 6 7 27 1 0 1 14 14 0 34 6 4 1 13 1 0 40 4 38 1 13 10 39 8 6 28 27
split_gain=43.6236 33.8259 19.9912 20.0191 30.1913 18.293 17.8311 17.5737 20.4575 15.0012 14.5359 14.2127 14.1036 11.729 11.5584 10.4872 9.62078 9.60428 13.5667 9.97473 9.19701 11.3091 8.80882 11.2015 8.73936 8.71861 8.20576 8.00911 7.93997 11.3716
threshold=0.13625000000000001 570.0150000000001 16.500000000000004 9.7345814977973593 5.9322916666666687 37560.375000000007 1.0000000180025095e-35 3.5000000000000004 4.5000000000000009 97.020000000000024 52.095000000000006 5.5000000000000009 301.63000000000005 26.986563876651989 299.50000000000006 2.5000000000000004 1.5350000000000004 5.5000000000000009 20.500000000000004 -54.70500000000002 164.50000000000003 7.7899999999999965 4.5000000000000009 -1.0162499999999997 61.077500000000008 -119.15999999999998 0.50625000000000009 9.3537444933920728 32499.125000000004 33594.124322916679
decision_type=10 10 2 2 2 8 2 2 2 10 8 2 10 2 2 2 10 2 2 10 2 10 2 10 10 10 2 2 10 10
left_child=10 2 3 5 6 -2 9 -8 20 -5 -1 -11 13 17 26 -12 25 18 27 -20 21 -9 -6 -24 -21 -7 -10 -4 -22 -30
right_child=1 -3 12 4 22 16 7 8 14 11 15 -13 -14 -15 -16 -17 -18 -19 19 24 28 -23 23 -25 -26 -27 -28 -29 29 -31
leaf_value=-0.20425421127986024 0.17317360837772852 2.2180407903034478 0.12537797925607375 -0.052261711534036977 -0.072959501427179066 0.58404844196513284 0.05384225619844827 -0.0082621675147541464 -0.0226259640986885 0.0082873932154289773 -0.028874574637832068 0.47193904316633378 0.59910149609964514 0.18402354624271283 0.1390313191011657 -0.12505360428500667 0.0084853040774248711 0.097485645389771738 0.15463240418313545 -0.099402036248408474 0.16392113887117715 -0.21086134100893736 0.16531132109350116 -0.21994431745409659 -0.025184653565025882 -0.15703129968184107 -0.17478445430279746 0.017543121837792341 -0.13530701953265917 0.018900613398057438
leaf_weight=293 1611 308 1078 365 4229 57 2137 1291 585 350 851 634 776 763 195 772 7277 1442 401 611 778 505 91 1412 2915 539 1804 3557 258 2568
leaf_count=293 1611 308 1078 365 4229 57 2137 1291 585 350 851 634 776 763 195 772 7277 1442 401 611 778 505 91 1412 2915 539 1804 3557 258 2568
internal_value=-0.000105676 0.000114043 3.41355e-05 -0.000417057 -0.00102715 0.00068951 -0.00013861 -0.000570539 -0.00121728 0.0031 -0.00452269 0.00502538 0.00107718 0.000795412 -0.00341199 -0.00340825 9.33452e-05 0.000521739 0.000140138 -0.00115708 -0.000166636 -0.00191987 -0.00280481 -0.00477726 -0.00166714 -0.00356784 -0.00398536 0.00123921 0.000707351 -3.18359e-05
internal_weight=40453 38537 38229 26686 17202 9484 11470 10121 7984 1349 1916 984 11543 10767 2584 1623 7873 10004 8562 3927 5400 1796 5732 1503 3526 596 2389 4635 3604 2826
internal_count=40453 38537 38229 26686 17202 9484 11470 10121 7984 1349 1916 984 11543 10767 2584 1623 7873 10004 8562 3927 5400 1796 5732 1503 3526 596 2389 4635 3604 2826
is_linear=0
shrinkage=0.03


Tree=141
num_leaves=31
num_cat=0
split_feature=12 24 33 17 0 1 0 0 10 1 11 25 7 5 40 32 4 13 14 28 39 25 21 1 9 7 4 15 4 5
split_gain=38.4941 32.2812 17.4395 17.1443 21.1104 16.2784 15.5707 18.4086 17.3924 15.3534 13.5579 11.9068 11.8951 20.855 11.2407 11.495 11.2208 11.0277 10.6883 10.6731 10.5612 10.2386 9.71231 9.8814 9.49718 8.93743 8.91387 17.372 8.96575 11.0673
threshold=20.943177083333335 493.73500000000007 109.14500000000002 1837.2556150000003 14.500000000000002 1.5000000000000002 5.5000000000000009 22.500000000000004 240.11500000000004 1.0000000180025095e-35 1.0000000180025095e-35 21.927291666666672 7.2413194444444464 57756.250000000007 -31.529999999999994 232.00375000000003 259.50000000000006 -1.9399999999999997 47.195 32100.940468750003 -6.6550000000000002 18.972500000000004 1.0000000180025095e-35 1.0000000180025095e-35 34.722500000000004 4.2760416666666687 342.50000000000006 228.61104166666669 28.500000000000004 43500.187500000007
decision_type=8 10 10 10 2 2 2 2 10 2 8 8 2 2 8 10 2 10 10 10 10 10 2 2 10 2 2 10 2 2
left_child=2 3 18 5 17 6 9 8 20 16 -7 24 14 26 -13 25 -2 -5 -1 -20 -8 -4 23 -19 -12 -16 28 -28 -14 -30
right_child=1 -3 21 4 -6 10 7 -9 -10 -11 11 12 13 -15 15 -17 -18 22 19 -21 -22 -23 -24 -25 -26 -27 27 -29 29 -31
leaf_value=-0.14638565582597263 -0.028003837621024701 1.3880181529080606 0.052832021166745222 -0.22365615767108135 0.017333172833063057 -0.29269119213890726 0.11272161112516511 -0.098784511452126508 1.0161386858187562 0.045118088942855079 0.28771566602454141 0.086847168824572663 -0.6014415559639793 0.034271583509983397 0.020853281875559161 0.22843846810728718 -0.29885122272805298 0.092325530881789949 0.10711657151554937 -0.099396116127536224 0.0032869842105512958 -0.14607183913032667 0.18817449792884736 -0.089695346351286953 0.075015975462836768 -0.022511150121364877 -0.4320508331592362 0.30060427415414792 -0.28728804795161328 -0.026477072287732568
leaf_weight=760 854 627 618 234 2420 319 3642 429 498 1364 132 2791 166 1478 4304 798 328 279 239 830 1510 504 77 2651 567 9354 207 74 701 1853
leaf_count=760 854 627 618 234 2420 319 3642 429 498 1364 132 2791 166 1478 4304 798 328 279 239 830 1510 504 77 2651 567 9354 207 74 701 1853
internal_value=-0.00010047 0.000158134 -0.00339939 4.37471e-05 -0.00147563 0.000317979 0.00142766 0.00225247 0.00270749 -0.000541814 -0.00010288 -1.53839e-05 -0.000139458 -0.00151674 0.000218286 -0.000118282 -0.00304311 -0.0030583 -0.00520492 -0.00326636 0.00218902 -0.000454141 -0.00256815 -0.00284545 0.00383571 -0.000322864 -0.00295303 -0.00803191 -0.00242558 -0.00198434
internal_weight=40608 37657 2951 37030 5661 31369 8625 6079 5650 2546 22744 22425 21726 4479 17247 14456 1182 3241 1829 1069 5152 1122 3007 2930 699 13658 3001 281 2720 2554
internal_count=40608 37657 2951 37030 5661 31369 8625 6079 5650 2546 22744 22425 21726 4479 17247 14456 1182 3241 1829 1069 5152 1122 3007 2930 699 13658 3001 281 2720 2554
is_linear=0
shrinkage=0.03


Tree=142
num_leaves=31
num_cat=0
split_feature=12 9 1 0 25 0 0 18 0 23 17 5 37 1 16 0 25 0 34 38 15 41 7 3 4 0 4 4 10 15
split_gain=35.6156 31.4677 17.0457 34.6153 19.4318 17.6723 22.213 25.1391 16.6799 15.3776 14.5479 13.6399 12.8998 12.8736 12.8489 11.6035 11.5938 11.0391 10.8324 11.9808 10.5098 11.0006 9.6853 9.46061 9.36199 9.03725 9.61821 10.3755 9.26009 11.4175
threshold=20.943177083333335 570.0150000000001 1.0000000180025095e-35 5.5000000000000009 187.54843750000001 16.500000000000004 2.5000000000000004 1.0000000180025095e-35 6.5000000000000009 3.5000000000000004 9215.5433949999988 47101.562500000007 -43.194999999999993 5.5000000000000009 2932.6888682360218 10.500000000000002 46.85958333333334 20.500000000000004 76.00500000000001 -3.3500000000000005 41.885000000000005 -6179.6370395720542 8.6232638888888911 1.0000000180025095e-35 322.50000000000006 5.5000000000000009 10.500000000000002 164.50000000000003 157.15500000000003 134.48708333333335
decision_type=8 10 2 2 8 2 2 2 2 2 10 2 10 2 10 2 10 2 10 10 10 8 2 2 2 2 2 2 10 10
left_child=10 2 3 24 15 6 22 9 -9 14 16 12 -10 -7 25 23 -1 -6 -16 -20 -13 -22 -4 -5 -2 -8 -27 -28 29 -29
right_child=1 -3 5 4 17 13 7 8 11 -11 -12 20 -14 -15 18 -17 -18 -19 19 -21 21 -23 -24 -25 -26 26 27 28 -30 -31
leaf_value=-0.038011554273930034 -0.047608944365325173 2.1817613758868979 0.047018272248242829 0.19097670504191142 0.96885275904835877 0.011590636954136703 -0.041915384639447023 -0.0030270695876469045 0.0082425193637341004 0.29867812254117382 -0.092646149361718028 0.058229015417244484 -0.23581399990028001 0.12816747941295153 -0.18976337731353105 0.027760651251199347 -0.23654196013485748 -0.062465444108929659 0.060093471374607715 -0.084073361145284978 -0.3486512333414658 -0.076001986220927298 -0.16939367793448212 -0.24990239882227824 -0.34171121795095089 0.23421721194323125 -0.019989458315693227 0.032169960787598768 0.3037365943153762 -0.17314825042530202
leaf_weight=1950 1067 306 3730 725 636 7882 2114 1844 309 151 409 335 2530 1517 288 2022 496 129 508 1468 100 1376 333 49 123 170 3283 2685 1253 485
leaf_count=1950 1067 306 3730 725 636 7882 2114 1844 309 151 409 335 2530 1517 288 2022 496 129 508 1468 100 1376 333 49 123 170 3283 2685 1253 485
internal_value=-0.000137434 0.000109036 2.99087e-05 0.0017077 0.00318782 -0.000216458 -0.000664983 -0.00109762 -0.0026097 -0.0003059 -0.0033666 -0.00356697 -0.00486444 0.000879255 -0.000423501 0.00202717 -0.00248876 0.00742167 -0.00246358 -0.0016692 -0.00153146 -0.00262018 0.00134719 0.00514839 -0.0027204 3.90351e-05 0.000506538 0.000350331 0.0012986 0.000435194
internal_weight=40273 37418 37112 4751 3561 32361 22962 18899 6494 12405 2855 4650 2839 9399 12254 2796 2446 765 2264 1976 1811 1476 4063 774 1190 9990 7876 7706 4423 3170
internal_count=40273 37418 37112 4751 3561 32361 22962 18899 6494 12405 2855 4650 2839 9399 12254 2796 2446 765 2264 1976 1811 1476 4063 774 1190 9990 7876 7706 4423 3170
is_linear=0
shrinkage=0.03


Tree=143
num_leaves=31
num_cat=0
split_feature=30 27 0 17 18 0 0 23 14 15 4 25 14 14 8 6 5 41 38 15 1 0 6 32 4 39 4 8 24 38
split_gain=36.166 31.8603 16.1379 19.4901 14.6051 45.0052 29.9802 33.2407 15.4316 13.7203 12.3073 14.2833 12.2211 11.3375 10.9115 10.4427 10.2712 9.18388 11.0288 8.98702 8.71284 10.404 10.6683 8.88839 8.70868 8.70562 8.49634 8.52273 7.78965 7.57475
threshold=0.22500000000000003 24313.729166666672 15.500000000000002 827.62016500000004 1.0000000180025095e-35 5.5000000000000009 5.5000000000000009 2.5000000000000004 142.56500000000003 40.963854166666671 244.50000000000003 443.54708333333343 52.095000000000006 86.15000000000002 454.14375000000007 28.007268722466964 45718.750000000007 -622.93188161910064 -1.0000000180025095e-35 144.3897916666667 5.5000000000000009 20.500000000000004 11.663656387665201 115.55500000000002 56.500000000000007 -106.14249999999997 361.50000000000006 300.69375000000008 55.735000000000007 -5.1512500000000037
decision_type=10 8 2 10 2 2 2 2 10 10 2 10 8 10 2 2 2 10 10 10 2 2 2 10 2 10 2 2 8 10
left_child=12 10 3 4 6 13 24 26 19 16 -2 -12 -1 28 -14 20 -7 -5 -19 -9 21 22 -4 -22 -3 -26 27 -8 -6 -29
right_child=1 2 15 17 5 9 7 8 -10 -11 11 -13 14 -15 -16 -17 -18 18 -20 -21 23 -23 -24 -25 25 -27 -28 29 -30 -31
leaf_value=-0.20284097595517395 1.7731266326182924 -0.087587376346082449 0.10949611449310538 -0.084689780998224357 -0.0020162436371671789 -0.080199676094206043 0.05205453967565489 0.10783992228511487 0.78164754051358165 -0.19263018785757161 1.1420565759090697 -0.79944290428145903 0.0033299162864788177 0.067298271394707135 -0.10724499518810766 0.17656633122295631 0.078205453227708457 0.085909188566353975 -0.068314692464440718 -0.83898724276749403 0.02129646707431064 -0.025181610875295631 0.0035689249542287626 0.26744717879246782 0.27702965602889129 -0.019471265901806874 -0.44444672585480482 0.062644610763247288 -0.26738834946401618 -0.045442293130671912
leaf_weight=276 453 1094 2190 2293 470 389 4382 844 596 2772 94 137 537 2414 874 767 235 459 1374 41 1135 4172 4254 644 284 5351 72 402 148 1425
leaf_count=276 453 1094 2190 2293 470 389 4382 844 596 2772 94 137 537 2414 874 767 235 459 1374 41 1135 4172 4254 644 284 5351 72 402 148 1425
internal_value=-0.000117548 6.90373e-05 -4.59328e-05 -0.000492893 -0.000121176 -0.00131125 0.000406776 0.00167719 0.00571862 -0.00368266 0.00648175 0.000840517 -0.00441647 0.0013452 -0.00328258 0.000804528 0.000336 -0.00237703 -0.000793348 0.00319977 0.000594143 0.000268437 0.00102405 0.00253652 -0.00105869 -0.00058286 0.000723496 0.000842995 -0.00227787 -0.000878009
internal_weight=40578 38891 38207 25045 20919 6428 14491 7762 1481 3396 684 231 1687 3032 1411 13162 624 4126 1833 885 12395 10616 6444 1779 6729 5635 6281 6209 618 1827
internal_count=40578 38891 38207 25045 20919 6428 14491 7762 1481 3396 684 231 1687 3032 1411 13162 624 4126 1833 885 12395 10616 6444 1779 6729 5635 6281 6209 618 1827
is_linear=0
shrinkage=0.03


Tree=144
num_leaves=31
num_cat=0
split_feature=28 12 8 16 33 5 0 40 7 22 32 2 18 28 12 25 5 29 5 11 2 41 12 28 39 7 7 30 23 5
split_gain=31.527 27.9163 18.51 17.1693 16.8444 16.5399 14.8349 13.5918 15.3284 17.7716 14.2536 13.6976 12.8347 12.5635 12.4171 19.3303 11.8769 11.1569 14.0776 10.4812 10.3147 9.35759 9.86276 9.61969 9.21103 9.14653 8.82558 8.81495 8.59969 8.58187
threshold=25782.687500000004 20.943177083333335 385.9187500000001 14622.300843884836 109.14500000000002 46103.687500000007 15.500000000000002 -41.158749999999991 4.7517361111111134 1.0000000180025095e-35 315.84500000000008 9.5000000000000018 1.0000000180025095e-35 37723.407968750013 88.058072916666674 33.475000000000009 37403.812500000007 202.49750000000003 53300.312500000007 236.83000000000004 2.5000000000000004 14117.773474836873 36.776875000000011 34184.625000000007 3.100000000000009 5.6267361111111134 8.3385416666666696 575.09500000000014 1.5000000000000002 39805.437500000007
decision_type=8 10 2 10 10 2 2 8 2 2 10 2 2 10 10 10 2 10 2 10 2 10 10 10 8 2 2 10 2 2
left_child=5 4 3 7 25 27 -4 14 13 10 11 16 -13 29 15 20 -10 18 -16 -15 26 22 23 -17 28 -2 -3 -1 -18 -9
right_child=1 2 6 -5 -6 -7 -8 8 9 -11 -12 12 -14 19 17 21 24 -19 -20 -21 -22 -23 -24 -25 -26 -27 -28 -29 -30 -31
leaf_value=0.14503911018668716 -0.040241547873165633 -0.31564751623723519 -0.068113185420122874 -0.23009680151329809 -0.0079420887696745029 1.4047330520980164 0.017172302500276071 0.011125359346394567 -0.10510317759936541 -0.37738203617696114 0.71188780985013178 -0.026894615681139201 -0.21089414891915609 -4.2044369821425671e-06 0.15766478865432276 0.50168418065770004 -0.0051610935207899895 -0.11558293389661294 0.44774726216551747 0.32348329924080899 0.15780483488312794 0.35573786829932047 0.0048438933413077478 -0.17971408880161902 -0.33185452918940328 -0.12081807784449183 0.61225249962551154 2.4956368428600686 0.044953365745154197 0.14294319521855364
leaf_weight=954 783 76 4334 399 1087 532 1858 980 1144 397 157 2564 1113 5542 491 49 6119 216 526 339 989 89 2276 462 108 1037 46 72 4041 1708
leaf_count=954 783 76 4334 399 1087 532 1858 980 1144 397 157 2564 1113 5542 491 49 6119 216 526 339 989 89 2276 462 108 1037 46 72 4041 1708
internal_value=-8.44674e-05 -0.000251984 -2.37342e-05 0.000286102 -0.00307944 0.00409878 -0.00151623 0.000369993 7.06232e-05 -0.000488047 -0.000324654 -0.000418489 -0.0020106 0.00109043 0.00175828 0.000944082 9.46289e-05 0.00438817 0.00570236 0.000313669 0.00430306 -0.000354536 -0.000661765 -0.00442383 0.000417762 -0.00484349 -0.00390244 0.00186952 0.000510776 0.00278914
internal_weight=40488 38930 36023 29831 2907 1558 6192 29432 24212 15643 15246 15089 3677 8569 5220 3987 11412 1233 1017 5881 1111 2876 2787 511 10268 1820 122 1026 10160 2688
internal_count=40488 38930 36023 29831 2907 1558 6192 29432 24212 15643 15246 15089 3677 8569 5220 3987 11412 1233 1017 5881 1111 2876 2787 511 10268 1820 122 1026 10160 2688
is_linear=0
shrinkage=0.03


Tree=145
num_leaves=31
num_cat=0
split_feature=33 31 7 7 14 27 0 40 12 1 0 25 14 4 1 33 1 1 28 1 32 16 40 10 39 13 27 28 14 32
split_gain=33.8191 29.1388 19.2065 14.8572 12.528 11.0687 10.9491 11.205 13.7855 16.0758 15.0665 14.9494 13.0422 10.0605 10.998 9.81947 9.54335 9.08967 8.38262 8.32472 8.02819 7.91505 7.90339 9.08553 7.63346 10.3462 8.92728 8.58816 9.37498 7.54146
threshold=602.1400000000001 0.13625000000000001 10.565972222222223 4.4531250000000009 52.095000000000006 36787.869947916675 16.500000000000004 3.1899999999999995 57.817291666666669 1.5000000000000002 2.5000000000000004 62.693593750000012 79.665000000000006 301.50000000000006 1.0000000180025095e-35 113.37125000000002 2.5000000000000004 4.5000000000000009 47919.812500000007 3.5000000000000004 211.33000000000001 1579.1839212704824 -23.441250000000021 410.13500000000005 -94.424999999999983 1.5350000000000004 35637.666302083344 43734.625000000007 84.785000000000011 -0.12124999999999998
decision_type=10 8 2 2 10 8 2 8 10 2 2 10 10 2 2 8 2 2 10 2 10 8 10 10 10 10 8 10 10 10
left_child=1 4 3 5 -1 13 7 8 11 -10 17 24 -12 14 -3 18 29 -11 -8 -13 21 -7 23 -14 -5 27 -27 28 -26 -6
right_child=-2 2 -4 6 16 20 15 -9 9 10 12 19 22 -15 -16 -17 -18 -19 -20 -21 -22 -23 -24 -25 25 26 -28 -29 -30 -31
leaf_value=-0.17496428240585912 2.507892160436179 0.25164225796245909 -0.21594957647227747 0.023730156589368896 -0.075562932912819805 0.038646531485526193 -0.0054507976713595238 -0.10085046696863799 0.081604882784426985 0.0070780726657723387 0.19740330128800665 -0.11456263515560322 0.01602670917847334 0.55314070280952476 0.047500195579811617 0.051874378615523679 -0.12504409003746389 0.15692402333749497 -0.10125235712304373 -0.57256403486835539 0.24497559158102006 -0.015091396865221908 -0.0723600556987401 -1.1143048117715861 -0.10539380226527707 -0.2506591216409878 0.012590797912410636 -0.21778502327490612 0.0094969497377647722 0.023874244205466324
leaf_weight=298 305 598 758 949 216 2512 2103 2370 2629 1057 59 487 2119 199 2923 6672 740 555 279 268 512 4126 3693 78 915 168 1521 158 568 634
leaf_count=298 305 598 758 949 216 2512 2103 2370 2629 1057 59 487 2119 199 2923 6672 740 555 279 268 512 4126 3693 78 915 168 1521 158 568 634
internal_value=-8.26538e-05 -0.000158347 2.11615e-05 0.000116741 -0.00379566 0.00105142 -0.00026455 -0.000700767 -0.00040197 0.000232558 -0.000470114 -0.0016862 -0.00116723 0.00237839 0.00200596 0.000583103 -0.00273413 0.00210167 -0.00107008 -0.0055754 0.000360789 8.13376e-05 -0.00130878 0.000116015 -0.000998832 -0.00167517 -2.66272e-05 -0.00337089 -0.00265836 -0.000564042
internal_weight=40469 40164 38276 37518 1888 10870 26648 17594 15224 10190 7561 5034 5949 3720 3521 9054 1590 1612 2382 755 7150 6638 5890 2197 4279 3330 1689 1641 1483 850
internal_count=40469 40164 38276 37518 1888 10870 26648 17594 15224 10190 7561 5034 5949 3720 3521 9054 1590 1612 2382 755 7150 6638 5890 2197 4279 3330 1689 1641 1483 850
is_linear=0
shrinkage=0.03


Tree=146
num_leaves=31
num_cat=0
split_feature=27 31 7 0 8 7 12 40 27 33 6 1 16 15 6 38 27 0 6 39 4 0 23 39 13 25 6 7 12 8
split_gain=34.176 25.113 16.6576 15.2333 18.5423 13.4586 11.4821 13.0134 12.9942 10.9015 10.5897 9.96385 9.99165 8.9245 8.88861 8.59802 8.5762 8.55617 8.55077 11.17 9.24991 9.23271 8.15513 8.12564 7.67757 8.75285 7.57545 7.32365 7.09522 7.36726
threshold=24313.729166666672 -0.50499999999999989 10.565972222222223 15.500000000000002 247.79375000000002 3.8559027777777781 20.943177083333335 -31.529999999999994 41652.95171875001 602.1400000000001 30.328193832599123 3.5000000000000004 3540.2709116272445 477.00062500000007 13.641189427312776 24.912500000000005 39278.604166666672 22.500000000000004 9.5865638766519847 -21.953749999999996 154.50000000000003 20.500000000000004 1.5000000000000002 -133.15499999999997 0.21500000000000002 28.813854166666669 22.935462555066085 6.4045138888888902 6.7772916666666676 422.85625000000005
decision_type=8 8 2 2 2 2 10 8 10 10 2 2 10 10 2 10 10 2 2 10 2 2 2 10 10 10 2 2 10 2
left_child=9 28 3 4 5 -3 -7 8 -8 13 17 12 22 -1 15 -13 -16 18 19 -5 23 -21 -6 -20 -10 -26 -9 -22 -2 -30
right_child=1 2 -4 10 11 6 7 26 24 -11 -12 14 -14 -15 16 -17 -18 -19 20 21 27 -23 -24 -25 25 -27 -28 -29 29 -31
leaf_value=1.2837737375821958 -0.2351068789013252 0.050098132147091544 -0.20947108917810917 0.19085707425458281 -0.019739708610543687 -0.071837135058375814 0.14565143824036936 -0.019309518734782927 -0.21485471827577612 2.9043663197883767 0.29165777180679592 0.032038687853200611 -0.091746810078065191 0.11971930083080906 -0.25062210960331982 -0.18365395985871386 -0.036798422771771575 -0.034968003486217751 0.35801831363899783 0.095703520840936696 0.076266566675161018 -0.039583509957875691 0.10004782547824569 -0.026817091956421107 0.21786542057906275 -0.0096806934554529538 0.13938086903416069 -0.011837201101519099 0.018134592196181226 -0.11126674128991429
leaf_weight=192 177 3000 774 951 2301 1131 2043 10429 257 223 379 473 481 274 1242 253 770 1614 70 1184 3337 671 678 3094 117 1556 234 1559 248 753
leaf_count=192 177 3000 774 951 2301 1131 2043 10429 257 223 379 473 481 274 1242 253 770 1614 70 1184 3337 671 678 3094 117 1556 234 1559 248 753
internal_value=-7.59897e-05 -0.000190814 -5.90689e-05 3.01388e-05 -0.000401947 6.79348e-05 -0.000282534 -5.73888e-05 0.0014079 0.00654348 0.000868974 -0.00182449 -0.000754117 0.00391863 -0.00317634 -0.000330124 -0.00420268 0.000718692 0.00102144 0.00244745 0.000524749 0.00109106 -0.000105705 -0.000739336 -0.000357328 0.000385305 -0.000603432 0.00134164 -0.00450382 -0.00351796
internal_weight=40465 39776 38598 37824 24965 18767 15767 14636 3973 689 12859 6198 3460 466 2738 726 2012 12480 10866 2806 8060 1855 2979 3164 1930 1673 10663 4896 1178 1001
internal_count=40465 39776 38598 37824 24965 18767 15767 14636 3973 689 12859 6198 3460 466 2738 726 2012 12480 10866 2806 8060 1855 2979 3164 1930 1673 10663 4896 1178 1001
is_linear=0
shrinkage=0.03


Tree=147
num_leaves=31
num_cat=0
split_feature=27 8 7 30 4 6 5 28 38 5 7 28 39 5 5 5 8 13 14 37 4 6 0 28 24 4 26 4 16 4
split_gain=28.1667 23.7447 18.1354 16.6597 14.0678 13.9652 13.5143 18.1683 18.6305 18.3629 14.8197 13.8603 13.4003 15.4572 12.7692 12.0895 10.5312 9.98716 9.67031 10.0095 11.1295 9.07218 8.85186 9.94997 8.65335 8.48392 9.41948 8.31698 8.30576 8.31054
threshold=24313.729166666672 415.70625000000007 10.565972222222223 -0.59874999999999989 244.50000000000003 27.638325991189436 37403.812500000007 30825.875000000004 -2.2400000000000051 52556.250000000007 7.6163194444444473 47073.437500000007 -10.469999999999994 72556.250000000015 46400.687500000007 65412.500000000007 6.0062500000000005 250.07500000000002 163.03000000000003 -4.3399999999999954 349.50000000000006 23.761233480176212 6.5000000000000009 23250.062500000004 150.92000000000004 330.50000000000006 48322.500000000007 2.5000000000000004 15061.589159722398 96.500000000000014
decision_type=8 2 2 10 2 2 2 8 8 2 2 10 10 2 2 2 2 10 10 10 2 2 2 10 10 2 8 2 8 2
left_child=4 2 6 -3 22 -5 10 14 18 21 16 12 15 -14 -8 25 24 -6 19 -9 27 -10 23 -1 -2 26 -11 -21 -4 -30
right_child=1 3 28 5 17 -7 7 8 9 11 -12 -13 13 -15 -16 -17 -18 -19 -20 20 -22 -23 -24 -25 -26 -27 -28 -29 29 -31
leaf_value=0.9608969119591847 0.0059059362830797286 -0.12788766803834306 0.16722346151415504 -0.043097774335739171 1.3986650769837456 0.049356850638255595 0.059926457142564969 0.073487278226789104 -0.051654175937952684 0.09431156929111395 -0.28845596266012252 -0.024373898294029386 -0.017700276542469879 0.29147114982808525 0.3624630275402228 0.25758830903781615 -0.13660593730395088 -0.54624945756308585 0.16827636296009615 -0.53788126705344264 -0.2077892445973829 0.060531231519283892 2.4685236736075682 -0.33805106081320446 -0.2375892184871114 -0.064892129147281416 -0.13642085250497266 0.014480987794838782 -0.077104260884263351 -0.43454443096176892
leaf_weight=52 2717 733 75 4762 75 861 1738 2945 7530 2391 199 3318 2939 445 1231 499 495 158 1413 73 339 683 325 79 434 363 83 2808 384 286
leaf_count=52 2717 733 75 4762 75 861 1738 2945 7530 2391 199 3318 2939 445 1231 499 495 158 1413 73 339 683 325 79 434 363 83 2808 384 286
internal_value=-7.4566e-05 -0.00017889 0.000141064 -0.00185937 0.00593478 -0.00130423 0.000246753 0.000469808 0.000214286 -0.000304898 -0.00142356 0.000555832 0.00133909 8.86263e-06 0.00269192 0.00268804 -0.000987113 -6.41026e-05 0.00146457 0.000951184 -0.000204905 -0.00135683 0.00899344 0.00238636 -0.000347398 0.00192918 0.00255758 0.000400763 -0.00448391 -0.00554396
internal_weight=40433 39744 33388 6356 689 5623 32643 28798 25829 18251 3845 10038 6720 3384 2969 3336 3646 233 7578 6165 3220 8213 456 131 3151 2837 2474 2881 745 670
internal_count=40433 39744 33388 6356 689 5623 32643 28798 25829 18251 3845 10038 6720 3384 2969 3336 3646 233 7578 6165 3220 8213 456 131 3151 2837 2474 2881 745 670
is_linear=0
shrinkage=0.03


Tree=148
num_leaves=31
num_cat=0
split_feature=28 31 5 6 28 4 38 5 5 27 23 40 15 4 37 29 25 4 28 6 32 8 1 38 4 40 21 41 28 6
split_gain=31.0586 27.0385 24.135 18.1612 16.4262 15.9443 16.0962 13.3104 13.2884 17.6691 16.8565 11.5744 11.3292 10.9734 10.9144 10.7874 10.0642 10.8591 10.3723 11.5431 9.80515 9.47211 9.38562 11.3865 9.35674 9.05781 8.73112 8.40574 8.04405 8.00643
threshold=28188.687500000004 -0.057499999999999989 46400.687500000007 5.6696035242290757 43040.067500000012 350.50000000000006 -3.0649999999999973 39206.250000000007 52851.375000000007 46404.236614583344 2.5000000000000004 -61.244999999999997 167.20895833333336 40.500000000000007 64.795000000000002 584.65375000000006 203.92625000000001 124.50000000000001 36233.739062500004 7.9420704845814987 228.62500000000003 637.25625000000014 5.5000000000000009 19.068749999999998 22.500000000000004 -20.746249999999993 1.0000000180025095e-35 13259.921016334762 36664.750000000007 9.4392070484581527
decision_type=8 8 2 2 8 2 8 2 2 10 2 10 10 2 10 10 10 2 10 2 10 2 2 10 2 10 2 8 10 2
left_child=2 -2 15 4 20 6 7 -5 12 10 14 -7 16 -11 -10 21 17 18 19 -8 24 -1 23 -21 -3 -26 -19 -15 -20 -14
right_child=1 3 -4 5 -6 11 8 -9 9 13 -12 -13 29 27 -16 -17 -18 26 28 22 -22 -23 -24 -25 25 -27 -28 -29 -30 -31
leaf_value=0.070325019629385671 -0.11621405268718075 0.66425252944316671 0.58868968928435572 -0.02946655987842817 0.005276974438723556 0.34534868263199087 0.32132524179163607 0.042838881683240397 0.016183761057950361 -0.015956639695200038 0.12077514425071541 -0.26495237621971712 0.049740296474730883 -0.18400489230334854 -0.36873044197653315 2.681492218995555 -0.90389376851602288 -0.016634568258347863 -0.2787285763390755 -0.20183971833741879 0.6316957419192113 -0.5190558355129985 0.25542232823277328 0.098180337111672317 0.3775486834839667 0.014347666367546594 0.1034324427542489 0.20095261425084601 -0.078012502651119323 -0.24960142569040328
leaf_weight=2124 1243 113 1255 3205 3694 105 105 6846 3118 1066 1351 817 216 587 203 63 68 7882 166 437 327 126 148 275 306 1114 298 61 2388 825
leaf_count=2124 1243 113 1255 3205 3694 105 105 6846 3118 1066 1351 817 216 587 203 63 68 7882 166 437 327 126 148 275 306 1114 298 61 2388 825
internal_value=-0.0001088 -0.000366833 0.00256374 -0.000215413 0.00136094 -0.000505668 -0.000383129 0.000589435 -0.00089242 0.000225458 0.00118125 -0.00438787 -0.00144976 -0.00237901 3.16075e-05 0.000745462 -0.00118414 -0.00111667 -0.00250994 0.000139752 0.00365932 0.000399822 -0.00101045 -0.00244039 0.00264993 0.00198452 -0.000517052 -0.00545455 -0.00351076 -0.00444818
internal_weight=40532 36964 3568 35721 5554 30167 29245 10051 19194 6386 4672 922 12808 1714 3321 2313 11767 11699 3519 965 1860 2250 860 712 1533 1420 8180 648 2554 1041
internal_count=40532 36964 3568 35721 5554 30167 29245 10051 19194 6386 4672 922 12808 1714 3321 2313 11767 11699 3519 965 1860 2250 860 712 1533 1420 8180 648 2554 1041
is_linear=0
shrinkage=0.03


Tree=149
num_leaves=31
num_cat=0
split_feature=31 14 6 17 0 25 7 6 39 4 25 40 32 0 41 40 41 31 41 26 0 15 13 13 15 4 25 1 24 25
split_gain=30.6277 18.3009 16.3558 16.6102 15.5505 14.4936 14.2196 16.7823 14.6026 14.3704 14.034 13.7015 13.4794 10.6185 9.2988 9.051 8.93855 8.667 8.51268 8.68339 8.31928 8.30599 9.58397 8.22264 16.453 11.3253 10.7922 7.9929 11.6602 8.10811
threshold=450.11000000000007 47.195 32.257709251101325 1791.2960900000005 13.500000000000002 20.943177083333335 4.4531250000000009 6.0211453744493406 -29.093749999999996 350.50000000000006 18.394166666666671 -73.857499999999987 256.38000000000005 10.500000000000002 -14628.962492295686 -50.214999999999982 -1032.143771568273 67.015000000000015 10633.375425678938 23889.000000000004 15.500000000000002 82.077708333333348 122.84500000000001 148.29500000000004 210.63687500000006 293.50000000000006 187.54843750000001 1.0000000180025095e-35 168.78750000000005 112.99098958333336
decision_type=10 8 2 10 2 10 2 2 10 2 10 10 10 2 8 10 10 10 10 10 2 8 10 10 10 2 10 2 10 8
left_child=1 5 3 6 16 10 27 8 13 14 11 -1 21 -8 -9 17 -5 -11 19 -16 -7 22 -10 24 -21 -26 -25 28 29 -3
right_child=-2 2 -4 4 -6 20 7 9 12 15 -12 -13 -14 -15 18 -17 -18 -19 -20 23 -22 -23 -24 26 25 -27 -28 -29 -30 -31
leaf_value=0.060602105130068529 0.96833955826999951 0.074329251052000417 0.32525829959002156 -0.11469848730112286 -0.0013382607516720134 -0.25794909810104888 0.094809342086204035 -0.19868011102003158 0.018333390030908489 -0.15026915371676397 0.36238423693065391 -0.10352941990835703 0.63221429504976057 0.37893878152758359 0.49947578542077542 -0.31139795332815878 -0.041446832037480306 0.36522068037205757 0.25556560531865685 -0.013105949545255945 -0.057110607860687418 -0.040132275321075779 0.7354485163193919 0.2493799936871133 0.19106102514320922 0.89732209142214858 -0.18562469471392218 0.023804805491377295 0.65757113712474224 -0.18085320788472742
leaf_weight=237 593 707 306 1584 3183 289 618 97 1096 50 86 465 204 213 242 543 1395 83 228 15496 141 1680 74 228 463 111 1982 7491 307 144
leaf_count=237 593 707 306 1584 3183 289 618 97 1096 50 86 465 204 213 242 543 1395 83 228 15496 141 1680 74 228 463 111 1982 7491 307 144
internal_value=-6.9911e-05 -0.000170969 -5.64554e-05 -0.000111852 -0.00153821 -0.00378999 0.000162362 -0.00022171 0.00157874 -0.000580055 -0.00136882 -0.00277383 0.000618658 0.00510216 -0.000425775 -0.00487445 -0.00309564 0.00212687 -0.00037758 -0.000448631 -0.00821346 8.4181e-05 0.00202391 -0.000523494 -0.000287474 0.00469565 -0.00223881 0.00120173 0.00352028 0.00170775
internal_weight=40336 39743 38525 38219 6162 1218 32057 23408 3885 19523 788 702 3054 831 18847 676 2979 133 18750 18522 430 2850 1170 18280 16070 574 2210 8649 1158 851
internal_count=40336 39743 38525 38219 6162 1218 32057 23408 3885 19523 788 702 3054 831 18847 676 2979 133 18750 18522 430 2850 1170 18280 16070 574 2210 8649 1158 851
is_linear=0
shrinkage=0.03


Tree=150
num_leaves=31
num_cat=0
split_feature=9 31 7 5 6 16 40 11 32 6 6 40 2 13 16 14 4 24 25 14 27 5 25 13 14 14 27 15 34 5
split_gain=27.5068 21.7433 17.4338 16.9686 14.3365 14.2494 17.8369 14.4805 13.1326 12.5612 12.4618 13.088 13.8266 12.0931 10.6125 10.4114 10.1301 11.605 9.93941 13.7108 9.76598 9.60139 9.50562 13.4895 9.66167 8.93823 8.38488 9.97191 8.34244 7.9651
threshold=570.0150000000001 -0.50499999999999989 8.4427083333333375 55705.625000000007 27.323788546255518 3121.2766701715832 -13.106249999999994 105.18500000000002 290.38000000000005 20.949999999999999 6.0211453744493406 -31.529999999999994 1.5000000000000002 177.25000000000003 13234.436127372914 52.095000000000006 60.500000000000007 60.467500000000008 49.406666666666673 91.975000000000009 35373.215572916677 65101.937500000007 80.179375000000022 95.970000000000013 93.75500000000001 101.15500000000002 40122.479166666672 49.953125000000007 91.175000000000026 42950.750000000007
decision_type=10 8 2 2 2 10 8 10 10 2 2 8 2 10 8 10 2 10 10 10 10 2 8 10 8 10 10 10 10 2
left_child=1 15 4 14 5 6 7 18 22 10 25 12 -12 20 28 -1 -14 -18 -3 -20 -9 -22 23 -8 -24 -7 -5 -28 -4 -16
right_child=-2 2 3 26 -6 9 8 13 -10 -11 11 -13 16 -15 29 -17 17 -19 19 -21 21 -23 24 -25 -26 -27 27 -29 -30 -31
leaf_value=-0.219617542910337 1.9589756300125976 0.055468606821518093 -0.17212014110469684 0.35082984633994824 0.11200060732496453 0.19646219401114584 0.0070652683073247858 0.42025378396552043 0.59413619146511509 0.053250700743997612 0.2425474586851184 -0.17542615426335806 -0.1433286937306599 0.0078584928508118428 -0.30988026637709809 -0.065796235988798774 0.011160380069899303 -0.14981594937722262 -0.18846148782957997 0.013034043872541616 0.088682318917367553 0.34055605667666694 -0.15271509420225043 0.30916664566225976 -0.018005245785413564 0.012127747831023257 0.13218681413440486 -0.033823223674325005 0.077939639309101805 -0.16658821581630548
leaf_weight=167 305 2375 103 213 1433 134 6284 951 227 708 150 1594 332 983 382 1018 1740 824 523 2900 1543 291 207 180 11037 814 169 1310 327 1369
leaf_count=167 305 2375 103 213 1433 134 6284 951 227 708 150 1594 332 983 382 1018 1740 824 523 2900 1543 291 207 180 11037 814 169 1310 327 1369
internal_value=9.97684e-06 -5.80804e-05 6.32928e-05 -0.00184693 0.000273339 0.000148677 0.000443422 0.0014895 -0.000114574 -0.00113864 -0.00161567 -0.00225598 -0.00110272 0.00293712 -0.00359533 -0.00405987 -0.00156369 -0.000923977 0.00054837 -0.000486273 0.00394652 0.00266485 -0.000206675 0.000709977 -0.000733659 0.00151739 0.000407561 -0.00039527 0.00062645 -0.00463185
internal_weight=40593 40288 39103 3873 35230 33797 27501 9566 17935 6296 5588 4640 3046 3768 2181 1185 2896 2564 5798 3423 2785 1834 17708 6464 11244 948 1692 1479 430 1751
internal_count=40593 40288 39103 3873 35230 33797 27501 9566 17935 6296 5588 4640 3046 3768 2181 1185 2896 2564 5798 3423 2785 1834 17708 6464 11244 948 1692 1479 430 1751
is_linear=0
shrinkage=0.03


Tree=151
num_leaves=31
num_cat=0
split_feature=33 12 7 25 8 7 23 40 4 12 5 25 33 41 4 27 11 16 27 32 16 12 8 29 5 27 7 4 24 23
split_gain=24.4217 21.2835 13.3631 13.2345 12.111 15.4467 13.7586 11.8174 13.845 13.2185 12.3242 12.0764 11.8035 10.31 10.1782 9.83096 9.48811 9.40979 9.0074 8.76307 8.69321 8.61351 8.34051 10.4842 8.48329 9.29947 8.03913 7.85321 7.71801 7.23104
threshold=602.1400000000001 20.943177083333335 11.411458333333337 46.85958333333334 529.36250000000007 4.2760416666666687 4.5000000000000009 -36.636249999999983 361.50000000000006 91.553697916666678 36201.750000000007 21.927291666666672 109.52500000000002 13259.921016334762 84.500000000000014 36934.853928894932 95.711250000000021 2219.5163293173669 26340.312500000004 315.84500000000008 5406.3174960082015 62.638541666666676 290.38750000000005 179.34125000000003 47802.937500000007 38308.075729166674 5.6267361111111134 2.5000000000000004 6.3550000000000013 3.5000000000000004
decision_type=10 10 2 10 2 2 2 8 2 10 2 10 10 10 2 10 10 10 10 10 8 10 2 10 2 10 2 2 10 2
left_child=1 3 4 12 5 15 18 9 10 11 -9 -7 26 14 21 -3 -5 -8 -6 27 -16 -13 23 24 25 -11 -1 -12 -19 -18
right_child=-2 2 -4 16 6 7 17 8 -10 22 19 13 -14 -15 20 -17 29 28 -20 -21 -22 -23 -24 -25 -26 -27 -28 -29 -30 -31
leaf_value=-0.0085357250201417399 2.0952190494631098 0.10404504871092825 -0.29266344946678341 -0.27265657516015768 0.70881564014627541 0.2135167143456575 -0.25628135873050095 -0.1223159349376603 -0.40040991334965254 0.35170264473840701 -0.65750741427711945 -0.23233709113465897 0.040726197468389805 0.32945213857105832 0.090838978023510597 0.019487361672221083 0.31022775330213465 0.045976852164255469 -0.015925836154781426 0.62264933326905891 -0.02596209915185092 0.0026589234767985912 -0.071786380517447734 0.0068203564976602139 0.46496739291839451 -0.3285049944499242 -0.085952547108219701 -0.0030781004789248809 -0.13016215201638168 -0.54375337881733166
leaf_weight=640 300 2562 333 434 201 341 847 1268 189 181 73 620 904 118 1202 5364 99 94 2434 200 1594 478 199 333 596 115 879 17888 47 52
leaf_count=640 300 2562 333 434 201 341 847 1268 189 181 73 620 904 118 1202 5364 99 94 2434 200 1594 478 199 333 596 115 879 17888 47 52
internal_value=-4.17632e-05 -0.000105372 9.0536e-05 -0.0025324 0.000144539 0.00032366 -0.00150248 -3.72106e-05 -0.000388399 0.00115524 -0.000309573 0.000334175 -0.00155322 -0.000127087 -0.000392811 0.00147975 -0.0065785 -0.00451972 -0.000369879 -0.000109845 0.000568466 -0.00283894 0.00366316 0.00458809 0.00628219 0.00212121 -0.00316776 -0.000179546 0.00264085 -9.86842e-05
internal_weight=40585 40285 37277 3008 36944 33321 3623 25395 19618 5777 19429 4353 2423 4012 3894 7926 585 988 2635 18161 2796 1098 1424 1225 892 296 1519 17961 141 151
internal_count=40585 40285 37277 3008 36944 33321 3623 25395 19618 5777 19429 4353 2423 4012 3894 7926 585 988 2635 18161 2796 1098 1424 1225 892 296 1519 17961 141 151
is_linear=0
shrinkage=0.03


Tree=152
num_leaves=31
num_cat=0
split_feature=27 31 7 5 4 25 16 40 14 6 4 5 16 0 1 1 0 0 14 28 24 6 28 41 38 4 39 40 27 14
split_gain=22.6729 21.758 15.1513 15.4714 12.6947 20.2247 11.2653 16.4289 18.3862 12.5264 11.538 11.1279 10.0223 9.72234 13.7031 10.1995 21.6571 13.6867 11.9459 9.85927 9.83318 9.27691 11.1459 9.26581 9.18872 16.5539 8.95546 8.60354 8.60254 8.60155
threshold=24313.729166666672 -0.50499999999999989 8.2309027777777803 56255.875000000007 244.50000000000003 443.54708333333343 6358.5057919720302 -53.836249999999986 57.045000000000009 21.669823788546257 268.50000000000006 76137.500000000015 13527.738327874416 16.500000000000004 5.5000000000000009 1.0000000180025095e-35 5.5000000000000009 1.5000000000000002 97.020000000000024 49170.875000000007 64.355000000000004 9.9583700440528649 42845.000000000007 12177.707922694883 26.445000000000004 114.50000000000001 -108.41374999999999 -10.254999999999994 35711.916666666672 161.15500000000003
decision_type=8 10 2 2 2 10 10 8 10 2 2 2 8 2 2 2 2 2 10 10 8 2 10 10 10 2 10 10 10 10
left_child=4 -2 6 12 -1 -6 7 10 26 28 23 13 -4 15 19 16 20 -17 -18 27 -10 22 -19 -3 -14 -26 -9 -15 -8 -30
right_child=1 2 3 -5 5 -7 9 8 11 -11 -12 -13 24 14 -16 17 18 21 -20 -21 -22 -23 -24 -25 25 -27 -28 -29 29 -31
leaf_value=1.5753295197423989 -0.098583637311059416 0.025552426483719987 0.006313479149678578 0.011934625900786778 1.0540664961217419 -0.94845415308393144 -0.14491975390189504 0.19513426530582853 0.050911148638836924 0.3570508259706166 0.225224791260726 0.13230586125710431 -0.21250118708086194 0.12059320780315204 0.1388414659133832 0.042970736518140949 -0.01025201922551453 0.052026107117956993 0.28523365237642712 -0.08994460223108447 -0.11332403485497806 -0.041777614701920845 -0.024219275938220902 0.64059996538461417 0.12419695769262502 -0.36282345321794673 -0.13519183050130243 0.0026709184939336691 -0.025567358120597919 -0.24153071286019417
leaf_weight=464 1226 2789 585 1858 103 136 241 62 250 163 882 613 1420 1783 1127 2016 414 2456 1012 337 673 9426 2423 75 277 336 549 4716 1877 254
leaf_count=464 1226 2789 585 1858 103 136 241 62 250 163 882 613 1420 1783 1127 2016 414 2456 1012 337 673 9426 2423 75 277 336 549 4716 1877 254
internal_value=-3.14473e-05 -0.00012575 -7.769e-07 -0.00164172 0.0053054 -0.0003125 0.000214418 0.000368782 0.000117919 -0.00170938 0.00223379 0.00023342 -0.00312715 0.000141361 0.00101896 -0.000232982 0.00161489 -0.00049902 0.00393132 0.000513383 -0.00196429 -0.000825178 0.00023668 0.0013089 -0.00412242 -0.00105049 -0.00502451 0.000773077 -0.00226296 -0.00165338
internal_weight=40543 39840 38614 4476 703 239 34138 31603 27857 2535 3746 27246 2618 26633 7963 18670 2349 16321 1426 6836 923 14305 4879 2864 2033 613 611 6499 2372 2131
internal_count=40543 39840 38614 4476 703 239 34138 31603 27857 2535 3746 27246 2618 26633 7963 18670 2349 16321 1426 6836 923 14305 4879 2864 2033 613 611 6499 2372 2131
is_linear=0
shrinkage=0.03


Tree=153
num_leaves=31
num_cat=0
split_feature=28 14 31 34 18 0 7 32 40 12 16 8 0 1 16 4 15 27 12 7 4 34 15 4 4 4 13 4 32 7
split_gain=25.9577 20.2203 19.8598 14.9624 13.0352 13.8003 12.2579 12.258 11.5784 16.075 12.3282 11.4468 10.7587 10.6814 10.56 11.9431 13.4163 12.1615 10.2481 9.75524 9.41164 9.13524 8.99431 16.711 10.3167 9.68414 10.2672 8.58406 8.58114 8.00155
threshold=30825.875000000004 52.095000000000006 -0.50499999999999989 602.10500000000013 1.0000000180025095e-35 5.5000000000000009 8.2309027777777803 225.00500000000002 -41.158749999999991 24.694791666666671 5486.9170827744174 621.30625000000009 11.500000000000002 1.0000000180025095e-35 14622.300843884836 92.500000000000014 49.953125000000007 41181.562500000007 458.07729166666678 3.9045138888888897 70.500000000000014 98.075000000000003 74.304300000000012 350.50000000000006 354.50000000000006 259.50000000000006 99.790000000000006 28.500000000000004 97.001250000000013 5.5329861111111134
decision_type=8 10 10 10 2 2 2 10 10 10 10 2 2 2 8 2 10 10 10 2 2 10 8 2 2 2 10 2 10 2
left_child=1 -1 -2 4 5 -3 7 8 10 -10 28 12 -6 -7 21 16 -16 20 -9 -11 -18 -8 24 -24 25 26 -21 -12 -4 -15
right_child=2 3 6 -5 11 13 14 18 9 19 27 -13 -14 29 15 -17 17 -19 -20 22 -22 -23 23 -25 -26 -27 -28 -29 -30 -31
leaf_value=-0.23296503723424677 -0.10173754789603216 -0.010505785004437768 0.02515630144941074 2.7602715064805419 -0.10641815674248391 0.506900488802973 -0.1156162769204874 0.21211956982498675 -0.12623342564497902 0.018249535536491945 0.16637104688546459 -0.58412642122939074 0.24317950251731929 0.27156092026393736 0.097769349834065267 -0.18371019506863234 0.26715299649042906 -0.12660718333614188 -1.2831759533813833 0.0050879374155830704 -0.2264334719295503 0.066112598694797381 -0.032285354630577245 -0.40481992064317424 0.19504216469427346 -0.10680720211026695 0.47320365584799956 -0.039640745668882982 0.2602463838398964 0.051002718074960922
leaf_weight=138 968 937 3596 155 799 713 228 1270 770 4861 106 171 612 1178 283 1363 184 944 52 6073 170 831 9181 274 95 983 79 1623 923 830
leaf_count=138 968 937 3596 155 799 713 228 1270 770 4861 106 171 612 1178 283 1363 184 944 52 6073 170 831 9181 274 95 983 79 1623 923 830
internal_value=-0.000106212 0.00180249 -0.000409232 0.00209322 0.00182026 0.00280404 -0.000288138 -7.92987e-05 -0.000210047 -0.000529641 0.000931349 -0.000454833 0.000435552 0.00388501 -0.0018469 -0.0027708 -0.000995575 -0.00228637 0.00274376 -0.000377315 0.0024507 0.000721698 -0.000721863 -0.0013309 7.46785e-05 -5.67545e-05 0.000385178 -0.00122254 0.00175553 0.00276257
internal_weight=40390 5533 34857 5395 5240 3658 33889 29886 28564 22316 6248 1582 1411 2721 4003 2944 1581 1298 1322 21546 354 1059 16685 9455 7230 7135 6152 1729 4519 2008
internal_count=40390 5533 34857 5395 5240 3658 33889 29886 28564 22316 6248 1582 1411 2721 4003 2944 1581 1298 1322 21546 354 1059 16685 9455 7230 7135 6152 1729 4519 2008
is_linear=0
shrinkage=0.03


Tree=154
num_leaves=31
num_cat=0
split_feature=24 14 8 16 6 7 41 6 1 40 23 23 14 25 31 25 12 13 13 4 39 12 5 25 14 7 7 9 37 26
split_gain=24.8844 17.1471 15.0703 16.7208 13.8069 11.8837 10.6719 11.3785 10.5806 10.1992 9.33933 9.10063 10.6161 9.21278 9.08894 8.69983 12.2811 11.9482 17.2019 11.1996 10.5439 12.1121 18.0188 10.0188 9.83596 9.54925 8.61815 8.20191 7.99523 7.87332
threshold=493.73500000000007 38.355000000000011 415.70625000000007 13022.046970762634 32.257709251101325 4.0434027777777795 13654.425545070624 22.218061674008812 3.5000000000000004 -110.17124999999999 4.5000000000000009 1.5000000000000002 209.59625000000003 98.210000000000022 -9.9912499999999991 30.627500000000005 40.351041666666674 -0.044999999999999991 0.21500000000000002 2.5000000000000004 -41.094999999999978 89.961614583333358 54501.000000000007 47.308697916666667 96.010000000000005 9.7031250000000036 9.4340277777777803 21.365000000000006 -54.450000000000003 37262.500000000007
decision_type=10 8 2 10 2 2 10 2 2 8 2 2 10 10 10 10 10 8 8 2 8 10 2 10 10 2 2 8 10 8
left_child=1 -1 3 5 10 29 7 9 -2 -7 11 -4 13 -13 -12 17 -17 -11 25 -18 21 23 26 -21 -25 28 -23 -20 -19 -3
right_child=8 2 4 -5 -6 6 -8 -9 -10 15 14 12 -14 -15 -16 16 19 18 27 20 -22 22 -24 24 -26 -27 -28 -29 -30 -31
leaf_value=-0.1087647360765623 1.3714328777700335 0.11571200939412989 -0.037056728432265089 -0.15229105872872317 0.24651700650079347 0.31666035577055762 0.17142895775372594 0.082605159174591866 -0.11418996582401916 0.15018076024747229 -0.53667570569525802 0.015014321372668945 0.83607456712358597 -0.17675334888367741 -0.10307349641575166 -0.09359584906201282 -0.75505817455354252 -0.012353718023137592 0.13723461895453676 0.19316431938569656 -0.016239121667784105 0.097505410881758639 0.36947632610647529 -0.16939851870072245 -0.0063363912266983392 0.20803753706172351 -0.72011710789606953 0.05683465437468882 -0.18249037557051295 0.019999291403071596
leaf_weight=684 455 1753 3264 755 245 391 548 1767 180 763 98 743 184 171 1584 2019 66 448 114 381 13672 1564 633 459 1995 52 81 816 474 4134
leaf_count=684 455 1753 3264 755 245 391 548 1767 180 763 98 743 184 171 1584 2019 66 448 114 381 13672 1564 633 459 1995 52 81 816 474 4134
internal_value=-6.1861e-05 -0.000155799 -7.35163e-05 0.000183817 -0.00141892 0.000287573 1.4289e-05 -7.41361e-05 0.00582547 -0.000245727 -0.00170223 -0.000969516 0.00139217 6.55738e-05 -0.00360071 -0.000325644 -0.000531838 0.00128748 1.5748e-05 -0.000293603 -0.00024992 0.000912202 0.00254059 -0.000396685 -0.0010998 -0.00276923 0.000883961 0.00293233 -0.00347779 0.0015056
internal_weight=40493 39858 39174 32885 6289 32130 26243 25695 635 23928 6044 4362 1098 914 1682 23537 20870 2667 1904 18851 18785 5113 2278 2835 2454 974 1645 930 922 5887
internal_count=40493 39858 39174 32885 6289 32130 26243 25695 635 23928 6044 4362 1098 914 1682 23537 20870 2667 1904 18851 18785 5113 2278 2835 2454 974 1645 930 922 5887
is_linear=0
shrinkage=0.03


Tree=155
num_leaves=31
num_cat=0
split_feature=24 29 7 6 4 40 1 0 4 32 40 5 7 0 10 11 6 25 4 13 28 17 25 28 5 28 13 7 25 27
split_gain=22.9139 16.1506 14.5167 15.1304 12.4273 14.0524 11.2537 11.2438 11.1911 10.4601 11.3646 9.84157 14.1638 10.9621 9.83077 9.62728 9.45963 9.18751 9.03943 10.7362 9.22078 9.03489 10.1643 8.93746 9.44861 17.472 20.2121 11.3027 12.1364 10.368
threshold=493.73500000000007 -8.6387499999999982 4.4357638888888902 5.6696035242290757 350.50000000000006 -61.244999999999997 1.0000000180025095e-35 4.5000000000000009 303.50000000000006 264.94500000000005 -17.11999999999999 36766.687500000007 7.4739583333333348 6.5000000000000009 -0.51624999999999988 255.00500000000002 31.152202643171815 72.179166666666688 244.50000000000003 298.67500000000001 25782.687500000004 2838.9520650000004 88.947916666666671 46503.048906250006 50154.875000000007 39420.500000000007 131.75000000000003 7.5434027777777795 12.43125 42524.458333333336
decision_type=8 10 2 2 2 10 2 2 2 10 10 2 2 2 10 10 2 10 2 10 8 10 10 10 2 10 10 2 10 10
left_child=1 -1 6 9 11 -6 7 -3 16 10 -4 12 13 -5 -13 -9 21 -12 20 -20 -2 22 -8 24 27 26 -26 28 -16 -27
right_child=18 2 3 4 5 -7 8 15 -10 -11 17 14 -14 -15 23 -17 -18 -19 19 -21 -22 -23 -24 -25 25 29 -28 -29 -30 -31
leaf_value=-0.12634780735000811 1.9083485832879399 -0.065530179896825164 0.11096474877770901 -0.017892117930047462 0.27737091117788443 -0.27903309938400878 0.031598102269431293 0.13443786442222069 0.11925252945372833 0.72469619803002694 0.040586901914529322 -0.12109094756288316 -0.23055930727276119 -0.18289216212039269 0.16374318256695627 1.013449951588151 0.18988809728802977 -0.043329158552088527 0.7724682963175149 -0.73480943064897353 0.021605594788490164 -0.057867490287754765 -0.016777669224160831 -0.063555843208900592 0.16000461591256468 -0.066185568016024238 -0.16098109665055146 -0.096737585849185737 -0.010074413085983735 0.026404605451406552
leaf_weight=556 337 254 1171 1701 86 681 2980 1026 1255 184 805 181 221 377 386 124 259 1673 100 104 133 1666 3425 2157 1960 1565 547 2252 10137 2051
leaf_count=556 337 254 1171 1701 86 681 2980 1026 1255 184 805 181 221 377 386 124 259 1673 100 104 133 1666 3425 2157 1960 1565 547 2252 10137 2051
internal_value=-5.87288e-05 -0.000151962 -7.97444e-05 -0.000440894 -0.000717195 -0.00447266 0.000844859 0.00335231 0.000477259 0.00131064 0.000957534 -0.000594621 -0.0024587 -0.00168831 -0.000392711 0.00461338 7.92222e-05 -0.000193626 0.00542222 0.000146341 0.00770701 -0.000102205 0.000409772 -0.000332684 -0.000123816 0.000845036 0.00276914 -0.000588212 -0.000175314 -0.000489356
internal_weight=40354 39680 39124 28135 24302 767 10989 1404 9585 3833 3649 23535 2299 2078 21236 1150 8330 2478 674 204 470 8071 6405 21055 18898 6123 2507 12775 10523 3616
internal_count=40354 39680 39124 28135 24302 767 10989 1404 9585 3833 3649 23535 2299 2078 21236 1150 8330 2478 674 204 470 8071 6405 21055 18898 6123 2507 12775 10523 3616
is_linear=0
shrinkage=0.03


Tree=156
num_leaves=31
num_cat=0
split_feature=24 0 14 17 41 25 1 0 10 16 4 4 6 27 5 0 28 15 40 7 41 28 13 13 24 7 0 6 39 28
split_gain=23.3362 18.1266 19.1775 15.0987 13.9472 12.7267 12.3383 17.8293 15.8151 11.8604 11.5404 10.8319 9.85999 9.85541 9.27817 16.4337 12.3841 9.61275 9.06724 8.95374 11.9095 8.78661 8.76061 8.61223 8.90082 8.60149 8.21041 8.3959 13.2683 9.35787
threshold=493.73500000000007 15.500000000000002 52.095000000000006 718.52098500000022 -14628.962492295686 21.927291666666672 1.5000000000000002 5.5000000000000009 214.93000000000004 2932.6888682360218 253.50000000000003 244.50000000000003 32.257709251101325 36234.520833333343 47101.562500000007 8.5000000000000018 39166.062500000007 69.983750000000015 -4.6799999999999953 8.2864583333333375 -7075.133459498963 25534.750000000004 298.67500000000001 58.39500000000001 173.16625000000002 7.8489583333333348 22.500000000000004 9.5865638766519847 -24.638749999999998 28188.687500000004
decision_type=10 2 10 10 8 8 2 2 10 8 2 2 2 10 2 2 10 10 10 2 8 10 10 10 10 2 2 2 10 10
left_child=1 2 5 4 -4 13 7 10 18 -8 -6 21 26 -1 15 19 17 -16 -9 -11 -21 -2 -13 -17 -25 -10 27 28 -3 -29
right_child=11 12 3 -5 6 -7 9 8 25 14 -12 22 -14 -15 16 23 -18 -19 -20 20 -22 -23 -24 24 -26 -27 -28 29 -30 -31
leaf_value=-0.10411126996952211 1.9421705033918839 0.18362516907418877 -0.18079492441341133 -0.051320255887470835 0.012669298615267763 -0.24493751385760731 0.051532207481973839 0.14313739357559882 1.2143662013631051 -0.0104398454743243 -0.15503501676278916 0.79563887821914503 0.39336273315615755 0.0054057144109068362 0.1264670681658282 -0.47806442763998991 -0.023250545979767914 0.035952444735040459 0.0055112610585472052 0.14426367835851275 -0.57079616382504328 0.092406563649686857 -0.57781151946569931 -0.03060492708154669 -0.89505305373560695 -0.25217216035139839 -0.035055657524438143 0.28433421615478222 0.024176737729682145 0.0025460840450688238
leaf_weight=209 323 886 93 4675 1983 396 1881 1469 287 4312 760 106 203 438 322 581 4670 1964 1391 54 268 86 114 623 203 41 1654 810 1925 7660
leaf_count=209 323 886 93 4675 1983 396 1881 1469 287 4312 760 106 203 438 322 581 4670 1964 1391 54 268 86 114 623 203 41 1654 810 1925 7660
internal_value=-8.57928e-05 -0.000176564 -0.000626573 -0.000463875 -0.000119122 -0.00461207 -6.70351e-05 0.00108985 0.00261524 -0.000528261 -0.000683309 0.00564286 0.000735216 -0.00201389 -0.000850515 -0.00171053 -0.000103493 0.00170529 0.00189794 -0.000847896 -0.00566563 0.00852439 0.000271493 -0.00454901 -0.00257557 0.00884498 0.000631957 0.000921379 0.00234175 0.00044977
internal_weight=40387 39758 26620 25577 20902 1043 20809 5931 3188 14878 2743 629 13138 647 12997 6041 6956 2286 2860 4634 322 409 220 1407 826 328 12935 11281 2811 8470
internal_count=40387 39758 26620 25577 20902 1043 20809 5931 3188 14878 2743 629 13138 647 12997 6041 6956 2286 2860 4634 322 409 220 1407 826 328 12935 11281 2811 8470
is_linear=0
shrinkage=0.03


Tree=157
num_leaves=31
num_cat=0
split_feature=9 14 28 5 6 29 27 6 29 25 26 16 25 15 13 13 41 32 4 11 32 25 1 13 4 4 27 0 15 27
split_gain=25.1669 17.7915 15.1878 25.1472 13.8018 12.3314 11.623 10.6617 10.4515 9.63306 8.76438 8.65753 8.40915 8.26404 11.879 9.74353 8.24827 8.12374 9.5338 8.05076 8.02174 8.11389 10.0313 19.2009 17.2917 14.1174 9.71585 9.25584 10.1199 11.7799
threshold=644.96000000000015 38.355000000000011 30825.875000000004 49400.625000000007 5.6696035242290757 -8.6387499999999982 43327.551093750008 32.257709251101325 1.9899999999999995 276.37187500000005 33532.777500000004 14622.300843884836 20.943177083333335 88.211041666666674 75.510000000000019 -0.10624999999999998 10633.375425678938 245.08500000000001 348.50000000000006 353.44500000000005 236.91500000000002 49.953125000000007 4.5000000000000009 68.936250000000015 124.50000000000001 259.50000000000006 50818.916666666672 17.500000000000004 73.098541666666691 48315.583333333343
decision_type=8 10 10 2 2 10 10 2 10 10 8 10 8 10 10 10 10 10 2 10 10 10 2 10 2 2 10 2 10 10
left_child=1 8 3 13 6 -6 17 9 -1 10 -7 16 -8 14 15 -3 20 18 19 -4 21 -12 24 27 26 -26 -23 28 29 -24
right_child=-2 2 4 -5 5 7 12 -9 -10 -11 11 -13 -14 -15 -16 -17 -18 -19 -20 -21 -22 22 23 -25 25 -27 -28 -29 -30 -31
leaf_value=-0.24958898837924354 2.1582010634105835 0.20294888146356854 0.066835927842862686 0.4555974997220113 -0.16797397054586474 -0.055604779900098343 0.22974080289440613 0.26214959626096368 -0.057036378444806669 -0.33286552696876925 0.01399535031235752 -0.15504686463432593 -0.000119376678170795 -0.0067236387190669688 0.30853412193680069 -0.052405999022495063 0.14563965198538936 0.6284302145803593 -0.53121712988505809 1.1465251140471968 0.31266579949056322 -0.050095364808861405 -0.12472479349372846 0.03054014642563601 0.036563942325377741 -0.029380924194167421 0.13627898656419118 -0.017244543124256922 -0.33516257198977351 0.19286884249661432
leaf_weight=159 187 173 1456 1176 398 3042 46 260 549 518 6790 412 3500 3549 93 266 499 234 89 101 376 4113 957 1355 4920 3550 183 643 883 49
leaf_count=159 187 173 1456 1176 398 3042 46 260 549 518 6790 412 3500 3549 93 266 499 234 89 101 376 4113 957 1355 4920 3550 183 643 883 49
internal_value=-1.99867e-05 -7.10213e-05 1.32469e-05 0.00151483 -0.000216436 -0.0004767 0.00117192 -0.000403488 -0.00478138 -0.000459157 -0.000383466 -0.000196514 0.000160699 0.000400539 0.00388368 0.00180682 -0.00012336 0.00307815 0.00233151 0.00287869 -0.000203401 -0.000273204 -0.000629578 -0.00196373 -0.000223232 0.000563098 -0.00177333 -0.00350572 -0.00456349 -0.00250248
internal_weight=40526 40339 39631 5257 34374 28948 5426 28550 708 28290 27772 24730 3546 4081 532 439 24318 1880 1646 1557 23819 23443 16653 3887 12766 8470 4296 2532 1889 1006
internal_count=40526 40339 39631 5257 34374 28948 5426 28550 708 28290 27772 24730 3546 4081 532 439 24318 1880 1646 1557 23819 23443 16653 3887 12766 8470 4296 2532 1889 1006
is_linear=0
shrinkage=0.03


Tree=158
num_leaves=31
num_cat=0
split_feature=11 29 1 7 38 6 8 38 6 28 39 5 14 14 27 28 25 31 15 17 4 15 39 4 41 1 7 24 1 28
split_gain=21.2924 16.615 14.8434 13.0368 10.3742 9.94244 14.6453 10.8478 14.2974 14.696 13.567 11.6641 14.5477 11.5834 11.3729 11.2643 10.7199 10.3636 10.2133 9.97877 9.31851 11.6649 10.8055 10.3309 8.93592 8.89877 8.87383 8.35557 8.27843 8.21021
threshold=353.44500000000005 -8.6387499999999982 3.5000000000000004 10.565972222222223 400.46000000000004 27.638325991189436 637.25625000000014 -1.4925000000000004 9.4392070484581527 45039.429687500007 -11.034999999999995 39206.250000000007 91.975000000000009 179.53500000000003 36934.853928894932 28188.687500000004 32.776666666666678 52.005000000000003 167.20895833333336 0.85555000000000014 32.500000000000007 57.817291666666669 -38.608749999999993 359.50000000000006 6719.8400893105872 2.5000000000000004 2.9270833333333339 17.386250000000004 4.5000000000000009 40216.750000000007
decision_type=10 10 2 2 10 2 2 10 2 10 10 2 10 10 10 10 10 10 10 8 2 8 10 2 10 2 2 10 2 10
left_child=1 -1 4 5 -2 6 7 11 9 10 13 12 16 24 -13 -10 -3 -16 -17 27 21 -11 -23 -22 -9 -7 -24 -14 -8 -30
right_child=2 3 -4 -5 -6 25 28 8 15 20 -12 14 19 -15 17 18 -18 -19 -20 -21 23 22 26 -25 -26 -27 -28 -29 29 -31
leaf_value=-0.13328789219074363 0.38328043785546867 -0.028268207614871459 -0.11879904163120897 -0.15724706807894692 1.9212606239451673 0.18964163079516339 -0.028231174069851865 0.032121909523958936 0.090624877762738268 0.086101678467746051 0.0042046475703081398 0.12801658645815506 0.30270036389139537 0.39137227583568912 -0.044843056354893031 -0.028464663337788718 -0.23876161442995184 0.038180983450788512 -0.18483207747216426 -0.029893891200014976 -0.079488986184434784 0.1486922521942553 0.092988037327792983 0.17376898667970381 0.28908329094252722 0.016969554058915363 -0.048500080048736502 0.063078909786199733 -0.51881064079624206 0.031480504258745198
leaf_weight=577 1082 514 563 786 202 494 846 1626 1663 294 2923 1823 149 671 1016 11258 401 5119 1210 1541 1927 216 162 104 219 743 1178 845 286 76
leaf_count=577 1082 514 563 786 202 494 846 1626 1663 294 2923 1823 149 671 1016 11258 401 5119 1210 1541 1927 216 162 104 219 743 1178 845 286 76
internal_value=-6.96039e-05 -0.000219949 0.0030763 -0.000143341 0.00485603 -6.27262e-05 -0.00015346 -4.08778e-05 -0.000409986 0.000502092 0.00150827 0.000717854 -0.000738916 0.00312277 0.00134942 -0.00101153 -0.00397926 0.000730932 -0.00132088 0.000431782 -0.000908037 0.000632091 -0.000404624 -0.00231053 0.00189328 0.00258078 -0.0014094 0.00277387 -0.0033995 -0.00719008
internal_weight=40514 38667 1847 38090 1284 37304 36067 34859 23451 9320 5439 11408 3450 2516 7958 14131 915 6135 12468 2535 3881 1850 1556 2031 1845 1237 1340 994 1208 362
internal_count=40514 38667 1847 38090 1284 37304 36067 34859 23451 9320 5439 11408 3450 2516 7958 14131 915 6135 12468 2535 3881 1850 1556 2031 1845 1237 1340 994 1208 362
is_linear=0
shrinkage=0.03


Tree=159
num_leaves=31
num_cat=0
split_feature=30 29 6 8 1 5 38 28 5 6 15 7 27 4 5 39 38 27 14 39 11 7 4 5 23 41 4 1 13 27
split_gain=21.6431 16.9247 13.5939 12.996 12.2408 10.97 16.1229 14.4979 15.2799 13.1418 14.3544 12.2126 12.0253 11.6136 12.1008 11.0234 10.8187 14.2262 12.6804 10.4776 10.3231 10.2607 9.25253 11.7612 9.24372 9.04761 9.22044 9.80271 8.82516 8.44297
threshold=575.09500000000014 -8.6387499999999982 27.323788546255518 718.48750000000007 3.5000000000000004 37254.187500000007 -6.9212499999999997 30130.000000000004 52253.125000000007 9.5865638766519847 167.20895833333336 6.3767361111111134 47227.250000000007 24.500000000000004 55331.250000000007 -35.002499999999998 8.1974999999999927 35777.924843750006 90.00500000000001 -14.184999999999993 190.00500000000002 12.734375000000002 30.500000000000004 72556.250000000015 3.5000000000000004 17133.706979634469 358.50000000000006 2.5000000000000004 1.5350000000000004 37668.578020833338
decision_type=10 10 2 2 2 2 10 10 2 2 10 2 10 2 2 10 10 10 10 10 10 2 2 2 2 10 2 2 10 10
left_child=1 -1 3 5 -4 11 20 8 15 12 16 -3 13 14 -9 -8 17 18 -11 28 -7 -19 -21 -24 -5 26 -14 -28 -15 -18
right_child=-2 2 4 24 -6 6 7 9 -10 10 -12 -13 25 19 -16 -17 29 21 -20 22 -22 -23 23 -25 -26 -27 27 -29 -30 -31
leaf_value=-0.12326487202531357 2.0872055468834345 -0.020843100276205673 0.19755564504474143 -0.03350588844214563 -0.004811741273677588 0.030716668242279723 0.20416729671164419 -0.22050452434402626 0.69201107914005555 -0.14904208153738022 -0.22900182008282172 -0.14223948060957498 -0.041985667376974262 -0.059163402653069151 0.30772012555999212 -0.024043398954819963 -0.018270020532861649 0.010267158621388751 -0.039537692421955338 -0.24609684651451999 0.36683526128471045 -0.36479895745464952 -0.014983698830913425 0.38003231511748231 -0.5723029239237124 0.25456558069175095 -0.088492822911577201 0.1975625513851095 0.091005087641278237 -0.12090042290655333
leaf_weight=571 162 3359 802 328 674 7116 1131 88 386 470 1053 683 3046 490 423 1820 1500 5832 1661 107 453 53 3219 328 168 208 51 98 2148 2055
leaf_count=571 162 3359 802 328 674 7116 1131 88 386 470 1053 683 3046 490 423 1820 1500 5832 1661 107 453 53 3219 328 168 208 51 98 2148 2055
internal_value=-5.07608e-05 -9.48614e-05 -2.11315e-05 -0.000130111 0.00280298 -6.67037e-05 0.000110265 -0.000242472 0.00160425 -0.000512461 -0.0011596 -0.00154341 0.000288038 0.00101631 0.00536133 0.000868902 -0.000854217 -0.000243233 -0.00234287 0.000662641 0.00132959 0.000517329 -0.000377565 -0.000114149 -0.0049497 -0.00116774 -0.00156289 0.0057 0.00210307 -0.00223144
internal_weight=40483 40321 39750 38274 1476 37778 33736 26167 3337 22830 12624 4042 10206 6803 511 2951 11571 8016 2131 6292 7569 5885 3654 3547 496 3403 3195 149 2638 3555
internal_count=40483 40321 39750 38274 1476 37778 33736 26167 3337 22830 12624 4042 10206 6803 511 2951 11571 8016 2131 6292 7569 5885 3654 3547 496 3403 3195 149 2638 3555
is_linear=0
shrinkage=0.03


Tree=160
num_leaves=31
num_cat=0
split_feature=34 0 14 1 0 14 0 18 25 33 34 15 13 24 25 13 8 8 39 16 0 31 8 25 2 35 16 25 25 1
split_gain=22.2049 16.2556 17.3012 15.6085 35.0436 19.6405 16.2016 14.8173 15.7619 14.7657 12.8982 12.2107 12.1354 15.105 11.4605 10.5904 9.92861 9.92141 12.0037 9.85822 10.5073 9.78197 9.59572 9.51592 9.90485 9.46025 9.19462 9.11236 15.7946 9.02821
threshold=602.10500000000013 16.500000000000004 57.045000000000009 1.0000000180025095e-35 4.5000000000000009 196.57500000000002 2.5000000000000004 1.0000000180025095e-35 62.693593750000012 340.74500000000006 77.105000000000004 153.77166666666668 68.936250000000015 131.25750000000002 57.07416666666667 148.29500000000004 233.76250000000002 0.38125000000000003 -66.004999999999981 1604.5520029195984 5.5000000000000009 -9.9912499999999991 219.65625000000003 46.534583333333345 10.500000000000002 5.3275000000000015 11044.93353356282 19.811666666666671 18.394166666666671 4.5000000000000009
decision_type=10 2 10 2 2 10 2 2 10 8 10 10 10 10 8 10 2 2 10 10 2 10 2 10 2 10 8 10 10 2
left_child=1 2 10 4 14 11 29 19 21 17 27 16 26 15 -4 -14 -6 18 -3 20 -8 -9 -22 24 -12 -19 -10 28 -1 -5
right_child=-2 9 3 6 5 -7 7 8 12 -11 23 -13 13 -15 -16 -17 -18 25 -20 -21 22 -23 -24 -25 -26 -27 -28 -29 -30 -31
leaf_value=-0.076289180838200729 2.5014053712629503 0.19182798002213444 0.070020794102389428 0.0039402880545239324 0.14315626231481332 0.85379765567335553 -0.05298020837462044 -0.36463955149860416 -0.090619616893783519 0.58755984863373723 0.0048035940869022298 -0.38575602953441118 -0.016883805838140163 -0.21726068145515781 -0.14994340543483814 0.90402124624418001 0.0016735991778539154 0.023539216842308548 -0.029174738713465726 -0.052043148528225627 0.054928277557889656 -0.0056267890329286269 -0.013024698136126009 -0.1351404813654544 0.28766832079582305 0.13177185684111287 -0.40601851382560628 -0.20011527379336244 0.31297232984874546 0.086318035596040371
leaf_weight=389 161 625 223 2781 1060 590 1968 71 429 754 381 128 974 1226 866 121 848 5077 4087 3323 3621 2973 3662 139 56 1198 862 437 72 1354
leaf_count=389 161 625 223 2781 1060 590 1968 71 429 754 381 128 974 1226 866 121 848 5077 4087 3323 3621 2973 3662 139 56 1198 862 437 72 1354
internal_value=-6.5996e-05 -0.000110557 -0.000496936 -0.000324582 0.00148143 0.00335744 -0.000611786 -0.000978108 -0.00212258 0.000829075 -0.00366102 0.00195876 -0.0034625 -0.00216408 -0.00304128 0.000396898 0.00256155 0.000550146 -0.000490134 -0.000372167 0.000131323 -0.00053202 0.000656919 -0.000155979 0.00202055 0.00133126 -0.00579334 -0.00590656 -0.00295455 0.00109163
internal_weight=40456 40295 28554 27080 3715 2626 23365 19230 6656 11741 1474 2036 3612 2321 1089 1095 1908 10987 4712 12574 9251 3044 7283 576 437 6275 1291 898 461 4135
internal_count=40456 40295 28554 27080 3715 2626 23365 19230 6656 11741 1474 2036 3612 2321 1089 1095 1908 10987 4712 12574 9251 3044 7283 576 437 6275 1291 898 461 4135
is_linear=0
shrinkage=0.03


Tree=161
num_leaves=31
num_cat=0
split_feature=9 0 17 7 40 12 6 1 0 8 6 39 6 14 30 40 6 24 7 14 32 30 33 27 41 12 16 7 15 41
split_gain=21.8165 16.8291 24.9825 15.05 12.3642 12.5457 12.184 10.5396 10.8825 10.3 10.2524 8.68674 7.83756 7.69122 7.55783 8.94685 11.1707 7.07559 8.91661 7.31003 8.49736 7.19371 7.0245 6.96872 6.73025 6.88893 6.57774 6.48345 8.9339 6.38296
threshold=644.96000000000015 14.500000000000002 1651.6736050000004 7.8107638888888911 -6.3487499999999946 96.908541666666693 27.638325991189436 1.5000000000000002 6.5000000000000009 324.6062500000001 11.587444933920706 -10.740000000000004 17.914096916299567 53.360000000000007 303.36000000000007 -55.677499999999981 10.483480176211454 55.735000000000007 4.0642361111111134 75.593750000000014 52.060000000000009 2.0100000000000002 40.045000000000009 42925.083333333336 7047.120398769749 57.817291666666669 2610.1158262879258 3.8107638888888897 126.86041666666668 1374.3138850538783
decision_type=10 2 10 2 8 10 2 2 2 2 2 10 2 10 8 8 2 10 2 10 10 10 8 10 10 10 8 2 8 10
left_child=1 2 3 4 5 17 14 8 26 11 22 -9 -11 -6 15 16 -3 19 -19 20 21 -1 -5 -12 25 -20 -7 -15 -29 -4
right_child=-2 6 29 10 13 7 -8 9 -10 12 23 -13 -14 27 -16 -17 -18 18 24 -21 -22 -23 -24 -25 -26 -27 -28 28 -30 -31
leaf_value=-0.19218708944840115 2.3245035363143143 0.29417397188590116 -0.08476997640162949 0.12889151839119947 -0.24567896873910797 -0.10271652319654322 0.13603569209230243 0.11236179277950718 0.65615874104918459 0.050046038784925737 -0.22577167434265966 -0.015387683749973177 -0.4779012944816084 0.021902512495774858 0.37049091694010028 0.0011900340783583374 0.028154195999886424 0.076281395737946414 -0.22213428778755845 0.070925645943744231 -0.11640074497431105 0.029222106351140552 -0.033442681792124097 0.03352058119331431 0.088911759056905515 -0.025436790286291283 0.16116984224400879 -0.0017266316995026897 -0.10512787752418233 -0.029334354863388652
leaf_weight=46 155 339 2693 42 87 75 1039 1800 458 174 790 741 226 2171 827 11112 1684 473 756 1999 354 579 1910 149 170 1233 461 4156 2420 1243
leaf_count=46 155 339 2693 42 87 75 1039 1800 458 174 790 741 226 2171 827 11112 1684 473 756 1999 354 579 1910 149 170 1233 461 4156 2420 1243
internal_value=5.27711e-05 9.3265e-06 -0.000464157 -5.78252e-05 0.000258705 0.00100723 0.000804893 0.00230564 0.00497487 0.00140211 -0.0020695 0.00210661 -0.00306733 -0.000550085 0.00057151 0.000396239 0.00223073 9.62395e-05 -0.00103684 0.00109768 -0.00102551 0.00107827 -0.000829493 -0.00464362 -0.00185417 -0.00234422 0.00206704 -0.000461248 -0.000930515 -0.00265939
internal_weight=40362 40207 25206 21270 18379 9545 15001 3935 994 2941 2891 2541 400 8834 13962 13135 2023 5610 2632 2978 979 625 1952 939 2159 1989 536 8747 6576 3936
internal_count=40362 40207 25206 21270 18379 9545 15001 3935 994 2941 2891 2541 400 8834 13962 13135 2023 5610 2632 2978 979 625 1952 939 2159 1989 536 8747 6576 3936
is_linear=0
shrinkage=0.03


Tree=162
num_leaves=31
num_cat=0
split_feature=9 14 28 5 16 8 0 38 5 5 8 33 28 5 40 4 12 14 14 25 23 13 25 27 41 28 26 9 4 0
split_gain=22.9142 14.7098 16.7392 23.0989 9.88822 10.4715 11.2079 9.52887 11.9936 10.7254 10.0348 10.6402 9.80307 12.5294 13.3632 15.0751 9.34085 17.3686 9.27086 9.1815 9.0933 11.5697 8.67762 9.22107 8.65641 8.47476 8.16718 8.11657 11.9707 11.3194
threshold=644.96000000000015 38.355000000000011 30825.875000000004 49602.687500000007 15061.589159722398 415.70625000000007 13.500000000000002 -2.2400000000000051 51201.000000000007 34554.750000000007 0.26875000000000004 103.50500000000001 47245.571406250012 64356.250000000007 -27.050000000000001 330.50000000000006 86.157447916666669 190.14875000000004 72.915000000000006 83.862239583333348 3.5000000000000004 113.11000000000001 20.943177083333335 29012.854166666672 -84.202514822434736 35091.328906250004 51776.091250000005 175.68000000000004 272.50000000000006 17.500000000000004
decision_type=10 10 10 2 10 2 2 8 2 2 2 10 10 2 10 2 10 10 10 10 2 8 10 8 8 10 10 10 2 2
left_child=1 22 3 27 5 7 -7 9 -9 -4 11 -11 13 14 -10 20 18 19 -14 -18 21 -16 23 -1 -12 -17 -13 -3 29 -29
right_child=-2 2 4 -5 -6 6 -8 8 12 10 24 26 16 -15 15 25 17 -19 -20 -21 -22 -23 -24 -25 -26 -27 -28 28 -30 -31
leaf_value=-0.18447801703218339 2.2438258911776598 0.085552582175235647 -0.05180039830291859 0.44275971816868576 -0.13046729693557566 -0.072633063010749982 -0.0058498999475685622 -0.036107159355434244 0.11714352705089233 -0.027794473140596025 0.0024984476222360283 0.053469789715527939 0.015420697750468263 0.10443295434332299 0.0071062212648342182 0.37476599278761707 0.18799314758555843 -0.10438387495929262 -0.092222960513263383 0.031082331465412238 0.070892317254740933 -0.15027593511097251 -0.26200350737273775 -0.0078575851695620001 0.10295521851345853 -0.22097106709959233 -0.11255930427058829 -0.071869854674743855 -0.54474453071364359 0.28587202287192726
leaf_weight=59 152 1692 956 1140 428 2049 3085 8233 1331 1746 841 3798 275 2139 2006 64 218 784 933 1038 888 663 205 441 2076 519 222 1548 292 625
leaf_count=59 152 1692 956 1140 428 2049 3085 8233 1331 1746 841 3798 275 2139 2006 64 218 784 933 1038 888 663 205 441 2076 519 222 1548 292 625
internal_value=-1.92845e-05 -6.32833e-05 1.32609e-05 0.00158267 -0.000229201 -0.000171859 -0.00141967 5.11642e-05 -0.000337052 0.000820021 0.00115212 0.000426565 0.000317709 0.000906583 0.000145285 -0.000695484 -0.00106187 0.000176384 -0.00315136 0.00236277 3.79427e-05 -0.000837079 -0.00435552 -0.00221557 0.00258568 -0.00516267 0.0012758 0.000544733 -0.000553528 0.000213891
internal_weight=40446 40294 39589 5297 34292 33864 5134 28730 19091 9639 8683 5766 10858 7610 5471 4140 3248 2040 1208 1256 3557 2669 705 500 2917 583 4020 4157 2465 2173
internal_count=40446 40294 39589 5297 34292 33864 5134 28730 19091 9639 8683 5766 10858 7610 5471 4140 3248 2040 1208 1256 3557 2669 705 500 2917 583 4020 4157 2465 2173
is_linear=0
shrinkage=0.03


Tree=163
num_leaves=31
num_cat=0
split_feature=9 28 5 31 38 6 7 7 36 6 34 39 4 41 39 26 5 25 4 11 5 33 38 28 25 28 13 12 13 1
split_gain=18.9843 13.5205 24.101 14.1656 10.9145 12.5273 10.2763 9.78596 10.629 9.38663 9.16167 9.02056 8.49027 8.25108 9.8645 8.03322 7.91203 7.83693 8.91479 7.3443 8.09769 7.18721 7.47241 9.15467 10.239 7.4263 7.36802 12.1597 7.11225 6.95318
threshold=644.96000000000015 30825.875000000004 49400.625000000007 -0.50499999999999989 -2.2400000000000051 6.7528634361233495 10.565972222222223 5.5329861111111134 59.749999999999993 32.257709251101325 67.795000000000016 -76.402499999999989 2.5000000000000004 -6870.8202805429582 -8.4950000000000028 40294.500000000007 34554.750000000007 33.475000000000009 66.500000000000014 240.42500000000004 71712.500000000015 81.02500000000002 8.6462500000000038 34367.756562500006 31.561510416666668 41528.500000000007 76.780000000000015 59.138125000000009 229.99000000000004 2.5000000000000004
decision_type=10 8 2 10 10 2 2 2 8 2 8 10 2 8 10 10 2 10 2 10 2 10 10 10 10 10 10 10 10 2
left_child=1 2 7 -3 10 13 9 8 -1 21 15 -4 -12 -6 -15 -5 -14 18 -18 -16 -21 -7 25 26 -25 28 27 -24 -23 -11
right_child=-2 3 11 4 5 6 -8 -9 -10 29 12 -13 16 14 19 -17 17 -19 -20 20 -22 22 23 24 -26 -27 -28 -29 -30 -31
leaf_value=0.12852798617493222 2.2122131075737412 -0.090160384355949946 1.1513073375999434 0.0010004317134350771 -0.24659662267400201 0.0079779697830605293 -0.19032726082265355 -0.059265430506256676 -0.29911215809775837 0.76335054514289125 -0.59672798172797403 0.30807471316657481 -0.046173464875133984 0.061383187795106049 -0.024281902942746889 -0.10186076975194819 -0.23509180088503029 0.032957349692978678 0.13201828296439017 -0.034321368923843347 0.35331400088440884 -0.027569083306776709 -0.18758842052551084 0.038382962524386458 -0.12681274804827991 0.020900591621108227 -0.12362683183945762 0.25145403342691325 -0.99058415428977242 0.055094452605480342
leaf_weight=1979 151 990 212 1722 51 2148 477 1872 327 75 86 977 746 2530 2512 744 42 6673 1154 385 339 6154 110 529 3962 2514 401 333 57 112
leaf_count=1979 151 990 212 1722 51 2148 477 1872 327 75 86 977 746 2530 2512 744 42 6673 1154 385 339 6154 110 529 3962 2514 401 333 57 112
internal_value=-2.30398e-05 -6.30377e-05 0.00133849 -0.000278934 -0.000175444 -0.000553327 -0.000967226 0.000265614 0.00157347 -0.000840754 0.000592317 0.00510504 0.00104976 0.00064713 0.000754292 -0.00102148 0.0011438 0.00142376 0.00365915 -0.00034291 0.00231724 -0.000918009 -0.00116492 -0.00204929 -0.00258793 -0.000623997 0.000816568 0.00347973 -0.00118078 0.00582447
internal_weight=40364 40213 5367 34846 33856 22689 16872 4178 2306 16395 11167 1189 8701 5817 5766 2466 8615 7869 1196 3236 724 16208 14060 5335 4491 8725 844 443 6211 187
internal_count=40364 40213 5367 34846 33856 22689 16872 4178 2306 16395 11167 1189 8701 5817 5766 2466 8615 7869 1196 3236 724 16208 14060 5335 4491 8725 844 443 6211 187
is_linear=0
shrinkage=0.03


Tree=164
num_leaves=31
num_cat=0
split_feature=10 1 14 9 0 7 40 41 16 0 15 12 41 0 6 28 4 40 15 12 4 15 4 11 14 12 4 15 4 12
split_gain=17.6222 17.0051 12.7844 12.6881 11.8633 11.9484 11.0537 12.4383 9.97467 9.63491 8.97921 10.4889 8.72641 9.80616 8.42587 8.19348 9.80865 7.42185 13.8865 10.6097 12.234 11.2127 14.2652 11.7743 10.7756 9.68011 9.50644 10.5497 9.47341 8.71158
threshold=202.95750000000004 1.5000000000000002 38.355000000000011 644.96000000000015 5.5000000000000009 7.1406250000000027 2.8499999999999974 13654.425545070624 14622.300843884836 20.500000000000004 197.65354166666671 242.03625000000002 -4855.0852778399594 15.500000000000002 32.257709251101325 50268.526093750006 76.500000000000014 -46.034999999999989 210.63687500000006 57.028750000000002 2.5000000000000004 73.383750000000006 349.50000000000006 88.325000000000003 80.010000000000005 152.20729166666669 32.500000000000007 57.482916666666675 320.50000000000006 58.415416666666665
decision_type=10 2 10 10 2 2 8 10 10 2 10 10 8 2 2 10 2 10 10 10 2 8 2 10 10 10 2 8 2 10
left_child=2 4 12 10 -2 9 7 8 14 -6 11 -3 -1 -14 17 16 -10 18 -4 26 -21 24 23 -23 -22 28 27 -19 -25 -26
right_child=1 3 6 -5 5 -7 -8 -9 15 -11 -12 -13 13 -15 -16 -17 -18 19 -20 20 21 22 -24 25 29 -27 -28 -29 -30 -31
leaf_value=0.007416693140300825 -0.040964280009739867 0.073583879339942801 0.01835193297030557 1.8168981511926436 1.0486597688717048 -0.010926765019753901 -0.04096692151609474 0.16047950304385294 -0.41916380338703646 0.068771677642416193 -0.026107299118978061 0.97933971602613157 -0.17809453992697927 -0.027958102259418638 0.23558894067015529 0.11474360414682479 -0.065198863059928266 0.11238741915725181 0.90777341666759137 -0.92299731867323909 0.10318603826973671 -0.04611929612690524 -0.22230610848856255 0.047492011910210435 0.27880642070233597 -0.055661660611197587 -0.042568362924736612 -0.0042611970631941526 -0.073539120925827109 0.014148426903487986
leaf_weight=200 274 978 6206 124 632 220 5313 643 161 161 3267 225 326 181 213 84 250 118 149 49 215 2578 328 4783 202 1881 5211 254 552 4859
leaf_count=200 274 978 6206 124 632 220 5313 643 161 161 3267 225 326 181 213 84 250 118 149 49 215 2578 328 4783 202 1881 5211 254 552 4859
internal_value=-1.14425e-05 0.00150714 -0.000268435 0.000652884 0.00455357 0.0060503 -0.000185463 4.69778e-05 -4.7519e-05 0.00776448 0.000389175 0.00260382 -0.00425847 -0.00634843 2.82619e-05 -0.00426411 -0.00600728 -1.80749e-05 0.000880271 -0.000289573 0.000115549 0.000163647 -0.000420824 -0.000214395 0.00128482 0.000407371 -0.00141028 0.00321716 0.00105978 0.00100454
internal_weight=40637 5881 34756 4594 1287 1013 34049 28736 28093 793 4470 1203 707 507 27598 495 411 27385 6355 21030 15447 15398 10122 9794 5276 7216 5583 372 5335 5061
internal_count=40637 5881 34756 4594 1287 1013 34049 28736 28093 793 4470 1203 707 507 27598 495 411 27385 6355 21030 15447 15398 10122 9794 5276 7216 5583 372 5335 5061
is_linear=0
shrinkage=0.03


Tree=165
num_leaves=31
num_cat=0
split_feature=34 7 6 28 5 37 41 1 15 8 28 14 23 4 39 25 14 4 14 4 5 6 27 14 41 25 15 0 8 16
split_gain=17.1768 13.7041 17.839 15.106 12.6592 12.3324 10.9985 10.5393 10.0547 9.55314 9.78487 9.40008 9.25936 9.19092 8.52101 11.0634 8.39237 8.0174 7.84349 7.80891 11.9799 9.77756 9.62462 12.6625 8.08232 9.99045 9.63865 7.77207 7.66784 7.40381
threshold=602.10500000000013 5.5329861111111134 9.7345814977973593 30825.875000000004 43800.312500000007 29.164999999999988 -4855.0852778399594 1.0000000180025095e-35 24.694791666666671 615.43750000000011 41302.407500000008 58.040000000000013 4.5000000000000009 357.50000000000006 -13.067499999999987 59.960364583333337 100.25500000000001 4.5000000000000009 106.37500000000001 122.50000000000001 71312.500000000015 17.468502202643176 51591.606302083346 99.290000000000006 1641.0353057553987 50.554270833333341 34.287708333333342 16.500000000000004 253.75625000000002 469.60571580382424
decision_type=10 2 2 10 2 8 8 2 10 2 10 10 2 2 8 10 10 2 10 2 2 2 10 10 8 8 10 2 2 10
left_child=1 3 6 4 5 -1 18 -6 -8 19 12 -10 -11 27 17 -16 -12 -13 -3 21 22 24 -21 -24 29 26 -26 -4 -9 -5
right_child=-2 2 13 9 7 -7 8 28 11 10 16 14 -14 -15 15 -17 -18 -19 -20 20 -22 -23 23 -25 25 -27 -28 -29 -30 -31
leaf_value=0.084844740445777236 2.2324842209227778 0.011811764933223693 -0.058901132691678106 0.21237422846454576 0.49961864931323358 -0.3965807869635688 0.15994259585051396 0.3262701834065535 -0.10052151808189982 -0.032935025345182584 -0.089316325311948455 -0.42876957724693454 -0.27623257941086821 -0.34972166982159725 0.034000568122585971 -0.047935431876879875 0.071936584758933553 0.06839061202647656 -0.35824452240085897 0.02027583809520081 0.7292563897057962 -0.16395228350971089 0.17419856833553765 -0.13262301277991981 -0.056902877467465626 -0.010968667245024051 0.13536828303677317 -0.0057905596211988092 0.095226464450827414 -0.14767797126109677
leaf_weight=1109 152 180 7574 71 343 305 337 509 221 840 68 85 329 227 630 2239 229 3079 247 10859 208 191 58 264 149 3974 375 4526 710 483
leaf_count=1109 152 180 7574 71 343 305 337 509 221 840 68 85 329 227 630 2239 229 3079 247 10859 208 191 58 264 149 3974 375 4526 710 483
internal_value=-3.29045e-05 -7.08808e-05 -0.000647421 0.000458363 0.0024387 0.000381625 0.000559909 0.00429942 0.000862409 0.000132604 -0.00218814 0.000589928 -0.00342308 -0.00133477 0.000812894 -0.00037108 0.00266779 0.00188626 -0.00410047 0.000337281 0.000778314 -0.000620709 0.000645233 -0.0044582 -0.000368098 5.33452e-05 0.00394286 -0.00122221 0.0029877 -0.00378378
internal_weight=40571 40419 19345 21074 2976 1414 7018 1562 6591 18098 1466 6254 1169 12327 6033 2869 297 3164 427 16632 11389 5243 11181 322 5052 4498 524 12100 1219 554
internal_count=40571 40419 19345 21074 2976 1414 7018 1562 6591 18098 1466 6254 1169 12327 6033 2869 297 3164 427 16632 11389 5243 11181 322 5052 4498 524 12100 1219 554
is_linear=0
shrinkage=0.03


Tree=166
num_leaves=31
num_cat=0
split_feature=31 6 17 0 7 5 11 7 22 25 16 31 25 14 15 34 30 4 25 15 15 15 26 0 12 25 15 12 15 15
split_gain=20.1037 15.4079 12.7903 15.7077 12.7075 17.4853 12.8654 12.5153 12.698 12.6306 8.41895 7.79477 7.5795 7.54311 7.39081 14.2351 13.6288 8.78184 10.1216 9.06464 7.03947 15.109 8.12069 7.23398 7.08672 6.97272 6.89017 7.4808 7.27716 6.87926
threshold=579.7600000000001 27.638325991189436 718.52098500000022 13.500000000000002 5.5329861111111134 55156.250000000007 331.02500000000003 8.6788194444444482 1.0000000180025095e-35 28.813854166666669 18380.090933987445 176.84500000000003 42.728750000000012 117.00500000000001 71.413958333333355 106.23500000000001 99.412500000000009 32.500000000000007 57.871250000000003 54.161250000000003 144.3897916666667 113.92666666666668 42818.495000000003 2.5000000000000004 57.028750000000002 373.12250000000006 48.726458333333333 64.113541666666677 63.57833333333334 46.85958333333334
decision_type=10 2 10 2 2 2 10 2 2 10 8 10 8 10 10 10 10 2 10 10 10 10 10 2 10 10 10 10 10 10
left_child=1 2 4 -4 6 7 12 8 20 -9 11 -5 13 -1 17 -16 -17 18 -7 29 21 23 -23 24 -6 -3 -20 -28 -29 -19
right_child=-2 25 3 10 5 14 -8 9 -10 -11 -12 -13 -14 -15 15 16 -18 19 26 -21 -22 22 -24 -25 -26 -27 27 28 -30 -31
leaf_value=0.032943324595769 1.9065208942543994 0.063112176517203314 -0.075839527967446543 0.015441543242129674 -0.017469086203440228 0.12173204376138624 0.45805364160541667 0.074269663094757049 -0.40273095865135339 -0.24023390864085611 -0.15017669033390607 -0.19062626672400157 0.0058391925567467234 0.23778646419606625 -0.10004288651488238 0.157293572738335 0.00035818668226212936 0.026193398255497404 0.12379296139835901 0.064762287099491833 -0.10385475720500154 0.15807676250138547 -0.14923753685508054 -0.032577548938144074 0.082692354978149682 1.3395035580128523 0.14230568692612464 -0.16614623614474011 0.048331890952166494 -0.095393875455020871
leaf_weight=1440 147 1308 3504 3071 637 280 1011 255 220 1292 188 212 13046 406 567 551 2666 406 83 611 2127 728 68 4644 562 103 62 66 44 234
leaf_count=1440 147 1308 3504 3071 637 280 1011 255 220 1292 188 212 13046 406 567 551 2666 406 83 611 2127 728 68 4644 562 103 62 66 44 234
internal_value=1.07301e-05 -2.97081e-05 -0.000141219 -0.00130519 0.000112475 -0.000481557 0.000713971 -0.0012004 -0.000771114 -0.00369186 0.000125288 0.000479598 0.000491506 0.0022902 0.00087776 0.000126816 0.000899627 0.00246782 0.00568097 0.00109026 -0.000591993 -0.000110693 0.00376412 -0.000639117 0.0014375 0.00304887 0.00134766 -0.00208092 -0.00675676 -0.00140406
internal_weight=40539 40392 38981 6975 32006 16103 15903 10533 8986 1547 3471 3283 14892 1846 5570 3784 3217 1786 535 1251 8766 6639 796 5843 1199 1411 255 172 110 640
internal_count=40539 40392 38981 6975 32006 16103 15903 10533 8986 1547 3471 3283 14892 1846 5570 3784 3217 1786 535 1251 8766 6639 796 5843 1199 1411 255 172 110 640
is_linear=0
shrinkage=0.03


Tree=167
num_leaves=31
num_cat=0
split_feature=30 12 25 1 0 14 0 4 21 1 16 4 0 0 1 0 4 41 41 32 2 1 40 4 4 28 1 4 16 24
split_gain=18.7383 12.7145 13.6121 11.8721 29.7586 20.2803 15.7979 13.1852 13.1355 13.5354 21.9702 12.6661 11.4319 15.7318 14.1501 17.4302 16.8632 13.8423 10.5585 9.95337 9.65149 9.40658 9.13247 8.7138 8.65355 9.70149 8.55465 8.34799 8.01555 7.99561
threshold=575.09500000000014 20.943177083333335 44.237916666666671 1.0000000180025095e-35 4.5000000000000009 103.04000000000001 20.500000000000004 350.50000000000006 1.0000000180025095e-35 1.5000000000000002 7904.6729567890097 2.5000000000000004 2.5000000000000004 15.500000000000002 4.5000000000000009 5.5000000000000009 114.50000000000001 -8071.0418105286653 10921.775007773575 15.1225 6.5000000000000009 4.5000000000000009 -40.377499999999991 361.50000000000006 312.50000000000006 49398.250000000007 5.5000000000000009 322.50000000000006 2773.4400715901447 -1.0000000180025095e-35
decision_type=10 10 8 2 2 10 2 2 2 2 8 2 2 2 2 2 2 8 10 10 2 2 10 2 2 10 2 2 10 10
left_child=1 2 -1 4 27 -6 7 22 11 -10 20 -5 21 14 23 -16 -17 19 -4 -18 -11 -13 -7 24 28 -26 -15 -3 -14 -30
right_child=-2 3 18 8 5 6 -8 -9 9 10 -12 12 13 26 15 16 17 -19 -20 -21 -22 -23 -24 -25 25 -27 -28 -29 29 -31
leaf_value=-0.015466515850819935 1.888494428883656 -0.053226205790306194 -0.20239935734533721 -0.73621123467206595 -0.0092010452813853939 0.82606805832064778 -0.058836955122698952 -0.38384578737147607 0.27687570629579683 0.016882601823656834 -0.13332298331931711 0.0062053072672210163 -0.0041845744274947097 0.0036301491430660551 0.026081682815475984 -0.010457909101670104 0.045744935231566003 -0.24017585100856861 0.35697310867162924 -0.073479962071721486 0.39718846965874244 0.096687876262527367 0.23639537188739268 -0.26424104203360432 0.11266209627718594 -0.099022701281205688 0.08572479182356843 -0.38311150928139509 0.037825573191951067 -0.099291653154455511
leaf_weight=2268 153 862 617 57 1230 382 401 96 273 111 363 2674 8161 8831 1315 1444 237 2352 45 324 130 1306 1659 136 1129 232 1711 115 81 1720
leaf_count=2268 153 862 617 57 1230 382 401 96 273 111 363 2674 8161 8831 1315 1444 237 2352 45 324 130 1306 1659 136 1129 232 1711 115 81 1720
internal_value=-2.26395e-05 -6.25885e-05 -0.0019652 8.67865e-05 0.00148862 0.00269833 0.00423001 0.00525491 -0.000117374 0.00350228 0.000991736 -0.00021759 -0.000191919 -0.000408145 -0.000969239 -0.00219461 -0.00310808 -0.00442176 -0.00574661 -0.000186833 0.00799587 0.00131123 0.00576641 -0.000362565 -0.000271547 0.00197137 0.000503652 -0.00317485 -0.000578139 -0.00238901
internal_weight=40415 40262 2930 37332 4745 3768 2538 2137 32587 877 604 31710 31653 27673 17131 5672 4357 2913 662 561 241 3980 2041 11459 11323 1361 10542 977 9962 1801
internal_count=40415 40262 2930 37332 4745 3768 2538 2137 32587 877 604 31710 31653 27673 17131 5672 4357 2913 662 561 241 3980 2041 11459 11323 1361 10542 977 9962 1801
is_linear=0
shrinkage=0.03


Tree=168
num_leaves=31
num_cat=0
split_feature=27 6 32 7 39 27 6 4 8 18 41 7 37 34 5 38 31 17 25 8 4 41 4 23 39 5 27 39 7 27
split_gain=18.3168 12.4601 13.8595 12.5125 12.4829 12.5783 11.9811 11.4358 9.93401 10.1633 9.70281 8.48697 8.45787 10.3772 8.25259 13.7207 11.1852 10.676 12.164 9.57295 12.4406 9.10243 8.95651 8.88494 8.26858 13.4097 9.21664 8.9602 8.62766 8.04379
threshold=25142.895833333336 5.5458149779735697 228.62500000000003 4.4357638888888902 -15.068749999999996 44079.973593750001 22.935462555066085 350.50000000000006 225.18125000000003 1.0000000180025095e-35 12962.279504628672 11.411458333333337 -12.998749999999999 114.90500000000002 37403.812500000007 -5.4874999999999927 -4.4749999999999988 7567.3692400000009 60.673541666666672 375.26875000000007 52.500000000000007 -14628.962492295686 16.500000000000004 1.5000000000000002 -13.609999999999991 51689.000000000007 40189.291666666672 -45.609999999999999 8.2864583333333375 32222.833333333339
decision_type=8 2 10 2 8 10 2 2 2 2 10 2 10 10 2 8 10 8 10 2 2 10 2 2 8 2 10 10 2 10
left_child=6 2 4 8 5 -2 -1 10 -3 -10 11 14 -9 -14 21 16 -16 22 23 20 -20 -5 -17 -19 25 26 -22 28 -27 -24
right_child=1 3 -4 7 -6 -7 -8 12 9 -11 -12 -13 13 -15 15 17 -18 18 19 -21 24 -23 29 -25 -26 27 -28 -29 -30 -31
leaf_value=0.17833962405639253 0.28087751928533788 0.038549072586652709 0.3611746004503017 -0.13482976333910443 -0.0084424980711193236 0.037420757508351839 1.271645569661781 0.013082836829915959 0.010956560004760689 -0.079532370763221671 0.26171501233192784 -0.18694053485971263 -0.39197841967707231 -0.16186830047099937 -0.15930433549767678 0.170185020653702 0.039840761971606749 -0.0062242463259185761 -0.12641676515462003 -0.091658710276883534 0.024282893058332033 -0.0045564044451779397 -0.25671340922989533 0.048349464051080968 -0.035062499176002147 0.60870754831566276 -0.26195619638440809 0.066883234228802518 -0.14470805630271541 -0.065122308592573716
leaf_weight=634 418 5299 512 1437 3118 1310 391 218 2989 1341 192 378 288 314 191 118 4910 1275 814 1819 1843 1182 205 1408 2545 219 179 598 61 4266
leaf_count=634 418 5299 512 1437 3118 1310 391 218 2989 1341 192 378 288 314 191 118 4910 1275 814 1819 1843 1182 205 1408 2545 219 179 598 61 4266
internal_value=-8.30183e-05 -0.000185941 0.0011588 -0.000397331 0.000662265 0.00270677 0.00387427 -0.000757941 0.000518692 -0.000547218 -0.000637029 -0.00069214 -0.00423873 -0.00606965 -0.000618959 -0.000415852 0.000931987 -0.000863787 -0.000347054 -0.000928333 -0.000371406 -0.0022042 -0.00207516 0.00140276 0.000145979 0.00124095 -0.000103806 0.00433447 0.00875445 -0.00229092
internal_weight=40472 39447 5358 34089 4846 1728 1025 24460 9629 4330 23640 23448 820 602 23070 20451 5101 15350 10761 8078 6259 2619 4589 2683 5445 2900 2022 878 280 4471
internal_count=40472 39447 5358 34089 4846 1728 1025 24460 9629 4330 23640 23448 820 602 23070 20451 5101 15350 10761 8078 6259 2619 4589 2683 5445 2900 2022 878 280 4471
is_linear=0
shrinkage=0.03


Tree=169
num_leaves=31
num_cat=0
split_feature=9 29 7 6 8 7 40 12 13 22 39 12 1 30 1 27 8 28 0 33 39 15 28 23 28 13 0 12 11 29
split_gain=16.9376 12.2107 11.6295 10.1264 12.9206 12.1407 11.0547 15.4006 14.1214 9.5373 9.98238 9.44278 8.49572 8.05152 7.67739 10.1879 9.14709 7.66633 7.57738 7.488 8.07761 8.71716 6.91293 6.77398 6.67439 12.8589 6.46978 6.51601 6.76832 6.38176
threshold=644.96000000000015 -8.6387499999999982 11.411458333333337 27.638325991189436 222.46875000000003 4.0225694444444455 -3.9299999999999957 85.504791666666677 37.070000000000007 1.0000000180025095e-35 -61.574999999999989 88.058072916666674 2.5000000000000004 120.34375000000001 1.0000000180025095e-35 27049.395833333336 718.48750000000007 53368.219218750011 6.5000000000000009 58.780000000000008 -94.424999999999983 159.1452604166667 40470.636718750007 6.5000000000000009 30825.875000000004 30.360000000000003 11.500000000000002 81.633958333333354 11.380000000000001 22.757500000000004
decision_type=10 10 2 2 2 2 10 10 10 2 10 10 2 10 2 10 2 10 2 10 10 10 10 2 10 10 2 10 10 10
left_child=1 23 3 4 5 -3 7 17 11 10 -10 -9 -5 -12 15 -6 26 19 -15 -7 21 -21 -18 -1 -14 -26 -16 -28 -29 -30
right_child=-2 2 -4 12 14 6 -8 8 9 -11 13 -13 24 18 16 -17 22 -19 -20 20 -22 -23 -24 -25 25 -27 27 28 29 -31
leaf_value=-0.056881116648629514 1.8723654163990737 0.046742290788264994 -0.19455364594101648 0.21273161484677813 0.92318977844678096 0.037727625301073604 -0.018971770646793402 -0.069534031693737716 0.32883481749819765 -0.38231345202866152 0.061058395640363722 0.33833297625350245 0.47825309932581433 -0.091284712702640575 -0.080637633284296711 0.0018057848201825566 -0.22110175798982934 0.16505215908440221 0.046987687847990282 0.064819781394270221 -0.034841652363711721 -0.42173633046295178 0.033189098055498682 -0.38184292521927721 0.056512811902776156 -0.22344833439615669 0.0074969591709505212 -0.37526473208372019 -0.47884621330484872 -0.036735201245275559
leaf_weight=429 151 4460 400 581 152 392 8771 119 766 152 1937 598 118 995 1908 1180 402 135 1926 1520 6226 99 66 132 392 257 3058 246 66 2881
leaf_count=429 151 4460 400 581 152 392 8771 119 766 152 1937 598 118 995 1908 1180 402 135 1926 1520 6226 99 66 132 392 257 3058 246 66 2881
internal_value=-2.85073e-05 -6.61464e-05 -4.14531e-06 4.7584e-05 -4.2963e-05 0.000286152 1.52304e-05 0.000513588 0.00160995 0.0011165 0.00131733 0.00557799 0.00260193 0.000814983 -0.000971386 0.00114779 -0.00129868 -0.000336797 -0.000179671 -0.000453387 -0.000655748 0.00123148 -0.00537313 -0.0044573 0.000527344 -0.000669231 -0.00106434 -0.000597409 -0.00154508 -0.00114484
internal_weight=40515 40364 39803 39403 38055 28096 23636 14865 6493 5776 5624 717 1348 4858 9959 1332 8627 8372 2921 8237 7845 1619 468 561 767 649 8159 6251 3193 2947
internal_count=40515 40364 39803 39403 38055 28096 23636 14865 6493 5776 5624 717 1348 4858 9959 1332 8627 8372 2921 8237 7845 1619 468 561 767 649 8159 6251 3193 2947
is_linear=0
shrinkage=0.03


Tree=170
num_leaves=31
num_cat=0
split_feature=9 28 5 29 37 25 15 27 7 4 24 5 40 28 7 32 5 15 4 40 4 1 32 39 30 34 16 27 17 4
split_gain=17.4575 11.3175 24.3357 11.688 10.3439 10.3411 12.0182 10.6381 10.1074 9.52526 9.42919 9.13817 14.2756 19.7633 13.4591 11.9553 10.8468 12.8159 9.05309 9.28959 10.0388 9.10477 9.0372 8.95921 8.78436 8.25803 7.9579 7.77285 7.54265 12.9499
threshold=644.96000000000015 30825.875000000004 48802.812500000007 -8.6387499999999982 61.025000000000013 46.534583333333345 105.28270833333335 30960.169791666671 3.8559027777777781 42.500000000000007 14.475000000000003 55156.250000000007 -3.3362500000000064 39371.763750000006 7.6927083333333348 290.38000000000005 73551.500000000015 72.386250000000004 359.50000000000006 -73.857499999999987 348.50000000000006 1.0000000180025095e-35 145.06500000000003 -13.609999999999991 174.89500000000001 100.83500000000002 12073.364221112093 41884.911197916677 15038.022070000001 170.50000000000003
decision_type=10 8 2 8 8 10 10 8 2 2 10 2 10 10 2 10 2 8 2 8 2 2 10 10 10 10 8 10 8 2
left_child=1 2 4 -3 -1 6 7 -5 -7 10 -9 14 13 23 -10 -14 17 27 19 -11 21 -21 24 25 -19 -13 -8 -15 29 -23
right_child=-2 3 -4 5 -6 8 26 9 11 18 -12 12 15 16 -16 -17 -18 22 -20 20 -22 28 -24 -25 -26 -27 -28 -29 -30 -31
leaf_value=0.029418753655503734 1.7638841879744973 -0.14963872688675117 0.35599031577457052 -0.12502723628262372 -0.28382529711121263 0.017754190042818578 -0.0012271951515604228 0.0058748212985446453 -0.024904995892329751 0.038176583330512777 0.30037943391689886 -0.048760359638332675 -0.053469254762289427 -0.12442152074783962 -0.17785191359948349 0.44421686251211212 0.18014745205992141 -0.033263985163310965 0.19169430218857836 0.10959004642759293 -0.36826367601756121 -0.062814975509647292 0.077542810866414416 0.027166035425149459 -0.39217752001036843 0.56486479332981887 -0.5427539925659991 0.0794115671972936 0.036988754432395334 0.032922447464191151
leaf_weight=3459 158 441 1331 190 547 4817 91 154 11400 1456 190 60 2898 87 1983 175 299 2548 149 545 95 1972 975 200 146 324 104 902 1038 1835
leaf_count=3459 158 441 1331 190 547 4817 91 154 11400 1456 190 60 2898 87 1983 175 299 2548 149 545 95 1972 975 200 146 324 104 902 1038 1835
internal_value=-0.00010981 -0.000148842 0.00113807 -0.00034469 -2.99476e-05 -0.000282815 0.00067711 0.000865574 -0.000562745 0.00104506 0.00591304 -0.000835303 -7.31283e-05 0.000836341 -0.00132584 -0.00171275 0.000220855 -0.000135222 0.000808067 0.000650389 8.47612e-05 0.000255982 -0.000952316 0.00605128 -0.00184787 0.00872727 -0.00665816 0.00289394 -0.000157862 -0.000775998
internal_weight=40569 40411 5337 35074 4006 34633 7819 7624 26814 7434 344 21997 8614 5541 13383 3073 4957 4658 7090 6941 5485 5390 3669 584 2694 384 195 989 4845 3807
internal_count=40569 40411 5337 35074 4006 34633 7819 7624 26814 7434 344 21997 8614 5541 13383 3073 4957 4658 7090 6941 5485 5390 3669 584 2694 384 195 989 4845 3807
is_linear=0
shrinkage=0.03


Tree=171
num_leaves=31
num_cat=0
split_feature=30 30 28 5 37 38 5 27 40 15 25 5 4 15 16 25 14 31 5 40 31 15 15 27 18 15 14 7 27 27
split_gain=16.7635 11.6907 9.68388 16.0906 9.16325 8.97312 12.2221 17.9559 12.339 11.7656 10.5897 10.1736 9.30778 11.4047 14.4447 23.8614 9.68189 9.25457 9.5557 9.02017 8.65751 10.9102 7.80895 7.7369 10.0042 8.0416 7.47642 7.3972 7.29042 7.8963
threshold=575.09500000000014 -0.074999999999999997 28188.687500000004 47202.125000000007 68.600000000000037 -2.2400000000000051 55156.250000000007 44946.850520833337 -12.809999999999997 141.38572916666669 282.46229166666677 69356.250000000015 34.500000000000007 57.817291666666669 14622.300843884836 126.10145833333334 101.15500000000002 52.005000000000003 34554.750000000007 -31.529999999999994 228.42500000000004 141.38572916666669 139.77625000000003 36934.853928894932 1.0000000180025095e-35 18.972500000000004 93.75500000000001 2.9270833333333339 47227.250000000007 44581.625000000007
decision_type=10 10 10 2 10 10 2 10 10 10 10 2 2 8 8 10 10 10 2 10 10 10 10 10 2 8 10 2 10 10
left_child=1 -1 3 4 -3 17 9 8 10 22 -8 -12 13 -9 15 -15 -14 23 26 -20 21 -10 28 24 -4 -25 -19 -16 29 -7
right_child=-2 2 5 -5 -6 6 7 12 20 -11 11 -13 16 14 27 -17 -18 18 19 -21 -22 -23 -24 25 -26 -27 -28 -29 -30 -31
leaf_value=-0.066959151644062909 1.7632779282678666 0.078465761371545359 0.1219884790309247 0.42664050715428142 -0.45362139397851081 -0.018592118070019006 0.19420927143603711 0.085974589396415627 0.02333422816512442 -0.12478453471800492 -0.43086105165720512 0.84766389604905668 0.028433527365302993 0.14053258093777243 0.09817291375618338 -0.20242177490685434 -0.10048799712336759 -0.11666618098500774 0.099959087433889773 0.017656515957211381 0.24920395464741715 -0.09558059849266172 0.56279955926406788 0.068879000303726887 -0.15301416559698836 -0.068061623556557718 -0.001977593437104126 -0.078994778776268648 -0.10349688553831492 0.062837239675943693
leaf_weight=1217 159 2016 535 1041 373 11353 1404 365 1680 2299 202 75 506 523 99 218 1522 289 2564 6061 800 1022 40 110 129 1231 625 1009 386 718
leaf_count=1217 159 2016 535 1041 373 11353 1404 365 1680 2299 202 75 506 523 99 218 1522 289 2564 6061 800 1022 40 110 129 1231 625 1009 386 718
internal_value=-3.51227e-05 -7.34912e-05 1.64558e-05 0.00153891 0.000182008 -0.000129592 -0.000457642 0.000386696 0.00157118 -0.000995472 0.00368312 -0.00167266 -0.00106057 0.000284424 -0.000672973 0.00256739 -0.00252834 0.000558683 0.000948113 0.00125725 0.000556666 -0.000255272 -0.000632501 -0.00129362 0.00135338 -0.00260432 -0.00196721 -0.0028404 -0.00067547 -0.000545477
internal_weight=40571 40412 39195 3430 2389 35765 24221 9425 5183 14796 1681 277 4242 2214 1849 741 2028 11544 9539 8625 3502 2702 12497 2005 664 1341 914 1108 12457 12071
internal_count=40571 40412 39195 3430 2389 35765 24221 9425 5183 14796 1681 277 4242 2214 1849 741 2028 11544 9539 8625 3502 2702 12497 2005 664 1341 914 1108 12457 12071
is_linear=0
shrinkage=0.03


Tree=172
num_leaves=31
num_cat=0
split_feature=11 1 14 21 13 4 14 26 7 2 2 4 28 1 0 0 14 4 25 14 2 15 14 14 0 0 23 0 4 4
split_gain=16.1303 11.8875 10.2332 10.1218 12.9283 11.729 10.3402 10.8108 8.90335 8.86201 8.53372 10.9723 8.34249 8.30823 26.0359 21.854 12.8975 12.1839 9.07707 13.1922 10.3309 8.3081 9.91253 8.28408 8.24584 14.0717 12.5789 20.9232 11.3304 9.13835
threshold=353.44500000000005 3.5000000000000004 38.355000000000011 1.0000000180025095e-35 123.85125000000001 2.5000000000000004 172.18000000000004 37792.500000000007 5.4670138888888902 5.5000000000000009 8.5000000000000018 223.50000000000003 38759.939375000009 1.0000000180025095e-35 5.5000000000000009 9.5000000000000018 196.57500000000002 257.50000000000006 87.313541666666666 103.04000000000001 9.5000000000000018 69.983750000000015 63.755000000000003 528.94500000000005 2.5000000000000004 14.500000000000002 4.5000000000000009 6.5000000000000009 114.50000000000001 362.50000000000006
decision_type=10 2 10 2 10 2 10 10 2 2 2 2 10 2 2 2 10 2 10 10 2 8 10 8 2 2 2 2 2 2
left_child=2 8 12 5 6 -4 7 9 -2 -5 11 -3 -1 14 17 -16 18 21 19 20 -17 22 -7 -12 -15 26 29 -28 -29 -26
right_child=1 10 3 4 -6 13 -8 -9 -10 -11 23 -13 -14 24 15 16 -18 -19 -20 -21 -22 -23 -24 -25 25 -27 27 28 -30 -31
leaf_value=-0.099024821817633904 0.74405842876268646 -0.31947875466608477 -0.82675526277804212 0.040783285734506063 -0.2330580265441887 -0.073334762136825021 0.47598879058352528 0.17045118340581075 0.10463696778127086 -0.24616516106696212 0.024897288930220609 1.8407710457553026 0.17183127060255962 0.022746330498025172 0.2658764934906806 -0.030464722570489045 0.41601563166363603 -0.2568269773240931 -0.050053047153147553 0.23674932925074754 0.24605825092673517 -0.083426632438367537 0.10215212781309546 -1.5639642890921723 -0.010160121051922032 0.0078549141170093408 0.0088106373605087995 -0.026265395476607906 -0.17910952578350672 -0.1947164465693714
leaf_weight=629 746 163 60 342 89 115 132 388 531 178 139 116 77 4023 825 934 501 367 970 451 142 591 300 128 10506 11728 1729 1189 2346 78
leaf_count=629 746 163 60 342 89 115 132 388 531 178 139 116 77 4023 825 934 501 367 970 451 142 591 300 128 10506 11728 1729 1189 2346 78
internal_value=1.44395e-05 0.00277138 -0.000115531 -4.89667e-05 0.00274779 -0.000134713 0.00368876 0.00254125 0.00435446 -0.000287908 -0.000932358 0.00273214 -0.00369165 -0.00011292 0.000998653 0.00227118 0.00108036 -0.00254367 0.000198159 0.0016394 -0.000167131 -0.000834161 0.00241587 -0.00475746 -0.000295728 -0.000480835 -0.00106379 -0.00226211 -0.00358456 -0.000467643
internal_weight=40513 1823 38690 37984 1129 36855 1040 908 1277 520 546 279 706 36795 5196 3823 2998 1373 2497 1527 1076 1006 415 267 31599 27576 15848 5264 3535 10584
internal_count=40513 1823 38690 37984 1129 36855 1040 908 1277 520 546 279 706 36795 5196 3823 2998 1373 2497 1527 1076 1006 415 267 31599 27576 15848 5264 3535 10584
is_linear=0
shrinkage=0.03


Tree=173
num_leaves=31
num_cat=0
split_feature=11 0 1 8 14 41 7 5 41 13 16 6 40 25 14 28 12 32 5 25 27 13 11 25 12 17 18 32 14 14
split_gain=16.397 13.4832 13.0077 12.1032 11.0372 10.3001 10.132 11.5164 11.0804 11.6582 10.4887 17.9454 13.5023 10.9659 10.5439 11.1613 14.0841 12.0159 11.6853 10.0808 9.58125 9.30794 11.5999 9.95883 10.4359 10.2148 9.23173 9.19837 8.57962 8.35799
threshold=331.02500000000003 5.5000000000000009 1.5000000000000002 718.48750000000007 735.36000000000001 13259.921016334762 8.2309027777777803 56255.875000000007 -4341.254489752514 13.638750000000002 3022.8214322106674 22.353964757709253 -13.106249999999994 80.179375000000022 38.355000000000011 39046.516718750012 98.345156250000016 12.782500000000001 47202.125000000007 107.51770833333335 35711.916666666672 240.94000000000003 126.35125000000001 49.406666666666673 49.953125000000007 11924.906590000002 1.0000000180025095e-35 315.84500000000008 294.89000000000004 93.75500000000001
decision_type=10 2 2 2 10 10 2 2 8 10 10 2 8 10 8 10 10 8 2 10 10 10 10 10 10 8 2 10 10 10
left_child=3 -2 28 5 -4 6 10 8 9 -8 12 20 21 14 -14 18 17 -17 -16 -7 -12 22 23 25 -25 -1 -5 29 -3 -15
right_child=1 2 4 26 -6 19 7 -9 -10 -11 11 -13 13 27 15 16 -18 -19 -20 -21 -22 -23 -24 24 -26 -27 -28 -29 -30 -31
leaf_value=0.037194304599534676 -0.23739554513920894 -0.12557523154744557 0.050118229987012909 -0.025700110237816109 1.5259495695486895 0.27408593683977867 0.048925799248601659 0.012554314774957902 -0.16172542233215026 -0.17097121081299094 -0.13001428015279301 0.10961592403197108 -0.21065345861968765 -0.18246831148064357 0.023117319238012895 0.054203547380089777 0.17199479745566398 -0.023534948698653933 0.086078021771306509 0.003652012468380832 -0.028262857360352597 -0.38377962503054192 0.19140553620075848 -0.17808495537207769 0.020914339058932425 0.1364145771621918 -0.38056168664750761 0.62101976663944036 0.93563998987623898 -0.021124652336090947
leaf_weight=1919 309 89 1114 624 132 359 479 1658 1965 183 759 702 102 171 2158 438 254 2877 913 465 4931 254 2051 592 3458 447 360 102 523 10128
leaf_count=1919 309 89 1114 624 132 359 479 1658 1965 183 759 702 102 171 2158 438 254 2877 913 465 4931 254 2051 592 3458 447 360 102 523 10128
internal_value=1.48086e-05 0.00255304 0.00351802 -0.000128683 0.00175621 -4.21506e-05 -0.000116989 -0.0014874 -0.0027226 0.000633484 6.51021e-05 -0.00102299 0.000334042 -0.000154865 0.000787483 0.0009351 -0.000205882 -0.000728287 0.00226074 0.00327273 -0.00158144 0.001295 0.00146493 0.00083684 -6.66502e-05 0.00238276 -0.00341117 -0.000765718 0.00709625 -0.000854854
internal_weight=40516 2167 1858 38349 1246 37365 36541 4285 2627 662 32256 6392 25864 17143 6742 6640 3569 3315 3071 824 5690 8721 8467 6416 4050 2366 984 10401 612 10299
internal_count=40516 2167 1858 38349 1246 37365 36541 4285 2627 662 32256 6392 25864 17143 6742 6640 3569 3315 3071 824 5690 8721 8467 6416 4050 2366 984 10401 612 10299
is_linear=0
shrinkage=0.03


Tree=174
num_leaves=31
num_cat=0
split_feature=29 6 8 7 5 6 16 40 4 5 14 25 28 23 28 14 13 25 13 18 15 27 14 25 4 5 5 27 28 16
split_gain=14.8187 11.9713 12.3243 13.6745 16.0355 12.5278 10.9077 17.4283 11.5949 10.789 10.6823 10.4426 10.0562 9.22317 10.2444 8.34366 7.57221 7.49824 12.4329 7.49011 8.11265 7.35346 7.56469 7.02343 7.01436 10.3107 8.05626 8.47747 7.18731 6.87001
threshold=584.65375000000006 32.257709251101325 511.2000000000001 7.4739583333333348 41305.187500000007 23.076431718061677 3394.0199921225399 -13.766249999999998 346.50000000000006 64356.250000000007 181.84500000000003 458.07729166666678 25782.687500000004 4.5000000000000009 40216.750000000007 38.355000000000011 39.305000000000007 41.885000000000005 49.975000000000009 1.0000000180025095e-35 27.88651041666667 35711.916666666672 190.14875000000004 143.46244791666669 50.500000000000007 75364.500000000015 66462.500000000015 43327.551093750008 41638.429375000007 603.79797437533091
decision_type=10 2 2 2 2 2 10 8 2 2 10 10 10 2 10 8 10 10 10 2 10 10 10 10 2 2 2 10 10 10
left_child=1 2 3 5 -5 6 7 8 10 -6 23 29 -7 -4 -15 -9 -14 18 19 20 -17 -8 -23 -1 25 -19 -26 28 -28 -12
right_child=-2 -3 13 4 9 12 21 15 -10 -11 11 -13 16 14 -16 17 -18 24 -20 -21 -22 22 -24 -25 26 -27 27 -29 -30 -31
leaf_value=0.03903310057881397 1.4664758328238168 0.28224959872657757 -0.017694828952290711 -0.17613633630161066 -0.039527036051489724 1.0127721994413164 -0.12070064526661116 -0.25969880516217547 -0.095152279931850353 0.045270602978410679 0.29595626706203843 -0.37997856558855375 0.11949233241391014 -0.28361957752847744 0.019710141738818764 -0.10146917550664074 -0.0036098939500429591 -0.065151307394139199 0.16294769930988556 -0.032056476807738501 0.23020895452167217 -0.0082808601319676704 -0.23347003732422691 -0.35827700331151074 -0.0049081791905739181 0.051637505424247644 0.08209955569697229 -0.068451617410021148 0.44158062457917763 -0.067148340615352284
leaf_weight=5096 156 330 3062 735 5070 162 553 84 438 1033 1916 132 1126 887 284 82 788 1872 274 691 225 3665 202 111 10424 476 263 139 251 126
leaf_count=5096 156 330 3062 735 5070 162 553 84 438 1033 1916 132 1126 887 284 82 788 1872 274 691 225 3665 202 111 10424 476 263 139 251 126
internal_value=-2.69346e-05 -6.25957e-05 -0.000109415 7.09615e-05 -0.00113613 0.000354676 0.000182081 0.000448653 0.00159399 -0.000631553 0.00187551 0.00364138 0.0025999 -0.00164029 -0.00390358 -0.000157286 0.00198956 -0.000103075 0.00209741 0.000540541 0.00443182 -0.00118073 -0.000717425 0.00113767 -0.000311709 -0.00180077 4.06211e-06 0.00323394 0.00500971 0.00417034
internal_weight=40653 40497 40167 35934 6838 29096 27020 22600 7819 6103 7381 2174 2076 4233 1171 14781 1914 14697 1272 998 307 4420 3867 5207 13425 2348 11077 653 514 2042
internal_count=40653 40497 40167 35934 6838 29096 27020 22600 7819 6103 7381 2174 2076 4233 1171 14781 1914 14697 1272 998 307 4420 3867 5207 13425 2348 11077 653 514 2042
is_linear=0
shrinkage=0.03


Tree=175
num_leaves=31
num_cat=0
split_feature=11 7 7 1 4 25 0 8 13 13 7 1 6 11 40 14 28 5 16 27 14 1 38 29 15 25 31 27 14 40
split_gain=17.0568 11.2115 11.0578 9.46719 8.4317 9.77925 7.98331 12.6861 9.61339 11.4038 8.94364 8.91559 8.41238 8.29501 8.26641 8.533 8.49095 8.2235 7.89539 8.50789 7.89504 9.11367 7.83216 7.04531 6.96143 6.82889 9.19201 6.70704 7.75379 6.69553
threshold=353.44500000000005 5.4670138888888902 10.565972222222223 1.5000000000000002 244.50000000000003 443.54708333333343 14.500000000000002 183.55625000000003 40.170000000000009 47.448750000000011 4.0225694444444455 5.5000000000000009 18.527533039647583 202.97000000000003 1.8099999999999812 86.15000000000002 37963.594062500008 45303.500000000007 86.237536323705328 35064.09223958334 488.71500000000009 2.5000000000000004 188.655 13.753750000000002 75.107291666666683 57.07416666666667 240.69000000000003 23492.208333333336 446.67500000000001 -110.17124999999999
decision_type=10 2 2 2 2 10 2 2 10 10 2 2 2 10 10 10 10 2 10 10 10 2 8 8 10 10 10 10 10 10
left_child=2 3 6 -2 20 -6 7 10 13 -10 23 -11 22 -8 15 -14 -17 -9 -19 -20 21 -5 29 -1 -4 -13 -27 -3 -29 -12
right_child=1 27 24 4 5 -7 8 17 9 11 12 25 14 -15 -16 16 -18 18 19 -21 -22 -23 -24 -25 -26 26 -28 28 -30 -31
leaf_value=0.35283962769923161 1.0821650380527799 1.3264767854276367 0.0011868705652002375 -1.0465627472211967 0.3721861344896068 -0.79776899494805376 0.028250158305886685 -0.12265682302674448 -0.075656896308026231 -0.0061530942159289731 0.27048993454537157 0.22064469312868376 -0.28952252332838069 0.5017736450411624 -0.074894133982471509 0.039956790388793025 0.21595795270721907 0.00074131239548897549 -0.19863521334108775 -0.037565887034934346 1.1084411810750454 0.34442468239199259 -0.43326584979866423 0.034882878828244902 -0.29901613189770082 -0.0040207445859105915 0.81037144163472141 0.12831057423844497 -0.43853000801944741 -0.012642184070892881
leaf_weight=55 340 84 282 40 196 127 6653 1548 674 5763 220 173 57 175 305 487 533 3182 300 1900 300 48 176 3080 496 513 116 369 347 12067
leaf_count=55 340 84 282 40 196 127 6653 1548 674 5763 220 173 57 175 305 487 533 3182 300 1900 300 48 176 3080 496 513 116 369 347 12067
internal_value=1.4037e-05 0.00282667 -0.000120368 0.00486217 0.00288624 -0.000694444 -4.77908e-05 -0.000381414 0.000519264 -0.000242403 6.00671e-05 0.000139354 -0.000267586 0.00132669 0.00195228 0.00318646 0.00381978 -0.00146299 -0.000908415 -0.00228987 0.00586118 -0.00202247 -0.00051388 0.0015067 -0.00365854 0.00310087 0.00164286 0.000149813 -0.000794979 -0.000423584
internal_weight=40606 1851 38755 1051 711 323 37977 23910 14067 7239 16980 6565 13845 6828 1382 1077 1020 6930 5382 2200 388 88 12463 3135 778 802 629 800 716 12287
internal_count=40606 1851 38755 1051 711 323 37977 23910 14067 7239 16980 6565 13845 6828 1382 1077 1020 6930 5382 2200 388 88 12463 3135 778 802 629 800 716 12287
is_linear=0
shrinkage=0.03


Tree=176
num_leaves=31
num_cat=0
split_feature=28 27 6 28 7 1 2 25 32 40 0 0 23 27 5 13 29 5 28 5 6 25 15 39 15 12 0 28 27 40
split_gain=16.3201 12.9051 12.5777 17.0231 13.1363 11.5866 11.6535 11.0473 10.3771 12.2204 10.3633 10.6302 12.1923 9.90678 9.30455 9.56877 9.05996 8.4379 10.4648 8.31542 8.15672 7.93942 7.86909 7.80982 8.99276 7.71824 7.48368 7.06984 9.48742 9.57017
threshold=25782.687500000004 27049.395833333336 9.6625550660792978 39046.516718750012 6.2378472222222241 2.5000000000000004 8.5000000000000018 311.9752083333334 245.08500000000001 -0.89000000000000012 15.500000000000002 8.5000000000000018 4.5000000000000009 26213.354166666668 76137.500000000015 220.01500000000001 584.65375000000006 59563.500000000007 46411.984843750011 36766.687500000007 4.8325991189427322 32.143125000000005 315.7247916666667 -34.224999999999994 56.396041666666669 4.0881250000000007 4.5000000000000009 38352.829843750005 40054.342031250009 -21.592500000000005
decision_type=8 10 2 8 2 2 2 10 10 10 2 2 2 10 2 10 10 2 10 2 2 10 10 8 8 10 2 10 10 8
left_child=1 5 3 27 10 6 26 -7 9 14 11 -4 25 -6 15 17 -9 -5 23 -15 -10 -12 -22 -19 -25 -13 -1 28 29 -2
right_child=2 -3 4 8 13 7 -8 16 20 -11 21 12 -14 19 -16 -17 -18 18 -20 -21 22 -23 -24 24 -26 -27 -28 -29 -30 -31
leaf_value=0.14679361926955947 0.32820922679248493 -0.2284431080563756 0.0083041924725783204 -0.016666463433989521 -0.65306796621791963 0.50065140877936343 0.12590916880582653 -0.28203781911990972 0.47846939004619937 -0.047161717924433619 0.093926949752566283 -0.21597647068497419 -0.12421143209995124 -0.12046923288239489 0.14386649117554701 -0.355170079098865 1.122869223383683 0.30186509046440235 0.0011337776016239331 -0.032697966527543018 0.21787638358882416 0.017001878829259312 -1.2932136574767576 0.12313191873189261 0.020534244728682295 -0.01197991130786427 1.4861936936433631 0.19085419588909872 -0.21660583653050297 0.058969222618644887
leaf_weight=97 529 90 6027 3167 179 212 225 455 260 2335 982 75 1632 578 302 119 77 367 2198 7608 294 4891 65 193 925 4367 381 298 117 1559
leaf_count=97 529 90 6027 3167 179 212 225 455 260 2335 982 75 1632 578 302 119 77 367 2198 7608 294 4891 65 193 925 4367 381 298 117 1559
internal_value=2.14259e-05 0.00305267 -9.79062e-05 0.000676408 -0.000472096 0.00373964 0.00649858 0.00112752 0.000133483 -0.000109295 -1.50209e-05 -0.000516857 -0.00140247 -0.0014541 0.000497112 0.000273314 -0.00118199 0.000420377 0.00139658 -0.00130084 0.00389516 0.0010189 0.000958333 0.00334118 0.00209115 -0.000587441 0.00914405 0.00289337 0.00230508 0.00277166
internal_weight=40604 1537 39067 12728 26339 1447 703 744 10225 9606 17974 12101 6074 8365 7271 6969 532 6850 3683 8186 619 5873 359 1485 1118 4442 478 2503 2205 2088
internal_count=40604 1537 39067 12728 26339 1447 703 744 10225 9606 17974 12101 6074 8365 7271 6969 532 6850 3683 8186 619 5873 359 1485 1118 4442 478 2503 2205 2088
is_linear=0
shrinkage=0.03


Tree=177
num_leaves=31
num_cat=0
split_feature=9 7 6 11 1 21 13 13 41 8 25 4 37 41 38 27 14 40 4 8 1 7 4 6 11 25 0 25 4 39
split_gain=12.6555 11.6254 15.6402 13.3306 15.2866 9.83449 10.943 11.3565 9.23159 9.17106 8.78724 10.5285 10.2119 9.68118 11.6228 10.1342 11.145 9.45265 9.65435 8.56855 9.15489 8.47611 7.84583 7.66322 9.62416 8.23457 7.64968 7.36844 7.12825 7.09288
threshold=644.96000000000015 5.8281250000000027 10.483480176211454 295.00500000000005 1.5000000000000002 1.0000000180025095e-35 -0.96874999999999989 129.08000000000001 -5428.9398746881006 654.24375000000009 32.776666666666678 348.50000000000006 -16.984999999999996 8437.1933288623495 11.522500000000003 33438.345260416674 91.975000000000009 -4.9950000000000037 154.50000000000003 0.11250000000000002 1.0000000180025095e-35 4.0225694444444455 359.50000000000006 16.18039647577093 61.535000000000004 51.427708333333342 16.500000000000004 59.960364583333337 34.500000000000007 -64.891249999999985
decision_type=10 2 2 10 2 2 10 10 8 2 8 2 10 8 10 10 10 8 2 2 2 2 2 2 10 10 2 10 2 10
left_child=1 3 19 5 -5 9 -7 -8 -4 10 22 13 -13 14 15 -12 -17 23 21 -3 -21 -19 -1 25 -25 -15 -10 -22 -16 -27
right_child=-2 2 8 4 -6 6 7 -9 26 -11 11 12 -14 17 28 16 -18 18 -20 20 27 -23 -24 24 -26 29 -28 -29 -30 -31
leaf_value=0.035331232456183838 1.5975462489707841 -0.007396508254188347 0.0076643152279573983 0.77808309673101683 0.10712792938428264 -0.10329649307165191 0.17519856681508142 -0.19408570640316242 -0.10214880073240568 -0.060309034863396248 -0.18594904320106095 0.12065061071327476 -0.15719390972482669 0.17435851985491993 0.10390645191147201 -0.16326825677110071 0.018182978460147686 0.018246005368847875 0.022150325642476074 0.25180980055759034 0.078251723321038968 -0.049690063346981929 0.27271798947210518 -0.33050946957005933 0.025133398123783443 0.30027993609809289 -0.028706452868671892 -0.0027059514286031571 -0.17845188632081174 0.043079223178054557
leaf_weight=2529 149 4618 1890 496 1067 130 464 50 4552 1389 213 67 482 253 89 409 3612 947 3722 368 704 2119 58 220 1142 412 3212 1535 750 2736
leaf_count=2529 149 4618 1890 496 1067 130 464 50 4552 1389 213 67 482 253 89 409 3612 947 3722 368 704 2119 58 220 1142 412 3212 1535 750 2736
internal_value=2.22855e-06 -3.01968e-05 -0.000630036 0.000403305 0.00307864 0.000211297 0.00386047 0.00582524 -0.00141999 0.0001 0.000265675 2.00885e-05 -0.00406364 0.000155188 -0.00093713 -0.000297521 4.10244e-05 0.000634955 -8.39593e-05 0.000425547 0.00180023 -0.00133029 0.00189529 0.00165932 -0.000242113 0.00242063 -0.00187766 0.00107812 -0.00416071 0.00200064
internal_weight=40384 40235 16879 23356 1563 21793 644 514 9654 21149 19760 17173 549 16624 5073 4234 4021 11551 6788 7225 2607 3066 2587 4763 1362 3401 7764 2239 839 3148
internal_count=40384 40235 16879 23356 1563 21793 644 514 9654 21149 19760 17173 549 16624 5073 4234 4021 11551 6788 7225 2607 3066 2587 4763 1362 3401 7764 2239 839 3148
is_linear=0
shrinkage=0.03


Tree=178
num_leaves=31
num_cat=0
split_feature=9 5 28 5 41 14 38 29 5 27 27 24 41 9 25 40 4 14 9 12 4 27 41 21 23 13 12 25 13 28
split_gain=11.9642 10.2239 12.7155 13.3476 10.8648 12.4316 10.0233 11.3411 11.1703 12.3208 9.74553 9.07585 14.9623 11.121 10.3188 8.98711 8.55409 8.39732 9.35716 8.03261 8.33421 11.2409 8.30266 11.0777 9.72154 11.7392 9.70714 9.47887 8.55637 9.55521
threshold=570.0150000000001 39206.250000000007 30825.875000000004 53156.250000000007 -12048.854118306437 96.010000000000005 -3.6274999999999973 -8.6387499999999982 66462.500000000015 43327.551093750008 42524.458333333336 11.487500000000002 -6521.3200614441148 42.395000000000003 57.07416666666667 -45.169999999999987 22.500000000000004 52.095000000000006 175.68000000000004 24.694791666666671 330.50000000000006 53442.998489583348 1641.0353057553987 1.0000000180025095e-35 2.5000000000000004 113.11000000000001 242.03625000000002 75.209427083333352 94.13000000000001 47919.812500000007
decision_type=10 2 8 2 10 10 8 10 2 10 8 8 8 10 10 10 2 10 10 10 2 10 8 2 2 10 10 8 10 8
left_child=1 4 3 17 -1 15 7 -4 11 10 16 12 13 -8 -14 -6 -10 -3 -19 -13 22 -22 23 -21 25 -24 27 28 29 -26
right_child=-2 2 6 -5 5 -7 8 -9 9 -11 -12 19 14 -15 -16 -17 -18 18 -20 20 21 -23 24 -25 26 -27 -28 -29 -30 -31
leaf_value=-0.065795035042844299 0.95151688001884105 -0.21215168421041294 -0.1275758155633144 0.65811967747950717 0.0085320185132876161 0.071116745674522905 0.036649421468574729 0.026876686858173855 0.90077867969887826 -0.00021414973970678374 0.44245265298194936 -0.10841723286088623 0.0047531919816661801 -0.17913913331797018 -0.37478174892394328 -0.13416357815302171 0.061952170664221311 0.1394761758404979 0.015554227709736778 -0.084018754039358184 -0.12112862063239106 0.11115351776801433 -0.0043412498136268596 0.3890051061844268 0.045188121427567153 -0.13845172382070159 0.50690116388641848 -0.020930885673074186 0.35647007618653659 -0.13846672740345645
leaf_weight=3802 307 97 265 416 608 1356 699 7899 44 2294 313 817 1003 103 162 501 665 1248 2219 3129 1411 93 5752 57 1613 1261 227 2067 83 112
leaf_count=3802 307 97 265 416 608 1356 699 7899 44 2294 313 817 1003 103 162 501 665 1248 2219 3129 1411 93 5752 57 1613 1261 227 2067 83 112
internal_value=2.58468e-06 -4.24139e-05 0.000162555 0.00175584 -0.00115587 0.000395377 -4.83871e-05 0.000848745 -0.000382772 0.00122098 0.00395894 -0.000668908 0.00125762 0.00440847 -0.000913379 -0.00195946 0.00200704 0.00116129 0.00140571 -0.00089695 -0.000746868 -0.00287043 -0.000523353 -0.00187324 -0.00013629 -0.000814799 0.00102364 0.000669505 0.00225539 0.00179896
internal_weight=40623 40316 34049 3980 6267 2465 30069 8164 21905 3316 1022 18589 1967 802 1165 1109 709 3564 3467 16622 15805 1504 14301 3186 11115 7013 4102 3875 1808 1725
internal_count=40623 40316 34049 3980 6267 2465 30069 8164 21905 3316 1022 18589 1967 802 1165 1109 709 3564 3467 16622 15805 1504 14301 3186 11115 7013 4102 3875 1808 1725
is_linear=0
shrinkage=0.03


Tree=179
num_leaves=31
num_cat=0
split_feature=5 28 5 17 14 30 33 25 10 27 14 15 27 5 39 24 15 4 5 28 4 27 24 27 5 4 40 24 28 16
split_gain=12.2302 17.4921 11.4221 10.6547 12.2768 9.82992 9.51425 8.76441 13.487 12.5821 11.0212 11.0483 15.5825 12.7374 10.1177 11.9757 10.0027 10.8702 9.88485 24.1512 9.14738 9.10148 9.32682 8.68955 8.23367 8.34801 8.22274 7.74431 7.69439 7.53576
threshold=39206.250000000007 28188.687500000004 51956.250000000007 2.0394400000000004 91.975000000000009 575.09500000000014 93.506250000000009 46.149062500000007 80.812500000000014 30324.104166666672 57.045000000000009 70.240937500000015 41746.854166666672 61853.125000000007 -14.504999999999994 81.308750000000018 107.79812500000001 42.500000000000007 53003.125000000007 39583.875000000007 14.500000000000002 35373.215572916677 70.00500000000001 42740.770833333343 72556.250000000015 58.500000000000007 -73.857499999999987 48.395000000000003 39105.250000000007 4108.2312137203999
decision_type=2 8 2 8 10 10 10 8 10 8 8 8 10 2 8 8 10 2 2 10 2 10 10 10 2 2 10 10 10 10
left_child=3 2 5 4 27 -2 -6 16 9 -9 -11 21 13 -13 18 -16 17 -3 20 -20 -10 29 28 -14 -17 -26 -19 -1 -23 -12
right_child=1 7 -4 -5 6 -7 -8 8 14 10 11 12 23 -15 15 24 -18 26 19 -21 -22 22 -24 -25 25 -27 -28 -29 -30 -31
leaf_value=-0.015560818406289235 0.10868423954553363 0.18197599321206503 1.0188461987604045 -0.063821183991559061 -0.134978222767137 1.8433724348364455 0.10646591519539597 0.14018257748347926 -0.69854204453361368 -0.14014747569898858 -0.0686589337363539 -0.027784047299043806 -0.35066197838891749 0.24596143254961603 0.069561351599975577 -0.035014109946400536 -0.29537651053382658 0.048246628023732994 0.36388819805230299 0.039874138482667403 0.0076309355484451653 0.095842728883761621 -0.027179378468773691 -0.08401228847239306 -0.0026331730291877875 0.50783068568271228 0.0062103641168711615 -0.27202150281124804 0.0095111283531561942 -0.36447765471831495
leaf_weight=675 2374 298 216 4214 124 115 1159 310 51 375 356 2511 203 102 413 6081 172 1150 600 3076 4637 507 1304 1524 602 297 4378 152 2425 90
leaf_count=675 2374 298 216 4214 124 115 1159 310 51 375 356 2511 203 102 413 6081 172 1150 600 3076 4637 507 1304 1524 602 297 4378 152 2425 90
internal_value=-1.667e-05 0.00020765 0.00252217 -0.00122846 0.000511606 0.00194578 0.00234813 8.58151e-06 -0.000234439 -0.00111403 -0.00131039 -0.00110052 -0.00219074 -0.000728768 0.000307463 -0.000501082 0.00104017 0.00125107 0.00102212 0.00218657 0.000108765 -8.96861e-05 0.000339863 -0.00440104 -0.000795015 0.00188333 0.000949539 -0.00233696 0.00127855 -0.00416107
internal_weight=40491 34167 2705 6324 2110 2489 1283 31462 25464 9707 9397 9022 4340 2613 15757 7393 5998 5826 8364 3676 4688 4682 4236 1727 6980 899 5528 827 2932 446
internal_count=40491 34167 2705 6324 2110 2489 1283 31462 25464 9707 9397 9022 4340 2613 15757 7393 5998 5826 8364 3676 4688 4682 4236 1727 6980 899 5528 827 2932 446
is_linear=0
shrinkage=0.03


Tree=180
num_leaves=31
num_cat=0
split_feature=24 7 6 24 40 0 4 13 33 28 15 37 4 5 28 13 4 4 12 14 8 38 0 4 25 32 16 29 5 12
split_gain=13.6827 12.1896 10.675 9.77274 9.58065 9.51975 8.2284 8.49813 8.36815 7.79681 7.2857 7.28223 7.08795 7.04562 7.14605 11.4438 7.5995 17.1855 7.10336 8.33444 9.22148 8.13676 7.30059 6.96404 8.87988 7.39229 7.14612 6.84491 6.80413 6.5609
threshold=644.96000000000015 5.5329861111111134 10.483480176211454 310.08500000000004 -53.836249999999986 4.5000000000000009 357.50000000000006 134.87750000000003 321.72500000000008 29950.000000000004 24.694791666666671 68.600000000000037 271.50000000000006 80825.000000000015 45350.062500000007 1.9200000000000002 357.50000000000006 363.50000000000006 41.885000000000005 117.00500000000001 637.25625000000014 11.522500000000003 11.500000000000002 268.50000000000006 32.143125000000005 72.603750000000005 3500.5956105060945 81.190000000000012 45400.437500000007 75.835416666666688
decision_type=10 2 2 10 8 2 2 10 10 10 10 10 2 2 8 8 2 2 10 10 2 8 2 2 10 10 8 10 2 10
left_child=1 3 9 4 23 -5 7 8 -4 -3 -11 -7 -9 14 18 -16 -17 -18 19 20 22 -20 -6 24 -1 26 27 -26 -13 -23
right_child=-2 2 6 5 13 11 -8 12 -10 10 -12 28 -14 -15 15 16 17 -19 21 -21 -22 29 -24 -25 25 -27 -28 -29 -30 -31
leaf_value=0.06676415068645504 1.6566203297559565 0.32263647976884868 -0.027990151005633058 -0.37223795800897275 -0.081105596720246392 0.55964231177237789 -0.42531046808864986 -0.13623550433131726 0.72425199104180471 0.10839933716945276 -0.0039596481596649372 -0.83186439340045182 -0.81672693542270702 0.13703651797924968 0.46153040915691707 -0.049002537299230653 0.18158829605700405 -0.19812130019817906 0.019852144593781984 0.30737005183195187 -0.13854555160727527 -0.12773383594832735 0.031491398544777088 0.17719903356577538 0.0724046525929323 0.24554874518471445 -0.26536699177547224 -0.11853357464672837 0.31314772538808822 -0.0098659756799170852
leaf_weight=612 162 314 9891 167 913 820 173 943 71 471 7291 67 197 144 69 2335 125 76 9941 101 260 445 693 484 233 312 249 268 343 2341
leaf_count=612 162 314 9891 167 913 820 173 943 71 471 7291 67 197 144 69 2335 125 76 9941 101 260 445 693 484 233 312 249 268 343 2341
internal_value=-2.40669e-05 -5.91078e-05 -0.000602263 0.00044145 0.000268595 0.00286481 -0.00119856 -0.001097 -0.000816019 0.000230284 4.25093e-05 0.00377742 -0.00354952 3.52557e-05 -1.99422e-05 -0.00146777 -0.0017974 0.00378713 0.000236815 -0.00144055 -0.00189609 0.00049615 -0.00104543 0.00215377 0.00123582 -0.00042333 -0.00203728 2.98805e-05 0.000510949 -0.000936491
internal_weight=40511 40349 19351 20998 19601 1397 11275 11102 9962 8076 7762 1230 1140 17443 17299 2605 2536 201 14694 1967 1866 12727 1606 2158 1674 1062 750 501 410 2786
internal_count=40511 40349 19351 20998 19601 1397 11275 11102 9962 8076 7762 1230 1140 17443 17299 2605 2536 201 14694 1967 1866 12727 1606 2158 1674 1062 750 501 410 2786
is_linear=0
shrinkage=0.03


Tree=181
num_leaves=31
num_cat=0
split_feature=28 5 40 41 7 4 39 26 29 38 16 32 28 25 34 32 15 5 27 17 4 27 38 5 25 4 5 27 7 13
split_gain=12.2215 12.0684 9.7871 15.506 10.1797 11.8697 9.80813 9.4462 9.18278 8.84944 8.72338 8.58375 13.0415 8.43001 10.1603 8.31416 7.72661 7.89231 7.72084 7.40349 7.39532 10.8365 7.82073 10.3846 7.36452 13.9623 8.92338 21.5003 7.90215 8.11294
threshold=28188.687500000004 51956.250000000007 -32.724999999999994 13654.425545070624 4.6927083333333348 348.50000000000006 3.100000000000009 52945.368750000009 584.65375000000006 -75.254999999999981 302.12748915360555 275.16000000000003 42305.048593750005 190.57583333333335 186.67500000000004 250.00500000000002 146.06291666666667 38600.500000000007 43159.333333333336 325.70775500000008 305.50000000000006 51591.606302083346 40.16500000000002 79606.250000000015 33.475000000000009 283.50000000000006 54656.250000000007 41481.573385416676 8.6788194444444482 15.465000000000002
decision_type=8 2 8 10 2 2 10 10 10 10 8 8 8 10 8 10 8 2 10 10 2 10 8 2 10 2 2 10 2 10
left_child=1 8 3 10 20 6 11 9 -1 -7 -2 13 -13 14 16 -11 17 -6 -17 -19 22 -22 23 -4 25 -12 28 -28 -26 -30
right_child=2 -3 4 -5 5 7 -8 -9 -10 15 24 12 -14 -15 -16 18 -18 19 -20 -21 21 -23 -24 -25 26 -27 27 -29 29 -31
leaf_value=0.069406622045931343 0.12154522884229409 0.81102684095301802 0.0021673436796599255 0.32935877926502138 -0.075273669399678625 0.34025200943639416 -0.33538699553496087 0.12170779994790265 1.5386951922503351 -0.40238093342375425 0.012189297380436592 -0.13118633540376876 1.1576864475714232 -0.11843272240178379 0.1964743521666554 0.48268802053072046 -0.12288619063684209 0.0032622546292733999 -0.47530545806001101 -0.055998338360789997 0.13329514142257382 -0.083478438396657709 -0.112141850793016 0.22546180413705427 -0.017298374393017148 0.15945701581065491 0.59822284540046433 0.0016151915459448672 -0.062922439899221277 -0.37827666076750216
leaf_weight=3256 318 227 8026 190 1531 41 192 71 137 493 2507 131 111 1687 649 56 916 9041 50 1715 1149 139 672 143 4116 315 344 1714 367 224
leaf_count=3256 318 227 8026 190 1531 41 192 71 137 493 2507 131 111 1687 649 56 916 9041 50 1715 1149 139 672 143 4116 315 344 1714 367 224
internal_value=1.03629e-05 0.00167357 -0.000152808 0.000643324 -0.000452562 -0.000908001 -0.000739013 -0.00469803 0.00122422 -0.00585023 0.000480012 -0.000656761 0.00493827 -0.000744208 -0.000500253 -0.006775 -0.000680476 -0.000482178 0.000841121 -0.000195222 0.000297631 0.00242048 -1.18751e-05 0.000244186 0.000317584 0.00160468 -0.00021948 0.00142788 -0.00093989 -0.00418074
internal_weight=40528 3620 36908 10095 26813 16684 15973 711 3393 640 9905 15781 242 15539 13852 599 13203 12287 106 10756 10129 1288 8841 8169 9587 2822 6765 2058 4707 591
internal_count=40528 3620 36908 10095 26813 16684 15973 711 3393 640 9905 15781 242 15539 13852 599 13203 12287 106 10756 10129 1288 8841 8169 9587 2822 6765 2058 4707 591
is_linear=0
shrinkage=0.03


Tree=182
num_leaves=31
num_cat=0
split_feature=27 7 40 4 25 40 7 4 0 1 11 1 0 15 13 6 0 39 38 27 8 28 24 11 5 25 31 11 24 13
split_gain=12.6063 10.621 10.5657 10.1219 15.0446 9.13516 8.58827 8.2591 8.26503 7.90293 7.56679 9.88682 9.03949 7.95964 7.41495 6.89941 6.879 6.86682 6.85872 7.94401 6.71235 6.64395 7.34034 6.60091 6.52572 6.33736 6.23333 7.77551 7.34683 6.11605
threshold=24313.729166666672 4.5572916666666687 2.2199999999999998 244.50000000000003 443.54708333333343 -110.17124999999999 11.411458333333337 164.50000000000003 14.500000000000002 1.0000000180025095e-35 111.68500000000002 3.5000000000000004 5.5000000000000009 87.503750000000011 293.64000000000004 15.827973568281942 6.5000000000000009 -30.138750000000005 40.16500000000002 36419.870833333342 693.19375000000014 39324.445625000008 90.001250000000013 29.085000000000004 51806.250000000007 458.07729166666678 0.13625000000000001 18.215000000000003 90.555000000000021 -0.097499999999999989
decision_type=8 2 8 2 10 10 2 2 2 2 10 2 2 10 10 2 2 10 8 8 2 10 10 10 2 10 10 10 10 10
left_child=3 7 5 16 -5 -3 20 9 10 -2 13 12 17 23 -4 18 -1 -12 -11 -20 25 24 -23 29 -10 26 27 -7 -29 -9
right_child=1 2 14 4 -6 6 -8 8 21 15 11 -13 -14 -15 -16 -17 -18 -19 19 -21 -22 22 -24 -25 -26 -27 -28 28 -30 -31
leaf_value=0.095740019425943498 0.065923273735291166 0.1695459454246098 -0.067351198748857116 1.0012413954984101 -0.91690064800433047 0.015761990969677453 -0.17800684757213886 -0.15217318163614407 0.11434111043206641 0.010651696104032169 0.23962829863622273 -0.035283109785969061 0.33180227935920853 -0.060007804730189913 0.40161850386461878 -0.06138883648174065 1.5974076035979126 -0.066596535403554064 0.20608261586865162 -0.16427167402961004 -0.10935723030115295 0.087726940113566049 -0.032787017468459537 0.05249173387194659 0.54615037495913699 -0.62411382740955534 0.0011519577399268855 -0.18597368326287633 0.19731922120204326 -0.003232598322410993
leaf_weight=127 793 494 4457 90 131 287 329 144 1066 2391 84 610 692 1014 266 1174 312 189 66 344 362 463 577 1589 128 88 20682 372 82 916
leaf_count=127 793 494 4457 90 131 287 329 144 1066 2391 84 610 692 1014 266 1174 312 189 66 344 362 463 577 1589 128 88 20682 372 82 916
internal_value=-2.41815e-05 -9.26626e-05 -0.000420678 0.00408472 -0.00114865 -0.000152002 -0.000241859 0.000642104 0.00126455 -0.000333403 0.000612712 0.00235089 0.00423913 -0.000135098 -0.00171147 -0.000879024 0.00671591 -0.000383212 -6.95931e-05 -0.00364964 -0.000169379 0.00279195 0.00103746 0.000730189 0.00431799 -0.000101106 -6.79145e-05 -0.00276954 -0.00520879 -0.00110273
internal_weight=40319 39659 27419 660 221 22696 22202 12240 7472 4768 5238 1575 965 3663 4723 3975 439 273 2801 410 21873 2234 1040 2649 1194 21511 21423 741 454 1060
internal_count=40319 39659 27419 660 221 22696 22202 12240 7472 4768 5238 1575 965 3663 4723 3975 439 273 2801 410 21873 2234 1040 2649 1194 21511 21423 741 454 1060
is_linear=0
shrinkage=0.03


Tree=183
num_leaves=31
num_cat=0
split_feature=9 0 40 7 5 7 5 8 28 15 4 4 40 37 15 25 5 27 0 18 7 30 27 5 39 27 5 27 4 4
split_gain=13.0774 10.1679 11.3155 9.13464 8.14474 7.90127 9.99142 9.07707 11.6532 11.6701 9.91135 11.4549 9.63673 9.55117 8.55453 7.89979 7.88143 7.4858 7.4499 7.09325 8.62973 6.90142 6.73516 6.57648 11.3291 8.62529 6.48364 7.45816 6.73517 7.27777
threshold=644.96000000000015 14.500000000000002 2.0625000000000004 3.1822916666666674 71312.500000000015 8.0711805555555589 64356.250000000007 256.90625000000006 43899.500000000007 14.051041666666668 354.50000000000006 348.50000000000006 -29.864999999999984 -49.017499999999998 75.893906250000015 28.813854166666669 48703.625000000007 32803.770833333343 22.500000000000004 1.0000000180025095e-35 4.5364583333333348 273.21500000000009 43327.551093750008 48703.625000000007 -39.015000000000001 44946.850520833337 42066.750000000007 37560.375000000007 258.50000000000006 118.50000000000001
decision_type=10 2 8 2 2 2 2 2 10 10 2 2 10 10 10 10 2 10 2 2 2 10 10 2 10 8 2 10 2 2
left_child=1 2 4 -3 5 7 15 8 12 -10 11 -11 16 -14 -12 17 -1 -7 23 20 -4 -18 -6 -5 -25 -26 28 -28 29 -15
right_child=-2 3 19 18 22 6 -8 -9 9 10 14 -13 13 26 -16 -17 21 -19 -20 -21 -22 -23 -24 24 25 -27 27 -29 -30 -31
leaf_value=0.054629369052172673 1.37302391488787 0.10013429111528978 0.01356497792854526 0.00084589788044879836 0.65627706974611189 -0.11997242895531644 0.12536487147264996 -0.030227767810544239 -0.17224571620222642 -0.013909404293322467 0.15844712278131864 -0.25682927946289696 -0.22003273408297533 -0.14925239238557308 -0.13017840704763656 -0.1310730397417193 0.31499623531177762 0.051000110977790843 -0.039579405647000097 -0.13095191923370514 -0.081137587683189835 -0.50340355945922854 0.025409826749537102 0.11443281365876487 0.043125878857753715 -0.024002064443507897 0.12061147398640557 0.0050775319267803093 -0.13854010355067656 0.011510197351159518
leaf_weight=2752 140 701 1447 6613 155 40 236 4070 122 2630 113 158 196 173 53 1814 560 296 1635 1506 1888 48 591 2107 2643 1446 1252 1940 593 2585
leaf_count=2752 140 701 1447 6613 155 40 236 4070 122 2630 113 158 196 173 53 1814 560 296 1635 1506 1888 48 591 2107 2643 1446 1252 1940 593 2585
internal_value=2.85157e-05 -3.34456e-06 -0.000372338 0.000611052 -6.25675e-05 -0.000179554 -0.00179724 4.43581e-05 0.000426913 -0.00118947 -0.000812183 -0.001237 0.000919307 0.000264837 0.00628743 -0.00244073 0.00223148 0.00178042 0.000448598 -0.00167596 -0.000903777 0.0053202 0.00301205 0.000692037 0.00139422 0.000473105 0.000460727 0.00142812 -0.000460919 0.000163103
internal_weight=40503 40363 25218 15145 20377 19631 2386 17245 13175 3076 2954 2788 10099 6739 166 2150 3360 336 14444 4841 3335 608 746 12809 6196 4089 6543 3192 3351 2758
internal_count=40503 40363 25218 15145 20377 19631 2386 17245 13175 3076 2954 2788 10099 6739 166 2150 3360 336 14444 4841 3335 608 746 12809 6196 4089 6543 3192 3351 2758
is_linear=0
shrinkage=0.03


Tree=184
num_leaves=31
num_cat=0
split_feature=27 7 4 25 11 8 6 40 41 27 6 4 25 7 40 39 12 4 27 15 26 34 15 13 27 12 25 40 38 4
split_gain=11.7348 10.1852 9.95303 18.2771 8.93856 8.89394 9.83993 9.0294 10.7917 8.53048 10.2475 9.0731 12.012 10.8295 9.04622 8.91502 9.58767 8.76439 8.66191 8.65836 13.2463 11.0235 10.3313 7.89222 7.82035 7.63575 12.3811 9.6751 8.25204 7.57126
threshold=24313.729166666672 3.8559027777777781 244.50000000000003 443.54708333333343 24.695000000000004 660.29375000000016 23.944052863436131 2.2199999999999998 17133.706979634469 46404.236614583344 9.206387665198239 84.500000000000014 57.07416666666667 9.4340277777777803 -73.857499999999987 -11.318749999999993 131.39895833333335 22.500000000000004 39252.597291666672 70.878333333333345 52590.348750000012 111.105 68.928333333333356 82.09875000000001 41181.562500000007 57.028750000000002 47.308697916666667 -46.034999999999989 -97.454999999999998 92.500000000000014
decision_type=8 2 2 10 8 2 2 8 10 10 2 2 10 2 10 10 10 2 10 8 10 10 10 10 10 10 8 10 10 2
left_child=2 4 -1 -4 24 6 7 8 9 10 15 12 -12 25 -15 16 18 -17 -3 20 22 -21 -11 -18 -2 26 27 -13 -27 -16
right_child=1 5 3 -5 -6 -7 -8 -9 -10 19 11 13 -14 14 29 17 23 -19 -20 21 -22 -23 -24 -25 -26 28 -28 -29 -30 -31
leaf_value=0.93974712533507576 -0.058601743904766412 0.1670411829840539 0.81257954925649301 -1.0105001428008722 0.043885247313835404 -0.07727873613732128 0.066643404782176952 -0.043584206518304851 0.2321888992747678 -0.030073880275631664 0.023904365125143059 0.026402898266362725 -0.12491360939841868 0.095425014821168816 0.11910089989657045 0.45665555831375798 1.2426553814111521 -0.013619228410998366 0.0068504704062732459 -0.093435423283832822 0.14683609545255089 -0.031975925979259044 0.17088133397599287 0.21714137532591904 0.046865573416642714 1.0215932343589114 -0.098519893849664461 -0.043052201991239228 0.019854641398467977 -0.2735046936733635
leaf_weight=478 1052 527 101 134 5259 1021 1877 5176 223 1152 598 2068 1273 126 63 115 93 2032 1576 822 206 1923 145 612 424 83 1726 1519 7434 430
leaf_count=478 1052 527 101 134 5259 1021 1877 5176 223 1152 598 2068 1273 126 63 115 93 2032 1576 822 206 1923 145 612 424 83 1726 1519 7434 430
internal_value=3.27796e-05 -3.60249e-05 0.00384454 -0.00120763 0.00102657 -0.000254106 -0.000165566 -0.000297764 -5.94011e-05 -0.000119271 0.000136861 -0.00024672 -0.00220353 2.56506e-05 -0.00384677 0.00132264 0.00243503 -0.000132682 0.00141873 -0.00134149 0.000488697 -0.00234341 -0.000635593 0.00546034 -0.00103588 0.000212766 -0.000657697 0.00034699 0.000828013 -0.00567814
internal_weight=40268 39555 713 235 6735 32820 31799 29922 24746 24523 20275 15320 1871 13449 619 4955 2808 2147 2103 4248 1503 2745 1297 705 1476 12830 5313 3587 7517 493
internal_count=40268 39555 713 235 6735 32820 31799 29922 24746 24523 20275 15320 1871 13449 619 4955 2808 2147 2103 4248 1503 2745 1297 705 1476 12830 5313 3587 7517 493
is_linear=0
shrinkage=0.03


Tree=185
num_leaves=31
num_cat=0
split_feature=30 7 0 17 40 5 7 5 9 30 40 27 5 0 28 27 27 10 27 0 5 1 28 38 5 39 24 25 15 1
split_gain=12.3216 11.0882 9.77376 12.1998 10.2374 9.13779 9.79653 10.539 8.80321 11.5237 8.6147 7.53326 13.0538 7.26287 7.28709 7.43802 7.22879 6.76819 6.32639 6.32566 6.43484 6.33641 6.20549 6.39936 9.23637 10.1935 8.82144 6.94098 6.10594 6.02484
threshold=575.09500000000014 11.411458333333337 14.500000000000002 1272.1377000000002 1.8099999999999812 64356.250000000007 7.7343750000000009 40205.312500000007 13.486250000000002 -0.074999999999999997 -29.254999999999995 41481.573385416676 51689.000000000007 22.500000000000004 25782.687500000004 26213.354166666668 39811.502864583344 48.336250000000007 25684.145833333339 9.5000000000000018 37254.187500000007 1.5000000000000002 28188.687500000004 -4.8750000000000062 50681.250000000007 -23.123749999999998 23.675000000000004 76.415260416666683 73.383750000000006 5.5000000000000009
decision_type=10 2 2 10 8 2 2 2 10 10 10 10 2 2 10 10 10 10 8 2 2 2 10 10 2 10 10 10 10 2
left_child=1 2 3 4 5 6 10 -8 9 -5 11 12 19 14 -4 18 -7 -15 -16 20 -1 -21 -17 -24 26 -26 27 -25 -3 -27
right_child=-2 28 13 8 -6 16 7 -9 -10 -11 -12 -13 -14 17 15 22 -18 -19 -20 21 -22 -23 23 24 25 29 -28 -29 -30 -31
leaf_value=0.0093486228173843156 1.0981259293156858 0.021426315460679017 0.42907187673745267 -0.079033691178768725 -0.044769548151762706 0.34663562540148751 -0.15744193286410044 -0.023357597080617368 -0.097088984204160733 0.018384824923476119 -0.0052090880890079206 -0.010604107891465979 0.52691466075021576 -0.13929393002367527 -0.0036654207652266632 0.2613969375661685 0.036626774949311949 -0.01523601227995087 -0.61317043373583491 0.49271209204511279 0.16198787576166751 -0.39199875210825408 0.057483181464456315 0.028866271726056564 0.10423603437208555 -0.015411804679054909 -0.037356879664772615 -0.36938719941347015 -0.36012146968286096 0.10181555419318755
leaf_weight=1088 161 117 450 510 4371 126 324 1797 2448 1106 8590 1207 244 231 94 533 1627 1437 84 69 1251 217 2866 923 1784 2197 4008 50 271 269
leaf_count=1088 161 117 450 510 4371 126 324 1797 2448 1106 8590 1207 244 231 94 533 1627 1437 84 69 1251 217 2866 923 1784 2197 4008 50 271 269
internal_value=-1.6316e-05 -4.9516e-05 -3.75921e-07 -0.000363349 -7.10119e-05 0.000270238 2.73871e-05 -0.0018591 -0.00186716 -0.000148423 0.000343412 0.00147903 0.00231533 0.000606954 0.000841692 0.000709657 0.00231756 -0.00125824 -0.00536313 0.0016965 0.00221154 -0.00250871 0.000795661 0.000655894 0.000271339 0.00129852 -0.000605179 0.00195585 -0.00508997 4.86421e-05
internal_weight=40450 40289 39901 24975 20911 16540 14787 2121 4064 1616 12666 4076 2869 14926 13258 12808 1753 1668 178 2625 2339 286 12630 12097 9231 4250 4981 973 388 2466
internal_count=40450 40289 39901 24975 20911 16540 14787 2121 4064 1616 12666 4076 2869 14926 13258 12808 1753 1668 178 2625 2339 286 12630 12097 9231 4250 4981 973 388 2466
is_linear=0
shrinkage=0.03


Tree=186
num_leaves=31
num_cat=0
split_feature=24 8 6 28 1 28 37 16 14 39 1 27 15 5 28 40 2 12 28 24 2 41 27 27 13 27 8 6 15 1
split_gain=10.3513 9.14901 11.5796 9.34879 12.4366 8.9462 8.58476 9.09316 9.63318 11.8332 11.6555 9.98182 9.66458 9.19839 16.0883 9.08186 8.66638 16.0936 9.76076 8.55141 8.50902 8.24218 8.08964 7.78198 7.56414 7.50705 7.10338 8.56102 8.32541 7.53272
threshold=644.96000000000015 604.07500000000016 21.931718061674015 40470.636718750007 4.5000000000000009 25782.687500000004 88.575000000000017 2901.8244439513869 44.935000000000009 -56.864999999999995 3.5000000000000004 32541.900104166667 46.534583333333345 47504.500000000007 39988.250000000007 -53.836249999999986 2.5000000000000004 87.368645833333332 38818.397343750003 65.003750000000011 4.5000000000000009 11817.098241354384 46128.271510416671 41329.687500000007 -1.0000000180025095e-35 42964.729166666672 1.0000000180025095e-35 9.9583700440528649 351.38812500000012 3.5000000000000004
decision_type=10 2 2 10 2 10 8 10 10 10 2 10 10 2 10 10 2 10 10 8 2 10 10 10 10 10 2 2 8 2
left_child=1 2 6 4 5 -3 7 8 11 10 13 -1 24 -10 -15 16 17 -9 20 -20 -18 -17 23 -12 -13 -4 28 -28 29 -11
right_child=-2 3 25 -5 -6 -7 -8 15 9 26 22 12 -14 14 -16 21 18 -19 19 -21 -22 -23 -24 -25 -26 -27 27 -29 -30 -31
leaf_value=-0.19519655041053763 1.2219545593878911 1.1231956090618063 0.046788181206142455 0.019253786610550768 -0.37374903999778519 -0.031681927833816133 -0.19955178874085391 -0.14397581645579521 0.075037220294433091 -0.024100050999560238 0.034550281363425764 0.054808207860601463 -0.26023532073102534 0.38192183377919947 0.016119993400424536 -0.072863547963203379 0.32178691896981071 0.27081212660076814 0.073503033417149019 -0.041114011648419872 -0.050743348243366994 0.13412902033167326 0.31752768376866247 -0.11943680129603225 -0.10408312026314299 0.39120628070810676 0.048811029728421856 -0.0015690488313462934 -0.16230007228784343 0.012167132212986438
leaf_weight=138 154 85 3874 583 596 1375 749 491 1545 5365 1492 234 132 886 528 4141 77 81 1227 400 746 329 146 494 76 86 3370 6312 526 4255
leaf_count=138 154 85 3874 583 596 1375 749 491 1545 5365 1492 234 132 886 528 4141 77 81 1227 400 746 329 146 494 76 86 3370 6312 526 4255
internal_value=4.07468e-06 -2.56569e-05 9.38967e-05 -0.00173295 -0.00268352 -0.00119097 -8.62452e-05 -1.40943e-05 0.000255882 0.000344904 0.00163492 -0.00356282 -0.0013544 0.00285304 0.00460071 -0.000932871 0.000337413 -0.00298429 0.00111383 0.00246007 -0.00154733 -0.00179155 -5.62588e-05 -0.000558631 0.00154341 0.00162838 1.36164e-05 0.000594857 -0.000541047 -0.000339882
internal_weight=40493 40339 37700 2639 2056 1460 33740 32991 25499 24919 5091 580 442 2959 1414 7492 3022 572 2450 1627 823 4470 2132 1986 310 3960 19828 9682 10146 9620
internal_count=40493 40339 37700 2639 2056 1460 33740 32991 25499 24919 5091 580 442 2959 1414 7492 3022 572 2450 1627 823 4470 2132 1986 310 3960 19828 9682 10146 9620
is_linear=0
shrinkage=0.03


Tree=187
num_leaves=31
num_cat=0
split_feature=30 6 8 6 6 27 37 4 40 15 39 27 4 17 5 14 23 41 9 27 25 11 41 10 38 41 5 40 4 4
split_gain=11.5219 8.79083 12.1102 8.34926 8.30133 11.4248 10.9066 9.80975 12.5334 12.1134 9.16517 8.47284 13.5336 9.14309 8.7155 10.5735 8.35457 8.32259 10.4754 9.72251 8.13209 7.55781 7.55364 7.14065 6.90401 6.87364 6.83868 6.70229 6.5094 15.646
threshold=575.09500000000014 27.638325991189436 422.85625000000005 22.081718061674014 5.6696035242290757 37320.125000000007 68.600000000000037 350.50000000000006 -53.836249999999986 74.304300000000012 -21.385000000000002 47227.250000000007 312.50000000000006 0.85555000000000014 60751.500000000007 74.815000000000012 1.5000000000000002 7205.5817189272429 93.605000000000004 31508.544322916667 80.179375000000022 126.35125000000001 -15042.396014350785 100.08125000000001 -47.869999999999997 -5761.2691720864159 45303.500000000007 -11.919999999999972 352.50000000000006 348.50000000000006
decision_type=10 2 2 2 2 8 8 2 10 10 8 10 2 10 2 10 2 10 10 10 10 10 8 10 10 8 2 10 2 2
left_child=1 2 3 4 5 -1 7 11 -9 16 21 12 13 22 27 -16 -10 18 19 -15 24 -7 -6 -11 -4 -22 -27 -13 29 -12
right_child=-2 -3 20 -5 6 10 -8 8 9 23 28 14 -14 17 15 -17 -18 -19 -20 -21 25 -23 -24 -25 -26 26 -28 -29 -30 -31
leaf_value=0.2745094455559105 1.0780070656770318 0.068639620768909212 -0.20503853373418357 0.063685694336778342 -0.12576066818086465 0.046207948236752151 -0.2413499550664332 0.15084558672362783 -0.15700935647630929 -0.36777892738136014 0.0013585996052534455 -0.055361356552692233 0.097631510905759167 -0.28855322330154476 0.12523828203742321 -0.022874290032075209 0.10303402582183654 0.11077280609151373 -0.20715123386644946 -0.021668858856202341 -0.21978819422817444 0.30339021322623194 0.0093587329196904538 -0.25243170800805398 0.0024980579807606772 -0.35338762606440416 -0.045962245191026055 -0.18761800432583128 0.16334713579412677 -0.50136215183091959
leaf_weight=464 150 1413 272 2083 85 1006 680 151 73 293 3340 884 1703 115 162 1036 129 410 716 2789 142 265 16392 302 2645 534 1782 211 185 151
leaf_count=464 150 1413 272 2083 85 1006 680 151 73 293 3340 884 1703 115 162 1036 129 410 716 2789 142 265 16392 302 2645 534 1782 211 185 151
internal_value=7.28478e-05 4.19409e-05 -4.23066e-05 0.000169066 4.75541e-05 0.00111696 -0.000173925 -7.36681e-05 -0.00306639 -0.00456767 0.00069422 4.2238e-05 0.000221512 8.04564e-06 -0.00169355 7.50626e-05 0.0017734 -0.00127264 -0.00173157 -0.000929432 -0.0013644 0.00288915 0.000321338 -0.0067198 -0.000293009 -0.00263522 -0.00223997 -0.00362682 -6.52706e-05 -0.000356529
internal_weight=40563 40413 39000 33625 31542 5411 26131 25451 948 797 4947 24503 22210 20507 2293 1198 202 4030 3620 2904 5375 1271 16477 595 2917 2458 2316 1095 3676 3491
internal_count=40563 40413 39000 33625 31542 5411 26131 25451 948 797 4947 24503 22210 20507 2293 1198 202 4030 3620 2904 5375 1271 16477 595 2917 2458 2316 1095 3676 3491
is_linear=0
shrinkage=0.03


Tree=188
num_leaves=31
num_cat=0
split_feature=30 0 17 14 28 15 14 18 0 23 0 33 28 39 8 7 27 39 6 16 30 28 14 7 25 27 0 35 35 0
split_gain=11.7452 10.1943 13.6367 8.53359 8.17625 7.93323 15.1118 11.2634 20.635 20.0248 17.6943 11.3294 9.19636 8.96795 7.31961 7.28637 7.91538 7.46477 9.29424 8.02886 7.14143 7.12269 6.76105 6.64269 6.51896 6.43447 6.40988 6.34353 6.05921 5.86457
threshold=575.09500000000014 14.500000000000002 827.62016500000004 31.695000000000004 25936.687500000004 74.304300000000012 91.975000000000009 1.0000000180025095e-35 5.5000000000000009 2.5000000000000004 5.5000000000000009 105.00250000000001 30130.000000000004 -61.574999999999989 201.35000000000005 3.564236111111112 26213.354166666668 -66.004999999999981 9.6625550660792978 14207.137538159812 158.13000000000002 42305.048593750005 294.89000000000004 9.1128472222222268 90.912916666666675 53442.998489583348 6.5000000000000009 72.760000000000005 145.46750000000003 20.500000000000004
decision_type=10 2 10 10 10 8 10 2 2 2 2 10 10 8 2 2 8 10 2 10 8 10 10 2 10 10 2 10 10 2
left_child=1 2 3 -1 -3 25 12 8 13 14 -9 -11 -7 23 -10 24 -17 18 19 -18 -15 -12 -23 -8 -6 -5 -14 -22 -13 -19
right_child=-2 4 -4 5 15 6 7 10 9 11 21 28 26 20 -16 16 17 29 -20 -21 27 22 -24 -25 -26 -27 -28 -29 -30 -31
leaf_value=-0.11727179940246193 1.1542786220331145 0.38084234761420532 -0.046114477393429991 0.011356178706782707 0.089289486615040367 0.42367356810517165 0.16911833465921305 0.035125531524184905 0.061952530273729566 -0.0083442492352401136 -0.25267038704303574 0.5374028508388049 -0.18011556764108205 -0.025685424579404807 -0.021950467102291638 -0.38313456231050169 0.40881111024799704 0.014017246799690639 0.024655424299977895 -0.28642738445820587 -0.11756189994695092 -0.080530695368562985 0.57152440219582612 -0.32252486290727483 0.0062785788527934721 0.17887878313812741 -0.048574512948228871 -0.39896740412014564 -0.081480138820591741 -0.021459982974950689
leaf_weight=158 156 588 4305 7488 640 60 617 1324 2477 229 1355 658 460 2403 1674 145 270 6088 2889 42 857 319 76 75 552 94 317 121 42 3948
leaf_count=158 156 588 4305 7488 640 60 617 1324 2477 229 1355 658 460 2403 1674 145 270 6088 2889 42 857 319 76 75 552 94 317 121 42 3948
internal_value=2.70852e-05 -4.84207e-06 -0.000375747 -5.76784e-05 0.000609378 -4.35899e-06 -0.000452354 -0.000185231 0.000342473 0.00161779 -0.0017561 0.00559677 -0.00434964 -0.00124816 0.000726156 0.000469297 0.000268998 0.000345596 0.00160681 0.00651757 -0.00188498 -0.00373501 -0.000189394 0.00186147 0.00271584 0.000767506 -0.00522494 -0.00404494 0.0074893 -5.67899e-05
internal_weight=40427 40271 25109 20804 15162 20646 13064 12227 9153 5080 3074 929 837 4073 4151 14574 13382 13237 3201 312 3381 1750 395 692 1192 7582 777 978 700 10036
internal_count=40427 40271 25109 20804 15162 20646 13064 12227 9153 5080 3074 929 837 4073 4151 14574 13382 13237 3201 312 3381 1750 395 692 1192 7582 777 978 700 10036
is_linear=0
shrinkage=0.03


Tree=189
num_leaves=31
num_cat=0
split_feature=27 4 25 37 7 5 4 28 38 12 15 13 4 25 14 27 7 14 27 5 27 16 6 39 5 32 7 24 5 27
split_gain=10.4744 9.45682 12.7991 9.16298 7.9695 7.94746 9.88675 8.91687 10.1701 9.89347 9.04001 10.5489 8.93843 8.21534 12.641 9.27583 11.4488 8.75693 8.00913 7.70808 7.57959 11.9653 8.59048 16.5035 8.13459 7.58857 9.14914 7.54683 7.9271 7.48082
threshold=24313.729166666672 244.50000000000003 443.54708333333343 111.355 3.8559027777777781 39206.250000000007 257.50000000000006 30825.875000000004 -1.7187499999999856 2.5441666666666669 72.386250000000004 99.790000000000006 359.50000000000006 46.149062500000007 131.75250000000003 50818.916666666672 6.0156250000000027 104.55500000000002 30776.395833333339 53651.375000000007 45776.812500000007 14622.300843884836 8.7502202643171838 -17.345000000000002 78275.000000000015 205.76625000000004 7.4739583333333348 3.5550000000000002 49506.250000000007 42357.653229166674
decision_type=8 2 10 10 2 2 2 10 10 10 8 10 2 10 10 10 2 10 10 2 10 8 2 10 2 10 2 10 2 10
left_child=1 -1 -3 4 -2 6 -6 19 9 -9 11 18 20 -11 15 -15 17 -17 -10 -7 22 -22 23 -12 -23 -25 -27 -20 -29 -24
right_child=3 2 -4 -5 5 7 -8 8 10 13 12 -13 -14 14 -16 16 -18 -19 27 -21 21 24 29 25 -26 26 -28 28 -30 -31
leaf_value=0.79617033734532017 0.026604002568960752 0.92570473683848886 -0.98597044263802869 -0.31101002422016177 -0.014815428321758474 0.055603285556938997 -0.15134235983340733 -0.36420013093185888 -0.11740912160532783 0.072820164619688724 0.15909701708658444 0.48110494250190455 -0.47283462365687906 -0.037465798436502523 0.070590381740680497 0.0605836941250536 0.14858232397235682 -0.24061805425860491 0.030634311959530522 0.53023107208277165 -0.020788348570072938 -0.15031960378845766 -0.024804604206775452 -0.066307912479973655 0.042817972576202616 0.28680597346724795 -0.2071517374271967 -0.033606968538123852 0.017541943652519584 -0.13990772863805148
leaf_weight=448 6707 91 132 638 4015 2525 968 88 154 1643 917 89 167 2637 2260 104 242 91 788 303 1511 759 4107 1413 82 434 134 2819 3550 767
leaf_count=448 6707 91 132 638 4015 2525 968 88 154 1643 917 89 167 2637 2260 104 242 91 788 303 1511 759 4107 1413 82 434 134 2819 3550 767
internal_value=5.80278e-05 0.00377232 -0.00127232 -4.50981e-06 5.34691e-05 -0.000140475 -0.00124298 5.87276e-05 -0.000123601 0.000838523 -0.000507857 0.000291852 -0.00108288 0.000965176 0.000393627 -0.000858537 0.00318493 -0.00221939 0.000166165 0.00165429 -0.000968889 -0.00246069 -0.000517175 0.00077613 -0.0053266 -0.000764379 0.00216169 0.000312238 -3.06122e-05 -0.00128615
internal_weight=40583 671 223 39912 39274 32567 4983 27584 24756 7065 17691 7400 10291 6977 5334 3074 437 195 7311 2828 10124 2352 7772 2898 841 1981 568 7157 6369 4874
internal_count=40583 671 223 39912 39274 32567 4983 27584 24756 7065 17691 7400 10291 6977 5334 3074 437 195 7311 2828 10124 2352 7772 2898 841 1981 568 7157 6369 4874
is_linear=0
shrinkage=0.03


Tree=190
num_leaves=31
num_cat=0
split_feature=38 29 6 8 38 6 28 15 27 6 9 7 27 32 39 22 5 14 25 25 28 27 5 7 11 27 32 14 27 5
split_gain=10.0015 9.17408 10.2601 7.80978 8.25331 8.51424 9.52185 12.7447 13.1168 10.9536 10.5223 9.75049 9.47246 9.01179 9.07355 8.86953 8.35579 11.3861 9.48714 8.53984 8.20918 9.09158 7.72771 7.21846 7.08636 8.16848 6.71555 7.78652 10.1109 9.32762
threshold=498.86000000000007 -8.6387499999999982 27.638325991189436 718.48750000000007 -1.4925000000000004 5.6696035242290757 34271.375000000007 73.383750000000006 33594.124322916679 8.8337004405286361 21.365000000000006 10.565972222222223 37123.323072916675 225.00500000000002 -21.669999999999991 1.0000000180025095e-35 39206.250000000007 91.975000000000009 87.964322916666674 32.776666666666678 43826.312500000007 43597.613906250008 59954.750000000007 5.4913194444444473 35.025000000000013 41884.911197916677 123.21500000000002 129.05750000000003 26213.354166666668 49506.250000000007
decision_type=10 10 2 2 10 2 10 10 10 2 10 2 10 10 10 2 2 10 10 10 10 10 2 2 10 10 10 10 10 2
left_child=1 -1 3 4 16 12 9 8 -8 -7 -10 15 -6 14 -14 -9 17 19 -19 -3 22 -22 -18 -11 25 -12 27 29 -29 -25
right_child=-2 2 -4 -5 5 6 7 11 10 23 24 -13 13 -15 -16 -17 20 18 -20 -21 21 -23 -24 26 -26 -27 -28 28 -30 -31
leaf_value=-0.092795316721066334 1.438802187429552 -0.01785346216065252 0.072223886818120919 -0.087822120592147557 0.25741380788448365 0.183848639485027 -0.16959416297017865 -0.045294383328252932 0.026553861579786169 0.045499465051060423 -0.11543390314379511 -0.27650360833788368 0.085748677230651243 0.21632975740823782 -0.015562423718119476 -0.60988426904218096 0.043448669556912164 0.050598843299495364 -0.042534868399700936 -0.20142732487429235 -0.30684745383859469 0.0026232105148224247 0.33275472299141329 -0.089877332826596212 0.0062154902445510623 0.017731700519913501 -0.15274774332674282 -0.46188475633663184 0.16094564558445767 0.19467561530832458
leaf_weight=575 108 504 1329 532 426 606 321 7093 1493 2908 1169 250 865 433 2859 193 5907 1584 981 395 147 1992 260 758 3853 633 1166 129 693 166
leaf_count=575 108 504 1329 532 426 606 321 7093 1493 2908 1169 250 865 433 2859 193 5907 1584 981 395 147 1992 260 758 3853 633 1166 129 693 166
internal_value=7.43882e-06 -1.71552e-05 3.74565e-05 -5.24571e-05 -1.58793e-06 -0.000299827 -0.000550812 -0.000964614 -8.63454e-05 0.000415435 0.000180445 -0.00183495 0.000873691 0.000436508 -4.02685e-05 -0.00163442 0.000657548 -0.000580087 0.000438426 -0.00348333 0.00117371 -0.00042757 0.00172909 1.54613e-05 -0.000411068 -0.00196339 -0.00104016 0.000137378 0.00226002 -0.00175135
internal_weight=40328 40220 39645 38316 37784 26014 21431 15005 7469 6426 7148 7536 4583 4157 3724 7286 11770 3464 2565 899 8306 2139 6167 5820 5655 1802 2912 1746 822 924
internal_count=40328 40220 39645 38316 37784 26014 21431 15005 7469 6426 7148 7536 4583 4157 3724 7286 11770 3464 2565 899 8306 2139 6167 5820 5655 1802 2912 1746 822 924
is_linear=0
shrinkage=0.03


Tree=191
num_leaves=31
num_cat=0
split_feature=38 6 8 5 41 7 41 13 28 4 4 5 7 4 15 39 22 4 10 24 4 4 15 16 28 39 26 24 13 4
split_gain=10.538 9.63225 10.3405 9.51911 8.64481 8.87322 8.43479 9.03606 8.98583 12.2288 13.6412 12.1787 15.1079 14.5024 12.438 11.0869 13.421 10.9435 9.29307 9.28169 9.62911 9.60318 11.7183 9.58018 13.0564 9.22427 8.79155 9.81193 8.17093 7.8384
threshold=498.86000000000007 32.257709251101325 654.24375000000009 40600.562500000007 -6429.3584651195806 3.2552083333333344 13259.921016334762 107.67500000000003 43899.500000000007 356.50000000000006 363.50000000000006 50802.187500000007 5.7656250000000018 271.50000000000006 17.516145833333336 -89.571249999999992 1.0000000180025095e-35 84.500000000000014 63.745000000000012 6.3550000000000013 32.500000000000007 28.500000000000004 47.308697916666667 447.36685737163231 46999.886562500011 -17.345000000000002 42671.017500000009 84.185000000000016 144.90000000000003 291.50000000000006
decision_type=10 2 2 2 10 2 10 10 8 2 2 2 2 2 10 10 2 2 10 8 2 2 8 8 10 10 10 8 10 2
left_child=1 2 6 -4 5 -5 8 -8 11 19 -11 12 -1 17 -15 -13 18 -14 -17 -10 21 22 -21 24 -22 -20 27 -27 -28 -16
right_child=-2 -3 3 4 -6 -7 7 -9 9 10 -12 15 13 14 29 16 -18 -19 25 20 23 -23 -24 -25 -26 26 28 -29 -30 -31
leaf_value=0.013640327828391729 1.5943879763189703 0.25115257571096683 -0.40716163107510395 0.060372908921572564 -0.19984356766216915 -0.031438400965820991 0.1588253527314552 -0.09872392491033892 0.061232558233170566 0.15899882677398905 -0.1712461565870366 0.28861891206483548 -0.18648436812709632 0.11501607013373713 -0.39587049771884836 -0.012233735010172957 -0.38701587114062996 -0.0023003386411425703 0.1337773528411339 0.0863525677527376 0.23950863153392998 0.097728436104339095 -0.019885066134036646 -0.066373768068430081 -0.082084449449793054 0.076783552908230482 0.014257315830240955 -0.018006632755700025 0.43923208040817613 -0.14529652394680059
leaf_weight=13126 105 326 208 271 260 945 649 167 252 246 78 661 510 94 621 1672 183 6010 1929 157 186 331 2001 4517 97 285 367 2511 372 1292
leaf_count=13126 105 326 208 271 260 945 649 167 252 246 78 661 510 94 621 1672 183 6010 1929 157 186 331 2001 4517 97 285 367 2511 372 1292
internal_value=3.45041e-05 9.67142e-06 -3.22508e-05 -0.00233234 -0.00148274 -0.000419063 6.89025e-05 0.00308446 3.20009e-06 -0.000898169 0.0048 0.000242458 -0.000126766 -0.00110987 -0.00333914 0.0012442 0.000907787 -0.000423248 0.00111391 -0.0011436 -0.00133951 0.000174699 -0.000555813 -0.00212456 0.00322183 0.00171272 0.000801753 3.21773e-05 0.00370946 -0.00386364
internal_weight=40429 40324 39998 1684 1476 1216 38314 816 37498 7865 324 29633 21653 8527 2007 7980 7319 6520 7136 7541 7289 2489 2158 4800 283 5464 3535 2796 739 1913
internal_count=40429 40324 39998 1684 1476 1216 38314 816 37498 7865 324 29633 21653 8527 2007 7980 7319 6520 7136 7541 7289 2489 2158 4800 283 5464 3535 2796 739 1913
is_linear=0
shrinkage=0.03


Tree=192
num_leaves=31
num_cat=0
split_feature=7 24 1 40 6 27 15 7 5 40 5 15 41 24 5 5 15 32 41 26 4 32 15 15 1 31 27 18 32 27
split_gain=9.03242 12.1926 9.69393 9.44946 9.13971 9.9491 8.79336 8.71391 7.65546 7.35523 8.88074 7.46901 7.20591 9.05574 7.07985 6.62081 7.05737 10.1401 9.35211 8.86241 9.41782 10.4336 8.76372 8.51223 8.35186 7.19338 6.87505 6.6973 6.61497 7.52815
threshold=5.1579861111111134 310.08500000000004 1.5000000000000002 6.8499999999999979 10.483480176211454 39951.270833333343 331.09791666666672 6.2170138888888911 36766.687500000007 -20.746249999999993 44300.437500000007 141.38572916666669 -6001.2337053754554 51.295000000000009 47700.375000000007 48103.500000000007 71.413958333333355 156.82500000000002 -3636.8507430683017 52590.348750000012 32.500000000000007 31.990000000000006 205.21437500000005 57.817291666666669 4.5000000000000009 25.750000000000004 45403.521718750002 1.5000000000000002 37.715000000000011 40189.291666666672
decision_type=2 10 2 10 2 10 10 2 2 10 2 10 8 8 2 2 8 10 10 8 2 10 8 10 2 10 10 2 10 10
left_child=1 -1 -3 4 5 9 15 -6 -9 10 -2 14 13 -10 -11 -7 19 18 22 20 23 26 27 -17 -25 -20 -22 -18 -14 -30
right_child=3 2 -4 -5 7 6 -8 8 12 11 -12 -13 28 -15 -16 16 17 -19 25 -21 21 -23 -24 24 -26 -27 -28 -29 29 -31
leaf_value=0.0053884397322165253 0.0057278254810281875 0.81412070468290265 0.17608622443394437 -0.10439411497471851 0.0068737634978457149 -0.10288921575454234 -0.68479508477733875 -0.11103785994514036 0.035244159696571832 -0.017007698138709174 0.38138921428886097 -0.077653540829142137 -0.10572490813782728 -0.11108739650950639 0.12361759171289932 0.099119550951819763 -0.084239024619966615 0.088503350050030322 -0.39738401845481464 0.16835171456725398 0.064180574277989524 -0.046143526056875606 0.64254833401198053 0.02669921150946454 -0.21544162908612288 0.016105744813643311 -0.04381044277697789 -0.2970549592440288 -0.0035857035946198577 -0.1199419745820906
leaf_weight=16750 268 391 877 2100 4835 395 105 591 850 340 535 464 1537 407 489 328 1075 928 60 152 574 722 48 144 40 1392 284 156 2750 1110
leaf_count=16750 268 391 877 2100 4835 395 105 591 850 340 535 464 1537 407 489 328 1075 928 60 152 574 722 48 144 40 1392 284 156 2750 1110
internal_value=-2.69055e-05 0.000474499 0.00330969 -0.000425265 -0.000229592 0.000524118 -6.32417e-05 -0.000759871 -0.00141802 0.0023176 0.0045709 0.000915765 -0.00112697 0.000918124 0.00262048 8.09652e-05 0.000332825 -0.000479508 -0.00140007 0.00165702 0.00114668 0 -0.00326953 0.00467836 -0.000486486 0.000247763 0.00223516 -0.00376218 -0.00160337 -0.000940171
internal_weight=40697 18018 1268 22679 20579 8499 6403 12080 7245 2096 803 1293 6654 1257 829 6298 5903 3659 2731 2244 2092 1580 1279 512 184 1452 858 1231 5397 3860
internal_count=40697 18018 1268 22679 20579 8499 6403 12080 7245 2096 803 1293 6654 1257 829 6298 5903 3659 2731 2244 2092 1580 1279 512 184 1452 858 1231 5397 3860
is_linear=0
shrinkage=0.03


Tree=193
num_leaves=31
num_cat=0
split_feature=0 17 9 28 30 39 6 41 24 41 5 7 4 34 39 5 27 12 27 25 38 7 5 9 1 0 1 4 24 10
split_gain=10.4191 9.21809 10.2027 9.19022 8.78827 8.41449 11.8396 8.16237 7.57832 11.4214 7.15962 10.8119 9.81065 7.65441 7.46321 7.21198 7.08341 11.5267 7.32063 7.03193 8.18287 6.79945 6.76499 6.55795 6.50571 6.53307 6.44426 7.3041 6.53987 10.0914
threshold=14.500000000000002 1272.1377000000002 18.320000000000004 24013.659722222226 -0.074999999999999997 -27.02 8.9114537444933948 -3801.4259336516147 1.0000000180025095e-35 -5020.8164688564348 63889.937500000007 7.7343750000000009 2.5000000000000004 39.225000000000001 -14.504999999999994 39350.937500000007 43327.551093750008 63.589479166666678 42524.458333333336 28.813854166666669 -1.0000000180025095e-35 6.4809027777777795 78275.000000000015 63.701250000000009 5.5000000000000009 20.500000000000004 3.5000000000000004 162.50000000000003 54.29375000000001 81.965000000000018
decision_type=2 10 10 8 10 8 2 10 10 8 2 2 2 8 10 2 10 10 10 10 10 2 2 10 2 2 2 2 10 10
left_child=1 10 4 21 -3 6 -5 23 9 -6 11 12 -1 -13 -12 -15 18 -18 -16 20 -17 -2 -19 -4 25 -7 27 -8 -28 -30
right_child=3 2 7 5 8 24 26 -9 -10 -11 14 13 -14 15 16 19 17 22 -20 -21 -22 -23 -24 -25 -26 -27 28 -29 29 -31
leaf_value=-0.22133645779022909 1.1988682537708972 -0.062928187626145049 -0.086191081146819115 0.14477721871415411 0.050288157300129484 0.0069252185201136339 0.0042171282067501731 -0.056903502192670742 -0.0051849763376418945 -0.031673505772312843 0.12213696556200446 0.047429191611675137 0.0013094024105507174 -0.16840020080306883 0.029171258881012817 0.17691579602446991 0.034698133235082834 -0.098498868900528141 0.40479989108080755 -0.10165701120973274 -0.013035098424219857 -0.32870607829183668 0.07673497218224383 -0.49700547248967641 0.065290830224137397 -0.034326454455332181 0.026572306341632421 0.11214186377339799 -0.20404570237275751 -0.0020698098492023575
leaf_weight=58 226 532 446 845 301 3532 1748 1689 832 141 647 189 16022 269 577 64 284 684 211 1882 168 40 185 242 940 2600 1243 2201 454 1375
leaf_count=58 226 532 446 845 301 3532 1748 1689 832 141 647 189 16022 269 577 64 284 684 211 1882 168 40 185 242 940 2600 1243 2201 454 1375
internal_value=4.172e-05 -0.000329806 -0.00161687 0.00066294 8.30105e-05 0.000564295 0.00123935 -0.00290791 0.00143529 0.00460497 -7.62676e-05 -0.000281456 7.46222e-06 -0.00208706 0.00140209 -0.00254824 0.000471164 -0.00102686 0.0026616 -0.00195745 0.00296137 0.00617978 -0.00274138 -0.00566038 -0.000186625 -0.000542964 0.000835232 0.00163671 -0.000195249 -0.00133607
internal_weight=40627 25423 4183 15204 1806 14938 7866 2377 1274 442 21240 18652 16080 2572 2588 2383 1941 1153 788 2114 232 266 869 688 7072 6132 7021 3949 3072 1829
internal_count=40627 25423 4183 15204 1806 14938 7866 2377 1274 442 21240 18652 16080 2572 2588 2383 1941 1153 788 2114 232 266 869 688 7072 6132 7021 3949 3072 1829
is_linear=0
shrinkage=0.03


Tree=194
num_leaves=31
num_cat=0
split_feature=6 9 8 23 41 7 7 0 39 5 17 9 41 6 4 8 10 6 28 13 28 7 41 5 15 14 14 15 4 39
split_gain=9.73435 8.80204 8.10584 8.87719 11.4452 7.72028 7.48644 7.30827 12.3562 10.3104 9.85957 8.79462 9.35379 8.40313 7.97876 7.8235 10.7278 8.66552 8.55766 8.74788 12.7198 7.02935 6.74904 6.63327 6.70884 9.6944 8.77383 9.47956 11.2254 9.24465
threshold=32.257709251101325 644.96000000000015 643.2750000000002 4.5000000000000009 -6521.3200614441148 11.862847222222227 3.2552083333333344 13.500000000000002 -66.004999999999981 48500.625000000007 1837.2556150000003 18.320000000000004 -3098.7414528579498 19.3535242290749 2.5000000000000004 0.13750000000000004 51.205000000000005 9.8103524229074921 39217.355156250007 76.780000000000015 28498.875000000004 6.2170138888888911 -4341.254489752514 72108.125000000015 167.20895833333336 168.10000000000002 168.10000000000002 74.304300000000012 349.50000000000006 -13.609999999999991
decision_type=2 10 2 2 10 2 2 2 10 2 10 10 10 2 2 2 10 2 10 10 10 2 8 2 8 10 10 10 2 10
left_child=1 2 5 4 6 7 -4 10 9 21 14 22 -13 -14 -1 16 -10 -17 19 -19 -21 -9 -12 24 26 -26 27 -16 -29 -28
right_child=-2 -3 3 -5 -6 -7 -8 8 15 -11 11 12 13 -15 23 17 -18 18 -20 20 -22 -23 -24 -25 25 -27 29 28 -30 -31
leaf_value=-0.22089768784407993 0.27190068646158144 1.0559681715745466 0.07181199366760363 -0.2750125311863989 -0.15570191973997508 -0.15425417465639474 -0.0065758984418501868 0.07812626142555916 -0.099560991541207927 0.2049865100668451 0.027278304168314314 -0.21973512048684268 -0.088199936318814162 0.11465502092876882 0.011916940069721953 0.078479890239622138 -0.012044969035337657 0.063916200486133043 -0.041810825934100675 0.26019715768892865 -0.093383898695749243 -0.026863608932054743 -0.044663447907911935 0.089343803344557202 -0.37402393323595567 -0.038637437509386814 0.12590347242879651 -0.020489537406711944 -0.24006000142079273 -0.0047908274562377074
leaf_weight=125 299 154 216 543 285 267 831 1240 365 1267 520 509 988 228 7158 1643 3787 2236 2267 555 880 969 626 792 168 3811 1584 4961 241 1186
leaf_count=125 299 154 216 543 285 267 831 1240 365 1267 520 509 988 228 7158 1643 3787 2236 2267 555 880 969 626 792 168 3811 1584 4961 241 1186
internal_value=6.59673e-05 2.59882e-05 -1.49072e-06 -0.00192697 -0.000607652 9.26409e-05 0.000844466 0.000128323 0.000638067 0.0022088 -0.00021028 -0.00185411 -0.00320684 -0.00177486 2.54656e-05 0.000172575 -0.000874067 0.000745845 0.000212157 0.00110703 -0.000720752 0.000970588 0.000183086 7.31082e-05 -3.84615e-05 -0.00113442 0.000249818 -9.22255e-05 -0.00106669 0.00177553
internal_weight=40701 40402 40248 1875 1332 38373 1047 38106 15209 3476 22897 2871 1725 1216 20026 11733 4152 7581 5938 3671 1435 2209 1146 19901 19109 3979 15130 12360 5202 2770
internal_count=40701 40402 40248 1875 1332 38373 1047 38106 15209 3476 22897 2871 1725 1216 20026 11733 4152 7581 5938 3671 1435 2209 1146 19901 19109 3979 15130 12360 5202 2770
is_linear=0
shrinkage=0.03


Tree=195
num_leaves=31
num_cat=0
split_feature=28 5 29 40 41 15 30 28 4 12 28 40 9 34 13 15 27 15 15 6 40 15 4 16 11 9 3 10 5 4
split_gain=9.69741 14.4412 7.99144 7.77778 7.50547 8.42205 11.8475 12.9895 9.84052 8.97611 10.1977 10.0693 8.40194 7.85386 7.56013 13.8249 13.8752 14.7861 11.8346 10.1393 11.2282 9.80817 9.04618 8.85268 7.37486 9.78281 9.57769 8.25487 7.46094 7.45925
threshold=30825.875000000004 51956.250000000007 584.65375000000006 3.5549999999999788 13654.425545070624 71.413958333333355 49.945000000000007 45684.93703125001 358.50000000000006 47.685468750000005 46673.012500000004 -77.882499999999979 14.475000000000003 160.51500000000001 40.170000000000009 197.65354166666671 41842.812500000007 171.18250000000003 91.202500000000001 10.983480176211456 -12.517499999999982 167.20895833333336 350.50000000000006 15061.589159722398 15.293750000000001 175.68000000000004 1.0000000180025095e-35 192.94000000000003 39056.250000000007 182.50000000000003
decision_type=8 2 10 8 10 8 10 10 2 10 10 10 10 10 10 10 10 10 10 2 10 10 2 8 10 10 2 8 2 2
left_child=1 2 24 4 5 8 13 14 9 10 11 -2 -11 -7 15 16 17 -8 -18 20 22 -21 -16 -20 -1 26 29 -27 -29 -26
right_child=3 -3 -4 -5 -6 6 7 -9 -10 12 -12 -13 -14 -15 19 -17 18 -19 23 21 -22 -23 -24 -25 25 27 -28 28 -30 -31
leaf_value=-0.16340327044659458 0.037143917047848425 0.52098369118449339 1.2864537225387391 -0.038651330355500023 0.11185691551204627 -0.10073731875920572 0.073551649749469983 -0.045906551167845887 0.11577441377670354 0.07092283367936765 -0.22336446927346046 -0.019074785921297844 0.017150842575391925 0.4767490045588812 0.13215103314311946 0.75514943047949834 -0.22342094857992861 -0.7678060832970891 0.13702727003404092 -0.015132845385137159 -0.01970983667059677 -0.26894298505642411 -0.5113876436765693 -0.13333805803380117 0.15857706388893589 -0.16240474651619322 -0.39301066933855805 -0.31059679250564981 0.080393026667118186 0.044856489459880321
leaf_weight=91 1096 621 129 4967 648 1705 2433 3025 235 409 181 4613 7074 91 1294 113 231 100 243 3693 1966 559 115 121 662 398 108 552 1913 1063
leaf_count=91 1096 621 129 4967 648 1705 2433 3025 235 409 181 4613 7074 91 1294 113 231 100 243 3693 1966 559 115 121 662 398 108 552 1913 1063
internal_value=1.11248e-06 0.00116739 0.000622331 -0.000183886 -1.5027e-06 -7.21892e-05 -0.000545889 -0.000249388 0.000473951 0.000366756 -0.000509251 -0.00028634 0.00105625 -0.00283806 0.000234612 0.00144818 0.00107383 0.00204223 -0.0030453 -0.000281201 0.000946386 -0.00125558 0.00298936 0.000328767 0.000422932 0.000587609 0.00229826 -0.000508031 0.000139903 0.00284183
internal_weight=40449 5537 4916 34912 29945 29297 15689 13893 13608 13373 5890 5709 7483 1796 10868 3241 3128 2533 595 7627 3375 4252 1409 364 4787 4696 1833 2863 2465 1725
internal_count=40449 5537 4916 34912 29945 29297 15689 13893 13608 13373 5890 5709 7483 1796 10868 3241 3128 2533 595 7627 3375 4252 1409 364 4787 4696 1833 2863 2465 1725
is_linear=0
shrinkage=0.03


Tree=196
num_leaves=31
num_cat=0
split_feature=26 40 7 4 5 4 28 12 14 15 13 8 14 39 4 4 14 13 4 5 4 13 38 29 2 7 16 4 35 12
split_gain=9.49194 8.46282 9.52935 10.9443 9.37745 12.9652 9.78232 8.39554 16.9506 15.9414 11.231 10.3428 9.7225 8.73987 8.45488 7.38407 7.34882 14.1991 9.69906 9.35417 7.48942 11.1625 7.67928 7.31707 7.31176 8.24429 7.53166 8.15545 7.58717 7.55051
threshold=23889.000000000004 -46.034999999999989 4.7517361111111134 259.50000000000006 55881.062500000007 325.50000000000006 39837.956718750007 54.161250000000003 87.465000000000018 77.63375000000002 40.170000000000009 579.24375000000009 89.798750000000013 3.100000000000009 2.5000000000000004 32.500000000000007 113.44500000000001 1.5350000000000004 262.50000000000006 47101.562500000007 268.50000000000006 153.17000000000004 168.99500000000003 584.65375000000006 10.500000000000002 11.862847222222227 4457.0597075892501 190.50000000000003 33.540000000000042 82.031041666666681
decision_type=8 8 2 2 2 2 10 8 8 8 10 2 8 10 2 2 10 10 2 2 2 10 10 10 2 2 8 2 10 10
left_child=23 24 -3 7 6 -6 16 10 9 -9 15 12 -10 14 -14 -4 19 -18 -19 -5 -20 22 -22 -1 26 -26 27 -2 -28 -29
right_child=1 2 3 4 5 -7 -8 8 11 -11 -12 -13 13 -15 -16 -17 17 18 20 -21 21 -23 -24 -25 25 -27 28 29 -30 -31
leaf_value=0.19680577604869048 0.014778680808343882 0.0092445218068196409 0.032213180341569225 -0.296283708503148 0.15217563071426923 -0.058684476932071447 -0.18584701551855082 0.066519900589086231 -0.15635876913210395 -0.19284203140428322 -0.13872502501209352 -0.17626740151859877 -0.61052579339807511 -0.29874488783532382 0.0094149811517313959 -0.036678437906780124 0.25742743860728085 -0.88157849949633138 0.3214952213587034 -0.032658073765955462 -0.070763327331935674 -1.3677664737164505 1.1489189585770003 1.5584245069439759 0.094431108096351288 -0.205746988673979 -0.02179306240593858 0.2297627965277384 0.50123978390190582 -0.066551633292058113
leaf_weight=517 1745 12206 351 259 380 1491 992 966 131 76 134 572 51 114 9058 3120 177 94 82 247 1396 142 47 101 1159 40 3707 583 271 121
leaf_count=517 1745 12206 351 259 380 1491 992 966 131 76 134 572 51 114 9058 3120 177 94 82 247 1396 142 47 101 1159 40 3707 583 271 121
internal_value=-2.97538e-06 -6.04336e-05 -0.000273943 -0.00067904 -0.00184533 -0.000136218 -0.00277568 -0.00025422 0.000158629 0.00379674 -0.00150998 -0.000223633 1.60342e-05 0.000131722 0.000235456 -0.00117944 -0.0017546 -0.000912842 -0.00172815 -0.00497041 -0.00119604 -0.00165511 -0.000862188 0.00368336 0.000837813 0.0029875 0.000436372 0.0017449 -0.00036944 0.00446809
internal_weight=40330 39712 32086 19880 5307 1871 3436 14573 10968 1042 3605 9926 9354 9223 9109 3471 2444 1938 1761 506 1667 1585 1443 618 7626 1199 6427 2449 3978 704
internal_count=40330 39712 32086 19880 5307 1871 3436 14573 10968 1042 3605 9926 9354 9223 9109 3471 2444 1938 1761 506 1667 1585 1443 618 7626 1199 6427 2449 3978 704
is_linear=0
shrinkage=0.03


Tree=197
num_leaves=31
num_cat=0
split_feature=38 0 18 0 15 0 8 23 37 13 29 4 7 6 4 13 41 28 33 1 25 32 9 25 25 38 0 6 28 4
split_gain=10.2318 8.90759 8.76655 32.9439 12.4363 12.3402 22.0012 21.5709 10.286 10.0637 10.7978 10.0369 9.43393 9.34529 7.97138 7.8599 7.60208 7.26805 7.23668 8.2774 10.7299 7.08836 7.07999 6.71965 6.53552 6.44665 7.13135 6.83933 11.7425 9.23502
threshold=498.86000000000007 14.500000000000002 1.0000000180025095e-35 4.5000000000000009 40.963854166666671 5.5000000000000009 158.18125000000003 1.5000000000000002 0.10999999999999972 68.333750000000009 106.09875000000001 6.5000000000000009 4.5954861111111134 22.623127753303965 348.50000000000006 59.82500000000001 -8169.4226699253222 49591.399375000008 361.39000000000004 1.5000000000000002 257.19208333333341 165.99000000000004 57.915000000000006 47.308697916666667 364.06333333333345 -4.8750000000000062 22.500000000000004 13.910352422907492 39046.516718750012 160.50000000000003
decision_type=10 2 2 2 8 2 2 2 8 8 8 2 2 2 2 10 8 10 10 2 10 10 10 10 10 10 2 2 10 2
left_child=1 2 5 11 -5 8 7 12 21 16 13 -4 -7 -11 -10 23 -6 -18 25 -20 -21 -1 -9 -13 -17 -3 27 28 -27 -29
right_child=-2 18 3 4 9 6 -8 22 14 10 -12 15 -14 -15 -16 24 17 -19 19 20 -22 -23 -24 -25 -26 26 -28 29 -30 -31
leaf_value=0.0017095043537402432 1.3376576682154813 0.044050630121354781 -0.16487054151780975 -0.0047231595270016413 -0.028277684884909553 0.085921697605872108 -0.01552145789686115 0.11896040502049267 -0.06125981652854378 0.11345275460079278 -0.14733034285445271 0.051993643612007853 0.00051634602375543175 -0.41019071612518199 -0.41054245590197919 0.12120563589032719 -0.25170962357854831 0.015916730196507557 0.82794096586247345 1.0196697720902701 -0.021599427456417287 -0.13225653259745429 0.37201104837814936 -0.043802848568352315 -0.58061099052946585 0.16932280745658332 -0.062820709096688604 -0.048503670747191238 0.0057457089207475316 0.012884689206911161
leaf_weight=4657 112 3503 58 1521 333 1336 5414 526 1724 473 1272 795 2651 60 129 998 1476 132 228 88 546 532 602 721 55 1077 994 2060 3286 3251
leaf_count=4657 112 3503 58 1521 333 1336 5414 526 1724 473 1272 795 2651 60 129 998 1476 132 228 88 546 532 602 721 55 1077 994 2060 3286 3251
internal_value=1.18195e-05 -1.33337e-05 -0.000355179 -0.00118556 -0.0025541 1.79262e-05 0.000668091 0.00207877 -0.000954139 -0.00348279 -0.00186877 0.00155822 0.00104188 0.00171348 -0.00287217 0.00183852 -0.00498198 -0.00583592 0.000565718 0.00323291 0.00146457 -0.000268786 0.00573959 0.000454845 0.00382827 0.00040326 3.65545e-05 0.000285271 0.00116522 -0.000437688
internal_weight=40610 40498 25465 7894 5267 17571 10529 5115 7042 3746 1805 2627 3987 533 1853 2569 1941 1608 15033 862 634 5189 1128 1516 1053 14171 10668 9674 4363 5311
internal_count=40610 40498 25465 7894 5267 17571 10529 5115 7042 3746 1805 2627 3987 533 1853 2569 1941 1608 15033 862 634 5189 1128 1516 1053 14171 10668 9674 4363 5311
is_linear=0
shrinkage=0.03


Tree=198
num_leaves=31
num_cat=0
split_feature=7 33 1 27 31 8 25 38 26 39 12 41 22 14 25 6 4 27 27 13 41 8 29 6 7 39 16 27 4 4
split_gain=8.18173 10.1185 9.16806 7.318 7.0702 6.67248 7.39146 9.33619 8.81417 7.16553 15.4625 9.17491 8.79453 8.40443 9.88955 8.96836 9.43167 8.03332 7.01978 6.87883 6.862 8.4791 6.93946 6.79452 8.48063 7.28574 6.64328 6.92952 6.60478 8.22604
threshold=3.8559027777777781 650.50000000000011 1.0000000180025095e-35 36934.853928894932 -1.3887499999999997 194.06875000000005 62.693593750000012 -50.691249999999982 23889.000000000004 -16.16 90.486458333333346 10921.775007773575 1.0000000180025095e-35 165.07875000000004 46.534583333333345 18.341189427312781 144.50000000000003 50330.5309375 50558.748125000006 69.77500000000002 13654.425545070624 0.50625000000000009 36.105000000000011 10.983480176211456 10.565972222222223 -102.05374999999999 2804.1512944801857 42357.653229166674 359.50000000000006 363.50000000000006
decision_type=2 10 2 10 8 2 10 10 8 8 10 10 2 10 10 2 2 10 10 10 8 2 8 2 2 10 10 10 2 2
left_child=2 5 3 -1 -4 9 7 -7 -8 10 11 13 23 14 18 19 -17 -13 -2 -16 -11 22 -22 25 26 -12 27 -25 -6 -30
right_child=1 -3 4 -5 28 6 8 -9 -10 20 12 17 -14 -15 15 16 -18 -19 -20 -21 21 -23 -24 24 -26 -27 -28 -29 29 -31
leaf_value=0.18460834692965888 0.010309770372864263 1.4561092601221894 -0.10518426637888836 0.018667223690484177 0.013276776573478912 -0.1699424719835099 0.71098122839187594 0.0076718616208057708 -0.058702169526795557 -0.059220382392150696 1.0166468778272426 0.26221081709119959 -0.46310796505419871 0.45622993149429247 -0.065691158535589836 -0.49195146336975221 0.078205649635782096 -0.077673738052497471 0.24330466286488286 0.10161164446789094 0.070621529696905008 0.022653552095957395 -0.026735841386623951 0.048710542444209179 -1.0774611016669826 0.092418975821101479 0.24207727051151215 -0.1534522453855294 0.21939021267522918 -0.048533747332018817
leaf_weight=480 3733 98 173 416 5743 195 134 3391 5504 1141 136 294 177 125 4785 40 772 97 53 74 147 2679 4908 2278 50 2298 200 163 85 40
leaf_count=480 3733 98 173 416 5743 195 134 3391 5504 1141 136 294 177 125 4785 40 772 97 53 74 147 2679 4908 2278 50 2298 200 163 85 40
internal_value=1.15071e-05 -0.000182834 0.000949121 0.00377926 0.000528798 -0.000211236 -0.000897561 0.000167271 -0.00157475 5.09296e-05 0.000444815 -0.000251153 0.00175372 -0.000435146 -0.00053764 -0.00133022 0.00158672 0.00424745 0.000649591 -0.0018179 -0.000626972 -0.000306399 -0.00102947 0.00198108 0.000941679 0.00312936 0.00117525 0.000743243 0.000705401 0.0075
internal_weight=40409 33472 6937 896 6041 33374 9224 3586 5638 24150 15275 9973 5302 9582 9457 5671 812 391 3786 4859 8875 7734 5055 5125 2691 2434 2641 2441 5868 125
internal_count=40409 33472 6937 896 6041 33374 9224 3586 5638 24150 15275 9973 5302 9582 9457 5671 812 391 3786 4859 8875 7734 5055 5125 2691 2434 2641 2441 5868 125
is_linear=0
shrinkage=0.03


Tree=199
num_leaves=31
num_cat=0
split_feature=0 17 28 40 9 30 24 13 6 39 7 28 41 17 4 41 28 1 41 7 13 24 10 4 28 8 4 30 5 22
split_gain=8.94218 11.9759 9.92196 8.7266 7.54275 9.68848 11.1471 7.51602 8.95163 11.2922 7.9714 7.48067 7.33099 7.28671 9.75775 9.72849 7.96979 7.2407 7.1157 6.52351 6.30518 6.26203 11.4361 6.39551 6.23775 6.03219 5.95002 5.92517 6.42756 7.42874
threshold=14.500000000000002 1651.6736050000004 24013.659722222226 -1.0000000180025095e-35 18.320000000000004 -0.074999999999999997 -0.0099999999999999482 40.170000000000009 10.983480176211456 -28.358749999999997 6.4045138888888902 46999.886562500011 859.84668452755079 6351.7455800000016 344.50000000000006 10921.775007773575 38097.375000000007 3.5000000000000004 16288.321281761067 3.8559027777777781 50.245000000000012 65.003750000000011 46.655000000000008 156.50000000000003 28498.875000000004 340.48125000000005 188.50000000000003 94.031250000000014 40456.250000000007 1.0000000180025095e-35
decision_type=2 10 8 8 10 10 10 8 2 8 2 10 10 8 2 10 10 2 10 2 10 10 10 2 10 2 2 8 2 2
left_child=1 3 -2 18 5 -3 -7 13 9 20 24 -11 -6 15 16 21 17 -15 19 -1 -9 23 -23 -4 -10 -19 -18 -5 -29 -30
right_child=2 4 7 27 12 6 -8 8 10 11 -12 -13 -14 14 -16 -17 26 25 -20 -21 -22 22 -24 -25 -26 -27 -28 28 29 -31
leaf_value=0.042398481309741665 0.93040909230866897 -0.083507929203628956 -0.01680292687442252 0.0037516485420097823 -0.16991066629997456 0.047579446086816753 -0.0050377137827264697 -0.085333114737926929 0.20933069128429693 0.038485605051804157 -0.11538271340896472 -0.036228200489503377 -0.031729707139885474 0.13508558610055479 -0.22348782064256986 0.23473798362282444 -0.0025539474943650563 0.12614956330294214 0.25250135751542008 0.00061200922538617419 0.16112852177667733 -0.24722925522132774 -0.014607953098783212 0.1190120893150096 -0.020122469895640618 -0.040888471549718364 0.082287645580192789 -0.13523023381946997 -0.029023966098657893 -0.38666100882691062
leaf_weight=2411 262 524 674 2094 1188 256 976 99 708 1655 1400 944 1009 1110 150 230 1300 323 108 13029 685 252 1474 583 2485 316 614 913 2722 86
leaf_count=2411 262 524 674 2094 1188 256 976 99 708 1655 1400 944 1009 1110 150 230 1300 323 108 13029 685 252 1474 583 2485 316 614 913 2722 86
internal_value=3.77024e-05 -0.000308093 0.000611202 -2.73825e-05 -0.00182473 -0.000358566 0.00109489 0.000509898 -0.000120346 0.00105053 -0.000982804 9.80769e-05 -0.00299591 0.00122527 0.00211196 0.000172682 0.00241949 0.00388286 0.00034343 0.000289489 0.00420382 -0.000286528 -0.00145918 0.00132353 -0.000154978 0.00133594 0.00108094 -0.00101874 -0.00173697 -0.00102528
internal_weight=40580 25316 15264 21363 3953 1756 1232 15002 7976 3383 4593 2599 2197 7026 3813 3213 3663 1749 15548 15440 784 2983 1726 1257 3193 639 1914 5815 3721 2808
internal_count=40580 25316 15264 21363 3953 1756 1232 15002 7976 3383 4593 2599 2197 7026 3813 3213 3663 1749 15548 15440 784 2983 1726 1257 3193 639 1914 5815 3721 2808
is_linear=0
shrinkage=0.03


Tree=200
num_leaves=31
num_cat=0
split_feature=9 8 6 4 7 40 12 13 22 25 27 4 30 2 39 6 30 31 27 14 14 41 17 28 4 40 25 28 13 5
split_gain=9.47477 7.88755 9.45821 9.09826 8.46312 8.78056 8.20819 14.9211 12.5239 9.62901 11.1326 10.4262 9.08643 8.04844 7.83143 7.48298 7.22879 6.88198 7.29262 10.3295 6.6442 6.50975 8.05544 16.5496 12.971 8.67131 8.97944 11.8178 8.4921 8.85632
threshold=644.96000000000015 422.85625000000005 23.076431718061677 242.50000000000003 4.0225694444444455 2.8499999999999974 87.368645833333332 38.885000000000005 1.0000000180025095e-35 80.179375000000022 51807.587500000001 344.50000000000006 110.72125000000001 10.500000000000002 -35.794999999999995 3.0253303964757712 42.505000000000003 67.792500000000004 41842.812500000007 99.290000000000006 194.88500000000002 10921.775007773575 4878.7000400000006 38586.978750000002 62.500000000000007 -64.874999999999986 33.475000000000009 38681.862031250006 0.085000000000000006 46501.500000000007
decision_type=10 2 2 2 2 10 8 10 2 10 10 2 8 2 8 2 10 10 10 10 10 10 8 10 2 10 10 10 10 2
left_child=1 2 4 -3 -1 6 9 13 12 10 11 21 20 -8 -14 -16 -7 -11 -19 -20 -9 22 24 28 -6 26 27 -26 -24 -30
right_child=-2 3 -4 -5 5 16 7 8 -10 17 -12 -13 14 -15 15 -17 -18 18 19 -21 -22 -23 23 -25 25 -27 -28 -29 29 -31
leaf_value=0.028778410895823964 1.0592284529922926 -0.010974153369569691 0.083409119846426016 -0.12115576641860513 -0.21671304012278214 0.10286956731651867 0.11269372048474387 0.029521330637910095 -0.4531813783378506 -0.20595627763434052 0.098267957852632717 -0.16292405796315287 0.088742940283369473 0.59966040115709474 0.077835513909530932 -0.042560448624082738 -0.058628270692630192 0.015714234662726197 0.14213657018651546 -0.14889160595266646 0.27613741630524258 0.18433436945871662 0.0059417574506619086 -0.0050453259042068056 -0.0061625964351930346 -0.048243482826921064 -0.03728200315353479 0.15197683428618525 0.069849619974163488 0.15940798505455867
leaf_weight=5498 153 5521 1823 827 406 198 692 2208 166 619 243 336 1613 167 680 3844 4061 812 158 607 345 173 539 3159 445 3111 638 471 618 396
leaf_count=5498 153 5521 1823 827 406 198 692 2208 166 619 243 336 1613 167 680 3844 4061 812 158 607 345 173 539 3159 445 3111 638 471 618 396
internal_value=7.29126e-05 4.4582e-05 0.000225703 -0.00092613 0.000106664 -0.000114019 0.000122956 0.000779642 0.000413232 -0.000378181 -1.42369e-06 -0.000151559 0.000569555 0.00455233 -5.62072e-05 -0.000696133 -0.00136268 -0.0021848 -0.00113118 -0.00323107 0.00207322 2.41036e-05 -7.81889e-05 0.000814768 -0.000907926 -0.000459709 0.00136977 0.00327154 0.00334942 0.00496552
internal_weight=40527 40374 34026 6348 32203 26705 22446 9715 8856 12731 10535 10292 8690 859 6137 4524 4259 2196 1577 765 2553 9956 9783 4712 5071 4665 1554 916 1553 1014
internal_count=40527 40374 34026 6348 32203 26705 22446 9715 8856 12731 10535 10292 8690 859 6137 4524 4259 2196 1577 765 2553 9956 9783 4712 5071 4665 1554 916 1553 1014
is_linear=0
shrinkage=0.03


Tree=201
num_leaves=31
num_cat=0
split_feature=30 5 28 12 40 5 24 14 17 14 32 36 23 14 23 40 4 10 8 0 13 28 14 39 6 25 25 32 39 14
split_gain=11.7716 8.90594 9.08689 9.6564 9.12087 8.96803 8.63128 8.69698 7.67827 7.01555 7.06103 6.40028 8.14092 6.54879 7.69027 8.61411 8.52316 6.92782 6.22752 7.64797 8.65566 7.21521 8.82303 11.3787 8.32129 17.5638 9.16057 7.86726 9.60855 7.41439
threshold=575.09500000000014 37254.187500000007 28188.687500000004 458.07729166666678 6.2437500000000048 53156.250000000007 164.85500000000005 215.80500000000004 109.83702000000001 97.020000000000024 46.303750000000008 44.825000000000003 6.5000000000000009 53.360000000000007 2.5000000000000004 -4.8399999999999972 267.50000000000006 111.85125000000001 222.46875000000003 13.500000000000002 9.5450000000000017 43899.500000000007 74.815000000000012 -64.891249999999985 6.2292951541850234 276.37187500000005 59.405000000000008 221.99500000000003 -17.05999999999997 81.006250000000009
decision_type=10 2 8 10 8 2 10 10 8 10 10 10 2 10 2 10 2 10 2 2 10 10 10 10 2 10 10 10 10 10
left_child=1 6 5 4 18 11 7 8 9 10 -1 13 -13 -3 15 -15 -16 -18 21 -20 -21 22 -4 -24 26 -26 -25 28 -28 -23
right_child=-2 2 3 -5 -6 -7 -8 -9 -10 -11 -12 12 -14 14 16 -17 17 -19 19 20 -22 29 23 24 25 -27 27 -29 -30 -31
leaf_value=0.013543907631087555 1.0329837822608732 -0.15078886146387893 -0.018678803545214416 -0.77085834817434828 -0.051127342994552905 1.2234772904391846 -0.32545602371478338 0.30278558153636587 -0.061856017905441832 0.071842733366562606 -0.10777764559737417 0.1272351603107873 -0.52956070736578797 0.25369580139701653 0.38853069938410201 -0.085934442927653551 0.36863336535689978 -0.17589844491136494 -0.033183359909071439 0.030183447608017722 -0.020004776090885485 0.02184029476056544 0.15774019666228312 0.35969344912608986 0.015186358953147945 -0.45216240962099558 0.25990837766175151 0.44201031819365821 -0.0082859454448671946 -0.016162197590416125
leaf_weight=317 164 62 2220 83 3390 108 491 160 1849 811 393 615 232 408 644 542 69 176 3971 2122 3051 1072 2123 102 7662 233 258 310 952 5801
leaf_count=317 164 62 2220 83 3390 108 491 160 1849 811 393 615 232 408 644 542 69 176 3971 2122 3051 1072 2123 102 7662 233 258 310 952 5801
internal_value=3.34225e-06 -2.94571e-05 0.000119314 -1.97895e-05 5.86149e-06 0.00174309 -0.00136872 -0.000849618 -0.00117473 0.000404074 -0.00177215 0.00140778 -0.000760613 0.00237382 0.00269837 0.000820189 0.00470225 -6.09756e-05 0.000173204 -0.00047895 0.000281214 0.000460837 0.000854917 0.00118547 0.000742278 0.000340046 0.00269871 0.00211045 0.00101569 -0.000333867
internal_weight=40391 40227 36206 33350 33267 2856 4021 3530 3370 1521 710 2748 847 1901 1839 950 889 245 29877 9144 5173 20733 13860 11640 9517 7895 1622 1520 1210 6873
internal_count=40391 40227 36206 33350 33267 2856 4021 3530 3370 1521 710 2748 847 1901 1839 950 889 245 29877 9144 5173 20733 13860 11640 9517 7895 1622 1520 1210 6873
is_linear=0
shrinkage=0.03


Tree=202
num_leaves=31
num_cat=0
split_feature=28 5 27 28 36 12 25 5 27 6 6 38 6 39 4 12 4 25 4 41 7 5 21 4 28 12 25 23 24 28
split_gain=9.56272 9.91286 8.7475 11.869 9.81299 9.29801 10.8652 8.72358 8.38659 7.38008 7.34049 7.23438 10.278 8.26449 8.90378 7.53667 11.7539 10.1731 8.08234 8.01399 7.61976 17.3126 9.12883 9.44008 13.5253 9.87389 16.508 15.3797 9.03825 8.77707
threshold=30825.875000000004 40906.250000000007 33594.124322916679 35091.328906250004 59.749999999999993 25.359479166666667 36.013958333333342 53952.562500000007 22750.937500000004 9.7345814977973593 28.007268722466964 11.522500000000003 9.5088105726872261 -10.169999999999996 24.500000000000004 29.565833333333337 2.5000000000000004 45.749375000000008 299.50000000000006 10093.469864818015 8.0711805555555589 58903.312500000007 1.0000000180025095e-35 348.50000000000006 52354.935156250009 171.40208333333337 190.57583333333335 2.5000000000000004 80.762500000000017 34184.625000000007
decision_type=8 2 8 10 10 10 10 2 10 2 2 8 2 8 2 10 2 10 2 10 2 2 2 2 10 10 10 2 10 10
left_child=1 -1 3 4 7 -5 -7 -2 -3 -10 -11 15 13 14 -13 17 -17 18 -4 -19 22 -22 23 25 -25 29 -27 -28 -26 -18
right_child=2 8 11 5 -6 6 -8 -9 9 10 -12 12 -14 -15 -16 16 20 19 -20 -21 21 -23 -24 24 28 26 27 -29 -30 -31
leaf_value=-0.030427218398059848 -0.019411196794978641 1.8935862432490029 -0.010162345286722085 -0.37520275833966321 -0.46688001347495656 0.054837318028465656 -0.24336054770118876 0.2773479171179381 0.33165675470305883 0.05947658974021152 0.68522260303025795 0.16890139092258677 -0.079701198721250782 -0.026214691828282639 0.019958415482594916 -0.54472095232078988 0.12744071710467531 -0.13420341367123911 0.12884012444339046 0.31900091517943452 -0.12161840840123234 0.04767024052951882 0.17610910211601954 -0.19230483775619361 0.13192491651276753 0.35047953735592258 -0.053850932394485081 0.39338391796341937 -0.063623749523801787 0.011110364835427936
leaf_weight=1826 2103 107 2432 81 90 168 481 202 442 2950 177 263 3446 2345 1856 107 498 724 253 54 1388 826 298 463 115 454 621 335 87 15186
leaf_count=1826 2103 107 2432 81 90 168 481 202 442 2950 177 263 3446 2345 1856 107 498 724 253 54 1388 826 298 463 115 454 621 335 87 15186
internal_value=0.000118874 0.00128112 -6.45124e-05 -0.00157869 -0.000557179 -0.00492476 -0.00371538 -0.000175629 0.00217841 0.00192857 0.00141464 8.45616e-05 -0.000701555 0.0002486 0.00160613 0.000345399 0.000565288 -0.000948326 -7.25987e-05 -0.00396662 0.000617847 -0.00104289 0.00082152 0.000733953 -0.00277027 0.00087043 0.00327427 0.00103448 0.00369458 0.000654128
internal_weight=40378 5502 34876 3125 2395 730 649 2305 3676 3569 3127 31751 7910 4464 2119 23841 20378 3463 2685 778 20271 2214 18057 17759 665 17094 1410 956 202 15684
internal_count=40378 5502 34876 3125 2395 730 649 2305 3676 3569 3127 31751 7910 4464 2119 23841 20378 3463 2685 778 20271 2214 18057 17759 665 17094 1410 956 202 15684
is_linear=0
shrinkage=0.03


Tree=203
num_leaves=31
num_cat=0
split_feature=6 8 1 28 7 14 5 28 7 39 4 1 12 8 14 7 39 12 24 4 17 6 28 5 8 15 16 8 41 36
split_gain=7.50402 7.59631 7.89136 6.01445 5.92079 7.14552 5.83685 9.98986 7.89605 6.85797 9.3371 7.36381 8.26622 6.90578 7.82885 7.85773 6.54519 10.5557 9.29878 9.68431 7.40675 7.61795 13.175 7.96856 7.22324 7.05256 7.95303 7.05178 8.03378 6.64013
threshold=27.638325991189436 604.07500000000016 5.5000000000000009 33012.687500000007 11.411458333333337 88.801250000000024 37403.812500000007 22538.562500000004 7.8975694444444464 -103.09124999999999 2.5000000000000004 5.5000000000000009 53.626666666666672 253.75625000000002 21.595000000000002 5.8281250000000027 -10.740000000000004 62.638541666666676 59.975000000000001 134.50000000000003 2799.4891150000008 11.124889867841413 39491.562500000007 53503.250000000007 0.11250000000000002 115.84229166666667 7606.8362213053178 183.55625000000003 9417.3177104956721 33.990000000000002
decision_type=2 2 2 10 2 10 2 8 2 8 2 2 10 2 10 2 8 10 10 2 10 2 10 2 2 10 10 2 8 10
left_child=1 4 -3 -2 6 -6 8 -8 -1 13 -11 16 -13 14 -9 -16 17 18 -12 -20 21 22 23 -19 -18 26 -21 28 -26 -24
right_child=3 2 -4 -5 5 -7 7 9 -10 10 11 12 -14 -15 15 -17 24 20 19 25 -22 -23 29 -25 27 -27 -28 -29 -30 -31
leaf_value=-0.017419641752132547 0.35022181211994186 -0.0205460209732382 -0.37750013705989921 0.032523987101780991 0.01139262370644758 -0.3232813294597055 1.8875473046405227 -0.40947326701453468 -0.26879385872247086 -0.20522125823369347 0.0048357210367662874 -0.015080617890313945 0.073010866030627924 -0.011722109715806095 0.38299836153217198 0.083020905650695767 -0.033076517255294605 0.098150595288163556 -0.13024335355362437 -0.0030529384405349447 -0.041120721711522278 0.012050959284772062 0.026764657449564026 0.3840675484874933 -0.11323629405703123 0.32866499010607114 -0.24030556097709058 -0.024038805887203373 0.044450154636453368 0.52323916150940841
leaf_weight=3925 290 1690 268 1123 175 234 102 53 184 152 3685 1197 2556 789 505 830 4341 618 872 1219 1342 5298 3555 365 240 68 240 2036 2550 93
leaf_count=3925 290 1690 268 1123 175 234 102 53 184 152 3685 1197 2556 789 505 830 4341 618 872 1219 1342 5298 3555 365 240 68 240 2036 2550 93
internal_value=9.12651e-05 1.37815e-05 -0.00180704 0.00223833 0.000109604 -0.00347561 0.000149527 0.000283426 -0.000916058 0.000253949 0.000137538 0.000174891 0.00141849 0.00188017 0.00315335 0.00360404 -1.13109e-06 0.000341381 -0.000665571 -0.00211875 0.000884936 0.00116767 0.00205635 0.0051372 -0.000649542 -0.000677356 -0.00111986 0.000149161 0.00112863 0.00122499
internal_weight=40595 39182 1958 1413 37224 409 36815 32706 4109 32604 30427 30275 3753 2177 1388 1335 26522 17355 6084 2399 11271 9929 4631 983 9167 1527 1459 4826 2790 3648
internal_count=40595 39182 1958 1413 37224 409 36815 32706 4109 32604 30427 30275 3753 2177 1388 1335 26522 17355 6084 2399 11271 9929 4631 983 9167 1527 1459 4826 2790 3648
is_linear=0
shrinkage=0.03


Tree=204
num_leaves=31
num_cat=0
split_feature=31 6 5 28 40 16 32 29 23 7 4 27 4 13 6 1 0 0 25 40 12 13 25 4 14 27 27 4 28 14
split_gain=8.19164 7.58698 6.48674 19.4284 11.8192 12.5979 9.86391 11.3286 9.3249 9.12002 10.1222 11.6605 9.67991 10.2524 8.40047 7.87035 10.4103 7.52558 7.22519 7.21875 8.30207 12.0649 9.38255 9.29823 14.8872 7.82578 8.4702 12.0576 8.92551 8.17693
threshold=579.7600000000001 32.257709251101325 52400.500000000007 39371.763750000006 -20.309999999999992 11815.888009265436 225.00500000000002 233.69125000000003 6.5000000000000009 5.7656250000000018 122.50000000000001 28238.06307291667 271.50000000000006 148.29500000000004 15.652643171806167 1.0000000180025095e-35 3.5000000000000004 19.500000000000004 36.776875000000011 -5.649999999999987 89.961614583333358 39.305000000000007 104.95328125000002 348.50000000000006 127.04875000000003 53164.391718750012 46404.236614583344 32.500000000000007 42074.562500000007 113.44500000000001
decision_type=10 2 2 8 10 10 10 10 2 2 2 10 2 10 2 2 2 2 8 10 10 10 10 2 10 10 10 2 10 10
left_child=1 2 9 4 5 -4 7 18 -8 10 11 -1 -11 -14 -13 16 -12 -18 -5 20 22 -22 25 24 -23 26 28 29 -20 -28
right_child=-2 -3 3 6 -6 -7 8 -9 -10 12 15 14 13 -15 -16 -17 17 -19 19 -21 21 23 -24 -25 -26 -27 27 -29 -30 -31
leaf_value=0.46204428436734385 0.85115090636820812 0.23342272535617162 0.37845937311728672 0.064244025124625778 0.050850434958543217 -0.37839879231476697 0.057084759646847373 -0.27290231990436153 0.48699819943808303 -0.012422181167238122 -0.073601151328393261 -0.018790844450944633 -0.10816030688354303 -1.2616588788255072 -0.13299361863678844 0.0038603220596110078 0.15880222039788486 -0.018110109764973289 -0.064739464605329033 -0.025503454217990402 0.36156053072862054 0.30112217250810414 -0.33044754803873089 -0.19830329324671553 0.023789387604145631 0.091847691746674148 -0.010608421325350292 -0.11636935051084009 0.076892883164719941 0.17802385853325964
leaf_weight=87 151 314 733 610 1938 49 813 413 210 7593 303 1634 2287 148 592 11879 1296 275 406 3512 166 141 187 141 2280 292 295 841 763 96
leaf_count=87 151 314 733 610 1938 49 813 413 210 7593 303 1634 2287 148 592 11879 1296 275 406 3512 166 141 187 141 2280 292 295 841 763 96
internal_value=5.52589e-05 2.90359e-05 -7.50356e-06 0.00051631 0.00278942 0.00590038 -3.76108e-05 -0.000320879 0.00276855 -0.000286262 0.000156843 -0.00167891 -0.000996111 -0.00264163 -0.00210148 0.000465683 0.002272 0.00325382 -0.000114068 -0.000325622 0.000342307 0.00152803 -0.000780979 0.00101834 0.00145541 -0.000328508 -0.000893006 -0.00262774 0.000935897 0.00172194
internal_weight=40445 40294 39980 13886 2720 782 11166 10143 1023 26094 16066 2313 10028 2435 2226 13753 1874 1571 9730 9120 5608 2728 2880 2562 2421 2693 2401 1232 1169 391
internal_count=40445 40294 39980 13886 2720 782 11166 10143 1023 26094 16066 2313 10028 2435 2226 13753 1874 1571 9730 9120 5608 2728 2880 2562 2421 2693 2401 1232 1169 391
is_linear=0
shrinkage=0.03


Tree=205
num_leaves=31
num_cat=0
split_feature=6 40 13 13 7 8 40 1 27 41 24 38 13 5 13 8 41 6 1 0 38 14 7 13 4 4 2 18 28 34
split_gain=7.15246 6.79203 9.32304 7.32347 7.03505 6.53564 8.27412 8.07367 9.32165 8.34722 13.068 11.6011 10.6395 9.63619 8.71687 7.84552 21.7136 8.76705 7.81697 7.72443 7.22149 6.76958 6.65082 6.38492 6.32837 6.28746 8.67055 5.68011 5.68966 8.41799
threshold=31.152202643171815 3.5549999999999788 293.64000000000004 1.0150000000000003 4.1927083333333348 196.35000000000005 -110.17124999999999 1.0000000180025095e-35 27049.395833333336 -4855.0852778399594 12.578750000000001 -24.959999999999994 0.015000000000000001 45303.500000000007 37.350000000000009 0.38125000000000003 8671.3491436982094 18.887004405286344 3.5000000000000004 9.5000000000000018 -1.0099999999999987 97.020000000000024 6.2777777777777803 -5.004999999999999 2.5000000000000004 348.50000000000006 7.5000000000000009 1.0000000180025095e-35 39105.250000000007 71.065000000000012
decision_type=2 10 10 10 2 2 8 2 10 8 10 10 8 2 10 2 8 2 2 2 10 10 2 10 2 2 2 2 10 10
left_child=1 5 3 23 -5 6 -1 8 -7 10 11 -9 -11 22 21 17 20 24 25 -20 -17 -13 -14 -3 -8 26 -18 28 -19 -30
right_child=-2 2 -4 4 -6 7 15 9 -10 12 -12 14 13 -15 -16 16 18 27 19 -21 -22 -23 -24 -25 -26 -27 -28 -29 29 -31
leaf_value=0.26456028421513289 0.1335578687211435 -0.056359091050618239 0.33758787939678653 0.0017632061837059608 -0.083251846946276936 1.0164579183463496 -0.21541437788326187 -0.070528207856586839 0.028442531830321308 -0.11049056363563048 -0.056415492595960327 0.01292669651272094 -0.066217400945072599 -0.0026800773695516964 -0.28088923587253761 0.023219796654919519 0.061578830635683271 -0.017416318054238145 -0.033558201008208922 0.051953763209747733 -0.082013558417108848 0.069901080768531729 -0.33535866773339795 0.075313342195814661 -0.0036287428377194428 -0.072905438513545737 0.26060108010370886 0.14866683032369177 -0.2130992597869249 0.14947156679845108
leaf_weight=372 474 337 672 1507 3577 126 116 156 1233 897 805 505 1041 4402 63 1101 1720 770 634 1401 1543 508 344 563 13649 190 964 474 40 322
leaf_count=372 474 337 672 1507 3577 126 116 156 1233 897 805 505 1041 4402 63 1101 1720 770 634 1401 1543 508 344 563 13649 190 964 474 40 322
internal_value=6.66551e-05 2.32308e-05 -0.000851735 -0.00122807 -0.00166962 0.000197741 0.000473881 -0.000440432 0.00170956 -0.000775625 0.000905299 0.00284672 -0.00128796 -0.000816344 0.00395543 0.000401745 0.00119341 1.26854e-05 0.00237373 0.000950393 -0.00099811 0.00463018 -0.00299784 0.00126526 -0.000232094 0.00338087 0.00375419 0.00210952 0.000953222 0.00404959
internal_weight=40506 40032 6656 5984 5084 33376 23296 10080 1359 8721 2037 1232 6684 5787 1076 22924 7553 15371 4909 2035 2644 1013 1385 900 13765 2874 2684 1606 1132 362
internal_count=40506 40032 6656 5984 5084 33376 23296 10080 1359 8721 2037 1232 6684 5787 1076 22924 7553 15371 4909 2035 2644 1013 1385 900 13765 2874 2684 1606 1132 362
is_linear=0
shrinkage=0.03


Tree=206
num_leaves=31
num_cat=0
split_feature=28 1 4 40 4 15 32 10 11 13 6 4 4 12 28 14 39 14 39 13 4 28 12 7 41 12 16 13 1 4
split_gain=8.35152 9.57883 11.427 7.81353 9.62432 10.2538 17.0199 8.59672 8.53012 12.0253 7.61954 12.3618 15.7449 12.331 11.2229 10.3762 8.96477 8.21732 16.9717 8.50093 11.7592 8.3352 12.7565 8.03412 8.71576 7.75485 7.54496 7.42886 8.04074 11.7345
threshold=25782.687500000004 2.5000000000000004 249.50000000000003 -35.399999999999977 348.50000000000006 73.383750000000006 275.16000000000003 121.10250000000001 126.35125000000001 250.07500000000002 11.361674008810576 271.50000000000006 154.50000000000003 205.21437500000005 46999.886562500011 353.65125000000006 -96.784999999999982 96.010000000000005 -18.514999999999997 40.170000000000009 172.50000000000003 41239.437500000007 92.705625000000012 4.0434027777777795 -157.04687523231402 242.03625000000002 302.12748915360555 293.64000000000004 2.5000000000000004 178.50000000000003
decision_type=8 2 2 8 2 10 10 10 8 10 2 2 2 10 8 10 10 10 10 10 2 10 10 2 8 10 8 10 2 2
left_child=1 2 -1 8 10 7 -7 -6 26 -10 14 12 13 -12 23 16 -13 18 -14 -19 -21 27 -23 25 -25 -5 -2 28 29 -22
right_child=3 -3 -4 4 5 6 -8 -9 9 -11 11 15 17 -15 -16 -17 -18 19 -20 20 21 22 -24 24 -26 -27 -28 -29 -30 -31
leaf_value=0.6852298119146274 0.13535556033644822 -0.0056723836655459079 -0.1256555424892464 0.037879057679894572 0.066253008409084851 -0.26375673885576006 0.20102146597031889 -0.30159743929668176 0.18510920308108894 -0.68461895259502259 -0.024736530764555644 0.2546040341540512 -0.09453361083379308 -0.19504224484531191 -0.015962444688793907 -1.7272872443110272 -0.10622090318600241 0.061972829316304927 0.055893300436750122 0.10983208566396563 0.42668429211270048 -0.19787050948975768 0.11249415255421909 -0.17978944387177509 0.020781094399950531 0.52233459396838444 0.0032881681386711186 0.4682120177808744 -0.065324517281178343 -0.0049102777515230402
leaf_weight=566 262 793 202 906 320 643 183 48 1475 110 3825 82 1228 553 3166 123 2092 3776 370 644 67 84 235 314 6735 263 7779 234 2062 1195
leaf_count=566 262 793 202 906 320 643 183 48 1475 110 3825 82 1228 553 3166 123 2092 3776 370 644 67 84 235 314 6735 263 7779 234 2062 1195
internal_value=0.000105985 0.00225672 0.00464239 1.93424e-05 -0.000225394 -0.00286192 -0.00471584 0.00130081 0.000760361 0.00277112 -0.000112681 -0.000523203 -0.000194409 -0.00169217 0.000484848 -0.00256527 -0.00208276 0.000468371 -0.00150094 0.000847795 -2.9854e-05 -0.000653687 0.00398438 0.00106947 0.000687234 0.00337179 0.000363715 -0.00107053 -0.00143459 0.000451306
internal_weight=40335 1561 768 38774 29148 1194 826 368 9626 1585 27954 16570 14273 4378 11384 2297 2174 9895 1598 8297 4521 3877 319 8218 7049 1169 8041 3558 3324 1262
internal_count=40335 1561 768 38774 29148 1194 826 368 9626 1585 27954 16570 14273 4378 11384 2297 2174 9895 1598 8297 4521 3877 319 8218 7049 1169 8041 3558 3324 1262
is_linear=0
shrinkage=0.03


Tree=207
num_leaves=31
num_cat=0
split_feature=6 40 4 27 35 8 15 26 16 14 27 1 14 27 2 7 2 4 41 24 11 35 34 40 34 25 13 13 12 4
split_gain=8.2544 8.09345 10.7165 11.3631 10.5923 7.89144 7.62461 7.32008 12.1839 8.37693 7.00197 6.61989 6.61365 8.61539 6.58477 7.76032 7.02688 7.73916 6.73795 9.04026 7.60381 7.30653 6.31161 6.09005 8.15807 7.09311 9.50002 7.28634 9.18388 6.89168
threshold=30.328193832599123 -46.034999999999989 348.50000000000006 53164.391718750012 -19.517499999999995 648.94375000000014 37.054635416666677 49797.753750000011 2521.2992906491513 168.10000000000002 39576.666666666679 4.5000000000000009 96.010000000000005 45974.534322916668 10.500000000000002 6.1927083333333348 1.5000000000000002 112.50000000000001 -4274.7218752133585 52.080000000000005 99.50500000000001 22.791250000000009 105.80500000000002 -4.8399999999999972 602.10500000000013 80.179375000000022 95.970000000000013 19.998750000000005 80.726875000000021 266.50000000000006
decision_type=2 8 2 10 10 2 10 10 8 10 10 2 10 10 2 2 2 2 8 10 10 10 10 10 10 10 10 10 10 2
left_child=1 14 4 6 12 23 -4 8 -8 -10 -11 -7 -3 -14 15 16 -1 -18 19 -17 -21 -20 -2 -6 25 26 29 -27 -29 -25
right_child=22 2 3 -5 5 11 7 -9 9 10 -12 -13 13 -15 -16 18 17 -19 21 20 -22 -23 -24 24 -26 27 -28 28 -30 -31
leaf_value=0.26928012095577636 0.0083607412388968065 -0.11672750325395079 0.076265212630802284 0.089679141444971577 0.019239613480049725 -0.016802379297018673 0.1889684618361997 -0.26744618732928438 -0.25529657144809215 0.32325915715359599 -0.19370775542992164 -0.3736144696865803 -0.0059605164348857185 -0.12215563006046046 0.070824416982450997 0.033522502463537732 -0.034952447386828199 0.059333255155311515 -0.085202316044538248 -0.19095327748621027 0.082363542895871708 0.41650945390945748 0.41753866492711506 0.010531890634929866 0.99748238418687263 0.061815297646800355 0.31478682838705402 -0.14133233141019488 -0.02654304987606693 -0.13173007007523355
leaf_weight=156 316 1279 95 172 10302 824 56 202 388 53 390 358 3034 482 1210 880 872 2367 1632 196 110 192 305 5058 89 679 120 167 7985 391
leaf_count=156 316 1279 95 172 10302 824 56 202 388 53 390 358 3034 482 1210 880 872 2367 1632 196 110 192 305 5058 89 679 120 167 7985 391
internal_value=1.93256e-05 -3.43483e-05 -0.000242802 -0.00285188 -0.000127726 0.000111458 -0.00389873 -0.00461009 -0.00342905 -0.00434495 -0.00152027 -0.00228233 -0.00142306 -0.00075064 0.000844932 0.000461286 0.00144435 0.00114352 -0.000647625 0.00111205 -0.00332248 -0.00179178 0.00344855 0.000225678 -0.000170807 -0.000227068 0.000611311 -0.000755774 -0.00100454 0.000426606
internal_weight=40360 39739 32124 1356 30768 25973 1184 1089 887 831 443 1182 4795 3516 7615 6405 3395 3239 3010 1186 306 1824 621 24791 14489 14400 5569 8831 8152 5449
internal_count=40360 39739 32124 1356 30768 25973 1184 1089 887 831 443 1182 4795 3516 7615 6405 3395 3239 3010 1186 306 1824 621 24791 14489 14400 5569 8831 8152 5449
is_linear=0
shrinkage=0.03


Tree=208
num_leaves=31
num_cat=0
split_feature=0 8 0 5 1 7 5 36 7 28 30 14 15 15 27 14 4 35 5 4 28 7 39 15 27 29 35 10 11 38
split_gain=10.2579 9.61563 8.47456 13.9324 9.09649 7.61151 7.28256 7.48798 7.13748 7.03187 6.84625 14.6293 14.3845 9.32279 9.77492 9.53742 9.36161 8.61188 8.35357 7.79701 12.2936 7.83647 8.13823 6.78929 8.02697 7.51217 6.76704 8.81024 6.89956 6.58472
threshold=15.500000000000002 183.55625000000003 20.500000000000004 48500.625000000007 5.5000000000000009 6.2378472222222241 41155.625000000007 -45.432499999999983 4.0225694444444455 34449.562500000007 158.13000000000002 148.38375000000005 144.3897916666667 71.413958333333355 41842.812500000007 38.355000000000011 315.50000000000006 -0.71749999999999747 68456.250000000015 34.500000000000007 43564.437500000007 4.7135416666666687 -75.013749999999973 87.503750000000011 51807.587500000001 82.108750000000015 77.560000000000016 202.95750000000004 139.53875000000002 11.065
decision_type=2 2 2 2 2 2 2 10 2 10 8 10 10 8 10 10 2 10 2 2 10 2 10 10 10 10 8 10 10 10
left_child=1 8 3 5 -4 -2 7 -3 -1 -5 11 12 13 16 15 -15 19 23 -19 21 -21 -10 -23 24 25 -16 27 -12 -29 -8
right_child=2 6 4 9 -6 -7 29 -9 10 -11 26 -13 -14 14 17 -17 -18 18 -20 20 -22 22 -24 -25 -26 -27 -28 28 -30 -31
leaf_value=0.03253276226992767 0.028952094250906127 0.055920951752072449 -0.017601337618444575 0.31416925891710612 0.093318312981103366 -0.051925429514738566 -0.0015009809491077707 -0.19124846755405001 -0.14204808015608297 0.060425751555126653 -0.10748946162397074 0.078105850526274168 -0.46251825781826111 -0.45108375172630355 -0.016540877871712566 0.004035486626399418 0.10758156684006165 -0.20323133508152424 0.010817306218127029 0.0098799601210468775 -0.074424052383037495 -0.18541084830200544 0.08691594453584954 0.010603464792858119 0.030684590873919448 -0.31491756062095977 -0.24337044256719478 0.53978697765640504 0.0062433367085196773 -0.075893800747970766
leaf_weight=3265 2751 54 4325 640 726 1391 5299 815 46 3649 1028 2875 185 53 101 2148 354 509 132 3769 632 58 359 593 72 160 363 73 1445 2604
leaf_count=3265 2751 54 4325 640 726 1391 5299 815 46 3649 1028 2875 185 53 101 2148 354 509 132 3769 632 58 359 593 72 160 363 73 1445 2604
internal_value=0.000120815 -0.000216723 0.000796559 0.00137868 -0.000175178 0.000137581 -0.00103271 -0.00363793 0.00017617 0.00257692 -0.000101297 0.000214161 -0.000371239 -0.000200289 -0.00133722 -4.76839e-05 0.000620809 -0.00314732 -0.00581776 0.000277492 -0.000112449 0.00397629 0.00527512 -0.0012945 -0.00471557 -0.00715649 -0.00140722 -0.000859835 0.000592495 -0.000745825
internal_weight=40474 26992 13482 8431 5051 4142 8772 869 18220 4289 14955 12046 9171 8986 3768 2201 5218 1567 641 4864 4401 463 417 926 333 261 2909 2546 1518 7903
internal_count=40474 26992 13482 8431 5051 4142 8772 869 18220 4289 14955 12046 9171 8986 3768 2201 5218 1567 641 4864 4401 463 417 926 333 261 2909 2546 1518 7903
is_linear=0
shrinkage=0.03


Tree=209
num_leaves=31
num_cat=0
split_feature=7 11 1 21 12 13 38 33 25 14 15 28 24 13 12 12 6 10 14 4 7 14 14 2 41 25 12 6 41 8
split_gain=7.27689 10.2945 11.8908 8.4217 9.94174 8.74556 7.63932 8.99296 8.49434 8.5492 10.3535 8.57504 10.6009 8.54529 8.06435 9.54099 8.97904 8.04031 8.09673 7.55108 11.0589 7.25491 8.45127 7.75985 9.29268 7.10385 7.43106 7.29508 10.5385 7.63599
threshold=5.5329861111111134 331.02500000000003 1.0000000180025095e-35 1.0000000180025095e-35 18.972500000000004 123.85125000000001 11.065 171.85000000000005 88.947916666666671 130.01000000000002 49.953125000000007 39886.562500000007 59.275000000000013 50.245000000000012 203.73687500000003 171.40208333333337 13.017841409691632 83.051250000000024 148.38375000000005 313.50000000000006 4.8663194444444464 99.955000000000013 112.01000000000001 7.5000000000000009 1100.4443608949407 396.69062500000013 373.12250000000006 10.8352422907489 -4341.254489752514 344.53125000000006
decision_type=2 10 2 2 10 10 10 10 10 10 10 8 10 10 10 10 2 10 10 2 2 10 10 2 8 10 10 2 8 2
left_child=1 3 -3 6 -5 -6 7 8 9 11 -11 13 -13 21 15 -9 -16 18 -12 -8 -21 23 -23 -1 -25 26 27 -2 -29 -30
right_child=25 2 -4 4 5 -7 19 14 -10 10 17 12 -14 -15 16 -17 -18 -19 -20 20 -22 22 -24 24 -26 -27 -28 28 29 -31
leaf_value=-0.033721445667941267 0.0066225659745468585 1.0849510290547555 0.16385170840898353 -0.19477354809014161 0.17776976273175818 -0.21602381385005487 -0.052209996999971788 0.10232004599085798 -0.025028933805774825 0.15815055256430072 0.020681101061463057 0.0091622535575092458 -0.067878067767342856 0.047487947425713946 0.056317528927436342 0.2449109316407862 -0.19076275950962041 0.08801676743290443 -0.18991472457070996 0.20631081046845934 -0.15831760177905202 0.11299183342465098 -0.0013748965810182767 -0.039348534144659927 0.21923955968944381 -0.40138894167678696 0.59159020716526178 0.014311039683680407 -0.030342087177802526 -0.10470827461520396
leaf_weight=1442 8393 181 1074 86 425 59 3653 1100 3632 469 270 1929 1475 970 670 469 231 493 159 457 198 589 709 170 199 515 114 2438 6289 1660
leaf_count=1442 8393 181 1074 86 425 59 3653 1100 3632 469 270 1929 1475 970 670 469 231 493 159 457 198 589 709 170 199 515 114 2438 6289 1660
internal_value=2.59138e-05 0.000411416 0.00304538 0.000244775 0.00383538 0.00550515 0.00013845 0.000458703 0.000131926 0.000632113 0.00279095 0.000230492 -0.000881057 0.00115809 0.00211251 0.00341083 -0.000149667 0.000942579 -0.00205814 -0.000974704 0.00198933 0.000390675 0.00210162 -0.000836093 0.00304054 -0.000393354 -0.000298492 -0.00034503 -0.000876492 -0.00140566
internal_weight=40518 21109 1255 19854 570 484 19284 14976 12506 8874 1391 7483 3404 4079 2470 1569 901 922 429 4308 655 3109 1298 1811 369 19409 18894 18780 10387 7949
internal_count=40518 21109 1255 19854 570 484 19284 14976 12506 8874 1391 7483 3404 4079 2470 1569 901 922 429 4308 655 3109 1298 1811 369 19409 18894 18780 10387 7949
is_linear=0
shrinkage=0.03


Tree=210
num_leaves=31
num_cat=0
split_feature=0 30 8 24 41 7 41 24 32 9 15 14 18 28 6 39 6 27 6 29 28 12 25 14 15 33 33 6 10 24
split_gain=7.70107 8.68316 8.05347 7.9681 7.52886 7.33376 6.13805 11.8916 8.97297 8.61947 6.0519 14.5465 8.90419 9.83787 8.79809 7.83851 11.2899 7.72859 6.6815 6.8149 6.47784 6.33246 5.91577 9.76242 9.03813 6.83917 5.67711 5.64458 5.47093 8.29765
threshold=14.500000000000002 303.36000000000007 183.55625000000003 23.675000000000004 -14628.962492295686 3.8559027777777781 -8498.5950714628325 31.407500000000002 53.155000000000008 -7.7899999999999991 74.304300000000012 91.975000000000009 1.5000000000000002 42444.937500000007 4.6951541850220275 -20.157499999999995 8.1900881057268737 40189.291666666672 18.527533039647583 119.89125000000001 53368.219218750011 37.47291666666667 331.09791666666672 215.80500000000004 197.65354166666671 154.58500000000004 40.045000000000009 2.5107929515418506 51.205000000000005 109.38500000000001
decision_type=2 10 2 10 8 2 8 10 8 10 8 10 2 10 2 8 2 10 2 10 10 10 10 10 10 10 8 2 10 10
left_child=2 3 5 -2 -5 -1 7 8 9 -4 18 -12 13 15 -15 16 -13 -18 19 20 26 -20 23 25 -25 -14 -7 -21 -6 -30
right_child=1 -3 6 4 28 10 -8 -9 -10 -11 11 12 22 14 -16 -17 17 -19 21 27 -22 -23 -24 24 -26 -27 -28 -29 29 -31
leaf_value=0.036093750033395364 0.037080101637527216 0.33512263854185675 -0.35853808733069936 -0.18959490657200856 -0.032345576709375816 0.096936371678869468 -0.036784090702700924 -0.32705628796390557 -0.18356520893810593 0.039699013989148449 -0.12064494273194963 0.33149323324360525 -0.056536798121364737 0.0127880099160312 -0.099782449565891787 -0.011795139405809323 0.066847140110907047 -0.17053187627360691 -0.090257376278413071 0.44373020844279382 0.18289947852730556 0.14699179676994845 -0.94121898095075374 0.36646268729681364 -0.11737081174611617 -0.51742599591567429 0.0039627154391740534 -0.12939997704986836 0.030331451658325362 -0.0098808874891231826
leaf_weight=2693 1553 986 53 63 1904 95 6618 75 54 539 831 340 389 909 1275 2421 2067 298 120 48 98 523 83 161 182 183 4874 484 5235 5493
leaf_count=2693 1553 986 53 63 1904 95 6618 75 54 539 831 340 389 909 1275 2421 2067 298 120 48 98 523 83 161 182 183 4874 484 5235 5493
internal_value=8.89343e-05 0.000622251 -0.000230778 0.000433715 0.000185491 0.000109544 -0.0010688 0.00155817 0.00287481 0.00394604 -0.000143349 -0.00063512 -0.000256349 0.000106689 -0.00157895 0.000825044 0.00193459 0.00119822 0.000576646 0.00024375 0.00058307 0.0034705 -0.00291291 -0.0022107 0.00178779 -0.00460733 0.00043159 -0.00298311 0.000237473 0.000500513
internal_weight=40647 15234 25413 14248 12695 18074 7339 721 646 592 15381 9139 8308 7310 2184 5126 2705 2365 6242 5599 5067 643 998 915 343 572 4969 532 12632 10728
internal_count=40647 15234 25413 14248 12695 18074 7339 721 646 592 15381 9139 8308 7310 2184 5126 2705 2365 6242 5599 5067 643 998 915 343 572 4969 532 12632 10728
is_linear=0
shrinkage=0.03


Tree=211
num_leaves=31
num_cat=0
split_feature=28 27 27 5 4 26 12 25 13 8 28 7 25 12 4 13 1 25 27 36 26 4 15 4 15 2 23 7 41 1
split_gain=7.97908 14.0053 13.3233 9.73464 12.7972 9.6017 8.14014 7.46611 10.3136 7.27237 8.56534 7.35697 7.13333 15.6426 14.2432 9.05347 12.536 12.5205 11.4153 11.355 11.2615 9.60083 12.3521 10.773 9.43216 8.60929 8.12146 9.39649 8.04596 7.5299
threshold=25782.687500000004 26213.354166666668 25684.145833333339 45400.437500000007 244.50000000000003 24490.500000000004 458.07729166666678 458.07729166666678 293.64000000000004 604.07500000000016 40470.636718750007 11.862847222222227 47.308697916666667 57.028750000000002 2.5000000000000004 39.305000000000007 2.5000000000000004 57.07416666666667 31804.515520833334 4.198749999999996 33391.443750000006 327.50000000000006 155.70000000000002 287.50000000000006 53.108958333333341 4.5000000000000009 2.5000000000000004 6.9913194444444464 7047.120398769749 5.5000000000000009
decision_type=10 8 10 2 2 10 10 10 10 2 10 2 8 10 2 10 2 10 10 10 10 2 10 2 10 2 2 2 10 2
left_child=3 2 5 -1 -5 -2 -6 8 9 11 -11 12 -3 28 -15 16 25 24 21 -18 -20 22 -19 -24 29 26 27 -16 -14 -17
right_child=1 7 -4 4 6 -7 -8 -9 -10 10 -12 -13 13 14 15 17 19 18 20 -21 -22 -23 23 -25 -26 -27 -28 -29 -30 -31
leaf_value=0.013325801506673968 -0.47880858703812462 0.017763130710887722 -0.62723406637843326 0.8592454365497405 0.17120221950655179 0.15860456135532316 -0.83530263430833196 -0.69456092565484873 0.47591822244897514 -0.074619316871506663 0.018863562678369965 -0.180850517135723 -0.053125992233349045 -0.66695567555624058 -0.20859187964601758 -0.31574338105757943 -0.014632490402379119 0.11303296397754885 -0.13822326258902656 0.41629387686100527 -0.0077754565751533278 1.0460987111987246 0.025129359528775267 -0.37969392613917363 0.18458750272625238 0.11649037592349572 0.19188172569496847 0.069450896401424114 0.12326705114179932 0.13098368276745376
leaf_weight=976 75 7741 226 413 181 198 45 136 362 1791 569 253 4080 78 258 57 2867 982 796 179 13566 79 1388 215 189 2093 186 164 192 95
leaf_count=976 75 7741 226 413 181 198 45 136 362 1791 569 253 4080 78 258 57 2867 982 796 179 13566 79 1388 215 189 2093 186 164 192 95
internal_value=4.45203e-06 -8.15385e-05 -0.00507 0.00206993 0.00494531 -0.00060219 -0.000792952 -1.64418e-05 8.64304e-06 -3.96626e-05 -0.00165184 6.76838e-05 0.000104386 -0.000122338 0.00018497 0.000228423 0.00126044 -0.000113139 -0.000227286 -5.90745e-05 -0.00056186 0.00157598 0.0012587 -0.000364713 0.00557018 0.00274796 -0.000394089 -0.00269504 -0.00179031 0
internal_weight=40430 38815 499 1615 639 273 226 38316 38180 37818 2360 35458 35205 27464 23192 23114 5747 17367 17026 3046 14362 2664 2585 1603 341 2701 608 422 4272 152
internal_count=40430 38815 499 1615 639 273 226 38316 38180 37818 2360 35458 35205 27464 23192 23114 5747 17367 17026 3046 14362 2664 2585 1603 341 2701 608 422 4272 152
is_linear=0
shrinkage=0.03


Tree=212
num_leaves=31
num_cat=0
split_feature=5 28 7 14 17 13 12 34 17 28 28 16 25 5 0 12 12 17 13 40 24 15 4 28 34 32 29 4 25 14
split_gain=8.33399 13.1528 9.39657 7.85478 14.0447 12.3116 10.2473 9.23579 8.09435 7.74895 13.5834 13.8148 12.5107 10.2327 12.8027 8.96945 13.0197 8.80527 10.754 10.839 10.7688 12.2377 8.711 11.2463 8.60788 8.4834 12.3366 7.79172 7.78687 8.06838
threshold=42202.750000000007 22538.562500000004 7.5434027777777795 96.010000000000005 1.0000000180025095e-35 26.765000000000004 36.013958333333342 77.870000000000019 9124.0559400000002 39046.516718750012 38461.924843750006 1074.0829288052439 46.149062500000007 59563.500000000007 20.500000000000004 19.811666666666671 41.885000000000005 inf 50.845000000000006 -58.902499999999996 154.96000000000001 167.20895833333336 359.50000000000006 47073.437500000007 139.37500000000003 245.08500000000001 257.12000000000006 42.500000000000007 282.46229166666677 253.31625000000003
decision_type=2 8 2 10 8 10 10 10 10 8 10 10 8 2 2 10 10 8 10 8 8 10 2 10 8 8 10 2 8 10
left_child=2 -2 3 5 -5 6 -1 -8 -6 10 17 -12 22 28 25 -13 -17 -3 20 -20 21 24 23 27 -19 26 -15 -11 29 -14
right_child=1 9 -4 4 8 -7 7 -9 -10 12 11 15 13 14 -16 16 -18 18 19 -21 -22 -23 -24 -25 -26 -27 -28 -29 -30 -31
leaf_value=-0.024076429564129798 2.9026188715538512 -0.028178611056381309 -0.11194199020352553 0.07687481161979437 -0.023535088049788724 0.059232410209748704 -0.32890772833379855 -0.0092411825923664273 0.061614207892390312 0.18168426502488144 0.14989933428721311 0.31829115108374029 -0.037312722423543165 0.018168448175637477 -0.053223775398961379 -0.27114138004490973 0.061259722796362721 0.053320851419806276 0.68283306490212603 -0.0012887698596065888 0.4950497797800088 -0.47224235135444692 0.29928263489084672 -0.059878206804065283 0.70529675538850822 0.23777667014806581 -0.25783778366242815 0.023896089254890698 -0.78512979671939975 0.08936050224307962
leaf_weight=1692 91 2316 856 1597 5122 252 413 177 200 211 786 54 7874 5119 869 170 221 2124 190 5755 266 169 57 385 114 506 324 2087 103 433
leaf_count=1692 91 2316 856 1597 5122 252 413 177 200 211 786 54 7874 5119 869 170 221 2124 190 5755 266 169 57 385 114 506 324 2087 103 433
internal_value=-1.11018e-06 0.000250124 -0.000737633 -0.000464883 5.8526e-05 -0.00189349 -0.0025887 -0.00598985 -0.000681946 0.000215537 0.000800181 0.00378653 -0.000180311 -0.000516121 0.000347558 -0.00043722 -0.00202806 0.000463649 0.000904977 0.000194248 0.00248504 0.00185008 0.00168552 0.00143629 0.00243859 0.000844538 0.000498714 0.0022314 -0.00121626 -0.00111399
internal_weight=40533 30224 10309 9453 6919 2534 2282 590 5322 30133 12165 1231 17968 15228 6818 445 391 10934 8618 5945 2673 2407 2740 2683 2238 5949 5443 2298 8410 8307
internal_count=40533 30224 10309 9453 6919 2534 2282 590 5322 30133 12165 1231 17968 15228 6818 445 391 10934 8618 5945 2673 2407 2740 2683 2238 5949 5443 2298 8410 8307
is_linear=0
shrinkage=0.03


Tree=213
num_leaves=31
num_cat=0
split_feature=41 13 28 5 25 12 4 27 14 28 27 21 16 5 28 27 7 38 4 14 35 32 15 12 39 2 40 28 28 26
split_gain=7.51136 7.91243 7.23217 11.8776 8.76915 22.9464 11.7063 9.93512 11.6641 12.0822 9.47594 9.12305 14.8078 8.1672 13.9727 15.8486 12.2727 12.3994 11.131 10.285 9.08381 8.19901 14.271 10.303 11.3941 10.5812 9.25734 9.12671 7.85483 7.75659
threshold=13259.921016334762 107.67500000000003 28188.687500000004 51689.000000000007 49.953125000000007 25.359479166666667 2.5000000000000004 35711.916666666672 118.66125000000001 35589.437500000007 34457.854166666679 1.0000000180025095e-35 11229.857929594667 53503.250000000007 39371.763750000006 39162.125000000007 8.5017361111111125 -1.7187499999999856 140.50000000000003 72.00500000000001 14.566249999999998 156.82500000000002 72.386250000000004 84.866770833333348 -18.514999999999997 1.5000000000000002 -2.9199999999999906 45039.429687500007 32697.312500000004 42671.017500000009
decision_type=10 10 8 2 10 10 2 10 10 10 10 2 8 2 10 10 2 8 2 10 8 10 10 10 10 2 10 10 10 10
left_child=2 -2 3 -1 7 -6 -7 8 9 -4 -10 13 -13 16 15 -15 17 19 -18 -8 -19 22 26 -24 25 -25 -16 29 -14 -23
right_child=1 -3 4 -5 5 6 11 -9 10 -11 -12 12 28 14 21 -17 18 20 -20 -21 -22 27 23 24 -26 -27 -28 -29 -30 -31
leaf_value=0.051619477084076944 0.14449084924104524 -0.093922881160652019 -0.0023022660313406097 0.81635362628637531 -0.21612803184151466 -0.58493234787092696 -0.25446785308754888 0.023217753191698165 -0.0077924040290963271 -0.12784555461514835 0.4797500613325435 0.3086370034264268 0.198607635956037 0.04561531968385267 0.052621037865447279 0.39020345092731673 -0.018154472946822865 -0.022335723493616469 -0.34018879446830153 0.016451385793000952 -0.1579858904431316 0.023323038008075229 -0.099622577178597488 0.13765039572606069 -0.072435397890193862 -0.022780969920703029 -0.012523582365251222 -0.05464800886013535 -0.065240306291547118 0.25173180718794524
leaf_weight=3361 683 157 1012 258 500 94 114 7567 138 632 119 146 78 1518 1216 336 415 7330 471 5979 1059 836 1202 445 1418 869 878 687 262 783
leaf_count=3361 683 157 1012 258 500 94 114 7567 138 632 119 146 78 1518 1216 336 415 7330 471 5979 1059 836 1202 445 1418 869 878 687 262 783
internal_value=0.000119441 0.00292509 6.00393e-05 0.0013384 -6.81346e-05 -0.000346886 -0.000224968 0.000716021 -0.0012224 -0.00215198 0.0047093 -0.000186614 0.0038809 -0.000264116 0.000394543 0.00274933 -0.000700761 -0.00049092 -0.00412627 0.000539055 -0.00123897 -0.000129574 -0.000711561 -0.00177637 -0.000757409 0.00125475 0.00128878 0.00139142 0.000439883 0.00262037
internal_weight=40563 840 39723 3619 36104 26636 26136 9468 1901 1644 257 26042 486 25556 10188 1854 15368 14482 886 6093 8389 8334 6028 3934 2732 1314 2094 2306 340 1619
internal_count=40563 840 39723 3619 36104 26636 26136 9468 1901 1644 257 26042 486 25556 10188 1854 15368 14482 886 6093 8389 8334 6028 3934 2732 1314 2094 2306 340 1619
is_linear=0
shrinkage=0.03


Tree=214
num_leaves=31
num_cat=0
split_feature=6 38 8 25 40 12 4 24 5 13 7 14 29 10 29 1 5 17 5 7 4 10 25 6 4 24 25 6 1 38
split_gain=8.69409 7.12675 7.4094 10.6631 7.21762 11.4884 10.8973 10.1283 10.4777 9.83099 7.8045 8.11335 11.6324 7.40254 9.14475 7.35103 7.81866 7.20896 7.1704 8.87376 7.135 6.49382 6.35376 6.07177 6.67962 6.58441 7.16268 7.79503 6.28977 6.34525
threshold=27.638325991189436 498.86000000000007 461.80625000000003 80.179375000000022 -54.70500000000002 91.553697916666678 62.500000000000007 52.855000000000011 50256.250000000007 225.04500000000004 11.411458333333337 38.355000000000011 7.8675000000000006 50.395000000000003 37.530000000000008 2.5000000000000004 61418.750000000007 1318.1404850000001 54501.000000000007 9.1128472222222268 96.500000000000014 31.356250000000003 6.7772916666666676 11.823568281938327 132.50000000000003 1.7025000000000001 18.972500000000004 15.917841409691631 4.5000000000000009 -38.844999999999992
decision_type=2 10 2 10 8 10 2 8 2 10 2 8 8 8 8 2 2 10 2 2 2 10 8 2 2 10 10 2 2 10
left_child=1 2 4 23 5 6 15 -8 -9 18 11 -6 21 14 -14 -1 -17 -10 19 -7 -12 -13 -15 -4 25 26 27 -25 -26 -30
right_child=-2 -3 3 -5 10 9 7 8 17 -11 20 12 13 22 -16 16 -18 -19 -20 -21 -22 -23 -24 24 28 -27 -28 -29 29 -31
leaf_value=-0.20257612309029716 0.057249725943030447 1.1263182513575953 0.070418460997697704 -0.091729030540409082 -0.10971911410608706 0.31969062386719072 0.049080045898176966 -0.14761143232275131 0.25586753641782323 -0.61900990600779149 -0.031764740538091481 0.11636597417697966 0.032680303930382591 0.17470496675391856 -0.043314000658395885 -0.061762432329750962 0.24306915989158528 -0.046011119368733977 0.61408515486806448 -0.50716640024802939 -0.37994923792680363 -0.0053810974418659358 0.0013916843953543888 0.027982308919597177 0.025178370749908054 -0.10640549420293581 0.039865938055040233 -0.13101671167699505 -0.26978060882081184 -0.0075959413392397649
leaf_weight=303 1421 107 147 2034 234 422 2457 774 249 70 154 426 668 161 3655 361 120 136 279 52 96 207 23501 41 1075 403 188 94 85 513
leaf_count=303 1421 107 147 2034 234 422 2457 774 249 70 154 426 668 161 3655 361 120 136 279 52 96 207 23501 41 1075 403 188 94 85 513
internal_value=2.70812e-05 -5.69041e-05 -7.82656e-05 -0.00121153 7.29768e-05 0.00109973 0.000490798 0.00118607 -0.001125 0.00435073 -0.000111329 -6.55045e-05 -1.99168e-05 -0.000110948 -0.00125231 -0.00271338 -0.000404564 0.00291451 0.00535146 0.00309474 -0.00537849 0.00399842 9.76208e-05 8.24499e-05 -0.00028125 -0.00268226 0.000509259 -0.00474265 0.000761649 -0.00170284
internal_weight=40433 39012 38905 4580 34325 5223 4400 3616 1159 823 29102 28852 28618 27985 4323 784 481 385 753 474 250 633 23662 2546 2399 726 323 135 1673 598
internal_count=40433 39012 38905 4580 34325 5223 4400 3616 1159 823 29102 28852 28618 27985 4323 784 481 385 753 474 250 633 23662 2546 2399 726 323 135 1673 598
is_linear=0
shrinkage=0.03


Tree=215
num_leaves=31
num_cat=0
split_feature=5 28 38 5 4 8 40 41 15 4 30 12 4 27 25 18 28 7 36 27 26 1 4 6 39 15 6 4 15 12
split_gain=7.56748 10.5192 11.4335 9.02107 8.24309 7.81028 7.32775 7.04497 7.7204 14.1328 8.48851 10.2527 8.58446 8.4129 7.47204 9.88413 7.27868 7.01904 9.03683 6.97832 6.35778 9.03824 7.46745 6.86129 9.90734 8.03092 7.8942 7.76778 15.0201 9.44282
threshold=39206.250000000007 30825.875000000004 -1.4925000000000004 74725.000000000015 46.500000000000007 632.76875000000007 -13.106249999999994 13654.425545070624 71.413958333333355 32.500000000000007 41.365000000000002 41.885000000000005 359.50000000000006 34457.854166666679 56.544791666666676 1.5000000000000002 47749.945781250011 6.1927083333333348 -45.432499999999983 30960.169791666671 46161.782500000008 3.5000000000000004 80.500000000000014 8.5955947136563911 -17.05999999999997 167.20895833333336 18.446035242290751 84.500000000000014 159.1452604166667 203.73687500000003
decision_type=2 8 8 2 2 2 8 10 8 2 10 10 2 10 10 2 10 2 10 10 10 2 2 2 8 10 2 2 10 10
left_child=17 6 5 7 -5 -3 -2 8 9 14 11 -11 16 -13 -4 -16 19 -1 -19 -12 23 -22 -23 24 -10 27 -27 -25 29 -29
right_child=1 2 3 4 -6 -7 -8 -9 20 10 12 13 -14 -15 15 -17 -18 18 -20 -21 21 22 -24 25 -26 26 -28 28 -30 -31
leaf_value=-0.0088809044611669555 0.20764309587220081 0.029908420685301775 0.12853940087253543 0.019328075249468953 0.76142583855459345 -0.056545573666721388 0.037702748700373261 0.09634730295788245 0.13310309382143543 0.00037475632778048994 -0.1274721575140576 -0.34351510220743298 0.11296966995184035 0.089831742765861006 0.082683995058213208 -0.1410147374340365 -0.117229706696974 0.04555610555278769 -0.13258359470955514 -0.0087214206370083494 -0.11436395629812061 0.012569001817798693 -0.097085442204110681 -0.12617101726856161 -0.025146723229340109 -0.15766902138156155 -1.0742217929670053 -0.01185645501781039 0.37537634255991226 -0.93878475047058396
leaf_weight=4880 1197 8134 262 663 180 731 2967 440 911 996 156 41 99 439 243 72 374 214 1171 5465 1120 830 204 891 2290 1061 81 4035 172 50
leaf_count=4880 1197 8134 262 663 180 731 2967 440 911 996 156 41 99 439 243 72 374 214 1171 5465 1120 830 204 891 2290 1061 81 4035 172 50
internal_value=-2.56378e-05 0.000150418 -4.60906e-05 -0.000426314 0.00261256 0.000857771 0.00156303 -0.000553057 -0.000636589 7.17968e-05 -0.000273412 0.0017671 -0.000767842 0.00536383 0.00459343 0.00147152 -0.000913109 -0.000983881 -0.00286797 -0.00064301 -0.00113215 -0.00260325 -0.00057971 -0.00079804 0.000332605 -0.00137339 -0.00364829 -0.00086813 -0.000334664 -0.000701175
internal_weight=40369 34104 29940 21075 843 8865 4164 20232 19792 8147 7570 1476 6094 480 577 315 5995 6265 1385 5621 11645 2154 1034 9491 3201 6290 1142 5148 4257 4085
internal_count=40369 34104 29940 21075 843 8865 4164 20232 19792 8147 7570 1476 6094 480 577 315 5995 6265 1385 5621 11645 2154 1034 9491 3201 6290 1142 5148 4257 4085
is_linear=0
shrinkage=0.03


Tree=216
num_leaves=31
num_cat=0
split_feature=5 7 26 8 8 41 1 0 1 6 14 7 27 8 24 14 23 0 40 6 2 26 40 12 2 41 12 16 15 31
split_gain=7.89227 7.42942 6.55507 6.59204 9.37212 16.6224 10.3832 8.18286 7.4459 8.10312 7.02633 6.55935 6.54501 6.13505 6.28459 5.88165 5.71335 9.25578 8.14005 6.20573 6.41598 7.50318 7.04848 8.45817 8.13965 6.02166 5.86619 5.2959 5.21238 5.35138
threshold=36934.500000000007 6.6840277777777803 23889.000000000004 183.55625000000003 1.0000000180025095e-35 6258.0211717105458 1.0000000180025095e-35 13.500000000000002 1.0000000180025095e-35 21.429074889867849 150.05000000000004 11.862847222222227 55427.884739583344 6.0062500000000005 63.701250000000009 198.49000000000004 3.5000000000000004 4.5000000000000009 -1.3749999999999998 0.92709251101321588 3.5000000000000004 50249.100000000006 -54.70500000000002 38.983541666666675 9.5000000000000018 8671.3491436982094 152.20729166666669 1358.9094502611767 396.69062500000013 308.48000000000008
decision_type=2 2 8 2 2 8 2 2 2 2 10 2 8 2 10 10 2 2 8 2 2 8 10 10 2 8 10 10 10 10
left_child=1 13 -2 4 11 27 10 -5 9 -9 -7 12 16 14 -1 -10 18 -18 19 -4 21 25 -22 -24 26 -21 -25 -6 29 -20
right_child=2 -3 3 7 5 6 -8 8 15 -11 -12 -13 -14 -15 -16 -17 17 -19 28 20 22 -23 23 24 -26 -27 -28 -29 -30 -31
leaf_value=0.032439684392534501 0.32182924015299263 -0.1190910639557919 0.084729557251357612 -0.027899066543030763 0.071896348560372164 0.058864769015413709 0.043240298688625813 0.0034002453969583257 0.0072315412405766317 0.16021265106296809 0.55195176523644707 -0.26323353051118642 -0.16281268879231389 -0.089639428375521676 -0.04268520873697277 -0.11916785158804344 0.061206133296255696 -0.0072514616788057389 -0.032877726151380737 -0.085700966260344125 0.096298487083429335 0.05690614794141638 -0.1467185778844225 0.066197020683505914 -0.024157271369294193 -0.018355214800107936 -0.042390843197958078 -0.055935644796398662 -0.55897869942357681 0.27629600591814946
leaf_weight=1207 551 433 316 5573 501 664 5665 534 4542 443 399 123 104 529 1464 1338 1728 2100 2712 607 981 319 439 1200 1838 1607 313 2029 100 105
leaf_count=1207 551 433 316 5573 501 664 5665 534 4542 443 399 123 104 529 1464 1338 1728 2100 2712 607 981 319 439 1200 1838 1607 313 2029 100 105
internal_value=7.48795e-05 -0.00125894 0.000206478 0.000157107 0.000449038 0.00119559 0.00197503 -0.000403025 0.000290901 0.00271472 0.00469455 -2.46694e-05 3.42087e-05 -0.000759138 -0.000174027 -0.000112226 8.87512e-05 0.00108122 -0.000271873 0.000244062 6.57084e-05 -0.0011543 0.000713537 0.000126616 0.000639916 -0.00177427 0.00226882 -0.000877124 -0.00161926 -0.00137864
internal_weight=40464 3633 36831 36280 23850 9258 6728 12430 6857 977 1063 14592 14469 3200 2671 5880 14365 3828 10537 7620 7304 2533 4771 3790 3351 2214 1513 2530 2917 2817
internal_count=40464 3633 36831 36280 23850 9258 6728 12430 6857 977 1063 14592 14469 3200 2671 5880 14365 3828 10537 7620 7304 2533 4771 3790 3351 2214 1513 2530 2917 2817
is_linear=0
shrinkage=0.03


Tree=217
num_leaves=31
num_cat=0
split_feature=5 28 26 4 8 27 38 40 7 12 5 28 41 4 38 31 27 39 5 28 35 16 39 7 12 24 41 30 7 25
split_gain=7.21769 11.4733 9.91922 10.2235 9.25115 7.90965 7.79512 7.47657 8.50089 7.67135 6.408 6.25747 6.1256 6.79294 6.80147 6.47186 11.5879 6.3428 6.2244 15.1186 7.45104 7.06017 7.52375 6.86774 6.17825 6.17173 11.1908 8.91753 6.78625 6.07333
threshold=40600.562500000007 28188.687500000004 41917.500000000007 258.50000000000006 1.0687500000000003 34253.666666666672 51.460000000000008 6.2437500000000048 4.6545138888888902 458.07729166666678 51956.250000000007 50409.197500000002 17133.706979634469 2.5000000000000004 -3.0649999999999973 52.005000000000003 36419.870833333342 -84.33874999999999 53503.250000000007 39371.763750000006 35.157499999999999 4025.959367945185 -55.144999999999996 3.3211805555555562 86.810208333333335 3.5550000000000002 -6521.3200614441148 74.25500000000001 3.8107638888888897 80.704791666666679
decision_type=2 8 8 2 2 10 8 8 2 10 2 10 10 2 10 10 10 10 2 10 10 10 10 2 10 10 8 10 2 10
left_child=2 10 3 4 -1 6 -5 9 -9 12 -2 -10 13 24 15 16 -15 -17 20 21 25 22 -20 -21 -3 26 27 -16 -28 -7
right_child=1 7 -4 5 -6 29 -8 8 11 -11 -12 -13 -14 14 18 17 -18 -19 19 23 -22 -23 -24 -25 -26 -27 28 -29 -30 -31
leaf_value=0.0078998765423862229 0.12511581439423877 -0.018951580731380334 0.077351918264237096 0.1292539263948437 -0.058704787760353407 -0.080865572919441298 -0.67726956228026547 0.01365557619207209 -0.083148488505580709 -0.90250220705017847 0.66950069428368708 -0.49516336099770902 0.15403764598463596 0.13720148207577124 0.040328052808361325 0.19639305359464443 -0.04147005961305493 0.032274694444391516 0.6045465599819122 0.063436214240902164 -0.22551623745610838 -0.24940889789578741 0.072493010537926061 -0.0029947087728352528 -0.76243707927089854 -0.015171309189077248 -0.12897047101902004 -0.016529512376972325 0.0073942739491340125 -0.33249976656778379
leaf_weight=4022 2187 76 645 331 2043 452 157 1337 1774 57 222 54 333 469 393 701 1258 4463 269 577 338 59 1165 7149 58 8899 104 92 409 422
leaf_count=4022 2187 76 645 331 2043 452 157 1337 1774 57 222 54 333 469 393 701 1258 4463 269 577 338 59 1165 7149 58 8899 104 92 409 422
internal_value=9.29263e-05 0.000292658 -0.000709773 -0.00101979 -0.000492087 -0.00336757 -0.000306748 0.000132845 -0.00124605 0.000295311 0.00228423 -0.00257518 0.000318875 0.000267938 0.000302323 0.00111216 -0.000477431 0.00164376 1.54202e-05 0.000580803 -0.000493845 0.00334337 0.00376307 4.65899e-05 -0.00644444 -0.000344009 0.00189189 0.00515432 -0.0011965 -0.00507429
internal_weight=40515 32443 8072 7427 6065 1362 488 30034 3165 26869 2409 1828 26812 26479 26345 6891 1727 5164 19454 9219 10235 1493 1434 7726 134 9897 998 485 513 874
internal_count=40515 32443 8072 7427 6065 1362 488 30034 3165 26869 2409 1828 26812 26479 26345 6891 1727 5164 19454 9219 10235 1493 1434 7726 134 9897 998 485 513 874
is_linear=0
shrinkage=0.03


Tree=218
num_leaves=31
num_cat=0
split_feature=6 40 4 27 8 4 13 25 15 40 41 6 8 8 38 18 23 4 23 4 4 7 13 14 7 39 4 14 25 18
split_gain=8.38903 7.90157 7.75438 11.4301 8.13486 7.65622 7.62176 8.32366 9.89886 7.48929 6.5082 11.4473 7.67083 16.4749 8.74192 8.01599 8.58297 9.8495 7.01477 8.49498 8.82442 7.83232 6.59229 7.64856 6.58481 6.46689 6.31483 7.63695 7.49564 6.19896
threshold=27.638325991189436 -53.836249999999986 348.50000000000006 53164.391718750012 604.07500000000016 303.50000000000006 28.500000000000004 81.049791666666678 197.65354166666671 -85.332499999999996 7353.617091189627 19.3535242290749 1.0000000180025095e-35 168.18125000000003 -1.2475000000000021 1.0000000180025095e-35 2.5000000000000004 158.50000000000003 3.5000000000000004 190.50000000000003 50.500000000000007 6.5295138888888911 72.372500000000016 90.00500000000001 9.7031250000000036 -2.628749999999997 62.500000000000007 81.520000000000024 34.287708333333342 1.0000000180025095e-35
decision_type=2 8 2 10 2 2 10 10 10 10 8 2 2 2 8 2 2 2 2 2 2 2 10 8 2 10 2 10 10 2
left_child=1 5 4 -4 10 6 7 26 9 -9 11 -3 18 15 -15 16 17 24 -12 20 22 -21 23 -20 -14 -13 -1 -28 -29 -6
right_child=-2 2 3 -5 29 -7 -8 8 -10 -11 12 25 13 14 -16 -17 -18 -19 19 21 -22 -23 -24 -25 -26 -27 27 28 -30 -31
leaf_value=-0.048728812068284603 0.058273494663052074 -0.042455492506118797 -0.13483010906930049 0.08575603119473299 -0.023915508440908805 0.088156060493153054 0.20314814176562065 -0.40858522176032191 1.257784813499631 -0.095159868085048199 -0.017276673504306714 0.03636269528620744 -0.0031631614782548921 0.057711460381967325 -0.016763052563682806 0.00386792894501653 0.19080460838876656 0.11912338094448713 0.0064555019803511013 0.018209972043131798 0.08736473049644114 -0.24664697245342657 0.07473757286055388 -0.15138420366901584 0.17585504318784562 -0.16917501206131219 -0.0043820940961428077 0.10286066766406744 0.041135075766760135 -0.26644444588700572
leaf_weight=524 1397 5594 1274 181 1126 951 761 294 46 319 7391 2221 1497 1118 4977 1561 839 1663 202 888 1018 312 337 139 75 89 1449 509 1203 516
leaf_count=524 1397 5594 1274 181 1126 951 761 294 46 319 7391 2221 1497 1118 4977 1561 839 1663 202 888 1018 312 337 139 75 89 1449 509 1203 516
internal_value=6.63422e-05 -1.53551e-05 -0.000198068 -0.0023386 -9.9322e-05 0.000980684 0.000519976 3.45224e-05 -0.00306818 -0.0040798 1.35352e-05 -0.000724858 0.000278636 0.000803001 -0.000278051 0.00197214 0.00267239 0.00197002 -0.000319304 0.000931999 0.00229817 -0.000999167 -0.000353461 -0.00328947 0.000267006 0.00105149 0.000590071 0.00109583 0.00245184 -0.0021546
internal_weight=40471 39074 33018 1455 31563 6056 5105 4344 659 613 29921 7904 22017 11730 6095 5635 4074 3235 10287 2896 1696 1200 678 341 1572 2310 3685 3161 1712 1642
internal_count=40471 39074 33018 1455 31563 6056 5105 4344 659 613 29921 7904 22017 11730 6095 5635 4074 3235 10287 2896 1696 1200 678 341 1572 2310 3685 3161 1712 1642
is_linear=0
shrinkage=0.03


Tree=219
num_leaves=31
num_cat=0
split_feature=41 13 27 7 4 14 27 14 1 25 8 14 21 14 13 25 14 8 28 12 41 4 40 4 9 11 9 14 28 13
split_gain=6.3093 7.25776 6.35363 6.30358 11.4292 12.5884 11.1429 10.2413 11.6541 17.921 16.9068 18.6225 11.9058 11.2471 10.0672 9.99254 7.8499 7.22757 11.9873 11.9944 11.2807 9.53461 9.46253 8.55111 8.35213 8.10391 7.31926 7.33131 7.76523 7.36401
threshold=13259.921016334762 107.67500000000003 55427.884739583344 8.5017361111111125 114.50000000000001 72.00500000000001 50204.400572916675 75.593750000000014 1.0000000180025095e-35 54.168333333333344 0.11250000000000002 196.57500000000002 1.0000000180025095e-35 78.515000000000015 129.08000000000001 12.43125 85.125000000000014 262.72500000000008 43899.500000000007 53.108958333333341 -9054.8957344338523 245.50000000000003 -4.8399999999999972 16.500000000000004 52.795000000000009 65.38000000000001 44.165000000000006 108.45500000000001 39105.250000000007 281.36500000000007
decision_type=10 10 10 2 2 10 10 10 2 10 2 10 2 10 10 10 10 2 10 10 8 2 10 2 10 10 10 10 10 10
left_child=2 -2 3 7 -5 -6 -7 -1 9 -9 -11 -12 13 -10 -14 16 -15 18 22 -20 24 26 -17 -21 25 -19 -22 28 -28 -29
right_child=1 -3 -4 4 5 6 -8 8 12 10 11 -13 14 15 -16 17 -18 20 19 23 21 -23 -24 -25 -26 -27 27 29 -30 -31
leaf_value=-0.016549543843907211 0.12328647309747921 -0.078990587200934353 -0.27673489202769558 0.0084055123397902068 0.06217645180296922 -0.19476883008012577 0.18121000942356266 0.20263920978256819 0.082755682643257139 -0.042947430390494291 0.028827902780844281 0.58879386293341163 0.13987780821412399 -0.12868128941950371 -0.24153252978574072 0.047183733021553952 0.16562146903810215 0.040958651945080221 -0.37723272457325646 0.047350214778593198 -0.090945249126171704 -0.1608022380843431 -0.0030943562933708787 -0.035737132366311923 -0.19722857452141512 -0.063969637697132181 0.098074103630084009 -0.049450921572798449 -0.017565337104520715 0.45182155472144669
leaf_weight=4308 647 166 87 2133 271 1299 80 473 350 1460 1319 632 658 82 83 7060 324 649 230 683 982 1257 7476 3647 120 75 475 2819 370 352
leaf_count=4308 647 166 87 2133 271 1299 80 473 350 1460 1319 632 658 82 83 7060 324 649 230 683 982 1257 7476 3647 120 75 475 2819 370 352
internal_value=9.42861e-05 0.00270885 4.07496e-05 5.86115e-05 -0.00110597 -0.00298001 -0.0041413 0.000181413 0.000368623 0.00190734 0.00114742 0.00297387 0.000152746 4.95325e-05 0.00390162 -2.08631e-05 0.00464373 -9.33349e-05 0.000210504 -0.00113133 -0.000910563 -0.0013499 0.000631492 -0.000775802 0.0023432 0.00355862 -0.000762152 -0.000194175 0.00228723 -0.000855927
internal_weight=40567 813 39754 39667 3783 1650 1379 35884 31576 3884 3411 1951 27692 26951 741 26601 406 26195 19096 4560 7099 6255 14536 4330 844 724 4998 4016 845 3171
internal_count=40567 813 39754 39667 3783 1650 1379 35884 31576 3884 3411 1951 27692 26951 741 26601 406 26195 19096 4560 7099 6255 14536 4330 844 724 4998 4016 845 3171
is_linear=0
shrinkage=0.03


Tree=220
num_leaves=31
num_cat=0
split_feature=40 29 11 13 28 16 1 4 5 28 28 27 32 5 6 28 35 7 4 40 7 5 13 40 37 24 8 39 4 4
split_gain=9.02789 9.54095 7.81738 12.579 11.5301 8.56763 7.84802 9.60477 7.27929 7.72197 11.9842 13.6999 9.47418 9.36577 8.88869 8.53414 7.81649 7.22895 8.842 6.73117 8.34983 6.55326 8.43947 6.53967 6.63392 6.44422 6.26166 6.38638 9.53438 6.68506
threshold=-38.044999999999987 584.65375000000006 126.35125000000001 250.07500000000002 37060.552500000013 14622.300843884836 1.5000000000000002 315.50000000000006 37581.250000000007 39046.516718750012 38461.924843750006 34253.666666666672 256.38000000000005 43906.250000000007 11.124889867841413 41111.524843750005 64.397500000000022 8.6788194444444482 120.50000000000001 -25.483750000000001 4.0434027777777795 76137.500000000015 220.01500000000001 10.019999999999991 -1.0000000180025095e-35 166.70875000000004 604.07500000000016 -7.8749999999999991 241.50000000000003 344.50000000000006
decision_type=8 10 10 10 10 10 2 2 2 8 10 10 10 2 2 10 10 2 2 8 2 2 10 10 10 10 2 10 2 2
left_child=2 8 4 5 17 6 -4 -8 25 10 14 -12 21 -13 19 -14 -17 18 -1 -10 -21 22 23 -11 -25 -2 27 29 -29 -16
right_child=1 -3 3 -5 -6 -7 7 -9 9 12 11 13 15 -15 26 16 -18 -19 -20 20 -22 -23 -24 24 -26 -27 -28 28 -30 -31
leaf_value=0.20059203956528707 -0.023255559112475694 0.97397900908845458 0.42170805351255841 -0.4869276710786471 0.025531701891393758 -0.47186340307844205 0.024006941420356184 0.36711891492212811 0.29957108146437533 -0.013082055409230955 -0.41121109869954436 -0.0061411408733137302 -1.2821214978119764 0.13497876868357322 0.024149858585540116 0.49372167743400835 -0.012460031047803568 -0.15113238194643683 -0.042211943584568701 0.20843639126694852 0.013208270575485946 0.053769208950124749 -0.26959084580051978 0.020276128582607526 -0.20745770332910965 -0.32772933320869013 -0.083000442412885178 -0.00265131433167042 -0.21339714957121428 -0.43192789535943221
leaf_weight=254 2752 136 552 171 5892 51 654 210 221 12708 56 339 55 780 5424 313 167 275 1272 363 1980 654 183 241 462 451 1243 1946 703 112
leaf_count=254 2752 136 552 171 5892 51 654 210 221 12708 56 339 55 780 5424 313 167 275 1272 363 1980 654 183 241 462 451 1243 1946 703 112
internal_value=8.86241e-06 -0.000235379 0.000827797 0.00270897 0.000426956 0.00360695 0.00404375 0.00225434 -0.00027011 -0.000114844 0.000413502 0.00330357 -0.00058543 0.00403125 0.000130076 0.00333022 0.00461538 -0.00167314 -0.00086444 0.00169591 0.00122227 -0.000732683 -0.000873851 -0.000786236 -0.00360085 -0.00162453 -0.000295896 5.49719e-06 -0.00120566 0.000585154
internal_weight=40620 31289 9331 1638 7693 1467 1416 864 31153 27950 13167 1175 14783 1119 11992 535 480 1801 1526 2564 2343 14248 13594 13411 703 3203 9428 8185 2649 5536
internal_count=40620 31289 9331 1638 7693 1467 1416 864 31153 27950 13167 1175 14783 1119 11992 535 480 1801 1526 2564 2343 14248 13594 13411 703 3203 9428 8185 2649 5536
is_linear=0
shrinkage=0.03


Tree=221
num_leaves=31
num_cat=0
split_feature=6 6 32 39 41 7 4 2 12 27 14 6 5 28 29 6 41 5 27 36 8 7 4 37 40 15 14 8 13 1
split_gain=7.51872 6.13334 10.3443 9.41756 8.34254 7.68946 9.39753 8.52753 7.86114 7.46643 13.5437 9.40955 7.36032 7.03056 6.4912 6.22654 10.2149 7.24784 6.69141 7.56649 7.50925 6.18366 6.17099 6.2569 6.54673 6.07789 6.75888 5.7708 5.72572 7.16053
threshold=32.257709251101325 5.6696035242290757 228.62500000000003 -21.669999999999991 13259.921016334762 6.4045138888888902 124.50000000000001 1.5000000000000002 277.52729166666671 50330.5309375 104.02000000000002 10.261013215859034 68456.250000000015 43986.56953125001 584.65375000000006 10.766299559471367 -6623.4460519441482 37403.812500000007 40189.291666666672 -13.649999999999993 0.26875000000000004 6.6840277777777803 351.50000000000006 0.14999999999999905 -41.922499999999992 331.09791666666672 235.02500000000003 760.20625000000007 -76.709999999999994 1.0000000180025095e-35
decision_type=2 2 10 8 8 2 2 2 10 10 10 2 2 10 8 2 8 2 10 10 2 2 2 10 10 10 10 2 10 2
left_child=1 2 3 4 -1 6 7 12 15 11 -11 -8 -3 -4 28 22 -17 -18 19 -19 -20 -5 -7 24 -24 26 -21 -2 -13 -30
right_child=27 5 13 21 -6 8 9 -9 -10 10 -12 14 -14 -15 -16 16 17 18 20 25 -22 -23 23 -25 -26 -27 -28 -29 29 -31
leaf_value=0.01396161362523685 0.42324002030202745 0.149022714241351 0.44114581724385915 -0.015062423371475191 0.20894722363617602 0.011300324271945996 0.088301492255317984 -0.030456026546573343 -0.4270431267905343 0.066729803900488993 -0.15647272413095292 -0.20498288778204382 -0.086389737448730061 -0.017671023304797018 0.90080277172124623 0.015354826138248122 -0.28339331299630222 -0.10240826391733174 -0.20402893363896707 0.0035405211009438987 -0.053685806644158195 0.036610094970042369 0.065427674639254169 -0.23751485366657099 -0.17642885737242558 0.28722790631870454 -0.29882536834192291 -0.01609480404115075 0.058096245076147426 0.00010018592224899369
leaf_weight=745 198 344 367 2811 579 3958 1699 4968 451 118 209 85 98 155 128 1215 344 723 465 2386 838 816 49 112 127 81 290 121 2257 13675
leaf_count=745 198 344 367 2811 579 3958 1699 4968 451 118 209 85 98 155 128 1215 344 723 465 2386 838 816 49 112 127 81 290 121 2257 13675
internal_value=-3.34051e-05 -6.99606e-05 0.000863171 0.000439216 0.00260377 -0.000217498 8.84149e-05 -0.00100906 -0.000870924 0.000415199 -0.00407012 0.000497618 0.00297968 0.00487572 0.000274062 -0.000705449 -0.00130065 -0.0018867 -0.0015834 -0.000896294 -0.00341641 -0.000351433 0.000183659 -0.00404844 -0.000508475 -0.000179478 -0.00042585 0.00454687 0.000220065 0.000261721
internal_weight=40412 40093 5473 4951 1324 34620 23581 5410 11039 18171 327 17844 442 522 16145 10588 6342 5127 4783 3480 1303 3627 4246 288 176 2757 2676 319 16017 15932
internal_count=40412 40093 5473 4951 1324 34620 23581 5410 11039 18171 327 17844 442 522 16145 10588 6342 5127 4783 3480 1303 3627 4246 288 176 2757 2676 319 16017 15932
is_linear=0
shrinkage=0.03


Tree=222
num_leaves=31
num_cat=0
split_feature=40 4 28 27 16 2 24 7 41 4 8 1 25 7 30 25 1 12 4 8 40 39 32 27 29 34 24 27 6 1
split_gain=7.81177 7.9849 10.4988 8.33229 14.3555 7.43181 7.13782 6.50695 7.1649 6.96087 7.22783 9.998 7.10886 6.30493 6.24387 7.26947 11.8727 8.66182 7.75497 7.65294 6.19916 6.385 6.14159 8.96999 7.20472 6.10114 6.03884 6.66815 6.03033 6.02754
threshold=-53.836249999999986 348.50000000000006 52354.935156250009 50204.400572916675 3883.4397859913556 10.500000000000002 73.865000000000023 5.7239583333333348 -4274.7218752133585 268.50000000000006 22.275000000000002 1.0000000180025095e-35 49.406666666666673 5.789930555555558 297.03000000000003 249.89229166666669 3.5000000000000004 218.5529166666667 267.50000000000006 0.26875000000000004 34.675000000000004 1.0000000180025095e-35 264.94500000000005 43327.551093750008 250.00250000000003 116.00500000000001 52.080000000000005 36990.241718750003 10.337444933920706 5.5000000000000009
decision_type=10 2 10 10 8 2 10 2 8 2 2 2 10 2 10 10 2 10 2 2 10 10 10 10 10 8 10 10 2 2
left_child=5 14 3 4 -3 7 -4 9 26 10 -1 -12 -13 -8 20 17 19 -16 -19 -17 21 -2 -6 24 -24 -10 27 -9 29 -27
right_child=1 2 6 -5 22 -7 13 8 25 -11 11 12 -14 -15 15 16 -18 18 -20 -21 -22 -23 23 -25 -26 28 -28 -29 -30 -31
leaf_value=0.10313112209811763 -0.00091383931082397393 0.17927336398780838 0.1757009056609172 -0.24608286138458693 -0.18494042725378762 0.085566441337948898 -0.080566041068201602 -0.025203514468595069 -0.097180432290395191 0.28311696238227207 0.45831098231197875 0.0136039805519897 -0.16893505486516741 0.19563968655534622 -0.53102513405008089 -0.0050493002633879768 -0.26063156632536333 0.97764302549549675 0.02181249462812275 0.4814006668925111 -0.26102960633586275 -0.10293121732329723 -0.19699904762405451 -0.50007024864600569 0.52957010503878887 0.22653391642595905 -0.090114256592263547 0.047253207741306411 -0.12330152121505471 -0.38951462544413706
leaf_weight=790 30036 71 80 204 765 951 94 210 860 257 154 519 475 57 54 415 705 164 79 634 399 325 52 57 90 445 260 801 490 58
leaf_count=790 30036 71 80 204 765 951 94 210 860 257 154 519 475 57 54 415 705 164 79 634 399 325 52 57 90 445 260 801 490 58
internal_value=3.58799e-05 -0.000142203 -0.00230455 -0.00339919 -0.00230212 0.00100941 0.00355603 0.000572368 -0.0003072 0.00182377 0.00120681 -0.000313316 -0.00141709 -0.000296053 -4.52578e-05 0.00155702 0.000820513 0.00588926 0.00829918 0.00284286 -0.000152141 -0.000103254 -0.00326425 0.001425 0.00545455 -0.00149676 0.00142689 0.0024753 0.000105634 0.00241071
internal_weight=40551 34281 1470 1239 1035 6270 231 5319 3124 2195 1938 1148 994 151 32811 2051 1754 297 243 1049 30760 30361 964 199 142 1853 1271 1011 993 503
internal_count=40551 34281 1470 1239 1035 6270 231 5319 3124 2195 1938 1148 994 151 32811 2051 1754 297 243 1049 30760 30361 964 199 142 1853 1271 1011 993 503
is_linear=0
shrinkage=0.03


Tree=223
num_leaves=31
num_cat=0
split_feature=0 17 40 7 39 27 12 24 13 37 28 13 12 13 24 4 16 24 29 29 29 40 16 6 36 29 32 4 0 7
split_gain=7.78662 10.2589 7.53922 7.26491 7.57982 7.05436 6.55667 13.6775 8.32785 6.59673 7.42838 6.05409 10.7262 9.70973 9.14689 8.63787 7.32691 8.55612 7.35282 7.04553 6.00043 8.57172 6.17568 5.95536 6.91025 6.06073 5.9433 5.75583 5.67125 5.6573
threshold=13.500000000000002 827.62016500000004 1.8099999999999812 3.220486111111112 -74.374999999999986 25447.083333333339 54.161250000000003 65.003750000000011 39.900000000000013 0.5799999999999913 42074.562500000007 113.11000000000001 129.79520833333336 119.48000000000002 115.11375000000002 245.50000000000003 9738.2587968078788 104.68750000000001 117.10375000000002 42.688750000000006 37.530000000000008 -45.169999999999987 3159.8573899372191 4.6951541850220275 6.5699999999999994 50.191250000000004 101.00500000000001 86.500000000000014 2.5000000000000004 5.7656250000000018
decision_type=2 10 8 2 10 10 10 10 10 10 10 10 10 10 8 2 8 10 10 10 10 10 10 2 10 10 10 2 2 2
left_child=1 2 6 -2 -5 -6 7 8 9 20 29 12 15 -13 -15 19 18 28 26 -8 -1 27 -23 -14 -25 -26 -17 -22 -18 -11
right_child=3 -3 -4 4 5 -7 11 -9 -10 10 -12 13 23 14 -16 16 17 -19 -20 -21 21 22 -24 24 25 -27 -28 -29 -30 -31
leaf_value=0.061622511776056217 0.075889316749601365 -0.045596633900209543 -0.030873203463590071 0.038931213322671257 0.45620297156643685 -0.00075477472557378903 -0.07975241451661709 -0.15182117565864353 -0.1019019459269635 -0.024276490464151122 0.09150481008517157 -0.26367126509560507 0.22896976021728946 0.5311948526417466 -0.016320664450524588 0.072032929166591306 0.003763173530400934 0.047140219326003811 -0.13922021322022551 0.031700069304504266 -0.064581912675451561 -0.013529346829414183 -0.27241320716737655 0.0543585662628773 0.77666287430400072 0.16538198114878383 -0.035053785712335493 0.050388660711911865 -0.13665666629060527 -0.21105730738508374
leaf_weight=542 959 3607 4152 3328 371 12163 292 941 86 101 94 231 185 124 2579 592 237 432 150 4749 193 794 171 754 71 197 242 1182 720 160
leaf_count=542 959 3607 4152 3328 371 12163 292 941 86 101 94 231 185 124 2579 592 237 432 150 4749 193 794 171 754 71 197 242 1182 720 160
internal_value=8.20545e-05 -0.000269732 -3.75526e-06 0.00057514 0.000421736 8.37655e-05 0.00029488 -0.000710434 0.000194043 0.000440086 -0.00341292 0.000665888 0.00106646 -0.000511073 -5.54734e-06 0.000639245 -0.000852991 -0.0022554 0.0011269 0.00134173 0.000915713 0.000256301 -0.00190994 0.00368791 0.00278592 0.0069145 0.00222754 0.00177689 -0.00383612 -0.00601145
internal_weight=40399 23578 19971 16821 15862 12534 15819 4264 3323 3237 355 11555 8621 2934 2703 7414 2373 1389 984 5041 2882 2340 965 1207 1022 268 834 1375 957 261
internal_count=40399 23578 19971 16821 15862 12534 15819 4264 3323 3237 355 11555 8621 2934 2703 7414 2373 1389 984 5041 2882 2340 965 1207 1022 268 834 1375 957 261
is_linear=0
shrinkage=0.03


Tree=224
num_leaves=31
num_cat=0
split_feature=6 8 1 41 14 25 4 39 18 15 14 15 4 18 10 6 32 39 27 28 4 37 41 7 10 7 5 25 4 4
split_gain=8.09407 8.51404 7.45571 6.84508 9.23033 14.0176 8.19929 6.83177 7.38395 16.6426 10.9359 7.70299 6.83655 7.05278 6.1663 5.82106 9.76852 7.02074 8.15262 6.40807 6.37277 8.74494 6.70255 6.20951 6.11282 5.58919 5.57066 5.45385 5.42048 9.52443
threshold=27.638325991189436 461.80625000000003 2.5000000000000004 -5277.4313004078967 100.74500000000002 82.911041666666691 243.50000000000003 -101.08499999999999 1.0000000180025095e-35 63.267656250000009 116.20000000000002 159.1452604166667 2.5000000000000004 1.5000000000000002 155.05000000000004 4.8325991189427322 245.08500000000001 -3.239999999999998 41950.354166666672 38720.520156250008 349.50000000000006 1.3287499999999925 -1278.0217413532553 2.970486111111112 80.812500000000014 11.862847222222227 76137.500000000015 276.37187500000005 305.50000000000006 287.50000000000006
decision_type=2 2 2 8 10 10 2 8 2 10 10 10 2 2 10 2 10 10 10 10 2 10 8 2 10 2 2 10 2 2
left_child=1 7 -2 4 -3 -6 -5 8 10 -10 11 -1 13 -9 -11 16 17 18 -14 -19 25 22 -22 -21 -24 28 -25 -26 29 -17
right_child=2 3 -4 6 5 -7 -8 12 9 14 -12 -13 15 -15 -16 20 -18 19 -20 23 21 -23 24 26 27 -27 -28 -29 -30 -31
leaf_value=0.035072722813008779 0.14223399807503498 -0.021664773249461259 0.0085052468392079559 -0.037779007529361711 0.057743918799742944 -0.16782706393664679 -0.29347450258646685 0.019103335363310981 0.077067513824496295 -0.39898875812827789 0.4651016471244378 -0.37391378187144986 0.27152585465300871 -0.45796232169692463 -0.038766452015344011 0.00026540781746646757 0.35779136243577569 0.15238920319534066 0.021129437058456942 0.084339310436082685 0.074846377053206584 -0.34415746779944134 -0.17101674472970391 -0.05124048216907965 0.057999778662655925 -0.17019144049117577 0.037442652591959558 -0.65138538237019439 0.032816291892579556 -0.10355522643451806
leaf_weight=947 635 559 809 2914 502 139 431 60 378 264 739 75 259 100 176 21687 300 249 1831 172 101 254 236 1219 269 199 357 53 3145 1522
leaf_count=947 635 559 809 2914 502 139 431 60 378 264 739 75 259 100 176 21687 300 249 1831 172 101 254 236 1219 269 199 357 53 3145 1522
internal_value=5.80307e-05 -2.33788e-05 0.00226298 -0.00124395 0.000699417 0.00315421 -0.00194112 0.000137022 0.00162209 -0.000732601 0.00271566 0.000703812 1.73362e-05 -0.00614907 -0.00469388 4.85025e-05 0.00106313 0.000678816 0.00189383 -0.000593093 -0.000113591 -0.00257659 -0.00075 -0.00123499 -0.00203936 -2.88092e-05 -0.00182625 0.000650155 9.10643e-06 -0.000149289
internal_weight=40581 39137 1444 4545 1200 641 3345 34592 2579 818 1761 1022 32013 160 440 31853 4387 4087 2090 1997 27466 913 659 1748 558 26553 1576 322 26354 23209
internal_count=40581 39137 1444 4545 1200 641 3345 34592 2579 818 1761 1022 32013 160 440 31853 4387 4087 2090 1997 27466 913 659 1748 558 26553 1576 322 26354 23209
is_linear=0
shrinkage=0.03


Tree=225
num_leaves=31
num_cat=0
split_feature=5 28 27 28 27 2 18 37 6 7 14 32 41 12 25 25 12 4 41 14 25 15 7 27 38 6 28 25 26 28
split_gain=6.10001 10.1736 12.4816 9.02647 9.00265 8.21914 8.72742 7.78332 7.53028 8.49224 7.34969 7.82047 9.42819 7.04141 6.79045 6.60905 9.81231 12.4381 8.84511 6.57328 6.38721 7.02736 6.13914 6.07956 5.5817 10.1268 9.39923 8.74691 7.97434 7.72621
threshold=39206.250000000007 25782.687500000004 26213.354166666668 30825.875000000004 26079.687500000004 8.5000000000000018 1.0000000180025095e-35 -1.1574999999999986 10.031057268722469 10.565972222222223 96.010000000000005 38.915000000000006 -16720.718883425146 443.54708333333343 443.54708333333343 46.149062500000007 28.813854166666669 2.5000000000000004 10921.775007773575 104.55500000000002 45.749375000000008 105.28270833333335 6.102430555555558 27049.395833333336 11.522500000000003 10.40594713656388 34271.375000000007 57.07416666666667 33988.626250000008 39046.516718750012
decision_type=2 10 8 10 10 2 2 10 2 2 10 10 10 10 10 10 10 2 10 10 10 10 2 10 10 2 10 10 10 10
left_child=7 5 4 8 -3 6 22 10 -4 14 11 12 -1 -7 23 20 18 -18 -17 -12 21 -5 -2 -10 28 27 -27 -26 -19 -30
right_child=1 2 3 15 -6 13 -8 -9 9 -11 19 -13 -14 -15 -16 16 17 24 -20 -21 -22 -23 -24 -25 25 26 -28 -29 29 -31
leaf_value=-0.12881599842250846 0.99196320471257193 -0.094457589812884629 0.28987413928626166 0.017205839664972876 -0.78124284529419863 0.14158356756688845 -0.013214243981572196 -0.056231926333400364 0.42737797543975858 -0.45538716160781351 0.11399555445552166 -0.084624808713078051 0.037605474582126791 -0.47219738125048305 -1.3492813209461079 -0.13564936818557813 -0.54116229950594985 -0.045940621763816837 0.27823897969721656 0.013508322920706792 0.19340953409904801 -0.28153637864875192 0.063985738962174993 0.033719199812608736 0.061339113428057777 0.087379223026532671 -0.1373594701816942 -0.0060631049936850446 0.040628745728305375 0.0014864150807828212
leaf_weight=81 415 270 490 5624 103 290 194 2943 314 40 389 753 465 120 42 614 99 1673 43 1659 140 153 103 1845 412 468 2220 4173 3973 10374
leaf_count=81 415 270 490 5624 103 290 194 2943 314 40 389 753 465 120 42 614 99 1673 43 1659 140 153 103 1845 412 468 2220 4173 3973 10374
internal_value=5.26147e-05 0.000210569 0.000115207 0.000177534 -0.00533422 0.0030187 0.00496494 -0.000805913 0.00182833 0.00109054 0.000183692 -0.00158077 0.00115174 -0.000364964 0.00134196 2.70297e-05 -0.000193971 -9.23353e-05 -0.00380699 0.00130307 0.000925144 0.000771028 0.00699422 0.00157639 -4.70078e-05 -0.000736184 -0.00219784 0.00012102 0.000265901 0.000494494
internal_weight=40482 34192 33070 32697 373 1122 712 6290 2731 2241 3347 1299 546 410 2201 29966 24049 23392 657 2048 5917 5777 518 2159 23293 7273 2688 4585 16020 14347
internal_count=40482 34192 33070 32697 373 1122 712 6290 2731 2241 3347 1299 546 410 2201 29966 24049 23392 657 2048 5917 5777 518 2159 23293 7273 2688 4585 16020 14347
is_linear=0
shrinkage=0.03


Tree=226
num_leaves=31
num_cat=0
split_feature=27 4 15 27 40 12 10 4 24 12 41 28 25 10 28 13 4 25 4 13 6 16 4 12 13 12 32 5 4 14
split_gain=6.678 7.65958 6.94745 8.72687 6.16813 7.90065 12.4362 12.3795 11.0508 9.28556 8.47614 8.21407 13.3947 8.94336 7.91666 7.89399 7.50452 8.68612 7.18272 7.49932 7.27289 6.77709 6.71878 13.6508 6.75487 7.15805 6.75134 6.7135 6.7028 8.76854
threshold=23492.208333333336 242.50000000000003 458.07729166666678 24313.729166666672 -29.254999999999995 90.972760416666674 380.06500000000005 84.500000000000014 45.065000000000005 97.623697916666686 8671.3491436982094 38720.520156250008 33.475000000000009 -1.0000000180025095e-35 53368.219218750011 59.82500000000001 78.500000000000014 46.534583333333345 216.50000000000003 69.995000000000019 14.807709251101326 265.65777371835509 126.50000000000001 21.927291666666672 1.9200000000000002 44.237916666666671 30.511250000000004 37254.187500000007 62.500000000000007 127.91750000000002
decision_type=8 2 10 8 8 10 10 2 10 10 10 10 10 10 10 10 2 10 2 10 2 8 2 10 10 10 10 2 2 10
left_child=1 -1 3 -2 5 7 8 10 9 -7 16 22 13 -13 21 -10 28 -18 -17 -20 -21 -14 23 -9 25 -24 -27 -6 29 -5
right_child=2 -3 -4 4 27 6 -8 11 15 -11 -12 12 14 -15 -16 18 17 -19 19 20 -22 -23 24 -25 -26 26 -28 -29 -30 -31
leaf_value=1.0527537122409263 0.67967437832049082 -0.30646187918684259 -0.28079609493783153 -0.059299119871933037 -0.045787945224240754 0.3281044917316373 -0.70130932633491705 -0.031354635046934531 0.40877492067847992 -0.27812038979227649 0.10436664885222256 -0.061246196360405888 0.17376810565480558 0.085522197651401732 0.21753800009573054 0.16507507644534514 0.061952259205624041 -0.40476108797324101 -0.31577300645841444 0.12744103001307508 -0.25979430465563436 -0.0029498977139776625 -0.023901075771710079 0.2698352048732765 -0.15581168947109078 -0.26873247590848987 0.44861524696333344 -0.0020652580630366657 0.059584855108758029 -0.3212761486928889
leaf_weight=243 174 112 430 826 2519 48 168 324 561 215 200 72 116 1244 83 817 48 232 108 537 145 2631 1358 296 571 70 227 25692 365 138
leaf_count=243 174 112 430 826 2519 48 168 324 561 215 200 72 116 1244 83 817 48 232 108 537 145 2631 1358 296 571 70 227 25692 365 138
internal_value=-3.69722e-06 0.00408708 -3.99095e-05 1.13105e-06 -2.84005e-05 0.000560477 0.00201346 0.00013122 0.00255962 -0.00323864 -0.00208011 0.000703561 0.00155534 0.00405467 0.000392088 0.00326418 -0.00280435 -0.00725979 0.00219216 0.000151707 0.00131772 0.000114629 -0.000537408 0.00222222 -0.00130669 -0.000335145 0.00387584 -0.000266376 -0.0018609 -0.00317098
internal_weight=40570 355 40215 39785 39611 11400 2599 8801 2431 263 1809 6992 4146 1316 2830 2168 1609 280 1607 790 682 2747 2846 620 2226 1655 297 28211 1329 964
internal_count=40570 355 40215 39785 39611 11400 2599 8801 2431 263 1809 6992 4146 1316 2830 2168 1609 280 1607 790 682 2747 2846 620 2226 1655 297 28211 1329 964
is_linear=0
shrinkage=0.03


Tree=227
num_leaves=31
num_cat=0
split_feature=7 5 26 28 4 8 27 25 16 11 15 28 4 39 10 15 15 5 41 7 4 4 38 5 7 29 4 41 14 39
split_gain=6.80404 6.88344 11.6839 9.72386 9.46614 9.0363 8.85523 8.60864 7.47843 7.41838 7.33506 6.60426 7.27921 7.27182 8.32319 6.88381 6.42827 6.78524 6.36179 6.22429 5.98478 12.0521 8.89939 5.96743 6.1283 5.89017 5.77054 7.66075 5.69764 9.30732
threshold=11.862847222222227 41155.625000000007 41971.748750000006 22538.562500000004 258.50000000000006 103.00625000000001 33954.781666666669 156.47843750000004 1311.5512497300972 12.505000000000001 82.697291666666672 30825.875000000004 98.500000000000014 -5.407499999999998 160.92500000000004 146.06291666666667 167.20895833333336 51956.250000000007 11203.450096678402 4.2100694444444455 160.50000000000003 168.50000000000003 -21.841249999999992 76137.500000000015 3.220486111111112 209.03375000000003 2.5000000000000004 7546.076053118185 96.010000000000005 -23.450000000000006
decision_type=2 2 8 8 2 2 10 10 10 10 10 8 2 10 8 10 8 2 10 2 2 2 10 2 2 10 2 8 10 10
left_child=1 2 4 -3 5 28 7 -6 -7 -10 19 12 -5 14 15 18 -16 -18 26 -8 22 -22 -14 24 25 -15 27 -13 -1 -30
right_child=-2 3 -4 11 6 8 10 -9 9 -11 -12 13 20 23 16 -17 17 -19 -20 -21 21 -23 -24 -25 -26 -27 -28 -29 29 -31
leaf_value=-0.020634793918953322 -0.14148239443128682 2.5464132662512884 0.084420394840355503 0.37089564095655814 0.18269775752071815 -0.14206185140980424 0.089983496132652691 -0.32511145081402965 0.038324893128853559 -0.078121665437833804 -0.30547644247200223 -0.77242085243139436 0.34323003066486613 0.010779976545831857 0.18687485787203079 -0.089611083837609587 -0.14062678196881676 0.10165694511290638 0.10659192581467927 -0.13551438670539723 0.33022262415028036 0.087988436420721988 -0.055297489051072825 0.04833689273109279 -0.027834973429433845 0.5128103276717576 0.0057903350307442021 0.0459169168694833 0.070360549899321251 -0.014745432322426878
leaf_weight=1398 256 107 694 255 220 1138 126 282 340 211 481 52 58 449 952 1095 306 777 814 409 159 2257 773 612 5646 91 16993 41 2028 1552
leaf_count=1398 256 107 694 255 220 1138 126 282 340 211 481 52 58 449 952 1095 306 777 814 409 159 2257 773 612 5646 91 16993 41 2028 1552
internal_value=7.98561e-05 0.000110871 -0.000626689 0.0003192 -0.000943684 -0.000456659 -0.00308097 0.000178926 -0.00235207 0.000516304 -0.00469027 0.000288213 0.00151584 0.000133674 0.000409396 0.000213992 0.00223232 0.000650369 0.000355287 -0.00226679 0.00113147 0.00188664 -0.0010637 -0.000719223 -0.000998869 0.00205176 0.000231755 -0.00718085 0.000186784 0.000821
internal_weight=40572 40316 8879 31437 8185 6667 1518 502 1689 551 1016 31330 3502 27828 21030 18995 2035 1083 17900 535 3247 2416 831 6798 6186 540 17086 93 4978 3580
internal_count=40572 40316 8879 31437 8185 6667 1518 502 1689 551 1016 31330 3502 27828 21030 18995 2035 1083 17900 535 3247 2416 831 6798 6186 540 17086 93 4978 3580
is_linear=0
shrinkage=0.03


Tree=228
num_leaves=31
num_cat=0
split_feature=0 17 26 27 27 27 25 4 4 4 26 4 28 16 10 7 26 9 41 41 14 4 25 14 31 35 8 0 18 36
split_gain=6.87758 9.48515 8.58856 7.50576 7.24708 6.64157 5.44682 5.21726 5.13913 6.18802 7.01912 5.48573 10.4285 5.12847 6.39857 5.54854 5.11878 6.89676 6.46546 5.51184 5.05938 4.97051 6.17906 5.40355 4.91896 4.78281 5.18845 9.10476 6.13727 4.9124
threshold=13.500000000000002 1691.3514000000002 25427.500000000004 26213.354166666668 26079.687500000004 27049.395833333336 49.953125000000007 24.500000000000004 52.500000000000007 68.500000000000014 41389.500000000007 40.500000000000007 42845.000000000007 5753.9148964972137 57.915000000000006 5.571180555555558 30705.646250000002 7.535000000000001 -1432.0687334490865 -4719.2443628682113 44.935000000000009 272.50000000000006 19.811666666666671 108.93000000000002 143.56000000000003 -1.2162500000000012 415.70625000000007 19.500000000000004 1.5000000000000002 -0.5500000000000077
decision_type=2 10 8 8 10 8 8 2 2 2 10 2 10 8 10 2 8 10 10 10 10 2 10 10 10 10 2 2 2 10
left_child=1 -1 -2 4 -4 -5 7 -7 11 10 -10 -8 -13 24 -15 -16 -3 19 -19 -18 -11 22 -17 -23 -9 -22 27 -27 29 -29
right_child=2 16 3 5 -6 6 8 13 9 20 -12 12 -14 14 15 21 17 18 -20 -21 25 23 -24 -25 -26 26 -28 28 -30 -31
leaf_value=-0.00014262840499217332 0.31385144476631804 -0.13329852318222229 -0.073200214563786822 0.48632542027688741 -0.88125008128100135 0.16903962703098094 -0.0092871782316291986 0.050022427735842007 -0.018588237577170368 -0.28750041554778066 0.17277065245034656 0.15961486350613022 -0.15100143069927441 -0.026409076408734647 0.18366467723737009 -0.17281476605250309 0.029435276731478756 -0.11480380301159533 -0.026848904085627616 -0.068708983001797369 -0.010696343622032742 0.005039303517994362 0.10333465647001937 -0.53485387657390859 -0.12569564133672961 0.12842362768507187 -0.026665505345268483 0.068745733611833656 0.12218380544093953 -0.027335053498674017
leaf_weight=20352 561 300 174 264 68 146 1691 1798 184 63 400 96 365 1017 186 93 522 903 1146 377 4697 83 343 55 162 1367 1209 326 290 1236
leaf_count=20352 561 300 174 264 68 146 1691 1798 184 63 400 96 365 1017 186 93 522 903 1146 377 4697 83 343 55 162 1367 1209 326 290 1236
internal_value=8.15318e-05 -0.000249142 0.000544 0.000418352 -0.00481481 0.000497449 0.000418459 0.00139418 0.000100629 0.000392919 0.00338462 -0.0012262 -0.00412338 0.00117576 8.43645e-06 0.00208936 -0.00175439 -0.00137335 -0.00233415 0.000816667 0.000202416 0.000626087 0.0021968 -0.00431655 0.00223355 0.000261341 0.000968616 0.00159783 0.000226659 -0.000518234
internal_weight=40474 23600 16874 16313 242 16071 15807 3883 11924 9772 584 2152 461 3737 1777 760 3248 2948 2049 899 9188 574 436 138 1960 9125 4428 3219 1852 1562
internal_count=40474 23600 16874 16313 242 16071 15807 3883 11924 9772 584 2152 461 3737 1777 760 3248 2948 2049 899 9188 574 436 138 1960 9125 4428 3219 1852 1562
is_linear=0
shrinkage=0.03


Tree=229
num_leaves=31
num_cat=0
split_feature=40 8 7 12 10 9 15 25 12 5 15 28 15 27 41 2 27 25 25 15 31 14 29 0 2 10 28 7 18 25
split_gain=7.8544 6.61112 6.99387 6.70975 6.53359 10.6953 8.35913 6.77204 8.28619 6.98624 8.8444 7.43775 8.49262 8.09871 7.16521 6.72565 10.468 7.89949 8.04692 8.0284 7.17251 6.21012 11.4151 7.22176 6.27113 10.9225 10.7541 9.81479 10.7176 10.0504
threshold=-34.084999999999994 648.94375000000014 3.2552083333333344 37.054635416666677 155.05000000000004 266.61500000000007 210.63687500000006 33.475000000000009 31.561510416666668 48802.812500000007 167.20895833333336 39659.918125000004 74.304300000000012 42463.145833333343 16288.321281761067 3.5000000000000004 44153.667135416668 36.776875000000011 80.179375000000022 152.76020833333334 144.72500000000005 53.360000000000007 9.6725000000000012 15.500000000000002 8.5000000000000018 79.815000000000012 23250.062500000004 4.946180555555558 1.0000000180025095e-35 187.54843750000001
decision_type=8 2 2 10 10 10 10 10 10 2 10 10 10 8 10 2 10 10 10 10 10 8 8 2 2 10 8 2 2 10
left_child=4 21 3 -3 6 -6 7 8 -1 10 15 -11 13 -13 -14 16 -9 -17 20 -20 -19 23 -23 -2 26 -26 -24 -27 29 -29
right_child=1 2 -4 -5 5 -7 -8 9 -10 11 -12 12 14 -15 -16 17 -18 18 19 -21 -22 22 24 -25 25 27 -28 28 -30 -31
leaf_value=0.008587361164747875 -0.11220024222823856 -0.15823540627300564 -0.10006855978147011 0.063814423540615908 0.34142967971724203 -0.24565604041071706 0.7522681289603298 -0.37364041579695395 0.10778834268581892 0.20366270910170256 -0.59340142177404676 -0.071995931699061419 -0.039520567788340413 0.12282701110441642 0.43657467323984916 -0.13611098316085599 0.093641379479382905 0.039708022051865875 -0.17002548485867491 0.91139678131500623 -0.17542293061390041 0.060105965849845774 1.4177598215938974 0.037092147700567353 -0.09169919541727907 0.031068467558993191 0.0011811217816243412 0.033040025920010548 -0.16501946401941381 -0.2034773147386062
leaf_weight=2243 447 49 1168 309 858 293 107 218 677 515 92 208 1552 643 41 228 109 1727 616 42 79 926 141 178 1589 2990 18839 1707 1082 972
leaf_count=2243 447 49 1168 309 858 293 107 218 677 515 92 208 1552 643 41 228 109 1727 616 42 79 926 141 178 1589 2990 18839 1707 1082 972
internal_value=4.79752e-06 -0.000237351 -0.0021611 0.00150418 0.000722997 0.00285156 0.000453396 0.000353687 0.00154057 -0.000217427 -0.00120983 0.000826014 0.000134969 0.00255282 -0.00115747 -0.000928808 -0.00498476 -0.00043446 6.08519e-05 -0.00277693 0.00109574 -0.000135599 -7.00959e-05 -0.00309105 -0.000181179 -0.000866803 0.00012012 -0.000339899 -0.00135965 -0.000341418
internal_weight=40645 30397 1526 358 10248 1151 9097 8990 2920 6070 3111 2959 2444 851 1593 3019 327 2692 2464 658 1806 28871 28246 625 27320 8340 18980 6751 3761 2679
internal_count=40645 30397 1526 358 10248 1151 9097 8990 2920 6070 3111 2959 2444 851 1593 3019 327 2692 2464 658 1806 28871 28246 625 27320 8340 18980 6751 3761 2679
is_linear=0
shrinkage=0.03


Tree=230
num_leaves=31
num_cat=0
split_feature=0 38 39 6 35 8 1 8 7 41 5 9 13 16 24 14 6 9 10 29 14 15 13 14 4 4 10 37 4 24
split_gain=7.51597 8.37968 7.05466 9.41747 7.89409 8.33301 7.17398 6.84203 8.20757 8.16233 10.4499 8.98751 9.43683 8.12079 7.79449 6.40795 6.01343 5.642 9.06706 8.52719 8.61737 17.6328 6.66759 6.61156 8.19439 13.3621 7.77823 6.48883 7.55464 7.31295
threshold=15.500000000000002 498.86000000000007 -24.963750000000001 8.8337004405286361 -42.018749999999997 1.0000000180025095e-35 2.5000000000000004 222.46875000000003 4.0225694444444455 -8498.5950714628325 44701.437500000007 52.795000000000009 -9.7787499999999987 3500.5956105060945 32.443750000000001 81.006250000000009 32.257709251101325 224.46000000000001 202.95750000000004 162.86250000000004 150.05000000000004 144.3897916666667 113.11000000000001 241.82000000000002 271.50000000000006 293.50000000000006 100.08125000000001 0.5799999999999913 348.50000000000006 63.045000000000009
decision_type=2 8 10 2 10 2 2 2 2 8 2 10 10 10 10 10 2 10 8 10 10 10 10 10 2 2 10 10 2 10
left_child=7 2 3 -2 -4 6 -6 8 -1 11 -11 12 -9 -12 15 -14 -5 18 19 20 21 27 23 24 -22 -26 -27 29 -29 -10
right_child=1 -3 4 16 5 -7 -8 9 17 10 13 -13 14 -15 -16 -17 -18 -19 -20 -21 22 -23 -24 -25 25 26 -28 28 -30 -31
leaf_value=0.031202001324725434 0.14263058151721139 1.2444653404618089 -0.37844687653374792 0.020815803321092063 -0.072720827230730825 0.023405387038096279 0.0036134098761410626 -0.1629306943835285 0.017195412235254431 -0.19335989398032047 -0.010707431777846636 -0.29035979871958517 -0.0013784608476821775 -0.098408902371136725 -0.1301830034733476 0.049303393217273207 0.32836767550339735 -0.12113377653881287 0.1232578955764265 -0.10712215345785622 0.10618514102587866 -0.39574836425370391 -0.034912027331192232 0.30858158154292931 -0.40047311341625685 -0.06014840388848746 0.19562307224048239 -0.035147899111385571 -0.25301529000645784 -0.020274472688193938
leaf_weight=3444 771 66 150 6194 1176 3364 1556 110 4288 1214 5143 71 169 674 63 517 131 1617 641 793 1391 229 737 198 165 303 249 1230 119 3684
leaf_count=3444 771 66 150 6194 1176 3364 1556 110 4288 1214 5143 71 169 674 63 517 131 1617 641 793 1391 229 737 198 165 303 249 1230 119 3684
internal_value=3.00311e-05 0.000610784 0.000557596 0.00120473 -0.000177685 -9.84091e-06 -0.0012404 -0.000257856 5.02907e-05 -0.000996609 -0.00134599 0.00164339 0.00249419 -0.000817291 0.0037 0.00462882 0.000822795 -0.000241611 -4.8118e-05 -0.000215134 -2.50119e-05 -0.000468014 0.00136498 0.00215865 0.0016643 -0.000940111 0.00130199 -0.000265501 -0.00218889 6.02032e-05
internal_weight=40457 13408 13342 7096 6246 6096 2732 27049 19088 7961 7031 930 859 5817 749 686 6325 15644 14027 13386 12593 9550 3043 2306 2108 717 552 9321 1349 7972
internal_count=40457 13408 13342 7096 6246 6096 2732 27049 19088 7961 7031 930 859 5817 749 686 6325 15644 14027 13386 12593 9550 3043 2306 2108 717 552 9321 1349 7972
is_linear=0
shrinkage=0.03


Tree=231
num_leaves=31
num_cat=0
split_feature=40 4 12 24 41 16 4 6 4 4 13 14 21 4 13 13 25 25 12 4 30 14 14 25 13 41 23 4 4 41
split_gain=6.40617 7.23962 10.0526 12.2064 11.2483 7.70276 6.65931 9.02177 7.60312 11.9192 10.6093 8.01452 9.76833 7.47454 7.36871 11.2492 8.33392 13.3543 12.8517 10.8665 7.40335 11.3463 8.87576 10.5925 8.28089 7.07463 6.91609 9.88515 8.66395 9.1471
threshold=-46.034999999999989 168.50000000000003 88.058072916666674 52.855000000000011 10093.469864818015 5406.3174960082015 257.50000000000006 11.050000000000001 222.50000000000003 217.50000000000003 -7.7387499999999987 92.740000000000023 1.0000000180025095e-35 224.50000000000003 -5.004999999999999 -3.2149999999999994 81.049791666666678 82.19916666666667 80.726875000000021 2.5000000000000004 121.24250000000002 173.73500000000004 306.51000000000005 249.89229166666669 182.19500000000002 -3801.4259336516147 4.5000000000000009 360.50000000000006 348.50000000000006 4990.9805828771141
decision_type=8 2 10 10 10 8 2 2 2 2 10 10 2 2 10 10 10 10 10 2 8 10 10 10 10 10 2 2 2 8
left_child=1 2 3 -1 -5 -3 8 26 9 14 -11 25 13 -13 -2 -16 18 -18 -17 -19 21 -21 -22 -24 -25 -10 28 -28 -8 -30
right_child=6 5 -4 4 -6 -7 7 -9 11 10 -12 12 -14 -15 15 16 17 19 -20 20 22 -23 23 24 -26 -27 27 -29 29 -31
leaf_value=0.0072084210615556542 -0.057381854702980704 0.11480075991703216 0.22461324558271378 -0.17276009344027771 0.23196132684723431 0.020688304986060207 0.062117383692337567 -0.082079477850507843 -0.34112342074422181 0.23923455412801278 -0.24350521367472844 0.16770036214032955 0.27599076344302809 0.030821718990704169 0.20992059507878272 0.0059997923381940408 -0.13324709270149532 -0.58084338276965208 0.087354633171059667 -0.00023394440128043925 -0.052777878054424077 0.13945472898292663 0.38440806970527941 0.43851905383771084 -0.056786678344824676 0.057601585241738515 -0.084680308942112106 0.10412908183511177 0.088063279027666114 -0.1090257087255955
leaf_weight=2580 1257 1209 514 1043 88 2248 2254 4175 88 48 448 167 92 3069 121 7834 317 100 1007 2945 4320 802 367 78 1172 62 1150 71 171 682
leaf_count=2580 1257 1209 514 1043 88 2248 2254 4175 88 48 448 167 92 3069 121 7834 317 100 1007 2945 4320 802 367 78 1172 62 1150 71 171 682
internal_value=2.85326e-05 0.000808278 -2.48462e-05 -0.000569774 -0.00316696 0.0018262 -0.000154125 -0.000876646 9.87858e-05 -0.000118173 -0.00470825 0.00139695 0.00170321 0.00142725 -5.90522e-06 0.000140841 8.23523e-05 -0.000506335 0.00075492 -0.000309658 -0.000207537 0.000836446 -0.000866453 0.00102905 -0.00028777 -0.00536424 8.31601e-05 -0.00182897 0.000834942 -0.00173888
internal_weight=40479 7682 4225 3711 1131 3457 32797 8503 24294 20816 496 3478 3328 3236 20320 19063 18942 10101 8841 9784 9684 3747 5937 1617 1250 150 4328 1221 3107 853
internal_count=40479 7682 4225 3711 1131 3457 32797 8503 24294 20816 496 3478 3328 3236 20320 19063 18942 10101 8841 9784 9684 3747 5937 1617 1250 150 4328 1221 3107 853
is_linear=0
shrinkage=0.03


Tree=232
num_leaves=31
num_cat=0
split_feature=6 8 6 18 15 40 12 39 14 7 40 25 13 11 34 4 7 13 5 34 4 25 35 9 38 6 4 5 12 26
split_gain=6.6725 6.42531 6.88087 6.90279 7.75207 6.81378 10.3239 10.0878 11.2373 8.5154 7.67651 7.60553 8.31998 7.83799 7.32929 7.22377 7.16712 7.04981 7.52063 10.3434 6.99286 6.62262 7.4276 7.08387 12.9408 6.41185 11.7614 6.28962 6.21837 6.05181
threshold=26.986563876651989 228.15625000000003 19.644713656387673 1.5000000000000002 61.333333333333336 3.1899999999999995 89.961614583333358 -18.205000000000002 124.77875000000002 2.9270833333333339 -72.594999999999985 80.179375000000022 63.225000000000009 95.711250000000021 36.955000000000005 348.50000000000006 5.0052083333333348 10.295000000000002 40456.250000000007 169.97500000000002 4.5000000000000009 80.179375000000022 -2.5975000000000033 60.455000000000005 -25.497499999999999 2.1088105726872248 342.50000000000006 46400.687500000007 62.638541666666676 49797.753750000011
decision_type=2 2 2 2 10 8 10 10 10 2 10 10 10 10 8 2 2 10 2 10 2 10 10 10 10 2 2 2 10 10
left_child=1 2 5 -4 -5 6 11 8 -8 -9 27 12 -1 -13 -7 25 -16 18 -15 -20 -12 22 -3 -23 -25 -11 -27 -10 -19 -17
right_child=-2 21 3 4 -6 14 7 9 10 15 20 13 -14 17 16 29 -18 28 19 -21 -22 23 -24 24 -26 26 -28 -29 -30 -31
leaf_value=-0.0011202125614006775 0.048391695663381515 -0.016548030547289087 0.027845883192367749 0.022749352636484872 0.28930802144061674 0.10354081284877159 0.19510693223742634 0.093087198648993091 0.073322432148662381 0.071809496723183347 -0.4367331285191462 -0.087951046794503607 0.090512356878996697 -0.35173980726308823 0.0039601350444210225 -0.22271649149265699 -0.091522625539044986 -0.38386889499405413 0.21974074461759868 -0.39308103741754036 0.050948299778564916 -0.17433298078237591 0.018563968776206322 0.17511664107360217 -0.04956260041025793 -0.017756862044770116 0.21308761510333227 0.88951957676285931 -0.03897798372253234 -0.33441963449278261
leaf_weight=9567 1706 3060 2529 287 229 155 218 284 147 576 57 1289 192 82 1728 254 2204 81 347 43 3972 656 2231 168 4016 3471 107 209 648 46
leaf_count=9567 1706 3060 2529 287 229 155 218 284 147 576 57 1289 192 82 1728 254 2204 81 347 43 3972 656 2231 168 4016 3471 107 209 648 46
internal_value=4.47485e-05 -3.59036e-05 0.000193225 0.00154137 0.00470019 3.3297e-05 0.000245936 0.00099711 0.00199718 2.53218e-05 0.00166553 -0.000326939 5.07172e-05 -0.0018065 -0.00108977 -0.000296296 -0.00134249 -6.2396e-05 0.0027907 0.00452685 0.00129156 -0.000685452 4.81859e-05 -0.0014873 -0.00103226 2.88809e-05 -0.000444258 0.00588235 -0.00191096 -0.00478405
internal_weight=40559 38853 28722 3045 516 25677 21590 9341 4603 4738 4385 12249 9759 2490 4087 4454 3932 1201 472 390 4029 10131 5291 4840 4184 4154 3578 356 729 300
internal_count=40559 38853 28722 3045 516 25677 21590 9341 4603 4738 4385 12249 9759 2490 4087 4454 3932 1201 472 390 4029 10131 5291 4840 4184 4154 3578 356 729 300
is_linear=0
shrinkage=0.03


Tree=233
num_leaves=31
num_cat=0
split_feature=5 25 28 38 14 9 32 6 25 27 39 32 4 4 5 27 4 25 13 12 4 25 27 28 6 7 13 40 12 4
split_gain=6.88526 8.24488 7.88589 8.83289 7.60175 7.49428 7.0982 6.33506 10.9314 9.30022 9.44206 8.04604 9.55326 9.95253 7.8467 9.05001 7.76289 7.52818 9.51407 9.13483 7.52483 8.53098 6.81231 7.47579 6.77002 8.87074 6.72622 9.06803 8.19021 7.5132
threshold=39206.250000000007 87.609322916666684 28188.687500000004 -1.4925000000000004 91.975000000000009 23.657500000000002 45.185000000000009 8.5955947136563911 124.09562500000001 44864.505416666674 -10.469999999999994 211.33000000000001 22.500000000000004 32.500000000000007 49400.625000000007 36483.333333333336 359.50000000000006 131.39895833333335 75.510000000000019 92.237291666666678 326.50000000000006 120.57864583333334 37356.785989583339 34125.907031250004 5.7958149779735697 4.5364583333333348 90.575000000000017 -34.084999999999994 142.27223958333337 316.50000000000006
decision_type=2 10 8 8 10 10 10 2 10 10 8 10 2 2 2 10 2 10 10 10 2 10 10 10 2 2 10 10 10 2
left_child=1 4 -2 -4 6 -3 -1 9 20 10 14 12 -12 -14 15 -5 -11 22 19 -19 21 -9 23 -10 -13 -26 27 -20 -28 -30
right_child=2 5 3 7 -6 -7 -8 8 17 16 11 24 13 -15 -16 -17 -18 18 26 -21 -22 -23 -24 -25 25 -27 28 -29 29 -31
leaf_value=0.0049353669838991601 0.12563188751174578 -0.58723784488837349 0.018095139883565637 0.13279157584338064 0.024766566580023835 -0.055805267721140125 -0.092217971868288728 -0.0044316384491900609 -0.19759265142796237 -0.020777693855252435 0.1737366346222953 0.32743468314637791 -0.17807498148753723 -0.019226161132880931 0.1153299194066237 -0.10563989723009182 0.093960184074419847 -0.77939113892197964 0.00059181216158279428 0.29378438950253238 -0.14068990714708821 0.1942129638562661 -0.36622043280098565 0.074805791998747678 0.30137944486411156 -0.22208927054702768 0.15198499228689882 -0.78593893663793746 -0.15973406599031334 0.030508110230130541
leaf_weight=757 2698 86 9076 185 2455 2171 820 10379 80 3655 146 404 139 1809 1447 282 115 51 72 381 406 168 153 96 114 233 138 117 1560 358
leaf_count=757 2698 86 9076 185 2455 2171 820 10379 80 3655 146 404 139 1809 1447 282 115 51 72 381 406 168 153 96 114 233 138 117 1560 358
internal_value=-3.44003e-05 -0.000946741 0.000133088 0 -0.000133895 -0.00239814 -0.00175856 -0.000318823 -0.000712393 0.000325322 0.00120693 0.000110682 -0.000844869 -0.00140072 0.00283551 -0.000544872 -0.000787589 -0.0023146 -0.00178678 0.00228637 -0.000272503 -0.000118032 -0.00659091 -0.00254237 0.00277261 -0.000301724 -0.00257124 -0.00797368 -0.00207098 -0.00257947
internal_weight=40551 6289 34262 31564 4032 2257 1577 22488 13959 8529 4759 2845 2094 1948 1914 467 3770 3006 2677 432 10953 10547 329 176 751 347 2245 189 2056 1918
internal_count=40551 6289 34262 31564 4032 2257 1577 22488 13959 8529 4759 2845 2094 1948 1914 467 3770 3006 2677 432 10953 10547 329 176 751 347 2245 189 2056 1918
is_linear=0
shrinkage=0.03


Tree=234
num_leaves=31
num_cat=0
split_feature=0 12 25 14 38 5 4 0 1 1 0 21 41 1 4 32 16 15 1 12 12 37 13 13 27 16 40 13 25 1
split_gain=7.25773 7.24202 8.83977 6.92161 6.84074 7.50535 6.9305 6.6861 10.1228 8.92289 13.2968 8.04994 6.49241 6.30155 7.50038 6.27243 6.24725 6.16354 6.15177 6.08948 10.9054 9.27402 7.87191 7.27383 7.97224 6.98408 6.85443 7.14591 6.56246 13.5777
threshold=13.500000000000002 41.885000000000005 30.175000000000001 76.625000000000014 73.275000000000006 74725.000000000015 2.5000000000000004 1.5000000000000002 4.5000000000000009 1.0000000180025095e-35 4.5000000000000009 1.0000000180025095e-35 -3887.9533810209773 1.5000000000000002 295.50000000000006 195.14000000000001 11229.857929594667 87.783958333333359 1.5000000000000002 302.37062500000008 284.98812500000003 6.8600000000000039 40.170000000000009 37.910000000000004 46847.227031250011 9879.6775900099947 -54.70500000000002 42.035000000000004 311.9752083333334 3.5000000000000004
decision_type=2 10 8 10 10 2 2 2 2 2 2 2 8 2 2 10 8 8 2 10 10 10 8 10 10 8 8 8 10 2
left_child=1 2 3 13 5 6 -3 8 15 10 17 -11 -6 -1 -15 -8 -13 -9 -18 20 22 -21 23 24 -2 -26 -24 -28 -23 -30
right_child=19 4 -4 -5 12 -7 7 9 -10 11 -12 16 -14 14 -16 -17 18 -19 -20 21 -22 28 26 -25 25 -27 27 -29 29 -31
leaf_value=-0.073904384637152487 0.029665266252174551 -0.48726998668205423 -0.075035463097469085 0.045913549099985781 -0.7181129425732603 0.091740645906383089 0.018703030587380879 0.027414330864110992 0.10903737863276124 -0.012604468015124225 0.12179897718640305 0.29455128558944677 -0.066147532237100112 -0.0057880129749696739 0.11167372667784949 -0.16816256575185462 0.39853108226205031 -0.15826154778969509 -0.091650339415256216 0.52921587279952398 -0.45716377451535606 0.72588532488539015 0.19362733321929071 0.11263642857014496 0.032113441218339624 -0.095630826297696245 -0.13196626335168671 -0.0064506754069051193 0.35741063197560607 -0.97408601150112784
leaf_weight=477 6907 70 2256 575 52 396 1562 141 698 11872 1127 99 2571 888 100 196 52 247 115 421 133 110 323 274 309 322 170 7396 317 204
leaf_count=477 6907 70 2256 575 52 396 1562 141 698 11872 1127 99 2571 888 100 196 52 247 115 421 133 110 323 274 309 322 170 7396 317 204
internal_value=2.30306e-05 -0.00031794 -0.00143123 0 -6.87536e-05 0.000156552 5.65513e-05 9.77654e-05 0.00153846 -0.000161491 0.00200858 -0.00043249 -0.001492 -0.00109482 0.000273003 0.000324048 0.0047191 -0.00277635 0.00116071 0.000497424 0.000350489 0.00270655 0.000423194 0.00109817 0.000923199 -0.00230222 -0.000245247 -0.000428175 0.000403481 -0.00100575
internal_weight=40380 23494 4296 2040 19198 16575 16179 16109 2456 13653 1515 12138 2623 1465 988 1758 266 388 167 16886 15834 1052 15701 7812 7538 631 7889 7566 631 521
internal_count=40380 23494 4296 2040 19198 16575 16179 16109 2456 13653 1515 12138 2623 1465 988 1758 266 388 167 16886 15834 1052 15701 7812 7538 631 7889 7566 631 521
is_linear=0
shrinkage=0.03


Tree=235
num_leaves=31
num_cat=0
split_feature=6 1 5 21 14 13 6 7 5 13 28 40 10 15 14 5 32 9 2 37 13 33 1 36 7 27 18 28 6 2
split_gain=6.09819 5.94385 5.79968 5.41483 9.83062 7.81967 5.45761 5.61578 9.05093 5.46283 5.27172 7.67141 6.75215 6.56304 9.49223 6.52484 6.19166 6.14589 6.49607 5.55896 6.25276 5.36896 6.87482 6.66747 8.29435 5.29375 5.13879 4.94402 5.47164 4.72943
threshold=32.257709251101325 2.5000000000000004 76137.500000000015 1.0000000180025095e-35 44.935000000000009 129.08000000000001 10.695154185022028 5.9114583333333348 43263.000000000007 37.350000000000009 28188.687500000004 6.2437500000000048 410.13500000000005 194.71916666666669 215.80500000000004 40343.750000000007 359.87500000000006 160.92500000000004 9.5000000000000018 88.575000000000017 293.64000000000004 246.94125000000003 3.5000000000000004 52.050000000000004 6.5052083333333348 27569.895833333339 1.5000000000000002 23250.062500000004 15.652643171806167 7.5000000000000009
decision_type=2 2 2 2 10 10 2 2 2 10 8 8 8 10 10 2 10 10 2 8 10 10 2 10 2 10 2 10 2 2
left_child=2 -2 3 10 -5 6 26 29 -9 -10 13 12 16 14 -1 -15 -12 -17 21 20 -13 25 27 24 -24 -19 -6 -23 -29 -8
right_child=1 -3 -4 4 5 -7 7 8 9 -11 11 19 -14 15 -16 17 -18 18 -20 -21 -22 22 23 -25 -26 -27 -28 28 -30 -31
leaf_value=0.025248084663897004 0.4358527306944282 0.0077077293230784034 0.062200184747113099 -0.25566076974916313 0.20052835917489417 -0.28723900167857125 0.047206201616945283 -0.48287660676541122 0.18160229599837291 -0.31605789041036531 -0.001639839611269842 -0.044714777680521248 -0.44238343225267496 -0.14079739375090811 0.42784001793287413 0.49170431080512639 1.0827090256226437 -0.29158928183381644 -0.5902140623576011 -0.32699466758306867 0.4573446158665504 1.5416415242508628 0.5462333287878135 -0.61364113380216445 -0.81172463159521946 0.18465182693173915 -0.018145677600103341 0.60453865947492258 0.15371432632421231 0.2220835753134105
leaf_weight=645 149 160 726 97 261 95 277 127 128 45 31276 3063 181 773 345 115 52 97 141 235 62 121 171 219 42 51 59 117 556 115
leaf_count=645 149 160 726 97 261 95 277 127 128 45 31276 3063 181 773 345 115 52 97 141 235 62 121 171 219 42 51 59 117 556 115
internal_value=1.81473e-05 0.00420968 -1.41816e-05 -6.30907e-05 0.00191701 0.00272112 0.00349457 0.00199134 -0.00109635 0.00336207 -0.000125448 -0.000235303 -8.99714e-05 0.00100324 0.00305752 0.00015599 -5.64972e-05 0.00123237 0.000722296 -0.00159774 -0.001262 0.00135273 0.00200489 -0.00103926 0.00273364 -0.00402685 0.00672897 0.00366038 0.00264837 0.00435115
internal_weight=40501 309 40192 39466 1204 1107 1012 692 300 173 38262 34869 31509 3393 990 2403 31328 1630 1515 3360 3125 1374 1226 432 213 148 320 794 673 392
internal_count=40501 309 40192 39466 1204 1107 1012 692 300 173 38262 34869 31509 3393 990 2403 31328 1630 1515 3360 3125 1374 1226 432 213 148 320 794 673 392
is_linear=0
shrinkage=0.03


Tree=236
num_leaves=31
num_cat=0
split_feature=8 6 4 15 27 15 27 27 6 32 39 25 38 26 12 13 14 40 15 40 27 36 27 27 13 24 8 11 25 6
split_gain=6.22533 6.74064 5.96878 17.8455 12.1029 11.0078 10.9822 8.78244 8.09616 7.88963 9.52305 6.68449 7.44187 6.666 6.57471 15.1604 11.088 8.69986 6.92463 6.70022 6.61358 6.225 6.26487 9.83883 5.92448 5.88894 6.48862 5.85693 6.43779 5.80875
threshold=760.20625000000007 32.257709251101325 52.500000000000007 49.953125000000007 47793.750000000007 51.722291666666671 39392.041666666679 44243.867395833346 6.0211453744493406 245.08500000000001 -15.369999999999996 107.51770833333335 4.4200000000000017 41795.582500000011 84.206666666666692 89.570000000000007 81.006250000000009 7.8200000000000154 79.37937500000001 -3.1887499999999984 44581.625000000007 12.200000000000005 43386.666666666679 42925.083333333336 44.352500000000013 75.00500000000001 1.2937500000000004 168.81000000000003 185.80625000000001 4.4074889867841422
decision_type=2 2 2 8 10 8 8 8 2 10 8 10 10 10 8 8 10 10 8 10 10 10 10 10 10 10 2 10 10 2
left_child=1 2 3 4 13 -5 11 21 9 10 -4 -7 -13 -1 16 19 18 -17 20 -16 -9 22 23 27 -15 26 -22 -8 -29 -18
right_child=-2 -3 8 5 -6 6 7 14 -10 -11 -12 12 -14 24 15 17 29 -19 -20 -21 25 -23 -24 -25 -26 -27 -28 28 -30 -31
leaf_value=-0.0016205641100229284 -0.056541527645230558 0.28841046195665104 0.075857976336831001 -0.27573589552803235 -0.0098068575114205105 0.70602419899823043 -0.23341516522826902 -0.14222924132033349 0.0019744505027741608 0.38258943255867278 -0.0068902694157360143 -0.48879860307942236 0.38173733986265773 0.31618414923001475 0.12538210186210449 -0.017854784900009833 -0.010999358058207384 -0.22381676654458005 -0.059925481544783638 -0.061933691023197707 0.0085114803999488346 0.063482964605727402 -0.17236104388384041 0.16062847625615689 0.092634839086688806 -0.17963541017037959 0.084301179579951216 0.20162792448329769 -0.24228715111605792 -0.15617031633241515
leaf_weight=97 700 211 1103 103 406 101 292 40 30432 349 1571 47 49 162 616 1409 256 162 174 130 270 168 286 81 172 44 180 100 79 587
leaf_count=97 700 211 1103 103 406 101 292 40 30432 349 1571 47 49 162 616 1409 256 162 174 130 270 168 286 81 172 44 180 100 79 587
internal_value=6.35247e-05 0.000113035 8.43743e-05 -0.000785928 0.00327566 -0.00144348 -0.00124507 -0.00152615 0.000240764 0.00172123 0.00116636 0.00568182 0 0.00677083 -0.000876195 0.000135893 -0.00238724 -0.00153626 0.000380818 0.00365462 0.00207477 -0.00402185 -0.00507747 -0.00320072 0.00877612 0.0030303 0.00405765 -0.00486229 -0.000583333 -0.00470972
internal_weight=40377 39677 39466 6011 837 5174 5071 4874 33455 3023 2674 197 96 431 3868 2317 1551 1571 708 746 534 1006 838 552 334 494 450 471 179 843
internal_count=40377 39677 39466 6011 837 5174 5071 4874 33455 3023 2674 197 96 431 3868 2317 1551 1571 708 746 534 1006 838 552 334 494 450 471 179 843
is_linear=0
shrinkage=0.03


Tree=237
num_leaves=31
num_cat=0
split_feature=5 27 8 4 27 14 27 39 4 4 37 4 0 0 10 41 24 40 41 38 23 29 24 11 5 39 41 4 4 5
split_gain=7.07484 10.2838 7.17888 9.87399 9.34421 10.4014 6.29636 6.25948 11.2226 8.18528 8.18343 7.29744 6.80581 6.24695 6.00555 6.42578 6.7386 5.98183 6.11052 5.79075 7.57358 5.67197 5.36781 5.31717 5.28403 5.25307 5.21328 13.2577 11.3409 8.8625
threshold=42066.750000000007 23492.208333333336 71.343750000000014 258.50000000000006 41481.573385416676 147.17500000000004 33954.781666666669 -87.274999999999991 268.50000000000006 355.50000000000006 0.64000000000000001 2.5000000000000004 15.500000000000002 14.500000000000002 130.06500000000003 -6782.8408018373293 7.5250000000000012 -1.6100000000000065 -7560.9004993903991 5.8037500000000053 2.5000000000000004 202.49750000000003 187.66000000000003 59.092500000000008 50681.250000000007 -19.089999999999993 8437.1933288623495 348.50000000000006 359.50000000000006 74725.000000000015
decision_type=2 8 2 2 10 10 10 8 2 2 10 2 2 2 10 8 10 10 8 10 2 10 8 10 2 10 8 2 2 2
left_child=2 -2 3 -1 6 -6 19 8 12 -10 23 22 14 -4 15 16 -3 18 -15 -5 25 -16 -9 -11 -14 -21 28 -28 -13 -29
right_child=1 7 13 4 5 -7 -8 11 9 10 -12 26 24 17 21 -17 -18 -19 -20 20 -22 -23 -24 -25 -26 -27 27 29 -30 -31
leaf_value=0.0096568949618949414 1.1733121096478607 0.025895845780642635 -0.1205496150473563 0.15330582324265185 0.12637939752180191 -0.36459208019696759 -0.18604162483176759 -0.45611257498174407 0.22996251574534568 0.1343290180447278 -0.37287993797439922 -0.021748296598509891 0.028977628180491769 0.011667598922162511 0.85146213974937879 -0.067102331346501523 -0.061844912494477267 0.052167806689493189 -0.14774967094623434 0.72521506116065348 -0.73874986630473671 -0.18286964857840374 0.0046772396262338136 -0.014180317137531069 0.38450805714595637 -0.27732044539797129 0.012391930422297434 -0.14794350987506411 0.097662417200373913 0.45095185533064919
leaf_weight=5806 208 299 1144 240 224 50 920 95 647 41 50 7022 882 327 107 1306 140 531 658 49 128 40 47 134 259 51 17943 880 160 58
leaf_count=5806 208 299 1144 240 224 50 920 95 647 41 50 7022 882 327 107 1306 140 531 658 49 128 40 47 134 259 51 17943 880 160 58
internal_value=2.89267e-05 0.000258254 -0.000657518 -0.000180747 -0.00221888 0.00283636 -0.00321814 0.000212215 0.00133257 0.0043299 -0.000597345 4.52187e-05 0.000469677 -0.00199549 -0.000633914 -0.00112543 0.00201136 -0.000731707 -0.0021146 -0.000383795 -0.00379913 0.00516892 -0.00671329 0.00247159 0.0022986 0.00237624 8.22974e-05 0.000343978 -0.000605597 -0.00313099
internal_weight=40446 30318 10128 7468 1662 274 1388 30110 3905 872 225 26205 3033 2660 1892 1745 439 1516 985 468 228 147 142 175 1141 100 26063 18881 7182 938
internal_count=40446 30318 10128 7468 1662 274 1388 30110 3905 872 225 26205 3033 2660 1892 1745 439 1516 985 468 228 147 142 175 1141 100 26063 18881 7182 938
is_linear=0
shrinkage=0.03


Tree=238
num_leaves=31
num_cat=0
split_feature=26 27 16 37 15 11 15 32 28 30 14 40 5 5 28 15 38 11 13 12 15 30 8 12 13 12 30 22 27 28
split_gain=6.40196 5.63212 6.10393 5.58752 4.87753 6.34844 8.12407 11.267 10.5722 9.09844 8.5327 8.2774 10.8742 7.42135 6.34963 6.16404 9.2886 5.89691 7.3486 6.62138 5.86027 5.78531 6.77 5.69304 5.42719 7.90993 5.29388 7.44106 6.59327 9.17881
threshold=23889.000000000004 55427.884739583344 1604.5520029195984 136.27500000000006 458.07729166666678 278.64500000000004 167.20895833333336 10.001250000000001 27877.312500000004 297.03000000000003 209.59625000000003 -57.784999999999989 48500.625000000007 34993.750000000007 35282.250000000007 233.41687500000003 83.830000000000027 195.14000000000001 250.07500000000002 272.38666666666671 210.63687500000006 119.00250000000001 201.35000000000005 228.11812500000005 179.78500000000005 242.03625000000002 187.96500000000003 1.0000000180025095e-35 42524.458333333336 40777.095312500009
decision_type=8 10 10 10 10 10 10 10 8 10 10 10 2 2 10 10 10 10 10 10 10 10 2 10 10 10 10 2 10 10
left_child=-1 3 -3 4 5 6 8 -8 10 11 -2 12 14 -13 -9 -11 -17 19 21 -15 -21 -19 -23 -6 25 -10 -7 28 29 -28
right_child=1 2 -4 -5 23 26 7 9 24 15 -12 13 -14 17 -16 16 -18 18 -20 20 -22 22 -24 -25 -26 -27 27 -29 -30 -31
leaf_value=0.24414665324558416 0.068506971749959192 0.058996988288772124 -0.44242919773229172 -0.3174205166892895 0.25283963325002445 0.48928718369955759 -1.288150787110862 0.24764366817651917 0.0029880801302267909 0.88322251543234975 0.59531482684880987 -0.65285882684036634 0.53076628141539783 -0.14206388482012713 -0.63987951398253362 0.50928488198999045 -0.46214991665166594 0.1652553100926572 -0.36189804606887577 1.1938261137675397 -0.16410020166351955 0.0042048921305999441 -0.14783739773912999 -0.40353157674618728 -0.33858083932678579 0.50041907369609639 0.14912227895473562 -0.44096645432593218 0.36889128601665816 -0.27927229810657916
leaf_weight=638 392 42 95 440 53 297 80 80 32006 180 165 87 160 1148 92 113 118 190 108 61 47 1507 452 258 76 61 1205 72 191 268
leaf_count=638 392 42 95 440 53 297 80 80 32006 180 165 87 160 1148 92 113 118 190 108 61 47 1507 452 258 76 61 1205 72 191 268
internal_value=0.00011946 7.19191e-05 -0.00597826 9.28385e-05 0.000130359 0.000160125 7.0709e-05 -0.00113585 0.000233938 -0.000928867 0.00432796 -0.001373 0.00315315 -0.00179117 -0.00208092 0.00331311 6.46552e-05 -0.00157513 -0.000657662 -0.00322196 0.00385321 -0.000272093 -0.000757653 -0.00360577 0.000162861 0.000181957 0.00179204 0.00115717 0.00156757 0.000885346
internal_weight=40682 40044 137 39907 39467 39156 37123 4423 32700 4343 557 3932 332 3600 172 411 231 3513 2257 1256 108 2149 1959 311 32143 32067 2033 1736 1664 1473
internal_count=40682 40044 137 39907 39467 39156 37123 4423 32700 4343 557 3932 332 3600 172 411 231 3513 2257 1256 108 2149 1959 311 32143 32067 2033 1736 1664 1473
is_linear=0
shrinkage=0.03


Tree=239
num_leaves=31
num_cat=0
split_feature=7 25 12 4 4 14 16 4 14 15 25 34 37 4 1 12 40 13 12 5 4 4 28 4 28 23 10 25 5 39
split_gain=6.29007 5.73808 13.7143 7.08402 6.54896 11.3884 9.38802 9.29397 7.54398 7.35401 10.0129 9.56787 10.5691 8.47824 10.0084 6.87922 6.38083 8.05791 7.60566 7.26707 11.6313 14.5543 11.6044 11.055 10.7561 9.11427 9.09193 8.98507 10.5491 8.26915
threshold=11.862847222222227 47.308697916666667 47.685468750000005 2.5000000000000004 42.500000000000007 170.62125000000003 8519.6964068021571 168.50000000000003 133.09 16.892656250000005 18.394166666666671 89.145000000000024 0.21999999999999939 180.50000000000003 1.0000000180025095e-35 63.314895833333338 -4.8399999999999972 39.900000000000013 54.161250000000003 54305.500000000007 84.500000000000014 78.500000000000014 39371.763750000006 242.50000000000003 23250.062500000004 6.5000000000000009 192.94000000000003 282.46229166666677 73551.500000000015 -14.184999999999993
decision_type=2 8 8 2 2 10 10 2 10 10 10 10 10 2 2 10 8 10 10 2 2 2 10 2 10 2 10 10 2 10
left_child=1 4 -3 -4 6 7 -1 8 -6 -9 -11 13 -13 -12 -15 -10 19 -18 -19 20 21 -5 29 24 -22 -26 -23 -24 -29 -21
right_child=-2 2 3 16 5 -7 -8 9 15 10 11 12 -14 14 -16 -17 17 18 -20 22 23 26 27 -25 25 -27 -28 28 -30 -31
leaf_value=0.16118750175557206 -0.16753343849547361 -0.060419075318855243 -0.18282103289558349 -0.028919406106532115 -0.00548678795662004 -0.43015273794517056 -0.23543384098839482 0.13487169868825966 0.49395084149157092 -0.066387959604367705 0.17679668831951856 0.13940687660167886 -0.12594420809232879 0.19342195192187914 -0.03728806115931959 -0.10632185210091212 0.02239724825503913 -0.10348540742394334 -0.014529728629339616 0.38327272827197928 2.1599094852096172 -0.45108584486539471 0.02561612583287335 -0.030132071753178238 0.056191326456342144 -0.098044386406632919 0.065526073569066909 -0.3460515592292589 0.79430324311904366 0.032591756072207934
leaf_weight=310 258 2512 133 866 4553 73 61 371 118 391 160 1068 139 173 1126 72 2763 109 10977 428 77 199 4854 4023 3404 679 43 248 41 294
leaf_count=310 258 2512 133 866 4553 73 61 371 118 391 160 1068 139 173 1126 72 2763 109 10977 428 77 199 4854 4023 3404 679 43 248 41 294
internal_value=2.7021e-05 5.6996e-05 -0.000129854 5.35365e-05 0.000743384 0.000567617 0.0046371 0.000673642 -0.000186551 0.00186352 0.00137835 0.002036 0.00401076 0.000400685 -0.000403846 0.00565445 8.53272e-05 -0.000380144 -0.000741409 0.000510655 -1.13e-05 -0.0028945 0.00133737 0.000379399 0.00146359 0.00125245 -0.00938272 0.000836897 -0.0042931 0.00489627
internal_weight=40523 40265 31650 29138 8615 8244 371 8171 4743 3428 3057 2666 1207 1459 1299 190 29005 13849 11086 15156 9291 1108 5865 8183 4160 4083 242 5143 289 722
internal_count=40523 40265 31650 29138 8615 8244 371 8171 4743 3428 3057 2666 1207 1459 1299 190 29005 13849 11086 15156 9291 1108 5865 8183 4160 4083 242 5143 289 722
is_linear=0
shrinkage=0.03


Tree=240
num_leaves=31
num_cat=0
split_feature=5 25 32 27 23 12 2 32 30 29 13 37 14 25 15 11 16 6 14 15 13 12 2 29 12 16 11 26 6 9
split_gain=6.81102 10.036 8.63741 8.2205 10.7436 8.21992 7.83008 9.68965 7.51874 7.43071 7.25422 7.13847 6.75138 8.10012 7.12808 17.0944 10.6039 9.63208 9.03116 7.02316 6.74929 8.80328 6.72764 6.65261 6.58827 6.51993 6.46121 6.3066 6.16178 5.86618
threshold=47504.500000000007 87.964322916666674 129.47500000000002 47227.250000000007 2.5000000000000004 59.138125000000009 11.500000000000002 142.80500000000004 0.95750000000000013 209.03375000000003 202.49000000000004 -17.899999999999991 70.535000000000011 51.427708333333342 148.72937500000003 205.78000000000003 4157.1395232446439 11.899339207048461 201.74000000000004 55.370104166666671 79.02500000000002 91.553697916666678 4.5000000000000009 228.41375000000002 41.885000000000005 469.60571580382424 149.28625000000002 31967.200000000001 1.2028634361233481 16.321250000000003
decision_type=2 10 8 10 2 10 2 10 10 10 10 10 10 10 10 10 10 2 10 10 10 10 2 10 10 8 10 10 2 10
left_child=1 2 20 4 8 24 12 11 -2 -9 23 -8 13 19 16 18 17 -14 -16 -6 21 22 25 -5 -3 -1 -20 -23 -10 -24
right_child=3 5 -4 10 6 -7 7 9 28 -11 -12 -13 14 -15 15 -17 -18 -19 26 -21 -22 27 29 -25 -26 -27 -28 -29 -30 -31
leaf_value=0.080604906809437507 -0.078228574614278651 -0.072850559678651505 0.21170216507472531 -0.0058669240559228791 0.0034115357270687241 -0.027836031878127655 0.1300720274478521 -0.12276296105954215 0.19039144574458741 0.4141935707706737 -0.25610160962481088 -0.15663276155425002 0.19506553667917642 -0.051550136518105416 -0.21439973586818922 0.28661114511995039 -0.025729506033760143 0.05625032650211112 0.44490160581971394 0.13744182713096897 0.08615143585385808 0.12448508849606071 0.021397461875686037 -0.2542637714421096 -0.81675720287446862 -0.040365456282322146 -0.053451774292510662 -0.21952725612158808 0.0049451818617073148 -0.0018144118564413247
leaf_weight=87 246 255 535 4817 457 7112 82 92 190 166 100 381 1277 333 241 645 383 742 57 113 139 57 2265 175 100 1614 287 370 10608 6537
leaf_count=87 246 255 535 4817 457 7112 82 92 190 166 100 381 1277 333 241 645 383 742 57 113 139 57 2265 175 100 1614 287 370 10608 6537
internal_value=3.07681e-05 -0.000381449 0.000170616 0.000398261 0.000726949 -0.00123929 0.00184326 -0.00105956 0.000195564 0.00359073 -0.000653839 -0.00365302 0.00230489 -1.65929e-05 0.00288192 0.00102356 0.00383271 0.0047005 -0.00268771 0.00215412 -9.48509e-06 -9.33126e-05 7.85415e-05 -0.00049269 -0.0056882 -0.00164806 0.000434783 -0.00431075 0.000313918 0.000412359
internal_weight=40463 19071 11604 21392 16300 7467 5256 721 11044 258 5092 463 4535 903 3632 1230 2402 2019 585 570 11069 10930 10503 4992 355 1701 344 427 10798 8802
internal_count=40463 19071 11604 21392 16300 7467 5256 721 11044 258 5092 463 4535 903 3632 1230 2402 2019 585 570 11069 10930 10503 4992 355 1701 344 427 10798 8802
is_linear=0
shrinkage=0.03


Tree=241
num_leaves=31
num_cat=0
split_feature=5 24 38 27 27 27 27 14 25 25 5 28 2 12 41 31 8 27 30 7 14 25 13 27 27 40 7 14 24 15
split_gain=5.59395 7.997 7.88372 9.52546 9.07594 11.5787 9.65388 7.64196 7.49131 6.93942 7.394 10.7859 6.70919 7.75727 6.59632 7.94634 6.8175 10.0685 7.43253 7.43509 7.22812 6.5382 6.62049 6.51385 8.57033 6.23772 8.39968 6.87346 6.32797 7.13429
threshold=39206.250000000007 162.73375000000001 -6.5474999999999985 25142.895833333336 26213.354166666668 26340.312500000004 26079.687500000004 97.020000000000024 12.43125 458.07729166666678 51201.000000000007 39265.812500000007 8.5000000000000018 443.54708333333343 -6976.7705369431287 71.638750000000002 604.07500000000016 28537.479166666672 260.00500000000005 7.5434027777777795 64.335000000000008 38.983541666666675 98.261250000000018 47227.250000000007 44581.625000000007 -21.154999999999998 4.6718750000000018 166.64500000000001 62.355000000000011 16.892656250000005
decision_type=2 10 10 10 10 10 10 10 10 10 2 10 2 10 8 10 2 10 10 2 10 10 10 10 10 10 2 10 10 10
left_child=1 7 -2 12 6 -6 -5 -1 -9 10 14 25 -4 -14 15 -7 17 -16 19 23 -18 22 -13 24 -19 28 27 -27 29 -12
right_child=2 -3 3 4 5 9 -8 8 -10 -11 11 21 13 -15 16 -17 20 18 -20 -21 -22 -23 -24 -25 -26 26 -28 -29 -30 -31
leaf_value=-0.037374996703376996 0.025025775027293976 -0.19234345560493921 0.49216338925059744 -0.102799168106482 1.0992996538197042 0.026844054337576504 -0.74020928115675022 0.18864181093710086 0.0046285696684302382 -0.63368590844511941 0.65079920877705599 0.034394485115458055 0.30893060745624606 -0.63353537875691579 0.12027100117332409 -0.013275541368503905 0.082418809852828415 -0.013428958773124612 -0.43123125910370874 -0.10485074443203581 -0.15574907422936704 -0.0049455116028829594 0.52425715490154234 -0.21802496418853576 0.084939399613397484 -0.0087425360363013026 0.00027776440781611454 0.28605799261754411 0.34360594928749205 -0.098860198412971292
leaf_weight=1848 7626 857 535 370 129 716 111 102 3522 126 40 705 147 101 864 680 51 7196 177 1432 699 9347 43 80 273 178 1454 450 531 154
leaf_count=1848 7626 857 535 370 129 716 111 102 3522 126 40 705 147 101 864 680 51 7196 177 1432 699 9347 43 80 273 178 1454 450 531 154
internal_value=6.80725e-05 -0.000751185 0.000219634 -2.42572e-05 -0.000123222 -4.56053e-05 -0.00420124 -0.000328887 0.000471724 -9.16776e-05 -5.62403e-05 0.000444083 0.00323342 -0.000843373 -0.000586737 0.0013529 -0.000838207 -0.000631547 -0.000923682 -0.000803273 -0.00359521 -1.33716e-05 0.00268358 -0.000427152 -0.000335341 0.00208868 0.001253 0.00414944 0.00448347 -0.000153846
internal_weight=40544 6329 34215 26589 25806 25325 481 5472 3624 25196 25070 12902 783 248 12168 1396 10772 10022 9158 8981 750 10095 748 7549 7469 2807 2082 628 725 194
internal_count=40544 6329 34215 26589 25806 25325 481 5472 3624 25196 25070 12902 783 248 12168 1396 10772 10022 9158 8981 750 10095 748 7549 7469 2807 2082 628 725 194
is_linear=0
shrinkage=0.03


Tree=242
num_leaves=31
num_cat=0
split_feature=31 6 40 5 4 4 10 1 26 1 7 26 0 15 12 26 15 4 4 5 4 38 12 31 9 15 31 16 37 40
split_gain=6.01816 5.52405 5.70045 6.93045 8.72544 9.84934 8.60454 7.91879 9.48235 7.27036 7.24465 6.80657 6.69574 6.64431 10.8889 9.18299 8.86935 10.8321 9.55848 7.25564 6.61728 6.05895 5.92706 5.30169 6.28967 5.90351 5.6439 5.25971 7.0285 5.24687
threshold=579.7600000000001 32.257709251101325 3.5549999999999788 61853.125000000007 84.500000000000014 78.500000000000014 192.94000000000003 2.5000000000000004 32576.512500000004 1.0000000180025095e-35 11.862847222222227 51561.396250000013 20.500000000000004 122.58145833333334 96.908541666666693 47662.500000000007 50.554270833333341 56.500000000000007 34.500000000000007 50256.250000000007 28.500000000000004 -50.691249999999982 63.589479166666678 299.90500000000003 76.175000000000026 396.69062500000013 -43.991249999999994 495.38798886247508 -6.6900000000000075 -46.034999999999989
decision_type=10 2 10 2 2 2 10 2 10 2 2 10 2 8 10 10 10 2 2 2 2 10 10 10 10 10 10 10 10 8
left_child=1 2 3 4 5 7 9 8 -1 -7 29 23 21 14 15 16 17 -9 -18 -19 -15 -5 -20 24 26 -25 -4 28 -10 -6
right_child=-2 -3 11 12 10 6 -8 13 27 -11 -12 -13 -14 20 -16 -17 18 19 22 -21 -22 -23 -24 25 -26 -27 -28 -29 -30 -31
leaf_value=0.86250235314038237 0.61086675043043104 0.19496757368060441 -0.28624798294184939 0.3773585442254257 0.018490950345949719 0.1079466853513545 0.12118546935116625 0.16775456790220716 0.10465991040622856 -0.25466078419415922 -0.3110443545723785 -0.32535192105287364 -0.026661132495999666 -0.24525312975222049 0.13198096887550156 -0.097729793175327193 -0.31016518284093558 0.1380396751468394 -0.029479287731196385 -0.020687122723443495 -0.040707663151702815 0.026749675813730247 0.072993543472105168 0.25514189637567852 -0.048521941897355807 -0.20066704022537407 0.020053468243739776 -0.13913603066731534 -0.051100243879694376 -0.0017027731511789579
leaf_weight=43 160 319 56 67 5599 69 83 215 178 453 104 94 614 102 460 384 132 97 378 239 604 4605 149 554 4426 333 1180 562 734 17498
leaf_count=43 160 319 56 67 5599 69 83 215 178 453 104 94 614 102 460 384 132 97 378 239 604 4605 149 554 4426 333 1180 562 734 17498
internal_value=-1.22246e-05 -3.53317e-05 -6.67283e-05 9.30476e-05 -9.45378e-05 -0.00124718 -0.00482673 -0.000739832 -0.00248024 -0.00625239 0.000148048 -0.000869205 0.00108946 0.000217313 0.00108029 -9.40439e-05 0.0011891 0.00399457 -0.00115909 0.000623145 -0.00229137 0.00147657 0.000653409 -0.000753435 -0.00109129 0.00140203 0.000800323 -0.00288814 -0.00147864 0.000183782
internal_weight=40491 40331 40012 33369 28083 4882 605 4277 1517 522 23201 6643 5286 2760 2054 1594 1210 551 659 336 706 4672 527 6549 5662 887 1236 1474 912 23097
internal_count=40491 40331 40012 33369 28083 4882 605 4277 1517 522 23201 6643 5286 2760 2054 1594 1210 551 659 336 706 4672 527 6549 5662 887 1236 1474 912 23097
is_linear=0
shrinkage=0.03


Tree=243
num_leaves=31
num_cat=0
split_feature=16 27 8 1 16 6 13 29 27 7 15 13 32 40 14 15 32 4 27 41 4 30 40 4 26 1 8 10 26 4
split_gain=5.86252 5.55038 5.03245 6.09639 6.35228 5.84397 5.32267 7.90627 6.46889 4.795 7.55805 8.4091 8.31946 9.01196 7.4495 6.82986 7.52464 7.5588 6.259 6.25341 6.71974 7.10186 6.21295 6.11664 7.06811 8.11493 9.52556 7.10924 7.93477 5.99363
threshold=116.74246679076329 51807.587500000001 654.24375000000009 4.5000000000000009 344.52489439385096 30.328193832599123 281.36500000000007 168.81250000000003 32355.583333333339 5.2309027777777795 144.3897916666667 121.26500000000001 10.001250000000001 -19.380000000000013 150.05000000000004 123.48812500000003 72.603750000000005 180.50000000000003 52629.510416666679 13654.425545070624 326.50000000000006 137.12750000000003 -38.831250000000011 164.50000000000003 51561.396250000013 2.5000000000000004 1.0000000180025095e-35 190.03500000000005 31127.037500000002 360.50000000000006
decision_type=8 10 2 2 8 2 10 10 10 2 10 10 10 10 10 8 8 2 10 10 2 10 10 2 8 2 2 10 10 2
left_child=1 -1 5 4 -4 9 7 8 -6 23 11 15 -12 -14 -15 18 -17 -18 19 20 -11 22 -22 -2 25 26 -25 28 -28 -27
right_child=2 -3 3 -5 6 -7 -8 -9 -10 10 12 -13 13 14 -16 16 17 -19 -20 -21 21 -23 -24 24 -26 29 27 -29 -30 -31
leaf_value=0.072215675659764139 -0.0046010056705026864 -0.067978172963695724 -0.1649138223464143 -0.23379030674108434 0.12886838264379691 0.21471739821870464 0.71706844135589765 -0.36972224818814819 -0.011998327167491923 -0.0027476050979360878 -0.6703966996746894 0.22146805411352005 0.041367197215075889 -0.41323587567756404 -0.076591715913247774 0.15995481915935456 -0.10720279124718572 0.090551812672373722 0.085880426060270021 0.22877263433635953 0.019156339868769974 -0.33396772619336862 -0.10826332934388851 0.0070265966801042979 -0.076806492432626786 0.0047817968273767874 -0.046208588480700141 0.54438192550131148 0.089572076577174961 0.16837476844921245
leaf_weight=462 6755 40 80 539 186 318 76 95 834 13471 136 361 1517 111 3310 328 285 340 355 148 369 66 630 1638 263 5542 336 496 1476 56
leaf_count=462 6755 40 80 539 186 318 76 95 834 13471 136 361 1517 111 3310 328 285 340 355 148 369 66 630 1638 263 5542 336 496 1476 56
internal_value=6.16691e-05 0.00328032 2.13121e-05 -0.00152402 -0.000389151 9.43667e-05 0.000163591 -0.000362903 0.000411361 6.04106e-05 -0.000235906 7.79626e-05 -0.00124729 -0.00104475 -0.00189801 -2.43857e-05 0.00243711 0.000503195 -0.000180519 -0.000275792 -0.000338447 -0.00263133 -0.001995 0.00044376 0.000922206 0.00105605 0.0020978 0.00333911 0.00246553 0.000321486
internal_weight=40619 502 40117 1810 1271 38307 1191 1115 1020 37989 21427 16353 5074 4938 3421 15992 953 625 15039 14684 14536 1065 999 16562 9807 9544 3946 2308 1812 5598
internal_count=40619 502 40117 1810 1271 38307 1191 1115 1020 37989 21427 16353 5074 4938 3421 15992 953 625 15039 14684 14536 1065 999 16562 9807 9544 3946 2308 1812 5598
is_linear=0
shrinkage=0.03


Tree=244
num_leaves=31
num_cat=0
split_feature=31 40 6 5 4 7 28 4 28 39 4 5 1 27 24 13 4 28 30 10 25 16 4 4 5 28 28 13 28 14
split_gain=5.59123 5.41277 5.60523 5.67576 8.97092 7.90071 7.72419 7.72048 9.13621 7.67934 7.27457 8.10144 8.09833 7.98997 6.84132 9.31029 6.67504 7.9065 7.10317 6.84222 6.60861 8.51513 6.32525 9.12903 7.09102 7.00583 6.8417 6.2418 7.48841 11.0128
threshold=579.7600000000001 3.5549999999999788 33.836563876651994 62950.937500000007 84.500000000000014 11.862847222222227 44083.196250000008 40.500000000000007 46503.048906250006 -27.749999999999993 80.500000000000014 51456.250000000007 2.5000000000000004 41329.687500000007 138.17500000000004 70.840000000000018 40.500000000000007 40777.095312500009 39.425000000000004 55.003750000000004 146.7260416666667 552.54692653000313 22.500000000000004 32.500000000000007 73006.250000000015 42214.688906250005 38401.22187500001 168.13000000000002 32499.125000000004 145.47000000000003
decision_type=10 8 2 2 2 2 10 2 8 10 2 2 2 10 10 10 2 10 10 10 8 10 2 2 2 10 10 10 10 10
left_child=1 2 3 4 10 27 9 8 -8 -5 12 -12 13 -1 15 16 -14 -18 -19 -20 -10 -22 -11 -24 25 26 -25 28 29 -6
right_child=-2 -3 -4 6 5 -7 7 -9 20 22 11 -13 14 -15 -16 -17 17 18 19 -21 21 -23 23 24 -26 -27 -28 -29 -30 -31
leaf_value=0.0088980334257913532 0.60265140971246978 -0.022365034073511154 0.32607241482061311 0.38295726524682144 -0.0073855236287777562 -0.26801012647845512 0.15536745814871808 -0.048865456908433198 0.025911510867514094 0.67755386894493463 -0.33206836376041637 0.014023330360412914 -0.066236718942056738 -0.085513308919796166 -0.12107985145545143 0.096638651882405488 0.31780809186316683 0.063022850852786222 -0.046785135625561899 0.03525857685958822 -0.010536471578115183 -0.38904182210917554 -0.1310765370362614 0.26445035441495873 0.72966022762156368 0.094298222280332772 -0.059714263404498952 -0.076469578388905571 0.0037080212212580285 0.14131142354895118
leaf_weight=610 143 6750 114 327 1288 117 182 1031 1428 82 249 168 708 1190 523 613 84 196 438 584 363 65 124 106 132 410 412 1744 18756 1704
leaf_count=610 143 6750 114 327 1288 117 182 1031 1428 82 249 168 708 1190 523 613 84 196 438 584 363 65 124 106 132 410 412 1744 18756 1704
internal_value=3.65386e-05 1.55559e-05 0.000170672 0.00014806 -8.28357e-06 0.000243329 0.00111945 0.000239414 0.00130947 0.00281368 -0.00111577 -0.00491627 -0.000794421 -0.00239867 0.000123928 0.000748857 -0.000238687 0.00103607 0.000418376 -0.00058651 0.000678514 -0.00258741 0.00175217 0.00118987 0.00209237 0.00116254 -0.00115607 0.000282212 0.000420709 0.00181423
internal_weight=40641 40498 33748 33634 28972 23609 4662 3069 2038 1593 5363 417 4946 1800 3146 2623 2010 1302 1218 1022 1856 428 1266 1184 1060 928 518 23492 21748 2992
internal_count=40641 40498 33748 33634 28972 23609 4662 3069 2038 1593 5363 417 4946 1800 3146 2623 2010 1302 1218 1022 1856 428 1266 1184 1060 928 518 23492 21748 2992
is_linear=0
shrinkage=0.03


Tree=245
num_leaves=31
num_cat=0
split_feature=5 17 14 41 39 23 25 24 9 27 30 4 4 5 7 4 27 4 27 11 4 25 12 12 27 6 4 40 25 27
split_gain=5.76404 7.33558 5.58978 10.71 7.29024 7.02521 11.1019 10.63 10.4682 9.93585 6.80516 6.14182 13.4017 9.99231 10.1648 7.74513 10.7114 7.38846 8.1591 7.8783 7.45666 7.29473 7.15437 9.09777 7.70216 7.5369 8.0546 7.11827 6.8733 6.57188
threshold=34554.750000000007 109.83702000000001 38.355000000000011 -4341.254489752514 -63.528749999999988 4.5000000000000009 30.175000000000001 129.00500000000002 160.92500000000004 45252.807968750007 -9.6887499999999971 245.50000000000003 164.50000000000003 55881.062500000007 8.6788194444444482 168.50000000000003 35711.916666666672 348.50000000000006 53164.391718750012 343.72000000000008 351.50000000000006 14.051041666666668 28.813854166666669 33.475000000000009 37668.578020833338 14.630837004405288 124.50000000000001 -2.7799999999999936 205.65479166666668 51807.587500000001
decision_type=2 8 8 8 8 2 10 10 10 10 10 2 2 2 2 2 10 2 10 10 2 10 8 8 10 2 2 10 10 10
left_child=1 -1 3 -2 5 7 10 -4 -9 -8 -7 12 22 14 21 16 -14 19 20 29 -19 -13 24 -24 -6 26 27 -25 -27 -15
right_child=2 -3 4 -5 11 6 9 8 -10 -11 -12 13 15 17 -16 -17 -18 18 -20 -21 -22 -23 23 25 -26 28 -28 -29 -30 -31
leaf_value=0.015801331876855208 0.034288099025373053 -0.091624074627463872 0.018949637204737576 -0.10780065216632581 -0.008295675071429115 -0.35922627929938439 -0.11972425526440439 0.52242991941738526 0.18538343116331588 0.081754634342107571 0.050595678953060247 0.3383090420614796 0.26434208318472541 0.040660067804103049 -0.28594320082546099 0.029791322596104165 -0.05654203892896234 -0.283823699165836 0.066538547052281696 0.72490414487790589 -0.029110121223797802 -0.042487801700902703 0.11275466811968148 0.0086916142991057647 -0.13043543689300657 -0.026544697880099048 0.063335566799007162 -0.022729724515519079 -0.19879825328291814 -0.14563674166301566
leaf_weight=656 179 1027 5872 475 317 40 1395 439 589 254 753 75 193 1965 401 5938 85 223 162 139 510 5379 264 5931 280 1943 708 3949 342 69
leaf_count=656 179 1027 5872 475 317 40 1395 439 589 254 753 75 193 1965 401 5938 85 223 162 139 510 5379 264 5931 280 1943 708 3949 342 69
internal_value=1.70148e-05 -0.00170131 9.14587e-05 -0.00265649 0.000138555 0.000866959 -0.000515759 0.00135633 0.0041691 -0.00191818 0.00239924 -9.71462e-05 0.000195479 -0.000751345 -0.00147797 0.00135113 0.00623656 0.000635386 -0.00165737 0.00158004 -0.00300409 -0.00113841 -0.00032763 -0.000181534 -0.00353679 -0.00029478 4.24969e-05 -0.000179132 -0.00185696 0.00110565
internal_weight=40552 1683 38869 654 38215 9342 2442 6900 1028 1649 793 28873 19950 8923 5855 6216 278 3068 895 2173 733 5454 13734 13137 597 12873 10588 9880 2285 2034
internal_count=40552 1683 38869 654 38215 9342 2442 6900 1028 1649 793 28873 19950 8923 5855 6216 278 3068 895 2173 733 5454 13734 13137 597 12873 10588 9880 2285 2034
is_linear=0
shrinkage=0.03


Tree=246
num_leaves=31
num_cat=0
split_feature=40 31 0 5 27 40 15 11 14 27 27 27 4 25 28 7 15 25 4 4 6 4 4 28 1 25 38 28 14 27
split_gain=5.96563 6.88488 6.50353 5.80942 7.06054 5.67725 6.55155 10.3597 6.53687 9.59149 8.8233 12.0575 7.56823 9.71242 8.49196 8.07389 7.85715 9.35387 7.65846 8.80469 7.56341 7.54837 11.6748 7.47699 7.24636 10.6135 8.70708 8.62222 7.67743 6.76326
threshold=3.5549999999999788 299.90500000000003 17.500000000000004 72556.250000000015 43327.551093750008 -110.17124999999999 167.20895833333336 190.00500000000002 75.593750000000014 49847.200520833343 32222.833333333339 33594.124322916679 359.50000000000006 57.520833333333343 45975.099218750009 8.3385416666666696 29.565833333333337 69.346145833333352 114.50000000000001 52.500000000000007 8.1900881057268737 84.500000000000014 106.50000000000001 39491.562500000007 1.0000000180025095e-35 54.168333333333344 11.522500000000003 45815.328281250004 266.50500000000005 52200.177051091276
decision_type=10 10 2 2 10 8 8 10 10 10 10 10 2 10 10 2 10 10 2 2 2 2 2 10 2 10 10 10 10 10
left_child=3 -2 -3 5 -5 -1 8 -8 9 -7 -10 20 14 -14 15 24 -16 29 19 23 -12 -22 -23 -17 25 -13 27 28 -26 -18
right_child=1 2 -4 4 -6 6 7 -9 10 -11 11 12 13 -15 16 18 17 -19 -20 -21 21 22 -24 -25 26 -27 -28 -29 -30 -31
leaf_value=0.086775513568189036 -0.035904367434858739 -0.024581058442509515 0.39329008108828134 0.48449159523199198 0.010824193966553146 -0.013556833095917473 -0.11049722171825209 -0.0071768211331820451 0.077170841049198052 0.06351534694333516 0.3148454056328866 0.23750342692077991 0.22607106461877108 0.015034243324734077 0.076966927907682878 0.53755341999110129 -0.13551838303131816 -0.012661528587438511 -0.15761030989613245 0.066011918430541966 -0.47216819792264469 0.22625899831173416 -0.15086768703801964 -0.33847131992691742 0.018040181126833477 0.037514403336899919 -0.025284826529741407 0.4063156256525749 0.43145947628837078 0.032700097055838241
leaf_weight=638 5773 605 383 211 798 4568 1187 3633 1771 190 46 343 104 156 422 54 609 2739 583 446 63 129 823 148 9919 1268 2656 60 109 110
leaf_count=638 5773 605 383 211 798 4568 1187 3633 1771 190 46 343 104 156 422 54 609 2739 583 446 63 129 823 148 9919 1268 2656 60 109 110
internal_value=1.70181e-05 -0.000796362 0.00151668 0.000179819 0.00242079 0.000110755 5.50767e-05 -0.00096453 0.000235018 -0.000775373 0.000448158 0.000274918 0.000442541 0.00551724 0.00037448 0.000687111 -0.000881216 -0.00135299 -0.00164367 0.000600924 -0.00283898 -0.00338091 -0.00270724 -0.00458128 0.000887086 0.00278226 0.000647313 0.00104966 0.000981155 -0.00439583
internal_weight=40544 6761 988 33783 1009 32774 32136 4820 27316 4758 22558 20787 19726 260 19466 15586 3880 3458 1231 648 1061 1015 952 202 14355 1611 12744 10088 10028 719
internal_count=40544 6761 988 33783 1009 32774 32136 4820 27316 4758 22558 20787 19726 260 19466 15586 3880 3458 1231 648 1061 1015 952 202 14355 1611 12744 10088 10028 719
is_linear=0
shrinkage=0.03


Tree=247
num_leaves=31
num_cat=0
split_feature=0 17 35 30 40 39 1 1 16 6 15 23 7 11 26 16 30 24 25 12 25 18 18 0 0 23 34 30 37 15
split_gain=7.51133 6.88064 5.82961 5.71858 8.1006 7.30436 7.09245 5.92935 5.7824 5.94034 5.63064 5.42983 5.38722 5.35698 5.89607 5.31234 5.35813 5.35376 5.07664 11.9567 9.48528 9.3292 7.9674 23.0054 9.66975 19.2185 11.8921 10.26 7.98374 7.57262
threshold=13.500000000000002 827.62016500000004 182.39000000000004 374.97000000000008 5.7150000000000043 -65.428749999999994 1.5000000000000002 5.5000000000000009 2702.2742284509245 14.186563876651984 123.48812500000003 4.5000000000000009 5.6093750000000027 -0.068749999999999992 30973.500000000004 5486.9170827744174 65.805000000000021 56.420000000000009 38.983541666666675 54.161250000000003 92.089010416666682 1.5000000000000002 1.0000000180025095e-35 4.5000000000000009 5.5000000000000009 2.5000000000000004 78.430000000000021 151.41500000000005 -1.0000000180025095e-35 97.734375000000014
decision_type=2 10 10 10 10 8 2 2 8 2 10 2 2 10 8 10 10 10 10 10 10 2 2 2 2 2 10 10 10 10
left_child=1 2 18 5 6 8 -5 -7 10 12 -2 -11 -10 -3 -15 16 -9 -18 29 20 21 -20 24 -24 27 -26 28 -21 -27 -1
right_child=3 13 -4 4 -6 7 -8 15 9 11 -12 -13 -14 14 -16 -17 17 -19 19 22 -22 -23 23 -25 25 26 -28 -29 -30 -31
leaf_value=0.025933427282614756 0.066217418880504447 0.035201517494050538 -0.40165800773373633 0.69355790524617478 0.53471044721799554 -0.0060770401363591728 -0.2962692023482657 -0.019232488553844448 0.27516808761345757 0.018399709268053305 -0.22503534979067211 -0.10763357861214927 0.060355452439350733 -0.15335415134886152 -0.040024793776225559 -0.082945417383441786 0.22015790233107616 0.076070354206586546 -0.016671463542368058 0.0050397159860160199 -0.39839160723621964 -0.16951029307194565 0.047222915102175161 -0.10470618944395624 0.015746795350597153 0.18329812314902966 0.37690446426128105 -0.098820099675665601 -0.067803539077900862 -0.26457190287486171
leaf_weight=2716 1092 292 185 61 363 10340 225 348 171 1353 41 570 936 308 3032 149 183 958 1753 4028 211 451 1509 2342 4691 45 697 1192 138 68
leaf_count=2716 1092 292 185 61 363 10340 225 348 171 1353 41 570 936 308 3032 149 183 958 1753 4028 211 451 1509 2342 4691 45 697 1192 138 68
internal_value=9.64177e-06 -0.000334756 -0.000116842 0.000494908 0.00325385 0.000383781 -0.000522648 7.51315e-06 0.00146614 0.00078192 0.00329365 -0.000226091 0.00253159 -0.00153592 -0.00187668 0.00168395 0.00222483 0.00321804 -6.72815e-05 -0.000261168 -0.00221647 -0.00163265 6.14628e-05 -0.00110981 0.000479522 0.00134871 0.0054143 -0.00044819 -0.00138587 0.00112029
internal_weight=40448 23658 20026 16790 649 16141 286 11978 4163 3030 1133 1923 1107 3632 3340 1638 1489 1141 19841 17057 2415 2204 14642 3851 10791 5571 880 5220 183 2784
internal_count=40448 23658 20026 16790 649 16141 286 11978 4163 3030 1133 1923 1107 3632 3340 1638 1489 1141 19841 17057 2415 2204 14642 3851 10791 5571 880 5220 183 2784
is_linear=0
shrinkage=0.03


Tree=248
num_leaves=31
num_cat=0
split_feature=37 9 6 5 28 3 32 29 7 28 12 25 28 9 12 27 14 9 14 9 28 4 36 27 7 16 27 14 8 25
split_gain=5.87279 4.86707 4.58705 4.25056 12.3382 7.78144 7.45049 11.1753 7.94119 9.81099 6.63965 6.47987 11.7471 9.45804 9.18872 8.69707 12.2225 12.234 8.14143 9.20039 8.93025 10.4392 9.0831 8.38853 8.35187 7.88394 11.3594 8.66564 7.37219 7.2465
threshold=82.13000000000001 644.96000000000015 32.257709251101325 50802.187500000007 39371.763750000006 1.0000000180025095e-35 211.33000000000001 233.69125000000003 6.9600694444444464 43899.500000000007 250.48604166666669 88.624114583333352 32499.125000000004 141.10000000000005 59.353541666666672 32541.900104166667 140.00500000000002 123.28625000000001 75.593750000000014 16.321250000000003 39886.562500000007 186.50000000000003 -17.806249999999995 36787.869947916675 8.2309027777777803 674.21383588147626 33438.345260416674 142.04500000000004 1.5875000000000004 95.884791666666686
decision_type=10 10 2 2 10 2 8 10 2 10 10 10 10 10 10 10 10 10 10 10 10 2 10 10 2 10 10 10 2 10
left_child=1 2 3 11 -5 6 7 -6 9 -8 -11 13 15 18 -14 16 29 -18 -1 -20 24 23 -23 -22 25 -21 -27 -28 -25 -13
right_child=-2 -3 -4 4 5 -7 8 -9 -10 10 -12 12 14 -15 -16 -17 17 -19 19 20 21 22 -24 28 -26 26 27 -29 -30 -31
leaf_value=-0.017675720296527853 -0.14494935776924323 0.98742685289766652 0.17733474081186087 0.064501644385831836 0.00010423312158852838 -0.33765591672366935 0.32865743534698932 -0.28662879128289448 -0.10163106489975092 0.091151470146623975 -0.23836013288936214 0.01251183563687519 -0.23552413982001846 0.39848454492228741 -0.038433299808670114 0.23971094520080399 0.16849313281624057 0.0014080600484422234 0.031930676449837332 0.041628348196585563 0.2215270756527839 0.082313429702242619 -0.046075937125729313 -0.055042443484284359 -0.25082303809215611 -0.28386901887473043 -0.0020326247755487257 0.37535924276572813 -0.20465136697264527 -0.24701043810186021
leaf_weight=3325 1270 75 300 3436 10232 97 559 354 262 184 114 117 239 189 5203 245 354 2991 1886 3303 65 874 1334 820 312 205 1369 80 588 236
leaf_count=3325 1270 75 300 3436 10232 97 559 354 262 184 114 117 239 189 5203 245 354 2991 1886 3303 65 874 1334 820 312 205 1369 80 588 236
internal_value=4.80071e-05 0.000112836 9.81565e-05 6.96618e-05 0.00046066 0 7.04767e-05 -0.000175687 0.00239732 0.00379371 -0.000602007 -0.00018137 -0.000794268 0.000219497 -0.00169759 0.000452586 8.92133e-05 0.00065003 0.000130278 0.000528744 0.00012736 -0.00100625 0.000298778 -0.00296133 0.000919355 0.00121924 -0.000471299 0.000465517 -0.00344925 -0.00521186
internal_weight=40618 39348 39273 38973 15238 11802 11705 10586 1119 857 298 23735 9385 14350 5442 3943 3698 3345 14161 10836 8950 3681 2208 1473 5269 4957 1654 1449 1408 353
internal_count=40618 39348 39273 38973 15238 11802 11705 10586 1119 857 298 23735 9385 14350 5442 3943 3698 3345 14161 10836 8950 3681 2208 1473 5269 4957 1654 1449 1408 353
is_linear=0
shrinkage=0.03


Tree=249
num_leaves=31
num_cat=0
split_feature=1 0 0 14 0 27 40 25 32 0 14 5 38 13 30 1 39 14 25 5 13 38 5 38 11 27 2 15 25 13
split_gain=4.99316 20.5102 19.3766 13.0911 9.29813 8.43316 7.64333 7.06348 10.4315 6.99832 5.9865 5.81574 6.18265 10.2583 6.44396 5.72999 6.4959 5.69428 8.83678 5.45695 8.74397 5.42941 5.35938 5.2593 5.21021 5.19585 5.12594 5.05806 7.19924 5.10204
threshold=1.0000000180025095e-35 4.5000000000000009 19.500000000000004 103.04000000000001 2.5000000000000004 38229.972864583346 -44.277499999999982 85.387916666666683 76.35250000000002 13.500000000000002 150.05000000000004 58501.625000000007 11.065 6.7475000000000014 39.425000000000004 4.5000000000000009 -63.528749999999988 36.056250000000013 28.813854166666669 72108.125000000015 31.662500000000005 107.075 74143.750000000015 -2.2400000000000051 446.94500000000005 44153.667135416668 9.5000000000000018 59.837083333333347 87.964322916666674 35.726250000000007
decision_type=2 2 2 10 2 10 10 10 10 2 10 2 8 10 10 2 10 10 10 2 10 10 2 10 10 10 2 8 8 10
left_child=1 5 3 17 15 21 10 -8 -9 11 -5 12 -6 -14 -15 16 -2 -3 -19 20 25 -1 -10 -13 -16 26 -20 -25 -29 -30
right_child=4 2 -4 6 9 -7 7 8 22 -11 -12 23 13 14 24 -17 -18 18 19 -21 -22 -23 -24 27 -26 -27 -28 28 29 -31
leaf_value=0.010806620436258924 0.094819703700490837 -0.10536921523294308 -0.037379800824890806 0.14800138820035882 -0.013162972086617604 -0.12236563217596018 0.24153950444109576 -0.035549699898402523 0.18204667124004287 0.0056180062775757732 1.2782216300078098 0.059367313377995855 -0.26949125679491892 0.17379174935596695 -0.08085252870233979 0.072000850656052426 -0.0070554282579634274 0.13069865230998609 -0.02300284011721979 -0.16083335352521189 0.10412021475781046 -0.79797531246151976 0.97217101586855559 0.037540203802039186 0.23471340227326037 -0.23188334445414943 0.23615227029177077 -0.060953022302285755 0.26485542058092876 -0.00024245679871441437
leaf_weight=641 557 102 978 150 9510 540 350 480 834 14527 187 351 448 91 2300 1420 2304 267 648 59 228 46 88 584 276 124 116 562 71 1832
leaf_count=641 557 102 978 150 9510 540 350 480 834 14527 187 351 448 91 2300 1420 2304 267 648 59 228 46 88 584 276 124 116 562 71 1832
internal_value=5.6427e-05 0.000868299 0.00178556 0.00279444 -7.96635e-05 -0.00257736 0.00434211 0.0035425 0.00258731 -0.000263149 0.00847633 -0.000695432 -0.000992001 -0.0021518 -0.0014449 0.00122957 0.000455975 0.000699029 0.00118503 6.37755e-05 0.000537153 -0.00037064 0.00445287 0.000405763 -0.00172293 -0.000809899 0.000117647 4.91803e-06 -0.000590024 0.000291492
internal_weight=40671 5838 4611 3633 34833 1227 2089 1752 1402 30552 337 16025 12625 3115 2667 4281 2861 1544 1442 1175 1116 687 922 3400 2576 888 764 3049 2465 1903
internal_count=40671 5838 4611 3633 34833 1227 2089 1752 1402 30552 337 16025 12625 3115 2667 4281 2861 1544 1442 1175 1116 687 922 3400 2576 888 764 3049 2465 1903
is_linear=0
shrinkage=0.03


Tree=250
num_leaves=31
num_cat=0
split_feature=41 13 27 14 38 8 8 5 23 6 23 15 13 15 35 16 41 6 28 5 7 15 13 14 32 38 40 28 27 39
split_gain=5.17336 6.51166 5.61429 5.13424 4.73208 7.73343 7.70686 7.8522 5.73607 5.67747 6.22127 8.34017 5.55931 5.92269 5.32467 5.20766 6.73279 7.89189 14.1015 9.83863 7.27893 7.27214 9.28917 12.6293 8.8652 8.10377 7.15017 6.82725 9.39749 6.08713
threshold=13654.425545070624 107.67500000000003 55427.884739583344 241.82000000000002 -1.0000000180025095e-35 643.2750000000002 0.13750000000000004 50256.250000000007 6.5000000000000009 25.129955947136569 4.5000000000000009 49.953125000000007 293.64000000000004 458.07729166666678 182.39000000000004 3500.5956105060945 -6782.8408018373293 11.823568281938327 38972.531250000007 53503.250000000007 6.0781250000000027 63.267656250000009 68.936250000000015 93.75500000000001 145.06500000000003 41.095000000000006 -7.3300000000000081 26674.687500000004 28238.06307291667 -40.246249999999996
decision_type=10 10 10 10 8 2 2 2 2 2 2 10 10 10 10 10 8 2 8 2 2 8 10 10 8 10 8 10 10 10
left_child=2 -2 4 -3 5 6 -1 8 -8 14 12 -12 13 -11 15 16 -6 18 19 -18 27 22 23 25 -23 26 -20 28 -19 -21
right_child=1 3 -4 -5 9 -7 7 -9 -10 10 11 -13 -14 -15 -16 -17 17 20 21 29 -22 24 -24 -25 -26 -27 -28 -29 -30 -31
leaf_value=-0.00012497904045336128 0.11520568955813332 0.0043131242459583065 -0.20873989296939072 -0.49391236696763907 0.036676621491474222 -0.056536894234706425 0.039087285422943423 0.087130534761056352 -0.02861503225789995 0.056986828787683304 0.072807823131673124 -0.23789089041266143 0.71609718333373562 -0.98014286864907263 -0.36282910551010017 -0.025317740253090866 0.01866973931891721 0.089956179697811639 0.051398269758790742 0.44473684140496517 -0.082793676582222267 -0.047586750508503708 0.10663704419395387 -0.06658322115223779 0.012696573853219491 0.12398345780580527 -0.011025470765970624 -0.018438459330775741 0.62648032428925715 0.10666415136974962
leaf_weight=7448 585 108 92 45 555 894 2638 1317 1236 1066 159 314 152 45 254 3950 1949 1023 416 281 2997 2829 313 600 2061 207 711 5207 64 981
leaf_count=7448 585 108 92 45 555 894 2638 1317 1236 1066 159 314 152 45 254 3950 1949 1023 416 281 2997 2829 313 600 2061 207 711 5207 64 981
internal_value=-1.07413e-05 0.00247632 -5.69668e-05 -0.00301948 -3.97045e-05 0.00041562 0.000606408 0.00149364 0.000812903 -0.000275493 0.00138169 -0.00155063 0.00248022 0.00174011 -0.000393459 -0.000347898 -0.000153008 -0.000245163 0.000324669 0.0019754 -0.000879789 -0.000418184 0.000994217 0.000217054 -0.00106727 0.0018427 0.000837766 -0.000300238 0.00186121 0.004038
internal_weight=40497 738 39759 153 39667 13533 12639 5191 3874 26134 1736 473 1263 1111 24398 24144 20194 19639 10348 3211 9291 7137 2247 1934 4890 1334 1127 6294 1087 1262
internal_count=40497 738 39759 153 39667 13533 12639 5191 3874 26134 1736 473 1263 1111 24398 24144 20194 19639 10348 3211 9291 7137 2247 1934 4890 1334 1127 6294 1087 1262
is_linear=0
shrinkage=0.03


Tree=251
num_leaves=31
num_cat=0
split_feature=8 7 15 28 25 32 40 25 4 1 27 4 4 15 4 28 34 29 28 28 0 5 7 4 9 41 30 28 7 26
split_gain=4.42855 5.00842 9.93603 7.28771 6.5015 6.4566 6.83354 6.90651 6.135 6.05951 6.96887 6.36139 9.50356 7.79682 7.42777 10.1707 8.19677 6.2673 5.98363 5.92877 6.16764 5.92299 6.36668 5.59075 6.5369 7.65968 5.91093 5.57997 5.47332 5.42546
threshold=760.20625000000007 5.5329861111111134 146.06291666666667 37060.552500000013 52.225208333333335 10.001250000000001 -19.380000000000013 458.07729166666678 64.500000000000014 1.0000000180025095e-35 38598.145833333336 170.50000000000003 194.50000000000003 18.394166666666671 359.50000000000006 42305.048593750005 96.035000000000011 111.81500000000001 37115.437500000007 36771.500000000007 15.500000000000002 45612.750000000007 6.6579861111111134 78.500000000000014 35.091250000000009 -304.88417456402743 57.605000000000011 38818.397343750003 4.9843750000000018 28947.500000000004
decision_type=2 2 8 8 8 10 10 10 2 2 10 2 2 10 2 10 10 10 8 10 2 2 2 2 10 8 10 10 2 8
left_child=1 3 -3 8 9 -4 7 21 -1 10 -5 23 -13 27 15 16 -15 -17 -6 20 -10 22 -7 -11 -25 -26 -27 -14 -12 -20
right_child=-2 2 5 4 18 6 -8 -9 19 11 28 12 13 14 -16 17 -18 -19 29 -21 -22 -23 -24 24 25 26 -28 -29 -30 -31
leaf_value=0.37515083489673762 -0.054747392008529086 0.0036315714404547349 -0.56930147303201339 0.25943428515870848 -0.12566654585518747 0.11881081055460128 -0.090894493471686807 -0.54394965960876329 0.0094290743837576931 0.047220489317422371 0.11244573406528204 0.23664090432803958 -0.0040151734870306653 -0.014344477476333849 0.1960925436288761 -0.050825607923417872 0.25078941803936006 -0.32907139185020101 -0.25405840399124074 0.13556570410450888 0.095865069473153708 0.10414339275363005 -0.5557972225293093 0.0057762371049390453 -0.28027242045844059 -0.15496433393162604 0.057372967319985549 0.32303247110030114 -0.13639923715474084 -0.0036520337377131539
leaf_weight=42 719 14897 127 159 65 144 2937 63 4767 341 54 229 74 483 57 191 208 85 59 221 1933 1035 147 749 326 44 246 130 41 10033
leaf_count=42 719 14897 127 159 65 144 2937 63 4767 341 54 229 74 483 57 191 208 85 59 221 1933 1035 147 749 326 44 246 130 41 10033
internal_value=0.000102692 0.00014478 -0.00020154 0.000471078 6.62983e-05 -0.00144477 -0.00124798 0.000485612 0.00126005 0.00119807 0.00564706 0.000839128 0.00229424 0.00124491 0.00017561 -0.00044938 0.00149566 -0.00530686 -0.00031453 0.00118969 0.0010297 0.00094951 -0.00282534 -0.000404218 -0.00126281 -0.00354943 0 0.00658537 -0.00078125 -0.000255623
internal_weight=40606 39887 19350 20537 13574 4453 4326 1389 6963 3417 254 3163 1457 1228 1024 967 691 276 10157 6921 6700 1326 291 1706 1365 616 290 204 95 10092
internal_count=40606 39887 19350 20537 13574 4453 4326 1389 6963 3417 254 3163 1457 1228 1024 967 691 276 10157 6921 6700 1326 291 1706 1365 616 290 204 95 10092
is_linear=0
shrinkage=0.03


Tree=252
num_leaves=31
num_cat=0
split_feature=40 5 27 36 25 9 25 12 27 41 22 12 12 1 0 0 40 31 38 11 26 25 35 0 18 27 6 41 25 5
split_gain=4.77077 5.45907 6.26235 4.72903 5.47617 4.44463 4.92148 9.76173 7.34685 5.94281 5.83915 8.9589 8.10902 6.19169 15.4425 16.0016 9.00888 7.03295 6.94791 7.91337 6.49841 6.38625 6.14607 5.92779 5.75055 5.87482 5.43827 5.43217 5.35657 5.33709
threshold=-115.63749999999997 44502.250000000007 35373.215572916677 -2.4574999999999956 72.522083333333342 -23.451249999999998 49.953125000000007 48.331458333333337 53442.998489583348 11203.450096678402 1.0000000180025095e-35 113.68005208333334 112.4603125 1.0000000180025095e-35 4.5000000000000009 20.500000000000004 -35.399999999999977 153.84625000000003 11.522500000000003 39.925000000000004 53890.780000000006 103.65375000000002 -15.887500000000001 9.5000000000000018 1.5000000000000002 40778.902447916676 10.983480176211456 4876.82039155857 69.346145833333352 54810.625000000007
decision_type=8 2 10 10 10 8 8 8 10 10 2 10 10 2 2 2 10 10 10 8 10 10 10 2 2 10 2 8 10 2
left_child=1 2 -1 4 -3 -2 8 9 -7 -8 13 12 24 14 21 16 -16 23 -15 29 -21 -9 -13 -18 25 -12 -19 -25 -29 -20
right_child=5 3 -4 -5 -6 6 7 10 -10 -11 11 22 -14 18 15 -17 17 26 19 20 -22 -23 -24 27 -26 -27 -28 28 -30 -31
leaf_value=0.62058095012400394 -0.14899143686858021 0.08987508553051185 -0.21099194951364339 0.74915860522746613 -0.36323999801544182 0.010837368658955028 -0.060106765759589925 0.024345598002223596 0.32057208071829107 0.1861528344152667 -0.35203486492155667 0.069214957771440586 0.25603871644069442 0.0062870160037048345 0.36948255254224843 -0.084435567132205167 0.14071576739878536 0.63725055703123368 -0.21000255587255828 -0.012320370034150442 -0.52198310417087268 -0.21169503284997573 -0.48448749155248549 0.19321393465584341 -0.39500844594656742 0.078925720547342162 0.19099209947416027 0.334564217257597 -0.039449759061342321 0.010225507104097887
leaf_weight=55 144 117 90 150 62 9237 2190 227 41 85 72 49 41 15906 381 416 441 224 472 8015 53 420 191 128 74 185 225 49 761 196
leaf_count=55 144 117 90 150 62 9237 2190 227 41 85 72 49 41 15906 381 416 441 224 472 8015 53 420 191 128 74 185 225 49 761 196
internal_value=0.000105779 0.00309474 -0.00174658 0.00522727 0.00191667 7.04803e-05 8.94461e-05 -9.30134e-05 0.000695118 -0.00198374 5.78399e-05 -0.0028385 8.0429e-05 0.00012144 0.00134739 0.00237053 0.00338688 0.00250957 -4.13911e-05 -0.000721071 -0.000461024 -0.00280093 -0.0073444 0.00144565 -0.00149096 0.000639535 0.00576667 9.58466e-05 -0.00081381 -0.0038565
internal_weight=40697 474 145 329 179 40223 40079 30801 9278 2275 28526 612 372 27914 3272 2625 2209 1828 24642 8736 8068 647 240 1379 331 257 449 938 810 668
internal_count=40697 474 145 329 179 40223 40079 30801 9278 2275 28526 612 372 27914 3272 2625 2209 1828 24642 8736 8068 647 240 1379 331 257 449 938 810 668
is_linear=0
shrinkage=0.03


Tree=253
num_leaves=31
num_cat=0
split_feature=15 0 18 0 0 23 33 13 24 13 13 4 4 38 28 27 28 15 14 13 27 13 12 37 12 39 4 13 13 6
split_gain=5.41509 8.12061 8.81546 18.5262 10.7236 13.7645 14.694 9.86408 14.2871 10.5513 8.82057 8.15533 10.6014 8.11698 7.94144 7.88933 9.57012 7.717 7.42607 7.23183 7.54126 7.22001 7.15169 7.08997 8.02293 7.40285 7.07751 7.06111 7.0534 6.8714
threshold=70.878333333333345 16.500000000000004 1.0000000180025095e-35 5.5000000000000009 5.5000000000000009 2.5000000000000004 104.74500000000002 69.995000000000019 129.00500000000002 148.29500000000004 69.77500000000002 6.5000000000000009 154.50000000000003 86.481250000000003 24013.659722222226 33594.124322916679 37218.125000000007 122.58145833333334 183.26375000000004 40.170000000000009 41842.812500000007 298.67500000000001 109.83458333333334 0.93999999999999873 59.138125000000009 -25.509999999999998 320.50000000000006 131.75000000000003 43.315000000000005 4.8325991189427322
decision_type=10 2 2 2 2 2 10 10 10 10 10 2 2 10 10 8 8 10 10 10 10 10 10 8 10 10 2 10 10 2
left_child=15 2 4 10 23 11 22 -5 9 26 17 -6 29 -12 -3 16 -1 18 -4 20 -16 -15 -7 -2 -25 -26 -9 -17 -21 -13
right_child=1 14 3 7 5 6 -8 8 -10 -11 13 12 -14 21 19 27 -18 -19 -20 28 -22 -23 -24 24 25 -27 -28 -29 -30 -31
leaf_value=-0.0057786321091131253 -0.015209201945575046 0.71927059564909424 -0.039593206601750947 -0.24654674959217945 0.44318160166869969 -0.028616650463343871 0.29152737794061989 0.019945115815582424 -0.22328910167520574 0.88438767691008136 0.10739061729037118 0.034799510193358571 0.019978768900337372 -0.53812019688751433 0.11624951778394305 0.012348720859927909 -0.26694844584885841 -0.54975401077171981 0.26947828589951028 -0.24042104257435865 -0.019605162395549412 0.74133755318778272 1.7117188851086629 -0.5038160712019818 0.016251125857922658 -0.12143477646753652 -0.19841010852227853 0.64610810178528111 0.00055420675905111234 -0.06529546874521322
leaf_weight=1229 3323 197 388 1020 72 549 1069 562 999 97 743 463 4244 141 1479 14493 220 98 46 83 606 82 41 100 428 802 65 40 4818 2021
leaf_count=1229 3323 197 388 1020 72 549 1069 562 999 97 743 463 4244 141 1479 14493 220 98 46 83 606 82 41 100 428 802 65 40 4818 2021
internal_value=9.77319e-05 -0.000182174 -0.000533306 -0.00172207 -0.000148707 0.000487589 0.00293675 -0.00318695 -0.00180104 0.0014069 0.00096064 -0.000110278 -0.000218457 0.00266805 0.000666063 0.000527435 -0.00158276 -0.00213884 -0.000413793 0.000498068 0.00197747 -0.00234375 -0.000862944 -0.00130533 -0.00315552 -0.00248578 -2.38854e-05 0.000737925 -0.000131579 -0.00177465
internal_weight=40518 24536 17353 4241 13112 8459 1659 2743 1723 724 1498 6800 6728 966 7183 15982 1449 532 434 6986 2085 223 590 4653 1330 1230 627 14533 4901 2484
internal_count=40518 24536 17353 4241 13112 8459 1659 2743 1723 724 1498 6800 6728 966 7183 15982 1449 532 434 6986 2085 223 590 4653 1330 1230 627 14533 4901 2484
is_linear=0
shrinkage=0.03


Tree=254
num_leaves=31
num_cat=0
split_feature=8 6 1 6 28 28 1 28 14 11 41 15 9 25 12 1 10 14 27 25 27 6 28 28 28 10 32 15 12 5
split_gain=6.19061 7.21444 7.73461 6.98371 6.09343 5.68973 8.25665 6.92795 6.48937 5.40517 5.0303 6.06301 4.68219 7.11964 6.4316 6.17736 6.6182 6.13033 5.72387 6.82719 6.99316 6.28038 5.45298 4.90707 4.85563 8.44604 7.82627 7.46716 7.65306 6.60081
threshold=604.07500000000016 27.638325991189436 2.5000000000000004 12.492511013215863 33560.562500000007 40470.636718750007 4.5000000000000009 25782.687500000004 88.120000000000019 46.503750000000004 -2560.735940253056 93.899322916666691 644.96000000000015 443.54708333333343 417.90270833333335 2.5000000000000004 353.44500000000005 625.65500000000009 24313.729166666672 396.69062500000013 24636.916666666668 5.6696035242290757 23666.437500000004 23250.062500000004 28188.687500000004 427.30000000000007 359.87500000000006 203.73687500000003 373.12250000000006 38901.812500000007
decision_type=2 2 2 2 10 10 2 10 10 10 10 10 10 10 10 2 10 10 8 10 8 2 10 8 10 10 8 10 10 2
left_child=1 12 -3 -2 -4 6 7 -5 -7 -10 11 -9 13 14 17 16 -15 18 22 20 -20 -21 -1 -22 27 26 -26 -25 29 -29
right_child=3 2 4 5 -6 8 -8 10 9 -11 -12 -13 -14 15 -16 -17 -18 -19 19 21 23 -23 -24 24 25 -27 -28 28 -30 -31
leaf_value=1.1316543975711408 0.096524166558777102 0.26878108389810873 0.30169363640893976 0.77299061751715548 -0.071114836883230198 -0.090799285725125148 -0.29410356776042085 0.011816052591681387 0.040810898979762797 -0.083660144206903403 -0.15779154062745968 -0.12132162994027311 0.67627298176591977 -0.40813817081311182 0.46519284351449808 -0.53940111789789003 0.33441958745546796 1.8012811734816125 -0.49943099600782148 0.37647217897579166 -0.33206810143571602 -0.84609065886177803 -0.10050343990311375 0.12805734740762351 0.0016346694723372935 -0.47238002013161118 0.84758456160724904 -0.32250752479899703 0.60161348333594133 0.0072544025238343579
leaf_weight=61 72 314 85 111 322 80 556 640 349 102 213 491 118 111 241 330 219 40 70 40 40 161 53 1024 33427 111 47 218 152 619
leaf_count=61 72 314 85 111 322 80 556 640 349 102 213 491 118 111 241 330 219 40 70 40 40 161 53 1024 33427 111 47 218 152 619
internal_value=6.93998e-05 0.000167046 0.00313712 -0.00134226 0.000404412 -0.0016044 -0.0023335 -0.00114354 0.00115602 0.00255531 -0.00173978 -0.000940813 0.000109214 9.00852e-05 0.000146261 -0.00299546 -9.06344e-05 0.000113548 0.00010035 7.89474e-05 0.000110056 -0.00542079 0.00678261 0.000128791 0.000140734 5.49336e-05 8.24496e-05 0.0015715 -0.000287879 -0.00141408
internal_weight=40417 37803 721 2614 407 2542 2011 1455 531 451 1344 1131 37082 36964 36304 660 330 36063 36023 35909 35708 201 114 35638 35598 33585 33474 2013 989 837
internal_count=40417 37803 721 2614 407 2542 2011 1455 531 451 1344 1131 37082 36964 36304 660 330 36063 36023 35909 35708 201 114 35638 35598 33585 33474 2013 989 837
is_linear=0
shrinkage=0.03


Tree=255
num_leaves=31
num_cat=0
split_feature=5 26 27 4 4 7 25 4 39 10 12 39 25 1 21 14 8 0 15 4 15 38 17 38 6 26 31 5 17 38
split_gain=4.86586 8.75291 7.94731 7.307 6.54323 7.60745 7.02875 6.89249 6.18132 8.54946 7.3179 9.3468 7.2932 7.22747 7.17709 10.224 6.1613 6.13053 6.51873 6.11963 6.0876 6.70007 6.32775 5.6434 9.58335 5.4637 5.87512 5.14856 5.12795 7.84868
threshold=42202.750000000007 41917.500000000007 22750.937500000004 258.50000000000006 262.50000000000006 5.3072916666666687 57.871250000000003 268.50000000000006 -5.407499999999998 160.92500000000004 443.54708333333343 -75.013749999999973 201.39890625000001 5.5000000000000009 1.0000000180025095e-35 47.195 71.343750000000014 20.500000000000004 55.370104166666671 2.5000000000000004 149.58244791666669 -24.440000000000008 4268.6589200000008 26.445000000000004 9.8103524229074921 32576.512500000004 133.45500000000001 47101.562500000007 4611.5325550000007 -24.959999999999994
decision_type=2 8 8 2 2 2 10 2 8 10 10 10 10 2 2 10 2 2 10 2 10 10 8 10 2 10 10 2 10 10
left_child=1 3 -2 16 6 -6 -5 -7 9 14 11 -11 -13 17 19 -16 -1 -10 -19 -4 -21 -22 -23 24 -14 26 -9 -15 -18 -30
right_child=2 -3 8 4 5 7 -8 25 13 10 -12 12 23 27 15 -17 28 18 -20 20 21 22 -24 -25 -26 -27 -28 -29 29 -31
leaf_value=0.0040285161186830011 1.5343001936723271 0.062081324554588556 -0.31372045285557981 0.05833995465184709 0.014085721714020279 0.20201541952465307 -0.41112305716614372 0.062685900812544368 -0.0075093561013136424 0.52734918037694856 -0.60998909972653648 0.1576366563353008 0.081120348173168391 -0.10161878474023851 -0.20716957685302922 0.13825889267402516 -0.1065390225673232 -0.084804917185561157 -0.037123032329114382 0.0083328027026585965 0.20204925490218273 -0.20632558113998301 -0.087120170056415133 0.13499356562154957 -0.20341458184832958 -0.29335452075284929 -0.48038617268018824 0.050799738041010511 -0.31728549421736846 0.021572990902367487
leaf_weight=5399 95 872 90 42 685 79 169 182 5999 483 118 1309 296 170 79 540 1490 162 1055 17212 183 109 849 487 335 471 113 664 69 687
leaf_count=5399 95 872 90 42 685 79 169 182 5999 483 118 1309 296 170 79 540 1490 162 1055 17212 183 109 849 487 335 471 113 664 69 687
internal_value=9.6681e-05 -0.000467882 0.000288233 -0.000735059 -0.00248852 -0.00180274 -0.00742925 -0.00370567 0.000260774 0.000520121 0.00200066 0.00229818 0.0015383 -0.000450876 0.000284845 0.00345968 -0.00033547 -0.000756547 -0.00269704 0.000178107 0.000216574 -0.00190455 -0.00290928 -0.000241287 -0.00211234 -0.00457627 -0.00136824 0.00219162 -0.00165554 0.000356671
internal_weight=40493 10258 30235 9386 1741 1530 211 845 30140 22090 3028 2910 2427 8050 19062 619 7645 7216 1217 18443 18353 1141 958 1118 631 766 295 834 2246 756
internal_count=40493 10258 30235 9386 1741 1530 211 845 30140 22090 3028 2910 2427 8050 19062 619 7645 7216 1217 18443 18353 1141 958 1118 631 766 295 834 2246 756
is_linear=0
shrinkage=0.03


Tree=256
num_leaves=31
num_cat=0
split_feature=29 29 6 32 28 7 30 4 6 23 27 4 25 35 1 28 4 11 15 4 4 5 28 26 2 34 13 28 13 27
split_gain=6.23688 6.52351 5.46414 8.32195 7.21141 6.26188 12.2527 8.5783 9.06716 10.7452 10.6568 9.42667 9.37878 7.71713 7.50564 11.1484 8.09858 14.3405 8.37108 7.29878 7.84134 7.84085 7.11247 16.6452 9.53014 13.7579 11.1389 11.6531 11.5888 10.8343
threshold=-8.6387499999999982 4.8012500000000005 5.5458149779735697 245.08500000000001 43734.625000000007 6.9010416666666687 156.34000000000003 160.50000000000003 16.35550660792952 3.5000000000000004 39059.104166666679 78.500000000000014 59.405000000000008 111.2 2.5000000000000004 23250.062500000004 172.50000000000003 88.895000000000024 16.261927083333337 18.500000000000004 82.500000000000014 54656.250000000007 41742.562500000007 46546.561250000006 7.5000000000000009 69.075000000000003 20.340000000000003 32234.053593750003 84.105000000000018 39864.916666666672
decision_type=8 8 2 10 10 2 8 2 2 2 10 2 10 8 2 10 2 10 10 2 2 2 10 8 2 10 10 10 10 10
left_child=-1 -2 3 -3 -5 7 -7 8 9 13 12 -12 -11 19 15 -9 17 -16 -18 -4 -21 -22 24 -24 25 -20 29 28 -28 -26
right_child=1 2 5 4 -6 6 -8 14 -10 10 11 -13 -14 -15 16 -17 18 -19 22 20 21 -23 23 -25 26 -27 27 -29 -30 -31
leaf_value=-0.06378035814007868 0.032068926235279259 0.0095182666351522009 0.19302071555647543 0.42327856471282527 -0.078265075648125723 -0.0072252495414987551 -0.18178247467793313 1.2854228795731228 -0.044992788881836533 0.13620182751066448 0.04999923899881515 -0.10443043416406166 0.021244733463489068 -0.47030127847404285 0.0095303757414489446 0.029625548271214157 0.14873509822461733 0.33955446100364484 -0.25487812234925966 -0.051265137116432054 -0.006864424838350089 0.087098595155815625 0.083930040410448895 -0.072299299678395448 0.017937529131618817 -0.044755042117490262 0.22700588249063613 -0.075057058715318023 -0.0010129651503586955 0.19469736901300208
leaf_weight=546 1371 4907 158 293 77 6969 1293 166 2177 433 732 387 481 80 507 6326 311 185 369 2014 2548 347 1237 392 989 1646 193 2003 1030 333
leaf_count=546 1371 4907 158 293 77 6969 1293 166 2177 433 732 387 481 80 507 6326 311 185 369 2014 2548 347 1237 392 989 1646 193 2003 1030 333
internal_value=5.55542e-05 9.91115e-05 2.68246e-05 0.000923645 0.00525606 -0.000115291 -0.000831417 0.000120982 -0.000597884 -8.35538e-05 0.00176254 -0.000200893 0.00416393 -0.000812937 0.000549783 0.00133066 -1.63114e-06 0.00311688 -0.000255762 -0.000665943 -0.000870672 0.000129489 -0.000439399 0.00133436 -0.000879799 -0.00259673 -0.000118707 -0.0010691 0.00123775 0.00219955
internal_weight=40500 39954 38583 5277 370 33306 8262 25044 9357 7180 2033 1119 914 5147 15687 6492 9195 692 8503 5067 4909 2895 8192 1629 6563 2015 4548 3226 1223 1322
internal_count=40500 39954 38583 5277 370 33306 8262 25044 9357 7180 2033 1119 914 5147 15687 6492 9195 692 8503 5067 4909 2895 8192 1629 6563 2015 4548 3226 1223 1322
is_linear=0
shrinkage=0.03


Tree=257
num_leaves=31
num_cat=0
split_feature=7 15 14 13 27 12 12 12 3 12 12 14 25 13 27 27 27 25 13 17 13 27 28 0 38 13 25 5 23 6
split_gain=5.76216 8.12495 8.06913 9.22347 10.5066 7.60221 8.88974 8.93234 10.0582 9.49589 12.1634 8.84689 11.3031 13.9424 12.3622 8.81467 10.8637 8.60079 7.74998 9.08724 7.25597 10.8371 7.14041 8.32839 8.12505 8.87185 7.05651 6.9614 6.81586 6.76039
threshold=5.5329861111111134 144.3897916666667 150.05000000000004 35.726250000000007 37249.520833333336 148.20145833333336 124.09562500000001 87.368645833333332 1.0000000180025095e-35 75.283958333333345 58.415416666666665 87.465000000000018 71.269375000000011 40.170000000000009 33594.124322916679 38178.666666666672 39539.509687500009 47.308697916666667 76.780000000000015 4562.7762750000002 69.77500000000002 50204.400572916675 37060.552500000013 16.500000000000004 20.395000000000007 293.64000000000004 195.38375000000002 54656.250000000007 6.5000000000000009 3.0253303964757712
decision_type=2 8 10 10 10 10 10 10 2 10 10 10 10 10 10 10 10 10 10 10 10 10 10 2 10 10 10 2 2 2
left_child=22 5 -3 4 -4 6 7 9 18 10 17 -12 13 15 -14 -13 -17 -2 19 20 21 -9 23 -1 -24 27 -7 -26 -15 -5
right_child=1 2 3 29 -6 26 -8 8 -10 -11 11 12 14 28 -16 16 -18 -19 -20 -21 -22 -23 24 -25 25 -27 -28 -29 -30 -31
leaf_value=0.014336328554488275 0.006508480007843289 -0.2729634154106621 -0.42725948560317761 0.074891288807215795 0.55339063236278319 0.23211009864508639 -0.17376276916240085 0.099579510676472791 -0.45387307319543096 -0.073139021686612113 0.064841475796368037 0.17838987292102018 -0.26797263339299293 -0.13670621636886279 0.10913452953568076 -0.61395034006515692 0.024859538089176174 -0.04519923813070089 -0.0022097977246818344 -0.20855882368976991 0.12624615741710671 -0.18018338153176627 0.0054053885700473354 0.12664057589473565 -0.15728736702383614 0.51018128873843605 -0.22178564714810264 -0.026829731495780038 0.010356607083884981 -0.084805488344023558
leaf_weight=5394 3706 357 92 286 160 449 544 1034 93 1570 515 260 77 238 769 87 412 3083 1100 115 512 88 11718 1754 732 64 56 1347 104 3657
leaf_count=5394 3706 357 92 286 160 449 544 1034 93 1570 515 260 77 238 769 87 412 3083 1100 115 512 88 11718 1754 732 64 56 1347 104 3657
internal_value=6.50171e-05 -0.000308288 -0.00141665 -0.00104743 0.00450593 3.2404e-05 -9.54012e-05 5.34002e-05 0.00151886 -0.00034513 2.10765e-05 0.00182704 0.000900924 -0.00110254 0.00350649 0.00116447 -0.00117 -0.000634021 0.00183684 0.00307714 0.00365138 0.00229742 0.000409091 0.00117919 1.1903e-05 -0.0016861 0.00364625 -0.00202644 -0.00612245 -0.0014034
internal_weight=40373 19364 4552 4195 252 14812 14307 13763 2942 10821 9251 2462 1947 1101 846 759 499 6789 2849 1749 1634 1122 21009 7148 13861 2143 505 2079 342 3943
internal_count=40373 19364 4552 4195 252 14812 14307 13763 2942 10821 9251 2462 1947 1101 846 759 499 6789 2849 1749 1634 1122 21009 7148 13861 2143 505 2079 342 3943
is_linear=0
shrinkage=0.03


Tree=258
num_leaves=31
num_cat=0
split_feature=5 28 38 39 14 1 5 27 13 14 4 1 13 15 8 4 13 35 14 28 15 15 13 13 4 28 16 39 34 15
split_gain=5.54285 5.74388 11.1953 5.70813 8.86947 8.58072 8.4579 12.0829 8.4375 8.27325 7.56137 8.47175 14.9597 11.8155 10.8417 10.3668 7.71273 9.11636 7.3144 11.0927 7.41895 7.22781 7.73218 7.21831 7.20375 6.93295 6.90093 6.64512 6.5164 6.64106
threshold=76137.500000000015 42444.937500000007 71.155000000000001 -24.638749999999998 103.04000000000001 5.5000000000000009 58306.250000000007 42040.416666666679 378.59000000000009 97.020000000000024 287.50000000000006 1.0000000180025095e-35 -40.169999999999995 87.503750000000011 0.50625000000000009 88.500000000000014 49.975000000000009 23.684999999999992 94.620000000000019 38625.548437500009 30.175000000000001 75.107291666666683 51.646250000000002 65.580000000000013 70.500000000000014 43653.812500000007 14622.300843884836 -123.83499999999997 86.015000000000015 50.554270833333341
decision_type=2 10 10 8 8 2 2 10 10 10 2 2 10 10 2 2 10 10 10 10 10 10 10 10 2 10 10 10 10 10
left_child=3 -2 -3 6 -5 8 9 -8 -6 18 11 12 -11 -14 15 -13 17 -12 28 -20 -21 -9 26 -18 25 -7 -23 -15 29 -1
right_child=1 2 -4 4 5 24 7 21 -10 10 16 14 13 27 -16 -17 23 -19 19 20 -22 22 -24 -25 -26 -27 -28 -29 -30 -31
leaf_value=-0.0014372280731911147 0.81493851654039184 0.080974519027746078 -0.32511601350918617 0.011336610500149526 -0.028641073677928688 0.48746437496259437 0.31285573013766765 0.091396189526241178 0.4985996801427211 -0.41691821268663909 -0.00086828172939249263 -0.034676300500844942 0.26965806030702799 0.72335222227679785 -0.0056590354911193281 0.096435269538568777 -0.17622289225035587 0.60160895176608065 0.081004854019912503 0.010610013692303615 -0.33920721266872672 -0.031165780794936211 0.052536243993487941 -0.061341022708785428 0.002665944115815506 0.045412091804224418 -0.3410389594012232 0.020165727159748813 0.015214240504554262 -0.074982059131588411
leaf_weight=2188 92 519 98 3912 11714 100 470 593 255 98 959 902 456 169 5794 2843 263 84 139 68 225 763 816 860 1209 313 86 688 2083 1619
leaf_count=2188 92 519 98 3912 11714 100 470 593 255 98 959 902 456 169 5794 2843 263 84 139 68 225 763 816 860 1209 313 86 688 2083 1619
internal_value=9.80708e-05 0.00272535 0.00167476 5.10461e-05 -0.000353919 -0.00071623 0.000370821 0.00193477 -0.000993734 0.000151242 0.000580926 0.000901288 0.00307011 0.00391553 0.000580189 0.00183796 -0.0010383 0.000818966 -0.000740155 -0.00450346 -0.00780612 0.00102258 9.0036e-06 -0.00276246 0.00133087 0.00474638 -0.00199412 0.00183566 -0.000463419 -0.00120142
internal_weight=40378 709 617 39669 17503 13591 22166 2728 11969 19438 13116 10950 1411 1313 9539 3745 2166 1043 6322 432 293 2258 1665 1123 1622 413 849 857 5890 3807
internal_count=40378 709 617 39669 17503 13591 22166 2728 11969 19438 13116 10950 1411 1313 9539 3745 2166 1043 6322 432 293 2258 1665 1123 1622 413 849 857 5890 3807
is_linear=0
shrinkage=0.03


Tree=259
num_leaves=31
num_cat=0
split_feature=5 37 14 28 9 5 0 41 16 28 6 27 40 12 4 14 4 13 27 4 13 15 15 37 11 4 40 11 33 26
split_gain=6.68133 7.96344 6.44174 6.40896 6.15054 5.28016 5.12093 6.01845 5.74401 5.57056 8.77956 6.77965 6.37562 8.14518 6.36909 6.41447 6.36127 10.3863 12.6492 6.12053 5.99705 6.69084 6.16953 5.98281 5.64489 5.35642 5.25088 5.21435 4.97111 4.96441
threshold=39206.250000000007 -1.3562500000000079 97.020000000000024 22538.562500000004 40.645000000000003 44801.437500000007 22.500000000000004 15669.200741612358 101.4483514853366 31164.625000000004 11.663656387665201 32803.770833333343 10.51 458.07729166666678 272.50000000000006 469.85000000000008 160.50000000000003 225.04500000000004 29638.625000000004 180.50000000000003 179.78500000000005 72.598541666666677 194.71916666666669 6.5400000000000036 255.00500000000002 128.50000000000003 8.1799999999999944 250.00500000000002 40.045000000000009 29280.000000000004
decision_type=2 10 10 8 10 2 2 10 8 10 2 10 10 10 2 10 2 10 10 2 10 10 10 10 8 2 10 10 10 8
left_child=1 2 4 5 -1 -2 7 8 -5 10 27 14 13 28 16 -16 20 18 -18 -19 21 -12 -23 -20 -14 -22 -9 -10 -11 -30
right_child=3 -3 -4 6 -6 -7 -8 26 9 12 11 -13 24 -15 15 -17 17 19 23 -21 25 22 -24 -25 -26 -27 -28 -29 29 -31
leaf_value=-0.0038577840871252753 -0.047361758949621163 -0.057326374110710746 0.032550035747808792 0.058359078641488212 -0.19367159589432653 2.921905766026403 -0.037476662008291653 0.14328062962676852 0.10475816554779591 0.046172704979131271 -0.16353335320207965 0.1904838108670848 -0.10910616084320253 -0.7080518840809068 -0.050912322530111562 -1.3578265432560912 0.37932465317510916 -0.47478344174975518 0.076969930822151006 0.11232941254346655 -0.037991478110416206 0.15005767874308198 -0.029651787046321799 -0.2594546465959236 0.086839299579705195 -0.52898351485140593 -0.18669576793832107 0.58014366190493971 -0.081629874056761392 0.0031041526533232399
leaf_weight=1032 45 2940 2051 348 319 74 1660 431 593 419 95 152 1271 60 537 77 413 94 206 874 147 222 312 56 323 74 55 236 402 24995
leaf_count=1032 45 2940 2051 348 319 74 1660 431 593 419 95 152 1271 60 537 77 413 94 206 874 147 222 312 56 323 74 55 236 402 24995
internal_value=3.8135e-05 -0.000856062 0.000132236 0.000204114 -0.00147559 0.007125 0.00017972 0.00026302 0.000212493 0.000170157 0.00120323 0.000501534 1.63809e-05 0.000129845 0.000197876 -0.00253659 0.000872093 0.00196168 0.00481509 -3.09598e-05 -0.00123384 0.000261905 0.00157009 -0.000342205 -0.00182445 -0.00547297 0.0035729 0.00395783 0.000155711 0.000102173
internal_weight=40513 6342 3402 34171 1351 119 34052 32392 31906 31558 4088 3259 27470 25876 3107 614 2493 1643 675 968 850 629 534 262 1594 221 486 829 25816 25397
internal_count=40513 6342 3402 34171 1351 119 34052 32392 31906 31558 4088 3259 27470 25876 3107 614 2493 1643 675 968 850 629 534 262 1594 221 486 829 25816 25397
is_linear=0
shrinkage=0.03


Tree=260
num_leaves=31
num_cat=0
split_feature=21 26 23 12 25 6 4 8 23 6 28 7 10 5 16 28 25 40 26 5 28 39 32 15 4 25 6 25 26 4
split_gain=4.7285 6.58675 8.40123 7.91787 6.80456 7.06851 5.50121 5.47904 8.28355 6.48662 5.5469 5.45051 5.1821 6.96374 4.25604 4.43445 5.82101 5.71263 6.23796 5.25403 7.01801 8.26006 7.71183 7.38297 7.37043 7.28388 7.91549 6.9469 6.83227 6.74314
threshold=1.0000000180025095e-35 42748.256250000006 3.5000000000000004 18.972500000000004 21.927291666666672 20.4046255506608 2.5000000000000004 654.24375000000009 3.5000000000000004 30.328193832599123 40123.750000000007 4.7343750000000027 85.702500000000015 43263.000000000007 101.4483514853366 28188.687500000004 458.07729166666678 3.3725000000000169 51776.091250000005 56656.250000000007 45350.062500000007 -20.157499999999995 180.56750000000002 155.70000000000002 42.500000000000007 282.46229166666677 7.150660792951542 271.96020833333336 42671.017500000009 34.500000000000007
decision_type=2 10 2 10 10 2 2 2 2 2 10 2 8 2 8 10 8 8 10 2 10 10 10 10 2 10 2 10 10 2
left_child=6 2 4 -4 -2 -6 -1 9 -9 14 -10 -7 -5 -14 -8 -16 17 19 -19 27 21 -21 23 24 -23 28 -27 -17 -24 -22
right_child=1 -3 3 12 5 11 7 8 10 -11 -12 -13 13 -15 15 16 -18 18 -20 20 29 22 25 -25 -26 26 -28 -29 -30 -31
leaf_value=-0.19100127470562853 0.34273213912312894 0.18583247490986338 -0.057271950080397115 0.1666898370344965 -0.12824631815207507 0.18233851438158086 0.075584910934215516 -0.0045844552619688384 -0.32537035365359585 0.25529418147852029 0.013172222697870595 -0.15319667279993154 -0.12611299375878018 0.2231390053194974 0.068672789442678808 -0.0022375076613099765 -0.26705148525975914 -0.021081326242678528 -0.30221981660538033 0.09679989954345132 0.015330949997920413 0.14105317106241044 0.066757490924402418 -0.10337610986732997 -0.0015693257328065612 0.16885958426394324 -0.47017081926932547 -0.34282417795315834 0.45826017701997274 -0.036564229387863204
leaf_weight=117 41 127 109 202 404 93 359 1244 425 309 120 55 70 118 3091 20146 117 4893 83 1543 2139 197 277 576 1058 159 56 235 239 2023
leaf_count=117 41 127 109 202 404 93 359 1244 425 309 120 55 70 118 3091 20146 117 4893 83 1543 2139 197 277 576 1058 159 56 235 239 2023
internal_value=4.1722e-05 0.00188115 0.00112534 0.00399 -0.00128788 -0.00216998 -1.52257e-05 4.19954e-06 -0.00161732 8.15978e-05 -0.0046978 0.00342282 0.00598465 0.00238095 4.55743e-05 1.38463e-05 -8.57981e-05 -6.24535e-05 -0.0010006 0.000100527 0.000738389 0.00161836 0.000573547 -0.000466703 0.000824045 0.00317623 -0.00145833 -0.000158228 0.00510638 -0.000129714
internal_weight=40625 1219 1092 499 593 552 39406 39289 1789 37500 545 148 390 188 37191 36832 33741 33624 4976 28648 8267 4105 2562 1831 1255 731 215 20381 516 4162
internal_count=40625 1219 1092 499 593 552 39406 39289 1789 37500 545 148 390 188 37191 36832 33741 33624 4976 28648 8267 4105 2562 1831 1255 731 215 20381 516 4162
is_linear=0
shrinkage=0.03


Tree=261
num_leaves=31
num_cat=0
split_feature=21 14 13 14 4 26 5 15 15 8 6 39 5 27 27 6 38 11 14 4 15 34 26 25 11 14 13 13 40 4
split_gain=5.33747 6.67349 7.44612 7.89235 5.77051 5.5653 4.86849 5.50974 4.84466 4.77847 6.77852 5.50114 6.47767 10.0674 6.6354 7.99065 8.0843 7.83939 7.15753 6.5371 7.79626 6.35727 7.03297 7.70587 6.62939 5.89045 7.08547 7.14466 5.79223 11.5764
threshold=1.0000000180025095e-35 44.935000000000009 82.633750000000006 181.84500000000003 2.5000000000000004 41111.750000000007 43263.000000000007 93.899322916666691 72.386250000000004 615.43750000000011 30.328193832599123 -9.949999999999994 57956.250000000007 43792.729166666679 36652.104166666672 8.6773127753303996 -4.5350000000000028 149.28625000000002 269.8300000000001 18.500000000000004 74.05125000000001 25.220000000000002 37855.500000000007 13.500208333333335 74.260000000000005 117.40500000000002 -0.96874999999999989 -13.984999999999998 -46.034999999999989 258.50000000000006
decision_type=2 10 10 10 2 10 2 8 10 2 2 8 2 10 10 2 10 10 10 2 10 10 10 10 10 10 10 10 10 2
left_child=4 -2 3 5 -1 6 -3 8 -8 10 11 12 14 -14 15 17 -17 -6 21 20 -15 24 23 -23 -16 26 27 -18 -24 -30
right_child=1 2 -4 -5 9 -7 7 -9 -10 -11 -12 -13 13 19 18 16 25 -19 -20 -21 -22 22 28 -25 -26 -27 -28 -29 29 -31
leaf_value=-0.17539707895588341 -0.21531865343817283 -0.017429731730397226 -0.093273059482909842 0.8862209973395645 0.22325035126331036 0.19258378325519085 0.065343785524263898 -0.012335286321821605 0.20716267432819968 -0.026803318693688828 0.2205159411399763 -0.0096976818699704374 0.11428589012142958 0.24313292797696093 0.0419185335159638 0.065025526881930168 -0.048707191384155094 -0.032184253663361917 0.30521624551912424 -0.0061195293615073608 0.027691908782841279 0.098621943088835762 0.015835593611529135 -0.074089121863723434 -0.17832938888187427 0.027229017560457293 -0.078253889678035427 0.083213997574398957 0.001006138583731513 -0.085282255095016302
leaf_weight=116 87 311 207 64 338 178 163 120 93 2384 276 10687 1360 113 462 2194 261 145 189 2568 400 68 3641 1518 67 3617 1194 274 5121 2318
leaf_count=116 87 311 207 64 338 178 163 120 93 2384 276 10687 1360 113 462 2194 261 145 189 2568 400 68 3641 1518 67 3617 1194 274 5121 2318
internal_value=4.66264e-05 0.00199755 0.00261214 0.00375806 -1.41178e-05 0.00299654 0.00176599 0.00405836 0.00653696 5.74038e-06 9.00522e-05 5.46037e-05 0.000291307 0.00133386 7.4972e-05 0.000757104 0.000517173 0.0044938 -0.000333956 0.000384491 0.00347276 -0.000417172 -0.000551828 -0.00241966 0.00280189 -0.000112212 -0.00155202 0.0013153 -0.00028427 -0.000764113
internal_weight=40534 1223 1136 929 39311 865 687 376 256 39195 36811 36535 25848 4441 21407 8023 7540 483 13384 3081 513 13195 12666 1586 529 5346 1729 535 11080 7439
internal_count=40534 1223 1136 929 39311 865 687 376 256 39195 36811 36535 25848 4441 21407 8023 7540 483 13384 3081 513 13195 12666 1586 529 5346 1729 535 11080 7439
is_linear=0
shrinkage=0.03


Tree=262
num_leaves=31
num_cat=0
split_feature=24 12 41 26 40 32 4 13 11 12 4 24 4 4 14 4 26 7 4 4 6 39 29 39 4 4 13 13 11 6
split_gain=5.72773 11.5382 11.7916 16.032 8.45613 7.34487 6.9682 6.87175 10.278 8.63768 10.3709 7.64481 11.0565 7.61409 6.86958 7.46904 6.84892 6.7919 9.79003 7.53384 7.03319 8.18707 6.24724 6.39485 6.21235 6.17541 5.69195 7.13559 8.55167 6.11947
threshold=75.00500000000001 58.415416666666665 7047.120398769749 42487.500000000007 -96.674999999999983 147.62500000000003 2.5000000000000004 39.305000000000007 205.78000000000003 86.810208333333335 14.500000000000002 95.208750000000009 180.50000000000003 353.50000000000006 103.37250000000002 82.500000000000014 27849.500000000004 5.0989583333333348 323.50000000000006 357.50000000000006 3.1949339207048464 -5.7487500000000002 524.45375000000001 -79.343749999999986 291.50000000000006 10.500000000000002 45.395000000000003 82.09875000000001 60.265000000000008 13.641189427312776
decision_type=10 10 10 8 8 10 2 10 10 10 2 10 2 2 10 2 10 2 2 2 2 10 10 8 2 2 10 10 10 2
left_child=5 2 3 -2 -3 -1 -6 8 13 10 -9 12 -11 -8 15 -12 -14 18 22 20 -19 26 23 -13 -7 -25 -22 -28 -29 -30
right_child=1 4 -4 -5 6 24 7 9 -10 11 14 17 16 -15 -16 -17 -18 19 -20 -21 21 -23 -24 25 -26 -27 27 28 29 -31
leaf_value=0.0073723567746344877 -0.053375781208927151 0.49525216764004992 0.12930381635627511 -0.23672959518538972 -0.52150801964140447 0.69525732273038776 0.028203335907213755 0.13055868221001246 0.4234718856972236 0.11689495798411428 -0.14268520365610718 0.36506887931253174 0.44244467825416006 -0.19129794021412039 -0.12156753168221357 0.016184932081966679 -0.0067995602754466937 0.066233421673790649 0.14099805089219075 -0.64710701466886689 -0.39540614031437726 -0.10660019270248057 0.69002089307229542 0.22228846343137659 -0.30833623104642044 -0.017710601784686305 0.062477783533004184 -0.33092760582207803 0.0153349686257377 -0.093472466699240045
leaf_weight=16312 1571 293 227 562 74 133 3449 87 216 683 176 308 48 68 846 540 1216 656 778 125 42 2439 165 61 40 5182 1209 82 1535 1325
leaf_count=16312 1571 293 227 562 74 133 3449 87 216 683 176 308 48 68 846 540 1216 656 778 125 42 2439 165 61 40 5182 1209 82 1535 1325
internal_value=7.63925e-05 -0.000219705 -0.00221093 -0.002903 -2.08295e-06 0.000506794 -7.17939e-05 -3.95536e-05 0.00112882 -0.000288791 -0.00235455 -7.37938e-05 0.00168634 0.000737635 -0.00291747 -0.000753138 2.37154e-05 -0.000320319 0.000387991 -0.000940788 -0.000814927 -0.0011081 -4.19801e-05 -0.000213437 0.00663793 -0.000460526 -0.000304006 -0.000191474 -0.000988787 -0.000713037
internal_weight=40448 23963 2360 2133 21603 16485 21310 21236 3733 17503 1649 15854 1947 3517 1562 716 1264 13907 6494 7413 7288 6632 5716 5551 173 5243 4193 4151 2942 2860
internal_count=40448 23963 2360 2133 21603 16485 21310 21236 3733 17503 1649 15854 1947 3517 1562 716 1264 13907 6494 7413 7288 6632 5716 5551 173 5243 4193 4151 2942 2860
is_linear=0
shrinkage=0.03


Tree=263
num_leaves=31
num_cat=0
split_feature=41 13 27 14 12 14 12 14 34 14 41 27 14 7 15 15 14 7 27 14 30 15 35 4 16 4 7 40 26 23
split_gain=4.59492 6.29579 4.84538 5.71813 10.5924 8.89597 6.97071 7.2524 6.97826 6.91252 6.44382 7.83368 5.79751 5.7629 5.51071 5.21042 5.90195 5.69674 5.01037 8.9346 4.90706 4.87046 4.82555 4.77497 6.18119 6.06622 6.74548 8.81562 6.41806 6.23974
threshold=17133.706979634469 107.67500000000003 46847.227031250011 81.006250000000009 69.39104166666668 99.290000000000006 84.866770833333348 190.14875000000004 126.38500000000001 112.89750000000002 -7075.133459498963 51807.587500000001 124.77875000000002 2.6649305555555562 65.121250000000018 83.559322916666687 65.27500000000002 5.7656250000000018 47624.250000000007 90.00500000000001 106.21875000000001 82.077708333333348 5.1474999999999911 348.50000000000006 12073.364221112093 312.50000000000006 4.5364583333333348 -21.592500000000005 44277.74500000001 6.5000000000000009
decision_type=10 10 10 10 10 10 10 10 10 10 8 10 10 2 10 8 10 2 10 10 10 10 10 2 8 2 2 10 10 2
left_child=2 -2 23 15 10 -6 9 8 -8 21 -5 18 -10 -9 -14 16 -4 -18 19 -12 -15 -7 -23 25 -25 -1 29 -28 -29 -27
right_child=1 -3 3 4 5 6 7 13 12 -11 11 -13 14 20 -16 -17 17 -19 -20 -21 -22 22 -24 24 -26 26 27 28 -30 -31
leaf_value=0.0026534111390672521 0.19222530970367344 -0.10914076790799952 -0.0025950215887312568 0.019751130430602008 0.087179931208366243 0.025654200295287807 -0.014543148829308307 0.12333024664766071 0.18947950654063891 -0.16770680028714033 0.15646480346855113 0.07555780922852498 0.20413361477424585 0.078852559023373486 0.028448039873197925 -0.029625999736541359 -0.020544672528867665 0.071572182073326579 -0.2035770073137407 -0.15313526393284513 -0.10559993421866451 -0.059096703242573337 -0.32739344727742831 0.23757109263363232 -0.099616910787322585 0.12709298983563969 0.090903742142887892 -0.0054883979056731388 -0.20479175490147034 0.2700412303801174
leaf_weight=31414 282 95 295 131 213 253 933 69 91 256 67 90 81 54 693 130 76 274 404 101 732 155 60 40 933 519 700 1058 84 131
leaf_count=31414 282 95 295 131 213 253 933 69 91 256 67 90 81 54 693 130 76 274 404 101 732 155 60 40 933 519 700 1058 84 131
internal_value=8.09106e-05 0.00337302 4.98277e-05 -0.000808296 -0.00122833 -0.00053467 -0.000910302 -0.000197815 0.000883824 -0.00351724 -0.00436398 -0.00556561 0.00282333 -0.00247079 0.00197419 0.00156572 0.00267028 0.00529915 -0.00685864 -0.00248521 -0.00320203 -0.00134328 -0.00465278 0.000176749 -0.00189425 0.000236234 0.00166065 0.000732501 -0.000892388 0.00428571
internal_weight=40414 377 40037 5158 4383 3590 3377 2653 1798 724 793 662 865 855 774 775 645 350 572 168 786 468 215 34879 973 33906 2492 1842 1142 650
internal_count=40414 377 40037 5158 4383 3590 3377 2653 1798 724 793 662 865 855 774 775 645 350 572 168 786 468 215 34879 973 33906 2492 1842 1142 650
is_linear=0
shrinkage=0.03


Tree=264
num_leaves=31
num_cat=0
split_feature=40 5 34 11 41 9 31 15 15 29 26 28 8 6 15 10 11 13 5 11 13 25 4 25 13 11 15 1 40 35
split_gain=5.35829 5.82813 5.15958 11.1442 6.1797 8.39828 6.99612 5.18072 5.10363 5.86962 4.96575 6.36186 4.74539 5.93245 4.76126 10.293 7.28247 8.0882 7.14769 6.7103 6.46502 6.62348 6.23421 5.0861 7.61955 10.1496 6.85024 6.22202 5.01805 4.96862
threshold=-46.837499999999991 76137.500000000015 344.75000000000006 200.00500000000002 -4274.7218752133585 55.003750000000004 -0.057499999999999989 102.21046875000002 272.38666666666671 239.09000000000003 37479.872500000005 43430.250000000007 760.20625000000007 32.257709251101325 167.20895833333336 202.95750000000004 195.14000000000001 52.750000000000007 39500.687500000007 195.14000000000001 281.36500000000007 331.09791666666672 357.50000000000006 201.39890625000001 148.29500000000004 116.10625 165.49833333333336 1.5000000000000002 -3.1887499999999984 182.39000000000004
decision_type=8 2 10 10 8 10 10 10 10 8 8 10 2 2 8 8 10 10 2 10 10 10 2 10 10 10 10 2 10 10
left_child=2 12 3 4 5 10 -6 -7 9 -3 11 -1 13 14 19 16 -16 -18 20 23 -17 -22 -19 24 26 -26 -2 -25 -23 -20
right_child=1 8 -4 -5 6 7 -8 -9 -10 -11 -12 -13 -14 -15 15 18 17 22 29 -21 21 28 -24 27 25 -27 -28 -29 -30 -31
leaf_value=0.0071520799777764913 -0.00058270078610703983 0.063642094761750062 -0.49008590831470739 0.51637111138328984 -0.21794624485245909 -0.20013114742008081 0.0041951745710018251 0.16612705017392698 0.82117649625292644 -0.28579382237862505 0.04632219460731149 -0.10426918239917463 -0.055211480307119983 0.2867915172309749 -0.13541231043494392 -0.50415345291375924 0.20307463347168181 -0.060285162957076179 0.030924472875263405 0.21196346255246112 0.78038794343076801 0.044516811132284034 -0.78352003115871993 0.064861713326002643 0.76060205373389778 0.051520245545290208 0.21893619124356362 -0.24592031065496286 -0.82026872572362264 -0.2657207966783528
leaf_weight=642 23897 550 142 396 148 270 4158 76 87 82 1701 41 581 195 972 252 179 839 3723 348 71 115 60 78 111 225 87 107 97 227
leaf_count=642 23897 550 142 396 148 270 4158 76 87 82 1701 41 581 195 972 252 179 839 3723 348 71 115 60 78 111 225 87 107 97 227
internal_value=0.000100475 -6.52293e-05 0.000819802 0.000928293 0.000652267 0.00176858 -5.57232e-05 -0.00259366 0.00260417 0.00165877 0.00240252 0.000241228 -0.000124981 -7.55129e-05 -0.000108 -0.000828488 -0.00258898 -0.000889713 -2.34062e-05 8.14758e-05 -0.00327425 -0.000158451 -0.00205 2.26475e-05 6.04416e-05 0.00454006 -2.50156e-06 -0.00491935 -0.0028169 0.000417616
internal_weight=40457 32883 7574 7432 7036 2730 4306 346 719 632 2384 683 32164 31583 31388 6535 2050 1078 4485 24853 535 283 899 24505 24320 336 23984 185 212 3950
internal_count=40457 32883 7574 7432 7036 2730 4306 346 719 632 2384 683 32164 31583 31388 6535 2050 1078 4485 24853 535 283 899 24505 24320 336 23984 185 212 3950
is_linear=0
shrinkage=0.03


Tree=265
num_leaves=31
num_cat=0
split_feature=8 4 35 0 1 0 17 29 40 12 25 33 1 15 16 39 4 25 1 12 8 28 26 5 28 14 4 14 0 1
split_gain=5.24508 7.14387 5.48076 4.83485 5.98438 5.68757 10.2259 7.28237 7.14302 7.39343 9.29999 6.89014 6.58767 8.14541 8.06232 8.13091 6.52645 5.84442 5.79404 7.31723 6.73319 6.06109 5.81314 5.54154 7.76144 5.44763 6.72126 5.29437 5.28698 6.36056
threshold=529.36250000000007 245.50000000000003 182.39000000000004 22.500000000000004 1.5000000000000002 11.500000000000002 827.62016500000004 4.8012500000000005 1.8099999999999812 54.161250000000003 49.953125000000007 40.045000000000009 1.5000000000000002 61.333333333333336 815.28659757885919 -58.029999999999987 4.5000000000000009 51.722291666666671 5.5000000000000009 242.03625000000002 375.26875000000007 35669.500000000007 23889.000000000004 46201.687500000007 39420.500000000007 126.41625000000001 162.50000000000003 79.665000000000006 2.5000000000000004 4.5000000000000009
decision_type=2 2 10 2 2 2 10 10 8 10 10 10 2 8 8 10 2 10 2 10 2 10 10 2 10 10 2 10 2 2
left_child=2 -2 3 5 -5 6 8 -7 9 10 -1 -12 13 -11 -15 -16 -14 -13 22 20 21 -20 -9 25 -25 26 -24 -18 29 -29
right_child=1 -3 -4 4 -6 7 -8 18 -10 12 11 17 16 14 15 -17 27 -19 19 -21 -22 -23 23 24 -26 -27 -28 28 -30 -31
leaf_value=0.0060505927680534555 -0.010970957357003399 -0.17254479502354883 -0.32693349829564139 -0.10644547655418364 -0.0076804116045866878 0.061128226479609471 -0.05999726212718258 0.38312413487989117 -0.029004651337058929 0.15941853337906883 0.12060443906269255 -0.46173643065680176 -0.27739085239326039 -0.15690969324329315 0.3211183699821008 0.018030490352826688 0.062110217819416176 -0.068554844475603505 0.19687401862109694 0.728035864377228 -0.073982429522994136 0.030090050850519957 -0.040472708516383661 0.067513113704671918 -0.0005872164833059301 -0.092341713074248294 0.050588157090820825 0.0079910553428964443 -0.0036295242775332068 0.10968097096568946
leaf_weight=2672 3762 314 198 468 1180 394 2125 163 3495 290 47 146 60 87 468 1736 199 1115 343 136 305 1252 810 3199 5828 1236 1089 1370 5432 745
leaf_count=2672 3762 314 198 468 1180 394 2125 163 3495 290 47 146 60 87 468 1736 199 1115 343 136 305 1252 810 3199 5828 1236 1089 1370 5432 745
internal_value=2.72962e-05 -0.000993377 0.000141026 0.000168173 -0.00141904 0.000243502 -8.63018e-05 0.000690228 0.000147792 0.000443694 -0.000655614 -0.00272727 0.00086494 0.00217854 0.00157723 0.00193197 0.000430383 -0.00314976 0.000579655 0.00206186 0.00157812 0.00235902 0.000334658 0.000258982 0.000636354 -0.000827487 0.000181579 0.000507293 0.000379571 0.0016517
internal_weight=40664 4076 36588 36390 1648 34742 19987 14755 17862 14367 3980 1308 10387 2581 2291 2204 7806 1261 14361 2036 1900 1595 12325 12162 9027 3135 1899 7746 7547 2115
internal_count=40664 4076 36588 36390 1648 34742 19987 14755 17862 14367 3980 1308 10387 2581 2291 2204 7806 1261 14361 2036 1900 1595 12325 12162 9027 3135 1899 7746 7547 2115
is_linear=0
shrinkage=0.03


Tree=266
num_leaves=31
num_cat=0
split_feature=5 40 28 5 25 39 27 28 28 28 6 4 4 34 2 14 28 14 13 13 25 34 10 34 7 27 28 2 4 25
split_gain=5.91131 5.94527 5.20147 11.6057 8.90629 6.79831 5.21399 10.8422 8.53443 8.26855 6.62698 6.5432 7.14394 8.81299 5.65833 5.59192 5.13613 15.6553 7.49104 7.89525 6.55 8.38369 6.17443 6.09994 6.00359 5.08841 5.07886 5.07778 14.7864 9.65854
threshold=76137.500000000015 -3.4799999999999929 30825.875000000004 51956.250000000007 458.07729166666678 3.100000000000009 33594.124322916679 35091.328906250004 33777.187500000007 33362.750000000007 8.1900881057268737 271.50000000000006 148.50000000000003 69.075000000000003 3.5000000000000004 116.20000000000002 34184.625000000007 74.815000000000012 78.285000000000011 9.8662500000000026 47.685468750000005 138.50500000000002 84.215000000000018 8.0450000000000017 5.571180555555558 34457.854166666679 34581.137031250008 8.5000000000000018 223.50000000000003 443.54708333333343
decision_type=2 10 10 2 8 8 10 10 10 10 2 2 2 10 2 10 10 10 10 10 10 10 10 10 2 10 10 2 2 10
left_child=2 -2 3 27 5 6 7 8 9 -4 -10 12 13 -12 -9 -11 17 23 19 20 -19 24 -21 -8 -22 -20 -18 28 -1 -29
right_child=1 -3 4 -5 -6 -7 16 14 10 15 11 -13 -14 -15 -16 -17 26 18 25 22 21 -23 -24 -25 -26 -27 -28 29 -30 -31
leaf_value=0.0087465730359176062 0.17583927615165237 0.011186008427584611 -0.0091141320044334853 0.37513487260681982 -0.27802194329321933 -0.18095244893568974 -0.23024300093804925 -0.48457684995292266 0.42435181712479847 0.016994096463861803 0.15701111254231337 -0.53128577656560194 0.17442559134232055 -0.041214997855893248 -0.11588397137636779 -0.25799982224320134 -0.08842266038089093 0.29138907480175946 -0.2693281267123761 0.11240740990225369 -0.43674703860481562 0.5434828286208494 0.3135180322612045 -0.035749974873787831 0.041010758674330954 0.12501929241157242 7.3360572482030764e-05 -0.0051300718206944394 0.69754877394642878 -0.67662346564182707
leaf_weight=2920 263 476 1500 633 107 248 75 55 63 60 80 41 127 281 662 183 513 121 107 109 96 60 241 308 133 70 28991 1388 420 211
leaf_count=2920 263 476 1500 633 107 248 75 55 63 60 80 41 127 281 662 183 513 121 107 109 96 60 241 308 133 70 28991 1388 420 211
internal_value=3.92176e-05 0.00269595 -1.01749e-05 0.000839763 -0.000148545 -0.000121319 -8.50134e-05 -0.00126761 -0.000276113 -0.00133314 0.00283305 0.00172642 0.00269939 0.000538674 -0.00449164 -0.00645492 3.21168e-05 0.00186223 0.00394989 0.0052431 0.00240876 -5.17241e-05 0.00854701 -0.00324219 -0.00267391 -0.00160112 -4.98221e-05 0.00034919 0.00101467 -0.00104063
internal_weight=40542 739 39803 5572 34231 34124 33876 3052 2335 1743 592 529 488 361 717 243 30824 1320 937 760 410 289 350 383 229 177 29504 4939 3340 1599
internal_count=40542 739 39803 5572 34231 34124 33876 3052 2335 1743 592 529 488 361 717 243 30824 1320 937 760 410 289 350 383 229 177 29504 4939 3340 1599
is_linear=0
shrinkage=0.03


Tree=267
num_leaves=31
num_cat=0
split_feature=40 13 13 13 25 1 33 7 13 12 28 33 25 5 37 5 4 35 6 6 8 4 12 5 41 5 16 40 10 11
split_gain=5.72424 5.72155 5.8915 7.09847 7.52407 9.51657 5.60097 5.33858 6.94886 6.81857 5.39008 5.39816 5.70965 5.31781 4.79346 4.38387 4.73317 4.47023 5.97777 4.29108 4.32307 7.13291 8.16918 7.57359 5.85986 6.50861 7.41101 6.3452 5.74302 6.47963
threshold=2.6800000000000037 1.0150000000000003 293.64000000000004 304.53000000000003 311.9752083333334 3.5000000000000004 173.25750000000002 4.6545138888888902 250.07500000000002 302.37062500000008 50268.526093750006 88.365000000000023 59.960364583333337 44801.437500000007 -0.020000000000001791 76137.500000000015 327.50000000000006 -7.3025000000000047 3.9722466960352425 33.836563876651994 259.76250000000005 245.50000000000003 64.113541666666677 51689.000000000007 -4855.0852778399594 45303.500000000007 6037.4786780114719 -1.7400000000000053 49.865000000000002 68.035000000000011
decision_type=8 8 10 10 10 2 10 2 8 10 10 10 8 2 10 2 2 10 2 2 2 2 10 2 10 2 8 10 10 8
left_child=15 6 7 -4 -5 13 -2 8 9 14 11 12 -9 -6 -3 19 17 -17 -19 20 28 24 -23 -24 25 26 -22 -28 29 -1
right_child=1 2 3 4 5 -7 -8 10 -10 -11 -12 -13 -14 -15 -16 16 -18 18 -20 -21 21 22 23 -25 -26 -27 27 -29 -30 -31
leaf_value=0.0039536277444149805 0.0081222378121832434 0.058055312049942812 0.50429125921485984 0.85003007548953113 -0.47495067417771708 -0.57938880731079168 0.36076229172121199 0.069138121062087304 -0.33089242091826576 0.7053404969302437 -0.23105302783837664 -0.093850690350122362 -0.013840849280231281 0.65580599763836456 -0.021915381268282203 -0.11877528178593905 1.4183113636159879 0.11414355443435013 -0.027699597155889249 0.33779180619607868 0.012183133568274628 0.024519743141953397 -0.20875187732508474 0.026116391815413208 -0.051806939643632179 0.021603360693260069 -0.12570564381366531 0.032363848032946584 0.012616645112089771 -0.050535074774776235
leaf_weight=3468 982 535 147 49 64 241 103 148 157 70 94 2969 231 198 1685 79 46 256 83 121 810 429 860 248 1354 3387 900 322 18483 1921
leaf_count=3468 982 535 147 49 64 241 103 148 157 70 94 2969 231 198 1685 79 46 256 83 121 810 429 860 248 1354 3387 900 322 18483 1921
internal_value=3.18983e-05 -0.000705629 -0.00103809 0.00156429 0 -0.00110119 0.00131215 -0.0013472 -0.000275735 0.000144042 -0.00210863 -0.00190803 0.00146053 0.00285171 -0.000148582 0.00020462 0.00309677 0.00207637 0.00357353 0.000162983 0.00014169 -0.0004476 -0.00229194 -0.00365194 -2.87865e-05 0.000412362 -0.000929661 -0.00240392 0.000346835 -0.000514842
internal_weight=40440 7673 6588 699 552 503 1085 5889 2447 2290 3442 3348 379 262 2220 32767 464 418 339 32303 32182 8310 1537 1108 6773 5419 2032 1222 23872 5389
internal_count=40440 7673 6588 699 552 503 1085 5889 2447 2290 3442 3348 379 262 2220 32767 464 418 339 32303 32182 8310 1537 1108 6773 5419 2032 1222 23872 5389
is_linear=0
shrinkage=0.03


Tree=268
num_leaves=31
num_cat=0
split_feature=7 8 28 39 33 5 28 4 25 16 6 0 27 28 7 11 14 25 4 37 15 9 5 28 28 40 28 27 24 36
split_gain=4.78706 6.25418 6.20999 5.81454 7.39215 6.64097 10.3196 7.04628 7.92095 11.2961 7.011 6.90452 7.18167 6.31604 6.21255 5.90787 5.81389 5.72417 5.7144 5.56712 5.48746 5.59937 5.48406 6.3066 5.71895 5.48095 5.39278 5.70061 8.21557 5.31309
threshold=3.355902777777779 718.48750000000007 55370.35796875001 -10.469999999999994 650.50000000000011 61853.125000000007 44506.312500000007 50.500000000000007 46.149062500000007 15061.589159722398 8.9114537444933948 11.500000000000002 37560.375000000007 44204.250000000007 5.7239583333333348 0.28125000000000006 103.37250000000002 32.143125000000005 170.50000000000003 17.505000000000006 13.500208333333335 23.657500000000002 77125.000000000015 31164.625000000004 42444.937500000007 -115.63749999999997 44902.91656250001 49430.782916666678 110.00250000000001 14.875000000000002
decision_type=2 2 10 10 10 2 10 2 8 8 2 2 10 8 2 10 10 10 2 8 10 10 2 10 10 8 8 8 10 10
left_child=-1 2 3 5 16 7 -7 8 9 -2 11 12 19 29 17 -11 -5 18 20 -9 21 -12 23 -18 -24 -14 -15 -28 -29 -10
right_child=1 -3 -4 4 -6 6 -8 10 13 15 14 -13 25 26 -16 -17 22 -19 -20 -21 -22 -23 24 -25 -26 -27 27 28 -30 -31
leaf_value=0.018635005059444001 -0.39191135544105626 -0.066349778147314936 -0.36367193874780029 0.0059115744466983243 1.1328052365145596 0.12831696455635747 0.0054630948942634913 0.14492434913449487 -0.25217827723773067 -0.032549035169517876 0.0067284820442611391 0.14989871945512503 0.74336729517003008 0.10504206657600519 -0.014052089219651691 0.18764440628278958 0.019797028974423085 0.0047187301145311267 0.12817579511043389 -0.11661167788818361 0.021323434359730511 -0.20805297371420922 0.79071452651534679 -0.044305722907935913 0.01562555520268006 -0.0054022590236424859 -0.10091143287220511 0.062632276424417196 -0.20055484327899883 0.13903837799515428
leaf_weight=3989 43 756 84 2471 82 854 1639 491 435 42 128 505 45 93 8935 202 1769 7678 806 55 890 125 65 5589 237 1533 455 292 77 58
leaf_count=3989 43 756 84 2471 82 854 1639 491 435 42 128 505 45 93 8935 202 1769 7678 806 55 890 125 65 5589 237 1533 455 292 77 58
internal_value=3.22828e-05 -7.57513e-05 -1.84983e-05 8.42815e-07 -0.000603583 0.000244071 0.00171411 8.38831e-05 -0.00177562 0.00276042 0.000232871 0.00168251 0.000931765 -0.00270021 2.7474e-05 0.00526531 -0.000676569 0.00055619 0.00200769 0.00389397 0.000642483 -0.00324803 -0.00108471 -0.00124745 0.00287129 -9.49968e-05 -0.00122549 -0.002 0.00077027 -0.00543522
internal_weight=40423 36434 35678 35594 10213 25381 2493 22888 1697 287 21191 2629 2124 1410 18562 244 10131 9627 1949 546 1143 253 7660 7358 302 1578 917 824 369 493
internal_count=40423 36434 35678 35594 10213 25381 2493 22888 1697 287 21191 2629 2124 1410 18562 244 10131 9627 1949 546 1143 253 7660 7358 302 1578 917 824 369 493
is_linear=0
shrinkage=0.03


Tree=269
num_leaves=31
num_cat=0
split_feature=12 24 41 21 17 23 4 1 8 0 14 15 40 14 15 25 12 14 33 14 4 12 4 14 4 24 41 25 12 8
split_gain=4.13127 8.09209 9.07211 6.03052 9.16443 9.79614 8.59316 7.38421 13.1651 9.51121 9.25372 7.5548 7.05072 6.54278 10.9151 8.14429 7.61137 12.5268 7.90745 7.64844 7.1765 6.68735 14.3237 10.4568 12.2952 8.58772 9.90569 8.31725 11.0542 8.07119
threshold=20.943177083333335 60.467500000000008 -16065.005134674457 1.0000000180025095e-35 11097.837585000003 3.5000000000000004 144.50000000000003 1.0000000180025095e-35 1.0000000180025095e-35 1.5000000000000002 196.57500000000002 97.734375000000014 -41.922499999999992 87.465000000000018 12.43125 21.927291666666672 54.599375000000002 79.665000000000006 40.045000000000009 81.520000000000024 50.500000000000007 70.23145833333335 170.50000000000003 97.020000000000024 229.50000000000003 5.2175000000000002 -6429.3584651195806 81.049791666666678 86.810208333333335 307.38125000000008
decision_type=8 8 8 2 8 2 2 2 2 2 10 8 10 8 10 10 10 10 10 10 2 8 2 10 2 10 8 8 8 2
left_child=1 2 -1 7 6 -6 -5 8 11 -9 -10 -2 -12 14 -11 -16 18 -18 -17 -20 -19 22 25 -24 -25 26 -15 -23 -29 -30
right_child=3 -3 -4 4 5 -7 -8 9 10 13 12 -13 -14 21 15 16 17 20 19 -21 -22 27 23 24 -26 -27 -28 28 29 -31
leaf_value=-0.09540505246219487 0.018578301717231935 -0.18988403036221904 0.00064922446095437179 -0.011546220127749435 -0.076371485245350507 0.091745358882055109 0.25231271147669193 0.033677566593574966 0.032784919063508937 -0.093516807163314758 1.3588496794173182 -0.098043284737127853 0.29400715113890186 0.040535250921022122 0.16480919230473293 0.095482819932441662 0.1052714829175785 -0.060195200230180462 -0.014914864283183791 0.073904152444056265 0.024360561791594078 0.022404221935987251 -0.14067926786743307 0.1075934782163825 -0.019574359796610281 -0.11290359674635868 -0.10663951792671138 -0.081333484096352812 0.0034865943132618327 -0.059128505925777258
leaf_weight=102 993 518 2295 106 358 272 226 2687 1941 229 113 1083 528 272 217 68 356 147 1842 354 485 4168 532 960 1443 2184 171 1368 11273 3247
leaf_count=102 993 518 2295 106 358 272 226 2687 1941 229 113 1083 528 272 217 68 356 147 1842 354 485 4168 532 960 1443 2184 171 1368 11273 3247
internal_value=3.33013e-05 -0.00105453 -0.000319016 0.000117611 0.00246106 0.000332805 0.00648649 5.60526e-05 0.00117193 -0.000106393 0.00260163 -0.000606644 0.0057243 -0.000262987 0.000916464 0.00133573 0.000959115 0.0031547 0 -0.000314065 0.000616114 -0.000433272 -0.00135359 8.68529e-05 0.0009297 -0.00296233 0.000844595 -0.000177993 -0.000490906 -0.000247917
internal_weight=40538 2915 2397 37623 962 630 332 36661 4658 32003 2582 2076 641 29316 3698 3469 3252 988 2264 2196 632 25618 5562 2935 2403 2627 443 20056 15888 14520
internal_count=40538 2915 2397 37623 962 630 332 36661 4658 32003 2582 2076 641 29316 3698 3469 3252 988 2264 2196 632 25618 5562 2935 2403 2627 443 20056 15888 14520
is_linear=0
shrinkage=0.03


Tree=270
num_leaves=31
num_cat=0
split_feature=6 32 39 41 7 37 28 15 14 25 13 4 15 4 7 1 4 4 33 15 12 25 0 0 33 4 39 12 13 27
split_gain=5.61504 7.98129 7.98058 6.00108 5.51972 5.4972 5.41017 5.20767 6.66775 6.95582 5.07058 4.98184 4.6893 4.65185 5.21522 4.61301 7.08426 6.35447 7.6045 8.17814 7.43844 8.62929 6.05475 7.48713 7.01067 6.16035 5.86651 5.74829 5.45035 5.47872
threshold=5.2614537444933935 228.62500000000003 -20.157499999999995 14117.773474836873 2.9270833333333339 26.785 23250.062500000004 458.07729166666678 488.71500000000009 406.63729166666673 304.53000000000003 348.50000000000006 406.63729166666673 222.50000000000003 6.258680555555558 1.0000000180025095e-35 350.50000000000006 110.50000000000001 167.92500000000004 146.06291666666667 32.143125000000005 81.920885416666678 4.5000000000000009 19.500000000000004 199.24500000000003 130.50000000000003 -173.80999999999997 95.317083333333343 40.945 39734.708333333336
decision_type=2 8 10 8 2 8 10 10 10 10 10 2 10 2 2 2 2 2 10 8 10 10 2 2 10 2 10 10 10 10
left_child=1 2 3 -1 -4 6 12 8 10 -10 15 -6 -2 -9 -15 16 17 18 19 20 -8 28 25 24 -24 -19 -17 -20 29 -22
right_child=5 -3 4 -5 11 -7 7 13 9 -11 -12 -13 -14 14 -16 26 -18 22 27 -21 21 -23 23 -25 -26 -27 -28 -29 -30 -31
leaf_value=0.016679873769374822 -0.17328777517856706 0.19627838010787968 0.060527763940200069 0.17247512453891914 -0.0030287861212742228 -0.052545037489096842 -0.12346428426282843 -0.48389914026908043 0.78696003083265398 -0.047204835969758108 -1.1491660225712628 -0.207638846483337 1.1042154564944713 0.19713140388130512 -0.53227107570812338 -0.38347507837017025 -0.20871571048823462 0.16452840216974571 0.80473712115026463 -0.38898562444608331 0.61706538380203624 -0.12055736458325697 0.072772038017801119 -0.012745583039802425 0.71466756907585194 -0.040203916169626708 -0.00079899375577093814 0.020720037580888969 -0.032667641694265795 0.071071354179034707
leaf_weight=706 40 511 256 526 2832 3146 290 120 191 148 47 163 137 104 64 130 108 63 77 98 77 178 1868 547 167 632 26792 120 95 250
leaf_count=706 40 511 256 526 2832 3146 290 120 191 148 47 163 137 104 64 130 108 63 77 98 77 178 1868 547 167 632 26792 120 95 250
internal_value=0.000109302 0.00105105 0.000645629 0.00270073 -0.000133764 -2.3246e-05 9.32167e-05 6.43517e-05 0.000100693 0.00427941 5.56436e-05 -0.000495661 0.00530899 -0.00394464 -0.000710059 7.04919e-05 0.000951652 0.00113601 -0.000746206 -0.00182002 -0.000909091 0.000998336 0.00181666 0.00248548 0.00332269 -0.000668103 -7.91145e-05 0.00462121 0.00333333 0.00516768
internal_weight=40483 4994 4483 1232 3251 35489 32343 32166 31878 339 31539 2995 177 288 168 31492 4570 4462 1185 988 890 600 3277 2582 2035 695 26922 197 422 327
internal_count=40483 4994 4483 1232 3251 35489 32343 32166 31878 339 31539 2995 177 288 168 31492 4570 4462 1185 988 890 600 3277 2582 2035 695 26922 197 422 327
is_linear=0
shrinkage=0.03


Tree=271
num_leaves=31
num_cat=0
split_feature=8 1 41 6 24 10 14 13 5 30 14 28 4 1 4 35 5 38 27 27 15 4 4 25 4 4 4 28 4 8
split_gain=5.55931 7.01591 5.9911 5.81455 4.78505 11.1031 7.94768 8.87431 7.56913 7.28658 10.8931 7.07436 10.887 7.76459 7.15006 6.90052 6.64701 7.00998 7.05462 8.52081 6.62863 6.38235 10.8168 10.4186 6.53684 7.2397 9.47622 6.56612 6.36556 8.41455
threshold=654.24375000000009 4.5000000000000009 -6429.3584651195806 30.328193832599123 66.185000000000016 71.895000000000024 165.07875000000004 86.885000000000005 34043.750000000007 119.825 168.10000000000002 23250.062500000004 244.50000000000003 5.5000000000000009 248.50000000000003 32.096250000000005 71312.500000000015 18.412500000000001 43327.551093750008 42524.458333333336 95.596145833333338 50.500000000000007 62.500000000000007 121.71145833333334 348.50000000000006 158.50000000000003 168.50000000000003 40731.258750000001 32.500000000000007 0.63125000000000009
decision_type=2 2 10 2 8 10 10 10 2 8 10 10 2 2 2 10 2 10 10 10 8 2 2 10 2 2 2 10 2 2
left_child=3 2 -2 4 20 6 -6 -8 -7 10 15 12 -11 16 -14 -10 21 -18 19 -19 28 23 -23 -13 25 -24 -27 -26 29 -1
right_child=1 -3 -4 -5 5 8 7 -9 9 11 -12 13 14 -15 -16 -17 17 18 -20 -21 -22 22 24 -25 27 26 -28 -29 -30 -31
leaf_value=0.013934406210771045 0.012500014202583305 -0.2077064684728579 -0.10865486818597453 0.19245231711950167 -0.045499708766185733 -0.17754309862542683 0.14634674077304269 -0.19358141248479172 0.0098344124904479815 1.4437374223148469 0.10650464522023952 0.097984652713956982 -0.7889343921035995 0.06303997866653048 0.72695452788144987 -0.1362270180988257 0.20969443137249044 -0.017540008923901951 -0.13313588950378147 0.43865201182426117 -0.046115268086563854 0.13265187369200901 -0.074031743409899209 -0.10572699930744021 0.063045524739723496 0.24529852522119538 -0.011584689272823566 -0.41280484595206901 0.0091366735774668119 0.12211267316903686
leaf_weight=487 993 533 322 303 3880 508 375 151 6808 167 1312 180 62 1246 40 198 378 271 361 115 1169 361 2041 1009 94 180 5367 256 11008 221
leaf_count=487 993 533 322 303 3880 508 375 151 6808 167 1312 180 62 1246 40 198 378 271 361 115 1169 361 2041 1009 94 180 5367 256 11008 221
internal_value=-1.55952e-05 -0.0016225 -0.000444529 6.14802e-05 2.86304e-05 -0.00021056 -0.00157931 0.00187856 7.73085e-05 0.000167262 0.000851064 -0.000301756 0.0045 -0.000411046 -0.00320388 0.000381048 -0.00067411 0.00150533 -0.000180481 0.00263566 0.000499379 -0.000932659 -0.000637952 -0.00298739 -0.000869127 -0.000683885 -0.000121665 -0.00487179 0.000714347 0.00346968
internal_weight=40396 1848 1315 38548 38245 25360 4406 526 20954 20446 8318 12128 269 11859 102 7006 10613 1125 747 386 12885 9488 8299 1189 7938 7588 5547 350 11716 708
internal_count=40396 1848 1315 38548 38245 25360 4406 526 20954 20446 8318 12128 269 11859 102 7006 10613 1125 747 386 12885 9488 8299 1189 7938 7588 5547 350 11716 708
is_linear=0
shrinkage=0.03


Tree=272
num_leaves=31
num_cat=0
split_feature=24 40 15 26 35 12 4 4 7 10 26 28 15 12 4 41 8 15 15 15 5 12 4 4 5 6 23 8 28 15
split_gain=4.90801 5.188 6.26097 4.56501 4.43114 4.68536 7.65345 6.20157 10.5831 7.84182 7.63441 7.552 7.21943 7.84396 9.03626 16.9816 6.82832 6.53196 11.74 10.4054 6.89308 6.25116 8.82452 6.13913 13.5137 7.96282 6.54566 8.52586 6.04378 5.92851
threshold=644.96000000000015 1.9300000000000037 -1.0000000180025095e-35 51776.091250000005 182.39000000000004 48.331458333333337 2.5000000000000004 242.50000000000003 9.4340277777777803 446.94500000000005 43964.172500000008 23250.062500000004 49.953125000000007 49.406666666666673 188.50000000000003 4435.0466992760057 533.68750000000011 113.92666666666668 93.899322916666691 91.662083333333342 71312.500000000015 120.57864583333334 254.50000000000003 84.500000000000014 51339.125000000007 15.741409691629956 4.5000000000000009 0.11250000000000002 40021.043437500011 115.84229166666667
decision_type=10 8 8 10 10 10 2 2 2 10 10 10 8 10 2 8 2 10 10 10 2 10 2 2 2 2 2 2 10 10
left_child=1 4 -3 -4 5 -1 -7 11 9 16 -10 -8 13 -13 -15 -16 17 18 19 -9 29 -20 -23 24 -14 -25 -27 -28 -18 -19
right_child=-2 2 3 -5 -6 6 7 8 10 -11 -12 12 23 14 15 -17 28 20 21 -21 -22 22 -24 25 -26 26 27 -29 -30 -31
leaf_value=-0.0072528587946536389 0.70845785458824362 0.24804659620563013 -0.016333499586929603 -0.20541022772393575 -0.43304476641222805 -0.4442482384237128 1.4135620198474201 0.0016897844158357599 -0.32482920823048683 -0.51303082187231441 0.017897574023341366 0.37518300966125662 -0.12322609360287401 0.021331968002037769 0.25501366171292272 -0.053302446446798227 -0.2870051438863972 0.40226383235249258 -0.13534681437093055 0.23631955436667709 0.48361412971804851 0.18277096483958472 -0.079782471748839179 0.058477210459109301 0.0050776751744888316 0.024691299486574676 0.063641132763163022 -0.1843680170213301 0.033973948401173855 0.028285505953086557
leaf_weight=8086 148 49 8185 113 99 85 73 2923 265 193 144 56 691 2049 403 169 177 90 808 156 142 73 269 2189 5032 3775 257 676 67 3038
leaf_count=8086 148 49 8185 113 99 85 73 2923 265 193 144 56 691 2049 403 169 177 90 808 156 142 73 269 2189 5032 3775 257 676 67 3038
internal_value=1.48218e-06 -1.85952e-05 -0.000684595 -0.000748283 0.000155224 0.000174993 0.000386959 0.000419337 -0.000239037 3.77977e-06 -0.00493902 0.000776787 0.000730488 0.00214526 0.00190503 0.0052356 0.000153022 0.000314 -0.000464539 0.000501623 0.0013207 -0.00304952 0.000349854 0.000430235 -0.000296122 0.00103291 0.000337651 -0.00191113 -0.00477551 0.00102589
internal_weight=40480 40332 8347 8298 31985 31886 23800 23715 8345 7936 409 15370 15297 2677 2621 572 7743 7499 4229 3079 3270 1150 342 12620 5723 6897 4708 933 244 3128
internal_count=40480 40332 8347 8298 31985 31886 23800 23715 8345 7936 409 15370 15297 2677 2621 572 7743 7499 4229 3079 3270 1150 342 12620 5723 6897 4708 933 244 3128
is_linear=0
shrinkage=0.03


Tree=273
num_leaves=31
num_cat=0
split_feature=39 11 5 15 26 35 14 13 12 17 8 7 13 34 25 0 25 23 25 14 39 25 22 5 11 2 16 17 27 38
split_gain=5.45977 8.18337 6.01594 6.77274 6.49678 6.38594 6.09913 8.12888 10.1709 6.76276 9.65026 8.80267 7.60518 6.47523 5.5518 5.47767 5.32457 5.31466 7.0775 7.82694 13.6495 8.91375 7.59701 7.41758 7.84414 11.0129 9.63228 8.56347 7.38184 6.51543
threshold=3.100000000000009 343.72000000000008 42066.750000000007 167.20895833333336 29645.500000000004 68.491250000000022 96.010000000000005 51.646250000000002 37.47291666666667 8363.9763650000004 67.006250000000009 8.175347222222225 68.333750000000009 94.715000000000018 9.5979687500000015 18.500000000000004 81.049791666666678 1.5000000000000002 40.963854166666671 141.29875000000001 -73.012499999999989 143.46244791666669 1.0000000180025095e-35 74725.000000000015 128.90500000000003 4.5000000000000009 1849.5647936106739 1918.6340750000002 29638.625000000004 -17.605
decision_type=10 8 2 10 10 10 10 10 10 10 2 2 10 10 10 2 10 2 8 10 8 10 2 2 10 2 8 10 8 10
left_child=2 -2 3 6 5 -5 7 8 -1 10 11 14 16 15 -8 -10 -12 29 22 21 -21 28 -19 24 25 27 -27 -22 -20 -4
right_child=1 -3 17 4 -6 -7 9 -9 13 -11 12 -13 -14 -15 -16 -17 -18 18 19 20 23 -23 -24 -25 -26 26 -28 -29 -30 -31
leaf_value=-0.01161616932198426 -0.18417658549771554 0.12327245495700466 0.037894350385905003 -0.037271643950348904 -0.46783814829676001 -0.86268516424915331 0.27852504463745481 0.060642153466827081 -0.28958357542491298 0.062872673253331832 -0.088872944814609167 -0.36976517576107709 0.033959197646395579 0.18493062767278506 0.017752381036114411 0.038948152243667808 -0.34013115801037219 0.029663673985528192 0.29011058169523912 0.47984521442278094 0.20047675130514861 -0.32411596192793962 0.17348585096189323 0.69518159472555452 -0.014545858136352193 -0.26997471977682735 0.053040374505577505 -0.09409184354737235 -0.0057070747543626508 -0.0053929638309128331
leaf_weight=2013 294 152 2527 1135 177 169 67 186 549 230 647 133 368 44 4164 75 189 2023 56 530 477 82 154 104 2417 105 366 66 5033 15837
leaf_count=2013 294 152 2527 1135 177 169 67 186 549 230 647 133 368 44 4164 75 189 2023 56 530 477 82 154 104 2417 105 366 66 5033 15837
internal_value=8.54595e-06 -0.00328859 4.54614e-05 -0.000585395 -0.00245951 -0.00172414 -0.000264828 -0.00139644 -0.00181767 0.000294878 8.61914e-05 0.000742268 -0.00229046 -0.00502242 0.000981805 -0.005808 -0.00387097 0.000260427 0.000768793 0.000405976 0.0013908 -0.000368329 0.00230716 0.000716912 0.000476399 0.00268966 -0.000667373 0.00559743 -0.000209234 -5.55404e-05
internal_weight=40369 446 39923 10146 1481 1304 8665 2867 2681 5798 5568 4364 1204 668 4231 624 836 29777 11413 9236 4065 5171 2177 3535 3431 1014 471 543 5089 18364
internal_count=40369 446 39923 10146 1481 1304 8665 2867 2681 5798 5568 4364 1204 668 4231 624 836 29777 11413 9236 4065 5171 2177 3535 3431 1014 471 543 5089 18364
is_linear=0
shrinkage=0.03


Tree=274
num_leaves=31
num_cat=0
split_feature=40 11 23 25 14 28 4 17 5 2 7 41 9 24 18 25 5 26 14 24 25 8 8 41 4 38 38 28 39 33
split_gain=5.70209 5.53786 4.92825 4.4141 8.17453 5.9683 9.48849 10.662 10.0984 7.05761 7.20859 6.23615 6.61329 5.69419 5.63958 6.99956 5.5176 6.48462 6.32386 8.70337 5.50202 5.66413 6.8896 16.6741 8.03032 7.27789 6.1097 6.07653 5.93195 8.0213
threshold=27.510000000000002 380.06500000000005 10.500000000000002 32.143125000000005 44.935000000000009 40731.258750000001 263.50000000000006 inf 48602.062500000007 4.5000000000000009 2.970486111111112 -16720.718883425146 21.365000000000006 -0.0099999999999999482 1.5000000000000002 6.7772916666666676 36000.812500000007 25427.500000000004 91.975000000000009 91.72375000000001 458.07729166666678 170.51250000000002 0.38125000000000003 6901.1088763121488 170.50000000000003 -22.84375 3.1225000000000027 36016.062500000007 -24.638749999999998 40.045000000000009
decision_type=10 8 2 8 8 10 2 8 2 2 2 10 10 8 2 10 2 8 10 10 10 2 2 8 2 10 10 8 8 8
left_child=2 -2 3 5 -5 6 7 11 -8 -7 -11 -1 -13 -14 -9 -16 18 -18 -6 -20 21 22 28 24 -24 -25 27 -23 -19 -30
right_child=1 -3 -4 4 16 9 8 14 -10 10 -12 12 13 -15 15 -17 17 20 19 -21 -22 26 23 25 -26 -27 -28 -29 29 -31
leaf_value=-0.055641088706501945 -0.18248356581377692 0.11101329243701485 -0.25608018471014471 -0.18199109365430682 -0.1953004450573218 0.0065688572674591226 -0.21228452299933945 0.26244210677862068 0.066732600466680198 -0.043244748349406767 0.12462009989694121 0.022557491820856881 -0.33226868112404667 -0.024150045203430216 0.30121749340282283 0.0015525457142435428 0.13826989386112232 0.01842754657320924 0.017424897570048899 -0.1970702104314104 -0.43204384335947621 -0.031964111940475416 -0.16049565931796181 0.24048759414014739 0.0035269498291813049 0.04457474738578817 -0.044328472746690661 0.010163951114304588 0.089107109090580602 -0.013156609642767911
leaf_weight=399 728 366 52 246 293 737 281 206 159 84 726 1262 64 1014 64 270 919 5940 1063 726 119 1587 604 264 1034 4990 4298 4398 90 7328
leaf_count=399 728 366 52 246 293 737 281 206 159 84 726 1262 64 1014 64 270 919 5940 1063 726 119 1587 604 264 1034 4990 4298 4398 90 7328
internal_value=2.56747e-05 -0.00210959 8.52925e-05 9.76612e-05 -2.78761e-05 0.000905639 0.000254032 0.000809451 -0.00387755 0.00247093 0.00440197 4.92701e-05 0.000640752 -0.00108434 0.00465804 0.00223881 1.20342e-05 0.000110699 -0.00148344 -0.000812849 3.62118e-05 6.1407e-05 0.000352575 0.00112288 -0.00151922 0.00194672 -0.00051196 0.000107751 -4.49135e-05 -0.000610594
internal_weight=40311 1094 39217 39165 33899 5266 3719 3279 440 1547 810 2739 2340 1078 540 334 33653 31571 2082 1789 30652 30533 20250 6892 1638 5254 10283 5985 13358 7418
internal_count=40311 1094 39217 39165 33899 5266 3719 3279 440 1547 810 2739 2340 1078 540 334 33653 31571 2082 1789 30652 30533 20250 6892 1638 5254 10283 5985 13358 7418
is_linear=0
shrinkage=0.03


Tree=275
num_leaves=31
num_cat=0
split_feature=5 28 15 17 4 39 7 41 27 8 9 6 24 9 13 33 31 4 39 6 25 12 14 12 13 4 34 27 15 4
split_gain=5.22301 9.73172 8.7748 12.7565 10.9017 10.5745 8.06038 9.74631 11.2239 7.43017 7.15895 6.88546 6.66965 8.81294 6.59819 9.39435 8.74491 6.52259 6.19787 6.13641 7.58071 8.08262 7.4603 10.4777 12.1115 6.32584 6.12688 5.74308 5.65491 9.4146
threshold=48006.250000000007 39420.500000000007 16.892656250000005 17422.632900000001 104.50000000000001 -88.857499999999973 6.6840277777777803 -6976.7705369431287 37873.020833333336 728.60625000000016 214.93000000000004 20.822687224669608 93.485000000000014 157.15500000000003 80.282500000000013 123.01375000000002 390.00500000000005 242.50000000000003 3.100000000000009 5.5458149779735697 276.37187500000005 242.03625000000002 78.515000000000015 54.599375000000002 39.900000000000013 68.500000000000014 113.00500000000001 27252.708333333339 59.837083333333347 124.50000000000001
decision_type=2 10 8 8 2 8 2 8 10 2 10 2 10 10 10 10 10 2 8 2 10 10 10 10 10 2 10 10 8 2
left_child=6 2 -2 4 -4 -5 12 -8 10 -6 27 -10 13 -1 15 17 -16 28 19 26 21 22 23 24 -21 -22 -3 -9 -7 -30
right_child=1 18 3 5 9 14 7 8 11 -11 -12 -13 -14 -15 16 -17 -18 -19 -20 20 25 -23 -24 -25 -26 -27 -28 -29 29 -31
leaf_value=0.0088697475348169293 0.18866529294248646 -0.0057134934580440697 -0.20836805186289373 0.443124278679837 0.0060383546636717253 0.074474090793908945 0.019598372092245551 0.10317999681933883 -0.20074058857815963 -0.21129191800880051 -0.51010329838370749 0.077597368626356619 -0.02175697797035241 0.89531425892537142 -0.0084621074166248891 0.23207327084135393 0.38919344438021308 -0.057939996876161567 -0.12390409942522175 0.021500619344214156 0.3805999729323889 0.3656887321642347 -0.018534739187840613 0.091550173061176771 -0.095873057773160256 -0.49213957202729258 0.053792347376934516 -0.031456117616761953 -0.02864343720854684 0.048120047574278145
leaf_weight=9533 204 1595 161 528 839 317 887 185 899 91 228 103 6373 77 2413 802 248 256 232 1055 47 227 7269 184 145 231 2785 1692 357 497
leaf_count=9533 204 1595 161 528 839 317 887 185 899 91 228 103 6373 77 2413 802 248 256 232 1055 47 227 7269 184 145 231 2785 1692 357 497
internal_value=7.85942e-05 0.000415202 0.00135165 0.00115899 -0.00179945 0.00175494 -0.000266543 -0.00147184 -0.00226351 -0.000547798 -0.00101852 -0.00487537 3.47222e-05 0.000533763 0.00131875 0.00252242 0.000309917 0.00106092 -4.13913e-05 4.21006e-05 -0.000399607 -0.000246594 -0.00039346 0.00162455 0.0005995 -0.00526882 0.000965533 -0.000407348 0.00200939 0.000736842
internal_weight=40460 20483 6713 6509 1091 5418 19977 3994 3107 930 2105 1002 15983 9610 4890 2229 2661 1427 13770 13538 9158 8880 8653 1384 1200 278 4380 1877 1171 854
internal_count=40460 20483 6713 6509 1091 5418 19977 3994 3107 930 2105 1002 15983 9610 4890 2229 2661 1427 13770 13538 9158 8880 8653 1384 1200 278 4380 1877 1171 854
is_linear=0
shrinkage=0.03


Tree=276
num_leaves=31
num_cat=0
split_feature=39 11 5 39 27 13 1 28 32 6 10 7 41 25 6 34 17 27 24 12 7 4 31 4 30 28 6 28 4 27
split_gain=4.41134 5.46817 4.37393 9.38192 13.6606 8.2846 8.95152 7.77923 7.4875 7.04905 6.57036 5.95316 10.6235 7.7652 7.40512 7.40748 5.80037 5.77829 5.46602 7.20549 5.32942 5.30866 5.19433 4.96225 8.8429 15.0328 12.1558 10.2129 8.55141 8.28593
threshold=3.100000000000009 343.72000000000008 59563.500000000007 -29.093749999999996 42433.833333333336 50.245000000000012 2.5000000000000004 48118.647500000006 236.91500000000002 3.1949339207048464 410.13500000000005 8.5642361111111143 -5277.4313004078967 106.74000000000002 17.722026431718067 50.005000000000003 4783.5956650000016 52629.510416666679 66.925000000000026 59.138125000000009 8.6788194444444482 24.500000000000004 53.053750000000008 164.50000000000003 120.34375000000001 36233.739062500004 13.468942731277536 37060.552500000013 242.50000000000003 44153.667135416668
decision_type=10 8 2 10 8 8 2 10 10 2 10 2 8 10 2 10 10 10 8 10 2 2 10 2 8 10 2 10 2 10
left_child=2 -2 11 4 -4 6 7 22 18 -10 -11 23 13 -13 15 -14 -8 -9 20 -20 -5 -7 -6 24 25 26 -1 -27 29 -25
right_child=1 -3 3 8 5 21 16 17 9 10 -12 12 14 -15 -16 -17 -18 -19 19 -21 -22 -23 -24 28 -26 27 -28 -29 -30 -31
leaf_value=0.12020366672899525 -0.15744540463578971 0.14403986320641124 0.32919970349499861 0.0083324393659581376 -0.29187899289708297 0.15603892336793748 0.12801514118153307 -0.23390581344138098 0.36250359243803243 0.14066633863647637 -0.98937381502726962 0.048551953302793958 0.065522896422648372 -0.1523097648157363 -0.44135356409106935 -0.096890239471796355 -0.12388335806840366 0.030931114158919113 -0.095195365068311374 -0.01189669625450719 0.054568361346437798 0.050381879486350839 0.042843184562122612 0.027308256828376756 -0.06077450428642734 -0.092785816575252228 0.0060931847885844093 -0.006618451181413007 -0.00889028883254518 0.42906892841925443
leaf_weight=994 304 146 329 929 49 187 353 182 136 432 52 480 242 67 183 1581 44 45 170 3811 164 569 241 8859 2902 474 1558 6029 9024 58
leaf_count=994 304 146 329 929 49 187 353 182 136 432 52 480 242 67 183 1581 44 45 170 3811 164 569 241 8859 2902 474 1558 6029 9024 58
internal_value=2.36482e-05 -0.00292683 5.67941e-05 0.000699896 0.0024675 0.00136445 -0.000557377 -0.00315637 7.90167e-05 0.00318841 0.00148454 -9.56798e-05 -0.0014859 0.00221715 -0.00249626 -0.00191612 0.00282663 -0.00730263 -0.000301478 -0.000817428 0.00157678 0.0036856 0.000103093 2.30777e-05 -0.000450326 1.15945e-05 0.0019624 -0.000754151 0.000338591 0.000997421
internal_weight=40594 450 40144 7693 1999 1670 914 517 5694 620 484 32451 2553 547 2006 1823 397 227 5074 3981 1093 756 290 29898 11957 9055 2552 6503 17941 8917
internal_count=40594 450 40144 7693 1999 1670 914 517 5694 620 484 32451 2553 547 2006 1823 397 227 5074 3981 1093 756 290 29898 11957 9055 2552 6503 17941 8917
is_linear=0
shrinkage=0.03


Tree=277
num_leaves=31
num_cat=0
split_feature=40 6 32 6 10 25 35 2 11 16 12 6 15 27 27 28 23 28 15 13 6 2 28 39 0 14 14 35 13 13
split_gain=4.04138 7.72304 6.27766 6.96633 5.30258 6.15953 6.2801 8.61566 6.22285 5.28494 7.51848 5.19777 5.12977 6.27135 4.95471 7.32087 4.71876 4.52118 7.74408 10.2471 8.59482 7.17842 8.71926 7.56037 6.70135 6.75746 7.50849 6.79571 6.05467 9.16365
threshold=-31.529999999999994 6.0211453744493406 315.84500000000008 7.2411894273127766 37.192500000000003 63.314895833333338 -6.3375000000000012 3.5000000000000004 122.03500000000001 6358.5057919720302 61.716458333333343 8.4407488986784163 67.908541666666679 38486.883281250004 39774.833333333336 39217.355156250007 3.5000000000000004 30825.875000000004 93.289166666666674 75.510000000000019 11.663656387665201 8.5000000000000018 23250.062500000004 -11.607499999999993 11.500000000000002 306.51000000000005 272.94125000000003 -0.11125000000000539 225.04500000000004 272.55000000000007
decision_type=8 2 10 2 10 10 10 2 10 10 10 2 10 10 10 10 2 10 8 10 2 2 10 10 2 10 10 10 10 10
left_child=1 9 17 -4 5 6 7 -3 12 -1 -11 -9 13 -7 16 -16 -13 18 19 -2 -20 22 -22 -23 -24 26 -26 -28 -27 -30
right_child=2 4 3 -5 -6 8 -8 11 -10 10 -12 14 -14 -15 15 -17 -18 -19 20 -21 21 23 24 -25 25 28 27 -29 29 -31
leaf_value=0.15708577717596298 0.042870101678122982 -0.11935627442433461 0.54484824464939152 -0.45546936995515125 0.026966007817149487 -0.14041771461803046 0.044107256264624355 0.34660156395427888 0.5137973387098651 -0.13135158943011191 0.089764016261011353 -0.028600641994338937 -0.16178760635149117 0.077312279698172032 -0.10184737417920617 0.058923144959846852 0.029501134592298677 -0.0057027490637111102 0.140397350755224 0.23379770532461513 1.1597980972997424 -0.00097579648820101284 -0.083762684837995496 -0.4109416524107064 0.044226463785169298 0.7599189791722949 0.005605633025116674 -0.3169394037610242 -0.45143618036994437 0.41725434430904895
leaf_weight=600 588 351 139 65 6165 88 377 82 53 131 137 1206 541 109 84 549 437 24554 673 136 164 476 962 465 455 117 73 92 130 348
leaf_count=600 588 351 139 65 6165 88 377 82 53 131 137 1206 541 109 84 549 437 24554 673 136 164 476 962 465 455 117 73 92 130 348
internal_value=7.32378e-05 0.000566401 -0.000109552 0.00512195 0.000331574 -0.000537648 6.80272e-05 -0.000437269 -0.00289773 0.00327963 -0.000223048 0.000216193 -0.00361299 0.000530303 -5.27009e-05 0.00220032 -0.000921533 -0.000146234 0.000708333 0.00355862 0.000185794 -0.000447761 0.00044193 -0.00265924 -6.19835e-05 0.00141859 -0.000772947 -0.00623494 0.00369966 0.00219207
internal_weight=40347 10910 29437 204 10042 3877 3086 2709 791 868 268 2358 738 197 2276 633 1643 29233 4679 724 3955 3282 2341 941 2177 1215 620 165 595 478
internal_count=40347 10910 29437 204 10042 3877 3086 2709 791 868 268 2358 738 197 2276 633 1643 29233 4679 724 3955 3282 2341 941 2177 1215 620 165 595 478
is_linear=0
shrinkage=0.03


Tree=278
num_leaves=31
num_cat=0
split_feature=0 1 27 0 8 16 0 38 25 5 6 41 38 28 5 6 14 26 5 7 33 5 1 2 12 25 13 14 13 9
split_gain=4.2533 8.75084 8.47224 8.21352 7.06994 6.96627 6.40579 6.03292 5.99689 8.71002 5.46671 5.37432 5.36596 7.41867 6.31435 6.17353 8.83253 9.31778 5.95507 5.66694 5.62967 5.3171 5.15929 5.13346 4.87699 9.83837 4.7825 4.52566 4.54217 4.59126
threshold=16.500000000000004 5.5000000000000009 23787.375000000004 19.500000000000004 153.73125000000002 5622.2822865626213 11.500000000000002 -6.5474999999999985 80.179375000000022 50955.312500000007 13.641189427312776 -16720.718883425146 73.275000000000006 27979.812500000004 41843.750000000007 18.341189427312781 91.975000000000009 38999.355000000003 76137.500000000015 10.071180555555559 40.045000000000009 39651.750000000007 3.5000000000000004 3.5000000000000004 373.12250000000006 396.69062500000013 44.352500000000013 166.64500000000001 68.936250000000015 56.420000000000009
decision_type=2 2 8 2 2 10 2 8 8 2 2 8 10 8 2 2 10 10 2 2 8 2 2 2 10 10 10 10 10 10
left_child=4 2 -2 11 12 -3 -6 -5 27 10 -10 -4 13 14 26 18 -17 -18 20 21 -15 24 -13 -7 -14 -26 -1 28 29 -8
right_child=1 5 3 7 6 23 8 -9 9 -11 -12 22 19 15 -16 16 17 -19 -20 -21 -22 -23 -24 -25 25 -27 -28 -29 -30 -31
leaf_value=-0.25936975656884498 0.76389392296116931 0.090577898381687519 -0.070416353960809253 0.017141526556696148 -0.048065083568520919 -0.35944360348324295 0.012460727123848929 -0.033341552372919525 0.09903530585839633 0.0036543843846721558 -0.11116286529428851 0.060475110647439788 -0.6962372344914558 0.087123656775333833 0.38430818508767289 -0.16237394503592809 0.0097331745409576335 0.14258958140746614 0.10300636513526291 -0.56555898479476563 -0.0024566533620553341 -0.0031178609786725528 -0.0069635071102084108 0.0091861113372905742 0.70279357408789367 -0.48328817999007895 0.10744018084811088 -0.21590139676754058 0.1472970577825751 -0.027563412123689943
leaf_weight=77 140 1482 41 1850 3102 58 2809 3805 77 2150 1853 2788 203 134 188 132 1073 691 234 50 13007 1431 1423 147 86 206 398 91 153 627
leaf_count=77 140 1482 41 1850 3102 58 2809 3805 77 2150 1853 2788 203 134 188 132 1073 691 234 50 13007 1431 1423 147 86 206 398 91 153 627
internal_value=-7.40613e-07 0.000480614 0.000144805 4.08761e-05 -0.00019706 0.00247927 -0.000800884 -0.000708098 -0.000340162 -0.00113208 -0.00259451 0.00103692 0.00016917 0.000352055 0.00345633 0.000217064 0.00181866 0.0023796 -1.00927e-05 -0.00130501 -9.47344e-05 -0.00104307 0.00114316 -0.00269417 -0.00371976 -0.00122867 0.00160714 0.000537897 0.000706128 0.00048007
internal_weight=40506 11734 10047 9907 28772 1687 10862 5655 7760 4080 1930 4252 17910 15934 663 15271 1896 1764 13375 1976 13141 1926 4211 205 495 292 475 3680 3589 3436
internal_count=40506 11734 10047 9907 28772 1687 10862 5655 7760 4080 1930 4252 17910 15934 663 15271 1896 1764 13375 1976 13141 1926 4211 205 495 292 475 3680 3589 3436
is_linear=0
shrinkage=0.03


Tree=279
num_leaves=31
num_cat=0
split_feature=40 7 10 16 10 9 15 41 7 5 33 10 39 27 16 26 15 5 0 36 8 5 13 27 38 32 13 21 25 25
split_gain=5.36916 6.72364 5.8081 6.24457 5.99324 9.1646 8.27678 6.56334 6.2439 5.77256 5.47804 5.58679 5.57564 5.62033 5.67916 4.94754 5.11476 4.83408 4.76258 5.60046 4.75564 6.4598 6.86642 5.64872 4.67513 6.53465 5.62526 7.56559 5.22406 5.45791
threshold=-46.034999999999989 4.6718750000000018 -0.018749999999999999 5891.7438244938066 151.06000000000003 228.41500000000005 210.63687500000006 -7370.1991585204623 9.0347222222222232 34554.750000000007 84.081250000000011 80.812500000000014 -4.4950000000000037 49143.911093750008 4157.1395232446439 37407.302500000013 4.0881250000000007 77125.000000000015 16.500000000000004 -5.5100000000000016 82.631250000000009 43604.687500000007 182.19500000000002 35711.916666666672 22.735000000000003 208.95875000000004 79.02500000000002 1.0000000180025095e-35 89.77156250000003 169.07937500000003
decision_type=8 2 10 8 10 10 10 8 2 2 8 10 8 10 8 8 10 2 2 10 2 2 10 10 8 10 10 2 8 10
left_child=2 15 -1 -4 6 -6 7 8 -5 -3 -11 -12 -13 17 -15 16 -2 -14 19 -18 21 22 -21 -23 26 -26 27 28 -17 -30
right_child=1 9 3 4 5 -7 -8 -9 -10 10 11 12 13 14 -16 24 18 -19 -20 20 -22 23 -24 -25 25 -27 -28 -29 29 -31
leaf_value=-0.064067900798448499 0.19913988108189715 -0.11291962253690101 0.03905095434867558 0.0030217022638242197 0.48006600206549449 -0.32336249635348208 0.64237543849304202 -0.042050725257385742 0.056343187862770858 0.0075362132806387188 -0.045822539545820717 0.0036465920019354311 -0.041856070237830986 0.041046558237392998 -0.28825711290329764 -0.00015368883714089065 0.095602200561476849 0.19007423816475508 0.11264056330271494 0.03040309583698203 -0.011780522752047844 0.2537392210141155 -0.29247317634726699 -0.026518429752082396 -0.086153918376630612 0.12400560657117977 0.034479245053901979 0.19612840759284922 -0.053513046422580715 0.24901115566477969
leaf_weight=184 50 689 3212 777 517 216 84 2439 230 3393 4623 8293 3484 62 101 3341 482 124 898 700 2153 235 221 89 834 166 1812 73 823 54
leaf_count=184 50 689 3212 777 517 216 84 2439 230 3393 4623 8293 3484 62 101 3341 482 124 898 700 2153 235 221 89 834 166 1812 73 823 54
internal_value=-4.08821e-06 -0.000171554 0.000710836 0.00084069 8.79456e-05 0.0025545 -0.000424809 -0.000652742 0.00138393 -0.000497593 -0.00040486 -0.000628296 -0.000288438 -0.0012447 -0.00667683 0.000395994 0.00113688 -0.000997506 0.00103578 0.000579747 0.000150044 0.0016252 0.000341649 0.00526154 -0.000107686 -0.00200799 0.000203965 -0.000387931 -0.000554634 -0.0026139
internal_weight=40359 32700 7659 7475 4263 733 3530 3446 1007 20769 20080 16687 12064 3771 163 11931 4828 3608 4778 3880 3398 1245 921 324 7103 1000 6103 4291 4218 877
internal_count=40359 32700 7659 7475 4263 733 3530 3446 1007 20769 20080 16687 12064 3771 163 11931 4828 3608 4778 3880 3398 1245 921 324 7103 1000 6103 4291 4218 877
is_linear=0
shrinkage=0.03


Tree=280
num_leaves=31
num_cat=0
split_feature=35 24 40 7 11 25 26 13 13 25 5 4 28 5 4 4 27 27 6 15 4 24 7 41 5 26 32 27 27 8
split_gain=6.70764 4.75716 4.58618 5.17779 7.08956 6.53543 5.47087 4.82058 5.80016 6.60734 6.41018 6.68908 4.74842 8.74022 8.87088 9.15276 8.54214 6.16898 8.40372 5.86396 5.87385 7.1765 5.36931 7.53321 7.44923 6.42166 6.29334 5.44981 9.14948 8.18955
threshold=216.90625000000003 493.73500000000007 3.5549999999999788 3.355902777777779 39.925000000000004 140.65468750000005 40095.788750000007 293.64000000000004 304.53000000000003 311.9752083333334 45612.750000000007 244.50000000000003 43899.500000000007 64106.125000000007 22.500000000000004 32.500000000000007 42524.458333333336 43471.549166666671 18.254625550660801 29.565833333333337 358.50000000000006 85.081250000000011 8.5017361111111125 -7075.133459498963 47000.937500000007 42543.200000000004 144.03250000000003 31804.515520833334 33594.124322916679 571.33125000000007
decision_type=10 10 10 2 10 10 10 10 10 10 2 2 10 2 2 2 10 8 2 8 2 10 2 8 2 10 10 8 8 2
left_child=2 -2 3 4 5 6 -1 -4 -9 -10 -11 -12 13 22 -15 -16 -17 -14 19 -19 -21 -22 27 25 26 -24 -25 -5 29 -29
right_child=1 -3 7 12 -6 -7 -8 8 9 10 11 -13 17 14 15 16 -18 18 -20 20 21 -23 23 24 -26 -27 -28 28 -30 -31
leaf_value=-0.037298295530198401 -0.93038405273607339 0.4202940361213075 -0.026597379331177676 0.052597055838538721 0.046806347725063091 -0.26564846785814994 0.054488555008820896 0.56005718338510513 0.89062940622329023 -0.38756261753953081 0.64153541885483889 -0.33884035965051795 -0.1207100428213283 0.57903413110623303 -0.10334495538620046 0.020285988419443155 0.2321685695403132 0.052027544303767249 0.23817274587179554 -0.014666799790935129 0.11249327975448707 -0.087857709883726889 0.0027316300645953561 -0.13865511600594552 -0.014390663753154627 0.187581949230437 -1.0353802733937554 -0.038559913023192179 0.0055241580933384415 -0.30330025781675157
leaf_weight=592 108 51 6084 3486 2079 40 357 129 50 217 152 69 457 160 147 589 336 536 91 5835 97 59 145 567 1303 67 64 1197 15318 155
leaf_count=592 108 51 6084 3486 2079 40 357 129 50 217 152 69 457 160 147 589 336 536 91 5835 97 59 145 567 1303 67 64 1197 15318 155
internal_value=3.66323e-05 -0.00609375 6.09228e-05 0.000203545 0.0013783 -0.000712121 -0.000205263 -0.000655774 0.00186893 0.000368098 -0.000820046 0.00277027 8.57563e-05 0.000290631 0.00274939 0.00176142 0.00286717 -0.000595676 -0.000362593 -0.00048943 -0.000758511 0.00496815 0.000154688 -0.00127154 -0.00186047 0.00408451 -0.00453323 0.000306593 8.09789e-05 -0.00228381
internal_weight=40537 159 40378 33677 3068 989 949 6701 617 488 438 221 30609 23534 1232 1072 925 7075 6618 6527 5991 156 22302 2146 1934 212 631 20156 16670 1352
internal_count=40537 159 40378 33677 3068 989 949 6701 617 488 438 221 30609 23534 1232 1072 925 7075 6618 6527 5991 156 22302 2146 1934 212 631 20156 16670 1352
is_linear=0
shrinkage=0.03


Tree=281
num_leaves=31
num_cat=0
split_feature=25 14 5 37 36 18 26 39 12 25 18 28 26 6 12 17 27 13 10 15 28 5 2 25 14 7 27 7 15 14
split_gain=5.61426 10.5941 4.9956 4.85892 4.9053 4.86555 4.84672 4.63187 7.07475 7.28203 7.39285 7.4787 9.23444 6.88306 6.13343 6.13087 13.0114 5.94104 6.58941 5.62983 5.62849 7.66575 11.2361 12.2329 8.59556 8.42276 8.66129 7.18665 6.9845 6.61721
threshold=12.43125 85.125000000000014 34554.750000000007 -1.0000000180025095e-35 -38.177499999999988 1.5000000000000002 42226.273750000008 -58.029999999999987 41.885000000000005 46.149062500000007 1.0000000180025095e-35 39420.500000000007 38805.615000000013 11.203524229074892 21.927291666666672 15280.55133 42964.729166666672 1.9200000000000002 106.97500000000001 47.308697916666667 45350.062500000007 64601.437500000007 9.5000000000000018 261.19083333333339 124.77875000000002 9.8107638888888911 44864.505416666674 3.5156250000000004 277.52729166666671 193.83125000000004
decision_type=8 10 2 10 10 2 10 8 10 10 2 10 10 2 8 8 10 10 10 10 8 2 2 10 10 2 10 2 10 10
left_child=1 -1 3 4 -2 -5 -3 8 -4 -10 11 12 13 -11 -9 -13 -17 -15 -19 -12 21 22 -16 24 -24 26 -26 -23 -25 -22
right_child=2 6 7 5 -6 -7 -8 14 9 10 19 15 -14 17 20 16 -18 18 -20 -21 29 27 23 28 25 -27 -28 -29 -30 -31
leaf_value=0.0033148426112875099 -0.053006191209255128 0.21014306553149861 -0.0062516430410420581 -0.021512215704207589 0.01167330380590835 -0.32882757004321289 -0.02472809625572573 -0.092681793240901811 0.090062833724368005 0.38085429244745644 0.11147042262517709 0.019473879689445493 0.40498002787805931 0.18666922872616154 0.0065107093159358694 -0.21444741013368926 0.33607504456433934 -0.10174632857511597 0.17371756193372717 -0.065037627352303951 -0.0062457930874510832 0.28115558524070139 -0.13897420446933104 -0.1102971259099246 -0.01018939883903215 -0.38433115209327035 0.1995287125256319 0.036100840457137906 -0.57184897674905899 -0.09174862553086427
leaf_weight=829 215 318 4407 267 766 319 74 331 613 322 52 1431 296 376 15658 285 138 460 668 1209 4425 183 573 160 3066 82 68 1693 213 1049
leaf_count=829 215 318 4407 267 766 319 74 331 613 322 52 1431 296 376 15658 285 138 460 668 1209 4425 183 573 160 3066 82 68 1693 213 1049
internal_value=4.73525e-05 0.00204992 -1.48757e-05 -0.00167411 -0.000381874 -0.00383305 0.00610687 5.40269e-05 0.00059807 0.00128183 0.000919244 0.00155394 0.00276967 0.00197044 -0.000148898 0.000161725 -0.00300708 0.00111628 2.65722e-05 -0.00108162 -9.93707e-05 0.000117528 -5.60012e-05 -0.00144127 -0.000930079 -0.000326391 -7.6555e-05 0.00194992 -0.00661765 -0.000958904
internal_weight=40546 1221 39325 1567 981 586 392 37758 10257 5850 5237 3976 2122 1826 27501 1854 423 1504 1128 1261 27170 21696 19820 4162 3789 3216 3134 1876 373 5474
internal_count=40546 1221 39325 1567 981 586 392 37758 10257 5850 5237 3976 2122 1826 27501 1854 423 1504 1128 1261 27170 21696 19820 4162 3789 3216 3134 1876 373 5474
is_linear=0
shrinkage=0.03


Tree=282
num_leaves=31
num_cat=0
split_feature=23 41 0 27 5 4 4 4 25 4 13 25 5 25 13 8 4 13 13 15 27 37 14 25 39 25 25 4 13 13
split_gain=5.10136 5.02333 5.14631 4.62458 7.92425 8.96447 7.02222 9.13953 8.11459 7.28613 13.9648 11.0878 9.49961 10.1128 8.94985 8.26793 8.03957 13.2907 8.8435 12.6739 7.63786 6.79774 6.91369 10.1906 7.55706 6.69983 6.63351 6.50742 15.0095 8.11611
threshold=10.500000000000002 16288.321281761067 20.500000000000004 47227.250000000007 64356.250000000007 22.500000000000004 325.50000000000006 312.50000000000006 193.36104166666669 245.50000000000003 1.9200000000000002 15.325208333333336 42451.000000000007 79.710833333333341 5.080000000000001 214.30000000000004 222.50000000000003 -0.011249999999999998 11.983750000000002 100.75104166666667 40054.342031250009 -25.312499999999989 108.00500000000001 66.697916666666671 -51.239999999999995 249.89229166666669 185.80625000000001 217.50000000000003 -2.5487499999999996 153.17000000000004
decision_type=2 10 2 8 2 2 2 2 10 2 10 10 2 10 10 2 2 10 10 10 10 10 10 10 10 10 10 2 10 10
left_child=1 3 -3 4 6 -6 7 9 -9 16 12 -12 -11 -14 -13 -16 27 -18 -19 20 -20 -8 -23 -24 26 -5 -25 -1 -29 -30
right_child=-2 2 -4 25 5 -7 21 8 -10 10 11 14 13 -15 15 -17 17 18 19 -21 -22 22 23 24 -26 -27 -28 28 29 -31
leaf_value=0.0017529292004625674 -0.27355023158612835 0.14297403587441698 -0.11827900755694087 -0.0118163637656167 0.4813843837021059 0.02999884127542856 0.14020395481313369 0.1107462868803953 -0.13556708645278717 -0.040084849300250296 0.42531367199891035 -0.2377835398300529 0.039711637895357324 0.34951579551808842 -0.020352548427604231 -0.14185655360998345 -0.12569735162404053 0.18780879248238605 -0.052001173498105971 0.1792208523542709 0.064244225281814088 -0.19312694757419621 0.3133397742663776 -0.11312734648338078 -0.13365462666421052 -0.26211526843742716 0.63223967127514824 0.20890147908458892 -0.12128639662987907 -1.3150823460303238
leaf_weight=20136 59 392 41 4811 205 1996 138 944 110 674 56 313 670 226 3694 1414 299 510 733 817 265 308 52 113 838 122 78 95 381 84
leaf_count=20136 59 392 41 4811 205 1996 138 944 110 674 56 313 670 226 3694 1414 299 510 733 817 265 308 52 113 838 122 78 95 381 84
internal_value=-8.87246e-06 4.07247e-06 0.00321429 -3.06863e-05 9.00427e-05 0.00183243 -2.64044e-05 7.01738e-05 0.00281517 -2.5191e-05 -0.00087046 -0.00158543 0.00162317 0.00364548 -0.00172353 -0.00142102 0.000230265 0.00179429 0.00256019 0.00157764 -0.000690691 -0.00201243 -0.00264388 -0.00151109 -0.0021699 -0.000890758 0.00320312 3.18887e-05 -0.00315508 -0.00537554
internal_weight=40574 40515 433 40082 35149 2201 32948 31421 1054 30367 7047 5477 1570 896 5421 5108 23320 2624 2325 1815 998 1527 1389 1081 1029 4933 191 20696 560 465
internal_count=40574 40515 433 40082 35149 2201 32948 31421 1054 30367 7047 5477 1570 896 5421 5108 23320 2624 2325 1815 998 1527 1389 1081 1029 4933 191 20696 560 465
is_linear=0
shrinkage=0.03


Tree=283
num_leaves=31
num_cat=0
split_feature=6 32 40 7 37 21 1 12 41 41 32 25 38 33 28 15 5 4 12 4 15 40 38 32 4 38 33 28 38 28
split_gain=5.65689 7.56625 7.83927 5.59487 6.51114 5.13986 5.25445 5.6581 5.71838 5.48739 6.85937 4.9736 8.83524 7.24648 5.52525 5.01623 4.91082 5.27854 5.15612 4.88905 5.13409 4.81072 4.76401 4.73766 6.75416 4.61218 4.5398 6.84237 5.1584 6.56711
threshold=5.122026431718063 228.62500000000003 -17.815000000000001 4.5156250000000009 82.13000000000001 1.0000000180025095e-35 1.0000000180025095e-35 44.237916666666671 -1360.0190763726275 -6976.7705369431287 20.108750000000004 72.522083333333342 47.050000000000011 71.215000000000018 52354.935156250009 54.599375000000002 63212.500000000007 46.500000000000007 45.749375000000008 357.50000000000006 27.131875000000004 -52.824999999999989 0.65875000000000494 16.415000000000003 283.50000000000006 62.451250000000002 81.02500000000002 23250.062500000004 3.4449999999999985 34271.375000000007
decision_type=2 10 8 2 8 2 2 10 10 8 10 10 10 10 10 8 2 2 10 2 10 10 10 10 2 10 10 10 10 10
left_child=1 2 -1 5 19 6 22 8 -8 23 25 12 14 -13 15 -4 18 -18 -12 26 -21 -22 -2 -9 -25 -11 -5 -28 -29 -30
right_child=3 -3 11 4 -6 -7 7 9 -10 10 16 13 -14 -15 -16 -17 17 -19 -20 20 21 -23 -24 24 -26 -27 27 28 29 -31
leaf_value=0.070673376932744239 0.02116290601552322 0.2215479177900164 -0.025292237485702956 0.0086675497210191559 -0.17943061956315942 0.10140802707652728 -0.075514800499394241 0.053977903822507917 0.039761430371365661 -0.2446408832921802 0.34523771827160876 -0.16619589550392597 0.21912870411757054 -0.012962250005691586 0.1027005083202151 0.0097495387133896827 -0.047033625124652756 0.18281694517075531 0.000358261480844817 0.10732149960776613 0.46980554131808905 -0.28359303512500816 0.20531586307576816 0.0017037573398920539 0.26117443065450552 0.032899482586213225 0.71229558391857661 -0.0015673851156297403 0.0048874499967820383 -0.050873401504640439
leaf_weight=1152 997 470 369 3003 723 315 628 186 311 183 48 75 129 2156 97 390 134 266 6733 40 40 333 329 372 42 83 160 13234 2461 4837
leaf_count=1152 997 470 369 3003 723 315 628 186 311 183 48 75 129 2156 97 390 134 266 6733 40 40 333 329 372 42 83 160 13234 2461 4837
internal_value=1.11671e-05 0.000973342 0.000583658 -0.000120139 -0.000366664 0.000455871 0.000340347 8.01157e-05 -0.00212234 0.000337351 0.000114796 -0.000177184 0.00159736 -0.000961022 0.000490082 -0.000375 0.000290309 0.00351621 9.95282e-05 -0.000282467 -0.00351449 -0.0046123 0.00210249 0.00309484 0.0013012 -0.00460674 -0.000225988 -0.000384188 -0.000432475 -0.00107275
internal_weight=40296 4838 4368 35458 24831 10627 10312 8986 939 8047 7447 3216 985 2231 856 759 7181 400 6781 24108 413 373 1326 600 414 266 23695 20692 20532 7298
internal_count=40296 4838 4368 35458 24831 10627 10312 8986 939 8047 7447 3216 985 2231 856 759 7181 400 6781 24108 413 373 1326 600 414 266 23695 20692 20532 7298
is_linear=0
shrinkage=0.03


Tree=284
num_leaves=31
num_cat=0
split_feature=8 6 28 23 13 37 14 6 11 0 17 4 18 39 5 0 13 25 16 4 20 40 25 14 25 7 17 5 30 4
split_gain=5.04138 6.44059 5.8171 6.58508 4.97471 4.84616 4.80609 4.46065 4.22342 4.04862 12.5127 6.78733 6.31488 7.75566 7.15291 6.75285 6.05292 5.89314 5.85513 5.73273 5.2958 4.97211 5.03516 4.43892 7.22298 6.46959 7.87575 7.48314 6.15133 6.1502
threshold=615.43750000000011 12.237004405286347 40470.636718750007 4.5000000000000009 293.64000000000004 68.600000000000037 75.593750000000014 23.404625550660793 -2.4362499999999998 11.500000000000002 827.62016500000004 136.50000000000003 1.5000000000000002 -87.274999999999991 42817.312500000007 19.500000000000004 195.09500000000003 103.65375000000002 5891.7438244938066 10.500000000000002 1.0000000180025095e-35 -8.8912499999999977 104.95328125000002 70.535000000000011 12.43125 8.8177083333333375 14.813350000000003 50368.750000000007 84.035000000000011 2.5000000000000004
decision_type=2 2 10 2 10 10 10 2 10 2 10 2 2 10 2 2 10 10 10 2 2 10 10 8 10 2 8 2 10 2
left_child=5 -2 3 4 8 9 -4 -7 -3 10 23 -12 13 14 -11 19 20 -13 -16 21 -14 -15 -23 -1 -25 29 -27 -28 -29 -26
right_child=1 2 6 -5 -6 7 -8 -9 -10 12 11 17 16 15 18 -17 -18 -19 -20 -21 -22 22 -24 24 25 26 27 28 -30 -31
leaf_value=-0.016001105941581457 0.10231635747117851 0.054786944439752835 -0.10703290424299365 -0.23786039212641888 0.59415815918618697 -0.13185367455387961 0.02331772342903058 0.39340936225611928 -0.045311312335774831 -0.046781551406791792 -0.12196726159403183 -0.055741517173181022 0.036217636793858879 0.2494542137399911 0.17940857315473194 -0.017815095596423872 0.74552328509603394 0.12818846141655021 -0.001567286406636298 0.0086332892604437453 -0.10850546847243145 0.10103235297694496 -0.13005989958388484 0.12015496359821966 -0.90645140787695277 0.037473562924919594 -0.5302468457376871 0.084593511242880767 -0.1323558365273351 0.0084134913779517241
leaf_weight=1838 65 44 54 510 85 1236 456 159 1235 203 763 1254 2606 104 1099 4979 157 172 450 7179 146 83 63 230 41 236 268 133 235 14310
leaf_count=1838 65 44 54 510 85 1236 456 159 1235 203 763 1254 2606 104 1099 4979 157 172 450 7179 146 83 63 230 41 236 268 133 235 14310
internal_value=2.7108e-05 -0.00129184 -0.00154717 -0.00232 -0.00123077 0.000112268 0.00129159 -0.00162249 -0.00169922 0.000178523 -0.000117037 -0.00225342 0.000515817 0.000254219 0.00212208 -9.6704e-06 0.00178866 -0.00103013 0.00281613 0.000563257 0.00146023 0.00501992 0.00142857 0.000153539 0.000319335 0.000239425 -0.00226804 -0.00400314 -0.00121951 0.000391931
internal_weight=40393 2449 2384 1874 1364 37944 510 1395 1279 36549 19480 2189 17069 14160 1752 12408 2909 1426 1549 7429 2752 250 146 17291 15453 15223 872 636 368 14351
internal_count=40393 2449 2384 1874 1364 37944 510 1395 1279 36549 19480 2189 17069 14160 1752 12408 2909 1426 1549 7429 2752 250 146 17291 15453 15223 872 636 368 14351
is_linear=0
shrinkage=0.03


Tree=285
num_leaves=31
num_cat=0
split_feature=24 12 28 39 32 25 41 6 4 40 27 5 24 40 27 27 16 29 13 41 4 26 6 27 7 31 28 0 2 4
split_gain=5.17713 17.3242 9.67084 9.33648 6.83627 7.61068 6.79823 7.43662 7.40416 6.61917 6.93761 6.52825 6.86448 6.57212 5.65029 16.1363 8.95787 8.56748 7.38735 6.30074 6.72916 10.0214 5.92048 5.65249 5.86506 5.47367 5.31438 5.43847 5.31264 5.27515
threshold=66.185000000000016 58.415416666666665 45350.062500000007 -24.638749999999998 144.03250000000003 81.049791666666678 6901.1088763121488 19.965418502202649 144.50000000000003 -3.7799999999999971 44153.667135416668 35812.625000000007 149.44875000000002 -110.17124999999999 35711.916666666672 36483.333333333336 4070.2193897979155 -15.628749999999998 -6.2349999999999985 -7075.133459498963 270.50000000000006 40360.007500000007 7.7724669603524239 35563.935156250001 8.2864583333333375 69.105000000000004 30130.000000000004 12.500000000000002 11.500000000000002 154.50000000000003
decision_type=10 10 10 10 10 10 10 2 2 10 10 2 10 10 8 8 10 8 10 8 2 10 2 10 2 10 10 2 2 2
left_child=4 2 6 11 5 14 7 26 -9 10 -7 12 -3 -13 16 18 22 -17 -16 20 25 -22 -1 24 -24 -19 27 -2 -4 -5
right_child=1 3 28 29 -6 9 -8 8 -10 -11 -12 13 -14 -15 15 17 -18 19 -20 -21 21 -23 23 -25 -26 -27 -28 -29 -30 -31
leaf_value=0.50436425983826449 -0.059382436326448622 0.021941809514031688 -0.28860711582136717 -0.024761310492851293 0.50084903378154133 -0.21410354592189307 0.070589989649727722 -0.6176893459048769 0.034171428171785721 0.063957897645452844 0.047641130961942363 0.72847731672884131 -0.50403570555751431 0.027921696255119741 -0.018942252203692656 -0.21139814215639252 -0.071710599075243145 0.026565479917842215 0.15953584206931154 0.0051349313149045622 -0.079281916531717095 0.095674651295577492 0.016779084735719679 -0.29054938213046233 -0.10879365904989251 0.0012645379499656606 -0.13503741068688097 0.40301037303556969 0.050693614689753225 0.0017221630669419597
leaf_weight=72 98 314 307 5719 162 621 229 46 577 204 125 140 253 8561 102 161 493 873 519 7473 40 308 1583 75 176 1223 1586 48 44 8335
leaf_count=72 98 314 307 5719 162 621 229 46 577 204 125 140 253 8561 102 161 493 873 519 7473 40 308 1583 75 176 1223 1586 48 44 8335
internal_value=5.59701e-05 -0.000193655 -0.00236546 7.97496e-05 0.000517205 0.000446295 -0.00172921 -0.00220925 0.000600962 -0.00214511 -0.00345382 0.000818859 -0.00229754 0.00102218 0.0006344 0.000929439 -0.00068125 0.000639944 0.00561897 0.000751664 0.00207362 0.00593123 0.000251704 -8.17439e-05 0.000264205 0.00143062 -0.00321985 0.0022449 -0.00703125 -0.000407684
internal_weight=40467 26257 2935 23322 14210 14048 2584 2355 623 950 746 9268 567 8701 13098 10699 2399 10078 621 9917 2444 348 1906 1834 1759 2096 1732 146 351 14054
internal_count=40467 26257 2935 23322 14210 14048 2584 2355 623 950 746 9268 567 8701 13098 10699 2399 10078 621 9917 2444 348 1906 1834 1759 2096 1732 146 351 14054
is_linear=0
shrinkage=0.03


Tree=286
num_leaves=31
num_cat=0
split_feature=0 7 8 8 40 24 10 41 5 24 16 32 12 41 13 28 41 7 4 25 17 40 6 14 16 28 3 4 12 9
split_gain=4.54036 6.53291 7.64389 6.41146 6.12408 6.09265 10.7334 5.92921 8.21401 8.12712 7.1535 5.50255 5.70854 6.21906 5.36091 6.52061 6.22992 7.17418 6.35728 6.33051 5.23208 5.1558 5.02707 8.81974 8.002 6.25473 5.92199 6.36763 6.00489 14.8947
threshold=13.500000000000002 3.220486111111112 823.91250000000014 161.05625000000001 24.694999999999997 69.52500000000002 84.215000000000018 -8394.4466116639833 46501.500000000007 30.265000000000004 3022.8214322106674 46.303750000000008 28.813854166666669 -10905.320984391374 40.170000000000009 39265.812500000007 5309.8036507842016 4.4357638888888902 28.500000000000004 68.209791666666675 9124.0559400000002 -122.37499999999999 18.527533039647583 91.975000000000009 6434.9811605027671 38818.397343750003 1.0000000180025095e-35 110.50000000000001 91.553697916666678 96.701250000000016
decision_type=2 2 2 2 8 8 10 8 2 10 10 10 10 10 10 10 10 2 2 10 8 10 2 10 10 10 2 2 10 10
left_child=3 -2 5 4 21 -3 20 9 -9 11 -10 12 13 -5 15 -8 17 -17 -19 -20 -7 -1 26 -24 25 -25 28 -28 29 -23
right_child=1 2 -4 7 -6 6 14 8 10 -11 -12 -13 -14 -15 -16 16 -18 18 19 -21 -22 22 23 24 -26 -27 27 -29 -30 -31
leaf_value=0.61981934244477921 0.073719580035115514 0.019916682028160586 -0.11953453083840879 -0.065948065813699108 -0.18281862896469361 -0.11725827891784391 0.14429718743838393 -0.12467096354851122 -0.0038493664135366146 -0.14253588233435968 -0.099275640144003169 -0.15423066670039948 0.058338019812198806 0.040952326680286734 9.9314532667733603e-05 -0.23038270824426432 0.14757228694382227 -0.24277558493439344 -0.092381951724488182 0.11090537157479985 -0.014816083837387879 -0.0019793770610007045 -0.15447328094437182 0.0071449502881179676 0.52435643215853034 0.12399639217666965 -0.6225693874353273 -0.051070014997629011 0.018015453017667226 -0.16329605516911996
leaf_weight=134 986 5014 151 98 375 929 988 1273 3695 62 683 48 267 45 6523 110 158 67 296 328 1299 7466 126 1214 67 622 87 345 6451 601
leaf_count=134 986 5014 151 98 375 929 988 1273 3695 62 683 48 267 45 6523 110 158 67 296 328 1299 7466 126 1214 67 622 87 345 6451 601
internal_value=5.18403e-05 0.00042819 0.000280825 -0.000216188 7.71914e-05 0.000345574 -5.8884e-05 -0.00104747 -0.00132962 0.00201536 -0.000712491 0.00339869 0.00452555 -0.0003125 0.000428521 0.00180955 4.6875e-05 -0.00102868 0.000108382 0.001056 -0.00191117 0.000160395 0.000113958 0.00151478 0.00202468 0.00164943 -7.62491e-05 -0.00353349 2.68614e-05 -0.000518716
internal_weight=40508 16849 15863 23659 17488 15712 10698 6171 5651 520 4378 458 410 143 8470 1947 959 801 691 624 2228 17113 16979 2029 1903 1836 14950 432 14518 8067
internal_count=40508 16849 15863 23659 17488 15712 10698 6171 5651 520 4378 458 410 143 8470 1947 959 801 691 624 2228 17113 16979 2029 1903 1836 14950 432 14518 8067
is_linear=0
shrinkage=0.03


Tree=287
num_leaves=31
num_cat=0
split_feature=39 6 27 33 10 27 7 24 12 27 13 5 8 6 26 12 13 28 5 28 4 15 2 4 4 15 10 4 7 4
split_gain=4.81786 5.75302 10.3118 5.45587 5.19309 4.78689 4.78309 5.74253 4.86804 6.55285 10.08 5.84687 4.6686 5.19218 4.54935 7.42081 8.76606 11.7141 6.73162 8.38101 7.12231 9.08641 10.3514 7.73823 10.4018 7.80024 7.74088 7.52056 7.41865 9.65156
threshold=-1.9299999999999959 5.2614537444933935 44017.041666666679 650.50000000000011 494.55500000000006 44331.113854166673 5.0989583333333348 79.125000000000014 242.03625000000002 48400.291666666672 240.94000000000003 74143.750000000015 760.20625000000007 32.257709251101325 47065.055000000008 84.866770833333348 89.570000000000007 51356.724062500005 50802.187500000007 39420.500000000007 259.50000000000006 17.516145833333336 9.5000000000000018 84.500000000000014 80.500000000000014 126.86041666666668 31.356250000000003 40.500000000000007 5.3871527777777795 262.50000000000006
decision_type=8 2 10 10 10 10 2 10 10 10 10 2 2 2 10 10 10 10 2 10 2 10 2 2 2 10 10 2 2 2
left_child=1 2 -1 6 12 -4 8 -8 -2 10 -10 -12 13 14 18 -16 17 -17 20 -20 23 22 -22 24 25 26 -3 -28 29 -23
right_child=3 4 5 -5 -6 -7 7 -9 9 -11 11 -13 -14 -15 15 16 -18 -19 19 -21 21 28 -24 -25 -26 -27 27 -29 -30 -31
leaf_value=0.11544877019162697 -0.012036811685133273 -0.12949394941705128 -0.14580430138099282 0.91196496134863081 -0.58227479469016319 0.0094481683507659387 0.0049677461545327263 -0.07653893836117745 0.37580265172073751 -0.19982044529207513 -0.036463842441667678 0.44050384047556518 -0.040975547148467004 0.26810923551322335 -0.053612457970902624 0.13978494605477776 -0.073494225962890736 -0.10095650996580062 0.079249191095947427 0.0049371434654091216 -0.060356249136224061 -0.5800062194063299 0.26200971491233704 0.0091472806657974734 -0.32070999480492646 -0.26695066333141115 -0.2685586066424458 0.096396384005927871 -0.10380987596999616 0.017829538903013
leaf_weight=694 2574 181 60 83 223 1878 1014 2993 387 108 734 59 653 169 1567 496 448 161 2210 3907 142 98 158 14471 217 143 52 423 2462 1765
leaf_count=694 2574 181 60 83 223 1878 1014 2993 387 108 734 59 653 169 1567 496 448 161 2210 3907 142 98 158 14471 217 143 52 423 2462 1765
internal_value=2.07249e-05 0.000182326 0.00152678 -0.000641267 6.41133e-05 0.000402269 -0.000722363 -0.00144835 3.10639e-05 0.00153607 0.00218459 0.000245592 9.84053e-05 0.000154793 0.00012404 -0.00105499 0.000827306 0.00303191 0.000244186 0.00111556 -2.0882e-05 -0.00105383 0.00398671 0.000287642 -0.00224189 -0.00065625 0.000730594 0.0027416 -0.0014043 2.41416e-05
internal_weight=40530 32578 2632 7952 29946 1938 7869 4007 3862 1288 1180 793 29723 29070 28901 2672 1105 657 26229 6117 20112 4625 300 15487 1016 799 656 475 4325 1863
internal_count=40530 32578 2632 7952 29946 1938 7869 4007 3862 1288 1180 793 29723 29070 28901 2672 1105 657 26229 6117 20112 4625 300 15487 1016 799 656 475 4325 1863
is_linear=0
shrinkage=0.03


Tree=288
num_leaves=31
num_cat=0
split_feature=35 33 38 25 12 15 26 12 1 0 0 14 25 38 15 25 27 0 41 6 40 27 16 13 33 11 27 38 15 15
split_gain=4.79012 5.68995 4.28443 4.34792 7.37473 5.30941 5.28746 4.87662 4.70936 9.97193 11.5378 10.5205 8.61332 8.358 7.33106 6.86222 6.27319 6.22922 6.16309 5.918 6.86255 5.36475 4.90736 4.90549 4.8831 5.30561 8.49299 8.53431 8.96846 11.2505
threshold=182.39000000000004 495.0800000000001 498.86000000000007 30.627500000000005 21.927291666666672 96.291510416666682 35920.696250000008 13.500208333333335 1.0000000180025095e-35 4.5000000000000009 20.500000000000004 196.57500000000002 161.76687500000003 100.01500000000001 155.70000000000002 47.685468750000005 38229.972864583346 9.5000000000000018 -2938.3385531332274 7.5226872246696042 -72.594999999999985 38957.687500000007 1656.0878786638598 92.590000000000018 85.00500000000001 81.105000000000004 39539.509687500009 -28.495000000000001 47.308697916666667 57.028750000000002
decision_type=10 10 10 10 10 10 10 10 2 2 2 10 10 10 10 10 10 2 8 2 10 10 10 10 10 10 10 10 10 10
left_child=2 -2 3 5 6 -1 -5 -8 9 13 11 12 17 15 -13 -6 18 -11 -17 -16 -21 -18 -19 -20 -10 26 27 28 -26 -30
right_child=1 -3 -4 4 8 -7 7 -9 24 10 -12 14 -14 -15 19 16 21 22 23 20 -22 -23 -24 -25 25 -27 -28 -29 29 -31
leaf_value=0.015225280006906443 -0.40025911473306902 0.38843247624235006 0.93866725361526671 -0.0014078944406543843 0.11745808567557599 -0.2026770706527205 0.012601172455991972 -0.18336939275333905 0.0088901515344731764 0.11168887653946778 -0.065265491159341452 0.81282686115803682 -0.34730967974126198 -0.67677974083655323 0.669038544885183 0.35914540831618741 -0.29459687683311925 -0.0076929363249350043 -0.059400340435419703 1.2292510034963458 0.061295969837172205 -0.061804696812122403 0.089818641345675479 0.15681199344750169 0.15380620815834789 0.0014042562464754837 -0.00037171864737260306 -0.073874000146285035 -0.26854762448371589 0.044238887033054008
leaf_weight=4978 224 81 90 406 40 114 153 415 3429 680 557 130 65 69 146 51 44 1029 282 61 432 368 414 79 272 17673 4727 2956 109 315
leaf_count=4978 224 81 90 406 40 114 153 415 3429 680 557 130 65 69 146 51 44 1029 282 61 432 368 414 79 272 17673 4727 2956 109 315
internal_value=6.27631e-05 -0.00367647 9.1306e-05 7.65096e-05 -4.29762e-05 0.000895347 -0.00261538 -0.00448155 3.0947e-05 0.000940872 0.00167283 0.00241886 0.00135678 -0.00181478 0.00543506 -0.00100578 -0.0016 0.00168785 0.00101695 0.00410156 0.00252024 -0.00421308 0.00057133 -0.000372928 -0.000106336 -0.000246421 -0.000868138 -0.00195456 0.001033 -0.00169412
internal_weight=40389 305 40084 39994 34902 5092 974 568 33928 4447 3514 2957 2188 933 769 864 824 2123 412 639 493 412 1443 361 29481 26052 8379 3652 696 424
internal_count=40389 305 40084 39994 34902 5092 974 568 33928 4447 3514 2957 2188 933 769 864 824 2123 412 639 493 412 1443 361 29481 26052 8379 3652 696 424
is_linear=0
shrinkage=0.03


Tree=289
num_leaves=31
num_cat=0
split_feature=40 10 11 17 37 32 5 1 28 13 12 25 28 0 6 17 6 14 4 4 7 5 8 28 25 28 13 34 26 5
split_gain=5.93581 6.54855 5.37601 5.83803 5.03655 4.79403 4.95477 7.63446 10.5537 6.78362 6.56391 6.10323 9.61651 6.40304 6.1362 6.04198 4.77563 4.70877 4.60812 9.74333 7.15611 7.03739 6.08241 6.18885 11.5764 10.4672 6.32655 8.18399 5.51422 5.37623
threshold=-36.636249999999983 39.065000000000005 66.001250000000013 5926.9808900000016 -36.181249999999991 0.10500000000000002 48103.500000000007 1.0000000180025095e-35 46192.702812500014 250.07500000000002 61.333333333333336 87.964322916666674 51356.724062500005 14.500000000000002 15.232158590308373 2838.9520650000004 8.4407488986784163 165.07875000000004 259.50000000000006 262.50000000000006 9.4340277777777803 74725.000000000015 293.7000000000001 39166.062500000007 18.394166666666671 38401.22187500001 67.617500000000021 105.25500000000001 41621.296250000007 48006.250000000007
decision_type=8 10 10 10 10 10 2 2 10 10 10 10 10 2 2 8 2 10 2 2 2 2 2 10 10 10 10 10 10 2
left_child=1 2 -1 17 -2 -3 -7 8 -8 11 -10 13 14 15 -13 -9 -15 -4 -6 -20 21 22 23 24 -21 28 -25 -28 -26 -27
right_child=4 5 3 -5 18 6 7 9 10 -11 -12 12 -14 16 -16 -17 -18 -19 19 20 -22 -23 -24 26 25 29 27 -29 -30 -31
leaf_value=0.0065194865667963621 -0.055316180032622952 -0.07270377430059223 -0.050113326116851126 -0.144377868652381 0.0032543098367179366 0.021080881469676453 0.40343834520874622 0.013259527903901898 -0.42979331611920057 -0.63364710958291759 0.070253321009993777 0.19968293984479316 -0.18354991222345701 0.20929770948152834 -0.085608875887872526 -0.12224802182025868 0.038523428220344581 0.62774917819559062 -0.34995446059510904 -0.36841065411909052 -0.18409411197969178 0.57127235413340316 -0.15220497213828132 -0.082100414290106338 0.02907864086803855 0.22665381012008054 0.067553241892235993 -0.025147058473474856 -0.30154082485748401 0.3862113395789582
leaf_weight=2884 1395 236 871 168 22121 2642 351 391 43 83 58 860 96 128 87 284 374 75 198 61 371 152 587 1062 2256 132 252 2086 43 116
leaf_count=2884 1395 236 871 168 22121 2642 351 391 43 83 58 860 96 128 87 284 374 75 198 61 371 152 587 1062 2256 132 252 2086 43 116
internal_value=8.34075e-05 0.000733493 -0.000195049 -0.00196413 -0.000119677 0.00139244 0.00157558 0.00246553 0.00602649 0.00176432 -0.0025 0.00208014 0.00375 0.000598472 0.00466772 -0.00130917 0.00316103 -0.00104541 -3.61777e-05 -0.000688807 -0.000505689 -0.000282306 -0.000429806 -0.000144783 0.000954389 0.0012657 -0.000987945 -0.000115434 0.000632609 0.00710843
internal_weight=40463 9631 3998 1114 30832 5633 5397 2755 452 2303 101 2220 1043 1177 947 675 502 946 29437 7316 7118 6747 6595 6008 2608 2547 3400 2338 2299 248
internal_count=40463 9631 3998 1114 30832 5633 5397 2755 452 2303 101 2220 1043 1177 947 675 502 946 29437 7316 7118 6747 6595 6008 2608 2547 3400 2338 2299 248
is_linear=0
shrinkage=0.03


Tree=290
num_leaves=31
num_cat=0
split_feature=5 15 14 28 38 6 8 27 31 15 39 11 15 15 15 25 32 38 27 1 38 25 11 11 14 16 7 26 33 14
split_gain=4.45437 5.63664 5.77883 5.63198 5.33006 5.31136 4.99595 6.61343 5.66905 6.15464 5.00203 4.89114 4.85699 4.9802 7.11272 4.84876 4.76189 4.60223 4.67259 5.66291 4.54899 4.45716 5.76255 5.09398 4.26905 4.26546 4.2628 5.74627 4.23842 4.27622
threshold=39206.250000000007 49.953125000000007 117.00500000000001 22538.562500000004 -1.4925000000000004 24.300881057268729 551.51875000000007 36787.869947916675 54.905000000000008 18.972500000000004 -94.424999999999983 -7.7899999999999991 57.817291666666669 74.304300000000012 72.598541666666677 628.70145833333345 139.64500000000001 -75.254999999999981 35711.916666666672 5.5000000000000009 -29.197499999999991 24.031145833333337 95.711250000000021 34.593750000000007 134.82500000000002 6194.6877493118373 4.5954861111111134 38404.500000000007 133.31250000000003 104.55500000000002
decision_type=2 10 10 8 10 2 2 8 8 8 8 8 10 10 10 10 10 10 10 2 10 10 10 10 10 10 2 10 10 10
left_child=1 2 28 15 6 12 7 17 9 -9 16 -6 26 14 21 -2 -10 -5 19 25 -4 -14 23 -23 -25 -19 27 -3 29 -1
right_child=3 5 20 4 11 -7 -8 8 10 -11 -12 -13 13 -15 -16 -17 -18 18 -20 -21 -22 22 -24 24 -26 -27 -28 -29 -30 -31
leaf_value=0.0089361595861607943 0.21786747357981881 0.18434715756777109 0.27373885232819267 0.38261039357066834 0.054971825571371299 -0.31296269303948065 -0.019860485429007469 0.078016066151654725 0.098319551140223699 -0.037708968197087411 0.012408037071778039 -0.003220841975181514 -0.10514645734719914 -0.041691531479758057 0.14307530464976878 3.1525608815633674 0.80293535573102004 0.028622130670793736 0.12622000136960718 0.27164813457401787 0.015988140656044435 -0.085869039392183738 -0.59738182080835056 0.082516147682478613 -0.050126482109670856 -0.31978072852417994 -0.2268703817531898 -0.13834563104774331 -0.10782992544596083 -0.091601241886209869
leaf_weight=1410 67 67 149 145 132 113 1169 92 405 1127 4597 24544 47 2879 75 47 95 1054 464 94 247 92 41 386 69 76 229 72 112 326
leaf_count=1410 67 67 149 145 132 113 1169 92 405 1127 4597 24544 47 2879 75 47 95 1054 464 94 247 92 41 386 69 76 229 72 112 326
internal_value=1.92959e-05 -0.000712589 0.000494432 0.000154798 0.000132372 -0.00137804 0.000743642 0.00100675 0.000546145 -0.00129098 0.000985681 -9.84723e-05 -0.00119378 -0.000856546 0.00139241 0.00678261 0.00383234 0.00259269 0.0021492 0.00117551 0.00377834 0.000353774 0.00106961 0.00188869 0.00319079 0.000583554 -0.00447154 -0.000321429 -0.000210925 0.00015544
internal_weight=40422 6314 2244 34108 33994 4070 9318 8149 6316 1219 5097 24676 3957 3589 710 114 500 1833 1688 1224 396 635 588 547 455 1130 368 139 1848 1736
internal_count=40422 6314 2244 34108 33994 4070 9318 8149 6316 1219 5097 24676 3957 3589 710 114 500 1833 1688 1224 396 635 588 547 455 1130 368 139 1848 1736
is_linear=0
shrinkage=0.03


Tree=291
num_leaves=31
num_cat=0
split_feature=40 10 10 16 15 4 15 4 15 7 30 14 14 14 15 39 14 13 34 11 32 4 1 15 12 28 14 11 32 15
split_gain=4.03829 4.81991 9.70332 6.32842 7.79459 10.3216 6.10966 5.83059 5.55775 5.21827 5.1105 5.03143 9.86691 6.22569 5.00884 4.93363 4.86667 4.96978 4.36802 4.32388 4.30576 8.16851 5.95522 4.54998 9.64323 9.29791 7.09028 6.22034 5.44598 6.09308
threshold=-34.756249999999994 155.05000000000004 353.44500000000005 5688.1073892065997 83.189166666666679 168.50000000000003 210.63687500000006 237.50000000000003 406.63729166666673 8.8177083333333375 153.01250000000002 103.04000000000001 83.515000000000015 64.335000000000008 55.370104166666671 -173.80999999999997 112.01000000000001 48.045000000000009 77.870000000000019 130.00500000000002 315.84500000000008 68.500000000000014 3.5000000000000004 167.20895833333336 210.63687500000006 27367.007968750004 336.83500000000009 200.00500000000002 156.82500000000002 149.58244791666669
decision_type=8 10 10 8 10 2 10 2 10 2 10 10 10 10 10 10 10 10 10 10 10 2 2 8 8 10 10 8 8 10
left_child=1 3 9 4 5 -1 15 18 -4 -3 -11 12 13 14 -9 -5 -13 -18 -7 -6 23 -22 -23 25 27 -2 28 -25 29 -27
right_child=20 2 8 6 19 7 -8 11 -10 10 -12 16 -14 -15 -16 -17 17 -19 -20 -21 21 22 -24 24 -26 26 -28 -29 -30 -31
leaf_value=0.0047788389908963898 0.1916811851126333 0.33764427070812925 -0.65031972053820197 -0.7519260406541568 -0.041183939470064532 0.052829332845764701 0.5169512638870648 0.48888539507433731 0.48602943843552676 0.27714046093643202 -0.35440444806809834 -0.10798979735306986 0.2649956320238635 -0.038797719897862175 0.033767114326392358 -0.0094700111631788441 0.11363833272645464 -0.082081831920634091 0.36600233352263578 0.12667333596732505 0.7977418694674332 0.26893237098802786 -0.70878168897235916 -0.15110266676531892 -0.0041615255853821509 -0.0019248665212204584 -0.30292329176659066 -0.032686934253090952 0.04675503226645901 -0.079030010010058618
leaf_weight=1994 356 693 160 40 810 150 95 53 89 84 80 144 156 134 65 4648 269 70 257 144 105 69 63 843 4302 20683 100 1283 2038 617
leaf_count=1994 356 693 160 40 810 150 95 53 89 84 80 144 156 134 65 4648 269 70 257 144 105 69 63 843 4302 20683 100 1283 2038 617
internal_value=-2.21702e-06 0.000516476 0.00238482 0.000287375 0.00113021 0.00182205 -0.000460911 0.003903 -0.00282 0.0038986 -0.000909091 0.00253924 0.00498778 0.00130435 0.00630252 -0.000614203 0.000464876 0.00242647 0.006875 -0.00125654 -0.000174819 0.00384454 -0.00112782 -0.000206465 -0.000914606 -1.51292e-05 -8.83143e-05 -0.002567 -5.39869e-05 -0.000195765
internal_weight=40594 10135 1106 9029 4246 3292 4783 1298 249 857 164 891 408 252 118 4688 483 339 407 954 30459 237 132 30222 6428 23794 23438 2126 23338 21300
internal_count=40594 10135 1106 9029 4246 3292 4783 1298 249 857 164 891 408 252 118 4688 483 339 407 954 30459 237 132 30222 6428 23794 23438 2126 23338 21300
is_linear=0
shrinkage=0.03


Tree=292
num_leaves=31
num_cat=0
split_feature=7 40 15 13 13 14 25 5 40 5 41 32 12 8 14 24 4 14 26 10 24 39 12 25 21 10 12 9 34 8
split_gain=4.74242 4.58969 5.98339 4.89726 8.11893 8.70116 6.26248 8.13336 5.53689 4.29814 6.69754 12.9073 7.01824 6.72672 6.02313 7.52838 6.30699 5.76992 8.4219 5.69779 9.40425 8.81322 7.66946 7.40974 6.26581 5.75246 7.65859 5.58651 6.59815 6.74269
threshold=11.862847222222227 3.5549999999999788 -1.0000000180025095e-35 293.64000000000004 304.53000000000003 488.71500000000009 311.9752083333334 48902.250000000007 34.675000000000004 43179.937500000007 1195.1037288894152 8.6300000000000008 36.776875000000011 348.43750000000006 82.641250000000014 49.085000000000008 176.50000000000003 64.335000000000008 35025.686250000006 99.115000000000023 71.885000000000005 -83.611249999999998 69.39104166666668 138.40421875000001 1.0000000180025095e-35 26.795000000000005 44.237916666666671 39.045000000000009 107.92500000000003 3.3187500000000005
decision_type=2 8 8 10 10 10 10 2 10 2 8 10 10 2 10 8 2 10 10 10 8 10 10 10 2 10 10 10 10 2
left_child=1 9 -3 8 -5 -6 -7 -8 -4 10 14 12 -12 -13 15 17 27 -1 -19 20 -11 23 25 -21 -24 -22 -27 -16 -29 -30
right_child=-2 2 3 4 5 6 7 -9 -10 19 11 13 -14 -15 16 -17 -18 18 -20 21 22 -23 24 -25 -26 26 -28 28 29 -31
leaf_value=0.01568666519798935 -0.12780170924729234 0.24089260184608882 -0.019960948332346504 0.52426827401422138 -1.1535383201429641 0.80508379988689849 -0.24268229845734368 0.52562121081997981 -0.24603023847886499 0.0091142222385192893 -0.039218725417289012 -0.005610834674662328 -0.51342058680599911 -0.17913487124371358 0.033395007299082811 -0.18631787888320658 0.056529727920097916 0.047416228189078514 -0.082639600758661724 0.067161853200631047 -0.15870191029695008 0.020063103668772866 -0.0070581163256405689 0.57500376372225626 0.21712851506150385 0.020746732513905391 -0.067636935231389431 -0.24022368122201149 0.10196932366846269 -0.24818718313338589
leaf_weight=687 267 45 5649 137 47 53 307 152 494 8431 181 4393 165 667 455 219 1940 99 357 393 260 9147 3536 366 63 536 1060 236 206 104
leaf_count=687 267 45 5649 137 47 53 307 152 494 8431 181 4393 165 667 455 219 1940 99 357 393 260 9147 3536 366 63 536 1060 236 206 104
internal_value=3.68976e-06 3.00847e-05 -0.000675381 -0.000747807 0.00163558 2.67857e-05 0.00116959 3.26087e-05 -0.00101807 0.000175064 -0.000356849 -0.00105974 -0.00665706 -0.000675756 0.000526255 -0.00112252 0.00128994 -0.000144231 -0.00275711 0.000392132 0 0.000941758 -0.000970491 0.00404605 -0.0001625 -0.00253635 -0.00185974 -0.000643713 -0.00268739 0.000192926
internal_weight=40652 40385 6884 6839 696 559 512 459 6143 33501 9709 5406 346 5060 4303 1362 2941 1143 456 23792 13886 9906 5455 759 3599 1856 1596 1001 546 310
internal_count=40652 40385 6884 6839 696 559 512 459 6143 33501 9709 5406 346 5060 4303 1362 2941 1143 456 23792 13886 9906 5455 759 3599 1856 1596 1001 546 310
is_linear=0
shrinkage=0.03


Tree=293
num_leaves=31
num_cat=0
split_feature=5 24 12 13 4 28 14 4 14 4 28 28 5 28 39 14 14 28 4 25 35 12 4 17 14 13 8 5 31 32
split_gain=4.90292 5.5784 8.54063 11.2736 13.3544 7.20587 7.2215 6.95892 7.03805 8.43132 7.47963 6.9091 9.71067 8.77134 8.26977 7.34767 7.09904 6.71179 8.37859 6.84917 9.23284 6.65137 8.40467 6.80259 8.62342 6.62032 7.06826 6.40595 6.28513 6.25179
threshold=75364.500000000015 79.125000000000014 87.752083333333346 39.305000000000007 293.50000000000006 42845.000000000007 41.100000000000009 348.50000000000006 126.41625000000001 342.50000000000006 46411.984843750011 45350.062500000007 50802.187500000007 34367.756562500006 -17.345000000000002 220.38000000000002 258.29125000000005 40777.095312500009 84.500000000000014 135.62098958333337 6.6949999999999976 57.817291666666669 12.500000000000002 1318.1404850000001 101.15500000000002 76.780000000000015 393.43750000000011 34554.750000000007 299.90500000000003 138.60125000000002
decision_type=2 10 10 10 2 10 10 2 10 2 10 10 2 8 10 10 10 10 2 10 10 10 2 8 10 10 2 2 10 10
left_child=1 29 5 4 -4 6 -3 8 10 11 -5 12 13 25 -14 17 -17 19 -19 -15 -21 -7 -23 24 -24 -10 -27 -8 -16 -1
right_child=-2 2 3 7 -6 21 27 -9 9 -11 -12 -13 14 15 28 16 -18 18 -20 20 -22 22 23 -25 -26 26 -28 -29 -30 -31
leaf_value=0.0050450190426405729 0.053528610597901857 -0.41064033280365281 0.062242559951085852 0.013496113541526852 0.59081538708888182 -0.33200672663272918 -0.3508439629978608 -0.17822366925110131 0.10490442460158292 0.17866474482282485 0.21808197807500776 -0.047402509805355916 0.13679614717014671 -0.081566163924743335 -0.013348404563971598 -0.39497676307191709 -0.047808773131386172 -0.19350057924719791 0.10267962491266359 0.16456931315905621 -0.10688750857954474 0.11443673087605354 0.17972890369005581 -0.1308860495702136 -0.061698724221279089 0.007887468532019425 -0.14258903610632984 -0.0064577328279036544 0.27272890558996266 0.35469840994928159
leaf_weight=17160 841 54 1274 662 162 294 158 614 478 259 128 1989 1576 1199 2615 328 222 51 268 235 185 86 71 457 597 3197 867 3950 369 257
leaf_count=17160 841 54 1274 662 162 294 158 614 478 259 128 1989 1576 1199 2615 328 222 51 268 235 185 86 71 457 597 3197 867 3950 369 257
internal_value=6.8343e-05 2.03707e-05 -0.000293341 4.85641e-05 0.00258873 -0.0012994 -0.000655777 -0.000190907 -5.94709e-05 -0.000216779 0.00269279 -0.000319219 -3.88232e-05 -0.00073816 0.00103925 -0.00216955 -0.00522686 -0.00129964 0.00267187 -0.00208333 0.0012114 -0.00307769 -0.00209158 -0.00278419 -0.000852018 4.6225e-05 -0.000346863 -0.000511073 0.000110553 0.000422838
internal_weight=40603 39762 22345 16678 1436 5667 4162 15242 14628 13838 790 13579 11590 7030 4560 2488 550 1938 319 1619 420 1505 1211 1125 668 4542 4064 4108 2984 17417
internal_count=40603 39762 22345 16678 1436 5667 4162 15242 14628 13838 790 13579 11590 7030 4560 2488 550 1938 319 1619 420 1505 1211 1125 668 4542 4064 4108 2984 17417
is_linear=0
shrinkage=0.03


Tree=294
num_leaves=31
num_cat=0
split_feature=39 7 26 0 8 7 40 12 15 28 25 0 7 8 29 12 37 30 13 4 30 26 38 12 15 38 25 16 5 25
split_gain=4.88553 5.97566 4.14186 4.02122 8.55707 5.31064 4.92664 6.9794 5.22413 4.87939 5.58331 4.87352 4.81013 6.49973 4.70369 8.00396 9.69726 6.70079 6.41708 7.87835 7.03616 6.75442 7.03095 5.69931 5.65921 5.59468 5.54513 4.91303 5.79508 4.83768
threshold=3.100000000000009 4.5364583333333348 37548.905000000006 13.500000000000002 168.18125000000003 4.0225694444444455 -13.106249999999994 109.41791666666667 364.06333333333345 47695.554531250011 87.313541666666666 11.500000000000002 3.1822916666666674 823.91250000000014 161.00875000000002 98.345156250000016 0.5799999999999913 81.502500000000012 47.020000000000003 357.50000000000006 114.78375000000001 44823.916250000002 -32.894999999999996 111.80541666666669 74.304300000000012 39.135000000000012 90.912916666666675 3356.5495781531386 37701.562500000007 177.58057291666668
decision_type=10 2 10 2 2 2 10 10 10 10 10 2 2 2 10 8 10 10 10 2 8 10 8 10 10 10 10 10 2 10
left_child=3 2 -2 4 5 6 9 -8 -9 -1 -11 -6 -5 -14 15 16 17 -7 21 20 29 22 23 -17 -18 -19 -27 28 -16 -20
right_child=1 -3 -4 12 11 14 7 8 -10 10 -12 -13 13 -15 27 18 24 25 19 -21 -22 -23 -24 -25 -26 26 -28 -29 -30 -31
leaf_value=0.11818265715228583 0.37325023860035172 -0.20442376164847045 -0.042247939950903937 0.051725723798721632 -0.051156957026281299 0.0097342340313234747 -0.018364237881889522 0.065437864429404372 -0.45595373656974514 -0.15460687539535029 0.049706034416328322 -0.0065843192013911528 0.0067735749427968979 -0.10801331101793356 -0.25148504365657887 -0.37930946984188679 -0.017917288729533992 -0.011934248785069549 0.038184684689826227 -1.216916153207781 -0.010601347501338622 0.56259191306442813 0.25141294336032299 0.21252459060531934 -0.19004415705257299 -0.31211170517839099 0.051248160039502506 -0.28441545957340669 -0.0047908818052903252 0.36515435349714764
leaf_weight=908 79 261 102 894 2862 4382 1041 956 71 68 44 3100 15679 164 477 54 585 2634 1184 42 1640 59 224 50 616 252 76 134 1755 196
leaf_count=908 79 261 102 894 2862 4382 1041 956 71 68 44 3100 15679 164 477 54 585 2634 1184 42 1640 59 224 50 616 252 76 134 1755 196
internal_value=1.81079e-05 -0.00311512 0.00107143 5.26801e-05 -0.000201187 0.000134105 0.00126254 0.000420493 0.00217412 0.00296768 -0.00292035 -0.00118229 0.000407755 0.000286859 -0.000108628 0.000132555 -0.000359817 4.90129e-05 0.00135217 0.000891283 0.00107249 0.00498711 0.00328267 -0.00314286 -0.00285774 -0.00105299 -0.00474164 -0.0013308 -0.000994178 0.00265025
internal_weight=40589 442 181 40147 23410 17448 3088 2068 1027 1020 112 5962 16737 15843 14360 11994 8545 7344 3449 3062 3020 387 328 104 1201 2962 328 2366 2232 1380
internal_count=40589 442 181 40147 23410 17448 3088 2068 1027 1020 112 5962 16737 15843 14360 11994 8545 7344 3449 3062 3020 387 328 104 1201 2962 328 2366 2232 1380
is_linear=0
shrinkage=0.03


Tree=295
num_leaves=31
num_cat=0
split_feature=8 4 6 0 8 1 12 0 38 23 15 6 26 31 27 27 27 40 33 12 9 4 37 4 13 6 12 4 24 12
split_gain=4.96954 5.89629 5.07695 5.02428 10.7928 7.57378 7.14159 6.70728 8.20991 6.67249 6.45981 6.07524 11.0854 5.97389 5.94486 6.47205 8.64307 5.67406 5.66946 5.87233 8.78913 8.65116 8.03928 7.29352 6.69925 7.94582 9.46018 7.14644 6.22311 6.22005
threshold=579.24375000000009 250.50000000000003 12.06674008810573 11.500000000000002 153.73125000000002 5.5000000000000009 242.03625000000002 19.500000000000004 3.4449999999999985 4.5000000000000009 302.37062500000008 13.28876651982379 37548.905000000006 99.321250000000006 25447.083333333339 26213.354166666668 27049.395833333336 -122.37499999999999 40.045000000000009 54.161250000000003 45.003750000000004 74.500000000000014 0.5799999999999913 344.50000000000006 113.11000000000001 2.5107929515418506 171.40208333333337 2.5000000000000004 112.65500000000002 109.83458333333334
decision_type=2 2 2 2 2 2 10 2 10 2 10 2 10 10 10 10 10 8 8 10 10 2 8 2 10 2 10 2 8 10
left_child=3 2 -2 4 17 7 -7 8 -5 -6 -8 12 -10 -14 -13 -16 -17 -1 -19 20 21 -20 -23 -24 27 28 -27 -21 -26 -29
right_child=1 -3 -4 5 9 6 10 -9 11 -11 -12 14 13 -15 15 16 -18 18 19 24 -22 22 23 -25 25 26 -28 29 -30 -31
leaf_value=0.52365960757498686 0.078760695085189625 -0.30047459228685608 -0.017300655122237458 0.036581619309040074 -0.022361728689473635 0.037361788778425581 1.0158219033849878 -0.012333968034199073 0.2484305946326458 -0.11200514774059574 0.01615438205403592 0.42004044499939308 0.047292827281994784 -0.034534407470213746 -0.66814958272405756 0.55972740215278916 -0.064404782221502047 0.089429513804151234 -0.049143225701197051 -0.62053130400643741 -0.099458652112197399 0.021617851283226734 -0.051288102985919203 -0.29201294426882446 0.28349823619364173 -0.16022080604789971 -0.026537035256663868 0.0064187737920724424 0.028909639861626743 0.056602152865185426
leaf_weight=127 82 113 2897 4409 2149 2323 101 5775 417 840 65 187 565 1369 83 91 1869 129 500 43 1203 2287 204 53 61 402 2480 6467 556 2580
leaf_count=127 82 113 2897 4409 2149 2323 101 5775 417 840 65 187 565 1369 83 91 1869 129 500 43 1203 2287 204 53 61 402 2480 6467 556 2580
internal_value=8.86762e-05 -0.00106693 -0.000810403 0.000184406 -0.000138183 0.000559838 0.00209036 0.000301707 0.000814147 -0.001801 0.00808383 -7.52946e-05 0.00098852 3.10078e-05 -0.00119677 -0.00166585 -0.00131566 0.000152694 0.00010521 5.70173e-05 -0.000907486 -4.92611e-05 0.000660118 -0.00436047 0.000382446 -0.000732857 -0.00139438 0.000811792 0.00235437 0.000870358
internal_weight=40427 3092 2979 37335 20081 17254 2489 14765 8990 2989 166 4581 2351 1934 2230 2043 1960 17092 16965 16836 4247 3044 2544 257 12589 3499 2882 9090 617 9047
internal_count=40427 3092 2979 37335 20081 17254 2489 14765 8990 2989 166 4581 2351 1934 2230 2043 1960 17092 16965 16836 4247 3044 2544 257 12589 3499 2882 9090 617 9047
is_linear=0
shrinkage=0.03


Tree=296
num_leaves=31
num_cat=0
split_feature=8 4 27 29 12 10 37 6 10 24 4 41 14 4 11 38 38 4 8 7 24 12 4 8 24 1 28 4 12 34
split_gain=5.06302 8.59822 6.87734 6.78691 11.1906 7.43868 6.98177 6.52897 5.91886 10.484 10.6699 7.54113 5.99381 5.57217 5.47035 5.35146 5.26249 5.12129 4.86245 5.98214 5.25372 7.76989 12.4762 6.9576 8.7878 8.05397 7.02526 6.76535 9.39173 6.70321
threshold=529.36250000000007 242.50000000000003 41115.770833333343 7.8675000000000006 6.7772916666666676 25.777500000000003 0.019999999999988919 23.076431718061677 51.205000000000005 55.735000000000007 316.50000000000006 4081.6994252008885 148.38375000000005 359.50000000000006 127.61125000000001 -92.584999999999994 60.880000000000017 164.50000000000003 183.55625000000003 3.3211805555555562 66.185000000000016 69.39104166666668 178.50000000000003 0.26875000000000004 96.516250000000014 1.0000000180025095e-35 27979.812500000004 285.50000000000006 108.21625000000002 88.145000000000024
decision_type=2 2 10 8 10 10 10 2 8 10 2 8 10 2 10 8 10 2 2 2 8 10 2 2 8 2 10 2 10 10
left_child=3 -2 -3 4 -1 6 -6 8 9 10 16 12 -11 14 -13 -10 -5 -9 19 -17 27 22 -22 24 26 -25 -23 -21 29 -29
right_child=1 2 -4 7 5 -7 -8 17 15 11 -12 13 -14 -15 -16 18 -18 -19 -20 20 21 23 -24 25 -26 -27 -28 28 -30 -31
leaf_value=-0.10462131667851989 -0.010142148892869863 -0.2272392824011763 0.056542770892744725 -0.002773642949000248 0.10283389524741464 0.0033916573960898777 0.042765816610704818 -0.075554086613613194 0.33290060162661117 -0.18072593206074045 0.12696013265772713 -0.0261630248629681 0.036905959294531665 -0.67960522784067434 0.20935090612707241 0.045322642083763041 -0.36904688654174089 0.070718746613152125 -0.01789479581143439 0.030963527574386411 -0.067968961545678469 0.3043917615435846 0.021990267567257644 0.19506189536345003 -0.023720178214268299 0.023615593971159327 0.016813801723169205 -0.2017726945881603 -0.33359374320621882 0.041043301987261596
leaf_weight=177 3714 319 45 4524 325 423 326 206 212 899 237 1248 156 44 157 1376 40 2158 4826 2874 1351 58 1070 547 6592 4040 1970 151 89 405
leaf_count=177 3714 319 45 4524 325 423 326 206 212 899 237 1248 156 44 157 1376 40 2158 4826 2874 1351 58 1070 547 6592 4040 1970 151 89 405
internal_value=5.36243e-05 -0.000948762 -0.00534247 0.000165698 0.00233626 0.00348837 0.00549847 8.85584e-05 -2.09937e-05 -0.000774021 4.68555e-05 -0.00234731 -0.00427557 -0.000941379 -0.000608108 0.000194234 -0.000276013 0.00161099 0.000154438 0.000355925 0.000218561 -1.72756e-05 -0.00157927 0.000269155 -0.000233152 0.00121295 0.00149335 0.00126563 -0.00150929 -5.386e-05
internal_weight=40559 4078 364 36481 1251 1074 651 35230 32866 7305 4801 2504 1055 1449 1405 25561 4564 2364 25349 20523 19147 15628 2421 13207 8620 4587 2028 3519 645 556
internal_count=40559 4078 364 36481 1251 1074 651 35230 32866 7305 4801 2504 1055 1449 1405 25561 4564 2364 25349 20523 19147 15628 2421 13207 8620 4587 2028 3519 645 556
is_linear=0
shrinkage=0.03


Tree=297
num_leaves=31
num_cat=0
split_feature=23 24 10 15 15 25 28 11 1 32 14 7 35 28 4 13 6 29 18 4 4 8 9 12 14 15 13 7 12 12
split_gain=4.63935 4.60077 13.1811 7.92545 7.01813 6.9922 6.80996 6.01927 5.92199 5.0417 5.02567 7.29803 5.90202 5.11293 6.7928 6.49842 5.32529 5.23435 4.97172 5.79603 4.87021 6.045 5.23023 9.75275 10.3029 8.8385 7.8316 7.29162 8.58294 11.0555
threshold=10.500000000000002 69.52500000000002 71.185000000000016 75.107291666666683 73.098541666666691 48.726458333333333 53368.219218750011 142.42125000000001 1.5000000000000002 130.00500000000002 137.46500000000003 3.4531250000000004 -6.3375000000000012 42496.000000000007 70.500000000000014 7.4350000000000014 20.620044052863442 -1.1062499999999997 1.0000000180025095e-35 234.50000000000003 32.500000000000007 1.2937500000000004 18.320000000000004 55.370104166666671 80.010000000000005 47.308697916666667 0.21500000000000002 8.5642361111111143 58.415416666666665 57.028750000000002
decision_type=2 10 10 8 10 10 10 8 2 8 10 2 10 10 2 10 2 10 2 2 2 2 10 10 10 10 10 2 10 10
left_child=1 3 7 4 6 -6 20 -3 -9 10 11 12 -5 14 -13 -15 17 -16 -12 -20 21 -1 26 -24 25 -25 -22 28 29 -26
right_child=-2 2 -4 9 5 -7 -8 8 -10 -11 18 13 -14 15 16 -17 -18 -19 19 -21 22 -23 23 24 27 -27 -28 -29 -30 -31
leaf_value=0.012712518440018207 -0.24494008434088538 -0.044896858788643038 0.0021303058957792584 -0.035214136537866425 0.30154820142022815 0.030007652190891815 0.13404888004786855 0.28070936005803476 -0.12227901743179444 0.10426983798416443 -0.090850945001961128 -0.33199567906508887 0.17862670464088368 0.11064672393844961 -0.26575976220447378 -0.014714326172280535 -0.13512406651318876 0.0020055047017658268 -0.088461301561080175 -0.57272819620467019 0.0084880873346562039 0.11049193860640681 -0.019289165205454605 0.0018625095679370672 -0.015409779044776783 0.15440867959731805 0.090526888660940649 -0.24150778460542824 0.0086106482906330942 0.32800967218122534
leaf_weight=394 62 3694 21531 83 92 182 81 183 99 147 505 96 123 218 83 425 294 1073 103 83 2826 226 3781 108 127 155 660 159 2897 157
leaf_count=394 62 3694 21531 83 92 182 81 183 99 147 505 96 123 218 83 425 294 1073 103 83 2826 226 3781 108 127 155 660 159 2897 157
internal_value=3.94853e-05 5.21116e-05 -0.000193469 0.000467538 0.000826861 0.00556364 0.000714224 -0.00178024 0.00243816 -0.000848794 -0.00110787 -0.000457012 0.00492754 -0.000965753 -0.00190045 0.00128106 -0.00138525 -0.000466724 -0.00335983 -0.00754011 0.000652685 0.00323671 0.000505013 5.28097e-05 0.00116953 0.006875 0.00146258 0.000718348 0.00103237 0.006
internal_weight=40647 40585 25507 15078 11845 274 11571 3976 282 3233 3086 2395 206 2189 1546 643 1450 1156 691 186 11490 620 10870 7384 3603 263 3486 3340 3181 284
internal_count=40647 40585 25507 15078 11845 274 11571 3976 282 3233 3086 2395 206 2189 1546 643 1450 1156 691 186 11490 620 10870 7384 3603 263 3486 3340 3181 284
is_linear=0
shrinkage=0.03


Tree=298
num_leaves=31
num_cat=0
split_feature=15 14 9 11 38 7 8 1 26 8 14 17 15 11 39 4 1 28 4 27 32 12 27 5 39 12 14 12 14 4
split_gain=3.88366 5.28132 4.31472 5.13778 3.94529 3.68564 5.06826 8.95013 4.66579 5.73415 4.87152 4.53472 4.31483 5.21269 4.60178 4.50008 5.37862 4.13311 7.75592 5.5074 6.60759 7.16001 5.83374 4.97977 8.61521 6.5046 6.46721 6.84277 8.50488 6.21014
threshold=4.0881250000000007 125.34375000000001 16.321250000000003 0.065000000000000016 -97.454999999999998 3.8559027777777781 654.24375000000009 5.5000000000000009 23889.000000000004 0.11250000000000002 506.41500000000002 12954.464020000001 458.07729166666678 465.51500000000004 3.100000000000009 361.50000000000006 3.5000000000000004 43899.500000000007 359.50000000000006 44153.667135416668 17.881250000000005 164.08375000000004 42740.770833333343 50802.187500000007 -133.15499999999997 443.54708333333343 70.535000000000011 27.131875000000004 47.195 271.50000000000006
decision_type=8 10 10 10 8 2 2 2 8 2 10 10 10 10 8 2 2 10 2 10 10 10 10 2 10 10 10 10 10 2
left_child=1 2 -1 -4 -2 -6 8 -8 9 10 -7 -9 13 14 15 17 -17 23 19 20 22 -22 -19 29 -25 26 27 28 -26 -10
right_child=4 -3 3 -5 5 6 7 11 12 -11 -12 -13 -14 -15 -16 16 -18 18 -20 -21 21 -23 -24 24 25 -27 -28 -29 -30 -31
leaf_value=0.045019977094886712 0.1110188519893608 0.50288831219879238 -0.18767454312067799 0.024990495881026434 0.013128202308015346 0.66043169104311972 -0.01488891788859874 -0.69883346899012821 0.0032621898833966865 0.48019123349696141 -0.3490192733710768 -0.00077200202148086422 -0.27258325620542789 0.26268927804114794 -0.094845167815230405 -0.40086205245907719 0.020338708551410407 -0.18143068266930745 0.18125841912344759 -0.0075502035012819137 -0.15061051020650626 0.25841273438918844 0.31900040660640827 0.87615798281216839 -0.10827820840182385 -0.60100661646392661 0.032671808809126755 -0.040889652603797511 0.1519321826200172 -0.046223009275900888
leaf_weight=202 347 90 61 163 6887 47 936 122 13756 246 168 45 281 176 327 127 104 55 46 6098 526 57 76 82 109 82 5653 546 164 3021
leaf_count=202 347 90 61 163 6887 47 936 122 13756 246 168 45 281 176 327 127 104 55 46 6098 526 57 76 82 109 82 5653 546 164 3021
internal_value=8.57122e-05 0.00266925 0.00126464 -0.0016 5.23887e-05 2.45357e-05 -0.000107759 -0.00210598 -3.82701e-05 0.00295455 -0.000625 -0.00848214 -8.24624e-05 -4.88615e-05 -7.83328e-05 -4.03239e-05 -0.00420259 -8.42363e-06 -0.000656072 -0.000739762 -0.00323077 -0.0045976 0.00284091 0.000181302 0.000876902 0.000755149 0.000862042 -0.00162805 0.00224453 -9.38729e-05
internal_weight=40600 516 426 224 40084 39737 32850 1103 31747 461 215 167 31286 31005 30829 30502 231 30271 6858 6812 714 583 131 23413 6636 6554 6472 819 273 16777
internal_count=40600 516 426 224 40084 39737 32850 1103 31747 461 215 167 31286 31005 30829 30502 231 30271 6858 6812 714 583 131 23413 6636 6554 6472 819 273 16777
is_linear=0
shrinkage=0.03


Tree=299
num_leaves=31
num_cat=0
split_feature=35 11 4 15 15 27 27 14 14 15 28 13 12 13 14 16 18 39 2 25 11 12 25 12 12 6 5 15 23 6
split_gain=4.62831 4.982 4.4317 12.4297 10.7612 9.56594 10.3267 11.0345 10.9694 8.89945 7.93729 6.98543 6.03993 10.5294 7.44418 6.47839 6.09278 7.53695 7.54704 6.30333 6.00709 5.9276 5.7452 6.68169 7.96939 6.37946 5.56012 5.38681 5.31292 5.20574
threshold=182.39000000000004 272.52000000000004 50.500000000000007 49.953125000000007 51.722291666666671 39392.041666666679 44581.625000000007 184.99500000000003 220.38000000000002 155.70000000000002 46411.984843750011 115.22000000000001 84.866770833333348 89.570000000000007 81.006250000000009 6434.9811605027671 1.5000000000000002 -11.034999999999995 1.5000000000000002 104.26130208333335 36.005000000000003 52.225208333333335 69.819895833333348 77.432500000000019 65.434947916666687 9.7345814977973593 76137.500000000015 144.3897916666667 2.5000000000000004 4.6951541850220275
decision_type=10 10 2 8 8 8 8 10 10 10 10 10 10 10 8 10 2 10 2 10 10 10 8 10 10 2 2 10 2 2
left_child=2 -2 3 10 -5 27 7 -7 9 -9 20 -11 14 16 15 29 17 18 -14 -19 -1 -12 -16 24 -24 -26 -4 -6 -15 -8
right_child=1 -3 26 4 5 6 12 8 -10 11 21 -13 13 28 22 -17 -18 19 -20 -21 -22 -23 23 -25 25 -27 -28 -29 -30 -31
leaf_value=0.063101335837357053 -0.5440005514222267 -0.14353789539947201 0.003493064576797664 -0.19594634337020475 0.45647621556333218 -0.18428707008457187 -0.0096492009158402683 0.42933870738057678 -0.17290305280708196 0.30387713085827667 -0.16635026835829947 -0.092730769766200469 0.17123330708015846 -0.072194052825318739 -0.15201109362001972 -0.16988473487296579 -0.064948153744157466 -0.11472382410405842 -0.071602138254893352 0.046001621451923921 0.24258459513410005 0.028940258498555877 -0.16771058822715215 -0.20018053368348263 0.08641011153800654 -0.13868460075129974 0.72768332267560365 -0.12940089127480603 0.018605348624585929 0.059096061390608905
leaf_weight=185 83 232 34299 106 160 496 232 96 201 77 73 132 432 844 285 79 82 70 63 94 140 392 140 113 237 41 93 40 590 349
leaf_count=185 83 232 34299 106 160 496 232 96 201 77 73 132 432 844 285 79 82 70 63 94 140 392 140 113 237 41 93 40 590 349
internal_value=5.63561e-05 -0.00356013 8.48239e-05 -0.000686087 -0.00124294 -0.00103523 -0.00131177 -0.00400798 -0.000887574 0.00269608 0.00280657 -0.000785714 -0.00057092 0.000434283 -0.00205146 0.0003177 0.00333558 0.00429545 0.00613911 -0.00127273 0.00639571 0.0002897 -0.00396573 -0.00211466 -0.000357995 0.00258065 0.000213706 0.00537313 -0.0010662 0.00141753
internal_weight=40456 315 40141 5749 4959 4853 4653 1002 506 305 790 209 3651 2175 1476 660 741 659 495 164 325 465 816 531 418 278 34392 200 1434 581
internal_count=40456 315 40141 5749 4959 4853 4653 1002 506 305 790 209 3651 2175 1476 660 741 659 495 164 325 465 816 531 418 278 34392 200 1434 581
is_linear=0
shrinkage=0.03


end of trees

feature_importances:
day_of_year=624
wind100_ms=558
residual_v2_mw=553
load_fc_mw=440
price_lag1_max=428
nuclear_d1_early_mw=387
hour=383
dow=373
nuclear_d2_mean_mw=356
temp_c=352
price_lag1_mean=332
price_lag_same_type=328
price_lag_same_type_mean=306
price_lag1_min=288
wind_proxy_mw=277
price_lag1=269
price_lag7_mean=262
radiation_wm2=247
price_es_lag1=237
price_lag7=209
spread_ch_lag1=174
spread_it_north_lag1=169
day_type=168
spread_es_lag1=141
same_type_lag_days=138
solar_proxy_mw=132
price_ch_lag1=131
price_it_north_lag1=120
price_lag2=88
price_be_lag1=87
nuclear_d2_mw=86
price_de_lu_lag1=65
price_nl_lag1=61
month=56
spread_nl_lag1=49
spread_de_lu_lag1=38
year_end_break=35
post_holiday=25
spread_be_lag1=21
holiday=6
pre_holiday=1

parameters:
[boosting: gbdt]
[objective: quantile]
[metric: quantile]
[tree_learner: serial]
[device_type: cpu]
[data_sample_strategy: bagging]
[data: ]
[valid: ]
[num_iterations: 300]
[learning_rate: 0.03]
[num_leaves: 31]
[num_threads: 8]
[seed: 7]
[deterministic: 0]
[force_col_wise: 0]
[force_row_wise: 0]
[histogram_pool_size: -1]
[max_depth: -1]
[min_data_in_leaf: 40]
[min_sum_hessian_in_leaf: 0.001]
[bagging_fraction: 0.8]
[pos_bagging_fraction: 1]
[neg_bagging_fraction: 1]
[bagging_freq: 1]
[bagging_seed: 17422]
[bagging_by_query: 0]
[feature_fraction: 0.8]
[feature_fraction_bynode: 1]
[feature_fraction_seed: 7040]
[extra_trees: 0]
[extra_seed: 6516]
[early_stopping_round: 0]
[early_stopping_min_delta: 0]
[first_metric_only: 0]
[max_delta_step: 0]
[lambda_l1: 0]
[lambda_l2: 1]
[linear_lambda: 0]
[min_gain_to_split: 0]
[drop_rate: 0.1]
[max_drop: 50]
[skip_drop: 0.5]
[xgboost_dart_mode: 0]
[uniform_drop: 0]
[drop_seed: 15215]
[top_rate: 0.2]
[other_rate: 0.1]
[min_data_per_group: 100]
[max_cat_threshold: 32]
[cat_l2: 10]
[cat_smooth: 10]
[max_cat_to_onehot: 4]
[top_k: 20]
[monotone_constraints: ]
[monotone_constraints_method: basic]
[monotone_penalty: 0]
[feature_contri: ]
[forcedsplits_filename: ]
[refit_decay_rate: 0.9]
[cegb_tradeoff: 1]
[cegb_penalty_split: 0]
[cegb_penalty_feature_lazy: ]
[cegb_penalty_feature_coupled: ]
[path_smooth: 0]
[interaction_constraints: ]
[verbosity: -1]
[saved_feature_importance_type: 0]
[use_quantized_grad: 0]
[num_grad_quant_bins: 4]
[quant_train_renew_leaf: 0]
[stochastic_rounding: 1]
[linear_tree: 0]
[max_bin: 255]
[max_bin_by_feature: ]
[min_data_in_bin: 3]
[bin_construct_sample_cnt: 200000]
[data_random_seed: 61]
[is_enable_sparse: 1]
[enable_bundle: 1]
[use_missing: 1]
[zero_as_missing: 0]
[feature_pre_filter: 1]
[pre_partition: 0]
[two_round: 0]
[header: 0]
[label_column: ]
[weight_column: ]
[group_column: ]
[ignore_column: ]
[categorical_feature: ]
[forcedbins_filename: ]
[precise_float_parser: 0]
[parser_config_file: ]
[objective_seed: 15521]
[num_class: 1]
[is_unbalance: 0]
[scale_pos_weight: 1]
[sigmoid: 1]
[boost_from_average: 1]
[reg_sqrt: 0]
[alpha: 0.5]
[fair_c: 1]
[poisson_max_delta_step: 0.7]
[tweedie_variance_power: 1.5]
[lambdarank_truncation_level: 30]
[lambdarank_norm: 1]
[label_gain: ]
[lambdarank_position_bias_regularization: 0]
[eval_at: ]
[multi_error_top_k: 1]
[auc_mu_weights: ]
[num_machines: 1]
[local_listen_port: 12400]
[time_out: 120]
[machine_list_filename: ]
[machines: ]
[gpu_platform_id: -1]
[gpu_device_id: -1]
[gpu_use_dp: 0]
[num_gpu: 1]

end of parameters

pandas_categorical:[]
