tree
version=v4
num_class=1
num_tree_per_iteration=1
label_index=0
max_feature_idx=41
objective=regression
feature_names=hour dow month holiday day_of_year load_fc_mw temp_c wind100_ms radiation_wm2 price_lag1 price_lag2 price_lag7 price_lag1_mean price_lag1_min price_lag1_max price_lag7_mean wind_proxy_mw solar_proxy_mw day_type bridge_day pre_holiday post_holiday year_end_break same_type_lag_days price_lag_same_type price_lag_same_type_mean nuclear_d2_mw nuclear_d2_mean_mw nuclear_d1_early_mw price_de_lu_lag1 price_be_lag1 price_nl_lag1 price_es_lag1 price_it_north_lag1 price_ch_lag1 spread_de_lu_lag1 spread_be_lag1 spread_nl_lag1 spread_es_lag1 spread_it_north_lag1 spread_ch_lag1 residual_v2_mw
feature_infos=[0:23] [0:6] [1:12] [0:1] [1:366] [27650:89563.75] [-3.7581497797356822:39.041850220264323] [0.87847222222222232:15.701388888888889] [-0.10000000000000001:918.04999999999995] [-496.86250000000001:2987.7800000000002] [-496.86250000000001:2987.7800000000002] [-496.86250000000001:2987.7800000000002] [-41.392708333333331:743.84333333333336] [-496.86250000000001:571.94000000000005] [7.54:2987.7800000000002] [-41.392708333333331:743.84333333333336] [0:21930.799999999999] [0:19081.413690000001] [0:2] [0:1] [0:1] [0:1] [0:1] [1:14] [-496.86250000000001:2987.7800000000002] [-41.392708333333331:743.84333333333336] [19179:56127.255000000005] [20350.958333333332:55888.579062500001] [20078.625:55971.288124999999] [-437.46749999999997:1029.2950000000001] [-497.90499999999997:933.28250000000003] [-500:872.96000000000004] [-39.825000000000003:700] [0:871] [-463.68000000000001:871.61000000000001] [-708.22500000000014:2807.7775000000001] [-661.9425:2757.7800000000002] [-597.96000000000004:2733.1800000000003] [-494.89750000000004:2701.7000000000003] [-496.86250000000001:2517.7800000000002] [-226.35000000000002:2550.23] [-30766.395320048367:32590.864795809088]
tree_sizes=2802 2844 2844 2836 2854 2857 2826 2826 2834 2836 2841 2826 2826 2842 2818 2809 2783 2804 2835 2811 2805 2807 2814 2806 2828 2801 2818 2820 2811 2837 2807 2824 2828 2806 2804 2821 2820 2793 2789 2801 2810 2822 2801 2823 2817 2811 2787 2798 2812 2783 2810 2808 2764 2813 2824 2826 2812 2835 2779 2793 2818 2818 2816 2801 2820 2802 2811 2820 2801 2797 2819 2820 2826 2817 2825 2830 2838 2809 2805 2793 2832 2833 2790 2798 2813 2800 2840 2823 2817 2811 2842 2831 2826 2817 2805 2809 2803 2821 2846 2812 2806 2814 2806 2828 2846 2806 2822 2831 2836 2852 2828 2852 2838 2819 2821 2853 2825 2851 2827 2814 2846 2818 2855 2834 2844 2812 2841 2855 2844 2850 2838 2851 2830 2846 2855 2860 2817 2877 2829 2847 2845 2844 2833 2821 2870 2861 2808 2815 2839 2834 2807 2844 2859 2861 2817 2868 2865 2842 2865 2865 2843 2869 2881 2869 2859 2862 2862 2864 2845 2858 2878 2844 2878 2882 2854 2851 2893 2829 2841 2865 2852 2851 2827 2867 2857 2887 2873 2855 2858 2818 2843 2865 2861 2835 2844 2854 2878 2798 2818 2847 2841 2836 2834 2881 2884 2863 2863 2852 2867 2886 2842 2833 2864 2854 2853 2816 2891 2838 2857 2881 2818 2881 2854 2824 2852 2861 2847 2856 2840 2883 2809 2901 2821 2856 2840 2865 2826 2858 2845 2844 2865 2853 2827 2856 2895 2849 2849 2873 2850 2864 2868 2859 2821 2874 2895 2811 2872 2833 2847 2863 2805 2847 2862 2842 2804 2808 2836 2828 2833 2831 2877 2863 2830 2866 2833 2851 2858 2873 2867 2847 2839 2853 2867 2850 2846 2859 2855 2855 2827 2869 2891 2839 2851 2891 2876 2807 2854 2869 2902 2844

Tree=0
num_leaves=31
num_cat=0
split_feature=9 24 9 9 24 24 24 9 24 9 24 41 9 1 11 9 30 41 9 1 24 14 41 41 28 23 4 24 1 34
split_gain=2.82959e+08 6.22269e+07 3.82577e+07 9.7939e+06 8.66736e+06 7.92694e+06 7.73107e+06 2.71494e+06 2.27079e+06 1.85985e+06 1.80274e+06 1.29354e+06 1.27016e+06 1.10958e+06 976809 775571 759511 726851 674096 577499 552937 524250 522654 499908 454434 452028 430635 409132 394587 321746
threshold=185.30500000000004 366.3300000000001 92.355000000000004 278.64500000000004 465.20500000000004 52.080000000000005 140.96500000000003 570.0150000000001 236.01500000000001 21.365000000000006 300.34500000000008 -4935.5664279363582 115.20500000000001 3.5000000000000004 99.50500000000001 367.71000000000009 347.15000000000003 -5677.3701990856816 70.622500000000016 4.5000000000000009 173.16625000000002 200.00500000000002 -2002.5833012954824 -6001.2337053754554 24013.659722222226 4.5000000000000009 244.50000000000003 208.47375000000002 4.5000000000000009 403.11000000000007
decision_type=10 10 10 10 10 8 10 10 10 10 10 8 8 2 10 10 10 8 10 2 10 10 8 8 10 2 2 10 2 10
left_child=2 3 5 8 13 9 12 26 27 17 20 -7 22 29 18 -15 19 -1 -13 -5 -8 -16 -4 -11 -9 -22 -6 -2 -10 -3
right_child=1 4 6 16 7 11 10 24 28 23 -12 14 -14 15 21 -17 -18 -19 -20 -21 25 -23 -24 -25 -26 -27 -28 -29 -30 -31
leaf_value=111.90347337676783 117.60666837487106 123.91448023041107 113.91833704406528 121.37653909731458 127.79648991196555 113.05270841348587 116.35811971291196 131.54615958192275 119.70778750004158 112.65175175109385 121.56594648634832 113.65907275180135 115.47090833003675 119.78764763252033 114.53191367155888 123.23811748118796 122.56003327570787 112.67193599957089 114.21334485539944 119.9080627405362 117.48518868545597 116.50198169878311 114.84842920262649 113.33084439809153 128.28496652506331 115.97215873999461 125.74242839626146 118.38143904936949 118.28009285286686 125.59595865871481
leaf_weight=1913 1577 291 620 783 244 1270 2248 196 1052 1286 67 4209 3613 81 1900 269 337 2714 3741 378 880 129 4396 4207 86 224 246 1033 220 245
leaf_count=1913 1577 291 620 783 244 1270 2248 196 1052 1286 67 4209 3613 81 1900 269 337 2714 3741 378 880 129 4396 4207 86 224 246 1033 220 245
internal_value=115.32 120.787 114.169 119.219 125.867 113.406 115.52 128.199 118.423 112.797 116.728 113.955 115.042 123.823 114.07 122.455 121.28 112.354 113.92 120.903 116.629 114.658 114.733 113.171 130.601 117.179 126.789 117.914 119.463 124.701
internal_weight=40455 7038 33417 5380 1658 21369 12048 772 3882 10120 3419 11249 8629 886 9979 350 1498 4627 7950 1161 3352 2029 5016 5493 282 1104 490 2610 1272 536
internal_count=40455 7038 33417 5380 1658 21369 12048 772 3882 10120 3419 11249 8629 886 9979 350 1498 4627 7950 1161 3352 2029 5016 5493 282 1104 490 2610 1272 536
is_linear=0
shrinkage=1


Tree=1
num_leaves=31
num_cat=0
split_feature=9 24 9 9 24 24 24 33 17 24 24 41 9 9 1 24 25 9 27 24 31 7 1 1 41 23 34 41 24 1
split_gain=2.65171e+08 5.67692e+07 3.7185e+07 8.71287e+06 8.07549e+06 7.7591e+06 7.07237e+06 2.28856e+06 1.85684e+06 1.75083e+06 1.56999e+06 1.34593e+06 1.23271e+06 1.02598e+06 1.01874e+06 1.01874e+06 734505 623987 623806 594459 592758 565432 529124 501600 472565 433169 415582 395455 383505 321599
threshold=187.91500000000002 366.3300000000001 95.343750000000014 266.61500000000007 52.080000000000005 465.20500000000004 140.96500000000003 602.1400000000001 6351.7455800000016 285.09000000000009 217.79500000000004 -3636.8507430683017 331.00500000000005 118.34500000000001 3.5000000000000004 81.936250000000015 187.54843750000001 33.57500000000001 23787.375000000004 173.16625000000002 356.67500000000001 7.0225694444444473 4.5000000000000009 3.5000000000000004 -3887.9533810209773 4.5000000000000009 403.11000000000007 -383.65429091284381 2.7300000000000009 4.5000000000000009
decision_type=10 10 10 10 10 10 10 10 10 10 10 8 10 10 2 10 10 8 10 10 10 2 2 2 8 2 10 10 10 2
left_child=2 3 4 10 8 14 13 21 17 19 -2 -6 22 24 26 -13 29 27 -9 -8 -16 23 -5 -7 -4 -21 -3 -1 -10 -17
right_child=1 5 6 12 11 7 9 18 28 -11 -12 15 -14 -15 20 16 -18 -19 -20 25 -22 -23 -24 -25 -26 -27 -28 -29 -30 -31
leaf_value=-2.6153189089801292 2.317177140043309 8.2748101029029257 -1.4876664146551719 5.3286390054810724 -2.0751081615555975 12.235885061672356 1.0084794447385022 15.881101453173292 -3.4067565448025623 5.5842633011666214 3.6070413307986029 -1.4098319527490573 6.5350952388094159 0.21043413417680173 5.4533603056481006 -0.7312801289127997 1.8620533322763966 -1.903612582804737 11.817008099555968 2.1183840841962378 8.0742532032322512 7.6278363037109367 3.8911589498805075 9.7962304720671263 -0.39719576196642536 0.70253897020729572 10.102917331648461 -1.8396120251483823 -2.7059431253643487 -1.3716034031952364
leaf_weight=2883 1790 311 389 794 1644 340 2260 181 1493 87 1633 5866 673 3167 151 3455 90 3833 63 967 190 44 347 137 4342 245 242 759 1396 889
leaf_count=2883 1790 311 389 794 1644 340 2260 181 1493 87 1633 5866 673 3167 151 3455 90 3833 63 967 190 44 347 137 4342 245 242 759 1396 889
internal_value=-0.0013557 5.35901 -1.09626 3.8257 -1.8097 10.194 0.292935 12.4207 -2.42248 1.40309 2.9334 -1.27783 5.50691 -0.207438 8.27692 -1.15038 -0.806896 -2.17217 14.8843 1.29674 6.93302 11.2406 4.89526 11.5571 -0.487154 1.83299 9.09161 -2.45421 -3.06917 -0.862608
internal_weight=40661 6896 33765 5237 22308 1659 11457 765 10364 3559 3423 11944 1814 7898 894 10300 4434 7475 244 3472 341 521 1141 477 4731 1212 553 3642 2889 4344
internal_count=40661 6896 33765 5237 22308 1659 11457 765 10364 3559 3423 11944 1814 7898 894 10300 4434 7475 244 3472 341 521 1141 477 4731 1212 553 3642 2889 4344
is_linear=0
shrinkage=0.03


Tree=2
num_leaves=31
num_cat=0
split_feature=9 24 9 9 24 24 33 24 24 24 17 27 9 9 24 1 14 41 25 1 23 12 41 14 7 41 41 7 7 24
split_gain=2.51457e+08 4.84319e+07 3.85944e+07 8.73388e+06 8.44324e+06 7.14607e+06 7.14016e+06 1.68091e+06 1.65468e+06 1.52152e+06 1.48264e+06 1.35086e+06 1.31205e+06 1.06783e+06 909726 810902 772456 661692 622711 515598 509274 500432 478365 453526 452904 443574 392626 352502 345937 321193
threshold=195.16000000000003 379.87500000000006 93.605000000000004 286.74500000000006 140.96500000000003 47.685000000000009 554.32500000000016 240.02000000000001 342.60500000000008 465.20500000000004 6284.6333650000006 23787.375000000004 68.875000000000014 116.29375000000002 173.16625000000002 4.5000000000000009 404.47000000000008 -6001.2337053754554 177.58057291666668 4.5000000000000009 4.5000000000000009 44.237916666666671 1195.1037288894152 200.00500000000002 5.7447916666666687 -3560.9089346773321 -3636.8507430683017 8.0260416666666696 6.9600694444444464 208.47375000000002
decision_type=10 10 10 10 10 8 10 10 10 10 10 10 10 10 10 2 10 8 10 2 2 10 10 10 2 8 8 2 2 10
left_child=2 3 5 7 13 10 9 29 14 15 21 -8 17 25 -6 24 -5 -7 26 23 -16 22 -1 -19 -3 -4 -14 -18 -11 -2
right_child=1 6 4 16 8 12 11 -9 -10 28 -12 -13 18 -15 20 -17 27 19 -20 -21 -22 -23 -24 -25 -26 -27 -28 -29 -30 -31
leaf_value=-2.5610986821509401 2.2660117976894849 9.0610675901525166 -1.4050718307612757 4.9760070156839351 0.99908056771421228 -2.4447960983396197 14.834135621268793 4.0496084485621173 7.1719192911783853 10.689400988025824 -2.9905079455201844 11.039117394241632 -1.6908854570806606 0.17378077936636063 2.1807136460330829 5.7211554553359747 6.5668418073440344 -1.3860176645088003 1.7579037562461748 -2.0283105616999224 0.84044444200451418 -1.8691697073650964 -1.6458777545137873 0.84513548953192574 7.1350263429066487 -0.42190342557618116 -0.94286796382466198 4.080661360294588 7.3157673217029098 3.0045321466432089
leaf_weight=2961 1084 407 455 562 2319 763 264 1175 44 356 2797 152 718 3485 1327 127 891 4209 72 1289 318 2916 631 83 188 4410 5322 61 40 1085
leaf_count=2961 1084 407 455 562 2319 763 264 1175 44 356 2797 152 718 3485 1327 127 891 4209 72 1289 318 2916 631 83 188 4410 5322 61 40 1085
internal_value=0.000440089 5.46063 -1.02263 3.99177 0.316269 -1.78296 10.1067 3.1342 1.44792 8.84165 -2.41199 13.4773 -1.3129 -0.22703 1.38259 7.99135 5.88258 -1.61521 -0.998905 -1.50137 1.92229 -2.16293 -2.40083 -1.34268 8.4655 -0.514124 -1.03205 6.41199 10.3679 2.63666
internal_weight=40511 6392 34119 4858 12358 21761 1534 3344 4008 1118 9305 416 12456 8350 3964 722 1514 6344 6112 5581 1645 6508 3592 4292 595 4865 6040 952 396 2169
internal_count=40511 6392 34119 4858 12358 21761 1534 3344 4008 1118 9305 416 12456 8350 3964 722 1514 6344 6112 5581 1645 6508 3592 4292 595 4865 6040 952 396 2169
is_linear=0
shrinkage=0.03


Tree=3
num_leaves=31
num_cat=0
split_feature=9 24 9 9 24 24 9 24 24 9 24 41 9 24 1 33 25 41 7 1 24 28 41 1 41 7 31 1 18 11
split_gain=2.37802e+08 4.92276e+07 3.51705e+07 8.40461e+06 7.12156e+06 7.09152e+06 6.75893e+06 1.81283e+06 1.74701e+06 1.62151e+06 1.52114e+06 1.18986e+06 1.1166e+06 968192 951458 920897 645949 632898 498213 536549 484502 466590 464395 453637 444579 421824 396475 365211 302956 300085
threshold=192.94000000000003 379.87500000000006 95.343750000000014 278.64500000000004 52.080000000000005 145.50500000000002 570.0150000000001 465.20500000000004 300.34500000000008 21.365000000000006 231.88000000000002 -4935.5664279363582 121.10250000000001 80.126250000000013 4.5000000000000009 361.39000000000004 187.54843750000001 -3887.9533810209773 6.9913194444444464 2.5000000000000004 173.16625000000002 25534.750000000004 -6429.3584651195806 4.5000000000000009 -3411.1625452607109 5.7447916666666687 356.67500000000001 4.5000000000000009 1.0000000180025095e-35 145.38250000000002
decision_type=10 10 10 10 8 10 10 10 10 10 10 8 10 10 2 10 10 8 2 2 10 10 8 2 8 2 10 2 2 10
left_child=2 3 4 10 9 12 7 14 20 17 -2 -6 24 -13 25 27 28 -1 19 -9 -7 -8 -11 -22 -4 -3 -16 -5 29 -15
right_child=1 6 5 15 11 8 21 18 -10 22 -12 13 -14 16 26 -17 -18 -19 -20 -21 23 -23 -24 -25 -26 -27 -28 -29 -30 -31
leaf_value=-3.0574728098214576 2.4274458916984911 9.0602550199166547 -1.3191720256776374 5.3466616686139785 -2.0635992306452615 1.0435012300456874 14.572170314559017 11.813486598730087 5.8469486119151108 -2.4574770959647929 3.7309320080026382 -1.3637288693048504 0.29435688502034718 -0.775909836999498 4.1755847300552738 6.4382469365368147 1.661878874979521 -2.3536271414478058 7.1061635112762449 9.4971931120928588 2.0468228802767894 11.034787805275839 -1.7913092811652853 0.77133815388850591 -0.33607877104166717 7.2227250621546446 7.5902124023437496 4.0434562932297187 -1.294284674971135 0.41434938603256005
leaf_weight=2296 2057 406 453 699 1305 1919 248 223 79 1220 1337 5831 3144 3504 81 656 94 2361 47 220 1151 60 4285 323 4722 198 55 295 1026 201
leaf_count=2296 2057 406 453 699 1305 1919 248 223 79 1220 1337 5831 3144 3504 81 656 94 2361 47 220 1151 60 4285 323 4722 198 55 295 1026 201
internal_value=0.0133326 5.23123 -0.999477 3.79725 -1.70475 0.323837 9.92858 8.91835 1.46246 -2.28873 2.94188 -1.20846 -0.151497 -1.10355 7.95182 5.55388 -0.788897 -2.70122 10.3589 10.6872 1.35868 13.921 -1.93936 1.76804 -0.422373 8.47082 5.60182 4.96435 -0.837932 -0.711243
internal_weight=40496 6582 33914 5044 22123 11791 1538 1230 3472 10162 3394 11961 8319 10656 740 1650 4825 4657 490 443 3393 308 5505 1474 5175 604 136 994 4731 3705
internal_count=40496 6582 33914 5044 22123 11791 1538 1230 3472 10162 3394 11961 8319 10656 740 1650 4825 4657 490 443 3393 308 5505 1474 5175 604 136 994 4731 3705
is_linear=0
shrinkage=0.03


Tree=4
num_leaves=31
num_cat=0
split_feature=24 24 9 9 24 9 33 9 1 24 27 34 41 6 34 24 24 1 33 41 41 24 9 9 41 14 1 24 41 23
split_gain=2.21077e+08 4.36006e+07 3.51623e+07 8.07728e+06 7.29817e+06 6.23172e+06 5.85335e+06 1.91533e+06 1.52314e+06 1.24165e+06 1.17302e+06 1.14626e+06 1.13165e+06 961587 928028 922016 779479 735321 656691 636830 544422 490408 388980 381787 330591 309404 307815 406719 305566 287505
threshold=195.14000000000001 379.87500000000006 99.767500000000013 286.74500000000006 57.925000000000004 145.71000000000001 554.32500000000016 21.365000000000006 4.5000000000000009 240.02000000000001 23787.375000000004 244.01000000000002 -3636.8507430683017 0.92709251101321588 420.86500000000007 119.19500000000001 83.655000000000015 4.5000000000000009 340.74500000000006 -3723.7185914753459 -6001.2337053754554 166.70875000000004 396.59500000000008 214.93000000000004 -3098.7414528579498 101.58125000000003 4.5000000000000009 120.05000000000003 682.97246577067574 5.5000000000000009
decision_type=10 10 10 10 10 10 10 8 2 10 10 10 8 2 10 8 10 2 10 8 8 10 10 10 8 10 2 10 10 2
left_child=2 3 4 9 7 15 8 19 13 23 -8 21 -6 -3 -15 24 -14 -11 -5 -1 -9 -7 -10 29 -4 -21 27 -18 -22 -2
right_child=1 6 5 18 12 11 10 20 22 17 -12 -13 16 14 -16 -17 26 -19 -20 25 28 -23 -24 -25 -26 -27 -28 -29 -30 -31
leaf_value=-2.9622223494175595 2.3219007337601676 13.407632840178733 -1.1788014738800208 4.8545380670915943 -1.8437403344079002 0.96400429199661131 13.882204823420597 -2.3421493011988255 4.1243450027914603 3.9642373700469169 10.278059828771303 3.2633083852491911 -1.2153720971608966 7.5924955610338145 9.5597064538649565 0.33254607342717879 -0.66680231083280583 2.1645907287555746 6.1873438882035963 -2.4929378678751708 -1.7803672623687115 1.6753211468168299 7.1673933949470525 2.9182512202232997 -0.27560225376982422 -1.7507284656907594 -1.1825745761125646 0.40109486214532436 -1.145085021259884 1.0920485901916137
leaf_weight=2350 929 42 403 615 1526 1988 259 1450 84 1120 145 282 5340 454 485 2910 3473 255 812 1660 4587 1563 79 934 3768 745 909 353 809 213
leaf_count=2350 929 42 403 615 1526 1988 259 1450 84 1120 145 282 5340 454 485 2910 3473 255 812 1660 4587 1563 79 934 3768 745 909 353 809 213
internal_value=0.00747373 5.11147 -0.954024 3.71805 -1.61456 0.450223 9.49713 -2.14664 8.38523 2.93154 12.6172 1.42439 -1.08234 8.83618 8.61766 -0.0772295 -0.966845 3.6323 5.61674 -2.60955 -1.82478 1.27748 5.63391 2.46588 -0.363131 -2.26385 -0.686365 -0.568195 -1.68535 2.09367
internal_weight=40542 6426 34116 4878 23202 10914 1548 11601 1144 3451 404 3833 11601 981 939 7081 10075 1375 1427 4755 6846 3551 163 2076 4171 2405 4735 3826 5396 1142
internal_count=40542 6426 34116 4878 23202 10914 1548 11601 1144 3451 404 3833 11601 981 939 7081 10075 1375 1427 4755 6846 3551 163 2076 4171 2405 4735 3826 5396 1142
is_linear=0
shrinkage=0.03


Tree=5
num_leaves=31
num_cat=0
split_feature=12 33 10 12 33 33 14 41 1 30 14 27 30 11 38 25 41 30 41 1 41 1 11 31 11 30 18 11 11 25
split_gain=1.99588e+08 3.60536e+07 2.85247e+07 7.29187e+06 6.94554e+06 5.47328e+06 4.54899e+06 2.42492e+06 2.33492e+06 2.22998e+06 1.55668e+06 1.35479e+06 1.32171e+06 1.2907e+06 996320 903210 877693 850861 849720 826832 733930 646657 643465 589231 565060 558691 485934 460454 399345 399174
threshold=194.96916666666669 387.30000000000007 110.05500000000002 61.333333333333336 554.32500000000016 275.03500000000003 173.73500000000004 -3313.1969818992143 4.5000000000000009 88.98250000000003 394.12500000000006 24313.729166666672 185.18500000000003 61.535000000000004 289.84000000000009 245.21250000000003 -4935.5664279363582 323.86000000000007 -1510.5984735772361 1.0000000180025095e-35 -3887.9533810209773 1.0000000180025095e-35 367.71000000000009 67.015000000000015 126.35125000000001 122.06125000000002 1.0000000180025095e-35 71.695000000000007 195.14000000000001 406.63729166666673
decision_type=10 10 10 10 10 10 10 8 2 8 10 10 10 8 10 10 8 10 8 2 8 2 10 10 10 10 2 8 10 10
left_child=2 5 3 7 8 15 20 23 14 16 26 -6 21 -9 -3 28 -5 -10 -11 22 -4 -8 -12 -1 -20 -22 -7 -18 -2 -13
right_child=1 4 6 9 11 10 12 13 17 18 19 29 -14 -15 -16 -17 27 -19 24 -21 25 -23 -24 -25 -26 -27 -28 -29 -30 -31
leaf_value=-2.9348745557112426 1.8138897503023665 7.4772394148404482 -1.3729120197059477 -2.2029950691503637 13.060479553851884 4.4900528096083168 1.8861205994813093 -1.9732428622847591 3.3252218009204402 -1.2964642656947325 5.9867622923549222 7.2856997430324553 2.0728734818765262 -1.2161598290094149 9.5542649780792157 3.5196007031461463 -1.4176241182538867 6.416994432827841 -0.47932412209404424 5.27802884407566 -0.39654927897233888 0.73990083162885945 10.386341191342002 -2.2183886914437236 0.4384344414873329 0.34586429795690804 3.0628907648850427 -0.8812220491641034 2.684439223536609 10.77222805289335
leaf_weight=1760 901 609 407 849 290 534 521 4503 122 1038 78 63 1185 3699 352 735 3124 256 4522 729 1853 2953 56 2571 696 1795 379 2687 1030 85
leaf_count=1760 901 609 407 849 290 534 521 4503 122 1038 78 63 1185 3699 352 735 3124 256 4522 729 1853 2953 56 2571 696 1795 379 2687 1030 85
internal_value=-0.0129787 4.92982 -0.912879 -1.42012 8.54063 3.48373 0.568499 -1.93564 7.45667 -0.919778 4.77435 11.8298 1.20786 -1.632 8.24716 2.6225 -1.30181 5.43053 -0.512933 5.69206 -0.166218 0.912294 7.88871 -2.51016 -0.356849 -0.0312497 3.90162 -1.16979 2.27939 9.34696
internal_weight=40382 6219 34163 25449 1777 4442 8714 12533 1339 12916 1776 438 4659 8202 961 2666 6660 378 6256 863 4055 3474 134 4331 5218 3648 913 5811 1931 148
internal_count=40382 6219 34163 25449 1777 4442 8714 12533 1339 12916 1776 438 4659 8202 961 2666 6660 378 6256 863 4055 3474 134 4331 5218 3648 913 5811 1931 148
is_linear=0
shrinkage=0.03


Tree=6
num_leaves=31
num_cat=0
split_feature=24 24 9 24 24 9 9 9 14 9 24 12 1 14 9 13 41 9 14 1 27 24 41 6 41 41 41 41 24 24
split_gain=1.95133e+08 3.77969e+07 3.21195e+07 6.71165e+06 6.40229e+06 5.6505e+06 5.61826e+06 1.45272e+06 1.4093e+06 1.19792e+06 982346 966801 942887 832896 807772 698280 596210 582462 580158 544918 444480 425882 403120 393011 383667 356362 350238 341499 317658 312440
threshold=197.60500000000005 366.3300000000001 100.08125000000001 52.080000000000005 493.73500000000007 149.61250000000004 266.61500000000007 12.578750000000001 693.2650000000001 71.178750000000022 125.27000000000002 302.37062500000008 3.5000000000000004 236.93500000000003 311.00500000000005 268.29500000000007 -6429.3584651195806 175.68000000000004 425.09000000000009 4.5000000000000009 23492.208333333336 240.02000000000001 -6344.9923459419106 2.5107929515418506 -3636.8507430683017 -622.93188161910064 -1671.8466823592569 1009.721206903727 117.19250000000001 644.96000000000015
decision_type=10 10 10 10 10 10 10 8 10 10 10 10 2 10 10 10 8 10 10 2 10 10 8 2 8 8 8 10 10 10
left_child=2 6 3 7 12 10 13 22 -6 19 26 17 18 -2 -8 -14 -9 -7 -3 25 29 -15 -1 -20 -11 -5 -4 -18 -27 -10
right_child=1 4 5 9 8 11 14 16 20 24 -12 -13 15 21 -16 -17 27 -19 23 -21 -22 -23 -24 -25 -26 28 -28 -29 -30 -31
leaf_value=-2.9790936602158231 1.7012154177028052 6.2310622553030646 -0.96603824623482859 -1.7130642338989814 9.9236050632412862 0.95764895791816662 4.1643677192695154 -2.3332432710874071 12.419339468149039 -1.448247272659231 0.45582120368660051 4.1313530088725843 4.4707044549521644 2.5861140626727059 5.5151573155173708 7.1134811774996338 -1.7763731071810098 1.7250649104524234 11.587877900658583 -1.8842956687279808 11.432194555959395 3.430600174337147 -2.3170262624664995 8.2316762275617457 -0.72082225126333421 -1.1298139426770673 -0.1865234721962446 -1.1054858962747216 0.24976598473666589 16.342114622054563
leaf_weight=1387 635 143 591 993 357 1883 798 1618 64 728 2447 113 151 1332 847 255 4459 1697 40 1436 123 934 2145 486 6333 3314 4200 814 157 61
leaf_count=1387 635 143 591 993 357 1883 798 1618 64 728 2447 113 151 1332 847 255 4459 1697 40 1436 123 934 2145 486 6333 3314 4200 814 157 61
internal_value=-0.0016773 4.88414 -0.888261 -1.51577 8.72844 0.454145 3.46186 -2.08254 11.2058 -1.05986 -0.0331026 1.40886 7.32509 2.66605 4.86281 6.14398 -1.82837 1.3218 8.03165 -1.37543 13.0043 2.93555 -2.57779 8.5084 -0.796015 -1.21135 -0.282863 -1.67304 -1.06736 14.4482
internal_weight=40541 6226 34315 23384 1680 10931 4546 10423 605 12961 7238 3693 1075 2901 1645 406 6891 3580 669 5900 248 2266 3532 526 7061 4464 4791 5273 3471 125
internal_count=40541 6226 34315 23384 1680 10931 4546 10423 605 12961 7238 3693 1075 2901 1645 406 6891 3580 669 5900 248 2266 3532 526 7061 4464 4791 5273 3471 125
is_linear=0
shrinkage=0.03


Tree=7
num_leaves=31
num_cat=0
split_feature=9 24 9 9 9 24 24 24 24 24 17 9 1 9 9 18 24 11 24 14 7 7 13 1 41 1 1 11 41 27
split_gain=1.81911e+08 3.99564e+07 2.55889e+07 6.05586e+06 5.68708e+06 5.33492e+06 5.13406e+06 1.78649e+06 1.22654e+06 1.13228e+06 1.12181e+06 990764 947084 879761 619247 585678 549845 494384 478409 434975 420991 393265 361963 327262 280751 279304 275626 273704 269522 267316
threshold=185.30500000000004 366.3300000000001 91.155000000000015 266.61500000000007 570.0150000000001 133.95500000000001 43.485000000000007 446.81000000000006 300.34500000000008 217.79500000000004 6635.9653650000009 67.471250000000012 3.5000000000000004 311.00500000000005 110.05500000000002 1.0000000180025095e-35 160.66750000000005 105.98500000000001 138.17500000000004 116.20000000000002 6.7968750000000027 7.2760416666666687 240.94000000000003 4.5000000000000009 -2002.5833012954824 4.5000000000000009 1.0000000180025095e-35 190.00500000000002 -8394.4466116639833 23787.375000000004
decision_type=10 10 10 10 10 10 8 10 10 10 10 10 2 10 10 2 10 10 10 10 2 2 10 2 8 2 2 10 8 10
left_child=2 3 6 9 7 14 10 12 16 -2 19 15 -3 25 24 17 -7 -8 28 -1 -9 27 -14 -18 -4 -5 -11 -15 -13 -6
right_child=1 4 5 13 29 8 11 20 -10 26 -12 18 22 21 -16 -17 23 -19 -20 -21 -22 -23 -24 -25 -26 -27 -28 -29 -30 -31
leaf_value=-2.0270879720710298 1.9288676499584687 7.5001892464869728 -1.1579398127907943 4.2136026472646027 12.984765726243149 0.64038252317778832 -1.3644658977880797 9.1421378209988973 5.2538353860573688 3.8362834137155382 -2.6538331014000449 -1.9705784411883462 3.4513328439142641 3.573037008513575 -0.011609883996144753 -1.8845738590192971 1.5296205691575135 -0.41598761950146385 0.6656480469953181 -1.3601093145788672 6.4132737964132556 3.7101918809178849 5.9163978827059562 0.53653103627204579 -0.43995109874401905 2.9698598241955043 2.8160701831113832 5.6692844858151163 -0.90012578002356125 10.443566528320313
leaf_weight=4795 1919 443 562 608 210 2184 4306 556 60 304 2599 220 81 68 3872 1842 1544 560 171 1089 68 141 198 372 3820 239 1299 712 5500 84
leaf_count=4795 1919 443 562 608 210 2184 4306 556 60 304 2599 220 81 68 3872 1842 1544 560 171 1089 68 141 198 372 3820 239 1299 712 5500 84
internal_value=-0.0117191 4.41227 -0.927104 3.14285 8.50252 0.153457 -1.56336 7.66529 1.02935 2.42248 -2.13395 -1.17905 6.6258 4.57571 -0.28806 -1.42844 0.966258 -1.25542 -0.894874 -1.9039 8.8555 5.22298 5.21562 1.33719 -0.532278 3.86657 3.01182 5.49134 -0.941634 12.2966
internal_weight=40426 6930 33496 5290 1640 12414 21082 1346 4160 3522 8483 12599 722 1768 8254 6708 4100 4866 5891 5884 624 921 279 1916 4382 847 1603 780 5720 294
internal_count=40426 6930 33496 5290 1640 12414 21082 1346 4160 3522 8483 12599 722 1768 8254 6708 4100 4866 5891 5884 624 921 279 1916 4382 847 1603 780 5720 294
is_linear=0
shrinkage=0.03


Tree=8
num_leaves=31
num_cat=0
split_feature=24 24 24 33 33 24 24 24 17 12 24 13 27 12 41 1 14 1 30 12 41 22 12 6 7 14 14 14 12 12
split_gain=1.7326e+08 3.80772e+07 2.26013e+07 6.54488e+06 4.5306e+06 4.51682e+06 4.43903e+06 1.3508e+06 1.31516e+06 1.23577e+06 1.2062e+06 1.06734e+06 918657 907438 814305 731349 699968 679118 594432 585774 573955 504729 461133 444616 420286 413648 405307 391609 352957 305446
threshold=185.05500000000004 379.87500000000006 91.72375000000001 292.96500000000009 554.32500000000016 133.95500000000001 38.105000000000011 231.88000000000002 5493.3056950000018 85.504791666666677 465.20500000000004 258.71000000000009 23787.375000000004 218.5529166666667 337.37203825021794 4.5000000000000009 116.20000000000002 4.5000000000000009 108.98250000000002 154.78395833333337 3500.2480895201084 1.0000000180025095e-35 57.817291666666669 1.8931718061674008 5.9739583333333348 170.62125000000003 479.90500000000003 316.16000000000003 210.63687500000006 343.15729166666671
decision_type=10 10 10 10 10 10 8 10 10 10 10 10 10 10 8 2 10 2 10 10 10 2 10 2 2 10 10 10 10 10
left_child=2 3 6 7 10 14 8 -2 16 20 15 17 -6 25 -4 24 -1 27 -16 -11 22 -9 -8 -12 -3 -7 -25 -5 -20 -15
right_child=1 4 5 11 12 13 9 21 -10 19 23 -13 -14 29 18 -17 -18 -19 28 -21 -22 -23 -24 26 -26 -27 -28 -29 -30 -31
leaf_value=-1.9566911876515245 1.9640079425635213 7.6782625595728549 -0.97220910014544382 3.2440577844367224 12.395098825279936 0.32579063319627244 -1.6033454731955439 3.2410895793598313 -2.5585048197364282 -0.74031009500294731 11.997202824183873 5.5312274871609066 9.2361593999491109 2.161025000625898 -0.43276286760131139 4.5062534767407927 -1.1471366081727901 2.8000223464763025 0.083378427317020332 0.83106635004669038 -0.59239893924653231 0.44674243952958814 -1.1735143776308925 5.7312241310339704 5.8138545217128152 1.0132423676928619 8.8578448559687697 4.9616305202839381 2.0417325277889478 4.9947767062303496
leaf_weight=3936 2283 431 1294 168 250 1104 4406 1431 2879 2846 41 737 153 241 3343 119 1279 301 3249 230 911 61 4624 51 172 2760 311 501 84 40
leaf_count=3936 2283 431 1294 168 250 1104 4406 1431 2879 2846 41 737 153 241 3343 119 1279 301 3249 230 911 61 4624 51 172 2760 311 501 84 40
internal_value=0.00541706 4.29097 -0.898849 3.12263 8.47786 0.134011 -1.49156 2.42445 -2.04328 -1.14836 7.48589 4.66431 11.2216 0.937124 -0.283734 6.72691 -1.7584 4.00061 -0.150162 -0.622583 -1.31098 3.12722 -1.3834 8.82563 7.15696 0.816963 8.43436 4.5358 0.133331 2.58069
internal_weight=40236 7010 33226 5482 1528 12115 21111 3775 8094 13017 1125 1707 403 4145 7970 722 5215 970 6676 3076 9941 1492 9030 403 603 3864 362 669 3333 281
internal_count=40236 7010 33226 5482 1528 12115 21111 3775 8094 13017 1125 1707 403 4145 7970 722 5215 970 6676 3076 9941 1492 9030 403 603 3864 362 669 3333 281
is_linear=0
shrinkage=0.03


Tree=9
num_leaves=31
num_cat=0
split_feature=24 24 9 9 34 9 33 24 41 14 27 34 1 6 24 24 18 9 4 41 24 24 41 1 14 1 9 24 30 34
split_gain=1.63541e+08 3.1345e+07 2.77879e+07 6.20049e+06 5.18181e+06 4.61358e+06 4.56036e+06 1.66865e+06 1.29416e+06 1.15187e+06 1.03708e+06 948807 888639 810937 685029 652938 651045 570252 540520 478878 438371 409248 388318 375628 360865 309764 306984 277468 274628 270327
threshold=200.00500000000002 379.87500000000006 103.33125000000001 44.165000000000006 286.78500000000003 149.61250000000004 554.32500000000016 76.175000000000026 -4186.9599970219542 418.44000000000005 23787.375000000004 244.01000000000002 3.5000000000000004 1.2028634361233481 240.02000000000001 129.00500000000002 1.0000000180025095e-35 331.00500000000005 350.50000000000006 -2630.1199087821474 427.28500000000003 173.16625000000002 -6001.2337053754554 4.5000000000000009 117.40500000000002 4.5000000000000009 -7.7899999999999991 21.393750000000004 427.25500000000005 95.575000000000003
decision_type=10 10 10 10 10 10 10 10 8 10 10 10 2 2 10 10 2 10 2 8 10 10 8 2 10 2 10 8 10 10
left_child=2 4 3 8 14 15 9 22 26 -3 -8 21 13 -11 -2 -4 24 25 23 -9 -15 -7 -5 -16 27 -6 -1 -10 -14 -24
right_child=1 6 5 7 17 11 10 19 16 12 -12 -13 28 20 18 -17 -18 -19 -20 -21 -22 -23 29 -25 -26 -27 -28 -29 -30 -31
leaf_value=-3.8269421145495244 2.1638354166749449 4.6263850076421562 -0.18289037902254318 -1.8248332684986706 4.5108010285275837 0.92056604395398089 12.190715189536721 -1.2889459245692532 -1.988002633991014 12.507058343654727 8.8829729877818711 2.8907752275948102 5.4061648631754498 6.7884337919603013 3.4809706664371491 0.46791313273398416 -2.2099306396572818 5.3386703479152837 0.74187928685120175 -0.55154223618279929 8.5648424493950532 1.5833787465182172 -1.3070091947982085 1.9396057792146539 -0.94845325200967734 3.140566847849724 -2.3583007371300111 -1.4150645247013305 7.3178027426678192 -0.86587590584646101
leaf_weight=135 1711 138 4449 1028 590 2059 256 908 1240 40 153 323 180 222 999 2015 1549 716 83 6236 414 1422 5064 171 885 214 3418 2020 137 1672
leaf_count=135 1711 138 4449 1028 590 2059 256 908 1240 40 153 323 180 222 999 2015 1549 716 83 6236 414 1422 5064 171 885 214 3418 2020 137 1672
internal_value=-0.00135515 4.5583 -0.799401 -1.35512 3.28881 0.507895 8.25013 -0.976456 -1.96542 7.25482 10.978 1.3367 7.61508 8.24375 2.55696 0.0200233 -1.6844 4.7133 3.09163 -0.645433 7.95641 1.1917 -1.28092 3.25754 -1.48753 4.15044 -2.41516 -1.63353 6.25274 -1.19766
internal_weight=40447 6024 34423 24155 4484 10268 1540 14908 9247 1131 409 3804 993 676 2964 6464 5694 1520 1253 7144 636 3481 7764 1170 4145 804 3553 3260 317 6736
internal_count=40447 6024 34423 24155 4484 10268 1540 14908 9247 1131 409 3804 993 676 2964 6464 5694 1520 1253 7144 636 3481 7764 1170 4145 804 3553 3260 317 6736
is_linear=0
shrinkage=0.03


Tree=10
num_leaves=31
num_cat=0
split_feature=9 9 9 9 9 9 34 1 41 1 11 1 33 25 5 14 11 1 25 41 9 29 14 41 34 41 9 27 9 34
split_gain=1.52987e+08 2.88862e+07 2.46932e+07 5.26102e+06 4.62109e+06 4.03911e+06 3.95169e+06 1.58306e+06 1.18024e+06 1.16473e+06 1.05863e+06 846936 846412 819744 760065 633802 616760 604585 545690 544608 527097 512224 475155 446078 433595 327916 306803 293862 267802 266086
threshold=197.60500000000005 367.71000000000009 99.105000000000004 43.365000000000002 570.0150000000001 138.36625000000004 293.84000000000009 3.5000000000000004 -3723.7185914753459 1.0000000180025095e-35 72.272500000000022 1.0000000180025095e-35 495.0800000000001 232.82541666666668 65656.250000000015 336.83500000000009 58.318750000000009 4.5000000000000009 187.54843750000001 -1432.0687334490865 160.92500000000004 411.98000000000008 238.98000000000005 -709.31347920823816 602.10500000000013 -9174.5006458352364 70.622500000000016 28789.270833333336 3.5550000000000002 125.01500000000001
decision_type=10 10 10 10 10 10 10 2 8 2 10 2 10 10 2 10 8 2 10 8 10 10 10 8 10 8 10 10 10 10
left_child=2 6 3 8 7 18 13 12 28 14 25 15 -3 -2 -8 -7 -10 27 23 -12 -13 -9 -21 -4 -6 -5 -27 -11 -1 -25
right_child=1 4 5 10 24 11 9 21 16 17 19 20 -14 -15 -16 -17 -18 -19 -20 22 -22 -23 -24 29 -26 26 -28 -29 -30 -31
leaf_value=-2.6691155064024521 2.1713098640943085 7.1656331348280302 -0.78638225110997195 -1.9948290280049075 9.7604334381103506 1.8613098492623323 5.6052427226304999 5.0012944773072778 -1.8968629887287738 5.6017055862034733 -1.3308211848593217 0.53134253025161726 9.4090449409484869 3.1536306872433708 10.663600236846179 5.4611710972688634 -1.2426872521092629 3.3035223186043803 1.588198306299746 -0.62976861280025742 1.2269939522042421 6.7903953027044022 1.8238607784112293 -0.24174364632714523 12.380422511772821 -1.3587026530646127 -0.9492355068087186 4.2536945058205422 -2.1314828404854484 0.17128889731920344
leaf_weight=1316 2064 514 844 482 149 471 95 344 3143 252 1090 1778 239 1230 40 48 2225 429 167 5640 2191 279 71 2979 148 3866 2893 420 2416 2653
leaf_count=1316 2064 514 844 482 149 471 95 344 3143 252 1090 1778 239 1230 40 48 2225 429 167 5640 2191 279 71 2979 148 3866 2893 420 2416 2653
internal_value=-0.00651226 4.32845 -0.791192 -1.34964 7.69652 0.369879 3.08315 6.95369 -1.91155 4.5302 -0.98539 1.06504 7.88922 2.53896 7.1714 2.20411 -1.62599 4.20014 -0.0998602 -0.716426 0.915574 5.81211 -0.598951 -0.14363 11.1032 -1.23788 -1.18361 4.76677 -2.32173 -0.0471854
internal_weight=40476 6203 34273 23142 1673 11131 4530 1376 9100 1236 14042 4488 753 3294 135 519 5368 1101 6643 6801 3969 623 5711 6476 297 7241 6759 672 3732 5632
internal_count=40476 6203 34273 23142 1673 11131 4530 1376 9100 1236 14042 4488 753 3294 135 519 5368 1101 6643 6801 3969 623 5711 6476 297 7241 6759 672 3732 5632
is_linear=0
shrinkage=0.03


Tree=11
num_leaves=31
num_cat=0
split_feature=34 24 24 24 34 24 33 24 24 24 30 24 26 14 31 30 41 41 1 24 34 1 1 41 5 18 6 6 6 14
split_gain=1.46006e+08 2.72552e+07 2.37931e+07 4.8046e+06 4.3989e+06 4.35372e+06 4.05818e+06 1.2766e+06 1.07191e+06 1.01359e+06 827282 788694 705908 653926 630978 618661 574805 550618 502099 440845 399668 399414 397819 393799 350585 345581 333296 326097 299251 245936
threshold=210.06500000000003 379.87500000000006 101.91375000000001 52.855000000000011 293.84000000000009 150.92000000000004 554.32500000000016 1.7025000000000001 465.20500000000004 231.88000000000002 80.593750000000014 300.34500000000008 23889.000000000004 120.78000000000002 256.01000000000005 323.86000000000007 1891.7191633936529 -5838.4980048902426 4.5000000000000009 177.82375000000002 126.38500000000001 4.5000000000000009 1.5000000000000002 -3411.1625452607109 45400.437500000007 1.0000000180025095e-35 2.1088105726872248 17.552863436123353 8.6773127753303996 479.90500000000003
decision_type=10 10 10 10 10 8 10 8 10 10 10 10 10 10 10 10 8 8 2 10 10 2 2 8 2 2 2 2 2 10
left_child=2 4 3 7 9 16 8 -1 14 -2 25 19 -8 23 24 18 27 -12 -6 -7 -18 -21 -16 -9 -3 -5 -10 -4 -15 -28
right_child=1 6 5 10 15 11 12 13 26 -11 17 -13 -14 28 22 -17 20 -19 -20 21 -22 -23 -24 -25 -26 -27 29 -29 -30 -31
leaf_value=-2.3454458404153891 1.9323065156600536 2.0642789051088037 -1.1032837776765596 -1.0201254382473532 4.4511923091142078 0.88047814810832525 11.447297954153507 -2.0083815837243542 10.712329447428385 3.0318872078948962 -1.5047281785397184 5.17181916879571 8.7053922810274003 -0.39812773836784748 7.700955347644233 5.1773966870334966 -0.1643199191588553 -0.58603452951836499 2.9359828281061988 1.7652556429696131 0.33931973983828834 0.65075164040038869 5.9446004780593986 -1.5310625996132443 5.2763235759735103 -1.5650600574885023 5.3661923976566479 -0.11438760246022701 -1.2832485842552785 8.005693690525078
leaf_weight=2424 1606 47 602 4266 574 1800 234 2439 44 1439 645 45 169 457 192 616 2594 6509 314 1458 3126 363 396 4389 98 1395 45 598 1401 321
leaf_count=2424 1606 47 602 4266 574 1800 234 2439 44 1439 645 45 169 457 192 616 2594 6509 314 1458 3126 363 396 4389 98 1395 45 598 1401 321
internal_value=0.000379453 4.28057 -0.755649 -1.2796 3.10986 0.428532 7.72107 -1.73621 6.79586 2.45277 -0.883648 1.26426 10.3219 -1.56593 6.08683 4.43769 -0.0143268 -0.669062 3.91931 1.21428 0.110932 1.54357 6.53021 -1.70183 4.25645 -1.15466 8.04558 -0.610989 -1.06587 7.69667
internal_weight=40606 6095 34511 23925 4549 10586 1546 11110 1143 3045 12815 3666 403 8686 733 1504 6920 7154 888 3621 5720 1821 588 6828 145 5661 410 1200 1858 366
internal_count=40606 6095 34511 23925 4549 10586 1546 11110 1143 3045 12815 3666 403 8686 733 1504 6920 7154 888 3621 5720 1821 588 6828 145 5661 410 1200 1858 366
is_linear=0
shrinkage=0.03


Tree=12
num_leaves=31
num_cat=0
split_feature=34 24 9 9 9 24 9 24 24 41 24 1 24 18 9 4 24 11 24 41 9 34 30 1 24 41 1 34 41 7
split_gain=1.37419e+08 2.59296e+07 2.2476e+07 4.79237e+06 4.4199e+06 4.40183e+06 3.89455e+06 1.47878e+06 1.28257e+06 1.10221e+06 941382 708952 654544 640877 511648 458883 412100 388715 384911 378751 352257 346384 346274 359829 312179 305834 280629 273359 262772 240861
threshold=210.06500000000003 366.3300000000001 99.767500000000013 43.365000000000002 570.0150000000001 145.50500000000002 295.00500000000005 465.20500000000004 71.885000000000005 -2630.1199087821474 217.79500000000004 3.5000000000000004 177.82375000000002 1.0000000180025095e-35 130.06500000000003 244.50000000000003 138.17500000000004 77.205000000000013 285.09000000000009 -7967.2037011337443 367.71000000000009 602.10500000000013 347.15000000000003 4.5000000000000009 2.7300000000000009 -3166.6819272714743 4.5000000000000009 253.17500000000004 -6001.2337053754554 8.2864583333333375
decision_type=10 10 10 10 10 10 10 10 10 8 8 2 10 2 8 2 10 10 10 8 10 10 10 2 8 8 2 10 8 2
left_child=2 6 3 9 7 14 10 11 28 24 -2 -3 29 17 25 -9 19 -11 26 -10 -13 -6 23 -8 -1 -4 -14 -12 -5 -7
right_child=1 4 5 8 21 12 22 15 16 13 27 20 18 -15 -16 -17 -18 -19 -20 -21 -22 -23 -24 -25 -26 -27 -28 -29 -30 -31
leaf_value=-2.5448229192821428 1.756273984177662 6.5421281290309761 -0.95443376748585229 -1.682429654162539 9.4229519397190646 0.91052550448534975 4.4960005247454315 8.9685367908477769 -1.8020036921830012 -1.4981419402161718 2.4688832893733261 2.8979739490839149 1.7041164475228956 -2.054998498910535 0.35459561571566539 6.9858304344312261 0.50248317058805536 -0.82089342685993349 4.1273762170098864 -0.63621163659129032 5.2916890256433948 11.834073530915497 5.2207491741566301 3.1847862777629139 -1.9811199393875079 -0.144192502879951 0.7323964627378855 3.1824422340081173 -1.1355816441899071 -0.35425628357350009
leaf_weight=1348 1226 559 458 919 139 1971 601 239 260 2505 1029 77 1443 1369 1943 244 275 1103 52 6658 245 153 345 294 2694 4853 331 966 5890 145
leaf_count=1348 1226 559 458 919 139 1971 601 239 260 2505 1029 77 1443 1369 1943 244 275 1103 52 6658 245 153 345 294 2694 4853 331 966 5890 145
internal_value=0.0146001 4.15574 -0.725815 -1.262 7.36091 0.376692 2.96455 6.63397 -0.914498 -1.80134 2.4132 5.88593 1.18349 -1.5018 -0.0618417 7.98342 -0.634997 -1.29139 1.5997 -0.68028 4.73002 10.7224 4.39362 4.06931 -2.1697 -0.214231 1.52332 2.81582 -1.20963 0.823729
internal_weight=40334 6117 34217 23021 1656 11196 4461 1364 14002 9019 3221 881 3942 4977 7254 483 7193 3608 1826 6918 322 292 1240 895 4042 5311 1774 1995 6809 2116
internal_count=40334 6117 34217 23021 1656 11196 4461 1364 14002 9019 3221 881 3942 4977 7254 483 7193 3608 1826 6918 322 292 1240 895 4042 5311 1774 1995 6809 2116
is_linear=0
shrinkage=0.03


Tree=13
num_leaves=31
num_cat=0
split_feature=34 34 12 34 33 34 11 1 41 17 30 28 1 30 25 1 12 25 29 34 41 27 25 11 41 18 10 11 40 30
split_gain=1.28746e+08 2.3333e+07 1.84602e+07 4.90776e+06 3.86877e+06 3.81538e+06 3.55965e+06 1.37348e+06 1.29821e+06 1.15557e+06 885844 868820 851491 798631 757717 754779 620857 575888 502934 498761 471126 370283 349341 328953 298618 288959 287396 273717 266957 263750
threshold=210.06500000000003 379.96500000000009 89.961614583333358 148.10500000000005 554.32500000000016 293.84000000000009 60.908750000000005 3.5000000000000004 -3636.8507430683017 6351.7455800000016 87.585000000000022 24013.659722222226 1.0000000180025095e-35 112.70125000000002 218.5529166666667 4.5000000000000009 53.108958333333341 177.58057291666668 393.72250000000008 173.42500000000004 -7560.9004993903991 24636.916666666668 311.9752083333334 236.83000000000004 1454.3448202590337 1.0000000180025095e-35 -2.4362499999999998 116.10625 -36.636249999999983 230.00500000000002
decision_type=10 10 10 8 10 10 8 2 8 10 10 10 2 10 10 2 10 10 10 10 8 10 10 10 10 2 10 10 10 10
left_child=2 5 6 13 7 14 9 -3 -8 16 -10 -6 23 17 -2 22 24 20 -9 -14 -4 -16 -7 -5 -1 -11 -27 -12 -21 -23
right_child=1 4 3 12 11 15 8 18 10 25 27 -13 19 -15 21 -17 -18 -19 -20 28 -22 29 -24 -25 -26 26 -28 -29 -30 -31
leaf_value=-1.775959598849064 1.8717134164781863 7.1758118194660447 -1.939174984644537 1.666914663229013 10.597781568331769 3.9796163746714592 -1.5988624972053123 3.7419239187625144 -0.95180973139778779 -1.9308782270670912 -0.51563795654542821 7.7363306520696273 0.47799055410370672 0.095506803198649307 4.9680161394391735 3.18500366555168 -1.1571881172024376 1.4292028882557695 5.7753624875858183 0.28412406688630576 -0.51119370408868603 2.3512738981026349 5.1878307746559944 3.4491216316223143 -1.0617675483662907 -5.0755813393941738 -2.4746811220532869 0.057725643960748439 1.247399952837843 3.1660688555477225
leaf_weight=3965 1543 616 218 388 282 383 1779 185 5564 1710 2596 170 2098 3193 69 435 3705 131 304 299 4182 842 576 124 614 40 906 1053 1965 654
leaf_count=3965 1543 616 218 388 282 383 1779 185 5564 1710 2596 170 2098 3193 69 435 3705 131 304 299 4182 842 576 124 614 40 906 1053 1965 654
internal_value=-0.00493653 4.02819 -0.712728 0.202492 7.19322 2.93222 -1.23843 6.2251 -0.857006 -1.62155 -0.713598 9.54103 0.947794 -0.26787 2.34596 4.23671 -1.44659 -0.523907 5.01527 0.811581 -0.582368 2.81204 4.70995 2.10442 -1.68045 -2.16649 -2.5899 -0.350211 1.12036 2.70935
internal_weight=40589 6059 34530 12598 1557 4502 21932 1105 10992 10940 9213 452 4874 7724 3108 1394 8284 4531 489 4362 4400 1565 959 512 4579 2656 946 3649 2264 1496
internal_count=40589 6059 34530 12598 1557 4502 21932 1105 10992 10940 9213 452 4874 7724 3108 1394 8284 4531 489 4362 4400 1565 959 512 4579 2656 946 3649 2264 1496
is_linear=0
shrinkage=0.03


Tree=14
num_leaves=31
num_cat=0
split_feature=9 24 9 9 24 24 33 24 24 14 24 24 41 24 14 41 7 24 9 9 24 14 7 23 1 31 1 28 11 41
split_gain=1.20947e+08 2.57714e+07 1.74996e+07 4.80075e+06 3.61354e+06 3.5075e+06 3.35938e+06 987950 960671 954439 870100 748054 698263 683130 548965 506166 469030 409682 402288 398360 388740 367529 314555 302445 283268 275607 253873 250598 249324 230543
threshold=187.91500000000002 379.87500000000006 93.00500000000001 286.74500000000006 52.080000000000005 133.95500000000001 554.32500000000016 0.065000000000000016 217.79500000000004 418.44000000000005 300.34500000000008 644.96000000000015 -6001.2337053754554 465.20500000000004 170.62125000000003 -6001.2337053754554 7.7343750000000009 162.73375000000001 331.00500000000005 115.20500000000001 78.635000000000005 97.020000000000024 5.7447916666666687 4.5000000000000009 2.5000000000000004 250.02000000000001 1.0000000180025095e-35 24013.659722222226 135.13500000000002 -2259.8705111764862
decision_type=10 10 10 10 10 10 10 8 10 10 10 10 8 10 10 8 2 10 10 10 10 10 2 2 2 10 2 10 10 8
left_child=2 3 4 8 7 19 9 -1 -2 25 17 27 -6 22 20 -9 18 -7 -5 29 -14 -17 -11 -19 -15 -3 -10 -8 -16 -4
right_child=1 6 5 16 12 10 11 15 26 13 -12 -13 14 24 28 21 -18 23 -20 -21 -22 -23 -24 -25 -26 -27 -28 -29 -30 -31
leaf_value=-2.2798618045203138 1.6006237659969791 2.0520680687162609 -0.9363260128708083 3.6959126099476629 -1.6218568059973333 0.53520134199361402 9.3249002085646548 -1.9106156247424431 3.3614672011446642 6.4165236191214214 4.064091059875488 11.213969419880918 -1.032317982834984 8.5687402817298626 -0.30044019748334377 -1.56367008244678 2.6359675557717033 1.3032509468910609 4.7618709740506713 0.065589896283337529 -0.65225191766308055 -1.0880410788079096 4.8372390037291328 0.30429590218980984 6.7267077137012867 4.9335494041442871 2.4085997908844741 7.2005406217815491 1.1201103076357051 -0.29818430572389831
leaf_weight=1888 1833 53 578 611 1043 2324 145 2204 307 382 74 151 5264 173 349 3804 183 1569 738 2995 4502 2396 190 331 195 75 1622 118 162 4269
leaf_count=1888 1833 53 578 611 1043 2324 145 2204 307 382 74 151 5264 173 349 3804 183 1569 738 2995 4502 2396 190 331 195 75 1622 118 162 4269
internal_value=-0.00598591 3.65138 -0.740319 2.67157 -1.25227 0.171107 7.14728 -1.65912 2.09408 6.24565 0.8598 9.45259 -0.882258 6.579 -0.807046 -1.51942 4.08737 0.802716 4.28216 -0.20641 -0.857197 -1.38007 5.90129 1.12947 7.61354 3.76559 2.56191 8.40265 0.151219 -0.37446
internal_weight=40528 6776 33752 5294 21612 12140 1482 10292 3762 1068 4298 414 11320 940 10277 8404 1532 4224 1349 7842 9766 6200 572 1900 368 128 1929 263 511 4847
internal_count=40528 6776 33752 5294 21612 12140 1482 10292 3762 1068 4298 414 11320 940 10277 8404 1532 4224 1349 7842 9766 6200 572 1900 368 128 1929 263 511 4847
is_linear=0
shrinkage=0.03


Tree=15
num_leaves=31
num_cat=0
split_feature=34 24 24 34 24 24 38 17 12 24 34 25 33 7 16 12 41 30 1 1 7 7 41 16 34 32 31 29 1 7
split_gain=1.14465e+08 2.18109e+07 1.87684e+07 4.67511e+06 3.88902e+06 3.32794e+06 2.3234e+06 1.01962e+06 870196 821679 707687 660128 599427 571733 535724 487938 450958 419984 410702 402147 395974 387545 332389 298013 297796 291589 288273 286158 271751 255938
threshold=210.06500000000003 410.02500000000003 101.91375000000001 293.84000000000009 44.305000000000007 152.90625000000003 368.05000000000007 5493.3056950000018 69.39104166666668 240.02000000000001 602.10500000000013 331.09791666666672 361.39000000000004 6.3003472222222241 6194.6877493118373 61.716458333333343 3500.2480895201084 127.29000000000001 1.5000000000000002 3.5000000000000004 7.0503472222222241 7.6163194444444473 -304.88417456402743 6037.4786780114719 180.48500000000004 128.64750000000004 390.00500000000005 343.93000000000006 4.5000000000000009 8.2864583333333375
decision_type=10 10 10 10 8 10 10 10 10 10 10 10 10 2 10 10 10 8 2 2 2 2 10 10 10 10 10 10 2 2
left_child=2 3 4 9 7 14 13 15 16 -2 -8 21 -5 18 17 22 23 -4 -3 -14 26 24 -1 -6 -7 -10 -21 -15 29 -11
right_child=1 6 5 12 8 11 10 -9 25 28 -12 -13 19 27 -16 -17 -18 -19 -20 20 -22 -23 -24 -25 -26 -27 -28 -29 -30 -31
leaf_value=-1.6903402484994718 1.7646085241526217 7.9478929969056011 -0.10432502705929186 3.516965106383505 -1.0790684067346781 0.94651717060026341 8.2491515872969092 -2.0719287539064668 -0.6622951391763694 3.1345228993180489 11.015220881108638 4.8797058371135167 5.3700511584246069 2.8703732491439244 -0.70866762394754701 -0.97418327219333234 -0.35972246965685861 0.40012497368479794 6.2399390956599543 3.7599564952186388 1.5270849359035492 0.25266629970960058 -1.0269459204968965 -1.6963660995470233 1.5467216586174137 0.090326256083428175 5.29895156472762 5.6364808507726973 1.7497050214395291 1.6665047728731517
leaf_weight=3644 1802 218 3638 856 5357 1694 276 3028 7182 928 142 41 398 52 833 1750 706 2509 409 315 51 434 843 814 1338 495 186 118 204 125
leaf_count=3644 1802 218 3638 856 5357 1694 276 3028 7182 928 142 41 398 52 833 1750 706 2509 409 315 51 434 843 814 1338 495 186 118 204 125
internal_value=-0.00142025 3.79204 -0.673821 2.89301 -1.13941 0.383668 7.38653 -1.61987 -0.833458 2.1772 9.21287 1.13748 4.10357 6.41834 0.00481967 -1.4001 -1.07859 0.101606 6.84548 4.62787 4.08401 1.09181 -1.56596 -1.16076 1.21181 -0.613762 4.34074 4.81211 2.76681 2.962
internal_weight=40386 6080 34306 4865 23819 10487 1215 9265 14554 3059 418 3507 1806 797 6980 6237 6877 6147 627 950 552 3466 4487 6171 3032 7677 501 170 1257 1053
internal_count=40386 6080 34306 4865 23819 10487 1215 9265 14554 3059 418 3507 1806 797 6980 6237 6877 6147 627 950 552 3466 4487 6171 3032 7677 501 170 1257 1053
is_linear=0
shrinkage=0.03


Tree=16
num_leaves=31
num_cat=0
split_feature=24 24 9 9 9 9 9 24 1 41 6 24 33 34 14 9 7 1 33 11 41 7 31 7 24 24 29 2 1 41
split_gain=1.0674e+08 2.14176e+07 1.713e+07 3.84888e+06 3.73791e+06 3.24906e+06 3.07923e+06 959719 958870 910019 791663 600646 556882 553739 537194 531054 524984 488906 373312 342759 330064 293586 292997 273104 261146 261008 260522 248343 225416 215748
threshold=195.14000000000001 379.87500000000006 99.767500000000013 44.165000000000006 266.61500000000007 524.47500000000002 149.61250000000004 71.885000000000005 4.5000000000000009 -2486.4670257782541 1.6649779735682821 121.00250000000001 340.74500000000006 240.06500000000003 236.93500000000003 644.96000000000015 6.4045138888888902 4.5000000000000009 471.88000000000005 82.30125000000001 -7967.2037011337443 7.3697916666666687 269.01500000000004 8.5017361111111125 1.7025000000000001 254.22500000000005 280.66000000000008 11.500000000000002 1.5000000000000002 -10607.732681651016
decision_type=10 10 10 10 10 10 10 10 2 8 2 10 10 10 10 10 2 2 10 10 8 2 10 2 8 10 10 2 2 8
left_child=2 4 3 9 14 8 11 29 10 24 -3 -4 -6 23 27 -7 18 19 -12 -11 -9 -14 -10 -8 -1 -16 -18 -2 -20 -5
right_child=1 5 6 7 12 15 13 20 22 17 16 -13 21 -15 25 -17 26 -19 28 -21 -22 -23 -24 -25 -26 -27 -28 -29 -30 -31
leaf_value=-2.2852952303010516 1.4118252258095003 9.7243199566432406 -0.25245885272005664 -1.8356972607536406 3.177392937288694 8.0441079139709473 0.99315813147292653 -1.605002398225531 1.6118461310863494 -1.3310919097446359 5.8090568264629283 0.30014558729663693 4.4500985622989004 2.2626914259908246 1.9781075908165227 10.460318918932204 2.244508717400687 -1.8570165520816602 8.7818424833273578 -0.67910711211102759 -0.52943293381574952 2.544609668665919 4.4524381134286521 -0.2051260894875632 -1.7688184636916777 2.7364111208763156 5.0620300417916102 -0.35864619965906497 6.5747903240783305 -1.0304135517738093
leaf_weight=1311 629 55 4469 315 977 265 3057 266 46 2878 496 2930 730 305 1747 148 41 1218 78 975 6905 86 127 181 2816 546 133 80 157 6424
leaf_count=1311 629 55 4469 315 977 265 3057 266 46 2878 496 2930 730 305 1747 148 41 1218 78 975 6905 86 127 181 2816 546 133 80 157 6424
internal_value=0.00237524 3.57579 -0.663173 -1.12619 2.58483 6.64565 0.314664 -0.811249 5.80467 -1.60233 6.17776 -0.0336168 3.66884 1.0418 1.93638 8.93314 5.95173 -1.33256 6.31104 -1.16633 -0.569548 4.25264 3.71074 0.926133 -1.9334 2.15979 4.41475 1.21183 7.34145 -1.06832
internal_weight=40391 6341 34050 23108 4795 1546 10942 13910 1133 9198 960 7399 1793 3543 3002 413 905 5071 731 3853 7171 816 173 3238 4127 2293 174 709 235 6739
internal_count=40391 6341 34050 23108 4795 1546 10942 13910 1133 9198 960 7399 1793 3543 3002 413 905 5071 731 3853 7171 816 173 3238 4127 2293 174 709 235 6739
is_linear=0
shrinkage=0.03


Tree=17
num_leaves=31
num_cat=0
split_feature=24 24 9 9 24 9 9 4 18 24 41 14 33 14 4 24 14 33 24 23 24 29 1 9 41 11 41 41 28 16
split_gain=1.015e+08 2.25441e+07 1.40482e+07 3.90265e+06 3.24127e+06 2.88723e+06 2.7604e+06 972215 821844 727822 640995 635492 671063 606274 591046 520324 510141 428159 401419 375229 354342 350639 285861 277969 276349 235855 222058 218567 214115 205067
threshold=182.49000000000004 366.3300000000001 91.155000000000015 266.61500000000007 493.73500000000007 38.07500000000001 138.36625000000004 244.50000000000003 1.0000000180025095e-35 68.221250000000012 1546.770362776206 418.44000000000005 340.74500000000006 236.93500000000003 232.50000000000003 110.00250000000001 347.71000000000004 340.74500000000006 224.31500000000003 5.5000000000000009 644.96000000000015 393.72250000000008 4.5000000000000009 1.7025000000000001 -6179.6370395720542 53.32500000000001 -5838.4980048902426 -1032.143771568273 23250.062500000004 6268.9166217460543
decision_type=10 10 10 10 10 8 8 2 2 10 8 10 10 10 2 10 10 10 10 2 10 10 2 10 8 10 8 10 10 10
left_child=2 3 5 13 11 8 15 14 10 27 -1 -3 -13 19 -6 26 -8 -5 -15 -2 -16 22 -14 -10 -11 -12 -4 -7 -23 -17
right_child=1 4 6 17 7 9 16 -9 23 24 25 12 21 18 20 29 -18 -19 -20 -21 -22 28 -24 -25 -26 -27 -28 -29 -30 -31
leaf_value=-1.6743683575091604 1.5118347556176912 3.6245308568424353 -1.1957723574973131 3.0878370856894661 7.828128065344405 -1.1715048424956889 0.70228938156036458 6.326364295075579 -2.5103727028612512 -1.3586889245602991 -1.3557944647961011 9.4220359420776365 5.0688131436506909 1.6443378500406236 8.8988554336085457 0.16277803643906272 2.4036368531994072 4.0649146617748961 2.3731619111299511 0.23787069574769198 12.020275479830227 8.2234531136446218 2.5653544399317569 -1.838102386901155 -0.5952828284167534 -0.74173789910239274 -0.34248068327773484 -0.6649992452252288 5.7940874893426892 -0.55960056790979062
leaf_weight=3136 746 178 291 969 218 5794 3673 204 795 461 1012 41 359 1370 98 3176 165 729 1379 289 77 42 50 1919 5723 1280 4634 889 399 397
leaf_count=3136 746 178 291 969 218 5794 3673 204 795 461 1012 41 359 1370 98 3176 165 729 1379 289 77 42 50 1919 5723 1280 4634 889 399 397
internal_value=0.0002275 3.24401 -0.695203 2.31447 6.29946 -1.16703 0.108379 8.07664 -1.60917 -0.887149 -1.39548 5.30034 5.63069 1.77746 8.96682 -0.193216 0.776039 3.50947 2.01067 1.15668 10.3328 5.43696 4.76977 -2.03588 -0.652403 -1.01334 -0.393131 -1.10424 6.04354 0.0823796
internal_weight=40493 7148 33345 5482 1666 21009 12336 597 8142 12867 5428 1069 891 3784 393 8498 3838 1698 2749 1035 175 850 409 2714 6184 2292 4925 6683 441 3573
internal_count=40493 7148 33345 5482 1666 21009 12336 597 8142 12867 5428 1069 891 3784 393 8498 3838 1698 2749 1035 175 850 409 2714 6184 2292 4925 6683 441 3573
is_linear=0
shrinkage=0.03


Tree=18
num_leaves=31
num_cat=0
split_feature=24 9 24 24 9 9 9 9 14 1 41 1 24 38 24 34 38 24 18 7 28 31 41 18 24 9 41 7 7 9
split_gain=9.66287e+07 1.7518e+07 1.7141e+07 3.82053e+06 3.01566e+06 2.69919e+06 2.69549e+06 1.08715e+06 931715 789509 664209 566591 602397 524459 517000 514163 496601 456450 438186 420694 388542 315435 309162 285814 259425 245804 243906 238914 217597 199327
threshold=205.73500000000004 103.33125000000001 379.87500000000006 59.275000000000013 155.05000000000004 295.00500000000005 570.0150000000001 24.803750000000004 418.44000000000005 1.5000000000000002 -6711.8876563815638 4.5000000000000009 254.22500000000005 289.84000000000009 125.27000000000002 244.01000000000002 30.574999999999999 88.465000000000018 1.0000000180025095e-35 7.7343750000000009 23250.062500000004 148.98500000000004 -1032.143771568273 1.0000000180025095e-35 138.17500000000004 -23.451249999999998 1454.3448202590337 8.5017361111111125 7.5086805555555571 331.00500000000005
decision_type=10 10 10 10 10 10 10 8 10 2 8 2 10 10 10 10 10 10 2 2 10 10 10 2 10 10 8 2 2 10
left_child=1 3 5 7 14 11 8 18 -4 16 -5 12 -2 -11 28 27 -10 -12 26 29 -18 -13 -9 24 -19 -20 -1 -6 -3 -7
right_child=2 4 6 10 15 19 -8 22 9 13 17 21 -14 -15 -16 -17 20 23 25 -21 -22 -23 -24 -25 -26 -27 -28 -29 -30 -31
leaf_value=-1.7398461225520074 1.945881097042037 -0.066782018098766549 3.4679659985120481 -1.475374082389036 1.0667739273973673 3.4749856009962374 8.9167155907729576 -1.2570075586708123 10.415796733949243 4.5015890976698438 -0.7618147119226375 -0.15688823493751319 2.9362672264854219 6.1446518444378393 0.37035647178063141 2.1978077145420283 8.4199207998576924 -0.31505209183814553 -3.9416832993247288 2.2392605910698573 6.0044534532262928 1.6161977830328418 -0.70661254865050416 -0.82441918934854519 0.76146692773588343 -2.0569872402220355 -1.2096827097978002 -0.028902086679536008 -0.68449356576418519 4.3433649513333341
leaf_weight=2136 1456 3517 155 843 3109 432 289 5763 40 337 6679 110 904 411 2818 360 94 3456 65 143 234 499 1098 1000 213 1714 1251 190 600 644
leaf_count=2136 1456 3517 155 843 3109 432 289 5763 40 337 6679 110 904 411 2818 360 94 3456 65 143 234 499 1098 1000 213 1714 1251 190 600 644
internal_value=0.00258891 -0.592443 3.6058 -1.03753 0.425037 2.60486 6.28954 -1.4169 5.68563 5.99026 -0.663186 2.11554 2.32633 5.41139 0.0573407 1.12174 7.14902 -0.602727 -1.74578 3.79393 6.72018 1.2962 -1.16904 -0.375037 -0.252365 -2.12802 -1.54444 1.00368 -0.15695 3.99827
internal_weight=40560 34812 5748 24218 10594 4188 1560 12027 1271 1116 12191 2969 2360 748 6935 3659 368 11348 5166 1219 328 609 6861 4669 3669 1779 3387 3299 4117 1076
internal_count=40560 34812 5748 24218 10594 4188 1560 12027 1271 1116 12191 2969 2360 748 6935 3659 368 11348 5166 1219 328 609 6861 4669 3669 1779 3387 3299 4117 1076
is_linear=0
shrinkage=0.03


Tree=19
num_leaves=31
num_cat=0
split_feature=24 24 24 34 24 24 33 12 14 24 1 12 41 41 17 12 4 24 34 30 16 1 5 0 4 34 14 1 12 29
split_gain=9.08394e+07 1.70464e+07 1.47486e+07 3.15225e+06 2.96013e+06 2.64396e+06 2.22306e+06 1.27959e+06 784800 687652 591944 571475 526668 518678 512047 452169 428023 426707 393346 372574 335910 308404 302358 313058 303166 294230 274431 265968 286516 261829
threshold=200.00500000000002 395.76500000000004 99.635000000000005 301.63000000000005 22.506250000000005 147.31000000000003 554.32500000000016 69.938385416666691 418.44000000000005 254.22500000000005 3.5000000000000004 302.37062500000008 1546.770362776206 3500.2480895201084 4502.9199950000011 129.79520833333336 352.50000000000006 644.96000000000015 129.21500000000003 170.56250000000003 3394.0199921225399 4.5000000000000009 68762.500000000015 11.500000000000002 192.50000000000003 184.56000000000003 101.58125000000003 3.5000000000000004 417.90270833333335 393.72250000000008
decision_type=10 10 10 10 8 10 10 10 10 10 2 10 8 10 10 10 2 10 10 10 10 2 2 2 2 10 10 2 10 10
left_child=2 3 4 9 14 12 8 13 -3 -2 22 25 -4 20 26 -9 21 -8 -14 -5 -6 -11 24 -24 -10 -7 -1 -21 -29 -12
right_child=1 6 5 19 7 11 17 15 10 16 29 -13 18 -15 -16 -17 -18 -19 -20 27 -22 -23 23 -25 -26 -27 -28 28 -30 -31
leaf_value=-1.5712762161594198 1.6978883520825001 3.2323769491910932 -0.58454055841374342 0.85229077246130958 -1.0211364974456794 0.68083469447870315 7.3878384793459704 -0.60371293283340921 4.2725922889709471 2.9572985943156307 3.4868400882016055 3.2357148294895883 -0.13637595992288712 -0.40837913177628626 -1.922439960583725 0.27902027977604027 -0.015800423125425976 9.5787816502497751 0.34217829469692423 4.2526675640487781 -1.450341484700568 1.5109038770534098 9.7943085993552685 6.33603742516559 6.3769954006347067 1.2331904002108645 -0.98544480954007196 3.0755968830604914 4.6957830280349366 5.447219791173934
leaf_weight=1913 2132 123 1252 40 6506 2309 272 7288 84 918 114 95 3270 1001 2611 562 53 142 2930 661 2206 159 48 68 388 1396 1166 551 125 159
leaf_count=1913 2132 123 1252 40 6506 2309 272 7288 84 918 114 95 3270 1001 2611 562 53 142 2930 661 2206 159 48 68 388 1396 1166 551 125 159
internal_value=0.00726285 3.40192 -0.586748 2.52583 -1.01818 0.304855 6.30517 -0.825439 5.51704 2.01662 5.83929 0.94873 -0.0235597 -1.05566 -1.61287 -0.540488 2.61596 8.16059 0.0897982 3.72976 -1.12997 2.74536 6.38528 7.83853 6.01231 0.889232 -1.34982 3.81515 3.38168 4.64431
internal_weight=40542 6037 34505 4639 23253 11252 1398 17563 984 3262 861 3800 7452 9713 5690 7850 1130 414 6200 1377 8712 1077 588 116 472 3705 3079 1337 676 273
internal_count=40542 6037 34505 4639 23253 11252 1398 17563 984 3262 861 3800 7452 9713 5690 7850 1130 414 6200 1377 8712 1077 588 116 472 3705 3079 1337 676 273
is_linear=0
shrinkage=0.03


Tree=20
num_leaves=31
num_cat=0
split_feature=9 9 9 9 9 9 34 11 1 41 11 1 1 10 1 11 9 41 1 7 14 7 14 27 7 13 1 41 9 34
split_gain=8.46088e+07 1.5867e+07 1.42503e+07 3.21289e+06 2.75991e+06 2.72097e+06 1.51725e+06 1.11849e+06 710266 680508 618530 524641 471894 517324 457320 411584 346269 345687 334718 301674 295106 287843 287001 278590 268973 267112 239323 228800 217164 216112
threshold=200.00500000000002 353.44500000000005 94.303750000000022 570.0150000000001 138.36625000000004 39.992500000000014 268.98500000000007 427.30000000000007 1.0000000180025095e-35 -6179.6370395720542 76.605000000000004 1.5000000000000002 1.0000000180025095e-35 190.03500000000005 3.5000000000000004 51.945000000000007 169.11500000000004 -1104.1779217075016 1.5000000000000002 8.5642361111111143 336.83500000000009 7.4392361111111134 250.17000000000004 25142.895833333336 7.3072916666666687 258.71000000000009 1.0000000180025095e-35 -8613.1138202207021 410.13500000000005 119.09500000000001
decision_type=10 10 10 10 10 10 10 10 2 8 10 2 2 10 2 8 10 8 2 2 10 2 10 10 2 10 2 8 10 10
left_child=2 6 5 7 12 9 26 14 20 -1 27 21 13 -4 -3 -11 -10 -12 -9 29 -6 -8 -19 -5 -16 -13 -2 -7 -20 -14
right_child=1 3 4 23 8 10 11 18 16 15 17 25 19 -15 24 -17 -18 22 28 -21 -22 -23 -24 -25 -26 -27 -28 -29 -30 -31
leaf_value=-1.8539407789330662 2.626969080078903 5.1023545783797113 0.36298566190577752 8.8063085280606188 1.56000652349554 -1.5093833790091693 4.1837799705505372 7.2243632606379888 0.43059051549207333 -1.4943299948154984 -1.040859329234282 2.336204783761338 -0.33021087930148846 3.6634555314381916 3.9920761856458689 -0.9810599344416604 0.98713921026198559 -0.43694838905192501 3.7776350810097865 -0.88302799394624265 3.8141659258785889 2.2334445104840093 1.8274887727288638 6.2062842217807113 1.5899704051990899 3.3346570707056564 1.6860411726474815 -0.89490483096801487 5.8886399506141016 0.019442270996351953
leaf_weight=2706 276 458 861 258 511 590 374 180 2385 3324 954 875 2975 44 474 2454 1743 4333 60 537 58 88 50 57 48 345 2271 7475 301 3418
leaf_count=2706 276 458 861 258 511 590 374 180 2385 3324 954 875 2975 44 474 2454 1743 4333 60 537 58 88 50 57 48 345 2271 7475 301 3418
internal_value=-0.00281134 3.26404 -0.578562 5.59245 0.228131 -1.04047 2.25209 5.01481 0.803048 -1.4609 -0.774223 2.95187 -0.116584 0.527317 4.39972 -1.27654 0.665769 -0.523521 6.11885 -0.200736 1.79607 3.81791 -0.410705 8.35696 3.77466 2.62105 1.78899 -0.940039 5.54919 -0.143296
internal_weight=40483 6065 34418 1836 12532 21886 4229 1521 4697 8484 13402 1682 7835 905 980 5778 4128 5337 541 6930 569 462 4383 315 522 1220 2547 8065 361 6393
internal_count=40483 6065 34418 1836 12532 21886 4229 1521 4697 8484 13402 1682 7835 905 980 5778 4128 5337 541 6930 569 462 4383 315 522 1220 2547 8065 361 6393
is_linear=0
shrinkage=0.03


Tree=21
num_leaves=31
num_cat=0
split_feature=9 24 24 9 9 24 9 24 24 6 7 9 18 7 24 9 4 34 4 16 18 24 11 7 4 18 8 4 7 9
split_gain=8.03882e+07 1.51019e+07 1.38822e+07 4.51565e+06 2.76773e+06 1.72446e+06 1.58461e+06 1.14318e+06 739661 619454 534918 465622 447840 405476 390980 388200 352301 345430 317443 310858 298033 290707 271968 258189 233741 229331 227464 219114 204823 179981
threshold=211.86000000000004 116.15000000000002 410.02500000000003 66.805000000000021 295.00500000000005 170.63500000000002 570.0150000000001 12.578750000000001 300.34500000000008 1.2028634361233481 6.7690972222222241 91.155000000000015 1.0000000180025095e-35 8.0260416666666696 319.93000000000001 135.30500000000004 350.50000000000006 420.86500000000007 260.50000000000006 2901.8244439513869 1.0000000180025095e-35 254.22500000000005 102.56500000000001 7.5086805555555571 244.50000000000003 1.0000000180025095e-35 328.51875000000007 233.50000000000003 10.071180555555559 159.21875000000003
decision_type=10 10 10 10 10 10 10 8 10 2 2 10 2 2 10 10 2 10 2 10 2 8 10 2 2 2 2 2 2 10
left_child=1 3 4 7 21 15 9 26 16 -4 17 -5 19 14 -6 28 20 -11 -10 22 -7 -2 -9 -13 27 -23 -1 -8 -3 -22
right_child=2 5 6 11 13 8 24 12 18 10 -12 23 -14 -15 -16 -17 -18 -19 -20 -21 29 25 -24 -25 -26 -27 -28 -29 -30 -31
leaf_value=-1.4098628229568899 1.729716209841422 0.10096200094120697 9.1426814720847389 -0.63952613642027811 3.1411734018680897 1.3167513255123322 7.312886499527397 -0.89179688351714859 4.8562818376341861 4.6096286216832176 3.4530633671417577 -0.1951424672469983 -1.3899092675714164 1.9816006711721421 4.1405052258664909 0.54620685317127582 -0.71538884659713886 6.1000685889408235 1.8549305847906148 -1.2520193248334173 -0.55063892873603359 2.6332781524468953 -0.10571336004848716 -0.74018064353960489 6.0743664039884289 1.4027365569847856 -1.8930297339580706 9.4040970974237155 -1.1353721708343141 0.80829098256905707
leaf_weight=1499 1660 2814 43 6453 657 2049 108 4686 66 214 117 5299 2996 139 824 2701 93 548 64 2205 114 736 433 917 55 172 2183 141 125 371
leaf_count=1499 1660 2814 43 6453 657 2049 108 4686 66 214 117 5299 2996 139 824 2701 93 548 64 2205 114 736 433 917 55 172 2183 141 125 371
internal_value=0.0031576 -0.522149 3.40519 -0.871463 2.58217 0.58733 6.21222 -1.24276 1.2021 5.57936 5.39485 -0.461029 -1.08064 3.55351 3.6996 0.286652 1.09188 5.68808 3.40413 -0.95395 1.15846 1.96826 -0.825338 -0.275654 8.10705 2.40198 -1.69676 8.52995 0.0480106 0.488397
internal_weight=40482 35068 5414 26671 4188 8397 1226 14002 2757 922 879 12669 10320 1620 1481 5640 2627 762 130 7324 2534 2568 5119 6216 304 908 3682 249 2939 485
internal_count=40482 35068 5414 26671 4188 8397 1226 14002 2757 922 879 12669 10320 1620 1481 5640 2627 762 130 7324 2534 2568 5119 6216 304 908 3682 249 2939 485
is_linear=0
shrinkage=0.03


Tree=22
num_leaves=31
num_cat=0
split_feature=34 24 24 9 9 24 38 24 24 7 7 1 41 41 34 24 7 1 23 9 1 24 29 1 34 14 33 9 9 7
split_gain=7.45199e+07 1.39206e+07 1.26016e+07 3.64373e+06 3.16433e+06 2.31172e+06 1.33832e+06 819814 730490 493454 449485 432898 414945 406035 382653 377224 344406 341289 329409 304895 300581 289993 286156 274108 255892 220293 214095 212053 211580 189404
threshold=210.06500000000003 427.28500000000003 100.00125000000001 311.00500000000005 56.420000000000009 150.92000000000004 443.75500000000005 2.7300000000000009 240.02000000000001 6.4045138888888902 7.5086805555555571 3.5000000000000004 -3411.1625452607109 -6344.9923459419106 95.575000000000003 319.93000000000001 7.0225694444444473 2.5000000000000004 4.5000000000000009 129.0925 4.5000000000000009 177.82375000000002 329.61625000000009 4.5000000000000009 602.10500000000013 488.71500000000009 116.78500000000001 159.21875000000003 95.343750000000014 7.8975694444444464
decision_type=10 10 10 10 10 10 10 8 8 2 2 2 8 8 10 10 2 2 2 10 2 10 10 2 10 10 10 10 10 2
left_child=2 3 4 8 7 10 9 -1 28 17 19 -5 -9 -6 -15 18 25 -3 21 -4 26 -7 -11 29 -8 -13 -14 -20 -2 -10
right_child=1 6 5 11 13 15 24 12 23 22 -12 16 20 14 -16 -17 -18 -19 27 -21 -22 -23 -24 -25 -26 -27 -28 -29 -30 -31
leaf_value=-1.8102239914066911 -0.57239815171559649 6.6037091431506845 -0.054809494530192286 4.2086120395373063 -1.1780003485201962 0.69700695752074215 6.9383300927480063 -1.4654966710567534 2.6675640074271212 1.8144015901429311 -0.54006517408547217 3.0255025776997901 -1.0270000901124285 -0.70823817684604518 -0.35176379531951102 3.6928980945293293 1.6830920975054464 5.2058580760198216 -0.46805308295748171 0.40452829287325576 -1.4123592311897257 1.2875301271519033 4.8293727034442826 1.4922918590908438 9.3487372072077974 4.2333144507869589 -0.54740667169737434 0.65032489807219807 1.5215668011574881 1.6336513053691448
leaf_weight=2275 44 386 4286 696 1006 1477 89 2946 1156 41 1246 427 3588 6040 4922 42 123 320 233 1866 1431 1527 105 288 120 216 1098 438 1834 192
leaf_count=2275 44 386 4286 696 1006 1477 89 2946 1156 41 1246 427 3588 6040 4922 42 123 320 233 1866 1431 1527 105 288 120 216 1098 438 1834 192
internal_value=-0.00595268 3.06813 -0.545181 2.40203 -0.941577 0.285994 6.18689 -1.30072 1.87746 5.64459 -0.0207022 3.66073 -1.17264 -0.601257 -0.548226 0.896257 3.15808 5.97838 0.8633 0.0845581 -1.03138 0.997512 4.00081 2.34144 8.36022 3.43718 -0.914765 0.261857 1.47223 2.52162
internal_weight=40458 6037 34421 4976 23306 11115 1061 11338 3514 852 7398 1462 9063 11968 10962 3717 766 706 3675 6152 6117 3004 146 1636 209 643 4686 671 1878 1348
internal_count=40458 6037 34421 4976 23306 11115 1061 11338 3514 852 7398 1462 9063 11968 10962 3717 766 706 3675 6152 6117 3004 146 1636 209 643 4686 671 1878 1348
is_linear=0
shrinkage=0.03


Tree=23
num_leaves=31
num_cat=0
split_feature=24 24 9 9 9 9 33 18 24 7 12 41 22 24 1 24 7 27 33 4 7 13 24 9 1 41 33 24 12 41
split_gain=7.07574e+07 1.36266e+07 1.18788e+07 3.13291e+06 2.46295e+06 2.41118e+06 1.54696e+06 695085 590161 549707 532297 522887 477056 511192 433582 424658 366345 339215 290805 282482 272692 268625 263938 258698 255210 249480 234775 216370 214479 208421
threshold=200.00500000000002 410.02500000000003 95.998750000000015 295.00500000000005 145.71000000000001 43.365000000000002 602.1400000000001 1.0000000180025095e-35 72.503750000000011 6.4045138888888902 218.5529166666667 1454.3448202590337 1.0000000180025095e-35 254.22500000000005 4.5000000000000009 116.15000000000002 7.4392361111111134 23492.208333333336 305.30000000000001 188.50000000000003 8.5017361111111125 250.07500000000002 330.23000000000008 1.7025000000000001 4.5000000000000009 -7967.2037011337443 116.78500000000001 493.73500000000007 343.15729166666671 -3313.1969818992143
decision_type=10 10 10 10 10 10 10 2 10 2 10 8 2 10 2 10 2 10 10 2 2 10 10 8 2 8 10 10 10 8
left_child=2 3 5 12 15 7 9 11 -7 14 20 -1 13 -2 18 29 22 -8 -3 -20 -6 -11 -5 -9 -15 -10 -13 -21 -12 -4
right_child=1 6 4 16 10 8 17 23 25 21 28 26 -14 24 -16 -17 -18 -19 19 27 -22 -23 -24 -25 -26 -27 -28 -29 -30 -31
leaf_value=-1.3764584670735427 1.5530337798755807 8.4385785637832278 -0.85689952860349561 3.1269200437344398 0.74573423219542778 -0.8657940958024708 8.9661342175337513 -2.1541240018533121 -1.3886513698952538 1.9038053620489019 1.4122460354796331 -0.97710265702530186 -0.35408157826104064 2.5768164924266808 3.5184086330810733 0.18201949820038654 2.1385321051074611 6.6573251865221108 3.5596492990396791 5.30156910435407 -0.35580890778710861 4.4943897116811646 3.9947519179884456 -1.5161927638854424 1.3466515935981083 -0.42467695202754296 -0.33751687501334404 6.5496886911338423 3.1197474484694632 -0.19228925948901432
leaf_weight=3310 2136 40 471 633 3275 6912 136 774 251 56 572 2044 93 875 87 3371 185 137 58 328 215 113 698 2289 188 6009 693 265 75 4249
leaf_count=3310 2136 40 471 633 3275 6912 136 774 251 56 572 2044 93 875 87 3371 185 137 58 328 215 113 698 2289 188 6009 693 265 75 4249
internal_value=0.00186543 3.00049 -0.521987 2.28112 0.229338 -0.934294 5.83129 -1.30956 -0.674674 5.24571 0.824671 -1.12266 1.76051 1.82208 5.58672 -0.0751256 3.40973 7.83603 5.84167 5.66941 0.677792 3.65222 3.58468 -1.67804 2.36072 -0.463544 -0.815344 5.86942 1.61469 -0.258777
internal_weight=40538 6028 34510 4808 12228 22282 1220 9110 13172 947 4137 6047 3292 3199 778 8091 1516 273 691 651 3490 169 1331 3063 1063 6260 2737 593 647 4720
internal_count=40538 6028 34510 4808 12228 22282 1220 9110 13172 947 4137 6047 3292 3199 778 8091 1516 273 691 651 3490 169 1331 3063 1063 6260 2737 593 647 4720
is_linear=0
shrinkage=0.03


Tree=24
num_leaves=31
num_cat=0
split_feature=34 24 9 9 24 24 9 24 6 7 9 24 24 11 28 7 2 9 41 11 33 7 41 7 33 41 34 28 11 24
split_gain=6.7349e+07 1.32082e+07 1.10365e+07 2.67161e+06 2.60133e+06 2.17661e+06 1.44684e+06 683236 596255 513826 497377 467209 443941 430230 380122 375369 369469 340500 317846 288886 265809 238788 234957 228943 222280 214997 210569 210498 198858 176615
threshold=210.06500000000003 410.02500000000003 99.767500000000013 295.00500000000005 53.555000000000007 150.92000000000004 570.0150000000001 1.7025000000000001 1.4418502202643173 6.4809027777777795 343.51500000000004 220.72500000000002 285.09000000000009 101.91375000000001 25782.687500000004 8.0260416666666696 8.5000000000000018 131.38375000000002 -6429.3584651195806 200.00500000000002 116.78500000000001 6.6059027777777795 82.763009513335433 5.9739583333333348 361.39000000000004 -3017.5656815716825 95.085000000000022 22538.562500000004 170.76500000000001 84.185000000000016
decision_type=10 10 10 10 10 8 10 8 2 2 10 8 10 10 10 2 2 10 8 10 10 2 8 2 10 8 10 10 10 10
left_child=2 3 4 11 7 17 8 -1 -3 13 -10 -2 21 29 16 19 -12 25 -9 -5 -20 -7 -11 -16 -21 -4 -24 -8 -15 -6
right_child=1 6 5 15 9 12 27 18 10 22 14 -13 -14 28 23 -17 -18 -19 20 24 -22 -23 26 -25 -26 -27 -28 -29 -30 -31
leaf_value=-1.684596351670314 1.2676754429782797 8.6735194751194555 -0.75736191385710083 2.040840482465152 -0.65914533374765039 0.9731184055236044 9.473963358177329 -1.4378510690230331 3.0854782564975012 -1.2545725360484821 6.6247378907495618 2.0056562494572088 3.4183083541960011 -0.070540340891642003 4.9758028628776119 1.7029146437745699 4.6466558892554355 0.28882672422825595 -1.1068092271049457 2.9970844699617691 -0.65213543766324333 0.38820114311682197 -0.92030784693158896 3.2931771072181495 3.8079696257132447 -0.091003049168097733 -0.40373746288333828 7.0904403973427144 1.2610503183765844 -0.34438993721911326
leaf_weight=2311 1311 41 477 144 4568 2647 52 1944 120 1040 244 1907 60 1224 285 141 151 2255 4902 543 1522 826 1952 110 792 4938 1120 237 109 2479
leaf_count=2311 1311 41 477 144 4568 2647 52 1944 120 1040 244 1907 60 1224 285 141 151 2255 4902 543 1522 826 1952 110 792 4938 1120 237 109 2479
internal_value=0.00466998 2.91546 -0.510085 2.20662 -0.883854 0.262985 5.67708 -1.22765 5.10043 -0.589881 4.9301 1.70549 0.878997 -0.455008 5.20604 3.20041 5.8822 -0.0208434 -1.10127 3.34193 -0.999204 0.834157 -0.864566 4.51672 3.48064 -0.149831 -0.732168 7.5505 0.0392081 -0.548485
internal_weight=40452 6078 34374 4838 23171 11203 1240 10679 951 12492 910 3218 3533 8380 790 1620 395 7670 8368 1479 6424 3473 4112 395 1335 5415 3072 289 1333 7047
internal_count=40452 6078 34374 4838 23171 11203 1240 10679 951 12492 910 3218 3533 8380 790 1620 395 7670 8368 1479 6424 3473 4112 395 1335 5415 3072 289 1333 7047
is_linear=0
shrinkage=0.03


Tree=25
num_leaves=31
num_cat=0
split_feature=34 24 24 9 38 9 24 4 24 7 1 32 24 7 9 18 23 28 9 24 7 9 28 1 7 11 7 9 18 9
split_gain=6.29362e+07 1.21583e+07 1.06215e+07 2.84709e+06 1.9767e+06 1.86446e+06 1.65906e+06 762912 746930 558458 524800 566801 423870 388932 372323 348612 347489 335762 287273 278455 244003 221647 216787 194767 192222 194944 189945 183443 180831 180308
threshold=210.06500000000003 379.87500000000006 104.68750000000001 57.915000000000006 343.89000000000004 295.00500000000005 156.965 244.50000000000003 12.578750000000001 6.3767361111111134 1.5000000000000002 256.38000000000005 220.72500000000002 7.0225694444444473 83.043750000000017 1.0000000180025095e-35 4.5000000000000009 24013.659722222226 367.71000000000009 277.33500000000004 7.7343750000000009 131.38375000000002 23250.062500000004 1.0000000180025095e-35 6.102430555555558 77.205000000000013 7.6927083333333348 367.71000000000009 1.0000000180025095e-35 159.21875000000003
decision_type=10 10 10 10 10 10 10 2 8 2 2 10 8 2 10 2 2 10 10 10 2 10 10 2 2 10 2 10 2 10
left_child=2 5 3 8 9 12 13 17 28 10 11 22 -2 21 -5 24 19 -6 -12 -8 -7 -4 -3 -14 25 -10 -16 -11 -1 -18
right_child=1 4 6 14 7 20 16 -9 15 27 18 -13 23 -15 26 -17 29 -19 -20 -21 -22 -23 -24 -25 -26 -27 -28 -29 -30 -31
leaf_value=-1.3490705264988556 1.2223749374788671 6.6877130868401329 0.0340570329300761 -0.68980051928977515 8.2135439522846312 3.1263446418634744 0.97453002647721843 4.8957152799302079 -0.86266939588586022 1.5670495680511973 1.7231480478156695 9.1193839394173963 2.6696419129613456 -0.37597641569781576 -0.30428864245525356 -1.3147333111521087 -0.51516213781719822 6.159205380182196 4.3484331144378814 2.9092944831433503 1.8009152098632837 0.44309332444079946 4.6119776252419387 1.8020437440760986 -1.0829126561917082 -0.31839087886327966 -0.79110644107860384 3.54325896623982 -1.7838872151441396 0.5914513936713901
leaf_weight=2081 1281 70 3415 6225 221 1191 2618 162 2481 60 43 40 280 1464 5727 2417 198 136 435 68 145 1831 187 1548 2502 780 825 165 1503 396
leaf_count=2081 1281 70 3415 6225 221 1191 2618 162 2481 60 43 40 280 1464 5727 2417 198 136 435 68 145 1831 187 1548 2502 780 825 165 1503 396
internal_value=-0.00654266 2.839 -0.498077 -0.833763 5.15559 2.04637 0.326554 6.66388 -1.17051 4.36691 4.75195 5.75763 1.64264 0.0562182 -0.523644 -1.01202 0.879404 7.45033 4.11636 1.02458 2.98395 0.176879 5.20108 1.93632 -0.884861 -0.732621 -0.365698 3.02554 -1.53186 0.222334
internal_weight=40495 5964 34531 24541 1519 4445 9990 519 11764 1000 775 297 3109 6710 12777 8180 3280 357 478 2686 1336 5246 257 1828 5763 3261 6552 225 3584 594
internal_count=40495 5964 34531 24541 1519 4445 9990 519 11764 1000 775 297 3109 6710 12777 8180 3280 357 478 2686 1336 5246 257 1828 5763 3261 6552 225 3584 594
is_linear=0
shrinkage=0.03


Tree=26
num_leaves=31
num_cat=0
split_feature=34 34 34 41 34 25 30 33 1 41 1 1 18 30 6 34 7 0 26 1 11 1 25 31 39 7 14 7 14 7
split_gain=6.00572e+07 1.07121e+07 9.1012e+06 2.38685e+06 2.19521e+06 1.99041e+06 1.63077e+06 1.16238e+06 922932 691469 588113 583275 473834 406094 403053 401258 383217 350577 344082 339866 336796 306407 292142 271888 264246 219512 215060 207460 189680 188431
threshold=226.65500000000003 129.21500000000003 420.86500000000007 -3636.8507430683017 301.63000000000005 135.62098958333337 70.581250000000011 602.1400000000001 1.5000000000000002 -952.98979690298063 1.0000000180025095e-35 3.5000000000000004 1.0000000180025095e-35 62.16875000000001 1.6649779735682821 188.83500000000004 7.6545138888888911 5.5000000000000009 22348.500000000004 1.0000000180025095e-35 93.315000000000012 4.5000000000000009 72.522083333333342 275.28500000000003 -19.347499999999993 8.1267361111111143 291.46500000000009 8.5642361111111143 148.38375000000005 7.1406250000000027
decision_type=10 10 10 8 10 10 10 10 2 8 2 2 2 10 2 10 2 2 10 2 8 2 8 10 10 2 10 2 10 2
left_child=1 3 4 13 16 9 12 11 14 28 17 -4 22 -1 -6 27 19 -7 -9 -2 29 -10 -5 -23 -20 -17 -19 -12 -3 -8
right_child=2 5 7 6 8 10 20 18 21 -11 15 -13 -14 -15 -16 25 -18 26 24 -21 -22 23 -24 -25 -26 -27 -28 -29 -30 -31
leaf_value=-1.5964664270967319 3.0680798847054782 -1.0247812268209098 5.5156219317799522 -0.91826184079126139 7.1284766458910562 0.5246807549459841 -0.43803552182737382 9.4733746568211963 3.1656830266842739 0.16251819308731036 0.49026355615042205 3.8570493423938754 -1.2868510791187995 -1.0845938151844119 4.0090968907096167 1.1462600850697777 0.95478851106451001 1.7991369627652021 4.864947692207668 1.8060857321229153 -0.16032241290238555 1.2812984914286061 -0.45059723222404191 2.6877256493335184 7.2996615856372751 0.11098778988048434 3.9829643580118814 -0.86211976468563079 -0.2208960043917931 -0.88882592752169687
leaf_weight=2417 218 635 503 4161 42 205 6324 52 694 3980 2272 329 2361 3332 439 1575 429 517 68 1733 4200 191 1695 367 150 209 44 106 453 962
leaf_count=2417 218 635 503 4161 42 205 6324 52 694 3980 2272 329 2361 3332 439 1575 429 517 68 1733 4200 191 1695 367 150 209 44 106 453 962
internal_value=0.0068379 -0.435404 3.01241 -0.76222 2.36266 0.396733 -0.605237 5.43311 3.17518 -0.0207265 0.82597 4.86519 -0.92791 -1.30004 4.2957 0.685067 1.76994 1.58966 7.15874 1.9486 -0.374339 2.74161 -0.782998 2.20947 6.56589 1.02511 1.9772 0.429644 -0.690586 -0.497669
internal_weight=40663 35448 5215 25452 4113 9996 19703 1102 1733 5068 4928 832 8217 5749 481 4162 2380 766 270 1951 11486 1252 5856 558 218 1784 561 2378 1088 7286
internal_count=40663 35448 5215 25452 4113 9996 19703 1102 1733 5068 4928 832 8217 5749 481 4162 2380 766 270 1951 11486 1252 5856 558 218 1784 561 2378 1088 7286
is_linear=0
shrinkage=0.03


Tree=27
num_leaves=31
num_cat=0
split_feature=34 24 24 24 34 38 24 24 6 29 41 1 13 14 24 7 24 41 4 12 22 1 8 38 14 7 27 7 31 7
split_gain=5.65874e+07 1.03121e+07 9.92292e+06 2.84072e+06 2.15882e+06 1.26985e+06 1.13645e+06 767140 579535 560781 497452 451529 491441 376831 366910 349621 346063 340700 292398 282551 261586 260499 248781 223566 198897 192472 188763 172575 169535 169307
threshold=215.27500000000003 410.02500000000003 116.15000000000002 63.045000000000009 301.63000000000005 443.75500000000005 170.63500000000002 12.578750000000001 1.6649779735682821 358.24500000000006 -5761.2691720864159 3.5000000000000004 262.4500000000001 117.40500000000002 244.95000000000002 6.9010416666666687 294.04500000000007 1100.4443608949407 246.50000000000003 44.237916666666671 1.0000000180025095e-35 1.5000000000000002 344.53125000000006 305.72500000000008 181.84500000000003 7.4739583333333348 23492.208333333336 8.1267361111111143 424.91000000000003 7.0225694444444473
decision_type=10 10 10 10 10 10 10 8 2 10 8 2 10 10 10 2 10 10 2 8 2 2 2 10 10 2 10 2 10 2
left_child=2 4 3 7 14 8 15 22 -3 18 -5 -6 -13 -12 25 -4 20 19 -10 -9 27 -11 -1 -23 -21 -2 -7 -8 -14 -15
right_child=1 5 6 10 11 26 16 17 9 21 13 12 28 29 -16 -17 -18 -19 -20 24 -22 23 -24 -25 -26 -27 -28 -29 -30 -31
leaf_value=-1.1150364859823387 1.4757038005213261 8.2032663358644005 0.35182081404119919 -1.0657038602117153 3.4873124582624553 8.4130533156856409 1.0658324519563012 -1.1997751518707909 4.2421772165172147 6.0451508744557696 -0.54283773800970825 1.6124915488684819 2.8140571405839463 -0.13572638288318939 2.0047201593282038 -0.22659997529269185 3.2082650005817412 -0.42843734679845408 2.196829907575558 -0.86666697074627908 -0.8895069621956867 3.8135008512496946 -1.5847358056315559 5.1527211978958878 0.037658691920663998 0.67283019189309523 6.3841479598644169 0.17278588207932405 4.2991948903075761 -0.53166459464204974
leaf_weight=1828 1377 42 4338 990 783 92 2213 2841 150 179 5768 352 420 5254 1200 1200 61 1262 115 4916 68 199 2323 327 229 337 128 214 88 1192
leaf_count=1828 1377 42 4338 990 783 92 2213 2841 150 179 5768 352 420 5254 1200 1200 61 1262 115 4916 68 199 2323 327 229 337 128 214 88 1192
internal_value=0.00646826 2.75203 -0.451679 -0.731514 2.09285 5.18656 0.468047 -1.03925 4.7276 4.56882 -0.419179 2.96266 2.48148 -0.366693 1.60158 0.226468 0.991177 -0.886973 3.36617 -0.959372 0.935708 5.01547 -1.37821 4.65426 -0.826417 1.31833 7.26683 0.987192 3.07927 -0.209015
internal_weight=40486 5789 34697 26603 4557 1232 8094 13399 1012 970 13204 1643 860 12214 2914 5538 2556 9248 265 7986 2495 705 4151 526 5145 1714 220 2427 508 6446
internal_count=40486 5789 34697 26603 4557 1232 8094 13399 1012 970 13204 1643 860 12214 2914 5538 2556 9248 265 7986 2495 705 4151 526 5145 1714 220 2427 508 6446
is_linear=0
shrinkage=0.03


Tree=28
num_leaves=31
num_cat=0
split_feature=9 9 9 24 24 24 24 4 24 1 41 27 1 18 11 41 6 12 17 7 7 41 25 30 7 24 32 22 24 24
split_gain=5.1504e+07 1.16679e+07 7.24738e+06 2.48392e+06 1.65514e+06 1.43608e+06 1.37725e+06 662500 471376 469824 457242 437044 435218 405806 364662 331567 320738 297857 282388 268103 248071 237257 219221 218777 213621 241937 206062 198149 192342 188434
threshold=180.18500000000003 343.51500000000004 83.043750000000017 493.73500000000007 129.00500000000002 254.22500000000005 21.393750000000004 244.50000000000003 300.34500000000008 3.5000000000000004 -4935.5664279363582 25142.895833333336 4.5000000000000009 1.0000000180025095e-35 97.685000000000016 -3887.9533810209773 0.39295154185022024 302.37062500000008 4403.7419000000018 6.9288194444444473 8.1267361111111143 6901.1088763121488 311.9752083333334 427.25500000000005 7.6545138888888911 310.08500000000004 214.68500000000003 1.0000000180025095e-35 156.965 644.96000000000015
decision_type=10 10 10 10 10 8 8 2 10 2 8 10 2 2 10 8 2 10 10 2 2 10 10 10 2 10 10 2 10 10
left_child=2 5 6 9 15 17 18 11 20 22 -8 29 16 14 -12 -4 -7 26 -1 23 27 -17 -3 -11 25 -18 -2 28 -6 -5
right_child=1 3 4 7 8 12 10 -9 -10 19 13 -13 -14 -15 -16 21 24 -19 -20 -21 -22 -23 -24 -25 -26 -27 -28 -29 -30 -31
leaf_value=-1.0906840170432168 0.98200114575575548 2.7431585896298287 -0.75216737428302793 6.4897760557359261 0.35916253534453801 5.0216113445975559 -1.1264550714954256 4.3941043730358507 2.850248096069774 2.8429357873116219 -0.64044458831776729 4.5890309805986353 1.2500990223774202 -0.96458084914347553 -0.11025132068332184 -0.21917810935585391 2.2559030446384196 2.4441390831371446 -1.5359687044580053 1.4264584155799296 -0.22869003026302043 0.24528755455184068 4.3185913632518718 4.151699029783992 1.5317885934193929 3.1942788747720043 1.4843261965814813 -0.96833958645164964 0.78432247114817588 8.2399834888264287
leaf_weight=2594 2314 99 942 185 2244 43 2246 181 73 419 6920 81 323 2875 1405 7887 802 166 2566 88 454 1131 628 169 224 372 1087 79 1674 117
leaf_count=2594 2314 99 942 185 2244 43 2246 181 73 419 6920 81 323 2875 1405 7887 802 166 2566 88 454 1131 628 169 224 372 1087 79 1674 117
internal_value=-0.000842836 2.28017 -0.503974 4.25454 -0.000762719 1.55102 -0.895683 5.93884 0.475018 3.57371 -0.735689 6.65551 2.25133 -0.657233 -0.550989 -0.216896 2.47473 1.20416 -1.31237 2.99376 0.435431 -0.160906 4.10812 3.2255 2.39286 2.55571 1.14294 0.510904 0.54097 7.19279
internal_weight=40388 7298 33090 1967 14484 5331 18606 564 4524 1403 13446 383 1764 11200 8325 9960 1441 3567 5160 676 4451 9018 727 588 1398 1174 3401 3997 3918 302
internal_count=40388 7298 33090 1967 14484 5331 18606 564 4524 1403 13446 383 1764 11200 8325 9960 1441 3567 5160 676 4451 9018 727 588 1398 1174 3401 3997 3918 302
is_linear=0
shrinkage=0.03


Tree=29
num_leaves=31
num_cat=0
split_feature=9 24 9 24 34 24 24 4 14 41 14 28 16 24 31 24 8 41 1 22 24 9 34 1 29 28 14 11 11 27
split_gain=4.95367e+07 1.06669e+07 7.32217e+06 1.87368e+06 1.83399e+06 1.52024e+06 1.31488e+06 819637 439475 424746 397194 393500 365326 347335 308854 288788 283315 262923 260142 241735 271939 238998 231114 204534 196517 188686 188217 187694 176965 167586
threshold=187.91500000000002 379.87500000000006 83.680000000000021 129.00500000000002 268.98500000000007 465.20500000000004 24.825000000000003 244.50000000000003 170.62125000000003 3610.2861328299336 404.47000000000008 22538.562500000004 3841.1389306106544 342.60500000000008 256.01000000000005 228.12500000000003 265.50625000000008 -459.0463273828754 2.5000000000000004 1.0000000180025095e-35 170.63500000000002 38.07500000000001 113.61500000000002 1.5000000000000002 393.72250000000008 24414.875000000004 98.045000000000016 103.92625000000001 158.94500000000002 26213.354166666668
decision_type=10 10 10 10 10 10 8 2 10 10 10 10 10 10 10 10 2 8 2 2 10 8 10 2 10 10 10 10 10 10
left_child=2 4 6 17 15 14 16 11 9 12 28 -7 18 19 -3 -2 26 -4 27 20 -5 -20 -19 -16 -9 -12 -1 -8 -6 -27
right_child=1 5 3 13 10 7 8 24 -10 -11 25 -13 -14 -15 23 -17 -18 22 21 -21 -22 -23 -24 -25 -26 29 -28 -29 -30 -31
leaf_value=-1.1969731254774001 1.0395324203885745 2.246007641144653 -0.55605706444787451 0.36610181648520912 0.47940800176539894 8.6591163985455619 -0.59251444060504788 2.7351002331691632 0.23028156785633364 -0.18636723545924475 3.7483403483876643 5.9313363720417023 -1.1220621331195291 3.0683557280073774 4.7012355807377739 1.6258278718667378 -1.4428009411485552 -0.29932569921946761 -1.2661175845455035 -0.82181555071047363 0.86487141344265617 -0.74624875239300037 0.019224112772177702 3.4818811858858938 4.6661364734649657 1.7996127618526674 -0.65027841742803605 0.095206938373372893 2.0518931703772636 2.8082997230690343
leaf_weight=1703 2120 133 1674 3414 70 60 3793 67 440 1162 158 399 2354 46 194 1185 3079 4191 989 125 1383 4128 4011 426 224 193 856 394 923 768
leaf_count=1703 2120 133 1674 3414 70 60 3793 67 440 1162 158 399 2354 46 194 1185 3079 4191 989 125 1383 4128 4011 426 224 193 856 394 923 768
internal_value=0.00108611 2.31308 -0.473125 0.0255198 1.69209 4.54859 -0.864782 5.50813 -0.701513 -0.733508 2.38272 6.30596 -0.788024 0.500681 3.58683 1.25018 -1.24858 -0.213531 -0.703397 0.476066 0.51005 -0.846955 -0.143563 3.87038 4.23242 2.77205 -1.01443 -0.527792 1.94164 2.6078
internal_weight=40662 6920 33742 14844 5417 1503 18898 750 13260 12820 2112 459 11658 4968 753 3305 5638 9876 9304 4922 4797 5117 8202 620 291 1119 2559 4187 993 961
internal_count=40662 6920 33742 14844 5417 1503 18898 750 13260 12820 2112 459 11658 4968 753 3305 5638 9876 9304 4922 4797 5117 8202 620 291 1119 2559 4187 993 961
is_linear=0
shrinkage=0.03


Tree=30
num_leaves=31
num_cat=0
split_feature=24 24 9 9 9 9 4 4 24 18 1 29 24 41 12 18 12 9 24 10 4 1 32 16 13 41 16 28 11 25
split_gain=4.72197e+07 9.33115e+06 8.05542e+06 2.04595e+06 1.96948e+06 1.34446e+06 1.01038e+06 873209 598275 556839 440060 423636 393967 365845 344825 318303 312680 398532 304757 264429 256057 252510 247622 241762 202602 198545 189219 175027 170658 170552
threshold=200.00500000000002 410.02500000000003 102.00125000000001 301.61500000000007 38.07500000000001 155.05000000000004 244.50000000000003 233.50000000000003 74.421250000000015 1.0000000180025095e-35 4.5000000000000009 343.93000000000006 259.98500000000007 1454.3448202590337 302.37062500000008 1.0000000180025095e-35 296.20833333333337 494.55500000000006 644.96000000000015 -2.4362499999999998 350.50000000000006 3.5000000000000004 141.55500000000004 6763.8583526646198 262.4500000000001 420.85905096846187 6358.5057919720302 25534.750000000004 118.22500000000001 301.70562500000005
decision_type=10 10 10 10 8 10 2 2 10 2 2 10 10 8 10 2 10 10 10 10 2 2 10 10 10 10 10 10 8 10
left_child=2 3 4 10 9 15 7 16 25 13 12 -8 -2 -1 -7 26 -3 -18 -9 -11 -14 29 -12 28 -23 -6 -4 -19 -10 -5
right_child=1 6 5 21 8 14 11 18 23 19 22 -13 20 -15 -16 -17 17 27 -20 -21 -22 24 -24 -25 -26 -27 -28 -29 -30 -31
leaf_value=-1.1525511990371875 1.3668970317159661 7.1917549505039133 0.22334254069358672 2.4324012460758548 -0.76431682999028783 0.69309002266363262 2.0470311287931495 6.0507818164656646 -0.33750345688529082 -3.5974054329211893 -0.24992918193340299 4.1717528193735562 2.2487490642646573 -0.6531460484087418 2.2099850287335983 -0.27392004595050728 3.7637308323652223 6.2707462969693264 8.6341534370599788 -1.427003603366281 -0.20225468603576099 1.7058325269960222 1.0839594119925831 -0.81295147382028343 2.7771076484937973 -0.30716224676485837 -0.38731081909734721 4.376710483945649 0.12296263386319034 3.5225332787921348
leaf_weight=3085 1818 48 4527 190 7388 3241 110 112 5763 51 161 413 853 2317 140 2154 265 131 85 2597 40 251 558 865 468 969 507 86 828 495
leaf_count=3085 1818 48 4527 190 7388 3241 110 112 5763 51 161 413 853 2317 140 2154 265 131 85 2597 40 251 558 865 468 969 507 86 828 495
internal_value=0.00433051 2.44055 -0.426198 1.84241 -0.731567 0.263278 4.75033 5.47848 -0.537052 -1.11355 1.4468 3.72963 1.62187 -0.938509 0.756536 0.0311926 4.82497 4.57488 7.20341 -1.47015 2.13886 2.80719 0.78534 -0.341619 2.40602 -0.711353 0.161776 5.54363 -0.279647 3.22415
internal_weight=40516 6084 34432 4834 23863 10569 1250 727 15813 8050 3430 523 2711 5402 3381 7188 530 482 197 2648 893 1404 719 7456 719 8357 5034 217 6591 685
internal_count=40516 6084 34432 4834 23863 10569 1250 727 15813 8050 3430 523 2711 5402 3381 7188 530 482 197 2648 893 1404 719 7456 719 8357 5034 217 6591 685
is_linear=0
shrinkage=0.03


Tree=31
num_leaves=31
num_cat=0
split_feature=34 24 9 9 24 24 33 1 15 24 12 41 7 14 7 33 24 24 17 1 41 7 34 1 1 9 1 31 7 4
split_gain=4.36289e+07 9.67436e+06 6.52218e+06 2.32958e+06 1.70644e+06 1.05863e+06 965938 528352 471345 400374 389484 363647 350101 349033 302999 295059 278921 256830 238563 226541 217724 216168 208141 202263 194118 185975 183516 181833 180180 176265
threshold=197.88500000000002 410.02500000000003 80.135000000000005 295.00500000000005 130.01500000000001 22.506250000000005 602.1400000000001 2.5000000000000004 272.38666666666671 220.72500000000002 373.12250000000006 -8613.1138202207021 7.5781250000000009 97.020000000000024 8.2309027777777803 361.39000000000004 277.33500000000004 103.22500000000001 4502.9199950000011 4.5000000000000009 8671.3491436982094 8.3385416666666696 169.97500000000002 1.0000000180025095e-35 1.0000000180025095e-35 38.07500000000001 1.5000000000000002 114.39500000000002 5.2864583333333348 188.50000000000003
decision_type=10 10 10 10 10 8 10 2 10 8 10 8 2 10 2 10 10 10 10 2 10 2 8 2 2 8 2 10 2 2
left_child=2 3 5 9 14 18 7 8 -3 -2 -10 -7 16 20 17 28 22 -4 -1 29 25 23 -6 -11 -15 -13 -17 -25 -5 -9
right_child=1 6 4 15 12 11 -8 19 10 21 -12 13 -14 24 -16 26 -18 -19 -20 -21 -22 -23 -24 27 -26 -27 -28 -29 -30 -31
leaf_value=-0.99671684736310273 0.96698121775508994 7.9950698007856102 -0.27752127403706361 2.5919107143771591 0.37519717458181279 -1.2332562493605423 6.2754804629438068 2.0578519034385678 3.3071668369805112 2.4409631432930046 5.2352158439656105 -1.0640511175605827 -0.21582378840602154 -0.046508718834619302 -0.70858587943856222 3.9041711554775347 2.9338866672326218 0.041803232323582663 -1.399426688307075 2.3028014038766664 0.12446518012736861 0.72307360887774785 0.81277436145698634 -0.24566295390129092 -0.53970701791037057 -0.70938038640458423 2.7813916848827658 1.6082514634470606 1.6325112442475445 4.0990401745759524
leaf_weight=2719 1969 41 6257 421 2743 1016 254 47 152 273 287 1965 602 864 1005 172 43 3554 2612 122 226 240 1523 49 4262 4168 686 1428 317 311
leaf_count=2719 1969 41 6257 421 2743 1016 254 47 152 273 287 1965 602 864 1005 172 43 3554 2612 122 226 240 1523 49 4262 4168 686 1428 317 311
internal_value=-0.00431598 2.19259 -0.447493 1.66183 -0.00214882 -0.840244 4.61786 4.17321 4.88468 1.2712 4.57668 -0.689194 0.461555 -0.640961 -0.212717 2.62941 0.556218 -0.161855 -1.19426 3.45306 -0.789478 1.57157 0.53157 1.68745 -0.456603 -0.823171 3.01075 1.54662 2.18258 3.83754
internal_weight=40328 6769 33559 5555 15727 17832 1214 960 480 3959 439 12501 4911 11485 10816 1596 4309 9811 5331 480 6359 1990 4266 1750 5126 6133 858 1477 738 358
internal_count=40328 6769 33559 5555 15727 17832 1214 960 480 3959 439 12501 4911 11485 10816 1596 4309 9811 5331 480 6359 1990 4266 1750 5126 6133 858 1477 738 358
is_linear=0
shrinkage=0.03


Tree=32
num_leaves=31
num_cat=0
split_feature=24 24 24 24 34 24 30 14 1 12 29 41 12 22 28 17 7 24 38 34 16 7 29 0 12 14 16 32 14 12
split_gain=4.18823e+07 8.15997e+06 6.97592e+06 1.62097e+06 1.60142e+06 1.25881e+06 877661 505179 494681 422444 507024 378125 362810 338557 303134 299211 292378 258439 251998 251755 228182 225915 224106 220965 234298 220440 202355 199635 170882 151332
threshold=200.00500000000002 410.02500000000003 89.635000000000005 139.67500000000004 286.78500000000003 22.506250000000005 575.09500000000014 115.59000000000002 3.5000000000000004 237.64000000000001 216.15625000000003 1546.770362776206 218.5529166666667 1.0000000180025095e-35 25782.687500000004 5113.9672900000014 8.0260416666666696 254.22500000000005 152.28500000000003 128.46500000000003 5688.1073892065997 8.2309027777777803 393.72250000000008 17.500000000000004 47.685468750000005 404.47000000000008 4655.694721084692 147.62500000000003 101.58125000000003 343.15729166666671
decision_type=10 10 10 10 10 8 10 10 2 10 10 8 10 2 10 10 2 10 10 10 10 2 10 2 8 10 10 10 10 10
left_child=2 4 5 11 13 15 8 23 9 -3 -11 26 21 17 -12 28 25 -2 -18 -13 27 -5 -10 24 -7 -6 -4 -9 -1 -14
right_child=1 6 3 12 16 7 -8 20 22 10 14 19 29 -15 -16 -17 18 -19 -20 -21 -22 -23 -24 -25 -26 -27 -28 -29 -30 -31
leaf_value=-1.105527914610142 1.1896832317543007 1.756609415177335 -0.17932992290386665 0.55665251267870985 2.0472889943135031 -1.0281449416146582 6.6418289332741853 -0.31706028496844929 2.117787882223725 8.0024534094056428 5.1736163765358523 -0.143262308686748 1.1524371171708139 -0.54151452838681469 3.8521827399730681 -1.3680880135664226 1.9361885021188681 1.8098362741362966 -0.66324856599171955 0.21809689303805121 -0.88471771413421874 -0.23399621087337741 3.7547823683300923 -0.49127390853581893 -0.67858261135017428 2.8247693320708929 -0.81735473181506857 0.67344926121644677 -0.65193636422928714 2.8163576643009272
leaf_weight=1960 2059 46 893 3705 489 2776 148 3999 119 42 357 4871 452 85 316 2573 135 865 44 2694 628 356 231 2666 4595 1102 897 191 1218 55
leaf_count=1960 2059 46 893 3705 489 2776 148 3999 119 42 357 4871 452 85 316 2573 135 865 44 2694 628 356 231 2666 4595 1102 897 191 1218 55
internal_value=0.00319696 2.30811 -0.399913 0.118836 1.74139 -0.750409 4.45622 -0.604441 4.15936 4.59313 4.77291 -0.107365 0.582006 1.31943 4.55979 -1.12728 2.45758 1.3737 1.29709 -0.0145655 -0.351821 0.487301 3.20582 -0.725658 -0.810353 2.58724 -0.499333 -0.271758 -0.931944 1.33813
internal_weight=40567 6038 34529 13923 4779 20606 1259 14855 1111 761 715 9355 4568 3009 673 5751 1770 2924 179 7565 4818 4061 350 10037 7371 1591 1790 4190 3178 507
internal_count=40567 6038 34529 13923 4779 20606 1259 14855 1111 761 715 9355 4568 3009 673 5751 1770 2924 179 7565 4818 4061 350 10037 7371 1591 1790 4190 3178 507
is_linear=0
shrinkage=0.03


Tree=33
num_leaves=31
num_cat=0
split_feature=24 24 24 34 24 24 41 32 6 31 34 7 4 5 7 34 12 1 1 30 29 5 27 41 24 7 32 28 7 1
split_gain=3.95369e+07 8.9384e+06 5.55154e+06 2.09415e+06 1.31276e+06 1.00342e+06 988764 621076 524570 458848 402699 379939 315203 303958 302662 290001 284710 268023 244649 240128 233084 226339 216501 203364 183128 181645 176779 165793 161139 188475
threshold=185.05500000000004 410.02500000000003 84.185000000000016 301.63000000000005 131.25750000000002 644.96000000000015 -7165.180639441066 62.517500000000005 1.2028634361233481 450.11000000000007 240.06500000000003 6.1718750000000018 350.50000000000006 50802.187500000007 6.6059027777777795 102.31500000000001 218.5529166666667 3.5000000000000004 4.5000000000000009 360.14000000000004 -15.628749999999998 40755.687500000007 25142.895833333336 -538.75169692148472 271.09000000000009 8.1267361111111143 125.00375000000001 22538.562500000004 7.7343750000000009 1.0000000180025095e-35
decision_type=10 10 10 10 10 10 8 10 2 10 10 2 2 2 2 10 10 2 2 10 10 2 10 8 10 2 10 10 2 2
left_child=2 3 6 10 11 8 20 13 -3 14 12 26 18 -8 21 -9 25 -5 24 -19 -1 -10 -23 -13 -2 -6 -4 -7 29 -12
right_child=1 5 4 17 16 27 7 15 9 -11 28 23 -14 -15 -16 -17 -18 19 -20 -21 -22 22 -24 -25 -26 -27 -28 -29 -30 -31
leaf_value=-2.6493575915168313 1.1238479632256217 7.3912356335882627 -0.1185130516889616 2.8908209390494148 0.44122732326212288 8.2979220853533064 -0.99467163977530226 -0.5748949442670922 2.234574309143909 4.7324391105338819 2.8182512808742377 -0.87445098447221881 -0.61271506265502118 -0.63076731210022829 1.9235269599821834 -0.1465112562073014 1.3339141902158094 1.70586651754814 0.44516906763101283 2.7832770606028197 -1.1875751139874005 4.7601974738954871 3.3839756560303216 -0.3113544140859465 2.3603492531154466 -0.21215660819600166 0.27781493924828221 5.8692537177085873 0.91962409749267282 1.6125284975074432
leaf_weight=101 1992 41 5215 769 3820 48 4811 5248 85 392 132 734 106 3635 107 1952 298 520 488 298 3235 190 265 2701 114 425 1256 99 263 1109
leaf_count=101 1992 41 5215 769 3820 48 4811 5248 85 392 132 734 106 3635 107 1952 298 520 488 298 3235 190 265 2701 114 425 1256 99 263 1109
internal_value=0.0033492 2.05027 -0.426399 1.55694 0.0167086 4.37545 -0.763674 -0.663615 4.05137 3.91259 1.20592 -0.176941 0.986078 -0.838147 3.40934 -0.458792 0.438907 2.48545 1.05162 2.10129 -1.23261 3.69965 3.96784 -0.431898 1.19187 0.375777 -0.041556 6.713 1.59968 1.74294
internal_weight=40449 7018 33431 5791 14449 1227 18982 15646 1080 1039 4204 9906 2700 8446 647 7200 4543 1587 2594 818 3336 540 455 3435 2106 4245 6471 147 1504 1241
internal_count=40449 7018 33431 5791 14449 1227 18982 15646 1080 1039 4204 9906 2700 8446 647 7200 4543 1587 2594 818 3336 540 455 3435 2106 4245 6471 147 1504 1241
is_linear=0
shrinkage=0.03


Tree=34
num_leaves=31
num_cat=0
split_feature=34 24 9 34 38 24 41 4 11 7 23 5 28 7 7 30 31 7 28 34 7 11 12 24 23 6 23 25 34 22
split_gain=3.66253e+07 7.89854e+06 5.30196e+06 1.38249e+06 1.33454e+06 1.28966e+06 989196 569652 541149 363828 327290 309738 301891 301496 283180 280603 269164 257710 252003 241794 241718 270995 241350 227519 226271 204103 196710 195569 190139 185321
threshold=195.10500000000005 379.87500000000006 83.680000000000021 268.98500000000007 343.89000000000004 129.00500000000002 -5677.3701990856816 244.50000000000003 61.535000000000004 7.2760416666666687 5.5000000000000009 45105.812500000007 23250.062500000004 8.8177083333333375 6.4565972222222241 297.03000000000003 319.93000000000001 7.6927083333333348 25534.750000000004 -22.649999999999995 7.5434027777777795 118.22500000000001 25.359479166666667 265.38000000000005 4.5000000000000009 1.6649779735682821 5.5000000000000009 245.21250000000003 115.36500000000002 1.0000000180025095e-35
decision_type=10 10 10 10 10 10 8 2 8 2 2 2 10 2 2 10 10 2 10 10 2 10 10 10 2 2 2 10 10 2
left_child=2 3 6 13 10 17 19 18 22 16 12 -11 -3 24 23 -14 26 28 -6 -1 21 -10 -8 -7 27 -17 -5 -2 -4 -16
right_child=1 4 5 9 7 14 8 -9 20 11 -12 -13 15 -15 29 25 -18 -19 -20 -21 -22 -23 -24 -25 -26 -27 -28 -29 -30 -31
leaf_value=-2.8350880999314159 1.1531093650912487 5.180692503111703 -0.25336255219650161 2.2342726931989572 6.1415671164237411 0.51832321784194568 -1.1135329614498395 3.6239604509014613 -0.4174722582676984 -0.98136381864547728 1.89460887761116 1.5318553958096079 2.0571609364598 0.14348791291358301 0.10839885483746194 5.4635246467590335 2.7788186324892155 -0.58501746779980623 3.8754209044722261 -1.1220817095642239 -0.77625527071960165 0.29227373394920531 -0.71249535802529518 2.7407729818139757 0.73622935216797503 3.3615270356932596 1.3853491542518621 1.8205225977937278 0.031117187088913631 -1.5598169446559178
leaf_weight=75 1758 83 4730 784 297 3607 1759 172 5032 50 149 340 150 295 1230 47 550 1264 60 4089 1519 535 5880 41 877 588 368 515 3823 62
leaf_count=75 1758 83 4730 784 297 3607 1759 172 5032 50 149 340 150 295 1230 47 550 1264 60 4089 1519 535 5880 41 877 588 368 515 3823 62
internal_value=0.000303507 1.96088 -0.412473 1.43105 3.85632 0.013598 -0.745324 5.08214 -0.629797 2.03944 3.21433 1.20796 3.43843 1.06111 0.408904 3.24786 2.22914 -0.185345 5.77259 -1.15361 -0.440862 -0.349224 -0.804974 0.544046 1.14698 3.52545 1.96453 1.30506 -0.126218 0.0272007
internal_weight=40729 7083 33646 5537 1546 14757 18889 529 14725 2092 1017 390 868 3445 4940 785 1702 9817 357 4164 7086 5567 7639 3648 3150 635 1152 2273 8553 1292
internal_count=40729 7083 33646 5537 1546 14757 18889 529 14725 2092 1017 390 868 3445 4940 785 1702 9817 357 4164 7086 5567 7639 3648 3150 635 1152 2273 8553 1292
is_linear=0
shrinkage=0.03


Tree=35
num_leaves=31
num_cat=0
split_feature=24 24 9 9 24 9 24 9 26 41 23 13 5 41 16 28 2 14 14 16 26 12 24 32 17 7 24 7 14 7
split_gain=3.45729e+07 8.3085e+06 4.69857e+06 1.51786e+06 1.18781e+06 1.17501e+06 851766 579669 348689 339477 330402 327209 310384 304285 301691 278961 276703 262343 256666 241985 234172 204345 203844 190506 188568 183012 180466 176221 161496 151460
threshold=177.82375000000002 379.87500000000006 79.750000000000014 245.02000000000001 644.96000000000015 131.38375000000002 21.393750000000004 446.94500000000005 22348.500000000004 4205.6895073323367 5.5000000000000009 240.94000000000003 42334.875000000007 6555.0152558739874 3121.2766701715832 23250.062500000004 8.5000000000000018 506.41500000000002 173.73500000000004 5753.9148964972137 26307.380000000001 218.5529166666667 103.95375000000001 175.97625000000002 4356.7770500000015 8.2309027777777803 217.79500000000004 7.1406250000000027 418.44000000000005 8.2864583333333375
decision_type=10 10 10 10 10 10 8 10 10 10 2 10 2 10 10 10 2 10 10 10 10 10 10 10 10 2 10 2 10 2
left_child=2 3 6 10 7 13 24 12 -6 14 26 17 -3 19 18 -14 20 28 25 22 -9 29 -4 -12 -1 -8 -2 -17 -5 -7
right_child=1 4 5 11 8 21 9 16 -10 -11 23 -13 15 -15 -16 27 -18 -19 -20 -21 -22 -23 -24 -25 -26 -27 -28 -29 -30 -31
leaf_value=-0.89030608707808034 0.89052551894666432 1.7165818684146505 -0.30146880771083784 1.5738868792755834 8.7314115310296767 0.38437386887193109 -0.55079580000363992 5.0571113544760395 5.3461182496605844 -0.078086753148110394 -0.31069385230922558 2.3363833855118243 5.66290294926341 0.24478801744064571 -0.93486384194707162 3.2910514161871705 3.4180874693191656 -0.64713815544048947 0.2833424787015017 -0.65435972149591226 3.1245581991855911 1.107052934974073 0.005842825690446361 0.72859552875626832 -1.2570850329519525 -0.96991247517459356 1.3833985103357773 1.7833331090412783 2.6003568010510136 -0.32241831793421405
leaf_weight=2516 1774 159 5579 1219 40 3676 7327 308 122 979 253 984 40 1264 2740 432 294 44 303 1170 77 331 2980 423 2563 1077 1084 88 158 294
leaf_count=2516 1774 159 5579 1219 40 3676 7327 308 122 979 253 984 40 1264 2740 432 294 44 303 1170 77 331 2980 423 2563 1077 1084 88 158 294
internal_value=0.00754377 1.84511 -0.412632 1.33291 3.79297 -0.0284803 -0.748241 3.50627 6.23043 -0.61436 0.936826 1.9143 2.90358 -0.192958 -0.660213 3.23694 4.13926 1.62059 -0.573686 -0.249849 4.6797 0.391857 -0.194483 0.339746 -1.0756 -0.604616 1.07788 3.03981 1.69347 0.331964
internal_weight=40298 7499 32799 5939 1560 15294 17505 1398 162 12426 3534 2405 719 10993 11447 560 679 1421 8707 9729 385 4301 8559 676 5079 8404 2858 520 1377 3970
internal_count=40298 7499 32799 5939 1560 15294 17505 1398 162 12426 3534 2405 719 10993 11447 560 679 1421 8707 9729 385 4301 8559 676 5079 8404 2858 520 1377 3970
is_linear=0
shrinkage=0.03


Tree=36
num_leaves=31
num_cat=0
split_feature=24 34 24 24 24 34 24 14 7 1 1 41 4 28 12 12 31 28 0 32 22 33 6 7 41 8 7 4 22 24
split_gain=3.20517e+07 7.06532e+06 4.41302e+06 1.34488e+06 1.23934e+06 1.00948e+06 865209 405889 389844 367143 343809 298704 283761 278842 273674 273332 259730 244263 230296 214456 203055 201182 198509 195956 192823 183940 183232 192072 183139 180670
threshold=182.49000000000004 379.96500000000009 84.185000000000016 524.38000000000011 271.09000000000009 151.52500000000003 12.578750000000001 98.045000000000016 6.352430555555558 4.5000000000000009 3.5000000000000004 -9174.5006458352364 244.50000000000003 30130.000000000004 246.2154166666667 218.5529166666667 283.01000000000005 22538.562500000004 17.500000000000004 99.822500000000005 1.0000000180025095e-35 125.00500000000001 6.7528634361233495 8.1267361111111143 169.57849147021264 344.53125000000006 7.0503472222222241 350.50000000000006 1.0000000180025095e-35 117.19250000000001
decision_type=10 10 10 10 10 10 8 10 2 2 2 8 2 10 10 10 10 10 2 10 2 8 2 2 8 2 2 2 2 10
left_child=2 4 6 10 14 8 25 18 29 13 -3 -9 17 -6 20 -7 -12 -5 -8 -11 23 -13 -15 -2 -10 -1 27 -18 -26 -4
right_child=1 3 5 12 9 15 7 11 24 19 16 21 -14 22 -16 -17 26 -19 -20 -21 -22 -23 -24 -25 28 -27 -28 -29 -30 -31
leaf_value=-0.85459620200901842 1.0185658543229301 3.6190249208641307 -0.12566265634214144 7.415019577526655 2.6073094551852769 0.34962290613694158 -0.85360406649188614 -1.0614836548939699 -0.86229614009923639 -1.0225162267684935 0.72933175283211926 -0.48097408483082443 3.7688857403476681 2.1975846809685997 1.5153330704765255 1.2434770955443382 3.1955374962902066 5.1388038146344925 -0.47234642274220057 1.3217652195821126 -0.61082672934366178 -0.12240663579539013 1.2535617185328618 0.22706137664475087 -0.24751003272418881 -1.2592837516843498 0.81683465463359173 1.1482628654947085 -1.5512534078808113 0.19431294587263825
leaf_weight=1819 2629 557 5067 60 699 3286 5299 632 695 40 64 5036 112 465 811 339 374 236 1957 253 78 1956 362 316 2463 2309 40 48 100 2312
leaf_count=1819 2629 557 5067 60 699 3286 5299 632 695 40 64 5036 112 465 811 339 374 236 1957 253 78 1956 362 316 2463 2309 40 48 100 2312
internal_value=-0.00612345 1.81694 -0.397629 3.65349 1.33198 0.00125365 -0.696902 -0.590222 -0.146091 1.97694 3.09493 -0.437264 5.12493 2.16387 1.02555 0.433534 2.53413 5.62361 -0.750855 0.999337 0.893701 -0.380697 1.78637 0.933743 -0.419362 -1.08121 2.78203 2.96594 -0.298963 -0.0253946
internal_weight=40414 7144 33270 1491 5653 14262 19008 14880 10637 1819 1083 7624 408 1526 3834 3625 526 296 7256 293 3023 6992 827 2945 3258 4128 462 422 2563 7379
internal_count=40414 7144 33270 1491 5653 14262 19008 14880 10637 1819 1083 7624 408 1526 3834 3625 526 296 7256 293 3023 6992 827 2945 3258 4128 462 422 2563 7379
is_linear=0
shrinkage=0.03


Tree=37
num_leaves=31
num_cat=0
split_feature=9 9 9 11 11 25 9 4 28 18 1 6 1 7 1 9 27 18 5 11 7 32 0 9 0 12 11 15 1 16
split_gain=3.07758e+07 6.81097e+06 4.21088e+06 1.38203e+06 970721 922097 679090 559335 521108 400280 393554 434133 327062 317094 286823 284697 270488 242892 222481 216801 208662 198004 186624 184199 183746 221431 183151 182928 173639 170152
threshold=178.05500000000004 343.51500000000004 76.175000000000026 427.30000000000007 126.35125000000001 245.21250000000003 30.235000000000003 244.50000000000003 24013.659722222226 1.0000000180025095e-35 4.5000000000000009 0.39295154185022024 3.5000000000000004 7.0850694444444473 1.5000000000000002 110.05500000000002 26699.958333333339 1.0000000180025095e-35 40205.312500000007 100.55500000000002 7.8975694444444464 156.82500000000002 6.5000000000000009 224.46000000000001 16.500000000000004 477.00062500000007 320.88000000000005 351.38812500000012 1.0000000180025095e-35 3282.8236341293073
decision_type=10 10 10 10 8 10 8 2 10 2 2 2 2 2 2 10 10 2 2 10 2 10 2 10 2 10 10 10 2 10
left_child=2 5 6 12 13 23 9 8 -5 29 11 -7 -3 15 16 -4 26 19 -9 -8 22 -12 -13 -2 25 27 -6 -14 -24 -1
right_child=1 3 4 7 14 10 17 18 -10 -11 21 20 24 -15 -16 -17 -18 -19 -20 -21 -22 -23 28 -25 -26 -27 -28 -29 -30 -31
leaf_value=-0.64321318837406538 0.75743536407313994 3.0978394169985926 -0.22948279683750958 5.7480282868911967 1.1887842814300371 4.4217323001225788 -0.52714561660545589 1.2504193603992462 3.6617631128369541 -1.2791129406450532 0.025792799580330941 1.5698249015745558 1.8408129184246631 -0.527170579237213 0.15381763840645468 0.11629590279638979 0.51365339439914737 -0.77870389600054379 3.5589037043831566 -0.015443512557874255 1.0018217273247898 1.5021756761811547 3.1014497118830682 1.1951442814107578 2.8914840462181592 3.2425566526361411 3.4129135748545329 0.31778251619049991 2.0254681803263597 -1.020173824162721
leaf_weight=2754 2282 560 6637 267 137 62 5759 44 195 2282 152 485 261 2061 2923 3164 1378 3224 329 856 217 176 199 1404 181 73 44 98 463 1781
leaf_count=2754 2282 560 6637 267 137 62 5759 44 195 2282 152 485 261 2061 2923 3164 1378 3224 329 856 217 176 199 1404 181 73 44 98 463 1781
internal_value=0.00413619 1.74587 -0.389008 3.23879 -0.046897 1.19431 -0.724688 4.17331 4.87727 -0.954857 1.76059 1.97618 2.57056 -0.189013 0.329182 -0.117857 0.657668 -0.565134 3.29066 -0.460942 1.86186 0.820156 2.02356 0.924438 2.08461 1.74065 1.74524 1.42709 2.3531 -0.791447
internal_weight=40448 7448 33000 2008 16344 5440 16656 835 462 6817 1754 1426 1173 11862 4482 9801 1559 9839 373 6615 1364 328 1147 3686 613 432 181 359 662 4535
internal_count=40448 7448 33000 2008 16344 5440 16656 835 462 6817 1754 1426 1173 11862 4482 9801 1559 9839 373 6615 1364 328 1147 3686 613 432 181 359 662 4535
is_linear=0
shrinkage=0.03


Tree=38
num_leaves=31
num_cat=0
split_feature=12 24 24 24 30 24 24 8 7 14 14 22 26 1 1 16 12 14 5 37 10 24 7 0 0 12 4 5 7 28
split_gain=2.88426e+07 5.53362e+06 5.53266e+06 1.5485e+06 1.13079e+06 676567 672696 529927 384228 352085 318425 300549 279505 274004 265471 227332 213920 202320 201587 220221 193682 183039 177499 163866 159360 174747 152932 182971 152699 151083
threshold=207.47975543478262 115.11375000000002 427.28500000000003 59.975000000000001 303.36000000000007 173.16625000000002 644.96000000000015 265.50625000000008 7.0850694444444473 96.010000000000005 418.44000000000005 1.0000000180025095e-35 22348.500000000004 2.5000000000000004 1.0000000180025095e-35 6194.6877493118373 552.14062500000011 115.59000000000002 45303.500000000007 111.355 446.94500000000005 1.0000000180025095e-35 7.2760416666666687 10.500000000000002 5.5000000000000009 127.28484375000001 205.50000000000003 53003.125000000007 8.1267361111111143 24414.875000000004
decision_type=10 10 10 10 10 10 10 2 2 10 10 2 10 2 2 10 10 10 2 10 10 10 2 2 2 10 2 2 2 10
left_child=1 3 4 7 10 15 13 9 17 23 18 14 -8 26 24 -3 -15 -5 19 -2 29 -9 -6 -1 -7 -26 27 -4 -16 -12
right_child=2 5 6 8 22 11 12 21 -10 -11 20 -13 -14 16 28 -17 -18 -19 -20 -21 -22 -23 -24 -25 25 -27 -28 -29 -30 -31
leaf_value=-0.90658986624238758 0.76030266694206283 0.2262260815800298 3.960979153574729 -0.36737598615198336 2.4731524753896386 0.1731821585785259 7.9534151721555135 -1.297585905186162 -0.6070822843325081 -0.36942610092512546 3.4368805353758765 -0.83464796742371139 4.9362344607477606 2.7413950918176591 0.72805483497053591 -0.41475868780220099 4.2515749505225378 -0.10614188209480864 1.2375828540034741 -1.428813119141952 -0.10058152606320934 -0.89586812644918956 1.2350234117358923 -0.52389699459700545 0.56462918078313107 1.8772338645268289 3.8824946222589771 6.9020763713557542 -0.12654565390323011 1.8378069400854324
leaf_weight=3128 415 5271 48 4980 1060 87 42 1467 3090 3095 60 104 114 356 1787 549 117 5749 2136 45 42 3420 119 1493 121 385 351 40 210 533
leaf_count=3128 415 5271 48 4980 1060 87 42 1467 3090 3095 60 104 114 356 1787 549 117 5749 2136 45 42 3420 119 1493 121 385 351 40 210 533
internal_value=-2.08136e-05 -0.317394 2.02372 -0.531715 1.55389 0.347705 3.96047 -0.772198 -0.312352 -0.61723 1.26299 0.74069 5.79404 3.64083 0.804245 0.165701 3.12313 -0.22742 1.11485 0.543515 1.8659 -1.0167 2.34934 -0.783086 1.36151 1.56508 4.19025 5.36037 0.638169 2.00512
internal_weight=40414 34936 5478 26422 4410 8514 1068 12603 13819 7716 3231 2694 156 912 2590 5820 473 10729 2596 460 635 4887 1179 4621 593 506 439 88 1997 593
internal_count=40414 34936 5478 26422 4410 8514 1068 12603 13819 7716 3231 2694 156 912 2590 5820 473 10729 2596 460 635 4887 1179 4621 593 506 439 88 1997 593
is_linear=0
shrinkage=0.03


Tree=39
num_leaves=31
num_cat=0
split_feature=34 9 9 11 9 41 25 33 18 1 6 33 1 18 29 6 1 7 8 41 25 1 7 41 7 13 11 5 41 12
split_gain=2.76431e+07 5.70616e+06 4.0603e+06 1.32732e+06 952807 810983 657099 570398 442855 415220 431770 394095 309220 243502 235271 229755 213521 205684 205032 204606 195628 194565 181185 176162 182399 174944 171012 165261 151274 150562
threshold=197.88500000000002 343.51500000000004 83.043750000000017 427.30000000000007 129.0925 -3017.5656815716825 245.21250000000003 602.1400000000001 1.0000000180025095e-35 4.5000000000000009 0.39295154185022024 126.73375000000001 1.0000000180025095e-35 1.0000000180025095e-35 -15.628749999999998 18.254625550660801 3.5000000000000004 8.6232638888888911 378.71875000000006 -14010.751740187437 199.11354166666669 1.5000000000000002 8.2309027777777803 15669.200741612358 8.6788194444444482 351.34500000000008 81.105000000000004 53806.250000000007 10360.787123015833 24.694791666666671
decision_type=10 10 10 10 10 8 10 10 2 2 2 10 2 2 10 2 2 2 2 10 10 2 2 8 2 10 8 2 10 10
left_child=2 6 5 16 13 14 23 -5 11 10 -8 17 -6 20 19 -12 -3 26 -10 -1 28 -9 -14 -2 -25 -18 29 -11 -4 -7
right_child=1 3 4 7 12 8 9 21 18 27 15 -13 22 -15 -16 -17 25 -19 -20 -21 -22 -23 -24 24 -26 -27 -28 -29 -30 -31
leaf_value=-3.943101670800186 -0.25055146885545632 2.8503646264381186 -0.116289866084437 3.4805758189756335 1.0011120743568471 -0.89516838023172962 4.3956062348546654 6.7034605893221766 -0.68327096681714483 0.26767279632116964 1.5654801597280492 0.034520470994229981 0.32025340366023564 -0.38159112704805004 -0.91198107372780146 2.5724758003551171 1.8079862488726008 -0.94617655280032265 -1.2502940509362472 -1.4134473669869558 1.3243521302414463 4.655055291692638 -0.38860119182193142 1.0329260910179221 0.2394004988639625 3.25226374406081 -0.18838138184872324 1.6916420833723884 0.42249408933312005 -0.45529886390109942
leaf_weight=40 113 558 6261 597 579 839 57 65 2909 245 1177 1535 4180 2995 5616 250 519 803 717 104 90 178 351 2643 290 90 1812 104 506 4264
leaf_count=40 113 558 6261 597 579 839 57 65 2909 245 1177 1535 4180 2995 5616 250 519 803 717 104 90 178 351 2643 290 90 1812 104 506 4264
internal_value=0.00324292 1.73471 -0.351635 3.08094 0.0164475 -0.647089 1.18041 3.99176 -0.514678 1.62936 1.84833 -0.404477 0.348823 -0.155966 -0.943009 1.74358 2.42249 -0.49178 -0.795707 -2.13848 -0.0573763 5.22821 0.265267 0.9098 0.954575 2.02641 -0.438885 0.695628 -0.075946 -0.52778
internal_weight=40487 6886 33601 2007 14962 18639 4879 840 12879 1833 1484 9253 5110 9852 5760 1427 1167 7718 3626 144 6857 243 4531 3046 2933 609 6915 349 6767 5103
internal_count=40487 6886 33601 2007 14962 18639 4879 840 12879 1833 1484 9253 5110 9852 5760 1427 1167 7718 3626 144 6857 243 4531 3046 2933 609 6915 349 6767 5103
is_linear=0
shrinkage=0.03


Tree=40
num_leaves=31
num_cat=0
split_feature=12 24 24 12 24 32 4 27 5 41 41 34 24 29 7 4 41 5 28 24 7 18 1 1 13 0 6 5 14 6
split_gain=2.60824e+07 4.95119e+06 4.71344e+06 1.06856e+06 1.00929e+06 999450 658812 490144 449933 409600 370081 383815 309894 301669 301441 272740 248762 244563 234780 201863 181872 178931 176386 173235 338266 188460 171320 139566 134748 138287
threshold=207.47975543478262 100.00125000000001 410.02500000000003 302.37062500000008 149.44875000000002 43.345000000000006 244.50000000000003 24313.729166666672 59954.750000000007 -1360.0190763726275 -8613.1138202207021 96.035000000000011 244.95000000000002 393.72250000000008 6.3246527777777795 222.50000000000003 682.97246577067574 47400.812500000007 23250.062500000004 644.96000000000015 9.9357638888888911 1.0000000180025095e-35 1.0000000180025095e-35 4.5000000000000009 229.99000000000004 17.500000000000004 17.552863436123353 58706.250000000007 404.47000000000008 6.8579295154185029
decision_type=10 10 10 10 10 8 2 10 2 8 8 10 10 10 2 2 8 2 10 10 2 2 2 2 10 2 2 2 10 2
left_child=1 5 3 12 16 9 7 19 15 -1 -7 21 -2 -8 22 -9 26 -11 -5 -4 -18 -12 -6 -20 -25 28 -3 -16 29 -26
right_child=2 4 6 18 14 10 13 8 -10 17 11 -13 -14 -15 27 -17 20 -19 23 -21 -22 -23 -24 24 25 -27 -28 -29 -30 -31
leaf_value=-1.0499985890754395 0.84707210633760011 -0.79535093567773163 4.4704320010894865 4.1047844415340782 1.1799277503302821 -0.91808739673827799 1.6458990385147356 2.3870060835976514 6.3121282161985128 -0.92106912553781783 -0.38798558980795667 -0.15291855000735086 1.4798932543176408 3.2514656524224712 -0.021372953828043079 4.3822408775801067 0.090745311691307576 -0.47757109004909781 2.3289840721574699 6.1425509119033812 -0.86179176964586779 -0.68578155198304869 0.61430020842715227 -0.60943184885111723 1.9333494528328496 3.0055119694393371 -0.041667828578501938 0.59420775719693508 1.8823919763874548 -0.33814980432138603
leaf_weight=3613 1606 559 253 52 628 1144 160 225 41 1706 5843 5179 1238 329 908 88 5999 3265 824 103 185 2639 2387 54 40 106 527 521 311 58
leaf_count=3613 1606 559 253 52 628 1144 160 225 41 1706 5843 5179 1238 329 908 88 5999 3265 824 103 185 2639 2387 54 40 106 527 521 311 58
internal_value=0.00355093 -0.297152 1.92665 1.46119 0.206287 -0.54929 3.58907 4.17568 3.36505 -0.806838 -0.399918 -0.356461 1.12296 2.73056 0.562401 2.96014 -0.0114453 -0.62993 2.12563 4.97007 0.0621146 -0.480709 0.732468 2.04886 1.63981 1.87638 -0.429988 0.203321 1.57713 0.599156
internal_weight=40591 35103 5488 4289 11714 23389 1199 710 354 8584 14805 13661 2844 489 4444 313 7270 4971 1445 356 6184 8482 3015 1393 569 515 1086 1429 409 98
internal_count=40591 35103 5488 4289 11714 23389 1199 710 354 8584 14805 13661 2844 489 4444 313 7270 4971 1445 356 6184 8482 3015 1393 569 515 1086 1429 409 98
is_linear=0
shrinkage=0.03


Tree=41
num_leaves=31
num_cat=0
split_feature=24 24 24 34 24 32 24 4 28 14 16 22 7 34 7 1 16 33 1 24 7 5 34 0 31 33 18 28 6 5
split_gain=2.41256e+07 5.59229e+06 3.30663e+06 1.03116e+06 817909 757135 688693 527979 403061 330774 322859 273465 233287 223970 216742 223004 209943 197969 197770 204908 196050 195162 192912 172881 167474 160430 155282 145642 141573 134146
threshold=182.49000000000004 379.87500000000006 83.655000000000015 263.15000000000003 465.20500000000004 135.09500000000003 12.578750000000001 244.50000000000003 22538.562500000004 98.045000000000016 6358.5057919720302 1.0000000180025095e-35 7.3385416666666687 125.01500000000001 5.7447916666666687 1.5000000000000002 5688.1073892065997 124.01500000000001 4.5000000000000009 271.09000000000009 8.5017361111111125 47000.937500000007 175.12500000000003 17.500000000000004 -9.9912499999999991 321.72500000000008 1.5000000000000002 40021.043437500011 10.261013215859034 52400.500000000007
decision_type=10 10 10 10 10 10 8 2 10 10 10 2 2 10 2 2 10 8 2 10 2 2 10 2 10 10 2 10 2 2
left_child=2 3 6 11 14 10 24 8 -6 23 13 18 25 -4 15 -3 17 -11 19 -2 22 -14 -7 29 27 -5 -17 -1 -19 -8
right_child=1 4 5 12 7 20 9 -9 -10 16 -12 -13 21 -15 -16 26 -18 28 -20 -21 -22 -23 -24 -25 -26 -27 -28 -29 -30 -31
leaf_value=-1.3072879685950465 0.92533564668436419 3.6631432412777629 -0.16878027942254054 1.499583176326807 6.8830821609497068 0.28929682358596004 -0.85432902976207326 2.8837294952480157 4.1753595881509078 -0.40495094344547838 -0.56770568294012791 -0.68057507067059086 -0.90950693507527192 0.13827338755204377 1.7666212960510796 2.6511678376017875 -0.774421013255011 0.34344924573199587 0.41611558762138784 1.9693358903992306 -0.40347787629978521 1.2427565709220725 0.78050732549268154 -0.40431518052725429 -0.88594313022005766 2.0933875273867915 0.8652830174795606 -3.0386544407738576 -0.21883356654448352 -0.53942806820674649
leaf_weight=255 2602 195 6112 753 59 2406 3285 293 405 4647 1288 103 42 3287 252 264 967 594 662 181 269 336 1027 1924 3833 942 54 53 1248 1947
leaf_count=255 2602 195 6112 753 59 2406 3285 293 405 4647 1288 103 42 3287 252 264 967 594 662 181 269 336 1027 1924 3833 942 54 53 1248 1947
internal_value=0.00436526 1.58562 -0.336477 1.14846 3.19834 0.00562032 -0.598951 3.89973 4.53372 -0.502105 -0.122463 0.837468 1.68006 -0.0613948 2.50011 2.85628 -0.362186 -0.300645 0.883039 0.993918 0.375306 1.00185 0.43643 -0.647819 -0.940478 1.83063 2.35157 -1.61409 -0.0374231 -0.737269
internal_weight=40285 7143 33142 5621 1522 14389 18753 757 464 14612 10687 3548 2073 9399 765 513 7456 6489 3445 2783 3702 378 3433 7156 4141 1695 318 308 1842 5232
internal_count=40285 7143 33142 5621 1522 14389 18753 757 464 14612 10687 3548 2073 9399 765 513 7456 6489 3445 2783 3702 378 3433 7156 4141 1695 318 308 1842 5232
is_linear=0
shrinkage=0.03


Tree=42
num_leaves=31
num_cat=0
split_feature=24 24 24 33 34 41 4 14 4 12 5 1 13 24 41 0 12 14 22 8 14 5 41 29 25 14 1 6 18 41
split_gain=2.30713e+07 4.31548e+06 4.09961e+06 908969 891247 871916 636750 548234 418599 452556 329562 297170 354054 277946 267598 256208 245385 233079 230990 225606 202289 195786 194483 210730 187876 185174 172188 165411 157554 144625
threshold=205.73500000000004 410.02500000000003 95.875000000000014 313.25500000000005 156.60500000000005 -5106.0077944272844 244.50000000000003 96.010000000000005 222.50000000000003 296.20833333333337 40089.375000000007 3.5000000000000004 240.94000000000003 644.96000000000015 1546.770362776206 17.500000000000004 302.37062500000008 258.29125000000005 1.0000000180025095e-35 253.75625000000002 172.18000000000004 49706.250000000007 -11329.566953253896 -15.628749999999998 311.9752083333334 625.65500000000009 3.5000000000000004 17.552863436123353 1.0000000180025095e-35 4081.6994252008885
decision_type=10 10 10 10 10 8 2 10 2 10 2 2 10 10 8 2 10 10 2 2 10 2 10 10 10 10 2 2 2 10
left_child=2 3 5 18 14 22 8 15 9 -3 -8 -5 24 -10 27 21 -12 -6 -2 20 29 -7 23 -1 -13 -11 -18 -4 -16 -9
right_child=1 6 4 11 17 7 10 19 13 25 16 12 -14 -15 28 -17 26 -19 -20 -21 -22 -23 -24 -25 -26 -27 -28 -29 -30 -31
leaf_value=-2.8947508584299397 1.0748400497800508 6.0306120022948901 -0.72365443676514996 2.3401928682442832 0.3538099315498156 -0.89945208703020885 0.24019338885178934 -0.29494503067186523 4.1649966723546035 2.3158540599899631 0.58436077694560207 1.1996535914716586 1.9275922438452175 6.2538228478592428 0.11059378337548587 -0.34211864533894482 3.4623630370601073 0.83652280370863974 -0.53453812449003557 -0.49192641482465949 0.34152485273938049 -0.5418458246369785 -0.76175562132261432 -1.1003974127976641 -0.54783447039323852 3.717313857009334 2.159182691992819 -0.064018106049151868 -0.26060985438478745 0.1254873585245585
leaf_weight=61 2877 48 740 783 3140 2891 51 5209 210 209 42 141 534 88 5424 2143 270 1263 82 3142 600 2646 3407 1380 90 154 149 636 1269 857
leaf_count=61 2877 48 740 783 3140 2891 51 5209 210 209 42 141 534 88 5424 2143 270 1263 82 3142 600 2646 3407 1380 90 154 149 636 1269 857
internal_value=0.00383215 1.76797 -0.286517 1.33884 0.149176 -0.529795 3.3496 -0.431062 3.93439 3.29615 2.53371 1.928 1.5036 4.80068 -0.0381674 -0.620881 2.78638 0.492435 1.03008 -0.28238 -0.183552 -0.728689 -0.885788 -1.17831 0.519387 2.91899 3.00519 -0.419032 0.0401848 -0.235536
internal_weight=40536 5728 34808 4507 12472 22336 1221 17488 709 411 512 1548 765 298 8069 7680 461 4403 2959 9808 6666 5537 4848 1441 231 363 419 1376 6693 6066
internal_count=40536 5728 34808 4507 12472 22336 1221 17488 709 411 512 1548 765 298 8069 7680 461 4403 2959 9808 6666 5537 4848 1441 231 363 419 1376 6693 6066
is_linear=0
shrinkage=0.03


Tree=43
num_leaves=31
num_cat=0
split_feature=34 9 9 24 24 24 18 9 11 1 24 16 1 29 26 32 6 1 10 17 34 0 16 12 4 11 16 34 16 10
split_gain=2.11194e+07 4.39866e+06 3.18124e+06 956955 920961 588263 529763 332166 294763 258457 243661 242150 234411 227560 220425 206834 204154 197937 229959 169783 169683 166237 155229 151729 148726 163496 146028 157929 138919 137464
threshold=195.10500000000005 353.44500000000005 74.421250000000015 524.38000000000011 120.05000000000003 240.02000000000001 1.0000000180025095e-35 8.5087500000000009 99.50500000000001 4.5000000000000009 644.96000000000015 5688.1073892065997 1.5000000000000002 411.98000000000008 23120.000000000004 137.46500000000003 1.0000000180025095e-35 1.0000000180025095e-35 211.86000000000004 7978.2808950000008 391.99000000000007 5.5000000000000009 5338.7495466365281 302.37062500000008 352.50000000000006 286.74500000000006 10659.282348931376 105.80500000000002 4323.5446676833044 -2.4362499999999998
decision_type=10 10 10 10 10 8 2 8 10 2 10 10 2 10 10 10 2 2 10 10 10 2 10 10 2 10 10 10 10 10
left_child=2 5 6 12 26 23 8 29 11 16 -5 19 20 -14 -12 -11 -7 18 21 -1 -3 -6 -19 -2 25 -18 27 -4 -10 -8
right_child=1 3 4 10 17 9 7 -9 28 15 14 -13 13 -15 -16 -17 24 22 -20 -21 -22 -23 -24 -25 -26 -27 -28 -29 -30 -31
leaf_value=-0.42470781100056182 0.7019363625994901 2.2965421005884803 -0.28518774542051656 3.4575267395703615 -0.20095607998624943 3.6630294440432292 -2.8723420061383926 -0.73550868730586672 0.13799649236497244 -0.21034224785704697 6.8404877217610673 -0.89113879143692254 1.7842630737304328 2.6663353367901146 4.1778945737566264 1.1867403965715986 1.3141798524729618 0.24034944838448422 2.636954066634178 -0.78731811895764403 3.7677765592033339 0.75857076673284474 -0.35498979975808659 1.6387572325065911 0.12974963540616244 1.903557477313119 -0.73301348292709123 -0.055613557960949515 -0.50389739896467756 -1.2380285185948345
leaf_weight=6669 2659 134 5454 282 208 40 48 4172 887 139 44 1610 619 475 104 301 1029 4626 49 1409 168 736 430 165 68 739 433 5335 460 1126
leaf_count=6669 2659 134 5454 282 208 40 48 4172 887 139 44 1610 619 475 104 301 1029 4626 49 1409 168 736 430 165 68 739 433 5335 460 1126
internal_value=-0.00540281 1.49802 -0.316648 2.76255 -0.0325712 1.04834 -0.616138 -0.861283 -0.497309 1.40282 4.00228 -0.555119 2.3781 2.16933 5.01007 0.745913 1.55641 0.265787 0.652832 -0.488046 3.12471 0.547161 0.189657 0.757233 1.50854 1.56147 -0.193405 -0.171682 -0.0814212 -1.30724
internal_weight=40618 6966 33652 1826 17271 5140 16381 5346 11035 2316 430 9688 1396 1094 148 440 1876 6049 993 8078 302 944 5056 2824 1836 1768 11222 10789 1347 1174
internal_count=40618 6966 33652 1826 17271 5140 16381 5346 11035 2316 430 9688 1396 1094 148 440 1876 6049 993 8078 302 944 5056 2824 1836 1768 11222 10789 1347 1174
is_linear=0
shrinkage=0.03


Tree=44
num_leaves=31
num_cat=0
split_feature=14 24 9 24 9 34 41 18 7 33 41 31 16 1 11 7 38 5 1 30 18 7 29 24 9 11 11 0 5 6
split_gain=2.03564e+07 4.66798e+06 2.88844e+06 924053 856839 766971 523482 341900 335885 286792 264285 259467 233634 230961 223569 204949 203103 200936 193310 192200 189752 169312 166964 164065 162697 154530 151622 150072 148120 144961
threshold=241.82000000000002 366.3300000000001 76.175000000000026 493.73500000000007 138.36625000000004 253.17500000000004 -6870.8202805429582 1.0000000180025095e-35 6.9600694444444464 126.03250000000001 7047.120398769749 579.7600000000001 5205.1783118534104 1.5000000000000002 124.14000000000001 7.6163194444444473 32.420000000000009 45506.250000000007 1.0000000180025095e-35 38.030000000000008 1.0000000180025095e-35 8.2309027777777803 411.98000000000008 310.08500000000004 -23.451249999999998 51.945000000000007 103.92625000000001 6.5000000000000009 40205.312500000007 18.887004405286344
decision_type=10 8 10 10 10 10 8 2 2 10 10 10 10 2 10 2 10 2 2 8 2 2 10 10 10 8 8 2 2 2
left_child=2 5 6 8 10 14 24 9 13 21 12 -5 20 16 29 23 -3 -17 -6 -9 26 25 28 -7 -1 -8 -4 -18 -15 -2
right_child=1 3 4 11 18 15 7 19 -10 -11 -12 -13 -14 22 -16 17 27 -19 -20 -21 -22 -23 -24 -25 -26 -27 -28 -29 -30 -31
leaf_value=-2.4095297154513271 0.50967684357181087 5.1508576406751363 -0.16431139873903963 3.4028753748426634 0.95380984608890118 1.3692203790709885 -0.59171850153362804 -1.086396317499974 0.93512773090822465 -0.036362251944554801 0.2586737082468753 4.9455003018812702 -0.54833890324027978 0.54151496545626565 0.83910117004404339 -1.207133180135634 1.1155886238377268 1.0208848772213437 0.28409611250861161 -0.61486666874878526 -0.33438299565390561 -0.84243105351747205 2.721892309778192 1.9696365032929022 -0.9006091675744734 -0.30708016933795923 0.13124103922835922 3.147764678802341 2.0353555390106188 -0.47562323742290391
leaf_weight=65 442 41 4189 489 438 1401 3067 1093 147 1521 1266 131 1489 77 2625 40 40 336 3353 2723 3223 1042 266 591 3263 3908 2490 223 280 192
leaf_count=65 442 41 4189 489 438 1401 3067 1093 147 1521 1266 131 1489 77 2625 40 40 336 3353 2723 3223 1042 266 591 3263 3908 2490 223 280 192
internal_value=0.000378163 1.4319 -0.315991 2.81222 -0.0338804 1.01594 -0.594126 -0.51016 2.27581 -0.414065 -0.152384 3.73626 -0.198088 2.48717 0.717016 1.42685 3.17106 0.781288 0.361704 -0.750174 -0.145369 -0.48571 2.14891 1.54825 -0.930795 -0.432306 -0.0541233 2.84408 1.71557 0.21101
internal_weight=40451 7321 33130 1694 16448 5627 16682 13354 1074 9538 12657 620 11391 927 3259 2368 304 376 3791 3816 9902 8017 623 1992 3328 6975 6679 263 357 634
internal_count=40451 7321 33130 1694 16448 5627 16682 13354 1074 9538 12657 620 11391 927 3259 2368 304 376 3791 3816 9902 8017 623 1992 3328 6975 6679 263 357 634
is_linear=0
shrinkage=0.03


Tree=45
num_leaves=31
num_cat=0
split_feature=12 24 24 24 30 34 4 8 7 1 27 14 14 7 29 5 37 0 7 7 11 15 24 22 8 4 4 0 18 5
split_gain=1.87213e+07 3.62938e+06 3.61752e+06 1.1127e+06 779214 462854 423175 371427 341698 334254 288842 279007 243929 238327 221424 209777 189918 179906 176813 158946 158357 142776 134582 133680 133255 151485 130583 127252 126237 124778
threshold=207.47975543478262 116.15000000000002 427.28500000000003 57.925000000000004 303.36000000000007 175.12500000000003 244.50000000000003 265.50625000000008 6.8732638888888902 1.0000000180025095e-35 24313.729166666672 96.010000000000005 418.44000000000005 7.0225694444444473 393.72250000000008 45105.812500000007 82.13000000000001 5.5000000000000009 8.175347222222225 6.3767361111111134 104.67500000000003 284.98812500000003 0.065000000000000016 1.0000000180025095e-35 0.11250000000000002 233.50000000000003 222.50000000000003 11.500000000000002 1.0000000180025095e-35 56255.875000000007
decision_type=10 10 10 10 10 10 2 2 2 2 10 8 10 2 10 2 10 2 2 2 10 10 10 2 2 2 2 2 2 2
left_child=1 3 4 7 12 13 10 11 20 17 24 27 15 28 -8 16 -2 -7 -11 -6 -5 -12 -9 -15 -4 -26 -23 -1 -3 -10
right_child=2 5 6 8 19 9 14 22 29 18 21 -13 -14 23 -16 -17 -18 -19 -20 -21 -22 26 -24 -25 25 -27 -28 -29 -30 -31
leaf_value=-0.76443307538786653 0.55827777920374233 0.30721313221700169 3.2727876144647596 -0.21859763045017688 2.0827637939273314 0.14996041449831754 1.3718521555967447 -1.0800155847080244 -0.63553106948801119 0.56583498255812326 4.5935641069845721 -0.28082919280857044 1.5385921368192921 -0.17876388272965257 2.9017997151496364 1.0103025047068304 -1.1458363820158917 1.738715150339099 -0.19792617335576362 1.1686595162895703 0.083831400769473222 2.1741419835397635 -0.73672135478475897 -1.5334415774345398 3.9296662798212534 5.528574472842009 3.7134758167142992 -0.41066945872634864 -0.09290151030536288 -0.27176819561800208
leaf_weight=3057 401 3541 95 9021 957 81 122 1520 2307 2146 43 2957 642 1042 305 2152 68 311 312 214 1883 165 3227 69 133 114 76 1312 887 1346
leaf_count=3057 401 3541 95 9021 957 81 122 1520 2307 2146 43 2957 642 1042 305 2152 68 311 312 214 1883 165 3227 69 133 114 76 1312 887 1346
internal_value=-0.000428613 -0.255739 1.62876 -0.427153 1.25285 0.288383 3.20892 -0.640084 -0.250524 0.598973 3.70895 -0.50601 1.01405 0.128495 2.4689 0.885029 0.309287 1.41164 0.468848 1.91685 -0.166369 2.97881 -0.846849 -0.264201 4.30481 4.68694 2.67291 -0.658317 0.227061 -0.501609
internal_weight=40506 35019 5487 26630 4434 8389 1053 12073 14557 2850 626 7326 3263 5539 427 2621 469 392 2458 1171 10904 284 4747 1111 342 247 241 4369 4428 3653
internal_count=40506 35019 5487 26630 4434 8389 1053 12073 14557 2850 626 7326 3263 5539 427 2621 469 392 2458 1171 10904 284 4747 1111 342 247 241 4369 4428 3653
is_linear=0
shrinkage=0.03


Tree=46
num_leaves=31
num_cat=0
split_feature=24 24 9 9 33 34 18 1 6 41 38 41 4 9 33 7 1 32 1 7 0 27 39 2 14 36 14 7 25 7
split_gain=1.85956e+07 4.43527e+06 2.5112e+06 786262 727514 695866 428419 404215 487270 300152 269823 229495 225442 218645 216255 205517 200051 188801 181550 181142 180058 171521 163484 154493 181645 159682 146687 139690 195823 135533
threshold=177.82375000000002 366.3300000000001 65.535000000000011 116.29375000000002 602.1400000000001 253.17500000000004 1.0000000180025095e-35 3.5000000000000004 0.684581497797357 1454.3448202590337 289.84000000000009 5550.0538319538255 350.50000000000006 8.5087500000000009 116.78500000000001 8.2864583333333375 1.0000000180025095e-35 146.40000000000001 1.5000000000000002 7.5781250000000009 5.5000000000000009 24313.729166666672 -12.495000000000003 8.5000000000000018 528.94500000000005 11.435000000000004 488.71500000000009 7.7343750000000009 351.38812500000012 6.821180555555558
decision_type=10 10 10 8 10 10 2 2 2 8 10 10 2 8 10 2 2 10 2 2 2 10 10 2 10 10 10 2 10 2
left_child=2 5 6 11 7 12 9 8 -3 -1 -10 19 16 -8 29 17 20 -5 -6 -4 -2 -7 -20 26 25 -25 -9 -23 -29 -11
right_child=1 4 3 15 18 21 13 23 10 14 -12 -13 -14 -15 -16 -17 -18 -19 22 -21 -22 27 -24 24 -26 -27 -28 28 -30 -31
leaf_value=-0.67902833533166451 0.12186990450425393 5.9396178160394939 -0.20719015836748927 0.10455417533052366 5.6504310547678092 2.7258198233003967 -1.2059571442422592 1.5390329368625368 2.1719612265235742 -0.31435284868183982 3.2214521874541444 0.17822897416672367 -0.57434991566146287 -0.72705955939390809 0.040180297263678513 -0.39067131862285381 0.6232025590884408 0.45117628723979381 2.3466118096771527 -0.53110080096635948 1.4282833260824057 1.4166353642257516 4.1900832482390111 2.7029834832463946 0.23516446690125897 0.64229428769673336 3.094120013042561 1.027854802483084 -1.0964412593841553 -0.68275126182696722
leaf_weight=4239 115 41 9542 3711 56 80 1142 125 548 2677 385 1187 122 3491 1077 509 2817 2285 66 1856 549 1818 159 83 109 58 102 302 44 1355
leaf_count=4239 115 41 9542 3711 56 80 1142 125 548 2677 385 1187 122 3491 1077 509 2817 2285 66 1856 549 1818 159 83 109 58 102 302 44 1355
internal_value=0.00322934 1.34347 -0.303949 -0.0802201 2.67657 0.948185 -0.609406 2.40274 2.75421 -0.492396 2.60802 -0.218635 0.689576 -0.845339 -0.337443 0.187558 0.734026 0.236701 4.07699 -0.259976 1.20255 1.36292 3.66211 1.68081 1.15862 1.86582 2.2483 1.3113 0.755332 -0.438296
internal_weight=40650 7579 33071 19090 1732 5847 13981 1451 974 9348 933 12585 3603 4633 5109 6505 3481 5996 281 11398 664 2244 225 477 250 141 227 2164 346 4032
internal_count=40650 7579 33071 19090 1732 5847 13981 1451 974 9348 933 12585 3603 4633 5109 6505 3481 5996 281 11398 664 2244 225 477 250 141 227 2164 346 4032
is_linear=0
shrinkage=0.03


Tree=47
num_leaves=31
num_cat=0
split_feature=34 9 24 9 4 24 9 4 5 1 24 14 30 1 14 27 1 0 1 11 8 13 17 0 8 31 16 16 15 9
split_gain=1.73736e+07 3.63625e+06 2.69276e+06 968534 599644 583500 547394 412221 471347 309355 263647 232794 230856 230379 195689 189894 182096 177569 171222 169415 155885 150353 145983 187358 143783 139598 134510 129486 122303 122161
threshold=229.93500000000003 108.61125000000003 410.02500000000003 53.525000000000013 244.50000000000003 160.66750000000005 320.68500000000006 222.50000000000003 61418.750000000007 4.5000000000000009 644.96000000000015 625.65500000000009 374.97000000000008 1.0000000180025095e-35 121.48875000000002 24313.729166666672 4.5000000000000009 5.5000000000000009 3.5000000000000004 135.13500000000002 256.90625000000006 262.4500000000001 4669.9582800000017 5.5000000000000009 408.13750000000005 87.085000000000022 6434.9811605027671 11229.857929594667 315.7247916666667 160.92500000000004
decision_type=10 10 10 8 2 10 10 2 2 2 10 10 10 2 10 10 2 2 2 10 2 10 10 2 2 10 10 10 10 10
left_child=1 3 6 9 7 27 15 8 11 14 -9 -4 -6 17 22 -2 19 -7 -8 26 -16 28 23 -1 -11 -17 -5 -3 -20 -15
right_child=2 5 4 16 12 13 18 10 -10 24 -12 -13 -14 29 20 25 -18 -19 21 -21 -22 -23 -24 -25 -26 -27 -28 -29 -30 -31
leaf_value=-0.73208040643296379 3.0240204361506868 0.096388860518952332 1.8484161748409271 -0.18154658971822007 1.02286932858436 0.096375843328321817 2.1925043243573414 3.6379426820954279 5.8940040822726925 -0.74337383307076543 5.5948814872741703 3.3962454331398009 2.4782260208962716 -0.31562443518576017 0.15382553662546283 -0.71764486728712562 -0.42644246212941528 1.3171401254105217 1.1609082326392939 0.30012284247532722 -0.47664078530673404 1.769105124510417 -0.83234825417412117 -0.3454717610741091 -1.1726048032726559 1.012817153502344 -0.55186747362184041 -0.75486498035185712 -0.62531043291091915 0.48412127660728838
leaf_weight=1971 41 6364 224 8462 137 136 538 200 40 2361 99 149 364 182 606 42 4102 509 163 598 843 456 1757 2645 1007 2523 985 164 43 2916
leaf_count=1971 41 6364 224 8462 137 136 538 200 40 2361 99 149 364 182 606 42 4102 509 163 598 843 456 1757 2645 1007 2523 985 164 43 2916
internal_value=0.00293069 -0.229997 1.65518 -0.423012 2.88584 0.246138 1.26231 3.44698 2.8188 -0.631561 4.30238 2.47415 2.08308 0.544703 -0.527926 1.01745 -0.258022 1.06029 1.79277 -0.189209 -0.213043 1.46509 -0.599474 -0.510674 -0.87202 0.984213 -0.220213 0.0748909 0.786837 0.437051
internal_weight=40627 35608 5019 25337 1213 10271 3806 712 413 11190 299 373 501 3743 7822 2606 14147 645 1200 10045 1449 662 6373 4616 3368 2565 9447 6528 206 3098
internal_count=40627 35608 5019 25337 1213 10271 3806 712 413 11190 299 373 501 3743 7822 2606 14147 645 1200 10045 1449 662 6373 4616 3368 2565 9447 6528 206 3098
is_linear=0
shrinkage=0.03


Tree=48
num_leaves=31
num_cat=0
split_feature=14 24 9 24 32 11 41 4 7 41 41 34 12 12 28 4 18 23 9 7 18 28 36 14 8 18 7 11 7 32
split_gain=1.60188e+07 3.62714e+06 2.29668e+06 763876 758903 494328 384899 378368 322955 261078 260264 249053 242639 239478 201012 194964 190202 189844 172407 169758 156233 236865 171283 155185 143984 141087 139829 135688 145625 132900
threshold=241.82000000000002 342.60500000000008 68.155000000000015 465.20500000000004 132.01500000000001 195.14000000000001 -9281.8123357286222 244.50000000000003 5.8072916666666687 6258.0211717105458 -3017.5656815716825 116.00500000000001 24.694791666666671 302.37062500000008 22538.562500000004 259.50000000000006 1.0000000180025095e-35 2.5000000000000004 -23.451249999999998 8.1267361111111143 1.5000000000000002 23250.062500000004 -2.7399999999999873 105.19375000000001 284.40625000000006 1.0000000180025095e-35 5.8281250000000027 72.272500000000022 7.4045138888888911 205.76625000000004
decision_type=10 10 10 10 10 10 8 2 2 10 8 10 8 10 10 2 2 2 10 2 2 10 10 10 2 2 2 10 2 10
left_child=2 5 6 8 10 27 18 14 20 12 -4 -12 -8 -7 -5 -10 17 -14 -1 -6 21 -3 -23 -19 -18 -17 29 -2 -29 -16
right_child=1 3 4 7 19 13 9 -9 15 -11 11 -13 16 -15 26 25 24 23 -20 -21 -22 22 -24 -25 -26 -27 -28 28 -30 -31
leaf_value=-2.7386082622852732 -0.15241330205317002 4.4589271974563598 -0.51807155419562068 5.3367249482364976 0.36059840193508569 0.95441386328772493 -0.7763657741474167 2.2743009806453407 1.7182253976430939 0.13267215251055342 -0.22491959646744555 0.047273275162618512 -0.46021189227516851 1.5682231429994105 3.4097661144392828 0.92136244869838324 -0.51930689377780637 -0.28425535513175876 -0.89554830669557817 -0.26846498949375264 1.0428111831793623 4.1280218820060997 2.1163682485519395 0.34146097743660786 -0.99669549680822322 -1.0870690975910009 2.280706656656482 0.67809331067320855 -0.24429038086621202 5.2160767954587932
leaf_weight=46 248 47 1626 58 3801 2468 2708 307 265 566 7476 5081 4943 749 272 117 1844 1145 2032 429 88 41 620 517 825 42 87 1689 169 47
leaf_count=46 248 47 1626 58 3801 2468 2708 307 265 566 7476 5081 4943 749 272 117 1844 1145 2032 429 88 41 620 517 825 42 87 1689 169 47
internal_value=0.00243365 1.27271 -0.278805 2.36486 -0.0558721 0.863845 -0.559436 3.1053 1.89476 -0.496734 -0.161054 -0.114786 -0.526474 1.09777 3.64905 1.22123 -0.45343 -0.366964 -0.937645 0.296751 2.25154 2.4001 2.24719 -0.0895249 -0.667188 0.387355 3.39543 0.506169 0.594109 3.69137
internal_weight=40353 7314 33039 1991 18413 5323 14626 771 1220 12548 14183 12557 11982 3217 464 424 9274 6605 2078 4230 796 708 661 1662 2669 159 406 2106 1858 319
internal_count=40353 7314 33039 1991 18413 5323 14626 771 1220 12548 14183 12557 11982 3217 464 424 9274 6605 2078 4230 796 708 661 1662 2669 159 406 2106 1858 319
is_linear=0
shrinkage=0.03


Tree=49
num_leaves=31
num_cat=0
split_feature=24 24 9 24 9 9 4 11 7 7 28 1 18 1 4 24 7 32 6 11 7 7 40 4 30 32 5 5 23 0
split_gain=1.52727e+07 3.65094e+06 1.95569e+06 641725 631670 576454 408054 376721 251983 242481 226486 224147 213858 198401 197422 222087 171276 168593 161218 154235 144914 144203 135115 133700 133182 133002 115188 109476 108123 135323
threshold=173.16625000000002 366.3300000000001 70.00500000000001 465.20500000000004 266.61500000000007 125.41000000000001 244.50000000000003 21.247500000000002 5.7447916666666687 5.7656250000000018 22538.562500000004 4.5000000000000009 1.0000000180025095e-35 1.5000000000000002 350.50000000000006 271.09000000000009 5.8489583333333348 156.82500000000002 7.2411894273127766 126.35125000000001 8.6788194444444482 7.5781250000000009 -23.959999999999983 259.50000000000006 407.87500000000006 147.62500000000003 47400.812500000007 51956.250000000007 1.5000000000000002 5.5000000000000009
decision_type=10 10 10 10 10 10 2 8 2 2 10 2 2 2 2 10 2 10 2 10 2 2 10 2 10 10 2 2 2 2
left_child=2 4 7 8 11 12 10 -1 13 19 -5 14 28 22 15 -2 27 -13 -11 -9 25 -14 -3 -10 -8 -7 -25 -12 -4 -30
right_child=1 3 5 6 -6 20 24 9 23 18 16 17 21 -15 -16 -17 -18 -19 -20 -21 -22 -23 -24 26 -26 -27 -28 -29 29 -31
leaf_value=-0.76626222555357371 0.76189772099343833 4.3982124961853026 -0.13571511268516853 5.2436494740077428 1.3450209829812509 0.115674934027908 1.1355915563001509 -0.31348656950040643 1.6399676716438558 -0.22728321890435185 3.4114526646885466 -0.52090825948827335 -0.28100846692971293 1.8431726761839606 -0.42825937902601829 1.9094778755642472 2.0702415435859955 0.46217718394441532 -0.64359771926103126 0.63356419034209099 -0.42759275083740556 -0.79775081426587324 2.5577243054338861 -0.80695919083512346 2.5847863968289815 0.44624851644962193 1.1823368539868808 5.1426513171473216 -0.33335961439632111 0.32784100077065603
leaf_weight=4400 3156 49 7417 69 1709 2567 82 4816 214 1020 281 201 3390 384 118 159 82 705 4707 159 296 567 167 45 207 1911 60 42 380 1036
leaf_count=4400 3156 49 7417 69 1709 2567 82 4816 214 1020 281 201 3390 384 118 159 82 705 4707 159 296 567 167 45 207 1911 60 42 380 1036
internal_value=0.00153598 1.20058 -0.282231 2.43658 0.856493 -0.0669804 3.08107 -0.532552 1.89872 -0.436402 3.62537 0.663811 -0.17198 2.26161 0.774567 0.817499 3.33742 0.243742 -0.569503 -0.283098 0.214301 -0.355236 2.99359 1.21124 2.17893 0.256816 0.330212 3.65174 -0.0898544 0.15029
internal_weight=40396 7730 32666 1682 6048 17564 763 15102 919 10702 474 4339 12790 600 3433 3315 405 906 5727 4975 4774 3957 216 319 289 4478 105 323 8833 1416
internal_count=40396 7730 32666 1682 6048 17564 763 15102 919 10702 474 4339 12790 600 3433 3315 405 906 5727 4975 4774 3957 216 319 289 4478 105 323 8833 1416
is_linear=0
shrinkage=0.03


Tree=50
num_leaves=31
num_cat=0
split_feature=34 24 24 30 14 12 4 1 41 1 16 24 41 4 41 33 0 5 5 0 41 10 11 10 35 0 1 4 30 4
split_gain=1.43423e+07 3.12507e+06 2.18614e+06 941342 601619 417189 338430 326586 268394 262531 239891 239399 235438 218616 204977 204246 198491 179396 178097 167903 158705 137704 124571 128577 123846 123241 126848 122897 138433 114787
threshold=197.88500000000002 446.81000000000006 79.750000000000014 289.21500000000009 166.64500000000001 40.351041666666674 244.50000000000003 4.5000000000000009 8064.4755948651846 1.0000000180025095e-35 6037.4786780114719 254.22500000000005 2171.4324529777227 223.50000000000003 -9281.8123357286222 361.39000000000004 5.5000000000000009 48703.625000000007 43179.937500000007 17.500000000000004 337.37203825021794 211.86000000000004 -0.51624999999999988 -2.4362499999999998 33.540000000000042 17.500000000000004 4.5000000000000009 247.50000000000003 360.14000000000004 201.50000000000003
decision_type=10 8 10 10 10 8 2 2 10 2 10 10 10 2 8 10 2 2 2 2 10 10 10 10 10 2 2 2 10 2
left_child=2 3 5 7 8 12 13 11 10 16 25 -2 22 24 -7 -5 -6 19 -15 -9 -16 -18 23 -1 -3 26 -4 -8 -29 -26
right_child=1 6 4 15 9 14 27 17 -10 -11 -12 -13 -14 18 20 -17 21 -19 -20 -21 -22 -23 -24 -25 29 -27 -28 28 -30 -31
leaf_value=-2.9400280310467974 0.74207508220237783 1.8398665274307131 -0.13642209905912386 1.1932979124484171 0.037402548630987957 -0.76023820974457068 0.69014581244762818 -0.32671468856855546 0.33747417364732279 0.16949548208352763 -0.56116099383159201 1.3024163425610416 -0.23535579419766389 2.9986866076209329 -0.38084758939155283 1.8806837680350028 0.95080099503702531 0.69468385795213738 4.6424566040039057 0.82285855030244393 -0.018295156435633543 2.6651349284801076 -0.72860254124864543 -1.1084630390829291 4.1834777928909785 0.02784499086419228 -0.50169526979739887 1.2914356816102222 2.7408504287612683 2.5422249613186483
leaf_weight=40 2048 95 3986 654 223 1150 45 435 971 4909 1319 1037 889 109 9273 991 453 660 159 154 1231 46 4905 241 70 2992 1089 82 244 103
leaf_count=40 2048 95 3986 654 223 1150 45 435 971 4909 1319 1037 889 109 9273 991 453 660 159 154 1231 46 4905 241 70 2992 1089 82 244 103
internal_value=-0.000981439 1.24656 -0.255796 0.997316 -0.00141374 -0.485185 2.88672 0.765098 -0.137105 0.24814 -0.186232 0.930791 -0.686764 3.37187 -0.380056 1.60829 0.781885 0.355425 3.98754 -0.0252619 -0.338365 1.11385 -0.764086 -1.37869 2.74366 -0.124866 -0.214886 2.17861 2.38134 3.22654
internal_weight=40603 6886 33717 5979 15988 17729 907 4334 10357 5631 9386 3085 6075 536 11654 1645 722 1249 268 589 10504 499 5186 281 268 8067 5075 371 326 173
internal_count=40603 6886 33717 5979 15988 17729 907 4334 10357 5631 9386 3085 6075 536 11654 1645 722 1249 268 589 10504 499 5186 281 268 8067 5075 371 326 173
is_linear=0
shrinkage=0.03


Tree=51
num_leaves=31
num_cat=0
split_feature=34 24 24 34 32 11 27 6 4 5 7 7 22 1 1 41 1 1 0 7 38 32 32 41 25 39 1 29 34 33
split_gain=1.34288e+07 2.88854e+06 2.03956e+06 652635 542842 422045 337943 305004 278875 264917 242785 234790 223440 202385 194893 192476 187683 181862 165074 163329 159909 144165 143353 136028 135439 134311 129915 128047 127610 120474
threshold=197.88500000000002 410.02500000000003 91.075000000000003 279.70000000000005 43.345000000000006 145.38250000000002 25142.895833333336 5.2614537444933935 244.50000000000003 49706.250000000007 5.8281250000000027 8.5017361111111125 1.0000000180025095e-35 1.5000000000000002 1.5000000000000002 1100.4443608949407 1.0000000180025095e-35 1.5000000000000002 5.5000000000000009 6.9600694444444464 324.96000000000009 147.62500000000003 128.64750000000004 2171.4324529777227 443.54708333333343 -129.93749999999997 2.5000000000000004 434.33375000000007 -6.8749999999999991 110.825
decision_type=10 8 10 10 8 8 10 2 2 2 2 2 2 2 2 10 2 2 2 2 10 10 10 8 10 8 2 10 10 10
left_child=2 3 4 11 9 10 8 17 20 26 -4 16 14 -5 25 19 18 -8 -2 22 -3 -18 -6 -11 -10 -7 -1 -9 -28 -25
right_child=1 6 5 13 15 12 7 27 24 23 -12 -13 -14 -15 -16 -17 21 -19 -20 -21 -22 -23 -24 29 -26 -27 28 -29 -30 -31
leaf_value=-0.56478281551622112 0.18639015124893032 2.4931443033145579 0.077077975742732077 1.8757777983423474 -0.31597279624600993 2.1556444247563675 4.5722167302911938 1.1480191236175596 3.1896196028969501 -0.71505721889033591 -0.23529185974880579 -0.031331095892108148 -0.81552491780031811 1.1793702027820994 0.20868571870879202 -0.0043509584578196349 0.24080742340575864 2.3719036713300397 1.7730661590769887 -0.57533577869435004 3.7840708327545567 0.78486007168758032 0.29966937085408979 -0.39146073195345171 1.3461529987259249 0.62295772332815302 -1.7880084319006311 2.2008200955775474 -0.83146089335830986 0.1381437145607016
leaf_weight=2071 76 130 5556 495 8411 53 54 247 54 871 3750 377 142 1611 1937 1667 545 102 267 2297 324 2263 354 1720 112 1191 131 185 2952 498
leaf_count=2071 76 130 5556 495 8411 53 54 247 54 871 3750 377 142 1611 1937 1667 545 102 267 2297 324 2263 354 1720 112 1191 131 185 2952 498
internal_value=0.000325112 1.21167 -0.246363 0.925932 -0.427731 0.0548318 2.54244 2.0201 3.03377 -0.617401 -0.0488082 0.676139 0.345001 1.34387 0.397047 -0.304867 0.760767 3.15782 1.42306 -0.350149 3.42071 0.679389 -0.291077 -0.397508 1.96134 0.689936 -0.749088 1.60291 -0.872672 -0.272542
internal_weight=40443 6842 33601 5634 20972 12629 1208 588 620 8243 9306 3528 3323 2106 3181 12729 3151 156 343 11062 454 2808 8765 3089 166 1244 5154 432 3083 2218
internal_count=40443 6842 33601 5634 20972 12629 1208 588 620 8243 9306 3528 3323 2106 3181 12729 3151 156 343 11062 454 2808 8765 3089 166 1244 5154 432 3083 2218
is_linear=0
shrinkage=0.03


Tree=52
num_leaves=31
num_cat=0
split_feature=34 9 24 9 30 24 7 18 2 18 1 28 32 28 1 0 7 33 1 38 41 14 30 7 30 7 38 8 7 23
split_gain=1.29697e+07 2.72831e+06 2.04731e+06 772621 539277 438295 267943 266152 244506 224832 208216 220927 201270 201106 199829 207787 177107 173020 162255 175863 147431 133329 133149 129823 128427 126634 107356 105151 100216 119204
threshold=229.93500000000003 109.48 465.20500000000004 38.07500000000001 297.03000000000003 156.965 8.9531250000000018 1.0000000180025095e-35 8.5000000000000018 1.0000000180025095e-35 4.5000000000000009 26366.375000000004 160.00500000000002 22538.562500000004 1.0000000180025095e-35 5.5000000000000009 6.352430555555558 151.73250000000004 1.5000000000000002 34.305000000000007 5210.5999815625155 100.74500000000002 -9.6887499999999971 7.0503472222222241 407.87500000000006 6.7135416666666687 188.655 632.76875000000007 5.8281250000000027 2.5000000000000004
decision_type=10 10 10 8 10 10 2 2 2 2 2 10 10 10 2 2 2 10 2 10 10 10 10 2 10 2 10 2 2 2
left_child=1 3 4 7 10 23 9 20 13 17 11 26 -12 -4 15 -7 18 -5 19 -6 21 -1 27 -3 -10 -16 -2 -9 29 -15
right_child=2 5 8 6 16 14 -8 22 24 -11 12 -13 -14 28 25 -17 -18 -19 -20 -21 -22 -23 -24 -25 -26 -27 -28 -29 -30 -31
leaf_value=-0.65215919373800679 1.5564910966460987 0.1217769834270631 4.8491386456489565 -0.17661139982390964 4.2408201354887431 -0.069158965855236815 -0.67828711016666954 -0.94465731545339648 1.1611138568432242 -0.38449440807810575 -0.12752079911790529 0.96333864397248681 0.86401576503122646 2.9985409574995234 0.4655954482269809 1.199962305901104 0.97791281237077188 0.27486572103035922 1.5843258887284188 2.0890942193544824 0.042697585777206948 -0.33132664710903242 -0.80059140243509941 -0.23618279051027311 2.5809029431484247 0.03412408611618601 3.0352046617384878 -2.5542047870159146 2.0551549138846217 4.6327423328823505
leaf_weight=3128 176 4945 69 10187 40 148 1229 78 80 5052 285 1543 519 244 2588 536 318 825 980 259 436 1864 2506 1117 227 802 61 71 80 53
leaf_count=3128 176 4945 69 10187 40 148 1229 78 80 5052 285 1543 519 244 2588 536 318 825 980 259 436 1864 2506 1117 227 802 61 71 80 53
internal_value=0.00174494 -0.198512 1.44282 -0.364697 1.18295 0.217536 -0.251499 -0.606814 2.88225 -0.218807 0.914466 1.09549 0.512816 3.33494 0.458136 0.925657 1.61653 -0.142766 1.77442 2.39013 -0.486254 -0.532451 -0.853017 0.0557903 2.2159 0.363559 1.94824 -1.72354 3.04571 3.30473
internal_weight=40446 35512 4934 25376 4181 10136 17293 8083 753 16064 2584 1780 804 446 4074 684 1597 11012 1279 299 5428 4992 2655 6062 307 3390 237 149 377 297
internal_count=40446 35512 4934 25376 4181 10136 17293 8083 753 16064 2584 1780 804 446 4074 684 1597 11012 1279 299 5428 4992 2655 6062 307 3390 237 149 377 297
is_linear=0
shrinkage=0.03


Tree=53
num_leaves=31
num_cat=0
split_feature=24 24 24 34 14 32 24 41 41 6 28 41 22 1 0 1 0 13 14 6 29 14 14 32 8 28 16 23 8 0
split_gain=1.18096e+07 2.84228e+06 1.60735e+06 766765 393459 355686 295617 252687 228857 227138 197760 195025 189797 205372 221241 172883 289750 189945 210284 169474 187053 159791 153151 146542 145677 131498 130875 128412 132029 113944
threshold=173.16625000000002 427.28500000000003 76.175000000000026 301.63000000000005 166.64500000000001 3.6175000000000002 644.96000000000015 82.763009513335433 3500.2480895201084 1.6649779735682821 23250.062500000004 10921.775007773575 1.0000000180025095e-35 1.0000000180025095e-35 5.5000000000000009 4.5000000000000009 17.500000000000004 229.99000000000004 378.58500000000009 18.801982378854635 280.66000000000008 179.53500000000003 294.89000000000004 216.64000000000001 228.15625000000003 25782.687500000004 5812.4415234299331 6.5000000000000009 524.60000000000002 17.500000000000004
decision_type=10 10 10 10 10 8 10 8 10 2 10 10 2 2 2 2 2 10 10 2 10 10 10 10 2 10 10 2 2 2
left_child=2 3 5 12 7 -1 9 -4 21 -3 -5 29 13 14 -2 -12 17 18 -17 20 -11 26 -16 27 -23 -21 -7 -15 -29 -9
right_child=1 6 4 10 -6 8 -8 11 -10 19 15 -13 -14 23 22 16 -18 -19 -20 25 -22 24 -24 -25 -26 -27 -28 28 -30 -31
leaf_value=-0.72974058295373145 0.092508948047656608 4.3801287498474117 -0.42727231904557988 2.9165141226847964 0.19426166624754276 -0.39972640209338445 3.7293724995613098 -0.1861262818278614 0.059954682275151029 0.11870600156864877 1.5315062136236577 0.45658897942432264 -0.61304199222061373 0.55605735291049829 1.1007985155014666 0.65956737982776925 2.0083475402938693 0.83024486279415144 -2.0699100757131768 2.8075465235129702 1.9661168224277779 0.64104872744530439 2.2564830531924964 0.84201760953093008 -0.45383138172884485 1.5987305983494629 -0.6818391941960722 0.19447832218901367 -1.4148499630093574 0.039766211243714392
leaf_weight=3376 165 44 2109 71 4750 10393 149 5269 964 58 1049 606 107 2182 568 52 151 328 48 381 334 239 127 1233 200 109 1728 556 49 3248
leaf_count=3376 165 44 2109 71 4750 10393 149 5269 964 58 1049 606 107 2182 568 52 151 328 48 381 334 239 127 1233 200 109 1728 556 49 3248
internal_value=-0.00185216 1.05068 -0.250301 0.820227 -0.0346082 -0.454263 2.48188 -0.131406 -0.385447 2.27735 1.3706 -0.0629697 0.632485 0.659915 1.08077 1.30143 0.882674 0.481776 -0.658104 2.16761 1.69377 -0.419634 1.31492 0.569636 0.142345 2.54245 -0.439998 0.448872 0.0620164 -0.0999865
internal_weight=40643 7761 32882 6686 15982 16900 1075 11232 13524 926 1699 9123 4987 4880 860 1628 579 428 100 882 392 12560 695 4020 439 490 12121 2787 605 8517
internal_count=40643 7761 32882 6686 15982 16900 1075 11232 13524 926 1699 9123 4987 4880 860 1628 579 428 100 882 392 12560 695 4020 439 490 12121 2787 605 8517
is_linear=0
shrinkage=0.03


Tree=54
num_leaves=31
num_cat=0
split_feature=34 24 24 9 9 24 30 25 7 7 18 18 18 39 7 27 10 10 41 7 32 0 5 41 12 27 41 14 14 41
split_gain=1.14721e+07 2.20828e+06 1.95107e+06 541807 509156 457296 347880 280110 224233 200852 193573 191965 178062 184709 169970 161750 174884 160248 156494 156431 145549 144815 130769 165746 159049 130745 119561 118780 114590 106404
threshold=210.06500000000003 410.02500000000003 91.075000000000003 320.68500000000006 32.385000000000012 152.90625000000003 575.09500000000014 331.09791666666672 9.4340277777777803 7.9392361111111134 1.0000000180025095e-35 1.0000000180025095e-35 1.0000000180025095e-35 -70.938749999999985 7.6163194444444473 22750.937500000004 301.61500000000007 -2.4362499999999998 859.84668452755079 7.2760416666666687 125.00375000000001 18.500000000000004 51081.250000000007 16288.321281761067 364.06333333333345 42107.250000000007 5434.6530780996445 506.41500000000002 100.74500000000002 10921.775007773575
decision_type=10 8 10 10 8 10 10 10 2 2 2 2 2 8 2 10 10 10 8 2 10 2 2 8 10 10 10 10 10 10
left_child=2 3 4 14 10 8 7 -3 18 20 28 15 13 -7 22 -9 -17 -12 -4 -5 26 -13 24 -24 -2 -18 -6 -21 -1 -20
right_child=1 6 5 19 9 12 -8 11 -10 -11 17 21 -14 -15 -16 16 25 -19 29 27 -22 -23 23 -25 -26 -27 -28 -29 -30 -31
leaf_value=-0.60061540751205522 0.51538914568946192 4.5448867128685455 -0.28306296476482734 1.6055798711342486 -0.28709137098752052 1.295832496979519 3.720834293073537 3.5477656931547741 -0.66483374494356362 -0.56732693678570567 -2.5829677397660586 0.057053923615037576 -0.045369782401586789 0.40418361728867824 0.28014458948717502 0.35036094153628633 2.3048393207856201 -0.79006583728410895 0.019760397724320155 1.0914795443415641 0.22756174937113202 2.1023520634174346 -0.89075637275489372 1.0462706062962024 1.8663092877183642 0.90149257935378158 0.13325778041381475 -0.78057683562123492 -0.2849703051952614 0.40241252613755174
leaf_weight=2894 1230 42 1464 1036 11036 227 146 75 476 1972 45 72 743 2563 613 50 725 2250 7238 105 568 54 40 1680 83 67 644 42 1616 718
leaf_count=2894 1230 42 1464 1036 11036 227 146 75 476 1972 45 72 743 2563 613 50 725 2250 7238 105 568 54 40 1680 83 67 644 42 1616 718
internal_value=0.00360675 1.20721 -0.20812 0.917723 -0.388536 0.0743551 2.34115 2.15224 -0.0302549 -0.286374 -0.601944 2.05164 0.367295 0.477168 0.736354 2.20274 2.07887 -0.82633 0.00187803 1.47561 -0.241097 0.943262 0.828436 1.00073 0.602142 2.18741 -0.263905 0.554946 -0.487603 0.0543396
internal_weight=40514 6060 34454 4829 21025 13429 1231 1085 9896 14220 6805 1043 3533 2790 3646 917 842 2295 9420 1183 12248 126 3033 1720 1313 792 11680 147 4510 7956
internal_count=40514 6060 34454 4829 21025 13429 1231 1085 9896 14220 6805 1043 3533 2790 3646 917 842 2295 9420 1183 12248 126 3033 1720 1313 792 11680 147 4510 7956
is_linear=0
shrinkage=0.03


Tree=55
num_leaves=31
num_cat=0
split_feature=34 34 32 41 34 1 34 11 1 38 4 7 41 18 7 7 5 16 28 5 18 29 31 1 5 34 11 7 32 5
split_gain=1.0573e+07 2.31718e+06 1.59814e+06 621326 505119 424202 362736 327597 263203 240453 254863 206046 168340 168137 167577 167557 165767 160322 159706 154141 152091 151898 148560 145927 143135 136474 132741 155050 119641 115357
threshold=197.88500000000002 403.11000000000007 96.253750000000011 -1360.0190763726275 268.98500000000007 1.5000000000000002 100.26500000000001 125.13500000000001 1.5000000000000002 343.89000000000004 244.50000000000003 8.2309027777777803 -11329.566953253896 1.0000000180025095e-35 8.5017361111111125 5.5538194444444455 47802.937500000007 7343.6360429106317 29950.000000000004 45001.375000000007 1.0000000180025095e-35 -15.628749999999998 169.30500000000004 1.0000000180025095e-35 39206.250000000007 533.58000000000004 311.05000000000001 4.9670138888888902 101.59500000000001 53952.562500000007
decision_type=10 10 10 8 10 2 10 10 2 10 2 2 10 2 2 2 2 10 10 2 2 10 10 2 2 10 10 2 10 2
left_child=2 4 3 12 14 25 11 17 15 -7 -11 13 21 -5 19 26 -8 24 -18 28 -9 -1 -10 -21 -4 -3 -6 -28 -2 -13
right_child=1 5 7 6 8 9 16 20 22 10 -12 29 -14 -15 -16 -17 18 -19 -20 23 -22 -23 -24 -25 -26 -27 27 -29 -30 -31
leaf_value=-2.3589657908252306 -1.0798910838287128 2.9272642348984537 -0.25330897972309696 -0.22918795943864675 1.4626844064290063 1.518974713887596 -0.34934848703454779 0.36391195451888103 -0.22242365453878174 2.9365195820814258 1.4647884121116685 -0.94288093398742467 -0.53920735946295073 -0.51638169316479421 -0.050326687905915893 1.1025553890044038 1.3350790330637679 -0.55468691716691765 0.025962058811588622 1.4049526551846536 -0.052653282154027217 -0.84538146763882582 1.0214335193419486 0.67260048325078003 0.05358231431701304 4.6370884851774861 2.1528487414431261 4.2211925833875483 0.36097020534291824 -0.39489175584623892
leaf_weight=62 56 176 1810 6370 170 527 1209 3333 91 325 162 789 5146 2578 345 274 85 544 3389 278 1033 1277 1602 2075 5588 61 153 43 578 619
leaf_count=62 56 176 1810 6370 170 527 1209 3333 91 325 162 789 5146 2578 345 274 85 544 3389 278 1033 1277 1602 2075 5588 61 153 43 578 619
internal_value=0.00247826 1.07121 -0.216018 -0.371931 0.812888 2.23938 -0.266057 0.0566466 1.15145 1.96856 2.45095 -0.365126 -0.617378 -0.31198 0.575558 1.67019 -0.0469435 -0.058111 0.0583678 0.647841 0.265363 -0.917173 0.954483 0.759686 -0.021526 3.38498 2.09098 2.62574 0.232202 -0.702419
internal_weight=40748 6916 33832 21524 5665 1251 15039 12308 2333 1014 487 10356 6485 8948 3332 640 4683 7942 3474 2987 4366 1339 1693 2353 7398 237 366 196 634 1408
internal_count=40748 6916 33832 21524 5665 1251 15039 12308 2333 1014 487 10356 6485 8948 3332 640 4683 7942 3474 2987 4366 1339 1693 2353 7398 237 366 196 634 1408
is_linear=0
shrinkage=0.03


Tree=56
num_leaves=31
num_cat=0
split_feature=14 14 9 24 32 18 1 32 11 4 16 1 11 16 11 6 13 31 10 32 13 31 27 25 30 2 6 27 24 18
split_gain=1.02746e+07 2.29242e+06 1.45185e+06 840597 495649 287588 250193 262230 232069 219790 187574 185519 174965 169718 178818 164834 216115 163928 153785 146406 164232 136767 129008 250141 145414 126029 119066 111128 108442 107626
threshold=241.82000000000002 418.44000000000005 64.345000000000013 465.20500000000004 132.01500000000001 1.0000000180025095e-35 1.5000000000000002 203.85500000000005 195.14000000000001 352.50000000000006 6358.5057919720302 1.0000000180025095e-35 272.52000000000004 3356.5495781531386 105.18500000000002 13.468942731277536 67.617500000000021 35.995000000000012 446.94500000000005 100.00500000000001 213.14000000000001 579.7600000000001 24313.729166666672 443.54708333333343 222.29000000000005 8.5000000000000018 20.28744493392071 26213.354166666668 91.075000000000003 1.0000000180025095e-35
decision_type=10 10 10 10 10 2 2 10 10 2 10 2 10 10 10 2 10 8 10 10 10 10 10 10 10 2 2 10 10 2
left_child=2 8 5 22 10 13 7 18 15 12 11 -4 -10 14 -1 16 -2 -7 -5 -17 -21 -8 23 -3 -24 -25 27 -14 -13 -6
right_child=1 3 4 6 29 17 21 -9 9 -11 -12 28 26 -15 -16 19 -18 -19 -20 20 -22 -23 24 25 -26 -27 -28 -29 -30 -31
leaf_value=-0.32085682774515267 2.3397025947883483 2.8876054238916371 0.22215504377732798 2.1892622906981773 0.33001851712792357 -0.92425189838945776 2.0048271051410067 5.6050477715425711 0.68750783545458061 -0.39683445080437441 -0.44401045122908478 -0.22261324116713288 -0.03815205715071987 -0.55346012926995736 0.28541323913332023 -0.86590968417045766 0.50561172965348133 -0.53389744346680112 4.1792023527622222 0.3547439205666944 -1.467032659947872 3.267422884678354 0.57319573975574334 1.7151239215135574 1.3985840371072422 -0.21098057300486461 2.4570699997991321 1.2106746229551772 -0.042928939762422604 0.0088186904147278117
leaf_weight=5775 60 138 1430 105 2932 1407 445 42 1789 131 1603 6495 70 2877 473 132 1149 3128 56 619 47 97 226 89 1358 46 63 756 5655 1381
leaf_count=5775 60 138 1430 105 2932 1407 445 42 1789 131 1603 6495 70 2877 473 132 1149 3128 56 619 47 97 226 89 1358 46 63 756 5655 1381
internal_value=0.00306271 1.01228 -0.222753 1.72965 -0.0565758 -0.459904 2.58131 3.48673 0.624416 0.800456 -0.137196 -0.10095 0.85915 -0.362792 -0.274921 0.377755 0.598492 -0.655183 2.90294 0.0430008 0.224173 2.23639 1.38677 1.99205 1.28126 1.0621 1.2034 1.10492 -0.138993 0.227198
internal_weight=40574 7418 33156 2602 19496 13660 745 203 4816 2809 15183 13580 2678 9125 6248 2007 1209 4535 161 798 666 542 1857 273 1584 135 889 826 12150 4313
internal_count=40574 7418 33156 2602 19496 13660 745 203 4816 2809 15183 13580 2678 9125 6248 2007 1209 4535 161 798 666 542 1857 273 1584 135 889 826 12150 4313
is_linear=0
shrinkage=0.03


Tree=57
num_leaves=31
num_cat=0
split_feature=14 24 32 7 41 30 33 11 11 34 7 5 28 18 5 18 41 16 5 7 31 7 8 5 16 1 30 8 13 6
split_gain=9.42564e+06 2.1827e+06 1.35178e+06 593452 534614 402394 370954 320231 295384 294846 213700 209430 281490 156291 155798 146364 145333 142902 138260 137507 136069 125551 122536 119893 119325 117985 115916 112904 118261 111808
threshold=241.82000000000002 342.60500000000008 97.001250000000013 6.9600694444444464 -1104.1779217075016 575.09500000000014 280.01000000000005 197.64875000000004 124.14000000000001 99.945000000000007 8.2309027777777803 40089.375000000007 25936.687500000004 1.0000000180025095e-35 46300.125000000007 1.0000000180025095e-35 -11329.566953253896 7343.6360429106317 39206.250000000007 7.8107638888888911 332.05000000000007 8.5017361111111125 615.43750000000011 43800.312500000007 6503.9519211710494 1.5000000000000002 303.36000000000007 422.85625000000005 64.260000000000005 13.199779735682819
decision_type=10 10 10 2 8 10 10 10 10 10 2 2 10 2 2 2 10 10 2 2 10 2 2 2 10 2 10 2 10 2
left_child=2 7 4 5 16 6 -3 21 17 10 13 20 -13 -6 -11 24 -1 18 -4 25 -8 27 -15 -5 -10 -9 -27 28 29 -2
right_child=1 3 8 23 9 -7 11 19 15 14 -12 12 -14 22 -16 -17 -18 -19 -20 -21 -22 -23 -24 -25 -26 26 -28 -29 -30 -31
leaf_value=-0.86733730017294663 2.2511791674296062 4.5752414684295655 -0.26522460338410558 -0.92633120632171628 -0.21459231999860731 3.5031705060444382 0.0033294219941627685 1.2576474975390608 0.39542238332438134 -0.41333473890245254 -0.69645218793952401 2.4654142713290388 1.5561684955749264 -0.43251572003498279 0.024605547138129881 -0.056913652840498333 -0.51389232952918551 -0.53872718693892452 0.043366449136551154 0.38519949060373054 1.4718457991598468 -0.73577039397996036 -1.2086958437880977 0.77570271550384284 -0.29921456869011476 0.69164774140808116 1.2758679747716597 -0.050419137833891688 0.4351609009403572 0.74057646007506872
leaf_weight=1314 62 44 1753 44 6273 151 81 746 2951 908 1381 557 702 2348 3735 1109 5204 547 5123 482 189 86 198 218 240 1513 385 369 1577 153
leaf_count=1314 62 44 1753 44 6273 151 81 746 2951 908 1381 557 702 2348 3735 1109 5204 547 5123 482 189 86 198 218 240 1513 385 369 1577 153
internal_value=-0.000729655 0.970274 -0.216736 1.81992 -0.358792 2.02202 1.8777 0.655944 0.0421175 -0.259307 -0.349511 1.79713 1.96007 -0.295109 -0.06111 0.239945 -0.585267 -0.0724969 -0.0353343 0.852304 1.03293 0.382513 -0.493329 0.48743 0.3431 0.937279 0.810763 0.427337 0.525687 1.1846
internal_weight=40443 7359 33084 1986 21361 1724 1573 5373 11723 14843 10200 1529 1259 8819 4643 4300 6518 7423 6876 3126 270 2247 2546 262 3191 2644 1898 2161 1792 215
internal_count=40443 7359 33084 1986 21361 1724 1573 5373 11723 14843 10200 1529 1259 8819 4643 4300 6518 7423 6876 3126 270 2247 2546 262 3191 2644 1898 2161 1792 215
is_linear=0
shrinkage=0.03


Tree=58
num_leaves=31
num_cat=0
split_feature=34 11 24 32 7 5 11 7 4 7 33 34 28 5 5 32 5 24 22 15 5 41 4 5 27 5 5 7 23 7
split_gain=9.08645e+06 2.18083e+06 1.30822e+06 681394 381286 314106 270796 263339 237283 231424 229780 186370 183310 171031 160796 163218 160403 142408 138009 127805 125382 123376 112588 113130 148660 112111 110102 106584 129407 99087.3
threshold=244.01000000000002 122.03500000000001 446.81000000000006 62.517500000000005 8.1267361111111143 53806.250000000007 320.88000000000005 5.9739583333333348 244.50000000000003 5.7239583333333348 169.40500000000003 103.91500000000001 22538.562500000004 47504.500000000007 56456.250000000007 264.94500000000005 56831.250000000007 254.22500000000005 1.0000000180025095e-35 284.98812500000003 40600.562500000007 -1104.1779217075016 272.50000000000006 40343.750000000007 30222.437500000004 38756.250000000007 53300.312500000007 5.8489583333333348 2.5000000000000004 7.4392361111111134
decision_type=10 10 10 10 2 2 10 2 2 2 10 10 10 2 2 10 2 10 2 10 2 10 2 2 10 2 2 2 2 2
left_child=1 3 6 5 10 21 14 11 12 19 18 -5 -4 -12 29 -16 -6 -15 -3 -8 -10 -1 23 -11 -25 -9 -24 28 -14 -2
right_child=2 4 8 7 16 -7 9 25 20 22 13 -13 27 17 15 -17 -18 -19 -20 -21 -22 -23 26 24 -26 -27 -28 -29 -30 -31
leaf_value=-0.60343099413225931 0.66205238019810275 0.15958700839486378 4.2443159133195874 -0.17632897733382052 -0.59696582734872106 -0.20961252860731561 3.1368755843137439 -0.68082519819373277 0.23515225258279351 0.13819668474197389 0.26544811356366882 0.077143302765327854 2.4408244121173079 0.56972529973511432 0.84340237545034358 1.6357061955642276 0.11463011214661936 1.4238245049895424 -1.1374035489716028 1.6319610009256276 1.917398112001873 -0.31022795029059463 -1.0869083999860576 2.0540587781604969 0.77410260016410981 -0.27654779019276177 0.71252895341185496 1.5510706634290756 3.8850309390237885 -0.31282490393290152
leaf_weight=7081 996 2605 63 6274 576 3402 56 726 46 74 2042 4470 317 2433 785 336 563 189 75 613 314 1584 40 170 160 4123 120 92 72 103
leaf_count=7081 996 2605 63 6274 576 3402 56 726 46 74 2042 4470 317 2433 785 336 563 189 75 613 314 1584 40 170 160 4123 120 92 72 103
internal_value=0.000364844 -0.155664 1.29443 -0.284716 0.26511 -0.453971 1.02791 -0.153713 2.31017 1.3847 0.344314 -0.0708754 2.70766 0.4715 0.829212 1.08213 -0.245437 0.63181 0.12288 1.76243 1.70369 -0.549874 0.934322 1.20059 1.43769 -0.337205 0.258713 2.49801 2.71741 0.570484
internal_weight=40500 36143 4357 27660 8483 12067 3453 15593 904 1233 7344 10744 544 4664 2220 1121 1139 2622 2680 669 360 8665 564 404 330 4849 160 481 389 1099
internal_count=40500 36143 4357 27660 8483 12067 3453 15593 904 1233 7344 10744 544 4664 2220 1121 1139 2622 2680 669 360 8665 564 404 330 4849 160 481 389 1099
is_linear=0
shrinkage=0.03


Tree=59
num_leaves=31
num_cat=0
split_feature=34 24 9 12 9 18 4 5 4 28 1 37 41 33 8 41 5 0 16 0 28 4 12 41 5 12 25 30 37 14
split_gain=8.22326e+06 1.76667e+06 1.2728e+06 491989 424686 267830 217062 205153 199237 189919 186710 184322 181166 182075 158504 158237 157815 150269 146850 143849 143251 125031 119808 119072 114865 140272 109663 106913 100329 100320
threshold=195.10500000000005 427.28500000000003 64.99375000000002 302.37062500000008 115.20500000000001 1.0000000180025095e-35 244.50000000000003 46701.000000000007 222.50000000000003 26366.375000000004 1.0000000180025095e-35 206.89000000000001 1454.3448202590337 116.78500000000001 632.76875000000007 -9413.688331875328 40205.312500000007 5.5000000000000009 101.4483514853366 5.5000000000000009 23250.062500000004 280.50000000000006 12.43125 6719.8400893105872 40600.562500000007 364.06333333333345 458.07729166666678 360.14000000000004 61.025000000000013 88.120000000000019
decision_type=10 10 10 10 10 2 2 2 2 10 2 10 8 10 2 8 2 2 10 2 10 2 10 10 2 10 10 10 10 10
left_child=2 3 5 7 15 12 8 21 -3 -9 17 20 29 -14 -7 -4 -8 -6 -11 -10 -5 28 -16 -17 25 -22 -26 -18 -2 -1
right_child=1 6 4 11 10 14 16 9 19 18 -12 -13 13 -15 22 23 27 -19 -20 -21 24 -23 -24 -25 26 -27 -28 -29 -30 -31
leaf_value=-0.63861816903641966 0.4677157528737978 1.9182658280709148 -0.75551656572088111 2.6949133548736568 -0.13579706303291023 -0.5448911317613272 -0.12138491026898648 1.9245511262661941 1.6888460913158596 0.67953707017689147 0.090074766032815987 -0.35276714157532241 -0.29611043225905326 0.14574095517569571 -2.6418899910948999 -0.15404040462404719 0.77846331074658559 0.81510443056664594 -0.34353006734089414 3.366283531951904 -0.024491676169893017 -0.43675005742424244 -0.97152787899784299 0.20123705369281866 1.4316927902281911 1.1569004193889467 0.15741751513697885 2.0033562863593133 -0.76285102139298722 -0.34357797017004432
leaf_weight=1813 734 338 371 59 199 4125 46 106 62 3131 6160 67 4036 1059 42 11320 84 598 131 224 137 221 430 917 998 265 65 297 64 2435
leaf_count=1813 734 338 371 59 199 4125 46 106 62 3131 6160 67 4036 1059 42 11320 84 598 131 224 137 221 430 917 998 265 65 297 64 2435
internal_value=-0.00248285 0.930355 -0.198205 0.730696 -0.0421225 -0.417249 2.06423 0.566572 2.42257 0.679398 0.146025 1.18261 -0.324949 -0.204261 -0.60473 -0.145944 1.53613 0.577805 0.638359 3.00979 1.2503 0.19336 -1.12543 -0.127403 1.19032 0.755225 1.35399 1.73605 0.368192 -0.469619
internal_weight=40534 7029 33505 5978 19565 13940 1051 4387 624 3368 6957 1591 9343 5095 4597 12608 427 797 3262 286 1524 1019 472 12237 1465 402 1063 381 798 4248
internal_count=40534 7029 33505 5978 19565 13940 1051 4387 624 3368 6957 1591 9343 5095 4597 12608 427 797 3262 286 1524 1019 472 12237 1465 402 1063 381 798 4248
is_linear=0
shrinkage=0.03


Tree=60
num_leaves=31
num_cat=0
split_feature=12 24 11 7 10 9 15 33 30 7 22 27 7 5 5 7 10 41 14 12 23 4 26 23 4 0 11 14 41 7
split_gain=8.21672e+06 1.55594e+06 1.44624e+06 521444 413741 381352 343602 339790 236932 236716 188287 179529 167143 159981 155320 147257 144140 143505 123590 114729 114189 112353 168311 111083 127432 110844 104587 96762.8 95435.6 92523.8
threshold=207.47975543478262 89.001250000000013 320.88000000000005 6.5052083333333348 160.92500000000004 24.803750000000004 258.53812500000009 495.0800000000001 303.36000000000007 6.4565972222222241 1.0000000180025095e-35 22750.937500000004 9.1128472222222268 41305.187500000007 41552.062500000007 7.2760416666666687 396.59500000000008 3500.2480895201084 100.25500000000001 153.23479166666669 6.5000000000000009 272.50000000000006 40095.788750000007 5.5000000000000009 176.50000000000003 6.5000000000000009 118.22500000000001 418.44000000000005 3991.9844644618393 5.2482638888888902
decision_type=10 10 10 2 10 8 10 10 10 2 2 10 2 2 2 2 10 10 10 10 2 2 10 2 2 2 8 10 10 2
left_child=1 5 8 6 9 18 -4 23 16 26 20 14 17 -6 -9 -15 27 19 -1 29 -11 -5 -23 24 -8 -26 -3 -2 -20 -7
right_child=2 4 3 21 13 12 7 11 -10 10 -12 -13 -14 15 -16 -17 -18 -19 28 -21 -22 22 -24 -25 25 -27 -28 -29 -30 -31
leaf_value=-0.64847480002570534 0.53508777924578754 -0.0091870954031863933 4.4698744378797706 1.1240124203630855 -0.087731364582553692 -0.18500580601733982 0.22767699690742627 2.057373322418758 1.1942958967475521 -0.091350445441065187 -1.3255738912688362 2.1915449772670654 -0.63607462575209284 0.58057040433871243 4.5018182610731863 0.042765315143578703 -0.64026788974917215 0.084530797864654547 -0.40907113868700262 0.43476963875629887 -0.53295255303315447 -1.4503975581499033 0.79416561033725741 0.72073894423487428 1.1075189569829003 1.9542024620599856 0.21618615490760665 1.0570943456256692 0.43261998278547359 -0.34972815278584296
leaf_weight=3688 2262 5162 47 349 575 5886 53 41 686 2572 134 498 972 2103 64 586 85 1198 1838 210 662 42 99 135 188 594 2890 373 129 6422
leaf_count=3688 2262 5162 47 349 575 5886 53 41 686 2572 134 498 972 2103 64 586 85 1198 1838 210 662 42 99 135 188 594 2890 373 129 6422
internal_value=0.0026755 -0.166815 1.07879 1.69588 0.0685262 -0.336685 1.9553 1.87738 0.696118 -0.0166171 -0.227766 2.43809 -0.256059 0.366337 3.57573 0.463429 0.570082 -0.229084 -0.546016 -0.259102 -0.181883 0.835955 0.120067 1.52666 1.65594 1.75233 0.07172 0.609354 -0.353679 -0.270975
internal_weight=40543 35027 5516 2110 14684 20343 1620 1573 3406 11420 3368 603 14688 3264 105 2689 2720 13716 5655 12518 3234 490 141 970 835 782 8052 2635 1967 12308
internal_count=40543 35027 5516 2110 14684 20343 1620 1573 3406 11420 3368 603 14688 3264 105 2689 2720 13716 5655 12518 3234 490 141 970 835 782 8052 2635 1967 12308
is_linear=0
shrinkage=0.03


Tree=61
num_leaves=31
num_cat=0
split_feature=10 11 34 9 1 28 14 1 28 30 0 37 29 41 15 18 41 18 28 10 5 31 27 1 41 9 14 28 30 32
split_gain=7.41494e+06 1.37415e+06 1.32952e+06 498117 364849 302747 290213 286446 254037 211910 208262 219730 182965 163110 166147 157005 146179 145979 147595 134229 125719 139113 108356 107309 106984 106045 102131 99839.6 99779.3 97558.4
threshold=202.95750000000004 103.92625000000001 420.86500000000007 51.205000000000005 1.5000000000000002 23250.062500000004 166.64500000000001 1.5000000000000002 41528.500000000007 260.00500000000005 5.5000000000000009 -14.71625 584.65375000000006 420.85905096846187 159.1452604166667 1.0000000180025095e-35 5434.6530780996445 1.0000000180025095e-35 32499.125000000004 -2.4362499999999998 45303.500000000007 149.97500000000002 22750.937500000004 3.5000000000000004 -10905.320984391374 320.68500000000006 82.641250000000014 39295.750000000007 450.58500000000009 92.08250000000001
decision_type=10 10 10 10 2 10 10 2 10 10 2 10 10 8 10 2 10 2 10 8 2 10 10 2 8 10 10 10 10 10
left_child=1 3 4 15 5 -2 13 22 12 20 -7 -12 23 -3 -15 26 24 18 25 -17 21 -6 -4 -9 -5 -8 -1 -16 -25 -26
right_child=2 6 7 16 9 10 17 8 -10 -11 11 -13 -14 14 27 19 -18 -19 -20 -21 -22 -23 -24 28 29 -27 -28 -29 -30 -31
leaf_value=-0.49202731595646415 3.306791356274339 -0.41030908036512959 3.9834716471503762 -0.76794588207900527 -0.8155466297486933 0.3294435835437014 0.58208285174986352 2.068620665173639 -0.0041452110793492565 0.92085187902221544 3.4999714607145727 1.2362675559294714 2.9733156530546103 0.097284939550117314 -0.90684897560940447 -2.1971928634867073 0.13317107069358733 -0.033195708367346435 0.25099859727691881 -0.59698852303002126 0.58636770756870049 0.30807024930007171 2.4266875113210369 0.82384601057203188 -0.261908142790927 1.8717197843066979 -0.25120905758985018 0.25195620259189089 1.8054354280547091 -0.093611738236575093
leaf_weight=3066 60 890 67 299 122 231 1046 329 72 1382 40 777 114 3666 248 47 1237 1092 3162 3378 1690 511 123 189 7770 60 3289 91 189 5160
leaf_count=3066 60 890 67 299 122 231 1046 329 72 1382 40 777 114 3666 248 47 1237 1092 3162 3378 1690 511 123 189 7770 60 3289 91 189 5160
internal_value=0.000723084 -0.167306 0.98382 -0.290434 0.769831 1.24748 0.123808 1.93323 1.70452 0.626688 1.12655 1.35124 1.85418 -0.0431918 0.0384719 -0.455804 -0.178609 0.276299 0.355475 -0.619582 0.451363 0.0905674 2.99364 1.66979 -0.20777 0.653673 -0.367452 -0.595957 1.31811 -0.194758
internal_weight=40397 34501 5896 24246 4813 1108 10255 1083 893 3705 1048 817 821 4895 4005 9780 14466 5360 4268 3425 2323 633 190 707 13229 1106 6355 339 378 12930
internal_count=40397 34501 5896 24246 4813 1108 10255 1083 893 3705 1048 817 821 4895 4005 9780 14466 5360 4268 3425 2323 633 190 707 13229 1106 6355 339 378 12930
is_linear=0
shrinkage=0.03


Tree=62
num_leaves=31
num_cat=0
split_feature=33 24 24 12 34 8 5 4 7 28 7 5 7 12 7 29 41 18 23 25 12 25 28 39 8 41 12 7 23 25
split_gain=6.8913e+06 1.61907e+06 1.15199e+06 375134 371038 257940 256489 244344 230547 220334 170266 170183 155946 148462 145492 146679 139671 146048 174607 131097 125878 116180 135392 114714 113456 110561 112866 103751 101525 163087
threshold=216.00500000000002 427.28500000000003 68.985000000000014 302.37062500000008 140.01500000000001 228.15625000000003 40906.250000000007 244.50000000000003 5.8281250000000027 22538.562500000004 7.1128472222222241 40089.375000000007 8.5642361111111143 124.09562500000001 8.0260416666666696 107.30250000000002 7687.9710689938156 1.0000000180025095e-35 2.5000000000000004 245.21250000000003 277.52729166666671 443.54708333333343 23250.062500000004 -100.11124999999998 0.38125000000000003 1009.721206903727 41.885000000000005 9.5156250000000018 5.5000000000000009 331.09791666666672
decision_type=10 8 10 10 10 2 2 2 2 10 2 2 2 10 2 10 8 2 2 10 10 10 10 10 2 10 8 2 2 10
left_child=2 3 5 6 8 12 -2 9 -4 -3 19 -9 13 25 15 -5 -6 18 -18 -8 -21 22 -17 -11 -20 26 -1 -10 -24 -30
right_child=1 7 4 14 16 -7 10 11 27 23 -12 -13 -14 -15 -16 21 17 -19 24 20 -22 -23 28 -25 -26 -27 -28 -29 29 -31
leaf_value=-0.45264413261550651 -0.15410897672604934 3.7949140047144008 -0.0050581170086342209 -0.65537372405936078 -0.096264506963947241 -0.53142051148885616 0.6015231622170456 -0.34846528001453564 -0.21770574509106444 0.91508323354756127 0.25971791029196889 1.5900005908799704 -0.59665374621729828 0.80071688841104505 -0.36547361127791861 2.9144807101379739 0.25237166662368304 -0.035459756661166852 0.42550390520490039 1.3396370010807928 0.45536197270624912 0.43170267598670825 1.4388114433926815 2.2578330125810542 1.2197284127621386 0.027132634489023744 -0.19363067190921734 -0.67495197774706084 1.2117423127708633 0.023862575764457383
leaf_weight=2414 451 80 7927 40 1274 5743 2005 45 4879 67 958 401 1169 124 61 43 2685 1127 346 493 207 170 734 488 306 1166 4067 491 381 143
leaf_count=2414 451 80 7927 40 1274 5743 2005 45 4879 67 958 401 1169 124 61 43 2685 1127 346 493 207 170 734 488 306 1166 4067 491 381 143
internal_value=0.000464581 0.874082 -0.174886 0.671521 -0.0208731 -0.374533 0.520672 1.93793 -0.107879 2.31713 0.603772 1.39407 -0.273701 -0.225048 1.06572 1.1237 0.180735 0.259794 0.35949 0.725481 1.07917 1.17249 1.26888 2.09767 0.799551 -0.241784 -0.290161 -0.259631 1.21036 0.888232
internal_weight=40485 6767 33718 5686 19035 14683 4114 1081 13297 635 3663 446 8940 7771 1572 1511 5738 4464 3337 2705 700 1471 1301 555 652 7647 6481 5370 1258 524
internal_count=40485 6767 33718 5686 19035 14683 4114 1081 13297 635 3663 446 8940 7771 1572 1511 5738 4464 3337 2705 700 1471 1301 555 652 7647 6481 5370 1258 524
is_linear=0
shrinkage=0.03


Tree=63
num_leaves=31
num_cat=0
split_feature=10 24 32 6 41 38 11 34 24 7 7 4 28 18 7 27 26 6 7 7 41 8 6 7 23 0 23 12 39 38
split_gain=6.83953e+06 1.34501e+06 1.22902e+06 481260 429399 316127 277273 248680 233706 200216 168468 159226 216306 135626 135042 130424 128870 128098 118300 117102 117051 115140 106462 113651 113910 105730 130620 148329 131545 102347
threshold=202.95750000000004 410.02500000000003 98.841250000000016 0.92709251101321588 -1032.143771568273 289.84000000000009 126.35125000000001 116.00500000000001 310.08500000000004 8.4427083333333375 5.7239583333333348 242.50000000000003 22538.562500000004 1.0000000180025095e-35 7.3072916666666687 26340.312500000004 24197.000000000004 6.650881057268724 5.2864583333333348 5.6475694444444464 -11045.400455597963 615.43750000000011 9.4392070484581527 7.3697916666666687 6.5000000000000009 5.5000000000000009 5.5000000000000009 443.54708333333343 -76.402499999999989 132.15000000000006
decision_type=10 8 10 2 8 10 10 10 10 2 2 2 10 2 2 10 8 2 2 2 10 2 2 2 2 2 2 10 10 10
left_child=2 8 4 -3 20 19 18 9 16 13 29 12 -7 -6 25 -14 -2 -9 -4 -5 -1 -15 -18 24 -24 -10 28 -28 -27 -8
right_child=1 3 6 5 7 11 10 17 14 -11 -12 -13 15 21 -16 -17 22 -19 -20 -21 -22 -23 23 -25 -26 26 27 -29 -30 -31
leaf_value=-0.73092294899711241 2.1545040503968584 4.9281394422054285 0.061796317656892467 1.5183569842219844 -0.15718501022477208 4.094376182556152 0.36849395828390946 0.32928330850737142 0.6809411081356378 -0.60014098956559447 0.039577472838413875 1.5698414875053968 2.4065311373268754 -0.34509650972643752 0.37519667722615113 0.69304707102186502 0.75025967401523819 -0.091427768861729056 -0.18049465416004357 0.52644017126791331 -0.42824839502657525 -1.088806629581238 0.72254030547580572 -0.10675936603202268 0.19516902044365719 2.8360941832359523 0.067094866037368764 1.9152630286701653 1.4532061586664908 1.4849661373817606
leaf_weight=1467 46 43 4433 241 7634 64 2845 906 240 1451 1987 304 311 2821 202 47 1602 2310 3068 195 5363 200 964 311 598 72 116 58 476 75
leaf_count=1467 46 43 4433 241 7634 64 2845 906 240 1451 1987 304 311 2821 202 47 1602 2310 3068 195 5363 200 964 311 598 72 116 58 476 75
internal_value=-0.000593793 0.944257 -0.161646 1.8379 -0.295534 1.7194 0.0773904 -0.207326 0.714066 -0.269615 0.252704 2.10322 2.48283 -0.224551 1.08269 2.18413 0.59193 0.027159 -0.0373145 1.07694 -0.493357 -0.394677 0.570631 0.416675 0.520894 1.23071 1.41226 0.690575 1.63973 0.397669
internal_weight=40450 5890 34560 1205 22152 1162 12408 15322 4685 12106 4907 726 422 10655 1164 358 3521 3216 7501 436 6830 3021 3475 1873 1562 962 722 174 548 2920
internal_count=40450 5890 34560 1205 22152 1162 12408 15322 4685 12106 4907 726 422 10655 1164 358 3521 3216 7501 436 6830 3021 3475 1873 1562 962 722 174 548 2920
is_linear=0
shrinkage=0.03


Tree=64
num_leaves=31
num_cat=0
split_feature=33 34 24 9 16 33 24 5 1 9 5 1 32 28 31 14 26 15 28 30 1 4 25 1 32 28 8 23 17 1
split_gain=6.46484e+06 1.44794e+06 1.00095e+06 501138 354717 259906 250317 246764 189523 166499 165313 159148 150527 133370 127576 121688 110441 107474 105378 102006 100845 99952.6 97948.6 92698.5 108945 101542 91507.1 86001.3 85979 81677.6
threshold=254.38000000000002 129.21500000000003 410.02500000000003 39.992500000000014 5967.1323708235041 321.72500000000008 644.96000000000015 51339.125000000007 1.0000000180025095e-35 320.68500000000006 35812.625000000007 2.5000000000000004 86.085000000000022 34367.756562500006 269.01500000000004 100.74500000000002 23120.000000000004 171.18250000000003 25782.687500000004 0.95750000000000013 1.0000000180025095e-35 205.50000000000003 373.12250000000006 4.5000000000000009 156.82500000000002 27979.812500000004 1.0000000180025095e-35 4.5000000000000009 6159.1635200000001 3.5000000000000004
decision_type=10 10 10 8 10 10 10 2 2 10 2 2 10 10 10 10 10 10 10 10 2 2 10 2 10 10 2 2 10 2
left_child=1 3 9 11 7 -4 10 13 26 23 -7 15 20 -3 -12 -1 -8 27 21 -13 -5 -16 -20 25 -25 -2 -9 -15 -17 -11
right_child=2 4 5 12 -6 6 16 8 -10 29 14 19 -14 17 18 28 -18 -19 22 -21 -22 -23 -24 24 -26 -27 -28 -29 -30 -31
leaf_value=-0.43294220753276463 1.1914665622212166 0.26343139883147043 4.0861412711035117 -0.0030908510938174364 -0.31826969296602642 -0.33766733913886837 4.150082029646093 0.46251899662357371 0.30075889360704494 1.366220124328166 0.69068789053363955 -0.88600907619700009 -0.06992594354766761 0.14153595992167828 3.4514328276027331 0.12762007912862178 2.3106417638220282 -0.54213021505833847 0.33368811991284875 -0.50616945718668138 -0.28755221187261892 1.9121819703564156 1.5985663279289499 -0.16518366422890626 0.64161048233277973 0.62735558083939169 1.17183924664231 -0.23236748360569626 -0.35917464909851288 0.86152349650814741
leaf_weight=2505 386 1918 43 1308 1224 40 43 304 4050 526 118 782 8159 1580 43 771 113 363 67 3462 7872 412 326 240 402 1141 359 851 565 660
leaf_count=2505 386 1918 43 1308 1224 40 43 304 4050 526 118 782 8159 1580 43 771 113 363 67 3462 7872 412 326 240 402 1141 359 851 565 660
internal_value=0.0028908 -0.131659 1.06708 -0.254666 0.16201 1.8086 1.72088 0.22441 0.377875 0.800287 1.54455 -0.449707 -0.163699 0.0708637 1.62276 -0.309662 2.84087 -0.0613754 1.75149 -0.576351 -0.247026 2.0649 1.38432 0.643455 0.340217 0.77064 0.847787 0.010605 -0.0783621 1.08632
internal_weight=40633 36073 4560 25424 10649 1205 1162 9425 4713 3355 1006 8085 17339 4712 966 3841 156 2794 848 4244 9180 455 393 2169 642 1527 663 2431 1336 1186
internal_count=40633 36073 4560 25424 10649 1205 1162 9425 4713 3355 1006 8085 17339 4712 966 3841 156 2794 848 4244 9180 455 393 2169 642 1527 663 2431 1336 1186
is_linear=0
shrinkage=0.03


Tree=65
num_leaves=31
num_cat=0
split_feature=14 11 32 7 41 30 24 41 16 7 32 4 10 11 7 15 26 11 30 41 13 28 27 18 1 4 4 28 25 4
split_gain=5.91377e+06 1.44706e+06 877622 439443 372044 260253 220236 211994 203442 191645 189175 155154 145983 141953 137588 130272 121795 111891 104436 101236 100614 96086.5 157310 93077.8 92938 91538.3 115551 181413 143328 116287
threshold=241.82000000000002 353.44500000000005 94.295000000000016 6.4288194444444455 -383.65429091284381 260.00500000000005 644.96000000000015 8437.1933288623495 6981.4270279944085 8.4427083333333375 130.00500000000002 272.50000000000006 396.59500000000008 75.371250000000018 9.4340277777777803 302.37062500000008 39805.053750000006 124.14000000000001 -9.6887499999999971 -14010.751740187437 202.49000000000004 42338.752968750006 39667.731197916677 1.0000000180025095e-35 2.5000000000000004 180.50000000000003 240.50000000000003 23250.062500000004 477.00062500000007 223.50000000000003
decision_type=10 10 10 2 8 10 10 10 10 2 10 2 10 8 2 10 10 10 10 10 10 10 10 2 2 2 2 10 10 2
left_child=2 5 4 6 18 12 15 9 10 13 -4 -5 17 -6 23 -3 -13 -2 19 -1 -7 22 -22 -12 -8 -17 27 -27 -28 -29
right_child=1 3 8 11 7 20 24 -9 -10 -11 14 16 -14 -15 -16 25 -18 -19 -20 -21 21 -23 -24 -25 -26 26 28 29 -30 -31
leaf_value=-2.4229830030091972 0.06615815199492571 2.9984554999782924 -0.032109649471920673 1.0548499187020814 -0.27269946852453414 0.50954425216317167 3.7415686129121219 0.27915293408583869 -0.41028818665962419 -0.51949021189299771 0.34574955543841362 -1.5252367942035199 -1.0781551799430686 -0.057738067042148927 -0.62754639432101911 0.33113945740919848 0.44231358739836463 0.49793094106100344 -0.44839339853842097 -0.79098421036614375 1.0312831209515949 1.5328403798135972 -0.11120099272113293 0.043286932765781848 2.1238153408978082 3.0541269251373078 1.5424185005508522 1.4155278393244344 0.23386976195919898 2.6065267368406055
leaf_weight=42 648 62 7210 291 6648 524 67 784 880 1762 2907 41 58 4734 166 51 86 3255 6631 178 735 251 127 1337 72 107 425 358 92 95
leaf_count=42 648 62 7210 291 6648 524 67 784 880 1762 2907 41 58 4734 166 51 86 3255 6631 178 735 251 127 1337 72 107 425 358 92 95
internal_value=0.000664468 0.771067 -0.169389 1.52465 -0.288875 0.535661 1.79147 -0.19982 0.0292417 -0.228409 0.0625604 0.674075 0.403985 -0.183306 0.217311 1.65675 -0.199833 0.426281 -0.469866 -1.1121 0.853832 1.01532 0.863025 0.250496 2.92475 1.58041 1.63921 1.93983 1.31046 1.67049
internal_weight=40624 7345 33279 1747 20779 5598 1329 13928 12500 13144 11620 418 3961 11382 4410 1190 127 3903 6851 220 1637 1113 862 4244 139 1128 1077 560 517 453
internal_count=40624 7345 33279 1747 20779 5598 1329 13928 12500 13144 11620 418 3961 11382 4410 1190 127 3903 6851 220 1637 1113 862 4244 139 1128 1077 560 517 453
is_linear=0
shrinkage=0.03


Tree=66
num_leaves=31
num_cat=0
split_feature=33 14 12 30 0 7 5 1 0 12 1 27 33 32 0 18 14 30 38 1 7 15 16 4 6 15 24 22 14 0
split_gain=5.72186e+06 1.29099e+06 867885 350611 321690 292878 272064 242010 239944 234648 202393 182258 165504 161003 152499 151191 143254 140420 158633 126647 121543 247116 119677 115803 115408 110434 108908 102412 101535 101513
threshold=212.52000000000001 418.44000000000005 87.368645833333332 575.09500000000014 17.500000000000004 8.6788194444444482 43179.937500000007 3.5000000000000004 6.5000000000000009 40.351041666666674 1.0000000180025095e-35 24313.729166666672 340.74500000000006 140.27500000000003 5.5000000000000009 1.0000000180025095e-35 156.78250000000003 297.03000000000003 19.685000000000006 1.0000000180025095e-35 6.4288194444444455 351.38812500000012 6503.9519211710494 259.50000000000006 10.625770925110134 122.58145833333334 36.165000000000006 1.0000000180025095e-35 506.41500000000002 17.500000000000004
decision_type=10 10 10 10 2 2 2 2 2 8 2 10 10 10 2 2 10 10 10 2 2 10 10 2 2 10 10 2 10 2
left_child=2 5 4 7 9 6 29 8 -3 -1 14 28 19 24 -4 -11 25 -13 -19 -8 -9 -22 -6 -23 -12 -16 -26 -21 -10 -2
right_child=1 3 10 -5 22 -7 12 20 11 15 13 17 -14 -15 16 -17 -18 18 -20 27 21 23 -24 -25 26 -27 -28 -29 -30 -31
leaf_value=-0.51265868209837029 -0.15803253277227644 0.86584492180187533 -0.16119795453091576 2.6840888524259099 -0.018347309901229261 -0.28028475568018552 1.1826893489408876 1.0208665077358283 3.8230297851562498 -0.18896018457545657 0.053031204097116091 0.85085891594199858 1.4040457422732131 0.18287670785563778 0.43513461484686355 -0.43503720999867607 0.85079161236002165 3.4361706946758512 1.5879819309060528 0.57493738126364591 1.3987508205522465 0.075889406587396346 -0.41798887498592535 -1.9748622063795724 -0.60917897022040246 -0.68719953037597037 -0.12568064624486697 -0.47232669491192386 2.1465029842888605 0.6882879057308523
leaf_weight=5355 573 409 348 160 4415 418 309 744 40 7013 3556 222 253 2893 272 3308 615 46 466 2723 78 55 795 44 463 110 4364 86 220 163
leaf_count=5355 573 409 348 160 4415 418 309 744 40 7013 3556 222 253 2893 272 3308 615 46 466 2723 78 55 795 44 463 110 4364 86 220 163
internal_value=-0.00189897 0.777538 -0.16496 1.32697 -0.283643 0.475702 0.552694 1.23242 1.48073 -0.351515 0.0314502 1.73261 0.666755 -0.0100539 0.379155 -0.267865 0.567736 1.48684 1.7604 0.606499 0.852959 0.145406 -0.0793976 -0.84619 -0.0766487 0.110999 -0.172174 0.542718 2.41809 0.0300794
internal_weight=40516 7009 33507 2484 20886 4525 4107 2324 1403 15676 12621 994 3371 11276 1345 10321 997 734 512 3118 921 177 5210 99 8383 382 4827 2809 260 736
internal_count=40516 7009 33507 2484 20886 4525 4107 2324 1403 15676 12621 994 3371 11276 1345 10321 997 734 512 3118 921 177 5210 99 8383 382 4827 2809 260 736
is_linear=0
shrinkage=0.03


Tree=67
num_leaves=31
num_cat=0
split_feature=34 11 24 9 7 11 7 4 15 18 33 41 5 27 5 12 1 40 28 28 23 1 35 16 8 5 5 27 27 4
split_gain=5.54223e+06 1.32017e+06 739460 465708 321103 249871 185217 184959 180836 155514 150413 149537 142767 130987 130395 120780 123479 120237 125908 115488 108724 107972 107623 103161 101190 88971.1 88730.2 88068.7 376994 132557
threshold=240.06500000000003 118.22500000000001 465.20500000000004 52.045000000000009 8.1267361111111143 320.88000000000005 7.2413194444444464 244.50000000000003 258.53812500000009 1.0000000180025095e-35 162.95250000000001 1454.3448202590337 57402.125000000007 39252.597291666672 56831.250000000007 24.031145833333337 1.0000000180025095e-35 -38.044999999999987 25534.750000000004 45350.062500000007 2.5000000000000004 1.0000000180025095e-35 132.05875000000003 14622.300843884836 0.38125000000000003 72108.125000000015 57001.187500000007 26213.354166666668 25684.145833333339 222.50000000000003
decision_type=10 10 10 8 2 10 2 2 10 2 10 10 2 10 2 10 2 10 10 10 2 2 10 10 2 2 2 10 10 2
left_child=1 3 5 11 9 12 21 17 -7 10 -3 15 22 27 -6 -1 -17 -4 -19 -14 -12 -5 -2 -16 -22 -15 -8 28 -10 -29
right_child=2 4 7 6 14 8 26 -9 13 -11 20 -13 19 25 23 16 -18 18 -20 -21 24 -23 -24 -25 -26 -27 -28 29 -30 -31
leaf_value=-0.60007329033323376 0.50534207033483614 0.14521350518294249 3.8015269303321837 0.17894667908711276 -0.55681625400647594 3.0256869389216101 -0.47500434206964587 1.2501781656973214 1.3308806496707315 0.027912778294932199 0.37992076100464911 -0.072840301079143369 1.0261252655715136 0.15602472720385499 0.22035142130805233 -0.067348999151953304 -0.41415916516556978 2.3559300608932969 1.1436072364393268 0.28511959416419269 0.40497253797543192 -0.10719103827892779 -0.41855517168214001 -0.90149117971575532 1.1227520092044558 1.3088855249858622 -0.12883989722350889 1.0837475209812963 -0.86432222489830712 2.0294618398295947
leaf_weight=2522 1082 2177 40 1310 626 44 1784 293 393 1849 2999 1245 927 197 518 1111 5500 325 105 239 330 12543 126 85 384 86 1065 309 85 241
leaf_count=2522 1082 2177 40 1310 626 44 1784 293 393 1849 2999 1245 927 197 518 1111 5500 325 105 239 330 12543 126 85 384 86 1065 309 85 241
internal_value=0.00478666 -0.119045 0.998335 -0.22352 0.19642 0.823821 -0.12544 1.84905 1.149 0.267956 0.343294 -0.38134 0.637811 1.08376 -0.253894 -0.423381 -0.355896 2.21893 2.06324 0.874613 0.459361 -0.0801216 0.408709 0.0609837 0.792036 0.509739 -0.345693 1.24113 0.939531 1.50107
internal_weight=40540 36048 4492 27080 8968 3729 16702 763 1355 7739 5890 10378 2374 1311 1229 9133 6611 470 430 1166 3713 13853 1208 603 714 283 2849 1028 478 550
internal_count=40540 36048 4492 27080 8968 3729 16702 763 1355 7739 5890 10378 2374 1311 1229 9133 6611 470 430 1166 3713 13853 1208 603 714 283 2849 1028 478 550
is_linear=0
shrinkage=0.03


Tree=68
num_leaves=31
num_cat=0
split_feature=10 11 14 9 33 7 1 5 36 7 1 7 41 37 12 1 33 31 11 5 7 2 13 1 8 14 5 27 11 6
split_gain=4.88358e+06 921109 881627 398984 310806 303596 264790 200564 190568 184643 150147 145278 139047 137411 130608 140835 125875 121708 112688 112513 108746 109586 180441 107208 104007 96996.2 95826.2 89785.1 89028.8 84598.4
threshold=202.95750000000004 110.87000000000002 418.44000000000005 59.966250000000009 495.0800000000001 8.175347222222225 1.5000000000000002 40906.250000000007 -12.460000000000003 10.071180555555559 1.5000000000000002 7.3072916666666687 3384.6386430721254 174.05500000000004 24.694791666666671 1.0000000180025095e-35 340.74500000000006 275.28500000000003 200.00500000000002 46103.687500000007 5.7031250000000018 9.5000000000000018 185.19000000000003 1.0000000180025095e-35 168.18125000000003 258.29125000000005 56831.250000000007 26213.354166666668 353.44500000000005 18.083700440528641
decision_type=10 10 10 10 10 2 2 2 10 2 2 2 10 10 8 2 10 10 10 2 2 2 10 2 2 10 2 10 10 2
left_child=1 3 7 12 8 10 19 27 -4 13 18 -5 14 16 -1 -16 23 -8 -3 -6 28 -22 -23 -9 -17 -12 -7 -2 -10 -19
right_child=2 5 4 11 6 26 17 9 20 -11 25 -13 -14 -15 15 24 -18 29 -20 -21 21 22 -24 -25 -26 -27 -28 -29 -30 -31
leaf_value=-0.56305859783940027 -1.0953104335311297 0.26829615511116461 2.9414079224268597 -0.080715435017396656 1.7435741764131714 -0.55957024968287961 -0.12009769098060885 1.0615840089595914 0.88712536051420976 -0.54280209280030667 0.04182145757176408 -0.34837352209425543 0.01127810815798428 -0.99570803944100716 -0.03929843117394502 -0.26529974926977828 1.2532777243075164 0.99002859966113022 0.73032645050491307 3.5803432708978651 0.84171125654141543 -1.7954373964667318 0.61796852809477998 0.50763632072417941 -0.4990112838304539 0.44329244311682986 -0.0200873766157985 0.068262507934462355 1.4326712866058182 1.8318231772959426
leaf_weight=2830 73 2173 44 11808 50 665 40 362 647 128 4239 2158 848 46 1294 3482 275 155 608 89 358 41 82 2412 3383 620 534 308 472 384
leaf_count=2830 73 2173 44 11808 50 665 40 362 647 128 4239 2158 848 46 1294 3482 275 155 608 89 358 41 82 2412 3383 620 534 308 472 384
internal_value=-0.00364058 -0.140176 0.78905 -0.230714 1.23947 0.124121 1.76068 0.493594 1.0109 0.570523 0.193777 -0.122095 -0.358847 0.616727 -0.387407 -0.32642 0.641372 1.47375 0.369534 2.93681 0.956008 0.576882 -0.194492 0.580282 -0.380526 0.0931291 -0.319517 -0.156963 1.11831 1.59203
internal_weight=40608 34642 5966 25803 2362 8839 718 3604 1644 3223 7640 13966 11837 3095 10989 8159 3049 579 2781 139 1600 481 123 2774 6865 4859 1199 381 1119 539
internal_count=40608 34642 5966 25803 2362 8839 718 3604 1644 3223 7640 13966 11837 3095 10989 8159 3049 579 2781 139 1600 481 123 2774 6865 4859 1199 381 1119 539
is_linear=0
shrinkage=0.03


Tree=69
num_leaves=31
num_cat=0
split_feature=10 34 24 16 32 1 8 6 5 7 7 28 1 13 27 7 28 30 32 14 14 13 1 28 1 32 30 7 12 5
split_gain=4.6265e+06 904854 884457 356418 317747 253815 224038 208584 194184 196565 183515 168915 159522 158192 169534 154670 140360 134390 127309 123898 128132 118223 104294 102703 94701.3 94375.8 91712.7 90504.9 89252.4 89084.1
threshold=202.95750000000004 116.00500000000001 446.81000000000006 5688.1073892065997 43.345000000000006 1.5000000000000002 0.11250000000000002 1.8931718061674008 49400.625000000007 8.5017361111111125 6.8489583333333348 26366.375000000004 1.0000000180025095e-35 272.55000000000007 26213.354166666668 5.9322916666666687 31164.625000000004 575.09500000000014 26.745000000000001 506.41500000000002 418.44000000000005 0.85125000000000017 1.0000000180025095e-35 37443.157500000008 3.5000000000000004 245.08500000000001 450.58500000000009 7.2413194444444464 109.83458333333334 56831.250000000007
decision_type=10 10 8 10 10 2 2 2 2 2 2 10 2 10 10 2 10 10 10 10 10 8 2 10 2 10 10 2 10 2
left_child=1 4 5 8 12 6 -2 -4 9 18 17 -8 28 14 19 -6 -10 24 -3 20 -7 -14 -18 -11 -9 -16 -15 -13 -1 -27
right_child=2 3 7 -5 15 13 11 10 16 23 -12 27 21 26 25 -17 22 -19 -20 -21 -22 -23 -24 -25 -26 29 -28 -29 -30 -31
leaf_value=-0.19516795898537312 0.56137986812155471 -0.53206517454425917 3.6949094781210254 -0.29182142005733736 -0.09561531067510011 -0.64587440929570039 2.2953106792162585 1.7325669022506436 0.81395690760229311 -0.15610957267719344 0.0058839140696959058 1.3828562913528537 -0.62014636607235485 0.79179257466376185 0.38408467521727896 -0.30644664899484958 0.6048880715004572 2.5540415440534168 0.088104713102088381 -1.5658849407434463 1.1680845736202441 -0.3520631719631101 0.17297364529160375 -1.4010302429890813 0.95319033911725348 0.37272587686263281 1.9247822626431783 0.39243153725499691 1.043315345003373 1.1006214086402826
leaf_weight=1752 502 319 42 2057 9366 90 150 452 384 110 65 315 2843 661 2323 4705 564 129 4315 59 56 3101 4618 130 210 260 71 114 53 366
leaf_count=1752 502 319 42 2057 9366 90 150 452 384 110 65 315 2843 661 2323 4705 564 129 4315 59 56 3101 4618 130 210 260 71 114 53 366
internal_value=-0.00144115 -0.134527 0.777152 0.0690245 -0.251105 0.620271 1.02687 1.64324 0.140143 0.00187404 1.53838 1.4288 -0.405366 0.506927 0.414477 -0.166129 0.2612 1.66414 0.0453072 -0.418189 0.0531037 -0.480369 0.22009 -0.833457 1.48714 0.472482 0.904162 1.12119 -0.158245 0.799377
internal_weight=40182 34317 5865 12497 21820 4967 1081 898 10440 4874 856 579 7749 3886 3154 14071 5566 791 4634 205 146 5944 5182 240 662 2949 732 429 1805 626
internal_count=40182 34317 5865 12497 21820 4967 1081 898 10440 4874 856 579 7749 3886 3154 14071 5566 791 4634 205 146 5944 5182 240 662 2949 732 429 1805 626
is_linear=0
shrinkage=0.03


Tree=70
num_leaves=31
num_cat=0
split_feature=12 30 24 38 7 27 8 1 38 18 4 11 5 14 7 8 5 41 0 0 1 0 15 0 1 11 1 12 27 12
split_gain=4.45821e+06 1.06243e+06 642425 324549 246792 239872 183300 173600 198801 161354 158749 152184 146762 145746 134149 119129 117085 110339 117254 99715.5 99168.1 98613.9 95524.5 91925 91010.5 90863.9 87043.6 82508.5 98236.9 81377.8
threshold=171.40208333333337 297.03000000000003 68.985000000000014 343.89000000000004 5.5121527777777795 24313.729166666672 228.15625000000003 1.5000000000000002 17.815000000000005 1.0000000180025095e-35 244.50000000000003 125.13500000000001 49602.687500000007 115.59000000000002 10.206597222222223 290.38750000000005 38017.687500000007 1975.8263073556775 5.5000000000000009 13.500000000000002 1.0000000180025095e-35 4.5000000000000009 373.12250000000006 17.500000000000004 4.5000000000000009 272.52000000000004 3.5000000000000004 246.2154166666667 30324.104166666672 343.15729166666671
decision_type=10 10 10 10 2 10 2 2 10 2 2 8 2 10 2 2 2 8 2 2 2 2 10 2 2 10 2 10 10 10
left_child=2 5 6 7 11 29 13 8 -3 17 -5 -4 15 19 20 -7 -9 -6 -19 -1 22 -10 25 -11 -17 -14 -13 -22 -29 -2
right_child=1 3 4 10 9 12 -8 16 21 23 -12 26 14 -15 -16 24 -18 18 -20 -21 27 -23 -24 -25 -26 -27 -28 28 -30 -31
leaf_value=-0.3453426536251345 0.73883093317349746 3.1706750633842069 0.0074559498459155788 2.1997325928191671 -0.31763714801965093 0.33554311473047782 -0.4298627823978961 0.09759533946173532 0.10734979162956106 -0.52744872688132671 1.0794273148921498 0.4212181964811838 0.80470930171233634 0.015094851820353836 -0.44081188546493649 0.24110023997869576 0.93472413306201907 -0.32602978859330389 0.054072172405645755 -0.089522534059952322 0.37944774281936761 1.4576910396023268 -0.033407942787293463 -0.13318840511555974 -0.52225762369397732 1.9072789019884682 0.028090723630879562 1.3821061290826713 0.57824283883548089 2.2668165639626636
leaf_weight=5135 53 56 7127 365 1305 1427 5757 174 57 1311 170 1510 161 1969 125 255 1118 876 4369 1872 1775 339 61 897 311 118 763 170 705 81
leaf_count=5135 53 56 7127 365 1305 1427 5757 174 57 1311 170 1510 161 1969 125 255 1118 876 4369 1872 1775 339 61 897 311 118 763 170 705 81
internal_value=0.000133843 0.659026 -0.150547 1.19969 -0.0311149 0.423785 -0.297731 1.00035 1.50678 -0.145688 1.84643 0.0756375 0.390708 -0.212946 0.519318 0.189535 0.822147 -0.0709001 -0.00946106 -0.27702 0.559591 1.26408 1.04181 -0.367413 -0.178523 1.27618 0.289324 0.497351 0.735821 1.67241
internal_weight=40412 7521 32891 2279 18158 5242 14733 1744 452 8758 535 9400 5108 8976 3115 1993 1292 6550 5245 7007 2990 396 340 2208 566 279 2273 2650 875 134
internal_count=40412 7521 32891 2279 18158 5242 14733 1744 452 8758 535 9400 5108 8976 3115 1993 1292 6550 5245 7007 2990 396 340 2208 566 279 2273 2650 875 134
is_linear=0
shrinkage=0.03


Tree=71
num_leaves=31
num_cat=0
split_feature=33 14 12 24 0 18 4 5 1 1 37 16 1 0 40 10 12 34 16 11 28 5 0 34 14 31 30 10 33 13
split_gain=4.17382e+06 988998 711001 361278 273151 207369 188558 215724 180275 154113 151012 149043 142282 132314 125416 141023 124583 122244 121570 121032 115012 175967 99502.6 96389.1 85639 76216.7 72407.2 154384 72196.2 69952.9
threshold=216.00500000000002 418.44000000000005 87.368645833333332 465.20500000000004 16.500000000000004 1.0000000180025095e-35 352.50000000000006 40343.750000000007 1.0000000180025095e-35 2.5000000000000004 -6.6900000000000075 3465.2187251721621 1.0000000180025095e-35 5.5000000000000009 -41.922499999999992 427.30000000000007 302.37062500000008 142.93500000000003 7522.3623440310776 82.953750000000028 23250.062500000004 40456.250000000007 6.5000000000000009 450.00000000000006 155.64000000000001 220.69500000000002 347.15000000000003 465.51500000000004 130.92125000000001 22.405000000000005
decision_type=10 10 10 10 2 2 2 2 2 2 10 10 2 2 10 10 10 10 10 10 10 2 2 10 10 10 10 10 10 8
left_child=2 6 4 10 5 11 7 -2 13 14 -3 19 -9 -4 -5 -16 -14 -10 28 -1 21 -12 -7 -11 -15 -18 27 -22 -6 -24
right_child=1 3 8 9 18 22 -8 12 17 23 20 -13 16 24 15 -17 25 -19 -20 -21 26 -23 29 -25 -26 -27 -28 -29 -30 -31
leaf_value=-0.23284197299867174 -0.17628939254044673 2.680020362027856 -0.13754299917169238 3.7495132110758527 -0.092662030476134971 -0.31089905073654456 -0.46544498470677453 1.111498489251689 -0.074369497404094848 0.20338533991859073 0.68678473537251095 -0.42314025842084274 0.41311504177768765 0.16679518647386399 1.2071405037345675 2.5018471462069622 -0.085889575306962174 0.1265278680335663 -0.43950887019212148 0.051407083502554102 0.72889740303308292 3.1308698295593258 -0.68738856543392846 1.4955791282927595 0.74851364922375407 1.3414058653461305 1.0399845492077602 -0.92788490576876537 0.15254012043999723 -0.36640775103216061
leaf_weight=5411 440 42 344 40 3826 2013 212 339 7109 62 58 2707 3039 352 136 180 40 4420 716 1795 846 49 1954 331 648 208 694 53 1505 895
leaf_count=5411 440 42 344 40 3826 2013 212 339 7109 62 58 2707 3039 352 136 180 40 4420 716 1795 846 49 1954 331 648 208 694 53 1505 895
internal_value=0.00230349 0.682036 -0.134264 1.15716 -0.242616 -0.312126 0.405171 0.450668 0.0409992 1.70838 0.919314 -0.233375 0.526775 0.369674 2.1623 1.9502 0.46615 0.00265504 -0.0727546 -0.162039 0.874264 1.82466 -0.472609 1.29276 0.54412 1.11178 0.809322 0.6303 -0.0234231 -0.586718
internal_weight=40464 6769 33695 2491 20822 14775 4278 4066 12873 749 1742 9913 3626 1344 356 316 3287 11529 6047 7206 1700 107 4862 393 1000 248 1593 899 5331 2849
internal_count=40464 6769 33695 2491 20822 14775 4278 4066 12873 749 1742 9913 3626 1344 356 316 3287 11529 6047 7206 1700 107 4862 393 1000 248 1593 899 5331 2849
is_linear=0
shrinkage=0.03


Tree=72
num_leaves=31
num_cat=0
split_feature=33 14 11 9 1 33 33 7 38 7 25 7 4 1 0 27 34 18 24 25 2 6 1 10 14 1 26 6 27 13
split_gain=4.11719e+06 773105 767364 287679 268694 419977 260459 239170 212381 183926 149470 142565 132850 129727 135281 144905 126787 104602 95581.8 95550.8 94978.8 88126.8 81192.8 79506.1 79012.3 83102 78683.2 77357.8 75906.7 73155.1
threshold=229.99500000000003 418.44000000000005 103.92625000000001 44.165000000000006 1.5000000000000002 280.01000000000005 495.0800000000001 8.175347222222225 305.72500000000008 8.6788194444444482 458.07729166666678 7.3072916666666687 244.50000000000003 3.5000000000000004 17.500000000000004 28238.06307291667 169.97500000000002 1.0000000180025095e-35 -1.0000000180025095e-35 245.21250000000003 3.5000000000000004 7.150660792951542 1.0000000180025095e-35 311.00500000000005 97.020000000000024 1.0000000180025095e-35 26121.438750000005 10.695154185022028 27049.395833333336 315.09000000000009
decision_type=10 10 10 8 2 10 10 2 10 2 10 2 2 2 2 10 10 2 8 10 2 2 2 10 10 2 10 2 10 10
left_child=2 9 3 18 5 -3 10 16 20 13 -7 22 26 19 15 -15 17 28 -1 -2 -6 -13 -5 -16 -20 -26 -10 -9 -4 -14
right_child=1 4 7 11 8 6 -8 27 12 -11 -12 21 29 14 23 -17 -18 -19 24 -21 -22 -23 -24 -25 25 -27 -28 -29 -30 -31
leaf_value=-0.61701074267292266 0.51474304738083765 4.5240110160029214 0.8405540842414998 0.12566203698055944 -0.4723798707909882 1.3941382541482041 2.6263839960098267 -0.062473965890864742 1.8965181287569282 -0.26484315515117773 0.10966721447926123 -0.029426268989444195 1.2234108791917058 -0.65655579771174766 0.50752800808150267 0.27936218608751223 0.32501971865142554 -0.15384657522890396 -0.39023304940273318 1.0005026090491242 0.75778851239084943 -0.43654305640874969 -0.12371931998353386 1.4220776700651323 0.15720937531099693 -0.26770310244523632 0.70203647603754138 -0.50889788811060988 0.12179370181032151 0.20594952871303748
leaf_weight=1097 946 42 135 1303 59 409 134 748 338 302 102 627 176 182 384 798 2631 1378 4754 597 1065 2022 11891 110 512 2156 60 655 4830 100
leaf_count=1097 946 42 135 1303 59 409 134 748 338 302 102 627 176 182 384 798 2631 1378 4754 597 1065 2022 11891 110 512 2156 60 655 4830 100
internal_value=0.000564602 0.740114 -0.123013 -0.215032 1.1402 1.64533 1.45117 0.0930206 0.946386 0.440309 1.13846 -0.139423 1.36754 0.510958 0.309362 0.105057 0.149972 0.0773244 -0.355613 0.703214 0.692853 -0.340229 -0.0990835 0.713634 -0.3169 -0.186132 1.71866 -0.271104 0.141502 0.85684
internal_weight=40543 5804 34739 24362 2485 687 645 10377 1798 3319 511 15843 674 3017 1474 980 8974 6343 8519 1543 1124 2649 13194 494 7422 2668 398 1403 4965 276
internal_count=40543 5804 34739 24362 2485 687 645 10377 1798 3319 511 15843 674 3017 1474 980 8974 6343 8519 1543 1124 2649 13194 494 7422 2668 398 1403 4965 276
is_linear=0
shrinkage=0.03


Tree=73
num_leaves=31
num_cat=0
split_feature=34 34 24 16 9 1 0 6 28 30 1 0 5 5 5 28 28 16 1 32 32 0 5 18 0 4 34 41 6 29
split_gain=3.79909e+06 927528 577080 339630 269256 224803 186376 180410 196893 148759 155198 175406 147608 141314 136930 134714 130575 126887 133461 118607 115897 97020.4 89609 84857.6 84492.6 82500.5 82437 82172.6 79302.5 74477.1
threshold=240.06500000000003 116.00500000000001 465.20500000000004 5688.1073892065997 10.450000000000001 1.0000000180025095e-35 5.5000000000000009 2.6817180616740095 25782.687500000004 360.14000000000004 4.5000000000000009 17.500000000000004 42817.312500000007 51339.125000000007 51201.000000000007 28498.875000000004 22538.562500000004 3540.2709116272445 1.0000000180025095e-35 154.14875000000004 65.80625000000002 5.5000000000000009 49400.625000000007 1.0000000180025095e-35 20.500000000000004 240.50000000000003 435.61000000000007 682.97246577067574 6.2292951541850234 -32.086249999999993
decision_type=10 10 8 10 8 2 2 2 10 10 2 2 2 2 2 10 10 10 2 10 10 2 2 2 2 2 10 10 2 10
left_child=1 4 9 5 23 6 -3 -4 12 10 15 14 25 19 -12 22 -14 18 21 -7 -20 -6 -2 -1 -8 -9 -10 -5 -17 -25
right_child=2 3 7 27 17 13 24 8 26 -11 11 -13 16 -15 -16 28 -18 -19 20 -21 -22 -23 -24 29 -26 -27 -28 -29 -30 -31
leaf_value=-0.35371396001693778 0.83231478622963806 -0.10454309449670426 3.1234599804109142 -0.42198932778201692 -0.24125783361265846 -0.10898187860988091 0.84447790097109032 1.5536820527252764 -0.50475729968236838 1.0267857837701215 -0.35949968563374313 0.9486149500763934 3.2522767730381177 0.22252426209942441 0.51905162608907141 0.81923899292945856 1.7771761889816136 -0.35157616611820203 -0.28889159327514935 0.17407088755581659 -0.10630815352730835 0.20292950772261756 1.5983240934202865 -1.6055110999144298 0.2033886675974354 0.14714348174193326 0.9462137363522084 -0.041092980673288163 0.36116254782707419 -0.60207638478979564
leaf_weight=2357 481 340 61 1219 618 3428 830 85 45 799 403 229 68 4819 263 560 295 3116 5130 2178 8024 1552 195 70 239 67 153 876 872 1189
leaf_count=2357 481 340 61 1219 618 3428 830 85 45 799 403 229 68 4819 263 560 295 3116 5130 2178 8024 1552 195 70 239 67 153 876 872 1189
internal_value=0.00106489 -0.102478 0.815155 0.0891765 -0.223512 0.151508 0.507039 1.56158 1.42377 0.662829 0.565682 0.234345 1.7327 0.103412 -0.0123062 0.706181 2.06168 -0.177077 -0.141574 0.000999037 -0.177531 0.0763754 1.05531 -0.460193 0.701471 0.938709 0.615568 -0.262818 0.540745 -0.659097
internal_weight=40561 35985 4576 13929 22056 11834 1409 774 713 3802 3003 895 515 10425 666 2108 363 18440 15324 5606 13154 2170 676 3616 1069 152 198 2095 1432 1259
internal_count=40561 35985 4576 13929 22056 11834 1409 774 713 3802 3003 895 515 10425 666 2108 363 18440 15324 5606 13154 2170 676 3616 1069 152 198 2095 1432 1259
is_linear=0
shrinkage=0.03


Tree=74
num_leaves=31
num_cat=0
split_feature=34 11 24 41 14 7 11 1 8 18 1 4 15 0 10 8 4 39 9 5 7 5 12 4 14 7 14 0 5 11
split_gain=3.60519e+06 909645 482110 346491 243861 233897 163144 153522 159682 141358 141070 155396 138902 133571 132217 125079 118175 134512 114168 111117 109232 108077 115588 156017 99215.5 97837.6 88560.2 88395.2 88046.3 86913.2
threshold=244.01000000000002 122.03500000000001 465.20500000000004 -9174.5006458352364 96.010000000000005 8.0260416666666696 320.88000000000005 1.0000000180025095e-35 256.90625000000006 1.0000000180025095e-35 2.5000000000000004 205.50000000000003 258.53812500000009 16.500000000000004 427.30000000000007 0.11250000000000002 350.50000000000006 -101.08499999999999 -23.451249999999998 49706.250000000007 5.7031250000000018 50050.312500000007 364.06333333333345 182.50000000000003 196.57500000000002 8.8177083333333375 735.36000000000001 16.500000000000004 56831.250000000007 160.60500000000005
decision_type=10 10 10 8 10 2 10 2 2 2 2 2 10 2 10 2 2 10 10 2 2 2 10 2 10 2 10 2 2 10
left_child=1 3 6 18 13 9 21 24 25 16 11 -4 -8 19 -13 -16 17 -3 -1 -5 -14 22 23 -2 -6 -9 -12 -10 -7 -19
right_child=2 5 10 4 7 28 12 8 27 -11 26 14 20 -15 15 -17 -18 29 -20 -21 -22 -23 -24 -25 -26 -27 -28 -29 -30 -31
leaf_value=-1.936165940389037 0.51335202910140532 0.96757627921997469 3.4552929216060999 -0.45656155401837673 0.13343842730168839 -0.46256981285779575 2.5733227246602373 -0.023780769140148011 -0.33622592769088422 0.0096199023955603254 0.80735856750836732 0.91118629404476703 1.1209378401439074 -0.094480675637639233 0.9045029171155049 2.6780173772167073 -0.58149946738814196 0.16559115979567962 -0.48616770589114988 -0.1999295208684542 0.57689144547133664 0.66760477892470316 0.81542999768655178 -0.4813539217212765 1.0934141749389541 -0.43450447645166823 1.7984759444705511 0.013833553597225398 0.054435190871377423 0.41498277515658505
leaf_weight=49 276 288 52 3567 1645 614 44 9912 3268 1795 272 125 732 2699 51 131 128 2304 2442 2648 615 1453 218 290 102 550 117 810 572 2774
leaf_count=49 276 288 52 3567 1645 614 44 9912 3268 1795 272 125 732 2699 51 131 128 2304 2442 2648 615 1453 218 290 102 550 117 810 572 2774
internal_value=0.00365411 -0.0947568 0.816841 -0.177988 -0.144612 0.177191 0.673522 -0.0755644 -0.107493 0.240762 1.51015 1.9402 0.928744 -0.270748 1.67319 2.1887 0.316266 0.337785 -0.515456 -0.347269 0.873155 0.514478 0.230196 0.00374695 0.190081 -0.0454125 1.10931 -0.266708 -0.213386 0.301883
internal_weight=40543 36167 4376 27692 25201 8475 3628 16287 14540 7289 748 359 1391 8914 307 182 5494 5366 2491 6215 1347 2237 784 566 1747 10462 389 4078 1186 5078
internal_count=40543 36167 4376 27692 25201 8475 3628 16287 14540 7289 748 359 1391 8914 307 182 5494 5366 2491 6215 1347 2237 784 566 1747 10462 389 4078 1186 5078
is_linear=0
shrinkage=0.03


Tree=75
num_leaves=31
num_cat=0
split_feature=10 32 31 1 6 28 32 0 14 18 38 6 16 12 25 1 0 0 12 4 33 41 23 33 15 10 1 12 9 25
split_gain=3.41734e+06 661394 655974 345408 286431 258838 196026 185346 178302 176409 168014 138457 131402 131054 130088 108981 112781 107780 107052 97079.6 91839 94707.3 90343.8 93119.5 85789.4 84966.6 83384 82867.1 92061.9 156475
threshold=202.95750000000004 86.085000000000022 404.31000000000006 4.5000000000000009 8.9114537444933948 26366.375000000004 156.82500000000002 5.5000000000000009 147.17500000000004 1.0000000180025095e-35 498.86000000000007 1.0000000180025095e-35 2932.6888682360218 302.37062500000008 351.38812500000012 1.0000000180025095e-35 5.5000000000000009 16.500000000000004 302.37062500000008 359.50000000000006 126.73375000000001 10921.775007773575 2.5000000000000004 157.43125000000003 315.7247916666667 -2.4362499999999998 2.5000000000000004 458.07729166666678 311.00500000000005 396.69062500000013
decision_type=10 10 10 2 2 10 10 2 10 2 10 2 10 10 10 2 2 2 10 2 10 8 2 10 10 10 2 10 10 10
left_child=1 4 3 5 20 7 14 -2 17 12 26 -7 19 15 -5 16 -10 -3 -8 22 -1 -22 -6 -24 -20 -11 -4 28 29 -13
right_child=2 8 10 6 9 11 18 -9 13 25 -12 27 -14 -15 -16 -17 -18 -19 24 -21 21 -23 23 -25 -26 -27 -28 -29 -30 -31
leaf_value=-0.11797628532399422 0.47976883122410913 -0.15810074922928161 1.6573174154250347 -0.041547167886040993 -0.21265554283506719 2.1083328690551792 0.27174318449672963 1.5605759406515529 -0.081299046206093115 -1.7180389857664704 2.5772678436577321 0.51518157877532733 -0.40220379789935362 1.1990936486510668 -1.1623755170158716 0.076650398995837782 0.67457507045368437 0.061259486599333147 1.3674692792594432 -1.1397041448314538 -0.086124070423803864 0.42502697853245835 -0.0086604029025539337 0.99820699126556001 -0.07705181618126071 -0.44729828507496106 1.0202873043445568 -0.40371351734355643 0.90517793346570863 -1.2953292384201829
leaf_weight=3667 207 4975 304 492 4510 51 827 468 257 47 99 1953 2810 101 114 6767 573 3388 159 88 638 666 1660 86 48 4449 495 80 581 43
leaf_count=3667 207 4975 304 492 4510 51 827 468 257 47 99 1953 2810 101 114 6767 573 3388 159 88 638 666 1660 86 48 4449 495 80 581 43
internal_value=-0.000680111 -0.114404 0.665359 0.531645 -0.236069 0.704822 0.174203 1.23033 0.0266597 -0.307069 1.41187 0.573428 -0.231443 0.130836 -0.253964 0.116478 0.440711 -0.0692373 0.425143 -0.155755 -0.0410855 0.175065 -0.141734 0.0414763 1.03375 -0.460961 1.26443 0.543184 0.572725 0.475548
internal_weight=40603 34682 5921 5023 18621 3383 1640 675 16061 13650 898 2708 9154 7698 606 7597 830 8363 1034 6344 4971 1304 6256 1746 207 4496 799 2657 2577 1996
internal_count=40603 34682 5921 5023 18621 3383 1640 675 16061 13650 898 2708 9154 7698 606 7597 830 8363 1034 6344 4971 1304 6256 1746 207 4496 799 2657 2577 1996
is_linear=0
shrinkage=0.03


Tree=76
num_leaves=31
num_cat=0
split_feature=10 34 11 15 16 6 32 5 1 29 5 28 26 12 6 28 28 15 4 4 12 37 2 15 6 41 16 9 32 1
split_gain=3.22898e+06 606287 577154 330194 276236 254118 222490 162518 146623 140863 139922 136874 117048 104591 101552 100235 93703.5 141392 92275.3 91141.9 85308.1 125352 94155.8 85102.4 84235.7 82001.4 81925.5 79529.2 79043.1 79522.5
threshold=202.95750000000004 115.36500000000002 320.88000000000005 258.53812500000009 5562.0051106596266 23.076431718061677 44.405000000000008 49400.625000000007 1.0000000180025095e-35 411.98000000000008 51081.250000000007 23250.062500000004 45652.027500000004 109.83458333333334 9.2825991189427342 32697.312500000004 33362.750000000007 171.18250000000003 223.50000000000003 216.50000000000003 364.06333333333345 68.600000000000037 6.5000000000000009 284.98812500000003 10.766299559471367 -4935.5664279363582 7606.8362213053178 -23.451249999999998 256.38000000000005 1.0000000180025095e-35
decision_type=10 10 10 10 10 2 10 2 2 10 2 10 10 10 2 10 10 10 2 2 10 10 2 10 2 10 10 10 10 2
left_child=1 6 10 -4 7 9 8 16 13 -5 20 -7 23 -1 -10 -9 -3 -18 19 -13 21 22 -2 28 -19 -6 -8 -16 29 -12
right_child=2 4 3 5 25 11 26 15 14 -11 12 18 -14 -15 27 -17 17 24 -20 -21 -22 -23 -24 -25 -26 -27 -28 -29 -30 -31
leaf_value=-0.13578274987589958 0.45156590968020199 0.20125029677910136 3.2992254314924541 0.60037234104564796 -0.52210810620844239 2.5804176581256533 -0.1119505756811123 0.63846958897947903 -0.17587955914541473 1.1835992190079114 1.3421216709613801 1.3047544191821967 0.15505649034529925 1.158565916850649 -1.5109267435257252 0.19218703079260241 -0.034499020970571781 0.086225574761629092 2.0764817848290713 -0.07148389009492738 0.75987557798425354 -0.7886301905698464 -0.064634725609746257 0.18776334559300031 -1.1398114650890316 -0.12504241136247174 -0.43212933873131126 -0.45255641145662051 1.1717907464798991 0.561991140406497
leaf_weight=1802 701 1436 56 1067 683 101 13162 496 1400 576 134 201 449 57 64 5143 3326 71 104 55 224 121 581 250 172 1486 760 4597 363 956
leaf_count=1802 701 1436 56 1067 683 101 13162 496 1400 576 134 201 449 57 64 5143 3326 71 104 55 224 121 581 250 172 1486 760 4597 363 956
internal_value=0.00518121 -0.105587 0.651443 1.04256 0.0582417 0.980962 -0.201691 0.121124 -0.328632 0.805435 0.427669 1.60344 0.586367 -0.0954943 -0.400111 0.231548 -0.00330817 -0.0856463 1.32296 1.00995 0.217531 0.130462 0.217757 0.699925 -0.782701 -0.250258 -0.129459 -0.46741 0.787857 0.659039
internal_weight=40594 34655 5939 2160 12813 2104 21842 10644 7920 1643 3779 461 2152 1859 6061 5639 5005 3569 360 256 1627 1403 1282 1703 243 2169 13922 4661 1453 1090
internal_count=40594 34655 5939 2160 12813 2104 21842 10644 7920 1643 3779 461 2152 1859 6061 5639 5005 3569 360 256 1627 1403 1282 1703 243 2169 13922 4661 1453 1090
is_linear=0
shrinkage=0.03


Tree=77
num_leaves=31
num_cat=0
split_feature=14 11 32 7 5 32 7 5 30 25 7 26 15 4 5 41 34 33 33 25 25 4 26 7 15 16 8 39 5 16
split_gain=2.85157e+06 740749 475270 305553 230268 166199 145258 142694 127728 152309 125378 124873 127981 114788 112471 111725 111299 99499 98829.5 93209.1 96087 82703.6 102561 81854.1 85522.1 79935.7 77300.8 146077 91508.2 76412.6
threshold=241.82000000000002 353.44500000000005 92.597500000000011 6.4288194444444455 50802.187500000007 5.0025000000000004 5.4670138888888902 37581.250000000007 222.29000000000005 383.62437500000004 8.2864583333333375 22348.500000000004 302.37062500000008 240.50000000000003 37701.562500000007 3384.6386430721254 99.495000000000019 134.54500000000004 495.0800000000001 373.12250000000006 351.38812500000012 272.50000000000006 39805.053750000006 7.3072916666666687 157.86203125000003 7720.1267997382374 287.33125000000007 -65.428749999999994 48602.062500000007 3758.4772191242187
decision_type=10 10 10 2 2 8 2 2 10 10 2 10 10 2 2 8 10 10 10 10 10 2 10 2 10 10 2 8 2 10
left_child=2 8 4 7 5 -1 17 13 9 26 29 18 -13 -3 -8 -6 -17 -4 -9 20 -14 -5 -23 24 -10 -16 27 -2 -28 -7
right_child=1 3 6 21 15 10 14 11 23 -11 -12 12 19 -15 25 16 -18 -19 -20 -21 -22 22 -24 -25 -26 -27 28 -29 -30 -31
leaf_value=-0.48748891839297598 1.104983988382678 1.2122816958881559 0.0058523118356483758 0.67306855994009229 -0.29146793549376249 -0.15155683435447773 -0.48688779021570311 1.2886495111083112 0.056846261356817918 -1.413459014520049 -0.58100288393778665 2.7321862449645993 1.072086263371564 -0.62209637379646299 0.0023023577346972207 -0.11646078177678502 0.15276451943564837 0.22642801268919374 3.3070417544576856 1.39930372312504 -0.25807257912375708 -1.4564009007385799 0.3054603433400831 0.059636454985817322 0.64118960504009215 -0.34011982175626765 -0.46641650565881787 0.26579515416634969 0.2420054320721079 -0.37543754301871507
leaf_weight=2939 206 62 3912 288 1778 6978 584 40 253 49 832 54 192 59 4253 3894 2141 3475 53 783 65 41 101 311 2082 716 256 1919 453 1708
leaf_count=2939 206 62 3912 288 1778 6978 584 40 253 49 832 54 192 59 4253 3894 2141 3475 53 783 65 41 101 311 2082 716 256 1919 453 1708
internal_value=-0.00175849 0.536489 -0.11955 1.07658 -0.210224 -0.290298 0.0224915 1.30456 0.366552 0.228289 -0.229364 1.40456 1.31252 0.320065 -0.0934283 -0.0825332 -0.0209399 0.109632 2.46186 1.23625 0.735968 0.381682 -0.209873 0.517055 0.577927 -0.0470969 0.257164 0.347629 -0.0140825 -0.195618
internal_weight=40477 7267 33210 1738 20270 12457 12940 1308 5529 2883 9518 1187 1094 121 5553 7813 6035 7387 93 1040 257 430 142 2646 2335 4969 2834 2125 709 8686
internal_count=40477 7267 33210 1738 20270 12457 12940 1308 5529 2883 9518 1187 1094 121 5553 7813 6035 7387 93 1040 257 430 142 2646 2335 4969 2834 2125 709 8686
is_linear=0
shrinkage=0.03


Tree=78
num_leaves=31
num_cat=0
split_feature=33 14 14 0 27 5 16 5 5 36 17 4 28 11 18 25 8 28 30 4 5 14 38 4 23 37 14 33 25 4
split_gain=2.84814e+06 611018 446346 238924 198950 195754 183073 201361 172330 157319 137964 137509 135943 124022 117805 111594 107879 103710 96571.4 96485.2 88980 86960.2 90156.5 86479.4 83519.2 83126.3 80791 79461.8 77852.1 77235.4
threshold=210.39000000000001 418.44000000000005 117.40500000000002 16.500000000000004 24313.729166666672 42817.312500000007 6910.9069011364863 54305.500000000007 38901.812500000007 -18.714999999999996 4449.6181450000013 352.50000000000006 22538.562500000004 272.52000000000004 1.0000000180025095e-35 443.54708333333343 121.84375000000001 32499.125000000004 360.14000000000004 242.50000000000003 48006.250000000007 435.53000000000003 188.655 244.50000000000003 1.5000000000000002 111.355 89.798750000000013 151.73250000000004 311.9752083333334 222.50000000000003
decision_type=10 10 10 2 10 2 10 2 2 10 10 2 10 10 2 10 2 10 10 2 2 10 10 2 2 10 10 10 10 2
left_child=2 8 3 10 5 15 7 14 -2 -6 20 13 -7 25 17 -3 -16 -4 21 -17 26 22 -11 -14 -19 -10 -1 -9 -13 -20
right_child=1 4 6 -5 9 12 -8 27 11 18 -12 28 23 -15 16 19 -18 24 29 -21 -22 -23 -24 -25 -26 -27 -28 -29 -30 -31
leaf_value=-0.456537606048525 -0.31663891226951296 1.5656699661254883 0.2738264962932781 -0.04813305707610209 2.5741596929941859 2.8826471578482402 -0.32811048991460767 0.077564885738226272 0.37506299775683721 0.73918322499408273 -0.51686818004424784 -0.037462739517322236 1.764409162182925 0.74524463483485681 -0.054078062425455729 0.91700937530201554 -0.40984569562775025 -0.077335769585055114 0.53921909945432678 -0.4542711334548345 -0.14908897773543642 0.37604226410195063 2.2713546905734319 0.54268725861673772 0.2207211484020484 -0.34624879164806266 -0.22345520234045127 0.33136155008632034 -1.393902119064331 1.1730470302812896
leaf_weight=2508 335 99 1196 4805 41 82 1457 2448 3113 171 2142 160 240 869 1868 105 1301 5380 262 81 4307 806 43 68 1003 150 2877 2032 49 525
leaf_count=2508 335 99 1196 4805 41 82 1457 2448 3113 171 2142 160 240 869 1868 105 1301 5380 262 81 4307 806 43 68 1003 150 2877 2032 49 525
internal_value=0.000291522 0.541368 -0.11661 -0.226551 0.917569 1.35865 -0.00696578 0.0237806 0.338231 0.755812 -0.298984 0.38883 1.79521 0.426815 -0.0466518 0.757062 -0.200218 0.0175766 0.713154 0.320603 -0.250782 0.519633 1.05618 1.49731 -0.030473 0.341808 -0.332075 0.192728 -0.360603 0.962992
internal_weight=40523 7199 33324 16639 2523 675 16685 15228 4676 1848 11834 4341 390 4132 10748 285 3169 7579 1807 186 9692 1020 214 308 6383 3263 5385 4480 209 787
internal_count=40523 7199 33324 16639 2523 675 16685 15228 4676 1848 11834 4341 390 4132 10748 285 3169 7579 1807 186 9692 1020 214 308 6383 3263 5385 4480 209 787
is_linear=0
shrinkage=0.03


Tree=79
num_leaves=31
num_cat=0
split_feature=11 24 32 7 5 7 0 9 5 26 22 7 11 32 4 27 28 4 5 5 40 0 7 18 25 16 36 23 13 7
split_gain=2.76305e+06 660331 501111 310615 238081 202280 189955 180472 546799 203186 173257 129850 146993 127828 126689 122026 110334 104077 253021 102462 96798.9 96376.8 94918.2 91555.9 90187.1 81503.7 79097.1 76136.4 75311.4 72676.9
threshold=195.14000000000001 310.08500000000004 89.465000000000018 5.7656250000000018 53806.250000000007 5.8072916666666687 6.5000000000000009 278.64500000000004 51456.250000000007 25682.500000000004 1.0000000180025095e-35 7.5434027777777795 21.247500000000002 130.00500000000002 244.50000000000003 22750.937500000004 34045.45203125001 272.50000000000006 60156.250000000007 39206.250000000007 -55.677499999999981 16.500000000000004 9.4340277777777803 1.0000000180025095e-35 477.00062500000007 14622.300843884836 144.34500000000003 1.5000000000000002 281.36500000000007 7.1128472222222241
decision_type=10 8 10 2 2 2 2 10 2 10 2 2 10 10 2 10 8 2 2 2 10 2 2 2 10 10 10 2 10 2
left_child=2 10 4 6 11 13 -3 8 -8 14 29 12 -1 -4 15 -9 -6 21 -19 -7 -12 27 -21 26 -16 -18 -11 -5 -25 -2
right_child=1 3 5 17 16 19 7 9 -10 23 20 -13 -14 -15 24 -17 25 18 -20 22 -22 -23 -24 28 -26 -27 -28 -29 -30 -31
leaf_value=-0.38540820842129575 0.45958364147730368 0.52680873962847008 0.02199711657944696 0.71644626591165184 0.68484364459434433 -0.4765083693661803 0.78255868764594194 3.2694784112703998 5.2168824844700952 1.1502958132656096 0.83553297199854037 -0.47022617769410213 -0.15402456730161271 0.24489048137000119 1.5380105711485064 1.7568596914852455 -0.044797500809455139 -1.9375892940223218 0.45577841473100034 -0.02948339150644641 -0.78265188085799775 1.1137860856802908 -0.50166637488234211 -0.86491845439780846 -0.017188522262232643 -0.69742402242643109 -0.2259327470383993 -0.27577934212788291 0.82150562662344717 0.14874688118684726
leaf_weight=3672 2834 301 6305 176 181 668 63 58 41 553 40 2464 7559 3659 85 316 5315 49 193 3811 178 272 425 43 55 177 40 114 51 891
leaf_count=3672 2834 301 6305 176 181 668 63 58 41 553 40 2464 7559 3659 85 316 5315 49 193 3811 178 272 425 43 55 177 40 114 51 891
internal_value=0.00186978 0.576416 -0.10476 0.967558 -0.205317 0.0262377 1.20851 1.36523 2.56374 1.25939 0.337161 -0.273009 -0.229704 0.103865 1.71093 1.99953 -0.0418829 0.485343 -0.0348084 -0.131475 -0.483278 0.708988 -0.076965 0.919568 0.931251 -0.0659539 1.05724 0.326792 0.0490724 0.385293
internal_weight=40589 6353 34236 2410 19368 14868 1606 1305 104 1201 3943 13695 11231 9964 514 374 5673 804 242 4904 218 562 4236 687 140 5492 593 290 94 3725
internal_count=40589 6353 34236 2410 19368 14868 1606 1305 104 1201 3943 13695 11231 9964 514 374 5673 804 242 4904 218 562 4236 687 140 5492 593 290 94 3725
is_linear=0
shrinkage=0.03


Tree=80
num_leaves=31
num_cat=0
split_feature=34 34 11 15 32 16 14 1 0 8 1 1 6 18 0 13 15 1 13 14 38 15 18 14 35 15 6 32 0 12
split_gain=2.57594e+06 639244 314378 428146 215405 210733 191862 172549 174422 124301 113214 107926 106164 94341.9 108150 92841 121171 84920.8 164349 156530 103172 124699 83389.1 81555.5 81067.6 81001.7 72880 97357.2 71580.5 71519.6
threshold=240.06500000000003 122.00500000000001 320.88000000000005 258.53812500000009 62.517500000000005 5486.9170827744174 625.65500000000009 1.0000000180025095e-35 5.5000000000000009 0.11250000000000002 2.5000000000000004 1.0000000180025095e-35 9.2825991189427342 1.0000000180025095e-35 17.500000000000004 64.925000000000026 100.28041666666668 1.5000000000000002 272.55000000000007 506.41500000000002 65.405000000000015 477.00062500000007 1.0000000180025095e-35 294.89000000000004 216.90625000000003 458.07729166666678 6.7528634361233495 290.38000000000005 20.500000000000004 25.359479166666667
decision_type=10 10 10 10 10 10 10 2 2 2 2 2 2 2 2 10 10 2 10 10 10 10 2 10 10 10 2 10 2 10
left_child=1 4 24 -4 11 7 17 8 -3 -8 -11 29 -13 -9 15 16 -15 23 19 -19 -20 -22 -6 -5 26 -21 27 -2 -10 -1
right_child=2 5 3 6 22 -7 9 13 28 10 -12 12 -14 14 -16 -17 -18 18 20 25 21 -23 -24 -25 -26 -27 -28 -29 -30 -31
leaf_value=-0.29308238588938346 0.53903190831189685 -0.12376975744125053 3.7191482282901291 -0.083080638527870176 -0.039773340725773737 -0.21475413583326081 0.76975857090693789 0.16204447271655856 0.80334879746783128 2.2641699349988591 1.1892440612914401 -0.14623537837606787 -0.38666935975633576 -0.14449087555971785 0.23026078211781889 -0.030953533074655919 -1.0087377126213033 0.41744251751234901 -0.57768142143400703 -1.5689101393131109 1.1931060132188875 -0.12426464215501562 -0.2059445295597874 1.1510931362017784 -0.68657855438334592 0.13093663198607308 0.34052211923592468 1.3659971621174076 0.17427806411277164 0.040485438765684383
leaf_weight=974 738 337 48 54 8765 1748 220 6298 759 164 200 2248 6260 395 927 1528 231 324 40 64 426 76 3939 437 55 41 1484 155 208 1422
leaf_count=974 738 337 48 54 8765 1748 220 6298 759 164 200 2248 6260 395 927 1528 231 324 40 64 426 76 3939 437 55 41 1484 155 208 1422
internal_value=0.00113314 -0.0835927 0.675646 0.945099 -0.175274 0.090521 0.878234 0.140487 0.463705 1.33802 1.67843 -0.273083 -0.323166 0.0955039 -0.0405229 -0.157111 -0.464506 0.693781 0.530239 0.0911372 0.876985 0.993813 -0.0913085 1.01547 0.443349 -0.910187 0.469771 0.683938 0.668357 -0.0951792
internal_weight=40565 36039 4526 2094 23608 12431 2046 10683 1304 584 364 10904 8508 9379 3081 2154 626 1462 971 429 542 502 12704 491 2432 105 2377 893 967 2396
internal_count=40565 36039 4526 2094 23608 12431 2046 10683 1304 584 364 10904 8508 9379 3081 2154 626 1462 971 429 542 502 12704 491 2432 105 2377 893 967 2396
is_linear=0
shrinkage=0.03


Tree=81
num_leaves=31
num_cat=0
split_feature=10 11 34 7 8 7 18 0 7 28 6 6 27 22 11 28 6 6 29 14 23 10 15 0 18 4 13 25 7 15
split_gain=2.3145e+06 475077 416669 288979 165553 160403 139296 136912 128621 123231 123986 121460 116893 112819 112251 97718.4 111210 97165.5 94516 84975.4 84817.8 85934.9 82740.9 82575.1 80575.5 78347.7 91812 70896.3 70630.8 69007.3
threshold=202.95750000000004 81.75500000000001 420.86500000000007 6.6579861111111134 422.85625000000005 7.2760416666666687 1.0000000180025095e-35 17.500000000000004 5.8906250000000027 23250.062500000004 1.0000000180025095e-35 6.2292951541850234 41511.897760416679 1.0000000180025095e-35 145.38250000000002 32697.312500000004 10.553964757709254 6.650881057268724 584.65375000000006 116.20000000000002 4.5000000000000009 -0.51624999999999988 331.09791666666672 5.5000000000000009 1.0000000180025095e-35 321.50000000000006 272.55000000000007 477.00062500000007 6.6059027777777795 458.07729166666678
decision_type=10 8 10 2 2 2 2 2 2 10 2 2 10 2 10 10 2 2 10 8 2 10 10 2 2 2 10 10 2 10
left_child=1 4 5 14 8 6 9 23 19 -2 -11 -10 18 15 -3 -5 -17 -7 28 -1 -6 -22 -14 -8 -16 26 27 -12 -4 -28
right_child=2 3 12 13 20 17 7 -9 11 10 25 -13 22 -15 24 16 -18 -19 -20 -21 21 -23 -24 -25 -26 -27 29 -29 -30 -31
leaf_value=-0.1469302050412862 1.8794018206629954 0.05004210979788306 1.1390744248839952 0.20100566126680686 -0.27292496599711635 0.53663806833505145 0.54319259538815057 0.73832845271968128 0.039362798658243749 2.0747863324950724 0.43851311960696626 -0.31485337217566339 1.1306917630501514 -0.81107471450494639 0.33477308257126553 -0.03308126361659685 -0.34747848091093714 -0.13066238057374999 1.9125740003326663 0.055178151097262575 -1.9193539713795591 -0.52101237956531365 -0.40593561209738255 -0.079335159204723199 -0.067490674097370196 0.93782782626268923 1.2330821119417315 -0.71041086359918115 0.12255960886969285 0.22091039289321218
leaf_weight=4913 70 8502 788 664 2830 281 258 401 1054 50 1573 5018 52 233 2492 2011 2039 646 137 3024 40 1268 77 738 546 442 229 49 67 83
leaf_count=4913 70 8502 788 664 2830 281 258 401 1054 50 1573 5018 52 233 2492 2011 2039 646 137 3024 40 1268 77 738 546 442 229 49 67 83
internal_value=0.00103033 -0.0928162 0.548047 0.0237531 -0.198718 0.426723 0.511156 0.271006 -0.149452 0.645404 0.609038 -0.253371 1.06886 -0.168055 0.105986 -0.136107 -0.191413 0.0719756 1.17925 -0.0699296 -0.365429 -0.565209 0.217413 0.0823051 0.262478 0.577334 0.494504 0.403388 1.05965 0.965385
internal_weight=40575 34634 5941 16487 18147 4820 3893 1397 14009 2496 2426 6072 1121 4947 11540 4714 4050 927 992 7937 4138 1308 129 996 3038 2376 1934 1622 855 312
internal_count=40575 34634 5941 16487 18147 4820 3893 1397 14009 2496 2426 6072 1121 4947 11540 4714 4050 927 992 7937 4138 1308 129 996 3038 2376 1934 1622 855 312
is_linear=0
shrinkage=0.03


Tree=82
num_leaves=31
num_cat=0
split_feature=33 11 24 7 32 6 7 6 5 28 5 12 28 22 24 26 5 32 7 5 27 14 7 27 7 0 33 25 2 6
split_gain=2.1618e+06 614986 385841 235353 209346 146251 140856 129464 116507 136564 113050 167274 150903 114236 108121 113225 89331.7 77131.3 76084.7 74208.3 73910.4 73150.7 71525.6 67287.4 75917.2 68924.2 66549 71924.7 82227 66422.2
threshold=261.99000000000007 110.87000000000002 446.81000000000006 9.4340277777777803 62.517500000000005 6.8579295154185029 5.5329861111111134 1.6649779735682821 46701.000000000007 31164.625000000004 40343.750000000007 364.06333333333345 23250.062500000004 1.0000000180025095e-35 644.96000000000015 23120.000000000004 53156.250000000007 154.14875000000004 6.4565972222222241 53651.375000000007 41115.770833333343 44.935000000000009 4.4739583333333348 42107.250000000007 6.8732638888888902 5.5000000000000009 340.74500000000006 458.07729166666678 9.5000000000000018 6.9555066079295162
decision_type=10 10 10 2 10 2 2 2 2 10 2 10 10 2 10 10 2 10 2 2 10 10 2 10 2 2 10 10 2 2
left_child=1 4 10 8 5 -1 -6 -4 18 19 11 -2 -12 22 23 -16 -5 -11 -3 -10 -18 -7 -14 24 25 -9 -24 28 -28 -8
right_child=2 3 7 16 6 21 29 14 9 17 12 -13 13 -15 15 -17 20 -19 -20 -21 -22 -23 26 -25 -26 -27 27 -29 -30 -31
leaf_value=0.0099621385850833001 -0.39698458979098961 0.092650881605297289 2.8528341873062821 -0.90968749834895135 0.0008000572294671578 -0.56406941460181392 0.042368028779582123 0.24020376068313379 0.45133303777539524 0.094538237104274211 2.3402633372018502 0.61683122392341094 0.80366632838830299 -0.86181835949420926 3.075508346557617 1.2852389832633897 0.58772725153755356 0.32423737062236685 -0.24774441116256637 1.1670074703205715 -0.36971769177793296 -0.26653378310623771 0.3239960483725341 -0.23445712448620215 -0.2337330334651761 1.2255730073385693 0.9786433459533217 -0.39365031703430059 0.2089553002206718 -0.23881507050371223
leaf_weight=1704 289 2563 40 224 8635 810 903 73 637 3515 42 295 836 50 46 108 90 2103 767 164 358 9098 1122 40 40 544 485 50 169 4638
leaf_count=1704 289 2563 40 224 8635 810 903 73 637 3515 42 295 836 50 46 108 90 2103 767 164 358 9098 1122 40 40 544 485 50 169 4638
internal_value=0.00123605 -0.0737326 0.642988 0.120751 -0.152325 -0.246764 -0.0749561 1.19745 0.158194 0.232881 0.494675 0.11531 0.57505 0.54686 1.11638 1.83639 -0.42188 0.180564 0.0141967 0.599136 -0.176493 -0.290912 0.573632 0.954895 1.02755 1.10957 0.467933 0.696549 0.780371 -0.192992
internal_weight=40438 36209 4229 10421 25788 11612 14176 891 9749 6419 3338 584 2754 2712 851 154 672 5618 3330 801 448 9908 2662 697 657 617 1826 704 654 5541
internal_count=40438 36209 4229 10421 25788 11612 14176 891 9749 6419 3338 584 2754 2712 851 154 672 5618 3330 801 448 9908 2662 697 657 617 1826 704 654 5541
is_linear=0
shrinkage=0.03


Tree=83
num_leaves=31
num_cat=0
split_feature=34 32 24 41 41 6 7 7 7 10 33 5 35 12 5 10 32 5 24 33 25 27 4 27 8 27 5 39 6 27
split_gain=2.13719e+06 576700 300743 254492 200542 174190 153387 141346 136245 128475 122262 117118 111769 110856 110119 108593 90502 83053.5 81998.9 156276 94835.8 85087.3 78499.5 103654 89434 77229.7 121634 98210.9 90590.4 76167.1
threshold=244.01000000000002 125.00375000000001 465.20500000000004 -6782.8408018373293 8671.3491436982094 2.5107929515418506 8.6232638888888911 8.2309027777777803 7.2413194444444464 427.30000000000007 116.78500000000001 44202.437500000007 132.05875000000003 24.694791666666671 44300.437500000007 -23.451249999999998 190.99500000000003 50802.187500000007 310.08500000000004 287.06500000000005 443.54708333333343 24313.729166666672 242.50000000000003 23787.375000000004 0.11250000000000002 31508.544322916667 49400.625000000007 -78.616249999999994 5.7958149779735697 25142.895833333336
decision_type=10 10 8 8 10 2 2 2 2 10 10 2 10 8 2 10 10 2 10 10 10 10 2 10 2 10 2 10 2 10
left_child=1 3 8 15 6 -4 10 16 12 29 13 -9 18 -5 -10 -1 -3 -8 -2 -20 21 -21 23 24 -11 26 -12 -28 -27 -7
right_child=2 7 5 4 -6 9 17 11 14 22 25 -13 -14 -15 -16 -17 -18 -19 19 20 -22 -23 -24 -25 -26 28 27 -29 -30 -31
leaf_value=-1.7561054692983626 0.50975992764033462 0.12663132966984084 2.7883870446681973 -0.38828893431145434 0.26511916412333014 0.73105214997154211 -0.59395660558863428 -1.427879119515419 -1.0460297425768592 0.9815236968152663 0.054711378434814745 -0.12599052061558896 0.063054931385043894 -0.12275614067812111 0.24870319682484965 -0.34787405304079411 0.36757162874458982 -0.21398651347945707 2.6718773611671311 1.8531610292047263 0.21609260364785926 0.82452874553498645 0.80893330671918051 1.0025235302450366 2.5262175369568358 0.244924137061929 1.9661527628647655 0.49238454199263032 -0.077246123583909504 -0.7337528827239056
leaf_weight=49 1425 5161 55 1612 1257 91 855 68 65 50 577 633 312 11551 567 3797 1927 1315 40 79 217 855 228 168 116 896 56 146 6320 48
leaf_count=49 1425 5161 55 1612 1257 91 855 68 65 50 577 633 312 11551 567 3797 1927 1315 40 79 217 855 228 168 116 896 56 146 6320 48
internal_value=-0.00150858 -0.0767093 0.62945 -0.139365 -0.103856 1.17272 -0.123748 0.151983 0.513784 1.04217 -0.0991016 -0.254133 0.599986 -0.155302 0.1141 -0.366267 0.192178 -0.363903 0.663975 0.847907 0.782255 0.913422 1.24387 1.53747 2.06961 -0.00656596 0.277018 0.908627 -0.0372143 0.223592
internal_weight=40536 36220 4316 28431 24585 756 23328 7789 3560 701 21158 701 2928 13163 632 3846 7088 2170 2616 1191 1151 934 562 334 166 7995 779 202 7216 139
internal_count=40536 36220 4316 28431 24585 756 23328 7789 3560 701 21158 701 2928 13163 632 3846 7088 2170 2616 1191 1151 934 562 334 166 7995 779 202 7216 139
is_linear=0
shrinkage=0.03


Tree=84
num_leaves=31
num_cat=0
split_feature=10 24 41 7 33 7 33 33 4 6 7 28 18 0 31 6 0 41 12 4 8 23 0 6 4 15 29 35 9 4
split_gain=1.97719e+06 525104 270573 254621 384202 208393 195570 153711 120460 119638 108774 102269 98915.2 127096 83099.5 73964.9 74877.7 68767.1 83865.6 65640.6 65012.8 81578.3 64693.9 79966.3 65936.1 80466.9 63816.2 63204.8 61624.5 58317.9
threshold=160.92500000000004 310.08500000000004 -1032.143771568273 5.9739583333333348 280.01000000000005 8.2864583333333375 126.73375000000001 602.1400000000001 162.50000000000003 13.468942731277536 7.6545138888888911 31164.625000000004 1.5000000000000002 15.500000000000002 169.30500000000004 4.8325991189427322 7.5000000000000009 10093.469864818015 24.694791666666671 348.50000000000006 287.33125000000007 5.5000000000000009 5.5000000000000009 1.2028634361233481 180.50000000000003 272.38666666666671 87.22375000000001 12.19125 -23.451249999999998 271.50000000000006
decision_type=10 8 8 2 10 2 10 10 2 2 2 10 2 2 10 2 2 10 8 2 2 2 2 2 2 10 10 10 10 2
left_child=2 10 8 4 -3 6 17 12 28 -7 20 -8 22 -14 -5 -12 -17 18 -4 -13 27 -22 -6 -24 25 -25 -10 -2 -1 -16
right_child=1 3 5 14 7 9 11 -9 26 -11 15 19 13 -15 29 16 -18 -19 -20 -21 21 -23 23 24 -26 -27 -28 -29 -30 -31
leaf_value=-1.3294723546985658 0.25911295398484058 3.2985129211121991 -0.34576870713905367 -0.99999305827277052 0.38763454773708395 -0.19777005059843336 0.4278925181994776 1.5957930868751362 -0.26339463533939211 -0.68282788666681238 0.60145570311613761 0.077844570063888216 -0.92180000336292911 0.94845062664576929 0.56832302541930413 -0.67632028712237136 0.0093866129251604039 0.29651553565303657 -0.081862983224882502 -0.42824143011512616 0.31323670868004233 -0.24766815827992716 -0.25574032083153719 1.0970769077181086 1.1191754467277719 -0.17382597065615382 -0.051222365721094322 0.48888749113745711 -0.37367258723054025 -0.044208826985045829
leaf_weight=61 2487 61 1197 41 227 1967 755 237 2645 596 136 6618 67 62 448 187 603 391 11381 238 578 390 47 91 821 87 2465 1907 3362 203
leaf_count=61 2487 61 1197 41 227 1967 755 237 2645 596 136 6618 67 62 448 187 603 391 11381 238 578 390 47 91 821 87 2465 1907 3362 203
internal_value=0.00093115 0.402045 -0.108993 0.780291 0.977706 -0.055748 -0.0239722 0.889372 -0.25338 -0.310788 0.258056 0.0967407 0.768904 -0.0225385 0.294601 -0.0421567 -0.153576 -0.0948158 -0.107003 0.0602163 0.3099 0.0872299 0.849059 0.948731 1.0056 0.478404 -0.161075 0.358924 -0.391089 0.377544
internal_weight=40356 8680 31676 2392 1700 23143 20580 1639 8533 2563 6288 7611 1402 129 692 926 790 12969 12578 6856 5362 968 1273 1046 999 178 5110 4394 3423 651
internal_count=40356 8680 31676 2392 1700 23143 20580 1639 8533 2563 6288 7611 1402 129 692 926 790 12969 12578 6856 5362 968 1273 1046 999 178 5110 4394 3423 651
is_linear=0
shrinkage=0.03


Tree=85
num_leaves=31
num_cat=0
split_feature=33 14 11 1 6 28 16 38 8 16 6 4 8 1 2 4 4 4 13 4 15 37 23 10 25 29 4 4 1 12
split_gain=1.90232e+06 456630 312841 231322 329126 191575 166148 146578 145235 110896 116613 109807 109150 108102 105458 103135 112340 105573 145800 101393 91549.5 90268 82024.9 121982 81291.8 77203.5 74390.1 67193.2 63855.2 75246.6
threshold=210.39000000000001 418.44000000000005 82.953750000000028 1.5000000000000002 0.39295154185022024 23250.062500000004 6763.8583526646198 343.89000000000004 382.25625000000008 2901.8244439513869 5.7958149779735697 244.50000000000003 0.11250000000000002 1.5000000000000002 3.5000000000000004 352.50000000000006 321.50000000000006 280.50000000000006 190.41000000000005 278.50000000000006 458.07729166666678 111.355 4.5000000000000009 -0.51624999999999988 276.37187500000005 264.99875000000003 20.500000000000004 283.50000000000006 1.0000000180025095e-35 296.20833333333337
decision_type=10 10 10 2 2 10 10 10 2 8 2 2 2 2 2 2 2 2 10 2 10 10 2 10 10 10 2 2 2 10
left_child=2 15 8 4 -3 12 13 14 9 -1 -11 -9 -6 26 -5 16 17 19 27 21 25 28 -10 -24 -17 -7 -4 -19 -2 -30
right_child=1 3 6 7 5 20 -8 11 22 10 -12 -13 -14 -15 -16 24 -18 18 -20 -21 -22 -23 23 -25 -26 -27 -28 -29 29 -31
leaf_value=0.017407390970881061 0.72478236343687641 3.6950601917764412 0.69524345598918824 -0.80426114014722405 0.88982963709995666 0.42217671060172102 -0.26218659848008974 1.337437947997741 -0.23627200862738801 0.042992372953750753 -0.22460534728479414 0.39068850403780503 2.5483406814267333 -0.016250636497024767 0.48426404075902379 -0.00065132695564463095 0.65114244630646911 -0.80795969321757932 -1.7680865823427836 1.4877532782778142 -0.072353438697755332 -0.43734918965697284 -2.026546716119932 -0.45569106615269211 -1.263504021121189 1.2959797018446213 0.13821727451750015 0.13367839782982169 0.22149710109874521 0.84259038996539615
leaf_weight=3495 309 45 227 59 57 148 1810 338 3280 1772 8468 165 102 8687 1260 162 687 78 44 63 95 149 45 1457 63 241 4056 498 2341 189
leaf_count=3495 309 45 227 59 57 148 1810 338 3280 1772 8468 165 102 8687 1260 162 687 78 44 63 95 149 45 1457 63 241 4056 498 2341 189
internal_value=-0.000913891 0.445131 -0.0959418 0.770328 1.23897 1.06161 0.00698583 0.592785 -0.178093 -0.128502 -0.178299 1.02827 1.96306 0.0445669 0.426062 0.266899 0.299251 0.233237 -0.12349 0.305745 0.762032 0.280334 -0.320474 -0.504071 -0.358276 0.965465 0.167895 0.00498562 0.318141 0.26821
internal_weight=40390 7093 33297 2510 688 643 14780 1822 18517 13735 10240 503 159 12970 1319 4583 4358 3671 620 3051 484 2988 4782 1502 225 389 4283 576 2839 2530
internal_count=40390 7093 33297 2510 688 643 14780 1822 18517 13735 10240 503 159 12970 1319 4583 4358 3671 620 3051 484 2988 4782 1502 225 389 4283 576 2839 2530
is_linear=0
shrinkage=0.03


Tree=86
num_leaves=31
num_cat=0
split_feature=33 14 32 6 7 27 5 5 32 36 31 7 16 14 5 18 1 27 7 4 6 4 15 13 15 16 23 1 33 5
split_gain=1.7258e+06 388445 312095 189561 186904 157581 149452 149043 134934 120890 119246 110910 92065.7 89984.1 88056.7 87583 86636.2 81341 77689.5 114239 148207 100003 73584.8 71086.3 68900.5 68792.9 70272.2 68631.6 68147.3 68083.2
threshold=210.39000000000001 418.44000000000005 99.283750000000012 7.6072687224669613 9.9357638888888911 22750.937500000004 40089.375000000007 43179.937500000007 4.5525000000000011 -18.246249999999996 450.11000000000007 7.8489583333333348 7070.5257539480526 378.58500000000009 36000.812500000007 1.0000000180025095e-35 1.0000000180025095e-35 36483.333333333336 5.5538194444444455 272.50000000000006 10.40594713656388 262.50000000000006 167.20895833333336 258.71000000000009 296.20833333333337 2667.7994046214094 2.5000000000000004 1.0000000180025095e-35 139.28500000000003 74143.750000000015
decision_type=10 10 10 2 2 10 2 2 10 10 10 2 10 10 2 2 2 8 2 2 2 2 10 10 10 10 2 2 10 2
left_child=2 4 3 17 7 6 -3 13 22 -7 18 15 14 -2 -4 25 -9 -1 -11 21 -21 24 -5 -18 -20 26 -10 29 -28 -16
right_child=1 5 12 8 -6 9 -8 16 11 10 -12 -13 -14 -15 27 -17 23 -19 19 20 -22 -23 -24 -25 -26 -27 28 -29 -30 -31
leaf_value=0.55551987058778352 0.048068118302287459 0.29534318932465142 -0.21099990792475068 -0.34067186963875201 -0.67027807942267881 2.2744126893543615 2.1923390006286509 0.80331784485505398 -0.069164385703682302 0.65868515084608881 1.0416032376425988 -0.355292805593167 -0.28105832073668852 -0.90581719079438372 0.25659751156414734 -0.24126245761948609 0.30018150745437838 -0.0069932724776577901 0.98560708343982695 0.09490364531895755 -2.0124623394884713 1.8195974496205647 -1.4094646502349335 1.0165264601455284 0.1142250805568495 -0.21782707517471692 0.10186768317791109 0.05815470416448737 0.79585083668882195 1.422949419135743
leaf_weight=245 698 55 974 3753 186 40 118 386 4990 1171 492 2142 761 101 1121 3764 3174 3887 108 112 40 44 58 129 327 2051 1168 8317 142 46
leaf_count=245 698 55 974 3753 186 40 118 386 4990 1171 492 2142 761 101 1121 3764 3174 3887 108 112 40 44 58 129 327 2051 1168 8317 142 46
internal_value=-0.000981636 0.420932 -0.0916514 -0.156822 0.259246 0.722153 1.59441 0.297909 -0.198742 0.656845 0.627661 -0.156336 0.0373102 -0.0734922 0.0605017 -0.121133 0.378349 0.0264863 0.514127 0.245241 -0.469195 0.472456 -0.357303 0.328458 0.332333 -0.0669649 -0.0178241 0.088404 0.177643 0.303751
internal_weight=40600 7181 33419 22200 4674 2507 173 4488 18068 2334 2294 14257 11219 799 10458 12115 3689 4132 1802 631 152 479 3811 3303 435 8351 6300 9484 1310 1167
internal_count=40600 7181 33419 22200 4674 2507 173 4488 18068 2334 2294 14257 11219 799 10458 12115 3689 4132 1802 631 152 479 3811 3303 435 8351 6300 9484 1310 1167
is_linear=0
shrinkage=0.03


Tree=87
num_leaves=31
num_cat=0
split_feature=33 14 14 1 6 0 1 8 33 0 14 7 16 1 6 14 7 14 2 27 27 27 15 25 32 23 7 39 17 9
split_gain=1.72674e+06 414513 294432 235645 296682 207558 202058 177587 164622 149234 139893 130879 129112 119040 119026 134727 99270.2 89072.8 86315.2 84405 328104 186842 84666.8 76924.3 85418.3 69952.5 68523.6 70809.3 64297.2 64059.4
threshold=210.39000000000001 418.44000000000005 117.40500000000002 1.5000000000000002 0.39295154185022024 16.500000000000004 1.0000000180025095e-35 310.42500000000007 495.0800000000001 5.5000000000000009 625.65500000000009 8.5017361111111125 5688.1073892065997 3.5000000000000004 9.5088105726872261 378.58500000000009 8.8871527777777803 53.360000000000007 3.5000000000000004 26213.354166666668 26079.687500000004 26340.312500000004 477.00062500000007 458.07729166666678 123.21500000000002 4.5000000000000009 4.5364583333333348 -101.08499999999999 4403.7419000000018 -0.068749999999999992
decision_type=10 10 10 2 2 2 2 2 10 2 10 2 10 2 2 10 2 8 2 10 10 10 10 10 10 2 2 10 10 10
left_child=2 11 5 4 -3 17 9 12 23 -4 18 13 16 26 -15 -16 -8 -1 -5 20 22 -21 -20 24 -6 -9 27 -2 -19 -11
right_child=1 3 6 10 8 -7 7 25 -10 29 -12 -13 -14 14 15 -17 -18 28 19 21 -22 -23 -24 -25 -26 -27 -28 -29 -30 -31
leaf_value=-0.48461985782638767 1.8434357168575126 3.5389764863770941 -0.15141641823036645 -0.93931880046461891 1.8546253816634417 -0.011160604399206128 0.078358793595895648 -0.14402937134184032 1.9698835333480555 -0.53482081591956698 0.95660975154909211 -0.21577947680405368 -0.23691972015290783 0.42238727078846305 0.058125303432685169 -1.0065690365258384 -0.41312465414675797 -0.18237783625975718 0.68622532099485389 1.9388717387131897 -1.9285649693579903 0.44292871286569485 -0.77684724364961899 0.035565619396440908 0.75847539213080617 -0.45464856410002086 0.335667331337349 0.6144686795165154 -0.38107569328261581 0.47536826829151285
leaf_weight=1235 44 45 525 42 79 4889 9417 2198 135 58 549 470 1533 813 1057 118 384 8832 237 82 62 810 41 98 339 928 1387 765 1758 1442
leaf_count=1235 44 45 525 42 79 4889 9417 2198 135 58 549 470 1533 813 1057 118 384 8832 237 82 62 810 41 98 339 928 1387 765 1758 1442
internal_value=0.00434306 0.426401 -0.0868572 0.73633 1.20584 -0.17558 0.00310343 -0.0362073 1.03938 0.28369 0.556514 0.258528 0.0190115 0.311848 0.143559 -0.0495622 0.0590624 -0.243552 0.383486 0.429307 0.0269632 0.582465 0.468437 0.792597 0.969574 -0.236357 0.464062 0.683503 -0.215396 0.435977
internal_weight=40372 7173 33199 2519 696 16714 16485 14460 651 2025 1823 4654 11334 4184 1988 1175 9801 11825 1274 1232 340 892 278 516 418 3126 2196 809 10590 1500
internal_count=40372 7173 33199 2519 696 16714 16485 14460 651 2025 1823 4654 11334 4184 1988 1175 9801 11825 1274 1232 340 892 278 516 418 3126 2196 809 10590 1500
is_linear=0
shrinkage=0.03


Tree=88
num_leaves=31
num_cat=0
split_feature=11 11 32 22 6 7 15 7 7 5 8 5 27 16 18 12 30 27 4 7 25 4 1 4 5 15 27 27 7 27
split_gain=1.6027e+06 361297 324987 234272 210356 207821 142482 135560 125064 120566 116906 105918 121362 104197 86180 86490.1 83289.4 79806.2 79089.6 75790.2 98364.1 83975.5 73750.8 70172.9 97288.1 68555.9 78394.3 77825.3 67790.8 66122.9
threshold=200.00500000000002 353.44500000000005 97.001250000000013 1.0000000180025095e-35 6.9555066079295162 6.4288194444444455 296.20833333333337 5.196180555555558 7.5434027777777795 37403.812500000007 604.07500000000016 37856.250000000007 41231.270833333336 3465.2187251721621 1.0000000180025095e-35 14.051041666666668 575.09500000000014 36483.333333333336 240.50000000000003 7.2760416666666687 351.38812500000012 321.50000000000006 1.0000000180025095e-35 272.50000000000006 50802.187500000007 458.07729166666678 22750.937500000004 24313.729166666672 8.7447916666666696 32040.500000000004
decision_type=10 10 10 2 2 2 10 2 2 2 2 2 10 10 2 10 10 8 2 2 10 2 2 2 2 10 10 10 2 10
left_child=2 3 4 19 17 6 -3 -4 10 -9 13 18 16 22 -12 -16 25 -1 -8 21 -21 -2 -6 -7 -25 27 -27 -13 -11 -23
right_child=1 5 7 -5 8 23 11 9 -10 28 14 12 -14 -15 15 -17 -18 -19 -20 20 -22 29 -24 24 -26 26 -28 -29 -30 -31
leaf_value=0.63399806109615242 0.33584635447396688 2.6744115882095962 0.12978838921876842 -0.75264972225320148 0.1127517966643507 0.55389823164018326 0.87593402931297359 -0.46924451424081282 -0.34505477756945718 0.018778348311916319 -0.23216857757968679 1.9027697133502253 -0.00069233182779292472 -0.27662340521346523 -1.9193898050681404 -0.56147324831071166 1.8591924441727226 0.028184829247910551 -0.57177692897404941 0.17928691415850576 -1.0652043634028203 1.7232109022140503 -0.10689554123359718 -1.4359618382675703 0.18297035619169472 1.6300775931486442 0.49517829889915166 1.0430198259938577 -0.31705482371905663 0.62767422232177328
leaf_weight=207 2613 43 7110 182 1661 304 65 594 3699 4779 1318 120 96 2811 45 550 120 3313 69 732 61 54 7992 42 149 66 311 482 609 552
leaf_count=207 2613 43 7110 182 1661 304 65 594 3699 4779 1318 120 96 2811 45 550 120 3313 69 732 61 54 7992 42 149 66 311 482 609 552
internal_value=0.00196357 0.452019 -0.076685 0.297359 -0.148178 0.7991 0.989134 0.0412497 -0.189494 -0.0639885 -0.149449 0.932637 1.02226 -0.115916 -0.367761 -0.667221 1.11153 0.0639807 0.131757 0.345168 0.0823358 0.40987 -0.0690929 0.271448 -0.17865 1.01809 0.697648 1.21727 -0.0192323 0.727974
internal_weight=40749 6061 34688 4194 21596 1867 1372 13092 18076 5982 14377 1329 1195 12464 1913 595 1099 3520 134 4012 793 3219 9653 495 191 979 377 602 5388 606
internal_count=40749 6061 34688 4194 21596 1867 1372 13092 18076 5982 14377 1329 1195 12464 1913 595 1099 3520 134 4012 793 3219 9653 495 191 979 377 602 5388 606
is_linear=0
shrinkage=0.03


Tree=89
num_leaves=31
num_cat=0
split_feature=10 14 11 1 15 7 8 28 8 7 7 5 39 14 4 7 31 14 13 5 1 1 10 4 33 5 27 15 28 15
split_gain=1.59326e+06 314139 313601 228674 408195 206943 184571 122265 119910 109367 106469 124399 106872 106146 106003 105350 96634.2 95430.4 157493 88453.9 86952.2 82830.3 97974.5 82603.1 74911.6 71881.3 101194 114811 90501.7 76432.9
threshold=200.00500000000002 418.44000000000005 85.50500000000001 1.5000000000000002 258.53812500000009 5.789930555555558 0.11250000000000002 23250.062500000004 378.71875000000006 9.9357638888888911 10.071180555555559 46103.687500000007 -85.808749999999989 394.12500000000006 90.500000000000014 5.2309027777777795 82.373750000000015 625.65500000000009 170.73000000000005 50154.875000000007 2.5000000000000004 2.5000000000000004 -7.7899999999999991 226.50000000000003 162.95250000000001 56831.250000000007 32222.833333333339 167.20895833333336 43653.812500000007 205.21437500000005
decision_type=10 10 10 2 10 2 2 10 2 2 2 2 10 10 2 2 8 10 10 2 2 2 10 2 10 2 10 10 10 10
left_child=2 10 8 4 -3 20 -6 -8 15 25 11 13 -13 16 -5 -1 -2 18 -16 -17 24 -10 -23 -9 -4 26 -7 -28 -27 -29
right_child=1 3 5 14 6 9 7 23 21 -11 -12 12 -14 -15 17 19 -18 -19 -20 -21 -22 22 -24 -25 -26 28 27 29 -30 -31
leaf_value=-0.019443002511198893 -1.3190033735698317 3.800064040702932 0.13284698297164688 -0.71420651947629854 0.33147289669239205 0.14951998051334953 2.3450589339588719 0.42769721339385092 -0.1317646720221467 -0.47953242208796326 -0.588350022340693 1.390381802234453 0.37526555030496189 -1.0913324878477071 -1.1704203115059779 -0.27241548606586258 0.17457025006799562 0.94251235642126108 0.51923590772439188 -0.074257938760761297 0.033731865622661651 -1.7563593519641003 -0.36002742659008607 1.5827602840408743 0.40573124807185518 0.3506859819970341 -0.14318004573699264 -1.1796185485699346 -0.067099295986840002 -0.28164112636311489
leaf_weight=6263 40 50 2528 57 227 942 96 103 1983 603 122 96 2595 72 51 4488 795 494 1132 3699 4136 45 2974 123 1411 756 3040 167 1216 175
leaf_count=6263 40 50 2528 57 227 942 96 103 1983 603 122 96 2595 72 51 4488 795 494 1132 3699 4136 45 2974 123 1411 756 3040 167 1216 175
internal_value=0.00246435 0.451279 -0.07646 0.724141 1.22932 0.0267396 0.988708 1.44958 -0.1559 -0.093911 0.280006 0.309605 0.411982 0.00573955 0.549021 -0.112063 0.10153 0.592358 0.445467 -0.182905 0.129818 -0.28249 -0.381415 1.06054 0.230676 -0.0569078 -0.125354 -0.201938 0.0931624 -0.722288
internal_weight=40479 6053 34426 2333 599 14974 549 322 19452 6899 3720 3598 2691 907 1734 14450 835 1677 1183 8187 8075 5002 3019 226 3939 6296 4324 3382 1972 342
internal_count=40479 6053 34426 2333 599 14974 549 322 19452 6899 3720 3598 2691 907 1734 14450 835 1677 1183 8187 8075 5002 3019 226 3939 6296 4324 3382 1972 342
is_linear=0
shrinkage=0.03


Tree=90
num_leaves=31
num_cat=0
split_feature=12 14 1 6 28 14 33 7 8 41 13 12 18 6 22 1 1 7 7 32 27 27 27 8 12 15 6 15 15 10
split_gain=1.47068e+06 418765 229755 206435 186160 181799 180697 162975 155405 147736 119253 113611 99908.4 98633.7 95843.9 114843 95759.9 92597.6 90230.3 87238.9 86512.9 254387 182948 83191.9 78313.6 94954 77751.5 77298.3 93944.8 64645.8
threshold=237.64000000000001 131.75250000000003 1.5000000000000002 0.39295154185022024 32499.125000000004 625.65500000000009 495.0800000000001 8.2864583333333375 422.85625000000005 7687.9710689938156 140.65500000000003 25.359479166666667 1.0000000180025095e-35 10.8352422907489 1.0000000180025095e-35 1.0000000180025095e-35 1.0000000180025095e-35 6.2378472222222241 8.5017361111111125 193.20250000000001 26213.354166666668 26079.687500000004 26340.312500000004 1.0000000180025095e-35 343.15729166666671 477.00062500000007 6.7528634361233495 152.76020833333334 197.65354166666671 -23.451249999999998
decision_type=10 10 2 2 10 10 10 2 2 10 10 8 2 2 2 2 2 2 2 10 10 10 10 2 10 10 2 10 10 10
left_child=1 9 3 -2 12 20 10 8 14 11 -5 29 -3 -9 15 23 -13 -16 -18 -17 21 24 -22 -6 -4 -26 -24 -28 -29 -1
right_child=2 4 5 6 7 -7 -8 13 -10 -11 -12 16 -14 -15 17 19 18 -19 -20 -21 22 -23 26 -25 25 -27 27 28 -30 -31
leaf_value=-1.2686179276875087 2.7113708487153052 0.39883968729669483 -0.52750253653788304 2.2297873805208903 0.15936363228277226 0.91288664456724467 1.8064590950834338 -0.057977353670602833 -0.2405572447011339 0.24941055235899848 0.56498122948175977 0.058082478461163045 0.016687818596176886 -0.60186825062861171 -0.15927036267179281 0.033842838001172409 -0.13064861427388366 -1.4937995993706488 -0.37463298650656801 0.3345326654636917 1.8080120514906368 -1.9390939374422205 0.54118284360985924 0.70260254221330709 0.80173940548348044 -0.74800075889988371 -0.98277710062265389 0.9960501598282937 0.12909367084877468 -0.29817905907506781
leaf_weight=62 55 1963 90 40 563 542 144 620 1477 818 750 2151 897 581 192 7509 12900 61 1525 981 77 57 891 462 188 43 49 125 1054 3497
leaf_count=62 55 1963 90 40 563 542 144 620 1477 818 750 2151 897 581 192 7509 12900 61 1525 981 77 57 891 462 188 43 49 125 1054 3497
internal_value=0.00247122 -0.058464 0.540589 0.938884 0.0608202 0.413911 0.831721 0.0106586 0.0461461 -0.145599 0.651988 -0.161658 0.279031 -0.321374 0.0895181 0.104861 -0.128624 -0.485649 -0.156467 0.0686222 0.30853 -0.110431 0.380663 0.404665 0.219298 0.511279 0.327968 0.172951 0.221776 -0.315436
internal_weight=40364 36259 4105 989 15306 3116 934 12446 11245 20953 790 20135 2860 1201 9768 9515 16576 253 14425 8490 2574 378 2196 1025 321 231 2119 1228 1179 3559
internal_count=40364 36259 4105 989 15306 3116 934 12446 11245 20953 790 20135 2860 1201 9768 9515 16576 253 14425 8490 2574 378 2196 1025 321 231 2119 1228 1179 3559
is_linear=0
shrinkage=0.03


Tree=91
num_leaves=31
num_cat=0
split_feature=33 11 1 6 34 41 7 7 6 0 10 11 1 32 1 13 25 26 8 28 5 7 0 13 5 28 0 39 38 1
split_gain=1.33819e+06 381043 239525 240297 224213 173843 153439 129095 131029 121266 104729 95905.6 87251.8 88208.9 83239.6 101155 115015 93776.4 79765.9 81369.1 78455.9 74856 70137.4 69868.9 66402.4 63826 63821.9 59060.9 54705.7 54083.3
threshold=261.99000000000007 110.87000000000002 3.5000000000000004 0.39295154185022024 403.11000000000007 -10905.320984391374 9.4340277777777803 5.5329861111111134 6.5592511013215873 17.500000000000004 -7.7899999999999991 24.695000000000004 1.5000000000000002 147.62500000000003 4.5000000000000009 378.59000000000009 311.9752083333334 24490.500000000004 0.11250000000000002 22538.562500000004 53156.250000000007 4.4739583333333348 16.500000000000004 126.51000000000002 49000.062500000007 25180.312500000004 3.5000000000000004 1.0000000180025095e-35 37.255000000000003 1.0000000180025095e-35
decision_type=10 10 2 2 10 8 2 2 2 2 10 8 2 10 2 10 10 10 2 10 2 2 2 10 2 10 2 10 10 2
left_child=1 5 3 -2 21 10 12 11 -9 14 -1 -7 24 -14 28 16 -16 -18 -6 -20 -8 23 25 -5 -3 -10 -19 -23 -4 -13
right_child=2 6 9 4 18 7 20 8 22 -11 -12 29 13 -15 15 -17 17 26 19 -21 -22 27 -24 -25 -26 -27 -28 -29 -30 -31
leaf_value=-1.8002919103112072 2.6459273171424864 0.088093870445610414 -0.34829423970249418 1.8424078483970796 0.56345206910083367 -0.18108957461232297 -0.79805009244953484 0.058061584966131549 0.84074858095253935 0.62061117328908133 -0.37673380025365277 0.17661386795364908 -0.041716527027175015 0.17733648010149936 0.09424085779239734 1.1867886320960064 0.27784363633310288 0.070688369359288891 2.5240634773572284 1.1744322755782859 -0.11158087953101029 0.36715237258762284 -0.096596180416273131 0.64701446260219508 0.36885334518390894 -0.28142681263556385 -1.2486004357905445 -0.79387696737196378 0.54749190312362361 -0.018948409934780395
leaf_weight=47 55 1276 72 48 185 3072 226 1837 45 546 1594 1501 3454 3174 494 51 70 41 44 476 442 1087 2920 473 1870 6475 166 40 392 8337
leaf_count=47 55 1276 72 48 185 3072 226 1837 45 546 1594 1501 3454 3174 494 51 70 41 44 476 442 1087 2920 473 1870 6475 166 40 392 8337
internal_value=0.000926682 -0.0580312 0.505162 0.7018 0.655253 -0.119857 0.0948909 -0.0995738 -0.173726 0.246457 -0.418578 -0.0347925 0.124965 0.063194 0.0872421 -0.0941169 -0.180274 -0.668419 1.10282 1.29326 -0.344675 0.463236 -0.218833 0.760465 0.255043 -0.273554 -0.988208 0.325277 0.408041 0.0109038
internal_weight=40510 36270 4240 2408 2353 25828 10442 24187 11277 1832 1641 12910 9774 6628 1286 822 771 277 705 520 668 1648 9440 521 3146 6520 207 1127 464 9838
internal_count=40510 36270 4240 2408 2353 25828 10442 24187 11277 1832 1641 12910 9774 6628 1286 822 771 277 705 520 668 1648 9440 521 3146 6520 207 1127 464 9838
is_linear=0
shrinkage=0.03


Tree=92
num_leaves=31
num_cat=0
split_feature=10 14 41 33 5 38 27 25 27 27 5 18 0 7 39 14 23 12 9 0 32 0 8 4 13 16 38 5 28 28
split_gain=1.24553e+06 393506 220011 186342 137912 486906 151490 160390 201067 148879 127248 125937 121627 117279 118316 112530 109436 106440 86561 85216.7 83758.9 82772.7 82453.5 80410.7 71716.1 87423 70499.7 68876.5 88789.9 68206.7
threshold=160.92500000000004 418.44000000000005 -9174.5006458352364 126.03250000000001 68762.500000000015 48.455000000000005 25447.083333333339 458.07729166666678 26213.354166666668 25684.145833333339 43066.312500000007 1.0000000180025095e-35 17.500000000000004 10.071180555555559 -85.808749999999989 506.41500000000002 1.5000000000000002 44.237916666666671 -23.451249999999998 17.500000000000004 151.32125000000002 5.5000000000000009 7.3812500000000005 361.50000000000006 64.925000000000026 11044.93353356282 -104.64374999999997 57402.125000000007 45215.187500000007 31164.625000000004
decision_type=10 10 8 10 2 10 10 10 10 10 2 2 2 2 10 10 2 10 10 2 10 2 2 2 10 8 10 2 10 10
left_child=2 10 18 17 6 -6 12 8 9 -8 20 16 -3 14 -12 -10 23 -4 -1 24 -2 -18 -14 26 25 -13 -5 -16 -29 -28
right_child=1 4 3 11 5 -7 7 -9 15 -11 13 19 22 -15 27 -17 21 -19 -20 -21 -22 -23 -24 -25 -26 -27 29 28 -30 -31
leaf_value=-1.57050288141526 -0.47813144444359529 0.6311456174113822 -0.2385032117670195 1.1810600033283232 4.2984630986539329 0.72010825578615345 0.54013458251953128 -0.65170564775068063 0.38607520066042789 -1.5349677264207118 0.95080892321596966 -0.15501174206686155 0.66206783717963846 -0.44458392366622257 0.13974894072360361 1.1061447821505053 -0.1006961786104954 -0.077798961719249951 -0.33250114445897755 0.085507499064824855 0.073044562662526361 0.46292605682573268 1.7614825263213028 -0.72166934701036811 -0.061413268076477102 -0.74161493175200421 0.37785218307407836 0.49959347319840103 0.10125896580852511 0.021028717405670271
leaf_weight=51 347 747 5108 49 40 211 53 132 632 73 229 455 97 205 2364 283 300 13546 2437 945 864 1068 175 120 799 460 524 1553 746 5906
leaf_count=51 347 747 5108 49 40 211 53 132 632 73 229 455 97 205 2364 283 300 13546 2437 945 864 1068 175 120 799 460 524 1553 746 5906
internal_value=-0.000418234 0.31647 -0.0877173 -0.0646968 0.639662 1.30516 0.562897 0.330012 0.455 -0.664727 0.191221 0.0355762 0.830393 0.256888 0.286368 0.60975 0.0952408 -0.121815 -0.358499 -0.143162 -0.0851536 0.339341 1.37327 0.0445939 -0.269213 -0.450404 0.0588954 0.253541 0.370439 0.0501616
internal_weight=40519 8751 31768 29280 2443 251 2192 1173 1041 126 6308 10626 1019 5097 4892 915 7967 18654 2488 2659 1211 1368 272 6599 1714 915 6479 4663 2299 6430
internal_count=40519 8751 31768 29280 2443 251 2192 1173 1041 126 6308 10626 1019 5097 4892 915 7967 18654 2488 2659 1211 1368 272 6599 1714 915 6479 4663 2299 6430
is_linear=0
shrinkage=0.03


Tree=93
num_leaves=31
num_cat=0
split_feature=11 13 32 1 40 25 5 22 5 41 7 28 7 29 15 28 13 8 5 29 7 25 33 39 15 11 35 28 13 1
split_gain=1.2384e+06 311769 223605 153615 206318 448699 147409 130116 129351 122597 120669 116345 97517.8 94960.9 105431 102819 87209.2 86553.4 74557.2 73538.2 73005.6 72806.1 71278.7 68344.1 67695.1 66176.8 66206.8 64134.3 62277.7 61256.8
threshold=168.81000000000003 202.49000000000004 86.745000000000019 1.5000000000000002 -32.724999999999994 443.54708333333343 46400.687500000007 1.0000000180025095e-35 39056.250000000007 1454.3448202590337 5.8072916666666687 26142.937500000004 8.0260416666666696 411.98000000000008 197.65354166666671 41528.500000000007 329.49500000000006 632.76875000000007 35812.625000000007 -32.086249999999993 6.4565972222222241 351.38812500000012 126.73375000000001 -75.013749999999973 167.20895833333336 331.02500000000003 88.061250000000015 30130.000000000004 37.070000000000007 3.5000000000000004
decision_type=10 10 10 2 10 10 2 2 2 8 2 10 2 10 10 10 10 2 2 10 2 10 10 10 10 10 10 10 10 2
left_child=2 7 6 4 5 -3 17 8 -2 -8 -4 25 23 14 -5 -15 -6 20 -12 -19 -1 -14 -11 29 27 -10 -27 -24 -9 -13
right_child=1 3 10 13 16 -7 9 28 11 22 18 12 21 15 -16 -17 -18 19 -20 -21 -22 -23 24 -25 -26 26 -28 -29 -30 -31
leaf_value=-0.15263591503203161 -0.31699663440765408 4.6446545712686165 0.069499078612890688 1.1976551118184779 0.5860344972666589 0.50387073877610655 -0.24476703223286167 0.12992371449103723 0.38378936108184414 -0.068922962912733379 -0.59791256427873651 1.0246197891759161 -0.018521105180029595 0.86156105746253864 0.25682229158207465 -0.32885536677625077 1.5526895424839362 -1.648859819904813 -0.087516163595714402 -0.48336092744601966 -0.36406482293539649 -1.1585110192244703 1.1005918673493644 0.24413897295758749 -0.68401598386992424 1.5160759406668298 0.31350605554268007 0.14721982478839699 -0.86825987384223302 0.086015224197218493
leaf_weight=4543 366 40 9452 115 473 56 2995 90 214 6157 273 196 606 655 1433 72 102 52 4313 642 2174 54 65 3208 84 135 60 1705 148 92
leaf_count=4543 366 40 9452 115 473 56 2995 90 214 6157 273 196 606 655 1433 72 102 52 4313 642 2174 54 65 3208 84 135 60 1705 148 92
internal_value=0.000922236 0.33237 -0.0819603 0.578638 0.977469 2.25929 -0.150706 0.191929 0.225024 -0.081048 0.00823435 0.268541 0.220912 0.460628 0.327444 0.743376 0.759909 -0.25413 -0.118023 -0.572936 -0.22111 -0.113405 -0.0198169 0.284041 0.14321 0.750792 1.14954 0.182832 -0.491831 0.726123
internal_weight=40570 8115 32455 2946 671 96 18417 5169 4931 11006 14038 4565 4156 2275 1548 727 575 7411 4586 694 6717 660 8011 3496 1854 409 195 1770 238 288
internal_count=40570 8115 32455 2946 671 96 18417 5169 4931 11006 14038 4565 4156 2275 1548 727 575 7411 4586 694 6717 660 8011 3496 1854 409 195 1770 238 288
is_linear=0
shrinkage=0.03


Tree=94
num_leaves=31
num_cat=0
split_feature=12 11 1 7 0 23 0 32 26 7 32 1 39 5 32 10 10 40 36 27 2 27 36 4 33 0 1 0 7 0
split_gain=1.19911e+06 354109 199286 190612 152853 150422 477542 125652 122961 110990 108694 97493.5 104244 90141.8 79291 76764.1 71871.2 68503.4 71254 67881.1 63922.3 74652.6 63637.8 61379.5 60117.8 59301.2 62214.2 104700 57285.5 55994.5
threshold=246.2154166666667 105.18500000000002 3.5000000000000004 9.9357638888888911 6.5000000000000009 2.5000000000000004 9.5000000000000018 4.5525000000000011 28415.812500000004 5.7656250000000018 148.77000000000001 1.5000000000000002 -126.48625 56831.250000000007 208.95875000000004 446.94500000000005 266.61500000000007 -11.339999999999995 52.050000000000004 31804.515520833334 8.5000000000000018 26340.312500000004 111.42999999999999 359.50000000000006 650.50000000000011 16.500000000000004 4.5000000000000009 6.5000000000000009 5.4913194444444473 17.500000000000004
decision_type=10 10 2 2 2 2 2 10 10 2 10 2 8 2 10 10 10 10 10 10 2 10 10 2 10 2 2 2 2 2
left_child=1 7 4 11 -2 8 -7 -1 24 25 17 12 -3 -11 19 -8 23 18 -4 -13 21 -12 -10 -14 -6 26 -9 -28 -19 -23
right_child=2 3 10 -5 5 6 15 9 22 13 20 14 16 -15 -16 -17 -18 28 -20 -21 -22 29 -24 -25 -26 -27 27 -29 -30 -31
leaf_value=-0.26997660720087163 0.30406309174800733 0.96358317977754326 -0.16195388835273394 -0.47529830296442421 0.94133818129331548 4.3885038125684313 0.5821319323301315 -0.013068105042010891 0.54153130792694926 -0.22893917264593411 1.2379121807451341 0.21847314110448016 0.1973708283157555 -0.0037130574018334533 0.30006881573678029 1.9800165622792345 1.1259455391603548 0.41659700142618356 -1.4146078075552886 -0.03194009991088996 0.19015247334719904 0.25351452540522945 -0.5269505083777688 -0.77891122801829193 1.9114177661863241 0.091503910715423242 0.028973819784191925 -0.32793863825737624 -0.35732651065450066 1.0292515890287317
leaf_weight=3982 601 168 180 525 527 43 149 6596 594 6185 152 1179 3395 2157 982 46 73 298 52 5587 446 312 54 58 65 2826 1280 1751 120 114
leaf_count=3982 601 168 180 525 527 43 149 6596 594 6185 152 1179 3395 2157 982 46 73 298 52 5587 446 312 54 58 65 2826 1280 1751 120 114
internal_value=0.00129217 -0.0508845 0.512009 0.0831182 0.708139 0.872132 1.56266 -0.115607 0.738444 -0.0860354 0.26815 0.10878 0.235584 -0.17071 0.048301 0.920309 0.200634 -0.0352717 -0.447587 0.0117212 0.460598 0.668592 0.451816 0.180751 1.05089 -0.0293048 -0.0647739 -0.177254 0.194095 0.46303
internal_weight=40497 36744 3753 11967 2079 1478 238 24777 1240 20795 1674 11442 3694 8342 7748 195 3526 650 232 6766 1024 578 648 3453 592 12453 9627 3031 418 426
internal_count=40497 36744 3753 11967 2079 1478 238 24777 1240 20795 1674 11442 3694 8342 7748 195 3526 650 232 6766 1024 578 648 3453 592 12453 9627 3031 418 426
is_linear=0
shrinkage=0.03


Tree=95
num_leaves=31
num_cat=0
split_feature=10 14 27 0 1 7 1 0 7 25 12 8 4 25 8 10 28 28 17 14 6 5 4 32 13 12 14 14 28 12
split_gain=1.04562e+06 238227 222134 168492 167907 122895 114684 170771 114084 110376 144406 108545 102727 153862 115444 82712 81966.1 80165.1 79590.5 78680.2 77245.2 73639.8 73392 70390 63743.8 80057.3 58752.9 56860.7 55241 99054.9
threshold=202.95750000000004 117.40500000000002 24313.729166666672 16.500000000000004 1.5000000000000002 8.2864583333333375 4.5000000000000009 16.500000000000004 4.5364583333333348 311.9752083333334 477.00062500000007 415.70625000000007 244.50000000000003 443.54708333333343 0.11250000000000002 353.44500000000005 27979.812500000004 22538.562500000004 4449.6181450000013 469.85000000000008 10.261013215859034 44005.562500000007 2.5000000000000004 151.32125000000002 59.002500000000005 91.553697916666678 47.195 363.19500000000011 26366.375000000004 458.07729166666678
decision_type=10 10 10 2 2 2 2 2 2 10 10 2 2 10 2 10 10 10 10 10 2 2 2 10 10 10 8 10 10 10
left_child=1 3 12 18 24 11 8 9 15 19 27 22 14 -14 -2 -4 -7 -16 26 20 -8 -18 -6 -24 25 -3 -1 -11 -10 -30
right_child=2 4 6 -5 5 16 7 -9 28 10 -12 -13 13 -15 17 -17 21 -19 -20 -21 -22 -23 23 -25 -26 -27 -28 -29 29 -31
leaf_value=-0.46117435678151936 0.47984800080426271 0.16993054428350754 0.50493039096915238 0.0031851503026531368 -1.1099362418406149 0.91429314335187273 0.17548523284264828 0.50726648305822619 0.63917648645768677 -0.16392692075534301 0.81505221249705007 -0.22091372040816135 1.2929826606615729 -0.30843714402035904 2.4873615777492519 1.1084065816844448 -0.98203352427601442 1.2375965377671474 -0.37134902438537032 0.91482960894340426 -0.41488527465634206 -0.29066412234523803 -0.010066156523782652 0.19327323613313299 0.055395721150530514 0.56793037605615537 -0.15103293318171132 -1.4265519515275955 0.2734963616678544 -0.62250320931008651
leaf_weight=584 154 1858 892 4890 50 44 501 608 331 43 43 1943 91 130 59 266 162 230 2146 81 330 942 7554 1921 2647 602 9201 129 1901 117
leaf_count=584 154 1858 892 4890 50 44 501 608 331 43 43 1943 91 130 59 266 162 230 2146 81 330 942 7554 1921 2647 602 9201 129 1901 117
internal_value=-0.0011908 -0.0642616 0.367656 -0.145125 0.0124907 -0.0462603 0.302059 0.10248 0.400738 -0.116152 -0.725936 -0.0166223 0.884289 0.353825 1.14753 0.644389 -0.342058 1.50044 -0.205907 0.0282394 -0.0591748 -0.392912 0.0250698 0.0311757 0.157606 0.267518 -0.169588 -1.11367 0.280401 0.221265
internal_weight=40450 34544 5906 16821 17723 12616 5242 1735 3507 1127 215 11468 664 221 443 1158 1148 289 11931 912 831 1104 9525 9475 5107 2460 9785 172 2349 2018
internal_count=40450 34544 5906 16821 17723 12616 5242 1735 3507 1127 215 11468 664 221 443 1158 1148 289 11931 912 831 1104 9525 9475 5107 2460 9785 172 2349 2018
is_linear=0
shrinkage=0.03


Tree=96
num_leaves=31
num_cat=0
split_feature=10 11 18 16 7 8 7 33 12 6 41 23 5 8 0 0 0 1 4 8 31 4 26 14 5 39 7 38 4 7
split_gain=942221 319838 189558 144267 144093 136770 132647 123408 114004 108255 101276 101270 98783.3 127824 87534.7 83492.1 81944.2 73890 72146.4 64745.5 80768.9 62889.4 128903 62992.9 92782.1 61080.1 60520.2 59533.7 66204.8 58514.1
threshold=160.92500000000004 343.72000000000008 1.0000000180025095e-35 2901.8244439513869 5.7031250000000018 604.07500000000016 7.2760416666666687 125.00500000000001 12.43125 4.995814977973569 8671.3491436982094 1.5000000000000002 46103.687500000007 621.30625000000009 17.500000000000004 5.5000000000000009 5.5000000000000009 1.5000000000000002 24.500000000000004 0.26875000000000004 579.7600000000001 272.50000000000006 29132.000000000004 576.00000000000011 39206.250000000007 3.100000000000009 6.821180555555558 -104.64374999999997 361.50000000000006 7.5434027777777795
decision_type=10 10 2 10 2 2 2 10 10 2 10 2 2 2 2 2 2 2 2 2 10 2 10 10 2 10 2 10 2 2
left_child=2 6 3 7 19 14 12 26 -7 -8 -5 27 13 -2 15 29 -13 25 -18 -3 -21 23 -23 24 -6 -14 -1 -9 -29 -4
right_child=1 4 5 10 21 8 9 11 -10 -11 -12 16 17 -15 -16 -17 18 -19 -20 20 -22 22 -24 -25 -26 -27 -28 28 -30 -31
leaf_value=-0.010280573185094804 0.12607179484524014 0.45997492064000106 -0.02031969379009136 -0.20089874419427803 -0.89645547664390413 -2.1236731287148514 0.48387886122952811 0.97515284344553943 -0.50484906672124485 -0.25491621247314727 0.20480413433796274 -0.090206788275767918 0.64318606762383079 -0.86924234028304781 -0.00052437401422506934 -0.29633607895723374 1.2496458453671497 0.25454295117326708 0.42223987835683402 0.86981781828012827 1.9020232572367315 -1.5465199423872906 0.23409688075078267 1.0131073128923458 0.45390740104481181 -0.40334215190675521 -0.19043356091945254 0.070383730731335331 -0.71369923105294053 -0.41672809845855152
leaf_weight=8128 1829 319 2212 5268 52 41 219 63 609 946 618 246 777 123 2315 4225 109 2876 710 760 75 45 178 140 338 53 2114 4620 98 394
leaf_count=8128 1829 319 2212 5268 52 41 219 63 609 946 618 246 777 123 2315 4225 109 2876 710 760 75 45 178 140 338 53 2114 4620 98 394
internal_value=-0.00428152 0.27174 -0.080135 -0.0312041 0.615121 -0.18988 0.17569 0.0152932 -0.610065 -0.11574 -0.158274 0.125259 0.235707 0.0629418 -0.159955 -0.213977 0.389674 0.326663 0.533748 0.825694 0.964695 0.291743 -0.13052 0.469323 0.272027 0.575955 -0.04748 0.0662896 0.0539494 -0.0803894
internal_weight=40500 8730 31770 21974 1907 9796 6823 16088 650 1165 5886 5846 5658 1952 9146 6831 1065 3706 819 1154 835 753 223 530 390 830 10242 4781 4718 2606
internal_count=40500 8730 31770 21974 1907 9796 6823 16088 650 1165 5886 5846 5658 1952 9146 6831 1065 3706 819 1154 835 753 223 530 390 830 10242 4781 4718 2606
is_linear=0
shrinkage=0.03


Tree=97
num_leaves=31
num_cat=0
split_feature=12 33 1 0 37 4 12 7 31 5 28 7 8 23 1 12 14 0 27 41 8 26 4 7 7 8 30 4 32 6
split_gain=961285 309173 155865 212996 149311 143787 132502 128812 127889 121629 102794 104200 96910 93216.2 90997.3 89402.4 81159.7 80080.5 78124.1 76391.5 76383.4 71311.5 70094.5 65333.5 64923.8 65597.4 64620.1 64163.6 62936.3 63195.8
threshold=246.2154166666667 135.58500000000004 1.0000000180025095e-35 5.5000000000000009 -21.582500000000007 350.50000000000006 40.351041666666674 9.4340277777777803 390.00500000000005 43800.312500000007 26366.375000000004 4.4739583333333348 287.33125000000007 1.5000000000000002 1.0000000180025095e-35 458.07729166666678 435.53000000000003 19.500000000000004 48400.291666666672 5210.5999815625155 0.11250000000000002 31967.200000000001 331.50000000000006 6.7135416666666687 8.9531250000000018 225.18125000000003 575.09500000000014 24.500000000000004 216.64000000000001 6.4552863436123351
decision_type=10 10 2 2 10 2 8 2 10 2 10 2 2 2 2 10 10 2 10 10 2 10 2 2 2 2 10 2 10 2
left_child=1 6 3 -3 -2 17 19 12 9 13 16 18 21 -6 -8 -13 -11 22 -12 -1 -10 -4 27 -15 25 -16 -22 -5 29 -23
right_child=4 2 7 5 8 -7 14 -9 20 10 11 15 -14 23 24 -17 -18 -19 -20 -21 26 28 -24 -25 -26 -27 -28 -29 -30 -31
leaf_value=-0.25964216257814465 2.199307529560544 -0.29443524362794032 0.29783554956479635 1.3083093781130655 0.41115420865741642 -0.84987850721586833 0.11989310344809229 -0.3937660862913927 0.34178414467673796 1.7578417391069234 0.84500622829240535 0.24861568419262764 -0.13681757945797682 -0.14504840109757211 -0.032724429281073331 -1.0130330586433409 0.66599889714717864 0.2263416198964853 -0.17955155005702111 0.13010804514673244 0.77984036828520231 0.19196024367595427 1.903465799967448 -1.2187117419838907 -0.34511193012169034 -0.17045313235250184 1.5724167015805708 0.57082685505350428 0.33930053238659652 -0.016617438289736979
leaf_weight=5705 43 372 1350 125 274 65 2064 605 307 79 460 1103 1940 343 9656 52 274 385 78 491 555 1736 44 59 862 4592 112 710 669 5285
leaf_count=5705 43 372 1350 125 274 65 2064 605 307 79 460 1103 1940 343 9656 52 274 385 78 491 555 1736 44 59 862 4592 112 710 669 5285
internal_value=0.00261273 -0.0441318 0.0714179 0.33949 0.460771 0.51702 -0.109823 0.0320315 0.439955 0.334179 0.4494 0.351915 0.0555268 -0.0147001 -0.0669091 0.190987 0.914624 0.587928 0.696407 -0.228741 0.734917 0.0968148 0.745865 -0.305259 -0.0924322 -0.077122 0.915081 0.682661 0.0614909 0.0349751
internal_weight=40395 36656 13286 1701 3739 1329 23370 11585 3696 2722 2046 1693 10980 676 17174 1155 353 1264 538 6196 974 9040 879 402 15110 14248 667 835 7690 7021
internal_count=40395 36656 13286 1701 3739 1329 23370 11585 3696 2722 2046 1693 10980 676 17174 1155 353 1264 538 6196 974 9040 879 402 15110 14248 667 835 7690 7021
is_linear=0
shrinkage=0.03


Tree=98
num_leaves=31
num_cat=0
split_feature=11 30 41 7 22 34 7 18 39 0 32 13 30 1 29 4 2 12 7 14 16 1 0 6 12 15 24 13 6 15
split_gain=844495 266904 170340 144704 139184 115343 100909 93253.1 131641 97246.4 88513.4 85278.5 84507.5 79443.9 78054.8 74160 112903 67947.2 67618.9 65818.9 64796.9 63498 71570.8 61907.5 59945.6 55861.7 102428 158325 55338.8 76060
threshold=145.38250000000002 297.03000000000003 -9174.5006458352364 8.9531250000000018 1.0000000180025095e-35 99.945000000000007 6.1475694444444473 1.0000000180025095e-35 -71.614999999999981 16.500000000000004 156.82500000000002 37.070000000000007 575.09500000000014 2.5000000000000004 -32.086249999999993 271.50000000000006 11.500000000000002 161.76687500000003 4.5364583333333348 57.045000000000009 6194.6877493118373 1.0000000180025095e-35 4.5000000000000009 5.5458149779735697 111.16937500000002 458.07729166666678 410.02500000000003 225.04500000000004 8.4407488986784163 167.20895833333336
decision_type=10 10 8 2 2 10 2 2 10 2 10 10 10 2 10 2 2 10 2 8 10 2 2 2 10 10 10 10 2 10
left_child=2 4 14 5 7 19 12 8 -2 10 -9 13 25 -6 -1 -8 -17 -12 -10 -4 28 22 -21 -20 -24 26 -3 -28 -7 -30
right_child=1 6 3 -5 11 20 15 9 18 -11 17 -13 -14 -15 -16 16 -18 -19 23 21 -22 -23 24 -25 -26 -27 27 -29 29 -31
leaf_value=-1.5364481704520143 0.62353597433027541 0.47629061371920983 -0.30763953883477763 -0.31075680039348341 1.1575149614311928 0.16616729654184934 0.37694824872683375 -0.56859812373136764 0.35276441106917789 0.28129995627389143 -0.72982627461558758 -0.92611543270958852 1.3662899597501026 -0.46011407167911528 -0.28844830573463925 -1.6396362434422715 0.16614370242241888 0.1244056537291587 0.38595419621099625 -0.25015409192500737 -0.14634055678970415 -0.10498990570262769 0.12517657366830684 0.052968408484084753 1.2585516015596168 0.23145888927773287 2.7719549746846042 0.84708538000680966 0.027028821457127462 -0.75413171975799886
leaf_weight=45 709 889 1183 1851 42 3110 346 360 1524 639 96 167 130 74 2490 46 92 615 611 507 1570 10845 1839 2811 42 344 42 391 7030 113
leaf_count=45 709 889 1183 1851 42 3110 346 360 1524 639 96 167 130 74 2490 46 92 615 611 507 1570 10845 1839 2811 42 344 42 391 7030 113
internal_value=0.00222124 0.242652 -0.0757268 -0.0544662 0.157682 -0.0363753 0.527478 0.182791 0.241483 -0.0113333 -0.186029 -0.494094 0.631045 0.130467 -0.311199 0.142659 -0.443248 0.00820328 0.186601 -0.0933344 0.033078 -0.0741542 0.0658704 0.112519 0.151138 0.572888 0.661489 1.03975 0.0605632 0.0145673
internal_weight=40553 9928 30625 28090 7648 26239 2280 7365 5655 1710 1071 283 1796 116 2535 484 138 711 4946 14416 11823 13233 2388 3422 1881 1666 1322 433 10253 7143
internal_count=40553 9928 30625 28090 7648 26239 2280 7365 5655 1710 1071 283 1796 116 2535 484 138 711 4946 14416 11823 13233 2388 3422 1881 1666 1322 433 10253 7143
is_linear=0
shrinkage=0.03


Tree=99
num_leaves=31
num_cat=0
split_feature=33 32 7 11 15 41 16 18 8 33 5 33 35 25 15 27 23 33 16 4 14 25 5 25 13 5 5 13 5 40
split_gain=914019 205901 197260 170268 378749 153917 111596 105416 99810.3 97857 92241 82975 80340 77449.8 75861.8 78336.3 74847.3 110085 71587.7 66315.7 65273.8 63389 76468.7 62835.8 59476.3 59459.6 58680.9 68945.1 58517.4 58389.6
threshold=231.93500000000003 110.605 5.8072916666666687 320.88000000000005 258.53812500000009 6901.1088763121488 3719.6825463648024 1.0000000180025095e-35 604.07500000000016 602.1400000000001 39056.250000000007 361.39000000000004 216.90625000000003 295.79687500000006 458.07729166666678 24313.729166666672 2.5000000000000004 126.73375000000001 6981.4270279944085 361.50000000000006 41.100000000000009 406.63729166666673 57402.125000000007 72.522083333333342 68.333750000000009 34554.750000000007 52253.125000000007 68.333750000000009 44005.562500000007 14.955000000000014
decision_type=10 10 2 10 10 10 10 2 2 10 2 10 10 10 10 10 2 10 10 2 10 10 2 10 10 2 2 10 2 10
left_child=1 5 3 12 -5 6 7 16 23 14 -4 21 -2 -13 15 28 19 20 25 -1 -18 22 -12 24 -9 -3 27 -19 -6 -11
right_child=2 18 10 4 9 -7 -8 8 -10 29 11 13 -14 -15 -16 -17 17 26 -20 -21 -22 -23 -24 -25 -26 -27 -28 -29 -30 -31
leaf_value=-0.0660375566426048 0.35037133715433133 -0.28050735755593742 -0.55864369214597065 3.5918183669520589 0.80971911917839734 0.20258849531915829 -0.23974551230943125 -0.11624677130063338 -0.56038475550595346 1.7609400688455654 -0.09069717791114737 1.5689129112022264 -0.97540763757058535 0.38101032443120902 0.15986139326459831 0.58503631134771239 -0.73563308340488098 0.46825047902036659 -0.26222546789103596 -0.86266352041144112 0.044015413055142505 -1.0566960627924313 0.3636129676502684 -0.31354155543626394 0.34069349306605073 0.10062544566391569 0.89372237977595181 -0.5470717691678505 2.2108817487716674 0.77378946685991368
leaf_weight=9472 2154 384 164 40 62 1425 5296 3791 578 103 793 55 41 432 323 700 100 276 570 94 2241 43 574 1482 274 8566 198 76 49 118
leaf_count=9472 2154 384 164 40 62 1425 5296 3791 578 103 793 55 41 432 323 700 100 276 570 94 2241 43 574 1482 274 8566 198 76 49 118
internal_value=0.00198334 -0.0554498 0.355849 0.490122 0.749244 -0.100194 -0.118272 -0.0836395 -0.185531 0.662744 0.121838 0.18093 0.325174 0.518108 0.549306 0.704023 -0.0335296 0.100213 0.0634736 -0.0739549 0.0104114 0.064188 0.100193 -0.146377 -0.0853706 0.0842434 0.481727 0.248104 1.44247 1.23972
internal_weight=40474 34823 5651 3590 1395 25303 23878 18582 6125 1355 2061 1897 2195 487 1134 811 12457 2891 9520 9566 2341 1410 1367 5547 4065 8950 550 352 111 221
internal_count=40474 34823 5651 3590 1395 25303 23878 18582 6125 1355 2061 1897 2195 487 1134 811 12457 2891 9520 9566 2341 1410 1367 5547 4065 8950 550 352 111 221
is_linear=0
shrinkage=0.03


Tree=100
num_leaves=31
num_cat=0
split_feature=10 1 7 8 11 5 28 32 13 5 5 4 14 8 16 28 7 40 14 25 4 4 4 38 14 1 32 36 41 39
split_gain=824557 210597 198450 184013 171132 168715 164544 141376 134017 119804 116061 101894 93633.3 89228.7 87876.9 87300.8 84385.2 81979 81412.2 87213.2 77423.6 87186.9 69798.6 64776.5 60888.5 60003.6 58767.4 58745.8 54545.9 72348.7
threshold=202.95750000000004 1.5000000000000002 5.8281250000000027 0.11250000000000002 85.50500000000001 53503.250000000007 23250.062500000004 275.16000000000003 293.64000000000004 68762.500000000015 39056.250000000007 355.50000000000006 625.65500000000009 481.16250000000008 12524.676816973219 39420.500000000007 8.6788194444444482 -41.158749999999991 559.03500000000008 373.12250000000006 244.50000000000003 223.50000000000003 215.50000000000003 1.3162499999999968 184.99500000000003 3.5000000000000004 107.46500000000002 166.25500000000002 8671.3491436982094 -31.182499999999994
decision_type=10 2 2 2 10 2 10 10 10 2 2 2 10 2 10 10 2 10 10 10 2 2 2 10 10 2 8 10 8 10
left_child=2 3 4 9 13 11 -5 -8 10 26 -3 16 18 -1 15 -7 -4 -10 27 -20 21 22 -19 -11 -18 28 -2 -12 -6 -30
right_child=1 8 5 6 25 14 7 -9 17 23 12 -13 -14 -15 -16 -17 24 20 19 -21 -22 -23 -24 -25 -26 -27 -28 -29 29 -31
leaf_value=-0.021167614290746289 -0.98582120865583411 -0.44082715930410549 -0.15726897601341688 2.1150027000904084 -0.0013838271394622725 0.31327694516739196 0.65058285043609598 2.128436411481637 -0.48050295200036924 1.9900571011523809 0.22656303641654174 -0.82093869660018892 1.4833814075231553 -0.22261218262120527 -0.36583726557241664 -0.021332248384456919 -0.34975340761792378 0.64831950416411743 -1.6039903328266549 0.085740377444829513 0.22465462879070214 1.1848484883982715 -0.49328416790281021 0.37362928636372089 -1.073077839989411 0.0045718798237973628 0.1660847657064925 -0.56030665995045137 0.4069269093940005 0.13830337358926523
leaf_weight=8948 43 280 7654 98 1247 844 589 64 68 48 2958 241 49 2540 544 4139 1338 355 46 66 349 277 55 42 113 2973 423 87 1332 2799
leaf_count=8948 43 280 7654 98 1247 844 589 64 68 48 2958 241 49 2540 544 4139 1338 355 46 66 349 277 55 42 113 2973 423 87 1332 2799
internal_value=0.00301068 0.330957 -0.05271 0.66682 0.0093985 -0.135551 0.972842 0.798459 0.235196 0.252464 0.143891 -0.213246 0.195079 -0.0657226 -0.00415662 0.035394 -0.197073 0.523113 0.17462 -0.616309 0.589387 0.774078 0.49435 1.24812 -0.406784 0.112734 0.0579097 0.203904 0.172515 0.224996
internal_weight=40609 5897 34712 1307 19839 14873 751 653 4590 556 3486 9346 3206 11488 5527 4983 9105 1104 3157 112 1036 687 410 90 1451 8351 466 3045 5378 4131
internal_count=40609 5897 34712 1307 19839 14873 751 653 4590 556 3486 9346 3206 11488 5527 4983 9105 1104 3157 112 1036 687 410 90 1451 8351 466 3045 5378 4131
is_linear=0
shrinkage=0.03


Tree=101
num_leaves=31
num_cat=0
split_feature=12 0 18 0 15 12 24 34 33 28 27 10 1 15 36 32 7 7 23 4 0 15 13 13 28 41 10 15 7 28
split_gain=833043 240353 211881 154202 139846 139148 120863 123095 106472 101168 80319.5 71695.4 73374.6 69579.6 167641 71556.4 69442 68005.6 67273.5 101899 88885.1 81641.9 66684.4 104589 91674.1 65885.1 55446.5 54732.5 57298.3 52004.4
threshold=246.2154166666667 16.500000000000004 1.0000000180025095e-35 5.5000000000000009 155.70000000000002 61.333333333333336 465.20500000000004 366.76500000000004 144.3425 32499.125000000004 41181.562500000007 427.30000000000007 2.5000000000000004 284.98812500000003 -10.018749999999995 250.00500000000002 10.206597222222223 7.4392361111111134 1.5000000000000002 350.50000000000006 5.5000000000000009 88.211041666666674 153.17000000000004 172.65500000000003 23250.062500000004 8064.4755948651846 -2.4362499999999998 628.70145833333345 4.7725694444444455 25782.687500000004
decision_type=10 2 2 2 10 10 10 10 8 10 8 10 2 10 10 10 2 2 2 2 2 10 10 10 10 10 10 10 2 8
left_child=1 2 5 17 -2 25 13 -8 -3 -7 26 -9 27 14 -6 -16 29 -4 -11 20 -20 -21 -15 -24 -25 -1 -5 28 -13 -10
right_child=4 8 3 10 6 9 7 11 16 18 -12 12 -14 22 15 -17 -18 -19 19 21 -22 -23 23 24 -26 -27 -28 -29 -30 -31
leaf_value=-0.16895129608352336 -0.96950912224128838 -0.00096014543172612537 0.022336369277512112 -1.4689896642078053 2.406286640683609 0.23983950565105067 2.3499247911780379 0.049333508305460065 0.84490986868609552 -0.041279148143519774 -0.17262862264083975 2.0047654427960513 0.57019951629607624 1.088089228901383 0.32427287866185595 0.80813933562106033 -0.42536842261311369 -0.37143497281310378 -0.081452040898748357 0.11150737003065073 0.42769213068224038 -1.5839449502790675 -0.89492548894161328 1.2144166939160446 0.18160096985344651 0.3444684477962362 -0.39472297500405262 0.30885310991243881 0.88217087458867527 0.19768289464821676
leaf_weight=5872 63 6280 2437 43 40 1719 42 128 114 8555 2172 95 359 76 1000 380 157 470 476 51 875 50 76 81 1379 233 3109 43 76 4070
leaf_count=5872 63 6280 2437 43 40 1719 42 128 114 8555 2172 95 359 76 1000 380 157 470 476 51 875 50 76 81 1379 233 3109 43 76 4070
internal_value=0.00173248 -0.0422698 -0.0912911 -0.217181 0.422201 -0.0331697 0.445677 0.788517 0.0780166 0.0273013 -0.313117 0.691752 0.834923 0.361431 0.514536 0.458 0.192244 -0.0414339 -0.00922877 0.179506 0.248377 -0.735126 0.226327 0.183007 0.239693 -0.149303 -0.40984 1.2743 1.51386 0.215515
internal_weight=40521 36683 26062 8231 3838 17831 3775 743 10621 11726 5324 701 573 3032 1420 1380 4341 2907 10007 1452 1351 101 1612 1536 1460 6105 3152 214 171 4184
internal_count=40521 36683 26062 8231 3838 17831 3775 743 10621 11726 5324 701 573 3032 1420 1380 4341 2907 10007 1452 1351 101 1612 1536 1460 6105 3152 214 171 4184
is_linear=0
shrinkage=0.03


Tree=102
num_leaves=31
num_cat=0
split_feature=10 14 18 1 15 8 28 41 5 0 0 0 23 33 2 12 8 39 4 4 14 4 4 4 13 25 4 25 28 13
split_gain=734355 238916 152162 139721 321103 140746 119599 113028 109802 106693 107867 104367 123208 95204.2 84434.7 79574.5 79429.9 72990.4 91861.2 70115.7 119598 93358.7 80119.7 172907 78810.9 67965.6 66708 66444.9 66410 65427.6
threshold=160.92500000000004 418.44000000000005 1.0000000180025095e-35 1.5000000000000002 258.53812500000009 0.11250000000000002 23250.062500000004 1374.3138850538783 42604.125000000007 16.500000000000004 5.5000000000000009 5.5000000000000009 1.5000000000000002 140.75375000000003 3.5000000000000004 58.415416666666665 621.30625000000009 -75.013749999999973 352.50000000000006 244.50000000000003 488.71500000000009 252.50000000000003 272.50000000000006 279.50000000000006 304.53000000000003 311.9752083333334 164.50000000000003 458.07729166666678 30130.000000000004 262.4500000000001
decision_type=10 10 2 2 10 2 10 8 2 2 2 2 2 10 2 10 2 8 2 2 10 2 2 2 10 10 2 10 10 10
left_child=2 8 7 4 -3 -6 -7 26 16 10 -4 15 28 -14 -5 -9 -2 -10 29 20 24 -21 -23 -24 -16 -20 -1 -8 -13 -19
right_child=1 3 9 14 5 6 27 11 17 -11 -12 12 13 -15 19 -17 -18 18 25 21 -22 22 23 -25 -26 -27 -28 -29 -30 -31
leaf_value=-0.24893187870673961 -0.065693451069586822 2.9928406229968796 -0.07289163480423845 -0.77379455734240377 0.11282346444374483 1.9364470167160035 0.94540916064201652 -0.38219996898648939 0.60953736789878155 -0.004850267713521512 -0.31646159543152741 0.36703200087052623 0.14926364216601298 0.58386099372700018 0.34941443864548322 -0.044657928036554363 -1.2885749890923499 0.18218101740586337 -0.061312376260757445 -0.60367137968806273 0.86282831123846504 0.7641113906739706 -1.4990460603746274 0.30065278171775267 -0.86578258486170523 -1.3697829089039251 -0.04972911502188479 -0.32842106223106382 -0.010508497096075228 0.99928176822264991
leaf_weight=2526 1092 58 2594 56 240 99 176 809 373 2704 4435 440 2433 557 305 2808 49 4552 96 111 547 248 53 435 56 56 3772 46 8530 89
leaf_count=2526 1092 58 2594 56 240 99 176 809 373 2704 4435 440 2433 557 305 2808 49 4552 96 111 547 248 53 435 56 56 3772 46 8530 89
internal_value=0.000967301 0.244394 -0.0663256 0.497079 0.885991 0.663233 1.07313 -0.0224168 0.146975 -0.164999 -0.226597 0.0209455 0.0636498 0.230392 0.363733 -0.120239 -0.119292 0.205796 0.174255 0.40045 0.5835 0.20376 0.326187 0.102528 0.159036 -0.549183 -0.129652 0.681173 0.00804962 0.198062
internal_weight=40345 8737 31608 2430 619 561 321 21875 6307 9733 7029 15577 11960 2990 1811 3617 1141 5166 4793 1755 908 847 736 488 361 152 6298 222 8970 4641
internal_count=40345 8737 31608 2430 619 561 321 21875 6307 9733 7029 15577 11960 2990 1811 3617 1141 5166 4793 1755 908 847 736 488 361 152 6298 222 8970 4641
is_linear=0
shrinkage=0.03


Tree=103
num_leaves=31
num_cat=0
split_feature=10 11 15 32 7 8 14 7 5 28 25 15 5 1 28 1 4 5 39 28 1 8 25 7 13 15 35 14 4 7
split_gain=648713 207669 287444 158453 122241 114378 119674 112472 101218 93885.2 97109 89501.6 88757.5 82203.7 77240.8 70900.2 69659.5 68963.7 68379.8 67425.5 63669.2 67149.1 58952.8 55463.6 53960.1 56923.6 53240.2 52479 52270.4 52638.8
threshold=160.92500000000004 320.88000000000005 258.53812500000009 4.5525000000000011 5.5329861111111134 0.11250000000000002 625.65500000000009 7.5434027777777795 53300.312500000007 45215.187500000007 443.54708333333343 167.20895833333336 57205.250000000007 3.5000000000000004 39371.763750000006 4.5000000000000009 355.50000000000006 52701.500000000007 -18.809999999999992 23250.062500000004 2.5000000000000004 533.68750000000011 458.07729166666678 8.2864583333333375 161.94000000000003 284.98812500000003 132.05875000000003 215.80500000000004 280.50000000000006 5.0989583333333348
decision_type=10 10 10 10 2 2 10 2 2 10 10 10 2 2 10 2 2 2 10 10 2 2 10 2 10 10 10 10 2 2
left_child=3 7 -3 11 20 -4 15 8 26 10 18 -1 16 -8 -14 19 23 -9 -10 -7 -5 -22 -21 -6 -20 -26 28 -25 -2 -30
right_child=1 2 5 4 12 6 13 17 9 -11 -12 -13 14 -15 -16 -17 -18 -19 24 22 21 -23 -24 27 25 -27 -28 -29 29 -31
leaf_value=-0.21799332439776553 0.16004509653201382 2.6599478117587432 0.13090442187217444 0.09177860198072102 -0.10512598265639435 1.6379394830414589 1.349365958454102 -0.57320771956575756 0.82468232310030465 0.016189846014676618 -0.77350709815605956 -1.2850959060589471 0.43203974345679025 0.33347587096340514 -0.025160893186027784 -0.14316855837191855 -0.61057397512123746 0.0022148821229491327 0.15913591402229674 0.53856232603326415 -0.0040309325315848648 -0.27242635598807019 -0.42505694549410572 -0.26125611816050298 0.64428840164084522 -0.01058923201102378 -0.48745318562408968 -1.0959358426089019 0.16475397730736355 -0.44845255353666369
leaf_weight=4205 2402 52 777 6299 7637 46 253 270 394 640 57 71 373 101 3001 167 290 608 595 768 7293 947 61 1565 699 144 144 70 227 281
leaf_count=4205 2402 52 777 6299 7637 46 253 270 394 640 57 71 373 101 3001 167 290 608 595 768 7293 947 61 1565 699 144 144 70 227 281
internal_value=-0.00330092 0.226419 0.476328 -0.0661496 -0.0397065 0.422874 0.585172 0.140296 0.189933 0.330267 0.436612 -0.236008 -0.106788 1.06128 0.0254963 0.422562 -0.153463 -0.175188 0.474665 0.530575 0.0199824 -0.0349062 0.46723 -0.139102 0.378257 0.532543 0.0736524 -0.29764 0.101576 -0.174656
internal_weight=40437 8686 2225 31751 27475 2173 1396 6461 5583 2529 1889 4276 12936 354 3374 1042 9562 878 1832 875 14539 8240 829 9272 1438 843 3054 1635 2910 508
internal_count=40437 8686 2225 31751 27475 2173 1396 6461 5583 2529 1889 4276 12936 354 3374 1042 9562 878 1832 875 14539 8240 829 9272 1438 843 3054 1635 2910 508
is_linear=0
shrinkage=0.03


Tree=104
num_leaves=31
num_cat=0
split_feature=10 14 41 37 7 8 6 7 27 5 5 28 7 30 39 28 7 0 14 14 16 4 0 18 0 16 38 37 5 28
split_gain=701775 236119 151294 134101 129588 105832 119152 163960 151286 105140 99483.6 110133 96447.1 90818.6 67974.4 67779.3 70977.2 64718.8 64494.6 68387.3 60329.2 59501.6 58101.1 64753.7 78262.4 64047.6 59957.1 58092.5 54670.6 81248.7
threshold=149.61250000000004 418.44000000000005 6719.8400893105872 -4.6687500000000002 6.3767361111111134 0.11250000000000002 3.0253303964757712 4.7517361111111134 25142.895833333336 40906.250000000007 50802.187500000007 34045.45203125001 9.9357638888888911 0.22500000000000003 -102.05374999999999 24814.437500000004 4.1718750000000009 17.500000000000004 378.58500000000009 209.59625000000003 12524.676816973219 356.50000000000006 16.500000000000004 1.0000000180025095e-35 5.5000000000000009 2027.3470759880338 -104.64374999999997 55.210000000000015 57205.250000000007 43899.500000000007
decision_type=10 10 10 10 2 2 2 2 10 2 2 10 2 8 8 10 2 2 10 10 10 2 2 2 2 10 8 10 2 10
left_child=2 9 4 -3 13 -5 7 -7 17 18 21 -12 14 -1 -11 -10 -17 -8 19 -2 -13 -6 23 25 -25 26 -15 -21 -16 -30
right_child=1 3 -4 5 10 6 8 -9 15 12 11 20 -14 22 28 16 -18 -19 -20 27 -22 -23 -24 24 -26 -27 -28 -29 29 -31
leaf_value=-0.30313289135951299 -0.4648356713010714 2.1555177499992508 0.16993271240625601 0.21414215153489211 -0.24794941853178457 0.43419165335919541 0.69099275963647022 3.0682089274958138 -0.77608856189709441 0.76337356344331053 0.52827242884039882 -0.065439366855253214 -0.37925871382138121 1.058691971722771 0.10421883737614533 0.79835150394843868 0.15427651792422109 1.3778541391172809 -0.98012141356220495 0.18092546416926947 -0.41282013011619728 -0.91341528217473456 0.070595243361783661 0.011078935542132049 -0.25187190492781342 -0.15403906531054787 0.026294343550509823 -0.77669081520466576 0.42815684100418672 0.088623411889743653
leaf_weight=1116 285 41 2233 1045 5146 45 391 40 51 191 259 3666 262 50 3113 218 521 183 76 600 512 123 4381 1652 2656 2129 6957 62 1559 1070
leaf_count=1116 285 41 2233 1045 5146 45 391 40 51 191 259 3666 262 50 3113 218 521 183 76 600 512 123 4381 1652 2656 2129 6957 62 1559 1070
internal_value=0.00220896 0.224041 -0.0678584 0.473069 -0.0863993 0.444558 0.610468 1.69499 0.541692 0.136528 -0.175528 -0.0708409 0.183054 -0.0407198 0.207945 0.271826 0.345096 0.91199 -0.145125 -0.0771501 -0.108098 -0.263654 -0.0242744 -0.0551926 -0.151058 -0.00997635 0.0338113 0.0902031 0.18934 0.290053
internal_weight=40633 9753 30880 2535 28647 2494 1449 85 1364 7218 9706 4437 6195 18941 5933 790 739 574 1023 947 4178 5269 17825 13444 4308 9136 7007 662 5742 2629
internal_count=40633 9753 30880 2535 28647 2494 1449 85 1364 7218 9706 4437 6195 18941 5933 790 739 574 1023 947 4178 5269 17825 13444 4308 9136 7007 662 5742 2629
is_linear=0
shrinkage=0.03


Tree=105
num_leaves=31
num_cat=0
split_feature=11 6 7 34 33 32 8 16 15 23 8 28 32 12 14 32 5 34 7 32 13 4 23 33 4 15 14 15 4 6
split_gain=655363 169451 180193 157954 238714 138519 86395 98423 85675.9 84571.2 97205 94140.2 78474 79305.9 90389 70838.4 67488.6 65596.9 65428.6 63863.9 58971.8 63764.2 57529.5 53325 53269.5 53557.3 54673.9 53071.4 105575 93007.1
threshold=200.00500000000002 6.1273127753303971 8.4427083333333375 301.63000000000005 292.96500000000009 125.00375000000001 604.07500000000016 3500.5956105060945 167.20895833333336 5.5000000000000009 0.11250000000000002 22538.562500000004 156.82500000000002 443.54708333333343 506.41500000000002 19.171250000000004 44005.562500000007 244.01000000000002 4.414930555555558 156.82500000000002 262.4500000000001 259.50000000000006 5.5000000000000009 135.58500000000004 186.50000000000003 272.38666666666671 425.09000000000009 458.07729166666678 272.50000000000006 10.40594713656388
decision_type=10 2 2 10 10 10 2 10 10 2 2 10 10 10 10 10 2 10 2 10 10 2 2 10 2 10 10 10 2 2
left_child=1 23 5 18 -5 6 7 8 17 10 -6 -12 13 14 -11 -10 19 -3 -2 -4 21 -14 -8 -1 25 -13 -27 28 -26 -30
right_child=3 2 16 4 9 -7 22 -9 15 12 11 24 20 -15 -16 -17 -18 -19 -20 -21 -22 -23 -24 -25 27 26 -28 -29 29 -31
leaf_value=0.035598397609121285 0.39386303547297691 -0.018528542114704966 -0.50043538554668321 2.3688755722754986 0.2413364335442256 0.096571456644214376 -0.17070110922734816 -0.18524851244837381 -1.5872321634739637 -0.15575449512325801 1.8855125503880636 0.81891123898651286 0.67495925246058275 0.51364743266465518 -1.5156298529474359 -0.32494951900863933 -0.2264547810676325 1.1040050237736803 0.083129776279208645 -1.7207528744425094 0.89584484245262885 -0.57047008820482203 -0.52823605381760874 0.23742046369055209 1.2285182473997946 0.64143352472782122 -0.49001060069721436 0.38801864592674284 0.66903995460672339 -0.87314575169144604
leaf_weight=2913 796 14885 514 57 715 4835 1576 4458 47 194 55 91 73 105 56 246 2400 46 2601 41 152 73 545 1978 353 59 106 288 252 40
leaf_count=2913 796 14885 514 57 715 4835 1576 4458 47 194 55 91 73 105 56 246 2400 46 2601 41 152 73 545 1978 353 59 106 288 252 40
internal_value=0.0042724 -0.0463134 -0.0733496 0.291803 0.464478 -0.0486878 -0.0809032 -0.0612915 -0.0249837 0.422029 0.520552 0.68071 0.126116 -0.175046 -0.465191 -0.532142 -0.295573 -0.0149965 0.156037 -0.593518 0.484269 0.0526 -0.262777 0.11725 0.623442 0.23889 -0.0840068 0.728588 0.87982 0.455523
internal_weight=40550 34484 29593 6066 2669 26638 21803 19682 15224 2612 1959 1244 653 355 250 293 2955 14931 3397 555 298 146 2121 4891 1189 256 165 933 645 292
internal_count=40550 34484 29593 6066 2669 26638 21803 19682 15224 2612 1959 1244 653 355 250 293 2955 14931 3397 555 298 146 2121 4891 1189 256 165 933 645 292
is_linear=0
shrinkage=0.03


Tree=106
num_leaves=31
num_cat=0
split_feature=10 7 5 31 11 5 28 5 0 28 7 33 10 29 38 39 5 7 25 5 28 4 16 9 14 7 4 33 28 5
split_gain=575464 155706 151604 136626 125372 102821 132404 202943 92559.9 80614 74991.4 74887 65357.4 64309.3 62158.5 61616.1 61219.8 60221.5 56005.5 57777.5 67165.3 55155.5 50501.3 50458.3 48455.8 48330.5 46688.8 51915.2 46358.3 72863
threshold=202.95750000000004 5.8489583333333348 51956.250000000007 390.00500000000005 24.695000000000004 43800.312500000007 31402.937500000004 62302.250000000007 16.500000000000004 42845.000000000007 10.071180555555559 142.02000000000001 446.94500000000005 92.298750000000013 498.86000000000007 -75.013749999999973 49506.250000000007 8.5017361111111125 458.07729166666678 57402.125000000007 45515.497968750009 357.50000000000006 5562.0051106596266 -23.451249999999998 209.59625000000003 6.9288194444444473 359.50000000000006 137.75500000000002 41960.066875000011 73006.250000000015
decision_type=10 2 2 10 8 2 10 2 2 10 2 10 10 8 10 10 2 2 10 2 10 2 10 10 10 2 2 10 10 2
left_child=1 4 8 5 23 12 7 15 17 26 18 -6 13 -2 -5 16 -7 21 19 -8 28 -3 -13 -1 -19 -15 27 -4 29 -21
right_child=3 2 9 14 11 6 10 -9 -10 -11 -12 22 -14 25 -16 -17 -18 24 -20 20 -22 -23 -24 -25 -26 -27 -28 -29 -30 -31
leaf_value=-0.96179084015426353 -1.1137835039926129 -0.21193794785478781 0.031161128313976487 0.51471147132511352 -0.0004065769845401519 0.49137091719291426 -0.0146243142396824 2.5001962141593297 -0.0614914912675723 -0.095469959579426944 -0.5881536392937019 0.1547103650701277 -0.80306718532035226 0.14543094423023648 1.3312071206492762 0.35737274785490408 1.5170126600680724 -0.41948070496771478 -0.83913346036951586 0.090423392865513791 -0.02261409473560571 -1.0069551532678305 -0.3803266816168297 -0.13112378228240931 -1.2121430363416672 -0.55832041742470195 -0.49810896051740183 0.31801139681027052 0.59872102127760463 1.0660573164448142
leaf_weight=66 42 4551 1318 916 10879 131 729 44 2776 3719 117 5047 94 846 92 1095 88 999 46 498 414 79 163 3819 74 97 102 997 627 79
leaf_count=66 42 4551 1318 916 10879 131 729 44 2776 3719 117 5047 94 846 92 1095 88 999 46 498 414 79 163 3819 74 97 102 997 627 79
internal_value=-9.72141e-05 -0.0469957 -0.121403 0.27227 0.00745171 0.207325 0.279546 0.518075 -0.203591 -0.00781759 0.150339 0.0443866 -0.0515921 0.020864 0.590478 0.449852 0.908523 -0.272737 0.186676 0.20713 0.306991 -0.225718 0.137901 -0.145479 -0.475225 0.0725261 0.127035 0.154783 0.420251 0.225616
internal_weight=40544 34589 14615 5955 19974 4947 3868 1358 8479 6136 2510 16089 1079 985 1008 1314 219 5703 2393 2347 1618 4630 5210 3885 1073 943 2417 2315 1204 577
internal_count=40544 34589 14615 5955 19974 4947 3868 1358 8479 6136 2510 16089 1079 985 1008 1314 219 5703 2393 2347 1618 4630 5210 3885 1073 943 2417 2315 1204 577
is_linear=0
shrinkage=0.03


Tree=107
num_leaves=31
num_cat=0
split_feature=10 11 41 14 10 7 6 16 5 4 28 5 28 25 32 18 23 28 7 26 4 28 25 37 16 22 38 4 4 5
split_gain=507525 168098 134035 107902 133057 101200 101175 93911 92996.9 87727.1 83477.3 81448.3 78235.6 84450.5 93069.2 67153.2 80252.8 73020 63678.3 61220.2 60955 74117.2 62574.6 59931.7 56287.6 56028.3 55321.1 54905.5 53458.2 51823.2
threshold=149.61250000000004 343.72000000000008 8437.1933288623495 75.593750000000014 -23.451249999999998 8.0260416666666696 4.4074889867841422 6358.5057919720302 36000.812500000007 240.50000000000003 25782.687500000004 47906.250000000007 30825.875000000004 443.54708333333343 359.87500000000006 1.0000000180025095e-35 1.5000000000000002 30130.000000000004 4.5954861111111134 41684.500000000007 242.50000000000003 22538.562500000004 443.54708333333343 111.355 4242.1054118381089 1.0000000180025095e-35 -27.314999999999998 361.50000000000006 280.50000000000006 58306.250000000007
decision_type=10 10 10 10 8 2 2 10 2 2 10 2 10 10 10 2 2 10 2 8 2 10 10 8 10 2 10 2 2 2
left_child=2 5 3 4 -1 11 -7 15 9 -3 20 23 -13 14 24 16 17 -5 -12 -17 21 -10 -22 28 25 -14 -19 -28 -2 -8
right_child=1 8 -4 7 -6 6 29 -9 10 -11 18 12 13 -15 -16 19 -18 26 -20 -21 22 -23 -24 -25 -26 -27 27 -29 -30 -31
leaf_value=-1.7877015903909155 0.12228398792725308 0.37688689221938448 0.2047410484808205 0.31548517402888115 -0.18401850709568185 0.71038574412769195 -0.55430507310474042 -0.21455680214264664 1.7613862481751019 -1.397966469906746 0.65806372256459367 0.56203528502687294 0.23311553047133701 -0.80377092494964597 1.3757023263368451 -0.16908913486925892 0.15430949223226786 0.11164403853531564 0.13511963542649702 0.029682577201427539 0.88382521631432243 0.75541524683043015 0.068128686917513184 -0.55656998824175086 -0.42187925309635871 -0.71601185974321857 -0.062424561285389361 -0.79104459930132043 -0.27967269436304654 -0.037386441030742033
leaf_weight=46 2217 53 1625 540 5194 97 382 2708 78 46 303 602 3285 74 60 4486 2756 1798 677 2023 141 429 210 145 128 56 9605 93 343 321
leaf_count=46 2217 53 1625 540 5194 97 382 2708 78 46 303 602 3285 74 60 4486 2756 1798 677 2023 141 429 210 145 128 56 9605 93 343 321
internal_value=-0.0010234 0.188902 -0.0603725 -0.075108 -0.198435 0.126101 -0.193158 -0.0481846 0.438682 -0.453525 0.48696 0.163086 0.245679 0.19268 0.213796 -0.0270246 0.00831122 -0.0251295 0.297311 -0.107316 0.702976 0.913343 0.397382 0.0346487 0.193309 0.216997 -0.0411552 -0.0694926 0.0683399 -0.318661
internal_weight=40521 9647 30874 29249 5240 7710 800 24009 1937 99 1838 6910 4205 3603 3529 21301 14792 12036 980 6509 858 507 351 2705 3469 3341 11496 9698 2560 703
internal_count=40521 9647 30874 29249 5240 7710 800 24009 1937 99 1838 6910 4205 3603 3529 21301 14792 12036 980 6509 858 507 351 2705 3469 3341 11496 9698 2560 703
is_linear=0
shrinkage=0.03


Tree=108
num_leaves=31
num_cat=0
split_feature=11 6 7 7 1 11 24 32 5 13 14 28 39 22 27 7 8 13 8 41 5 4 14 14 28 39 16 41 7 38
split_gain=467214 155184 166216 138864 111652 111037 83337.7 161549 76008.2 73378.2 72813.7 68909.6 75105.4 68014.8 65996.4 65916.1 60347.3 57286.3 52722.9 52255.4 51540.2 76515.1 176773 81528.7 54067.9 49629.1 47171.3 46574 45732.4 44881.6
threshold=200.00500000000002 6.7528634361233495 7.5434027777777795 5.7656250000000018 1.5000000000000002 64.128750000000011 465.20500000000004 179.89500000000001 43179.937500000007 293.64000000000004 220.38000000000002 43734.625000000007 -23.123749999999998 1.0000000180025095e-35 27049.395833333336 4.9253472222222241 604.07500000000016 37.070000000000007 524.60000000000002 4990.9805828771141 57402.125000000007 272.50000000000006 347.71000000000004 576.00000000000011 30130.000000000004 1.0000000180025095e-35 2901.8244439513869 23682.162064527587 10.565972222222223 36.215000000000011
decision_type=10 2 2 2 2 10 10 10 2 10 10 8 10 2 10 2 2 10 2 8 2 2 8 10 10 10 8 10 2 10
left_child=1 11 5 4 6 16 -2 -8 10 18 -4 12 19 20 -10 -7 26 -15 -6 -1 21 23 -23 -5 -22 -11 -3 -13 -16 -26
right_child=3 2 8 13 9 15 7 -9 14 25 -12 27 -14 17 28 -17 -18 -19 -20 -21 24 22 -24 -25 29 -27 -28 -29 -30 -31
leaf_value=-0.20614815698886238 0.50909223015614335 0.0054233681359147573 -0.40990614988081731 0.019063602782028205 0.18600074259082156 0.085966420141192476 0.67412359520922538 2.8793092818085739 0.8227331479285227 0.41837750114863775 -1.5877642956733702 0.013080831682865317 0.12571080821604672 0.24649410271439059 -0.14627494299137922 -0.044698499539078888 -0.28923109310690071 -0.92732875214558896 -0.44171411328298527 0.65247629447971001 1.1852574927679131 -0.087803001633346672 -1.8993643899210566 0.79117649067948737 0.40761958503869039 1.3051606708957302 -0.14040925646745059 0.94405470398615809 -0.44443568243500259 -0.012213914239509099
leaf_weight=73 939 3233 909 884 1498 6387 114 40 58 722 49 3722 1357 57 3265 7618 1532 106 130 483 55 296 57 142 525 61 5217 48 539 406
leaf_count=73 939 3233 909 884 1498 6387 114 40 58 722 49 3722 1357 57 3265 7618 1532 106 130 483 55 296 57 142 525 61 5217 48 539 406
internal_value=-0.00104021 -0.0436428 -0.0719072 0.242522 0.364759 -0.0395995 0.6162 1.26178 -0.232647 0.250563 -0.471744 0.099616 0.246217 0.0730141 -0.17323 0.0148933 -0.116048 -0.517851 0.135636 0.539576 0.113939 -0.00451529 -0.384861 0.126592 0.279444 0.489039 -0.0846191 0.0251813 -0.188628 0.224718
internal_weight=40522 34490 28807 6032 3504 23987 1093 154 4820 2411 958 5683 1913 2528 3862 14005 9982 163 1628 556 2365 1379 353 1026 986 783 8450 3770 3804 931
internal_count=40522 34490 28807 6032 3504 23987 1093 154 4820 2411 958 5683 1913 2528 3862 14005 9982 163 1628 556 2365 1379 353 1026 986 783 8450 3770 3804 931
is_linear=0
shrinkage=0.03


Tree=109
num_leaves=31
num_cat=0
split_feature=10 11 15 41 14 10 5 6 27 1 27 0 35 23 0 17 6 15 5 5 29 39 1 10 22 41 0 27 0 18
split_gain=487759 180814 139189 130025 103266 109676 102310 88429.1 84901.6 68870.5 68001.6 66763 59902.4 57469.8 57449.1 83288.5 67568.8 76857.8 80558.9 57053.7 69301.8 65420.4 83252.7 82858.7 56412.4 53497.7 50524.7 47749.2 44582.2 84966.6
threshold=160.92500000000004 343.72000000000008 284.98812500000003 7687.9710689938156 75.593750000000014 -23.451249999999998 35812.625000000007 6.2292951541850234 31342.096510416672 1.0000000180025095e-35 41231.270833333336 5.5000000000000009 216.90625000000003 2.5000000000000004 16.500000000000004 5.1542000000000012 10.8352422907489 171.18250000000003 50256.250000000007 48206.250000000007 584.65375000000006 -76.402499999999989 1.5000000000000002 396.59500000000008 1.0000000180025095e-35 -11507.352955209573 15.500000000000002 48400.291666666672 16.500000000000004 1.0000000180025095e-35
decision_type=10 10 10 10 8 8 2 2 8 2 10 2 10 2 2 8 2 10 2 2 10 10 2 10 2 10 2 10 2 2
left_child=3 7 -3 4 5 -1 -4 27 -6 11 19 -10 24 -12 15 25 -17 -18 -19 20 -8 22 -21 -23 28 -11 -7 -2 29 -9
right_child=1 2 6 -5 8 26 10 12 9 14 13 -13 -14 -15 -16 16 17 18 -20 21 -22 23 -24 -25 -26 -27 -28 -29 -30 -31
leaf_value=-1.5333642172482278 0.37518452915064698 1.7265917260646819 -0.57481572550731697 0.1842477528595893 0.14830234744262838 -0.23994459813885027 0.25615537973369662 0.13938787694899701 -0.160047898211266 -0.34898132850554087 0.2539181122366263 0.18016457424467283 -0.92059501114758568 -0.8682944414490148 0.0079937047664832839 -0.041825257017792467 -0.18401296872001019 -1.3778634469617497 0.001160139867237636 2.2044521433540751 1.1097652333053118 0.28376640477234266 0.46921476100353482 0.9799259675372588 -0.70056943452142806 0.060078476876931956 -0.039790706333378272 -0.038488629140034064 0.20554301521081464 -0.18934996135423385
leaf_weight=53 1535 74 90 1982 1962 3446 740 1912 713 316 146 1902 54 56 5334 3715 7356 98 62 55 96 337 46 284 82 3117 1693 300 1821 1122
leaf_count=53 1535 74 90 1982 1962 3446 740 1912 713 316 146 1902 54 56 5334 3715 7356 98 62 55 96 337 46 284 82 3117 1693 300 1821 1122
internal_value=0.00368309 0.201988 0.458791 -0.0509743 -0.0666419 -0.188195 0.407173 0.129548 -0.0409546 -0.0573812 0.457686 0.0873773 0.0640482 -0.0599351 -0.0763137 -0.106979 -0.146505 -0.198233 -0.846804 0.524793 0.355386 0.720186 1.42649 0.603202 0.0750023 0.0223348 -0.174026 0.30757 0.0882431 0.0177954
internal_weight=40499 8750 1924 31749 29767 5192 1850 6826 24575 22613 1760 2615 4991 202 19998 14664 11231 7516 160 1558 836 722 101 621 4937 3433 5139 1835 4855 3034
internal_count=40499 8750 1924 31749 29767 5192 1850 6826 24575 22613 1760 2615 4991 202 19998 14664 11231 7516 160 1558 836 722 101 621 4937 3433 5139 1835 4855 3034
is_linear=0
shrinkage=0.03


Tree=110
num_leaves=31
num_cat=0
split_feature=10 11 7 6 5 26 27 5 11 4 4 28 7 16 7 35 32 39 6 25 40 15 32 27 15 11 5 36 5 28
split_gain=442104 133671 125893 129465 103980 178783 104501 108727 101845 86377.4 91372.8 69952.7 63834.3 61406.8 58355.5 68375.3 55618.6 57587.6 55387.7 54803.5 52385.1 52161.7 63079.4 51269.4 68235.6 71450.7 50240.3 57745 47425.4 72431.4
threshold=202.95750000000004 367.71000000000009 5.8489583333333348 10.553964757709254 71712.500000000015 40422.073750000003 27931.895833333339 43376.250000000007 23.573750000000004 239.50000000000003 223.50000000000003 22538.562500000004 10.565972222222223 12524.676816973219 7.1128472222222241 132.05875000000003 147.62500000000003 -78.616249999999994 6.650881057268724 383.62437500000004 -94.454999999999998 458.07729166666678 151.32125000000002 30324.104166666672 171.18250000000003 197.64875000000004 36934.500000000007 31.860000000000003 51201.000000000007 45350.062500000007
decision_type=10 10 2 2 2 10 10 2 10 2 2 10 2 10 2 10 10 10 2 10 8 10 10 10 10 10 2 10 2 10
left_child=2 14 8 13 6 -6 7 9 -1 10 -3 -9 23 20 15 28 -10 -18 -16 -17 -4 -13 -23 -5 -25 -26 -11 -28 -2 -30
right_child=1 4 3 12 5 -7 -8 11 16 26 -12 21 -14 -15 18 19 17 -19 -20 -21 -22 22 -24 24 25 -27 27 -29 29 -31
leaf_value=-0.12733081725242612 0.13064461643031985 -0.094358991327194067 0.41852134656620349 0.054951246251306755 2.9370474619981719 0.45361384992261189 -0.067661799714314158 1.5978011059910058 0.019752879254640244 -1.0925439755121866 1.1325256709320919 0.91389157044506353 -0.55448212848047296 -0.31344165248565303 0.26498248346982062 -0.026293581353411789 0.73176086826966358 0.13645094103603525 -0.26094501207236115 -1.0495898428251003 0.0059475854593623954 -0.098989001461800105 0.73960733073361606 -0.17073043623848122 -1.1593078099248064 -0.22046506262468005 0.52238028091531763 -0.70637331911286361 0.46347059052947298 -0.031187535556299342
leaf_weight=3883 1560 103 291 861 40 73 323 79 13469 53 115 343 394 519 276 251 155 2360 515 57 5385 140 189 6874 130 166 78 60 1298 335
leaf_count=3883 1560 103 291 861 40 73 323 79 13469 53 115 343 394 519 276 251 155 2360 515 57 5385 140 189 6874 130 166 78 60 1298 335
internal_value=0.00231095 0.242542 -0.0387098 -0.105523 0.476879 1.35076 0.409427 0.542216 0.0104607 0.14815 0.555067 0.756344 -0.182069 -0.00141184 0.155312 0.207882 0.0439404 0.173416 -0.0773327 -0.218454 0.0271696 0.655196 0.383539 -0.163731 -0.189996 -0.63531 -0.316761 -0.0130988 0.249062 0.362038
internal_weight=40375 5888 34487 14620 1596 113 1483 1160 19867 409 218 751 8425 6195 4292 3501 15984 2515 791 308 5676 672 329 8031 7170 296 191 138 3193 1633
internal_count=40375 5888 34487 14620 1596 113 1483 1160 19867 409 218 751 8425 6195 4292 3501 15984 2515 791 308 5676 672 329 8031 7170 296 191 138 3193 1633
is_linear=0
shrinkage=0.03


Tree=111
num_leaves=31
num_cat=0
split_feature=11 7 22 8 7 11 16 5 28 5 4 34 33 1 8 13 10 24 6 12 33 4 27 13 5 6 38 35 15 27
split_gain=383780 153399 110161 109114 114824 106621 90490.7 76201.1 78861.7 68912.9 185991 113249 68152.6 60889.6 59501.6 58912.9 58269.7 56531.9 53890.7 51814.7 48740.8 47526.4 47470.1 59002 54947.9 45246.8 44526.6 43578.1 43521.4 42683.4
threshold=150.79500000000004 5.446180555555558 1.0000000180025095e-35 415.70625000000007 9.1128472222222268 343.72000000000008 5688.1073892065997 39206.250000000007 30825.875000000004 48402.625000000007 272.50000000000006 200.02500000000003 361.39000000000004 3.5000000000000004 575.13125000000014 37.070000000000007 -2.4362499999999998 379.87500000000006 21.29162995594714 458.07729166666678 126.73375000000001 68.500000000000014 45776.812500000007 57.760000000000012 73006.250000000015 27.323788546255518 -36.089999999999989 145.46750000000003 213.82187500000003 31804.515520833334
decision_type=10 2 2 2 2 10 10 2 8 2 2 10 10 2 2 10 10 10 2 10 10 2 10 10 2 2 10 8 10 10
left_child=3 5 9 4 6 27 7 -1 -9 10 14 28 17 25 -3 -4 -15 22 -8 21 -10 -14 23 -11 29 -5 -22 -2 -12 -25
right_child=1 2 15 13 -6 -7 18 8 20 12 11 -13 19 16 -16 -17 -18 -19 -20 -21 26 -23 -24 24 -26 -27 -28 -29 -30 -31
leaf_value=-0.10021627246069351 0.22784987833413964 0.14046907878213963 0.068786348938941963 -0.13727902797506045 -0.25700265456215798 0.54454058175275299 -0.18546040218639279 0.34792683148072162 -0.012906154499037769 0.57398780524021398 -0.4910952547214617 -1.2675293596679309 1.5709050006124208 -1.3242510819807647 -1.0223720025743652 -0.97182737154265242 -0.26749538984115667 -0.93112201246230486 0.37612923032086754 -0.23541340802845201 0.36670904986693653 0.55246192213712308 -0.18468798418710494 0.34590426283283893 0.67702191095952302 0.17639214414997623 0.071534698516362377 -0.28125474620280383 0.3990777548189674 -0.017329055069673957
leaf_weight=4196 3673 1168 74 2554 1818 1079 3063 729 9582 301 168 158 52 47 40 143 2340 45 161 56 502 197 364 381 145 493 5387 157 69 1224
leaf_count=4196 3673 1168 74 2554 1818 1079 3063 729 9582 301 168 158 52 47 40 143 2340 45 161 56 502 197 364 381 145 493 5387 157 69 1224
internal_value=-0.00210138 0.164695 0.0399021 -0.0533995 -0.027329 0.281219 -0.00964121 0.0137071 0.043219 0.0727341 -0.0837317 -0.647972 0.163442 -0.175415 0.101151 -0.618276 -0.288849 0.110871 -0.157308 0.585709 0.0288394 0.770582 0.130665 0.186694 0.11979 -0.0864863 0.0967544 0.206913 -0.231343 0.0690581
internal_weight=40366 9494 4585 30872 25438 4909 23620 20396 16200 4368 1603 395 2765 5434 1208 217 2387 2460 3224 305 15471 249 2415 2051 1750 3047 5889 3830 237 1605
internal_count=40366 9494 4585 30872 25438 4909 23620 20396 16200 4368 1603 395 2765 5434 1208 217 2387 2460 3224 305 15471 249 2415 2051 1750 3047 5889 3830 237 1605
is_linear=0
shrinkage=0.03


Tree=112
num_leaves=31
num_cat=0
split_feature=11 0 18 0 14 4 6 5 24 23 0 6 7 14 27 23 28 8 29 40 4 14 4 14 4 10 39 33 11 0
split_gain=372040 160347 162871 152582 135512 97708.7 88371.1 72710.5 80397.2 70960.7 117442 68919.9 65870.6 62204.9 61948.4 60417.7 61811.4 59987.9 55475 54864.8 50615.7 70362.8 62690.3 125390 92850.5 48329.1 46488.9 43981.7 42809.9 41217.7
threshold=272.52000000000004 16.500000000000004 1.0000000180025095e-35 5.5000000000000009 116.20000000000002 350.50000000000006 0.684581497797357 45903.437500000007 173.16625000000002 2.5000000000000004 5.5000000000000009 31.152202643171815 5.2864583333333348 232.05000000000004 31096.770833333339 2.5000000000000004 41586.812500000007 228.15625000000003 488.63750000000005 -64.874999999999986 293.50000000000006 336.83500000000009 272.50000000000006 479.90500000000003 269.50000000000006 -2.4362499999999998 -62.842499999999994 161.76750000000001 173.24500000000003 5.5000000000000009
decision_type=10 2 2 2 10 2 2 2 10 2 2 2 2 10 10 2 10 2 10 10 2 10 2 10 2 10 10 10 10 2
left_child=1 2 4 13 29 6 -2 8 25 14 -11 18 27 28 -6 -7 -17 -16 20 -12 22 -22 24 26 -8 -5 -24 -3 -4 -1
right_child=5 12 3 7 9 15 11 -9 -10 10 19 -13 -14 -15 17 16 -18 -19 -20 -21 21 -23 23 -25 -26 -27 -28 -29 -30 -31
leaf_value=-0.21057306844099255 1.507160002052784 0.096062000275795062 -0.037225100895265151 -1.2776383069981918 0.22189637718989919 0.12653557799966073 0.22399441760588507 -0.13431273223769388 -0.94542955729545963 -0.088703172756536941 1.0915066413364365 1.4823835264875533 0.0090044437668153222 0.35063850649283268 0.041008182222072649 -1.1565654675768955 0.23720903106711128 -0.14185160596631402 0.64078670134117299 0.35909054759302833 1.2783840072884851 0.3330072499760266 0.88068489646911619 -1.4178162826838032 1.4771466464346106 -0.30727074634556423 -0.20955171428772867 0.30736147172636419 -0.75978733813292099 -0.063485084956650659
leaf_weight=2673 59 2840 2552 46 1161 239 1680 2125 197 627 102 46 6530 383 5468 83 43 2290 417 897 97 260 54 61 54 3122 97 1289 75 4783
leaf_count=2673 59 2840 2552 46 1161 239 1680 2125 197 627 102 46 6530 383 5468 83 43 2290 417 897 97 260 54 61 54 3122 97 1289 75 4783
internal_value=-0.00325167 -0.0299449 -0.0694665 -0.177689 -0.0183572 0.307608 0.367276 -0.27179 -0.358541 0.0508551 0.233056 0.342426 0.068313 -0.00602269 0.0176161 -0.15395 -0.68279 -0.0129795 0.322609 0.434888 0.264744 0.592728 0.204301 -0.281704 0.263849 -0.321759 0.183563 0.162084 -0.0581353 -0.116238
internal_weight=40350 37160 26501 8500 18001 3190 2825 5490 3365 10545 1626 2766 10659 3010 8919 365 126 7758 2720 999 2303 357 1946 212 1734 3168 151 4129 2627 7456
internal_count=40350 37160 26501 8500 18001 3190 2825 5490 3365 10545 1626 2766 10659 3010 8919 365 126 7758 2720 999 2303 357 1946 212 1734 3168 151 4129 2627 7456
is_linear=0
shrinkage=0.03


Tree=113
num_leaves=31
num_cat=0
split_feature=10 11 41 12 27 7 6 7 33 7 6 35 0 1 8 1 8 25 4 0 8 8 27 0 0 12 26 0 6 25
split_gain=387520 180793 109350 92734.2 82770 81889.9 92548 76844.6 89347.1 76509.9 72019.8 68664.9 65130.3 55140.8 67005.1 54288.4 59295.6 60390.2 56311.2 53123.2 53077 51044 86859 50083.3 49971.2 47348.7 45924.5 44160.6 42667.1 42364.8
threshold=149.61250000000004 367.71000000000009 4777.0767144197898 41.885000000000005 31804.515520833334 7.3072916666666687 4.995814977973569 6.1475694444444473 280.01000000000005 7.0225694444444473 10.8352422907489 145.46750000000003 15.500000000000002 1.0000000180025095e-35 139.54375000000002 1.5000000000000002 0.13750000000000004 295.79687500000006 311.50000000000006 17.500000000000004 493.56250000000006 660.29375000000016 40651.857343750009 5.5000000000000009 6.5000000000000009 174.155 26307.380000000001 15.500000000000002 8.029295154185025 282.46229166666677
decision_type=10 10 10 8 8 2 2 2 10 2 2 8 2 2 2 2 2 10 2 2 2 2 10 2 2 10 10 2 2 10
left_child=2 5 3 12 28 11 -7 8 -3 13 -11 15 21 23 -15 16 -2 18 -18 -10 -17 -1 -23 -6 -8 27 -21 -16 -5 -9
right_child=1 7 -4 4 9 6 24 29 19 10 -12 -13 -14 14 25 20 17 -19 -20 26 -22 22 -24 -25 -26 -27 -28 -29 -30 -31
leaf_value=-0.20337205275196005 0.14595513617834088 1.7593384453494634 0.11592797470609421 0.79478376806452022 -0.13055314976249655 0.41048546754963261 -0.6294079191819445 0.57519589984168606 0.38534719667868728 -0.057775926934576415 -0.30213194681923622 -0.29536679663364118 -0.028928433962669944 0.010616066814021568 -0.17507268210237398 0.15253180683552892 0.28132891681382532 1.1438807882637274 1.1573083976027252 1.0735317431352076 -0.21674347550846576 -0.37400641176597516 -1.7070093470699381 0.25709533251060479 -0.12343655671098365 -0.98616572583976536 0.31196718106099536 0.0093516258065708107 0.12089694506338947 -0.035032321103861633
leaf_weight=4343 712 55 3128 88 417 254 218 143 744 2397 1984 297 2096 7935 3698 4646 474 121 76 233 378 265 52 1063 892 56 104 1708 1715 354
leaf_count=4343 712 55 3128 88 417 254 218 143 744 2397 1984 297 2096 7935 3698 4646 474 121 76 233 378 265 52 1063 892 56 104 1708 1715 354
internal_value=-0.000355003 0.165077 -0.0522203 -0.0711319 -0.0401044 0.106781 -0.105052 0.452853 0.588891 -0.0583039 -0.16848 0.14989 -0.167836 -0.02585 -0.0450496 0.170573 0.336968 0.539133 0.404254 0.52777 0.12471 -0.230295 -0.59735 0.147858 -0.223285 -0.125906 0.840127 -0.116814 0.15421 0.141349
internal_weight=40646 9701 30945 27817 21061 8068 1364 1633 1136 19258 4381 6704 6756 14877 13397 6407 1383 671 550 1081 5024 4660 317 1480 1110 5462 337 5406 1803 497
internal_count=40646 9701 30945 27817 21061 8068 1364 1633 1136 19258 4381 6704 6756 14877 13397 6407 1383 671 550 1081 5024 4660 317 1480 1110 5462 337 5406 1803 497
is_linear=0
shrinkage=0.03


Tree=114
num_leaves=31
num_cat=0
split_feature=11 32 22 6 0 7 27 1 8 6 28 27 13 13 7 28 7 40 15 25 1 8 12 34 4 13 4 32 4 31
split_gain=378720 133063 128686 105956 90359.8 87722.1 108489 104592 82589.9 166875 96529.4 81444.9 73560 73221.8 72452.3 72313.4 66086.6 64300.6 58267.1 48663.1 46287.7 54517.1 53985 47937.1 45029.2 69613.2 50747.4 48384.1 48288.3 40141.2
threshold=236.83000000000004 110.00250000000001 1.0000000180025095e-35 7.4270925110132167 16.500000000000004 7.2413194444444464 26213.354166666668 1.5000000000000002 5.4187500000000011 3.8248898678414101 23250.062500000004 36652.104166666672 37.070000000000007 293.64000000000004 5.4913194444444473 31164.625000000004 6.3767361111111134 -41.158749999999991 458.07729166666678 443.54708333333343 1.0000000180025095e-35 256.90625000000006 28.813854166666669 156.60500000000005 239.50000000000003 315.09000000000009 223.50000000000003 154.14875000000004 215.50000000000003 4.1150000000000011
decision_type=10 10 2 2 2 2 10 2 2 2 10 8 10 10 2 10 2 10 10 10 2 2 10 10 2 10 2 10 2 10
left_child=1 3 5 11 16 7 -7 8 19 -10 -11 -1 -4 -9 29 -8 20 -15 -12 -2 22 -22 -5 -23 26 -26 28 -27 -19 -3
right_child=2 14 12 4 -6 6 15 13 9 10 18 -13 -14 17 -16 -17 -18 24 -20 -21 21 23 -24 -25 25 27 -28 -29 -30 -31
leaf_value=0.54570318513654115 0.45732247657051267 -0.81621814980739504 0.54748045463562012 -0.17630092033150338 0.0090379985872558605 -1.0026054387646062 0.71669448119049006 0.11325425131023603 2.6114610786600547 1.5987742228863331 0.63198516006790795 0.030002309715500452 -0.77388009755116582 -0.58875085794925686 -0.037836728460954309 -0.026318965892762496 -0.22497688872791263 0.59663518872766008 -0.51130389300259671 -0.32697292268276212 -0.049788281648123656 -0.18259986054590413 0.18120152813929347 -0.81790682977437967 0.73043336772667267 -0.70731749157110846 1.0565998781788639 0.28859462026972327 -0.42649243220686911 0.12559204024133605
leaf_weight=294 305 40 49 589 5367 83 151 1328 43 90 484 4198 158 49 4359 525 4891 318 43 92 4734 3911 1068 109 138 80 204 95 47 6559
leaf_count=294 305 40 49 589 5367 83 151 1328 43 90 484 4198 158 49 4359 525 4891 318 43 92 4734 3911 1068 109 138 80 204 95 47 6559
internal_value=0.00145045 -0.0301777 0.268181 -0.068177 -0.0968762 0.305273 0.0143091 0.371848 0.618091 0.823613 0.69499 0.0638687 -0.459966 0.256406 0.0570719 0.140463 -0.134023 0.460261 0.537908 0.275207 -0.0912756 -0.118795 0.0540934 -0.200025 0.51914 0.229117 0.677996 -0.168112 0.464085 0.11976
internal_weight=40401 36119 4282 25161 20669 4075 759 3316 1057 660 617 4492 207 2259 10958 676 15302 931 527 397 10411 8754 1657 4020 882 313 569 175 365 6599
internal_count=40401 36119 4282 25161 20669 4075 759 3316 1057 660 617 4492 207 2259 10958 676 15302 931 527 397 10411 8754 1657 4020 882 313 569 175 365 6599
is_linear=0
shrinkage=0.03


Tree=115
num_leaves=31
num_cat=0
split_feature=12 33 7 5 27 7 39 12 41 1 8 6 10 39 13 1 25 13 13 34 2 32 4 25 27 29 27 34 23 38
split_gain=381839 135484 105106 84639.6 107144 80414.2 75750.5 75479.3 68880.2 66873.7 103879 87039.4 83229.2 59869.5 57313.5 54621.1 54142.7 84026.8 84284.1 92863.9 52628.1 49283.7 48983.8 71216.9 61255.8 48790.5 59955.3 48418 48215.7 56064.6
threshold=246.2154166666667 116.78500000000001 10.071180555555559 51339.125000000007 31804.515520833334 5.7656250000000018 -87.274999999999991 25.359479166666667 8671.3491436982094 3.5000000000000004 0.11250000000000002 2.5107929515418506 446.94500000000005 -25.774999999999995 159.70000000000002 1.0000000180025095e-35 295.79687500000006 281.36500000000007 304.53000000000003 450.00000000000006 9.5000000000000018 275.16000000000003 279.50000000000006 159.83239583333338 35514.645833333343 -32.086249999999993 38178.666666666672 186.67500000000004 4.5000000000000009 -104.64374999999997
decision_type=10 10 2 2 10 2 10 8 8 2 2 2 10 10 10 2 10 10 10 10 2 10 2 10 10 10 10 10 2 10
left_child=1 7 3 5 6 28 -5 25 27 10 -2 -12 14 -10 -13 -9 21 -18 -19 -20 -4 -11 -7 24 -24 26 -1 -6 29 -3
right_child=9 2 20 4 8 22 -8 15 13 16 11 12 -14 -15 -16 -17 17 18 19 -21 -22 -23 23 -25 -26 -27 -28 -29 -30 -31
leaf_value=-0.31182814479840021 0.16693949216786938 1.0003403913974762 -0.12120650832940426 1.454251097553003 -0.033488229307167904 -0.055636527180432216 0.39150171919472243 0.080349355975512252 0.28093780615832903 0.24085616980305061 1.9018477875400672 1.4527562157220617 0.97230232108548542 0.068603203061666118 0.32658520348069714 -0.08545756492560691 -0.36958486100879762 0.87076774523011402 -0.44077863635423659 0.44633269721736551 -0.66880597875685488 0.96089020168239414 0.18783764513029205 -0.68988783516066066 -0.34942435560815305 -0.20708249816423377 -1.6762065374073774 -0.94350504855314887 -0.066999837759980932 0.092065065227098425
leaf_weight=80 941 61 384 70 2064 3048 414 2086 1888 641 43 42 294 3256 792 12492 353 135 207 216 268 98 309 292 497 2515 45 53 2169 4609
leaf_count=80 941 61 384 70 2064 3048 414 2086 1888 641 43 42 294 3256 792 12492 353 135 207 216 268 98 309 292 497 2515 45 53 2169 4609
internal_value=0.00235613 -0.0272298 0.0271721 0.0402141 0.116157 -0.0133356 0.547887 -0.0884671 0.0873079 0.290125 0.401902 0.59041 0.538777 0.146576 0.384971 -0.061728 0.146894 -0.00793464 0.221103 0.0121987 -0.346973 0.337511 -0.117568 -0.289282 -0.143474 -0.236041 -0.812409 -0.0567056 0.0498613 0.104141
internal_weight=40362 36600 19382 18730 7745 10985 484 17218 7261 3762 2112 1171 1128 5144 834 14578 1650 911 558 423 652 739 4146 1098 806 2640 125 2117 6839 4670
internal_count=40362 36600 19382 18730 7745 10985 484 17218 7261 3762 2112 1171 1128 5144 834 14578 1650 911 558 423 652 739 4146 1098 806 2640 125 2117 6839 4670
is_linear=0
shrinkage=0.03


Tree=116
num_leaves=31
num_cat=0
split_feature=10 7 1 8 6 0 18 0 13 5 17 8 28 5 0 23 14 33 15 5 10 5 6 6 39 6 36 28 1 32
split_gain=334752 118145 113391 177315 195195 100515 102207 96487.1 85986.4 74075.1 73702.7 66504.1 67033.1 84799.2 65727.7 87315.1 75661 62844.2 79697.3 62286.5 60837 53315.3 58662.4 52770.7 52626.9 49526.1 43166.3 41918.4 41663.9 63302.3
threshold=160.92500000000004 7.3072916666666687 1.5000000000000002 0.11250000000000002 3.1949339207048464 15.500000000000002 1.0000000180025095e-35 4.5000000000000009 329.49500000000006 44300.437500000007 3806.2096000000006 493.56250000000006 28498.875000000004 38017.687500000007 5.5000000000000009 2.5000000000000004 96.010000000000005 151.73250000000004 173.00874999999999 50802.187500000007 -2.4362499999999998 49300.812500000007 23.574449339207053 32.257709251101325 -126.48625 2.8568281938325999 144.34500000000003 40598.263125000005 5.5000000000000009 290.38000000000005
decision_type=10 2 2 2 2 2 2 2 10 2 10 2 10 2 2 2 10 10 10 2 8 2 2 2 10 2 10 8 2 10
left_child=5 2 3 -2 -5 6 10 -8 24 -3 14 12 13 -4 16 -16 -1 18 -17 -15 -9 26 -23 -7 -6 -11 -13 -22 -14 -30
right_child=1 9 11 4 8 23 7 20 -10 25 -12 21 28 19 15 17 -18 -19 -20 -21 27 22 -24 -25 -26 -27 -28 -29 29 -31
leaf_value=-0.25748456216881488 0.093050784500342848 -0.6860043673957783 -0.028520432976391213 2.5220081673650183 1.3492977284817469 0.022625222789559307 -0.016768703437809923 -1.3969713192326683 1.6320805621147154 0.66337256691378088 -0.18913521996505811 -0.22626195912851815 0.064167075262751588 0.42513561690364848 -0.0038126442319953908 0.2395874363853239 -0.016424781844417907 0.82464799673219391 -0.88871189068939727 1.3700401728544662 -0.3278680221992003 -0.23106017024948128 0.68367284973807951 0.57696105049816282 0.44203251183846254 -0.058452120418095437 -1.0738779463208932 -0.14194614218109525 0.24480631188462487 1.3592618491172792
leaf_weight=1632 756 162 396 50 62 9946 2178 41 67 91 2483 285 2917 1067 5276 1264 4150 156 58 66 2579 139 114 156 709 1219 66 1896 568 49
leaf_count=1632 756 162 396 50 62 9946 2178 41 67 91 2483 285 2917 1067 5276 1264 4150 156 58 66 2579 139 114 156 709 1219 66 1896 568 49
internal_value=-0.00166995 0.162274 0.211641 0.430937 0.71817 -0.0469329 -0.0833035 -0.180789 0.607664 -0.0828921 -0.0398448 0.147958 0.183454 0.349356 -0.0102622 0.053293 -0.0844979 0.257007 0.189451 0.481338 -0.259873 -0.1494 0.182181 0.0312418 0.516644 -0.00784234 -0.388241 -0.249145 0.111598 0.335369
internal_weight=40598 8783 7311 1644 888 31815 21713 6694 838 1472 15019 5667 5063 1529 12536 6754 5782 1478 1322 1133 4516 604 253 10102 771 1310 351 4475 3534 617
internal_count=40598 8783 7311 1644 888 31815 21713 6694 838 1472 15019 5667 5063 1529 12536 6754 5782 1478 1322 1133 4516 604 253 10102 771 1310 351 4475 3534 617
is_linear=0
shrinkage=0.03


Tree=117
num_leaves=31
num_cat=0
split_feature=12 0 18 0 14 5 23 4 0 4 6 9 29 15 12 17 30 7 16 33 39 32 6 6 7 7 4 24 15 13
split_gain=297738 143984 146137 122998 92386.1 79017.5 70117.4 125408 112701 69218 60848.4 58259.3 57680.5 61874.4 56435.2 54641.8 54620.2 74020.8 54266.1 52679.9 51151.7 51746.1 49251.5 69059.2 50132.8 48238.4 47060.5 77560.3 46905.2 44031.4
threshold=246.2154166666667 16.500000000000004 1.0000000180025095e-35 5.5000000000000009 116.20000000000002 39956.250000000007 2.5000000000000004 352.50000000000006 4.5000000000000009 357.50000000000006 32.257709251101325 -0.068749999999999992 105.00125000000001 163.04484375000001 364.06333333333345 3158.2068800000002 -9.6887499999999971 4.3767361111111134 6503.9519211710494 142.89500000000001 -101.08499999999999 129.47500000000002 -0.55132158590308367 0.39295154185022024 4.8281250000000018 7.5434027777777795 240.50000000000003 342.60500000000008 40.963854166666671 64.925000000000026
decision_type=10 2 2 2 10 2 2 2 2 2 2 10 10 10 10 10 8 2 10 10 10 10 2 2 2 2 2 10 10 10
left_child=1 2 4 25 -1 14 15 8 -8 12 18 -10 -7 -14 -2 20 17 -5 19 -3 21 -6 -15 -24 -25 -4 -16 -28 -18 -30
right_child=5 10 3 16 6 9 7 -9 11 -11 -12 -13 13 22 26 -17 28 -19 -20 -21 -22 -23 23 24 -26 -27 27 -29 29 -31
leaf_value=-0.097926614262787412 -0.44488666722788051 0.020438874156674388 0.038287356357627415 -1.5747739778865466 0.19200831963534826 -0.21994412495595653 -0.1179832950713379 -1.1251358789791825 -0.57847822448786568 -0.84466534137725824 0.65121752915109032 0.4591770439465816 -0.63048529115106378 -0.37261672392874567 0.38165529659879738 -0.17020152572029065 -0.10639027746888495 -0.26340481566265223 -0.13077006155000645 0.16478277810961145 0.020238443612245395 1.079056767133566 1.527119088768959 0.52011002106211746 0.26426876406440142 -0.3071038371861573 0.67241551534926636 -0.84416727578917217 -0.39470372137240317 -0.17775177401090778
leaf_weight=7497 219 5433 2430 65 248 163 503 60 50 45 156 1162 55 76 267 1351 1597 95 1233 3915 6876 77 47 1243 1556 427 46 85 1995 1461
leaf_count=7497 219 5433 2430 65 248 163 503 60 50 45 156 1162 55 76 267 1351 1597 95 1233 3915 6876 77 47 1243 1556 427 46 85 1995 1461
internal_value=-0.00120161 -0.0274312 -0.0657303 -0.171639 -0.017772 0.251453 0.0404209 0.21195 0.259357 0.311632 0.0649306 0.415928 0.328467 0.358558 -0.0592011 0.00479876 -0.258331 -0.802621 0.056226 0.0809022 0.0376501 0.404836 0.377384 0.397536 0.37803 -0.0134233 0.153606 -0.310567 -0.240941 -0.303067
internal_weight=40433 36631 25894 8070 17824 3802 10327 1775 1715 3185 10737 1212 3140 2977 617 8552 5213 160 10581 9348 7201 325 2922 2846 2799 2857 398 131 5053 3456
internal_count=40433 36631 25894 8070 17824 3802 10327 1775 1715 3185 10737 1212 3140 2977 617 8552 5213 160 10581 9348 7201 325 2922 2846 2799 2857 398 131 5053 3456
is_linear=0
shrinkage=0.03


Tree=118
num_leaves=31
num_cat=0
split_feature=10 11 15 41 7 5 7 28 5 28 23 28 13 14 6 12 32 32 41 13 8 18 2 16 25 15 13 2 7 9
split_gain=276201 112716 130999 92392.6 84547.9 76141.2 90442.3 81901.5 72433.2 80212 64672.4 88051.4 63485.5 81959.2 61793 60947.6 59594.7 55486.9 50821.4 49949.5 49852.2 53045.7 49464.9 48915.7 45261.5 44454.5 44215.1 41605.5 41297.7 38406.5
threshold=160.92500000000004 343.72000000000008 277.52729166666671 8671.3491436982094 6.4288194444444455 53156.250000000007 8.4427083333333375 31402.937500000004 50368.750000000007 34045.45203125001 6.5000000000000009 22538.562500000004 378.59000000000009 479.90500000000003 18.614537444933926 458.07729166666678 69.182500000000019 359.87500000000006 14594.767780363725 61.755000000000003 643.2750000000002 1.5000000000000002 2.5000000000000004 12524.676816973219 143.46244791666669 458.07729166666678 351.34500000000008 8.5000000000000018 10.071180555555559 -0.068749999999999992
decision_type=10 10 10 10 2 2 2 10 2 10 2 10 10 10 2 10 10 10 8 10 2 2 2 10 10 10 10 2 2 8
left_child=3 5 -3 4 16 6 20 -7 28 22 11 27 13 -12 -15 17 29 18 -9 -20 26 -22 -10 -11 -5 -13 -2 -4 -6 -1
right_child=1 2 10 24 8 7 -8 15 9 23 12 25 -14 14 -16 -17 -18 -19 19 -21 21 -23 -24 -25 -26 -27 -28 -29 -30 -31
leaf_value=-0.33063005353405933 0.039841350535777698 1.7532340409837919 1.6550804316296297 0.22066256446237367 -0.18328661390163581 0.67828274853449111 -0.73424994349177619 -0.38427291850087703 1.4035759689126697 -0.037865234550373342 0.36844893472535273 0.43421135724802901 0.8270606949806214 -1.3407119811464239 0.02616737112402916 -0.81717475114197557 0.020225534820997433 1.068194722533226 0.81149029286247543 0.15014708788155562 -0.08919092326224605 -1.0641273672677374 0.28174137919754177 -0.33856056357975983 -0.3036759726775855 0.091381016601781648 0.90578659656975002 0.4404916717978411 -0.52241015028884841 -0.067403369232642688
leaf_weight=534 3087 57 67 1545 4788 284 147 153 41 4023 83 981 49 80 47 57 12329 59 106 2653 157 73 230 553 163 522 53 42 346 7409
leaf_count=534 3087 57 67 1545 4788 284 147 153 41 4023 83 981 49 80 47 57 12329 59 106 2653 157 73 230 553 163 522 53 42 346 7409
internal_value=-0.00323319 0.146027 0.348535 -0.0441324 -0.0562537 0.0888117 -0.00840364 0.192016 -0.127723 -0.0445338 0.304827 0.375496 -0.134765 -0.362047 -0.838607 0.146199 -0.0210608 0.164951 0.14629 0.175841 0.0234663 -0.401894 0.456002 -0.0742697 0.170475 0.315284 0.0547413 1.19533 -0.206239 -0.0851392
internal_weight=40718 8757 1928 31961 30253 6829 3517 3312 9981 4847 1871 1612 259 210 127 3028 20272 2971 2912 2759 3370 230 271 4576 1708 1503 3140 109 5134 7943
internal_count=40718 8757 1928 31961 30253 6829 3517 3312 9981 4847 1871 1612 259 210 127 3028 20272 2971 2912 2759 3370 230 271 4576 1708 1503 3140 109 5134 7943
is_linear=0
shrinkage=0.03


Tree=119
num_leaves=31
num_cat=0
split_feature=12 0 6 7 1 8 6 14 39 15 15 32 8 23 7 4 4 14 12 32 10 7 5 30 23 13 25 14 7 12
split_gain=294405 131567 104777 111122 94444.2 73791 90971.5 77979.9 69406.8 67709.4 112848 69762.5 64927.3 76143.7 59902.1 57128.6 53454.6 50835.2 84345.2 81735 54072.3 50074.8 52467.4 46069 44365.1 65788.1 74378.9 54654.4 53369.3 41544.5
threshold=246.2154166666667 16.500000000000004 7.5226872246696042 5.3489583333333348 3.5000000000000004 0.11250000000000002 2.1088105726872248 625.65500000000009 -129.93749999999997 163.04484375000001 197.65354166666671 156.82500000000002 201.35000000000005 4.5000000000000009 4.9253472222222241 357.50000000000006 357.50000000000006 459.26000000000005 364.06333333333345 175.97625000000002 295.00500000000005 8.7447916666666696 51456.250000000007 -9.6887499999999971 1.5000000000000002 378.59000000000009 351.38812500000012 479.90500000000003 4.7725694444444455 513.26479166666684
decision_type=10 2 2 2 2 2 2 10 8 10 10 10 2 2 2 2 2 10 10 10 10 2 2 10 2 8 10 10 2 10
left_child=1 2 8 12 5 -2 -7 17 -1 -6 -11 24 -4 -14 -3 21 -13 19 -19 20 -8 22 -5 -15 28 26 27 -26 -12 -9
right_child=4 14 3 15 9 6 7 29 -10 10 11 16 13 23 -16 -17 -18 18 -20 -21 -22 -23 -24 -25 25 -27 -28 -29 -30 -31
leaf_value=1.0454986131191253 0.18653513790720103 0.17319296565132405 0.043446614255124298 -0.16633177935255317 -0.92091937823542236 1.9180932955018111 1.8099675466937404 1.3595034221196785 0.043937301325215505 1.0836078366897637 0.67907799943585256 0.30056194944618436 -0.03102416415127697 -1.0184370390176773 0.017529468348647267 -0.63588033935137556 -0.81112248624243388 -0.56810184814035891 0.39175400576890651 0.2763696992626557 0.65655553472042072 -0.30484623270724093 0.010908909022696036 -0.25290008823688059 -0.41669526219520653 0.82425419807434075 -1.0383679150399707 0.44164724859206572 -0.24278081551194189 0.61579507532689348
leaf_weight=62 926 3174 5756 6104 57 41 61 116 5407 102 106 789 3487 74 7436 225 40 119 262 311 94 1632 1994 1295 243 41 125 91 119 168
leaf_count=62 926 3174 5756 6104 57 41 61 116 5407 102 106 789 3487 74 7436 225 40 119 262 311 94 1632 1994 1295 243 41 125 91 119 168
internal_value=0.00116738 -0.0249328 -0.0612193 -0.0922524 0.252084 0.386987 0.545071 0.493647 0.0554807 0.0867305 0.121949 0.0581722 -0.0247085 -0.105488 0.0641084 -0.164244 0.24601 0.348676 0.0912541 0.558497 1.11917 -0.153274 -0.122693 -0.294994 -0.156653 -0.313888 -0.417123 -0.182215 0.1926 0.923268
internal_weight=40457 36646 26036 20567 3811 2098 1172 1131 5469 1713 1656 1554 10612 4856 10610 9955 829 847 381 466 155 9730 8098 1369 725 500 459 334 225 284
internal_count=40457 36646 26036 20567 3811 2098 1172 1131 5469 1713 1656 1554 10612 4856 10610 9955 829 847 381 466 155 9730 8098 1369 725 500 459 334 225 284
is_linear=0
shrinkage=0.03


Tree=120
num_leaves=31
num_cat=0
split_feature=12 0 23 0 12 0 25 28 1 13 25 8 4 25 39 28 13 15 15 7 13 4 22 15 15 7 16 41 7 28
split_gain=249018 133563 108253 135833 87956.1 82554.7 68896.5 78472.1 61997.3 66724.6 128289 59223.7 83203.2 57914.2 56211.9 55552.1 55023.7 95237.8 66282.9 50393.4 49565.6 48641.2 48535.4 56663.3 48171.4 46905.4 44689.5 44663.4 43072.6 42115.2
threshold=302.37062500000008 16.500000000000004 4.5000000000000009 5.5000000000000009 61.333333333333336 16.500000000000004 343.15729166666671 34045.45203125001 4.5000000000000009 378.59000000000009 351.38812500000012 673.22500000000014 126.50000000000001 443.54708333333343 -75.013749999999973 28188.687500000004 18.625000000000004 205.21437500000005 176.62125000000003 4.4947916666666687 225.04500000000004 268.50000000000006 1.0000000180025095e-35 96.291510416666682 141.38572916666669 7.5434027777777795 6669.4267913280246 8064.4755948651846 10.206597222222223 25534.750000000004
decision_type=10 2 2 2 10 2 8 10 2 10 10 2 2 10 8 8 10 10 10 2 10 2 2 10 10 2 10 10 2 10
left_child=1 2 4 25 27 8 7 14 13 10 -10 -5 -13 20 -6 -3 17 18 24 -15 -2 -8 -18 -24 -9 -4 28 -1 -17 -22
right_child=5 15 3 11 6 -7 21 16 9 -11 -12 12 -14 19 -16 26 22 -19 -20 -21 29 -23 23 -25 -26 -27 -28 -29 -30 -31
leaf_value=-0.12534012683424217 1.1773734641754174 0.35230957323604584 0.074530823944655919 -0.22112044659557489 0.56612427566325507 0.54587214497751047 -0.16208806592767888 0.10784352169633755 0.0770957126605612 0.87985116908592831 -1.0448310908386784 -1.6486419262623384 -0.42012701835652511 0.37406852148387626 0.12758838356537572 0.081634700455356507 -0.024284823978218562 1.3563049040342632 -0.80846384222893153 -0.18609239916006723 1.1212593883732633 -1.5092344403808766 -0.022712787921584487 -0.88089739212247298 0.83871164972005885 -0.27551954823073921 -0.12457596555418905 0.30387725817616534 -0.35603377378640183 0.29618123695333165
leaf_weight=6371 78 576 2156 4326 297 757 54 1455 352 55 123 58 321 260 2255 9107 8401 56 67 323 61 43 147 130 85 409 1172 225 206 566
leaf_count=6371 78 576 2156 4326 297 757 54 1455 352 55 123 58 321 260 2255 9107 8401 56 67 323 61 43 147 130 85 409 1172 225 206 566
internal_value=-0.00262112 -0.0220117 -0.0581459 -0.156999 -0.0214471 0.282803 0.0238555 0.0298765 0.173024 -0.0999484 -0.215009 -0.252728 -0.611976 0.28534 0.178827 0.0657191 -0.00689586 0.151132 0.108317 0.0639348 0.468081 -0.768583 -0.0371932 -0.427191 0.148702 0.0186282 0.049943 -0.110655 0.0719165 0.37811
internal_weight=40492 37917 26856 7270 19586 2575 12990 12893 1818 530 475 4705 379 1288 2552 11061 10341 1663 1607 583 705 97 8678 277 1540 2565 10485 6596 9313 627
internal_count=40492 37917 26856 7270 19586 2575 12990 12893 1818 530 475 4705 379 1288 2552 11061 10341 1663 1607 583 705 97 8678 277 1540 2565 10485 6596 9313 627
is_linear=0
shrinkage=0.03


Tree=121
num_leaves=31
num_cat=0
split_feature=12 0 6 1 0 6 28 1 8 40 24 6 2 14 0 14 26 13 28 39 14 32 14 38 14 24 27 15 32 8
split_gain=280595 123799 100628 88314.9 89871.9 67200 66908.2 64124.5 68906.6 87443.9 103849 64566.6 80872 65930.4 69680.8 63897.4 146621 63612.3 55413.2 55266.1 53412.2 68186.8 53547.4 52580.5 68970.3 48673.4 47942.8 47776.6 46395 43753.3
threshold=246.2154166666667 16.500000000000004 5.6696035242290757 4.5000000000000009 5.5000000000000009 32.257709251101325 30825.875000000004 3.5000000000000004 0.11250000000000002 -44.277499999999982 446.81000000000006 6.650881057268724 8.5000000000000018 488.71500000000009 17.500000000000004 506.41500000000002 25929.513750000002 293.64000000000004 32100.940468750003 -133.15499999999997 459.26000000000005 175.97625000000002 625.65500000000009 -2.2400000000000051 74.815000000000012 379.87500000000006 41884.911197916677 213.82187500000003 275.16000000000003 396.81875000000008
decision_type=10 2 2 2 2 2 10 2 2 10 10 2 2 10 2 10 10 10 8 8 10 10 10 8 10 10 8 10 10 2
left_child=1 2 26 6 -5 18 19 8 -2 10 -10 28 13 14 27 16 -14 20 -3 -4 21 25 -22 24 -8 -11 -1 -13 -9 -19
right_child=7 5 3 4 -6 -7 23 11 9 17 -12 12 15 -15 -16 -17 -18 29 -20 -21 22 -23 -24 -25 -26 -27 -28 -29 -30 -31
leaf_value=0.33440513677600125 0.15794480192747531 0.23688844787794644 0.81488961075291488 -0.025493251156433382 -0.26385076666030477 0.69211629892019799 -0.27036386213675345 0.25624239098471452 0.37226916488519934 1.525966859502861 2.4923938729081834 0.40434644380520129 0.93703463083505623 0.56190205903231416 0.58177336523452627 -0.81631306194612441 -0.5280501971877728 1.0465262082182956 0.023352719797305695 0.084684085343619084 -0.21988967741407997 0.2322037230202785 0.89528849609520122 -0.11685203546931766 0.041070267443797263 0.40604261907664208 0.03609764962217088 -0.39111326076018693 1.0136419785481232 0.36802781155109404
leaf_weight=580 932 1238 98 2165 4158 147 735 370 42 77 41 86 89 260 129 158 193 205 9332 1624 245 324 45 8815 4905 65 2933 311 90 149
leaf_count=580 932 1238 98 2165 4158 147 735 370 42 77 41 86 89 260 129 158 193 205 9332 1624 245 324 45 8815 4905 65 2933 311 90 149
internal_value=-0.00310298 -0.028528 -0.0638792 -0.087194 -0.182254 0.0572764 -0.0500296 0.241884 0.351468 0.502393 1.43676 0.103641 -0.0101586 0.172094 -0.0212878 -0.33538 -0.0639881 0.431296 0.0483829 0.126689 0.275272 0.473855 -0.0443629 -0.0710891 0.000443703 1.01975 0.0854297 -0.218214 0.406307 0.762785
internal_weight=40541 36730 26013 22500 6323 10717 16177 3811 2125 1193 83 1686 1226 786 526 440 282 1110 10570 1722 756 466 290 14455 5640 142 3513 397 460 354
internal_count=40541 36730 26013 22500 6323 10717 16177 3811 2125 1193 83 1686 1226 786 526 440 282 1110 10570 1722 756 466 290 14455 5640 142 3513 397 460 354
is_linear=0
shrinkage=0.03


Tree=122
num_leaves=31
num_cat=0
split_feature=10 7 6 7 41 1 10 28 5 12 38 5 28 31 1 0 15 6 0 25 13 12 14 15 39 0 25 27 2 14
split_gain=226960 88516.4 81153.5 80333.3 74505.9 68911.6 81833.3 58239 63221.1 59087.1 93296.1 54927 56235.7 50650.6 48910.6 48702.1 47909.1 50873.1 47584.6 52011.6 45770.1 74449.3 53114.4 36704.2 36650.4 36324.4 36119.3 35816.4 36247.8 84507.1
threshold=149.61250000000004 5.446180555555558 4.4074889867841422 10.368055555555559 6258.0211717105458 3.5000000000000004 427.30000000000007 30130.000000000004 52400.500000000007 57.028750000000002 -121.27 36766.687500000007 30982.144843750004 49.005000000000003 1.5000000000000002 9.5000000000000018 167.20895833333336 11.663656387665201 15.500000000000002 93.564791666666693 19.998750000000005 91.553697916666678 193.83125000000004 48.331458333333337 -2.628749999999997 6.5000000000000009 143.46244791666669 31342.096510416672 9.5000000000000018 404.47000000000008
decision_type=10 2 2 2 10 2 10 8 2 10 10 2 10 10 2 2 10 2 2 10 10 10 10 10 10 2 10 10 2 10
left_child=3 5 24 4 7 6 -2 8 23 18 -11 -4 27 -7 20 -14 -16 -18 19 -9 21 22 -12 -1 -3 -21 -6 28 -13 -30
right_child=1 2 11 -5 26 13 -8 9 -10 10 14 12 15 -15 16 -17 17 -19 -20 25 -22 -23 -24 -25 -26 -27 -28 -29 29 -31
leaf_value=-0.44216339192014525 0.24875949665615077 0.67921860410126311 -0.4976552119489227 -0.35122138065594727 0.16022520299098728 -0.77907724626993635 0.74765046270569757 -0.14630354470575191 0.76133873275379194 1.2856716966507384 0.19279770283510425 0.21444224339386986 -0.31445294831640375 0.11098236578904826 -0.045531376156256437 -0.0030053503742222959 -0.14747370766935194 -0.93491753859697158 -0.018935408072518468 -1.2468469814520615 0.0053976777562105421 0.87376980626247291 -0.76908139972524214 0.13524649837972594 0.18634538979739487 -0.29500511795282364 -0.29749012995912821 0.92349404323559536 0.052149555152312649 -1.2564452370227528
leaf_weight=109 2563 197 209 732 2204 58 334 6689 136 48 857 984 634 2345 11864 1567 222 110 3232 64 3055 141 54 999 436 83 166 51 304 51
leaf_count=109 2563 197 209 732 2204 58 334 6689 136 48 857 984 634 2345 11864 1567 222 110 3232 64 3055 141 54 999 436 83 166 51 304 51
internal_value=-0.000973236 0.125285 0.0263506 -0.0409197 -0.0333452 0.208014 0.306516 -0.047177 0.153343 -0.0566244 -0.0214165 -0.0260668 0.00151107 0.0891843 -0.0253435 -0.0928202 -0.0554966 -0.410398 -0.113796 -0.158636 0.0641898 0.234754 0.135001 0.0780961 0.340565 -0.715037 0.128054 0.15084 0.120743 -0.138847
internal_weight=40498 9733 4433 30765 30033 5300 2897 27663 1244 26419 16351 3800 3591 2403 16303 2201 12196 332 10068 6836 4107 1052 911 1108 633 147 2370 1390 1339 355
internal_count=40498 9733 4433 30765 30033 5300 2897 27663 1244 26419 16351 3800 3591 2403 16303 2201 12196 332 10068 6836 4107 1052 911 1108 633 147 2370 1390 1339 355
is_linear=0
shrinkage=0.03


Tree=123
num_leaves=31
num_cat=0
split_feature=11 7 6 6 26 11 4 0 27 22 40 5 28 7 8 1 40 4 4 15 5 28 7 25 8 27 40 0 27 27
split_gain=257137 110656 107843 106488 626675 83427.9 75851.4 71860.9 66960.2 65134.6 63339.1 60031.2 81869.7 59626.1 64710.2 52431.1 51358.8 50262.9 49795.8 47413.8 46534.1 50481.6 46611 62955.2 46532.8 45211.5 44625 41418.8 38020.8 64810.8
threshold=236.83000000000004 5.1579861111111134 7.2411894273127766 5.5458149779735697 31294.702500000003 23.573750000000004 355.50000000000006 17.500000000000004 47486.791666666672 1.0000000180025095e-35 -53.836249999999986 38156.250000000007 22538.562500000004 6.4288194444444455 375.26875000000007 3.5000000000000004 -122.37499999999999 240.50000000000003 156.50000000000003 477.00062500000007 50578.187500000007 29387.187500000004 8.5017361111111125 152.20729166666669 211.71875000000003 37063.958333333343 -4.2099999999999858 2.5000000000000004 26213.354166666668 27049.395833333336
decision_type=10 2 2 2 10 10 2 2 8 2 10 2 10 2 2 2 10 2 2 10 2 10 2 10 2 10 10 2 10 10
left_child=1 5 8 4 -2 -1 7 20 16 11 -11 17 26 14 18 -16 -3 -5 -14 -19 22 24 27 -24 -22 -7 -13 -4 -15 -30
right_child=3 2 6 9 -6 25 -8 -9 -10 10 -12 12 13 28 15 -17 -18 19 -20 -21 21 -23 23 -25 -26 -27 -28 -29 29 -31
leaf_value=-0.10331406286634541 4.023963225050406 1.1941102234707321 -0.0198606568425552 0.078370225396567739 0.32681744937003993 0.14654172383613098 -0.59696018779925042 0.0023092478421990708 -0.082304183790690905 0.69883681182817714 -0.61783656391049069 1.6192388046058739 0.089018769343513687 -0.40397938895120949 0.21951633727802242 -0.40212429982228354 0.14777179139028079 -0.19341863298416137 0.49837872787295329 -1.3996954386088312 1.0134409707784653 -0.069911798322556507 -0.31016558970467578 -1.2795912105670342 -0.087900980285194233 0.027925997216774152 0.4745095108224921 -0.19290781810260235 0.79911133558443281 -0.014613698620389661
leaf_weight=3161 43 42 1634 225 668 4409 277 4638 1622 40 167 54 357 170 366 182 2404 74 1071 48 75 3326 861 64 63 8404 72 5229 100 689
leaf_count=3161 43 42 1634 225 668 4409 277 4638 1622 40 167 54 357 170 366 182 2404 74 1071 48 75 3326 861 64 63 8404 72 5229 100 689
internal_value=0.00179115 -0.0243279 -0.0709232 0.220365 0.555752 0.0346972 -0.105663 -0.0970615 0.0671315 0.154266 -0.36127 0.185676 0.228069 0.195726 0.289886 0.0127026 0.166219 -0.187873 0.396173 -0.67554 -0.138018 -0.0465226 -0.178703 -0.378549 0.513639 0.0687504 0.973995 -0.151716 0.00161075 0.089401
internal_weight=40535 36209 20235 4326 711 15974 16167 15890 4068 3615 207 3408 3061 2935 1976 548 2446 347 1428 122 11252 3464 7788 925 138 12813 126 6863 959 789
internal_count=40535 36209 20235 4326 711 15974 16167 15890 4068 3615 207 3408 3061 2935 1976 548 2446 347 1428 122 11252 3464 7788 925 138 12813 126 6863 959 789
is_linear=0
shrinkage=0.03


Tree=124
num_leaves=31
num_cat=0
split_feature=27 6 6 7 8 6 28 4 12 14 27 6 10 1 15 4 12 16 13 12 15 4 14 14 4 15 27 27 6 14
split_gain=234945 589323 158905 115537 81287.5 73523.8 70130.3 71192.4 68728.1 85620.9 67668.2 61034.1 57663.9 57355.7 77359.9 66705.7 54381.9 54318.3 54052.8 60013.8 77949.8 53235.3 50773.9 48654.7 51332.4 44202.4 43909.8 43495.7 42505.4 50561.9
threshold=31096.770833333339 3.6471365638766531 6.2292951541850234 6.4288194444444455 542.61875000000009 22.935462555066085 45039.429687500007 22.500000000000004 364.06333333333345 488.71500000000009 24313.729166666672 10.8352422907489 -23.451249999999998 3.5000000000000004 513.26479166666684 186.50000000000003 150.27250000000004 3121.2766701715832 351.34500000000008 396.69062500000013 331.09791666666672 351.50000000000006 179.53500000000003 52.095000000000006 84.500000000000014 315.7247916666667 39500.291666666679 22750.937500000004 10.983480176211456 459.26000000000005
decision_type=8 2 2 2 2 2 8 2 10 10 10 2 10 2 10 2 10 10 10 10 10 2 10 10 2 10 10 10 2 10
left_child=1 -1 6 4 5 17 7 -2 9 10 -3 21 -6 15 18 -10 -14 25 19 -15 -21 26 -13 -12 -25 -4 -5 -17 -26 -30
right_child=2 8 3 11 12 -7 -8 -9 13 -11 23 22 16 14 -16 27 -18 -19 -20 20 -22 -23 -24 24 28 -27 -28 -29 29 -31
leaf_value=3.6747449764817257 0.74107464902516862 1.0906006561006818 0.015035386783931196 0.15675830550610437 -1.053244805904952 0.18671504057493232 0.014529956299946434 0.17409285146472062 -0.48132462514298308 -0.72935018035432164 -0.43260312927649319 -0.17812489938375151 -0.12380600249543283 0.96929997480140551 -0.90451077836751936 1.1883221583744299 -0.81255415202842818 -0.14306362909674769 0.71737328780462606 0.57238024213548866 -0.44731439585674482 -0.44648913029488813 -0.45518259315932846 1.0214782751032283 0.33262662943940291 -0.54535945735406133 -0.085950192792071514 0.49902572218827979 0.085451414049231789 -0.5894069069444916
leaf_weight=42 215 62 12265 894 65 1791 3349 2604 55 110 148 4672 2334 52 59 96 107 2538 147 98 211 291 682 55 633 127 2678 581 3348 102
leaf_count=42 215 62 12265 894 65 1791 3349 2604 55 110 148 4672 2334 52 59 96 107 2538 147 98 211 291 682 55 633 127 2678 581 3348 102
internal_value=-0.00106434 0.175641 -0.0306743 -0.0606078 -0.0187427 0.0051413 0.107353 0.217583 0.149479 0.0934846 0.114464 -0.147928 -0.178044 0.341427 0.114628 0.516707 -0.154317 -0.0166513 0.234537 0.0364859 -0.123113 -0.057023 -0.213495 0.100093 0.119245 0.00924861 -0.0251782 0.598378 0.106845 0.0653341
internal_weight=40411 5799 34612 28444 19227 16721 6168 2819 5757 4458 4348 9217 2506 1299 567 732 2441 14930 508 361 309 3863 5354 4286 4138 12392 3572 677 4083 3450
internal_count=40411 5799 34612 28444 19227 16721 6168 2819 5757 4458 4348 9217 2506 1299 567 732 2441 14930 508 361 309 3863 5354 4286 4138 12392 3572 677 4083 3450
is_linear=0
shrinkage=0.03


Tree=125
num_leaves=31
num_cat=0
split_feature=11 6 32 5 28 7 8 41 4 18 33 14 25 28 13 14 28 15 27 1 4 7 7 4 25 28 6 25 28 4
split_gain=257783 153982 348714 103501 128733 122725 91641.2 78184.8 55565.3 94363.9 55093.2 51963.1 114612 60685.4 60279.5 102445 86130.9 79254.8 59991.1 57479.1 88131.9 51925.2 51181.8 48396.5 47382.4 57387.4 51103.4 46435.6 44272.8 47663.3
threshold=272.52000000000004 0.39295154185022024 148.77000000000001 50466.187500000007 29624.250000000004 5.7656250000000018 643.2750000000002 6258.0211717105458 122.50000000000001 1.5000000000000002 125.00500000000001 625.65500000000009 458.07729166666678 23250.062500000004 293.64000000000004 459.26000000000005 24814.437500000004 396.69062500000013 42433.833333333336 3.5000000000000004 239.50000000000003 10.071180555555559 4.8871527777777795 2.5000000000000004 396.69062500000013 30982.144843750004 6.2292951541850234 458.07729166666678 43734.625000000007 359.50000000000006
decision_type=10 2 10 2 8 2 2 8 2 2 10 10 10 10 10 10 10 10 10 2 2 2 2 2 10 10 2 10 10 2
left_child=3 2 -2 5 -5 6 -1 23 9 -8 -9 12 13 -3 15 24 17 22 -18 27 -21 -7 -16 -6 25 -15 -27 -13 29 -12
right_child=1 11 -4 4 7 21 8 10 -10 -11 28 19 -14 14 16 -17 18 -19 -20 20 -22 -23 -24 -25 -26 26 -28 -29 -30 -31
leaf_value=0.016170009805849754 -0.3965542758897293 0.96273685812950127 3.460856635059629 0.54596836277114391 -1.0020438925725108 -0.13636159537267195 -0.30642444164399057 -0.01008504996390479 -0.17777033399207709 -1.8629993998289107 0.20536404384101933 1.6037606686353683 -0.69708875183354724 0.53791754194847141 -0.35808462438258254 -0.35854159813090947 0.86085095700649716 -0.99357748216491637 -0.33875724584557287 0.56551055194002331 -0.74062410430063175 -0.50719919572329852 1.0285432083201858 -0.088076144279498086 -0.37728182651300346 0.48484996089757965 -0.031913712200861311 0.55123817282110232 0.024991717945574518 -0.53080855913736202
leaf_weight=12725 42 92 41 439 52 8041 119 5089 945 49 3602 41 131 447 43 354 317 58 42 112 78 354 52 3272 112 241 597 410 2467 80
leaf_count=12725 42 92 41 439 52 8041 119 5089 945 49 3602 41 131 447 43 354 317 58 42 112 78 354 52 3272 112 241 597 410 2467 80
internal_value=0.00175322 0.259662 1.52743 -0.0204879 0.0404028 -0.0615718 -0.00667043 0.0251251 -0.267587 -0.768763 0.0629307 0.225534 0.163313 0.21145 0.180495 0.0966445 0.466511 -0.128987 0.719956 0.466215 0.0282376 -0.152058 0.403719 -0.102671 0.212163 0.263792 0.117103 0.650258 0.123351 0.189229
internal_weight=40444 3210 83 37234 15001 22233 13838 14562 1113 168 11238 3127 2486 2355 2263 1751 512 153 359 641 190 8395 95 3324 1397 1285 838 451 6149 3682
internal_count=40444 3210 83 37234 15001 22233 13838 14562 1113 168 11238 3127 2486 2355 2263 1751 512 153 359 641 190 8395 95 3324 1397 1285 838 451 6149 3682
is_linear=0
shrinkage=0.03


Tree=126
num_leaves=31
num_cat=0
split_feature=12 0 37 18 0 14 15 15 1 32 8 6 1 12 28 25 38 6 14 41 14 11 27 1 0 24 16 6 12 27
split_gain=218049 104286 103903 101295 85758.6 70148.8 57111.9 60149.3 72590.2 92769.2 74161.5 124198 61292.4 60627.9 58353.5 50547.8 50080 49761.4 48982.8 46350.6 45956.6 48700.2 44937.1 43295.5 114615 42995.8 42595.5 42081.4 41890.3 41128.4
threshold=246.2154166666667 16.500000000000004 -21.582500000000007 1.0000000180025095e-35 4.5000000000000009 116.20000000000002 163.04484375000001 197.65354166666671 4.5000000000000009 156.82500000000002 0.11250000000000002 2.5107929515418506 2.5000000000000004 443.54708333333343 22538.562500000004 351.38812500000012 -92.584999999999994 26.986563876651989 479.90500000000003 -9174.5006458352364 227.77750000000003 175.45875000000004 41181.562500000007 1.0000000180025095e-35 5.5000000000000009 211.73500000000004 6669.4267913280246 10.90638766519824 250.48604166666669 25447.083333333339
decision_type=10 2 10 2 2 10 10 10 2 10 2 2 2 10 10 10 10 2 10 8 10 10 8 2 2 10 10 2 10 10
left_child=1 3 -2 5 20 -1 -4 12 10 13 -9 -12 -8 15 -13 18 -7 26 -10 -18 21 -5 -6 24 25 -21 -3 -26 -16 -11
right_child=2 17 6 4 22 16 7 8 9 29 11 14 -14 -15 28 -17 19 -19 -20 23 -22 -23 -24 -25 27 -27 -28 -29 -30 -31
leaf_value=-0.08335434273105008 1.5381321766157194 0.062699386733493373 -0.59320861724764107 -0.0094341266839173231 -0.27436190674028627 0.59860204318736454 0.085247846313669717 0.091073231569901339 -0.48529889787994157 0.8241297967731952 1.901996508544805 1.3122907264211348 1.1777919387680136 0.2784041312112745 1.1925213129818439 -1.1009239086204645 -0.3283674698194512 0.29049820660876285 0.59100760541532349 -0.056531541966042424 0.4034664186090231 -0.85595534483591718 -0.10382990909751219 0.013099894492420805 0.58045832365460981 -0.80045486354609818 -0.12978893393469626 0.19942154567249254 0.28813380376565023 0.12000925949255449
leaf_weight=7483 52 8775 79 2100 3367 140 78 1137 222 95 48 55 113 112 47 97 315 768 45 476 239 62 2372 8338 461 81 1172 603 1246 338
leaf_count=7483 52 8775 79 2100 3367 140 78 1137 222 95 48 55 113 112 47 97 315 768 45 476 239 62 2372 8338 461 81 1172 603 1246 338
internal_value=0.00149056 -0.0207841 0.21893 -0.0532022 -0.140935 -0.0132934 0.200041 0.217448 0.188558 -0.0413918 0.271062 0.417487 0.73439 -0.330118 0.363256 -0.517605 0.0370522 0.0579881 -0.302371 0.0293426 0.00961101 -0.0340944 -0.203909 0.0406887 0.182503 -0.165955 0.0400088 0.364904 0.321904 0.276036
internal_weight=40516 36752 3764 26037 8140 17897 3712 3633 3442 909 2533 1396 191 476 1348 364 10414 10715 267 10274 2401 2162 5739 9959 1621 557 9947 1064 1293 433
internal_count=40516 36752 3764 26037 8140 17897 3712 3633 3442 909 2533 1396 191 476 1348 364 10414 10715 267 10274 2401 2162 5739 9959 1621 557 9947 1064 1293 433
is_linear=0
shrinkage=0.03


Tree=127
num_leaves=31
num_cat=0
split_feature=28 5 5 5 7 28 39 8 28 12 14 0 14 41 38 5 8 4 24 4 5 32 5 16 15 38 38 16 5 8
split_gain=226298 665253 144681 135352 115077 90765.1 86074.1 71526 65086.6 60388.2 71546.2 59744.8 69022.8 106641 53598.4 50447.3 47208.1 43118.9 81088.9 53774.6 41558 39358.3 54281 37242.3 37222.8 36384.3 36313.9 36100.8 37336.9 35718.6
threshold=31164.625000000004 62500.625000000007 46400.687500000007 58501.625000000007 7.5434027777777795 43899.500000000007 -25.509999999999998 654.24375000000009 22538.562500000004 364.06333333333345 488.71500000000009 16.500000000000004 75.593750000000014 -15496.915952787098 89.135000000000019 66462.500000000015 168.18125000000003 239.50000000000003 319.93000000000001 223.50000000000003 35812.625000000007 161.33500000000004 43179.937500000007 7720.1267997382374 284.98812500000003 -97.454999999999998 81.58750000000002 2804.1512944801857 35812.625000000007 219.65625000000003
decision_type=8 2 2 2 2 8 10 2 10 10 10 2 10 8 10 2 2 2 10 2 2 10 2 10 10 10 10 8 2 2
left_child=1 2 7 4 11 6 -5 9 -4 10 20 12 13 -2 16 24 27 19 -19 -11 26 -6 -23 25 -8 -13 -1 -14 -29 -10
right_child=3 -3 8 5 21 -7 15 -9 29 17 -12 23 14 -15 -16 -17 -18 18 -20 -21 -22 22 -24 -25 -26 -27 -28 28 -30 -31
leaf_value=-0.13423337158540752 -1.6870813503319566 3.9349384517967696 1.2525637538994059 0.46304003402137611 -0.18119542855368573 -0.0049344817634040129 0.060655211507984329 -0.57124716452421509 0.44731825268514286 0.16869848295287651 -0.95556585839816499 0.89220875090741092 0.11261456556785472 -0.19415253387122969 -0.42561986016022002 0.27221645736609279 -0.10396090863394959 0.93394577924162148 -0.27809860084306548 0.7887361298272243 0.075049431582012036 -1.5478120527034853 -0.37654200573007546 -0.32927431348808861 -0.36520839067471916 0.054005129843198302 -0.92087330687046043 -0.18589348378147386 0.0079027449229256454 0.19922623304179823
leaf_weight=446 43 41 67 817 3791 5131 1349 169 936 274 69 46 2307 2069 318 1037 5124 63 221 233 2102 40 282 228 213 5659 59 1088 5015 1187
leaf_count=446 43 41 67 817 3791 5131 1349 169 936 274 69 46 2307 2069 318 1037 5124 63 221 233 2102 40 282 228 213 5659 59 1088 5015 1187
internal_value=0.000520917 0.172772 0.145625 -0.0287275 -0.0627619 0.0748402 0.194632 0.0295748 0.338198 0.0590183 -0.00908307 -0.0354089 -0.0656175 -0.225332 -0.0412514 0.110112 -0.0321894 0.28913 -0.006896 0.454638 0.0163245 -0.208341 -0.526383 0.0458711 0.0023864 0.0609188 -0.227776 0.0115464 -0.0266707 0.308766
internal_weight=40424 5867 5826 34557 26010 8547 3416 3636 2190 3467 2676 21897 15964 2112 13852 2599 13534 791 284 507 2607 4113 322 5933 1562 5705 505 8410 6103 2123
internal_count=40424 5867 5826 34557 26010 8547 3416 3636 2190 3467 2676 21897 15964 2112 13852 2599 13534 791 284 507 2607 4113 322 5933 1562 5705 505 8410 6103 2123
is_linear=0
shrinkage=0.03


Tree=128
num_leaves=31
num_cat=0
split_feature=27 32 6 5 39 7 4 1 32 8 23 4 5 15 8 12 12 32 5 15 15 26 14 27 6 10 36 12 0 39
split_gain=182478 176355 145946 101914 111064 99386 80726.2 70569.3 57115.2 56500.9 60794.7 93614.2 55993.1 59713.4 52436.4 55949.2 51545.2 73343.1 55880.4 51089.6 52624 48777.2 48365.4 47548.7 46012.4 44066.7 52270.8 39308.2 37939.5 36268.4
threshold=31096.770833333339 264.94500000000005 6.2292951541850234 47303.312500000007 -149.57749999999996 6.4288194444444455 164.50000000000003 2.5000000000000004 250.00500000000002 654.24375000000009 4.5000000000000009 126.50000000000001 51956.250000000007 152.76020833333334 679.67500000000007 364.06333333333345 284.98812500000003 221.99500000000003 58306.250000000007 205.21437500000005 186.80062500000003 40865.342500000006 488.71500000000009 40778.902447916676 32.257709251101325 410.13500000000005 144.34500000000003 124.95796875000001 15.500000000000002 -29.457499999999985
decision_type=8 10 2 2 10 2 2 2 10 2 2 2 2 10 2 10 10 10 2 10 10 10 10 10 2 10 10 10 2 8
left_child=1 3 8 14 -5 6 9 24 29 -4 -11 -12 13 -7 15 22 17 21 -18 20 27 28 -1 -14 -8 26 -6 -15 -9 -2
right_child=2 -3 5 4 25 12 7 16 -10 10 11 -13 23 19 -16 -17 18 -19 -20 -21 -22 -23 -24 -25 -26 -27 -28 -29 -30 -31
leaf_value=0.028656559851695882 0.22830393378130096 1.8293746111648423 -0.071522715098292139 1.6108084355346088 0.25535378255515445 -0.16949337731148365 0.105718371746903 -0.15127941633463707 0.47297665171049208 -0.19809407136967461 -1.9847327064251414 -0.3622780984451896 0.12370774094353032 -0.91409623555342345 -0.48433405505809574 0.28654245150036356 -1.559917403663077 0.55207015627500955 -0.0029018747806549071 -0.21005551024167626 -1.4360113326140813 0.074481574647125376 -0.75356975479485233 -0.11433714365971273 0.68251897916430604 0.61777045642801864 -0.50600632067683127 0.037119240096637182 0.044104068116031993 0.043536181888591347
leaf_weight=2791 1203 55 7023 57 1465 4784 4572 3134 355 395 48 94 1025 89 158 844 40 195 42 242 83 2322 72 2861 127 287 85 69 1251 4648
leaf_count=2791 1203 55 7023 57 1465 4784 4572 3134 355 395 48 94 1025 89 158 844 40 195 42 242 83 2322 72 2861 127 287 85 69 1251 4648
internal_value=-0.00162928 0.153868 -0.0277603 0.137551 0.317771 -0.056564 -0.0178536 0.0315744 0.104021 -0.0942321 -0.390546 -0.920757 -0.137937 -0.201664 0.0491769 0.0720407 -0.0289045 -0.0199647 -0.772065 -0.519295 -0.827666 -0.0366759 0.00872853 -0.051533 0.121449 0.276795 0.213302 -0.501071 -0.095541 0.081558
internal_weight=40416 5814 34602 5759 1894 28396 19243 11683 6206 7560 537 142 9153 5267 3865 3707 6984 6902 82 483 241 6707 2863 3886 4699 1837 1550 158 4385 5851
internal_count=40416 5814 34602 5759 1894 28396 19243 11683 6206 7560 537 142 9153 5267 3865 3707 6984 6902 82 483 241 6707 2863 3886 4699 1837 1550 158 4385 5851
is_linear=0
shrinkage=0.03


Tree=129
num_leaves=31
num_cat=0
split_feature=11 15 40 7 6 8 0 23 30 27 33 7 5 39 4 4 23 4 27 2 4 39 4 7 14 25 4 5 14 25
split_gain=188793 108654 545624 95825.3 98566.1 73310.2 63853.1 58051.7 93236.1 54996 54820.1 48272.4 41681.4 75326.1 38074.3 36249.4 36563.1 65546.5 52260.2 52048.1 35898.3 36796.6 33758.6 41441.1 47785.2 33527.1 78097.5 91567 55443.6 55264.8
threshold=272.52000000000004 258.53812500000009 -21.998749999999998 5.1579861111111134 9.2825991189427342 604.07500000000016 16.500000000000004 3.5000000000000004 -9.6887499999999971 47486.791666666672 165.07500000000002 5.3281250000000027 54962.937500000007 -33.839999999999989 329.50000000000006 354.50000000000006 6.5000000000000009 269.50000000000006 35982.584791666675 6.5000000000000009 4.5000000000000009 -100.11124999999998 305.50000000000006 8.175347222222225 220.38000000000002 282.46229166666677 272.50000000000006 64356.250000000007 576.00000000000011 458.07729166666678
decision_type=10 10 10 2 2 2 2 2 10 10 10 2 2 8 2 2 2 2 10 2 2 10 2 2 10 10 2 2 10 10
left_child=3 2 -2 5 9 10 15 -7 -9 12 -1 -3 14 -14 -5 16 20 18 19 -18 21 -6 23 -22 -25 -13 28 -28 -27 -30
right_child=1 11 -4 4 6 7 -8 8 -10 -11 -12 25 13 -15 -16 -17 17 -19 -20 -21 22 -23 -24 24 -26 26 27 -29 29 -31
leaf_value=0.021982765097640827 3.9701337572423423 0.27733560332345381 0.28066315351883964 0.016338586008034978 1.1443841841053672 -0.032097784895352692 -0.022522852141734277 -1.5677769225782583 -0.27474181706168921 -0.08976165141588921 0.15619833964199242 0.25045049832482102 0.47606644982227941 0.085115964629339083 -0.52480152341581521 -0.58135257348418234 -0.16845542823825524 -0.56598575060670608 -0.053162850310777963 -0.77469911358345334 -0.10863683061144305 -0.056500462839063605 0.078344555389536372 -0.25808402200032066 -1.0147740853123548 -0.094124041873827044 -1.2827557678532959 -0.08186706095164821 1.0806041391619612 0.13528877727910429
leaf_weight=11178 40 1492 302 1641 40 1149 4998 55 492 2267 3627 442 556 2181 125 176 317 475 1149 213 4953 52 683 919 81 497 90 154 83 166
leaf_count=11178 40 1492 302 1641 40 1149 4998 55 492 2267 3627 442 556 2181 125 176 317 475 1149 213 4953 52 683 919 81 497 90 154 83 166
internal_value=-0.00139242 0.217294 0.722497 -0.0205321 -0.0633168 0.0334673 -0.108609 -0.153303 -0.407378 0.0307215 0.0548719 0.157977 0.0913843 0.164679 -0.0222394 -0.156101 -0.14761 -0.255174 -0.166959 -0.413097 -0.113141 0.472314 -0.121327 -0.144245 -0.320328 0.0335098 -0.0635015 -0.528246 0.0890096 0.453456
internal_weight=40593 3266 342 37327 20826 16501 14056 1696 547 6770 14805 2924 4503 2737 1766 9058 8882 2154 1679 530 6728 92 6636 5953 1000 1432 990 244 746 249
internal_count=40593 3266 342 37327 20826 16501 14056 1696 547 6770 14805 2924 4503 2737 1766 9058 8882 2154 1679 530 6728 92 6636 5953 1000 1432 990 244 746 249
is_linear=0
shrinkage=0.03


Tree=130
num_leaves=31
num_cat=0
split_feature=28 5 5 6 7 28 0 10 13 14 28 39 5 39 5 22 4 13 28 4 24 35 7 14 5 6 17 27 0 7
split_gain=139671 181667 131536 131488 83365.4 71865.6 67350.5 63482.2 71071.8 57172.6 52019.5 60031.5 50423.4 56775 43832.3 43492.2 43346.5 41284.8 40351 38040.2 100622 37305.2 37313.9 35928.4 35364.9 35270.4 45401.7 35157 35450.9 33868.3
threshold=31164.625000000004 62302.250000000007 40906.250000000007 6.0211453744493406 4.7934027777777795 22538.562500000004 15.500000000000002 -23.451249999999998 -7.7387499999999987 52.095000000000006 43734.625000000007 -21.099999999999994 50154.875000000007 -76.402499999999989 57205.250000000007 1.0000000180025095e-35 241.50000000000003 37.070000000000007 25782.687500000004 272.50000000000006 310.08500000000004 77.560000000000016 6.9010416666666687 232.05000000000004 67650.562500000015 32.257709251101325 1791.2960900000005 31804.515520833334 16.500000000000004 8.0711805555555589
decision_type=8 2 2 2 2 10 2 10 10 10 8 10 2 10 2 2 2 10 10 2 10 10 2 10 2 2 10 10 2 2
left_child=1 2 21 10 7 16 15 8 -5 -7 11 14 18 -14 -2 29 -4 -17 -11 -20 -21 22 27 -16 -13 26 -9 28 -1 -6
right_child=3 -3 5 4 6 9 -8 25 -10 12 -12 24 13 -15 23 17 -18 -19 19 20 -22 -23 -24 -25 -26 -27 -28 -29 -30 -31
leaf_value=0.006864728050352968 0.20810762684891909 2.099483139344624 1.7053765748341878 -1.6976733517937543 -0.099088786755572422 -0.53072812437377082 -0.017429096375394127 0.055809829382462449 0.037538628816604615 0.34683247306390963 0.033072639293700024 0.044644254481992163 0.9049799022100955 0.29861880931714224 0.55834572417468864 -0.20084788560510394 0.44870637685060499 -0.94392467613086894 0.15440984337184377 -0.015195525385853318 -1.5213196258721027 -0.53421732989549642 -0.3757395262302809 1.3629368316878874 0.32299513681836639 0.41673206451431949 -0.087692452467739226 -0.39597824520260627 0.47370495486151742 -0.23011426523785317
leaf_weight=1240 214 41 44 40 8842 93 7193 7207 44 682 3587 1211 165 869 173 166 57 113 1457 431 43 149 258 71 621 201 2737 168 165 2222
leaf_count=1240 214 41 44 40 8842 93 7193 7207 44 682 3587 1211 165 869 173 166 57 113 1457 431 43 149 258 71 621 201 2737 168 165 2222
internal_value=-0.00197005 0.133444 0.119238 -0.0248875 -0.0513064 0.221608 -0.0892442 0.0174428 -0.799004 0.20012 0.104407 0.21608 0.218898 0.396159 0.522934 -0.134779 1.00752 -0.504104 0.148628 0.0784819 -0.154742 -0.0793616 -0.0420757 0.797076 0.139123 0.024281 0.0163072 0.012855 0.0619873 -0.125421
internal_weight=40504 5862 5821 34642 28765 3841 18536 10229 84 3740 5877 2290 3647 1034 458 11343 101 279 2613 1931 474 1980 1831 244 1832 10145 9944 1573 1405 11064
internal_count=40504 5862 5821 34642 28765 3841 18536 10229 84 3740 5877 2290 3647 1034 458 11343 101 279 2613 1931 474 1980 1831 244 1832 10145 9944 1573 1405 11064
is_linear=0
shrinkage=0.03


Tree=131
num_leaves=31
num_cat=0
split_feature=11 15 6 7 32 28 0 10 27 27 18 2 1 32 41 0 30 15 27 28 27 27 27 11 28 6 32 14 36 13
split_gain=189737 218954 102564 104721 59461 58284.2 54990.9 51815.2 46456 63542.3 45363.5 51665.3 42408.5 52355.3 41664 37801.7 37496.5 47999.2 51491 50163.3 60528.4 85969.6 73849.1 54432 37030.6 42921.1 33962.6 33580.4 32900.3 32764
threshold=320.88000000000005 258.53812500000009 6.1273127753303971 5.4079861111111134 136.14500000000001 43826.312500000007 16.500000000000004 410.13500000000005 41231.270833333336 42689.076510416671 1.0000000180025095e-35 9.5000000000000018 1.0000000180025095e-35 2.6150000000000007 23682.162064527587 4.5000000000000009 514.26500000000021 458.07729166666678 22750.937500000004 24013.659722222226 26213.354166666668 25684.145833333339 27049.395833333336 396.59500000000008 36951.315156250006 13.910352422907492 290.38000000000005 105.19375000000001 144.34500000000003 -29.089999999999996
decision_type=10 10 2 2 10 8 2 10 10 10 2 2 2 10 10 2 10 10 10 10 10 10 10 10 10 2 10 10 10 10
left_child=2 -2 5 4 7 26 10 12 16 -10 -5 24 15 -14 -7 -4 17 19 -19 23 21 -21 -22 -3 25 -12 -1 -17 -6 -29
right_child=1 8 3 6 28 14 -8 -9 9 -11 11 -13 13 -15 -16 27 -18 18 -20 20 22 -23 -24 -25 -26 -27 -28 29 -30 -31
leaf_value=0.19314569690703548 2.0895831941941689 0.10999098620677399 -0.16529603206874294 -0.08624890363389616 0.14577438427239267 0.016763604364696618 -0.010861322267274428 -1.0134529310205707 -0.38260176636664006 0.48499080141033746 -0.061659402290137277 -0.42605921737196428 -0.25187753589942552 -0.0082096469932452978 0.88878719829674813 0.052732008433192687 0.61688183856218359 0.69720845857491864 -0.13955571929636482 0.23624189962907327 0.92873596416390003 -0.82147733424742186 0.21517503846549102 1.2737875694835308 -0.05381767980020527 -0.47158057185135721 0.67929212697822117 -0.43730974780752302 -0.58137779900902198 0.38209204789338969
leaf_weight=2113 57 58 329 7465 3306 3585 5636 45 231 112 402 823 862 9871 49 800 257 77 436 240 187 96 430 96 1428 537 137 46 56 709
leaf_count=2113 57 58 329 7465 3306 3585 5636 45 231 112 402 823 862 9871 49 800 257 77 436 240 187 96 430 96 1428 537 137 46 56 709
internal_value=0.00374689 0.269723 -0.0121143 -0.0330911 0.0213619 0.103077 -0.0866497 -0.0084192 0.222077 -0.0987199 -0.126733 -0.221416 -0.0047546 -0.027801 0.028763 0.126484 0.28072 0.227043 -0.0128475 0.338123 0.256388 -0.0675045 0.432594 0.839012 -0.150112 -0.296339 0.223035 0.188284 0.133493 0.331656
internal_weight=40476 2277 38199 32315 16024 5884 16291 12662 2220 343 10655 3190 12617 10733 3634 1884 1877 1620 513 1107 953 336 617 154 2367 939 2250 1555 3362 755
internal_count=40476 2277 38199 32315 16024 5884 16291 12662 2220 343 10655 3190 12617 10733 3634 1884 1877 1620 513 1107 953 336 617 154 2367 939 2250 1555 3362 755
is_linear=0
shrinkage=0.03


Tree=132
num_leaves=31
num_cat=0
split_feature=27 6 6 5 39 7 0 28 8 5 15 5 39 28 8 6 6 7 32 41 4 8 7 39 12 14 4 34 22 15
split_gain=172325 525181 110900 91584.5 125535 75656.2 58239.4 56326.3 53486.7 52968.7 56851.3 50044.6 49749.3 48831.8 45376.5 42251.5 41980.3 39236.9 37401.4 35863.1 35403.3 34961.7 43348.4 46773.5 37732.6 33393.4 39810.2 97612.1 33336.5 32617.7
threshold=31096.770833333339 4.1204845814977986 6.2292951541850234 47601.437500000007 -149.57749999999996 6.5781250000000018 15.500000000000002 43826.312500000007 728.60625000000016 51956.250000000007 144.3897916666667 35812.625000000007 -21.385000000000002 40731.258750000001 454.14375000000007 28.007268722466964 30.328193832599123 4.5156250000000009 197.29000000000002 6407.244166763624 350.50000000000006 206.51875000000004 8.175347222222225 -74.374999999999986 302.37062500000008 69.930000000000021 272.50000000000006 286.78500000000003 1.0000000180025095e-35 443.54708333333343
decision_type=8 2 2 2 10 2 2 8 2 2 10 2 10 10 2 2 2 2 10 8 2 2 2 10 10 10 2 10 2 10
left_child=1 -1 7 8 -5 6 14 12 11 10 -7 29 19 28 17 21 -8 -4 20 -2 -14 22 23 -6 -25 -13 -27 -28 -11 -3
right_child=2 3 5 4 15 9 16 -9 -10 13 -12 25 18 -15 -16 -17 -18 -19 -20 -21 -22 -23 -24 24 -26 26 27 -29 -30 -31
leaf_value=3.3447572070036244 -0.21600326363928615 -0.12174111075344231 0.041136789125953886 1.6409246968661175 1.1193515899155166 -0.15167059111713393 0.038702375861823984 0.016321741441537935 -0.61881970852051138 0.18080517286679854 -0.47152310928669833 -0.339076100432537 0.075995029118270455 -0.10732227196090871 -0.16282007925259573 0.83430826787427759 0.37217572990680731 -0.07476630859099849 0.34368744106182836 0.5423324297545109 -0.80800920299121315 0.10401626169281326 -0.12724722092653193 0.21317364496095723 0.82780030292382489 0.18509203371123692 0.036998295364690861 -1.2543499676831837 -0.4453547951419759 -0.96080527518192937
leaf_weight=45 63 576 4614 60 90 4265 6050 3720 105 987 566 141 1399 2680 2683 106 359 6107 536 480 41 981 122 346 121 2501 574 57 82 44
leaf_count=45 63 576 4614 60 90 4265 6050 3720 105 987 566 141 1399 2680 2683 106 359 6107 536 480 41 981 122 346 121 2501 574 57 82 44
internal_value=0.00147211 0.151779 -0.0240036 0.126538 0.302509 -0.049169 -0.0169408 0.0905108 0.0461109 -0.12358 -0.189234 0.0641994 0.200022 -0.0389493 -0.0525054 0.256133 0.057437 -0.0248859 0.130003 0.454113 0.0502822 0.218734 0.384077 0.4961 0.373852 0.111018 0.131383 -0.081453 0.132403 -0.182739
internal_weight=40501 5869 34632 5824 1826 28393 19813 6239 3998 8580 4831 3893 2519 3749 13404 1766 6409 10721 1976 543 1440 1660 679 557 467 3273 3132 631 1069 620
internal_count=40501 5869 34632 5824 1826 28393 19813 6239 3998 8580 4831 3893 2519 3749 13404 1766 6409 10721 1976 543 1440 1660 679 557 467 3273 3132 631 1069 620
is_linear=0
shrinkage=0.03


Tree=133
num_leaves=31
num_cat=0
split_feature=28 5 5 28 39 0 6 14 37 15 32 25 15 25 6 39 14 5 28 15 10 1 0 14 16 0 5 31 14 15
split_gain=146076 115257 112467 94333 71740.7 65878.5 65502.9 60349.1 54014.9 53346.1 78170.9 69066 55833.4 55851.1 52380.1 50036.6 47435.8 44076.6 55395 46416.3 41692.2 41430.8 48401.1 45024.1 39887.4 38840 46404.1 38702.3 38372.3 51507.6
threshold=27979.812500000004 47601.437500000007 56831.250000000007 44083.196250000008 -36.179999999999964 16.500000000000004 11.823568281938327 75.593750000000014 68.600000000000037 167.20895833333336 7.285000000000001 216.12250000000003 160.31604166666668 174.64854166666666 32.257709251101325 -149.57749999999996 418.44000000000005 66160.000000000015 30982.144843750004 277.52729166666671 -23.451249999999998 1.0000000180025095e-35 6.5000000000000009 196.57500000000002 5033.9169451680091 17.500000000000004 52253.125000000007 390.00500000000005 215.80500000000004 272.38666666666671
decision_type=8 2 2 8 10 2 2 10 10 10 8 10 10 10 2 10 10 2 10 10 10 2 2 10 8 2 2 10 10 10
left_child=1 8 5 4 28 7 -3 20 -1 11 -11 12 21 -14 -7 -8 -10 18 -6 -20 -2 23 24 -9 -23 26 -17 -27 -4 -30
right_child=2 6 3 -5 17 14 15 9 16 10 -12 -13 13 -15 -16 25 -18 -19 19 -21 -22 22 -24 -25 -26 27 -28 -29 29 -31
leaf_value=0.13521590807014644 -1.0836647702753543 1.217500248664747 0.30635692041225893 -0.015173978867597686 0.66294200458373231 0.014339085417838113 1.2819339674138106 0.06496115142561254 -0.68118721928137038 -1.1966064458833614 -0.1775805873163738 -1.2407379773397778 0.11384928930889476 1.2359476541280745 0.60217448199449253 0.081545853083812417 -8.8983951718546445e-05 0.25756809222218174 0.054492714472483536 -0.34999837230624892 -0.19150577601305135 0.10525678657436359 -0.11334214318535132 0.84228856945037844 -0.055907850222096121 0.33601420412852068 0.70318670299561581 1.1627104432212896 1.15547252917482 0.14876560998237315
leaf_weight=2077 47 91 677 5519 119 7372 51 1606 143 70 1503 42 120 59 138 528 255 1214 1940 293 2817 2157 7196 69 3843 126 135 86 123 73
leaf_count=2077 47 91 677 5519 119 7372 51 1606 143 70 1503 42 120 59 138 528 255 1214 1940 293 2817 2157 7196 69 3843 126 135 86 123 73
internal_value=-0.00103997 0.184408 -0.0185482 0.0676379 0.170578 -0.0502903 0.453115 -0.0793279 0.073855 -0.057458 -0.22366 -0.0401216 -0.0366888 0.488515 0.0252196 0.376765 -0.245899 0.110841 0.0350293 0.00128507 -0.20652 -0.0430431 -0.0608842 0.0974659 0.00203872 0.322604 0.208993 0.675256 0.414184 0.783184
internal_weight=40489 3492 36997 9958 4439 27039 1017 19529 2475 16665 1573 15092 15050 179 7510 926 398 3566 2352 2233 2864 14871 13196 1675 6000 875 663 212 873 196
internal_count=40489 3492 36997 9958 4439 27039 1017 19529 2475 16665 1573 15092 15050 179 7510 926 398 3566 2352 2233 2864 14871 13196 1675 6000 875 663 212 873 196
is_linear=0
shrinkage=0.03


Tree=134
num_leaves=31
num_cat=0
split_feature=28 5 5 6 7 39 0 23 13 25 27 14 8 15 6 16 15 28 6 28 39 5 32 0 25 32 28 13 7 13
split_gain=150906 173815 115861 104017 76926.4 72963.1 58086.4 60135.5 59264.7 67900.7 65945.8 57886.7 57650.6 57530.8 52101.3 60988.6 51778.8 51445.9 51264.4 47363.9 45715.8 46012.5 44590.4 42032 41913.7 58489.3 54104.4 53892.4 40795.3 38380.6
threshold=31164.625000000004 62302.250000000007 48902.250000000007 6.2292951541850234 6.8732638888888902 -149.57749999999996 17.500000000000004 1.5000000000000002 378.59000000000009 351.38812500000012 25142.895833333336 479.90500000000003 542.61875000000009 443.54708333333343 23.076431718061677 3319.1438827610918 194.71916666666669 43734.625000000007 29.568722466960363 25936.687500000004 -22.834999999999997 55331.250000000007 228.62500000000003 5.5000000000000009 276.37187500000005 221.99500000000003 42338.752968750006 66.905000000000015 5.2309027777777795 54.595000000000006
decision_type=8 2 2 2 2 10 2 2 10 10 10 10 2 10 2 10 10 8 2 10 10 2 10 2 10 10 10 10 2 10
left_child=1 2 6 17 12 -4 7 -1 9 11 13 16 14 -11 15 24 -9 20 -7 28 21 -2 -22 -6 25 -5 -26 -27 -8 -16
right_child=3 -3 5 4 23 18 19 8 -10 10 -12 -13 -14 -15 29 -17 -18 -19 -20 -21 22 -23 -24 -25 26 27 -28 -29 -30 -31
leaf_value=0.13709314048764945 0.099699310470768118 1.9784878771460574 1.368949597420231 0.0065190414481398583 -0.26409742552017529 0.27620995442112334 0.89381077467664782 -0.017743978318285641 0.78996899474051685 0.41748207468986509 -1.1140175908853198 0.59194381796651419 -0.14973680501944875 -0.77866344755887984 0.23827485779235222 -0.13889332913371047 -0.41638841209891769 0.01923647075201617 1.1739267336577177 0.10485291158746589 0.063097809333184693 0.70068926925634167 0.43268386657754798 -0.092083720663779733 -0.68363886605544266 1.0993647559087822 0.28425801402644107 0.20839094381591072 0.2419797400274489 -0.069922369412913965
leaf_weight=1391 192 45 61 12956 1654 1310 152 1063 61 74 120 107 2619 69 1315 2982 404 3756 59 769 1581 285 360 5630 165 73 75 355 201 502
leaf_count=1391 192 45 61 12956 1654 1310 152 1063 61 74 120 107 2619 69 1315 2982 404 3756 59 769 1581 285 360 5630 165 73 75 355 201 502
internal_value=0.00112059 0.141504 0.127016 -0.0228335 -0.0471532 0.361581 0.0509073 -0.012695 -0.122486 -0.153198 -0.598452 -0.0784679 -0.0180632 -0.161078 0.000662555 -0.0160289 -0.127736 0.0887336 0.315728 0.237195 0.196634 0.459496 0.131833 -0.131174 0.0108717 0.0179311 -0.381247 0.362564 0.524387 0.153135
internal_weight=40386 5886 5841 34500 28326 1430 4411 3289 1898 1837 263 1574 21042 143 18423 16606 1467 6174 1369 1122 2418 477 1941 7284 13624 13384 240 428 353 1817
internal_count=40386 5886 5841 34500 28326 1430 4411 3289 1898 1837 263 1574 21042 143 18423 16606 1467 6174 1369 1122 2418 477 1941 7284 13624 13384 240 428 353 1817
is_linear=0
shrinkage=0.03


Tree=135
num_leaves=31
num_cat=0
split_feature=32 6 35 18 28 8 4 7 15 39 17 31 41 13 15 28 15 16 4 23 34 40 39 32 13 15 6 15 4 30
split_gain=160141 119841 345527 75154.4 89372.9 86921 93132.9 67034.8 64313.8 62204.9 52296.7 50486 49307.4 46123.1 47196.1 43482.6 42448.2 42042.6 47944.5 55326 60028.9 49033.3 42033 41017 41817.3 41209.3 38962.8 38480.6 43560.9 41715.1
threshold=147.62500000000003 0.39295154185022024 35.157499999999999 1.0000000180025095e-35 30825.875000000004 673.22500000000014 126.50000000000001 5.4913194444444473 40.351041666666674 -70.938749999999985 10212.38716 579.7600000000001 13259.921016334762 64.925000000000026 81.293541666666684 22538.562500000004 458.07729166666678 2932.6888682360218 350.50000000000006 2.5000000000000004 168.44000000000003 -61.244999999999997 -138.24124999999995 35.005000000000003 1.9200000000000002 167.20895833333336 4.4074889867841422 184.94062500000004 267.50000000000006 239.67000000000004
decision_type=10 2 10 2 10 2 2 2 8 10 10 10 10 8 10 10 10 10 2 2 10 10 10 10 10 10 2 10 2 10
left_child=3 2 -2 4 15 8 -7 9 -5 -3 -8 -11 17 14 -10 -1 22 18 19 23 -21 -20 -17 25 -25 -6 -9 29 -29 -15
right_child=1 7 -4 5 12 6 10 26 13 11 -12 -13 -14 27 -16 16 -18 -19 21 20 -22 -23 -24 24 -26 -27 -28 28 -30 -31
leaf_value=1.100450139010082 0.06276772458072101 0.59209331870657733 3.2701641635171002 0.031118932165902415 -0.11959218594019953 -1.662101026426662 -0.7607364848649727 0.28622226668602746 -0.13063520808156701 0.13672405977282517 -0.054156352967151752 0.92235072945356367 0.25987170034817703 0.010656833811927672 -0.35919361412343948 0.83414047574867367 -0.28266520430285458 -0.096059448266146444 0.51682898151874535 0.10688883348856791 0.89055165773564637 -0.39900732610263101 0.17645210731630606 0.18726668242470171 -0.013892228235314181 -1.0282992914448612 -0.032156853326659143 -0.020116347380777593 -0.62179373132162963 0.96650564023426599
leaf_weight=45 108 308 41 3297 1947 54 158 390 3049 4104 232 74 562 1902 1109 91 172 5405 59 2669 90 433 1812 1054 7854 45 3001 252 189 41
leaf_count=45 108 308 41 3297 1947 54 158 390 3049 4104 232 74 562 1902 1109 91 172 5405 59 2669 90 433 1812 1054 7854 45 3001 252 189 41
internal_value=0.00120647 0.12121 0.961257 -0.0284125 0.0026003 -0.0954745 -0.505598 0.1052 -0.0769176 0.181276 -0.341625 0.150856 -0.0169263 -0.131362 -0.191667 0.187821 0.167508 -0.0248938 0.00229293 0.0127825 0.132766 -0.288356 0.208324 -0.017597 0.00992737 -0.140626 0.00453362 -0.0261455 -0.278801 0.0313134
internal_weight=40547 8026 149 32521 22238 10283 444 7877 9839 4486 390 4178 20118 6542 4158 2120 2075 19556 14151 13659 2759 492 1903 10900 8908 1992 3391 2384 441 1943
internal_count=40547 8026 149 32521 22238 10283 444 7877 9839 4486 390 4178 20118 6542 4158 2120 2075 19556 14151 13659 2759 492 1903 10900 8908 1992 3391 2384 441 1943
is_linear=0
shrinkage=0.03


Tree=136
num_leaves=31
num_cat=0
split_feature=32 32 15 13 0 23 28 8 15 0 6 27 33 15 6 27 37 28 22 15 14 2 11 27 12 32 27 24 28 39
split_gain=130273 58524.1 73993.3 56321.3 63624.9 55982.1 69770.2 65153.6 48454.9 43015.6 47913.3 47692.2 50161.8 42000.2 40674.8 130854 45709.4 38303 37723.7 36609 35904 33139.4 36405.7 32887 32682.1 31740.5 31128.3 30614.7 45443.2 45064
threshold=141.55500000000004 4.5525000000000011 167.20895833333336 293.64000000000004 17.500000000000004 6.5000000000000009 34125.907031250004 660.29375000000016 47.685468750000005 5.5000000000000009 11.744052863436128 27049.395833333336 387.30000000000007 458.07729166666678 6.2292951541850234 30324.104166666672 111.355 45039.429687500007 1.0000000180025095e-35 513.26479166666684 596.0150000000001 7.5000000000000009 187.84500000000003 23787.375000000004 140.65468750000005 101.59500000000001 42740.770833333343 96.516250000000014 38720.520156250008 -80.813749999999985
decision_type=10 10 10 10 2 2 10 2 10 2 2 10 10 10 2 10 10 10 2 10 10 2 10 10 10 10 10 10 10 10
left_child=1 2 -1 14 19 6 9 8 -7 -3 -11 13 -13 21 15 -2 18 26 27 23 -15 22 -12 -5 -9 -23 -17 28 29 -16
right_child=3 5 -4 4 -6 7 -8 24 -10 10 11 12 -14 20 16 17 -18 -19 -20 -21 -22 25 -24 -25 -26 -27 -28 -29 -30 -31
leaf_value=-0.11181511570397334 1.6680696240123714 -0.038734810799009201 -0.93336768752277488 0.9211942916634408 0.71315442464624834 0.030623339613453277 -0.013264999353749455 -0.36764601503427208 -0.13443593341954338 0.46540854703956913 0.037095658966275147 0.079963492787866991 -0.91532356853180741 -0.6692307035546553 1.5868805088315689 0.15135875427315559 -0.36648692128198274 -0.0095757200588545838 -0.46685678856661084 -0.21678279716940321 0.38245739847421645 -0.10475238430831166 1.0418220894131809 0.19188955299813526 -1.1965433721467851 0.58619688671827308 0.49094439763665199 0.049767057396168081 0.032220493743947719 0.39634339182934858
leaf_weight=4315 52 954 100 65 269 2622 16949 155 4107 485 42 1504 46 56 41 694 240 745 121 168 59 107 143 361 59 134 374 5392 170 93
leaf_count=4315 52 954 100 65 269 2622 16949 155 4107 485 42 1504 46 56 41 694 240 745 121 168 59 107 143 361 59 134 374 5392 170 93
internal_value=-0.0010525 -0.029274 -0.13063 0.101214 0.331225 -0.0129512 0.0120079 -0.0865615 -0.0701245 0.133323 0.197034 0.134592 0.0498548 0.37683 0.0761191 0.198587 0.0383838 0.155543 0.0551482 0.157356 -0.131023 0.513913 0.815148 0.305065 -0.600676 0.280262 0.270625 0.0663171 0.358738 0.769669
internal_weight=40622 31837 4415 8785 863 27422 20479 6943 6729 3530 2576 2091 1550 541 7922 1865 6057 1813 5817 594 115 426 185 426 214 241 1068 5696 304 134
internal_count=40622 31837 4415 8785 863 27422 20479 6943 6729 3530 2576 2091 1550 541 7922 1865 6057 1813 5817 594 115 426 185 426 214 241 1068 5696 304 134
is_linear=0
shrinkage=0.03


Tree=137
num_leaves=31
num_cat=0
split_feature=11 15 7 5 8 33 7 12 5 27 41 6 22 39 6 6 15 27 15 41 5 27 38 18 0 0 25 13 38 16
split_gain=159744 194903 86480.1 93375.6 77843 76217.7 74511.1 62539.7 56233.1 52054.1 46398.1 48276.2 45473.3 47387.2 42411.4 39234 35697.5 60980.6 47871.7 34281.9 33303.5 33266.8 29930 29306.2 60456.5 75202.4 39714.2 43848.6 35581.3 29696.7
threshold=320.88000000000005 258.53812500000009 10.071180555555559 49202.937500000007 718.48750000000007 142.89500000000001 5.7656250000000018 17.516145833333336 41706.250000000007 45776.812500000007 -16065.005134674457 23.234140969163001 1.0000000180025095e-35 -45.609999999999999 1.2028634361233481 11.287004405286348 171.18250000000003 34253.666666666672 205.21437500000005 10921.775007773575 65906.250000000015 30222.437500000004 -10.324999999999994 1.0000000180025095e-35 15.500000000000002 5.5000000000000009 80.179375000000022 59.002500000000005 -104.64374999999997 2901.8244439513869
decision_type=10 10 2 2 2 10 2 10 2 10 10 2 2 10 2 2 10 10 10 10 2 10 8 2 2 2 10 10 8 10
left_child=2 -2 3 4 6 19 23 -7 10 12 11 -6 13 15 -3 -9 22 -18 -19 -5 21 -15 -8 28 25 -25 -27 -28 -1 -30
right_child=1 14 -4 5 8 7 16 9 -10 -11 -12 -13 -14 20 -16 -17 17 18 -20 -21 -22 -23 -24 24 -26 26 27 -29 29 -31
leaf_value=0.70702913291752334 1.9468189581470972 -0.58115684679297153 -0.27309515676574375 -0.021861643451886768 -1.9740623950958254 1.2917413815492536 0.0027456921828581536 0.51398888668078158 -0.20506162430365363 -0.030152857053467999 -0.0074962811966737108 -0.71001490228942454 -0.44890338879600861 0.32090964647180892 0.22144270336081295 0.16541947404608914 -0.13050093080461306 -1.143738551472242 -0.26677019154415887 0.21743971039925053 0.27912327957243638 0.033804320137638191 -0.1339779889714523 0.063088420419953758 0.11408097141420372 -0.13886976519737756 -0.79769843582353439 -0.26298132425105969 0.060281307930210928 -0.11522845453799485
leaf_weight=71 58 60 1126 9023 41 40 2087 596 461 1652 44 83 106 424 2149 569 515 116 109 572 960 2501 4654 1303 1425 1522 192 491 6515 1000
leaf_count=71 58 60 1126 9023 41 40 2087 596 461 1652 44 83 106 424 2149 569 515 116 109 572 960 2501 4654 1303 1425 1522 192 491 6515 1000
internal_value=0.000318191 0.244935 -0.0142055 -0.00633505 -0.0488416 0.0469924 -0.0384968 0.123438 -0.377187 0.116385 -0.845498 -1.14041 0.163333 0.176271 0.19939 0.344031 -0.113397 -0.311067 -0.721956 -0.00757467 0.125888 0.0755178 -0.0916545 0.00626685 -0.0506474 -0.117576 -0.224316 -0.414244 0.0432787 0.0369145
internal_weight=40465 2267 38198 37072 20629 16443 20000 6848 629 6808 168 124 5156 5050 2209 1165 7481 740 225 9595 3885 2925 6741 12519 4933 3508 2205 683 7586 7515
internal_count=40465 2267 38198 37072 20629 16443 20000 6848 629 6808 168 124 5156 5050 2209 1165 7481 740 225 9595 3885 2925 6741 12519 4933 3508 2205 683 7586 7515
is_linear=0
shrinkage=0.03


Tree=138
num_leaves=31
num_cat=0
split_feature=28 5 5 6 7 39 0 5 27 38 14 28 36 4 17 10 39 41 24 6 35 4 34 15 14 14 4 32 27 27
split_gain=117782 491989 90096 82036.1 62705.5 58734.9 57684.5 50793.5 46864.2 43359.5 42592.5 41671.1 99653.4 41510.3 39275.6 36647.2 34965.1 57014.7 33507.4 33067.1 32493.3 32504.8 115956 36249.8 55432.7 39786.4 31361.1 31291.1 32456.9 39156.3
threshold=31164.625000000004 62302.250000000007 50154.875000000007 5.6696035242290757 4.5954861111111134 -76.402499999999989 15.500000000000002 35812.625000000007 27049.395833333336 89.135000000000019 52.095000000000006 23250.062500000004 12.990000000000007 164.50000000000003 2223.3310800000004 380.06500000000005 -22.229999999999993 13259.921016334762 410.02500000000003 28.007268722466964 216.90625000000003 272.50000000000006 293.84000000000009 458.07729166666678 528.94500000000005 576.00000000000011 244.50000000000003 219.715 35563.935156250001 33821.791666666679
decision_type=8 2 2 2 2 10 2 2 10 8 10 10 10 2 10 10 8 8 10 2 8 2 10 10 10 10 2 10 10 10
left_child=1 2 7 16 13 8 9 18 -4 15 -9 12 -12 14 -5 -6 17 -2 -1 -7 21 23 -23 24 -13 -25 -14 28 29 -15
right_child=3 -3 5 4 6 19 -8 10 -10 -11 11 20 26 27 -16 -17 -18 -19 -20 -21 -22 22 -24 25 -26 -27 -28 -29 -30 -31
leaf_value=-0.14445246122004993 0.047373619846431382 3.2866811106286264 1.4833779630903154 0.008761992077438361 -0.094700037019227787 0.19790154984746222 -0.0042611835400039166 -0.46026736796200274 0.47366648984109533 -0.39271730162175394 1.1258582068744458 0.12332690674301941 0.40276747502778704 0.046295111304903866 -0.21920144975038194 -0.96223894341425453 0.046138171573191188 0.45267736598975689 -1.0216559236709559 0.8918294259583327 -0.70598746455096173 0.037759796236043773 -1.1622169730141758 -0.62992828519235955 0.56716469843411133 0.085259205053507356 -0.56150177038632909 0.42143795362900238 0.022155797437016331 0.38943024237171037
leaf_weight=597 707 43 65 2188 11765 818 7663 124 115 466 113 2285 56 685 986 43 4084 559 41 66 46 770 79 109 284 192 64 221 4613 531
leaf_count=597 707 43 65 2188 11765 818 7663 124 115 466 113 2285 56 685 986 43 4084 559 41 66 46 770 79 109 284 192 64 221 4613 531
internal_value=0.00201567 0.126272 0.102377 -0.0191114 -0.0389235 0.351814 -0.0688452 0.0465588 0.844466 -0.109163 0.0851222 0.102149 0.490632 0.0257506 -0.0621014 -0.0979405 0.0888646 0.226551 -0.202335 0.25066 0.0779831 0.0878671 -0.0751348 0.136095 0.172594 -0.174957 -0.1119 0.0718429 0.0585184 0.196331
internal_weight=40378 5867 5824 34511 29161 1064 19937 4760 180 12274 4122 3998 233 9224 3174 11808 5350 1266 638 884 3765 3719 849 2870 2569 301 120 6050 5829 1216
internal_count=40378 5867 5824 34511 29161 1064 19937 4760 180 12274 4122 3998 233 9224 3174 11808 5350 1266 638 884 3765 3719 849 2870 2569 301 120 6050 5829 1216
is_linear=0
shrinkage=0.03


Tree=139
num_leaves=31
num_cat=0
split_feature=12 7 37 1 0 8 27 12 12 39 4 2 6 12 25 0 31 15 14 25 41 9 14 5 28 36 2 2 5 4
split_gain=146393 91215.3 88577.1 66916.2 129971 80444 62510.4 61775.4 56265.6 75231.6 60815.9 48918.6 46731.2 46426.2 43954.1 40840.1 49763 58881.6 48818.8 40604.9 40334.1 42231.3 56872.2 39938.2 51695.1 63537.9 46834.5 38019.8 72061.8 157516
threshold=246.2154166666667 10.071180555555559 -21.582500000000007 1.0000000180025095e-35 5.5000000000000009 310.42500000000007 26467.625000000004 25.359479166666667 87.368645833333332 -104.17999999999998 2.5000000000000004 7.5000000000000009 19.861013215859035 250.48604166666669 129.79520833333336 20.500000000000004 157.04625000000001 171.18250000000003 196.57500000000002 240.90395833333335 4661.6190614862071 106.97500000000001 165.07875000000004 35812.625000000007 23250.062500000004 12.990000000000007 8.5000000000000018 2.5000000000000004 69056.250000000015 328.50000000000006
decision_type=10 2 10 2 2 2 10 10 10 8 2 2 2 10 10 2 10 10 10 10 10 10 10 2 10 10 2 2 2 2
left_child=1 3 -2 4 -1 8 11 -8 12 -10 -11 -6 14 -4 20 16 17 18 -9 -7 21 22 -5 -15 25 -25 -27 -26 -29 -30
right_child=2 -3 13 5 6 19 7 15 9 10 -12 -13 -14 23 -16 -17 -18 -19 -20 -21 -22 -23 -24 24 27 26 -28 28 29 -31
leaf_value=-0.16441543929994984 1.4123731506902437 -0.27849910266481853 0.67379932156565681 -0.067760979679462596 1.1415574892163276 -0.10542101712914598 -0.066676026144528014 0.23288586697247737 0.59467327104791146 -0.90971534234285356 0.048117266750978237 0.12018657048543294 0.12615085594903416 -0.28489309630086346 -1.0402182514202305 -0.031143288191843536 0.63746617112295845 -0.28966246395550188 0.93370412640749134 -0.90957929272400695 0.12650061762858816 -0.37157927060445534 0.77282709240096881 1.0760277739659811 -0.35394597604870792 0.66960727620292715 -0.43222682291970532 0.096641541533186506 2.1393896137923001 0.31014458514899723
leaf_weight=1332 51 1131 154 9526 104 6871 894 1914 226 59 10577 71 1367 185 40 495 288 187 93 56 990 411 72 120 137 70 67 2589 47 366
leaf_count=1332 51 1131 154 9526 104 6871 894 1914 226 59 10577 71 1367 185 40 495 288 187 93 56 990 411 72 120 137 70 67 2589 47 366
internal_value=0.00493553 -0.013387 0.182523 -0.00495046 0.0925348 -0.022316 0.177146 0.151961 0.00440271 0.0542569 0.042719 0.73021 -0.0392477 0.165356 -0.0597391 0.217619 0.267223 0.218354 0.265809 -0.112052 -0.0560792 -0.0741492 -0.0613754 0.143308 0.166712 0.575 0.131527 0.133112 0.15545 0.52298
internal_weight=40490 36704 3786 35573 5378 30195 4046 3871 23268 10862 10636 175 12406 3735 11039 2977 2482 2194 2007 6927 10999 10009 9598 3581 3396 257 137 3139 3002 413
internal_count=40490 36704 3786 35573 5378 30195 4046 3871 23268 10862 10636 175 12406 3735 11039 2977 2482 2194 2007 6927 10999 10009 9598 3581 3396 257 137 3139 3002 413
is_linear=0
shrinkage=0.03


Tree=140
num_leaves=31
num_cat=0
split_feature=11 0 6 7 23 10 0 24 28 0 1 23 0 28 6 15 28 39 39 13 14 40 15 4 6 28 1 7 31 15
split_gain=109661 70993.8 77976 75264.3 43869.8 86402.1 75109.8 42481.4 42391.6 41278.5 94300 66073.2 91377.9 80664.2 77388.8 42692 46366.9 41902.6 41254 35917.9 35865.9 44136.4 35496 42073.8 35075.8 32596.8 31717.9 30897.6 30142.6 30121.3
threshold=272.52000000000004 16.500000000000004 9.7345814977973593 5.9114583333333348 4.5000000000000009 -0.068749999999999992 4.5000000000000009 168.78750000000005 43899.500000000007 5.5000000000000009 1.0000000180025095e-35 5.5000000000000009 17.500000000000004 22538.562500000004 0.39295154185022024 458.07729166666678 24013.659722222226 -82.824999999999989 -70.319999999999979 93.280000000000015 74.815000000000012 -18.175000000000001 167.20895833333336 235.50000000000003 26.986563876651989 25180.312500000004 5.5000000000000009 4.6927083333333348 404.31000000000006 218.5529166666667
decision_type=10 2 2 2 2 10 2 10 8 2 2 2 2 10 2 10 10 10 10 10 10 8 10 2 2 10 2 2 10 10
left_child=1 2 8 4 -4 -6 -7 -8 20 10 -2 13 -13 -11 -15 16 -16 -12 -18 -20 -1 26 25 -24 -3 -5 -22 -21 -14 -25
right_child=9 24 3 22 5 6 7 -9 -10 11 17 12 28 14 15 -17 18 -19 19 27 21 -23 23 29 -26 -27 -28 -29 -30 -31
leaf_value=-0.10196200679494849 -1.0710669433907287 0.035195790974906049 0.0030980022441714234 0.66359825980663301 -1.4307854344447453 0.13558446101656735 -0.15685351567307654 -0.64835588712026082 -0.035103289960046483 1.1991608108580112 0.63602411398381897 -0.50461651342489378 0.078494565901724073 1.4677858990868147 0.94374523108043973 -0.045747923565407592 0.65622912561174607 -0.053740575236909498 -0.37966797336288116 0.42104989909299756 0.3413895290268536 0.059530022735485952 -0.098887863062501233 -0.75183134718945144 0.24457362341590255 -0.14754170325956381 -0.064929776827710256 0.11445399331967562 0.80873256234022284 -0.035278305736050675
leaf_weight=702 72 9842 8334 44 44 853 2324 169 4458 83 98 245 147 45 92 422 198 397 91 487 1066 2569 259 265 776 5268 206 754 77 66
leaf_count=702 72 9842 8334 44 44 853 2324 169 4458 83 98 245 147 45 92 422 198 397 91 487 1066 2569 259 265 776 5268 206 754 77 66
internal_value=-0.000569502 -0.0150674 -0.0412223 -0.0779075 -0.0339172 -0.12489 -0.107295 -0.190419 0.0306165 0.167704 -0.0644547 0.217552 -0.105186 0.287257 0.250469 0.222964 0.292861 0.0838259 0.253132 0.192765 0.0951001 0.131133 -0.165271 -0.385891 0.0505194 -0.140699 0.275587 0.235012 0.331993 -0.60949
internal_weight=40453 37245 26627 17626 11724 3390 3346 2493 9001 3208 567 2641 469 2172 2089 2044 1622 495 1530 1332 4543 3841 5902 590 10618 5312 1272 1241 224 331
internal_count=40453 37245 26627 17626 11724 3390 3346 2493 9001 3208 567 2641 469 2172 2089 2044 1622 495 1530 1332 4543 3841 5902 590 10618 5312 1272 1241 224 331
is_linear=0
shrinkage=0.03


Tree=141
num_leaves=31
num_cat=0
split_feature=28 5 5 5 7 28 32 38 28 39 37 25 12 5 41 28 5 15 14 28 0 4 16 25 10 38 32 25 37 13
split_gain=106116 147891 97271.8 84932.5 77921.5 65837.7 59417.4 59056.7 59029.8 56036.7 56031 55533.2 52169.2 40409.9 38728.2 38279.1 36459.5 36739.6 36340.1 35907.3 35218.7 34995.8 34640.5 32990.6 39067.2 32134.9 47429.1 35588.2 31935.9 31520.6
threshold=31164.625000000004 62500.625000000007 47601.437500000007 56831.250000000007 8.1267361111111143 44506.312500000007 179.89500000000001 100.01500000000001 22538.562500000004 -41.534999999999989 111.355 276.37187500000005 24.694791666666671 38156.250000000007 859.84668452755079 23250.062500000004 66160.000000000015 284.98812500000003 211.32500000000002 39886.562500000007 8.5000000000000018 16.500000000000004 4507.4750386758033 46.85958333333334 -23.451249999999998 -92.584999999999994 187.00500000000002 88.624114583333352 7.7200000000000069 229.99000000000004
decision_type=8 2 2 2 2 8 10 8 10 10 8 10 10 2 10 10 2 10 10 10 2 2 10 10 10 10 10 10 10 10
left_child=1 2 10 4 7 9 -6 11 -4 18 13 12 23 -1 25 28 17 29 -5 -13 -8 -18 -9 24 -2 26 27 -14 -15 -11
right_child=3 -3 8 5 6 -7 20 22 -10 16 -12 19 14 15 -16 -17 21 -19 -20 -21 -22 -23 -24 -25 -26 -27 -28 -29 -30 -31
leaf_value=-0.094241742657261859 -0.99708100070440497 1.8503115739605644 1.2051475225901995 0.26306637595214022 -0.17042456166092063 -0.016657390208351972 -1.2276548749437699 -0.28282948245630435 0.25508493360557288 0.031018386457963329 -0.37960630373249415 -0.20090788306639745 0.39201492449404984 0.87624737910275319 0.10767202423892432 0.091122304261128426 1.0716235855647496 -0.30819469401938321 0.76393543650468654 -1.2660484507909187 -0.31159739197084779 0.19065308272990977 -1.0822759865047566 -0.39430515119471377 -0.083702117285915437 -0.025840375618873073 1.1601408213863567 -0.514960401748356 -0.11124892905354498 0.46605257762940944
leaf_weight=1153 42 43 60 605 2370 5336 77 290 1753 2009 288 64 122 102 2405 2486 41 268 166 51 75 1258 58 411 2152 16617 48 56 41 161
leaf_count=1153 42 43 60 605 2370 5336 77 290 1753 2009 288 64 122 102 2405 2486 41 268 166 51 75 1258 58 411 2152 16617 48 56 41 161
internal_value=0.000133382 0.117444 0.104465 -0.0199138 -0.0494686 0.054655 -0.207497 -0.0316008 0.287174 0.139051 0.0230265 -0.0254484 -0.0219723 0.0537793 -0.00491685 0.118708 0.0909533 0.0225269 0.371756 -0.680117 -0.780644 0.219262 -0.41879 -0.147943 -0.101633 -0.0209988 0.333533 0.105392 0.594313 0.0634949
internal_weight=40608 5926 5883 34682 24838 9844 2522 22316 1813 4508 4070 21968 21853 3782 19248 2629 3737 2438 771 115 152 1299 348 2605 2194 16843 226 178 143 2170
internal_count=40608 5926 5883 34682 24838 9844 2522 22316 1813 4508 4070 21968 21853 3782 19248 2629 3737 2438 771 115 152 1299 348 2605 2194 16843 226 178 143 2170
is_linear=0
shrinkage=0.03


Tree=142
num_leaves=31
num_cat=0
split_feature=32 5 26 7 41 5 7 38 0 18 0 25 17 26 35 0 23 26 10 4 4 12 13 15 38 25 35 26 5 38
split_gain=116346 65348.9 499487 63190 58259.1 56897 51753 50475.4 45995 59466.4 80749.8 49842 47938.3 44572.6 40851.8 39136.5 60712 38890 36668.4 35171.7 34557.4 32431.8 54735.7 30986.8 30428.9 29916.6 29032.6 27354.8 32314.4 27006.4
threshold=154.14875000000004 68762.500000000015 39173.428750000006 7.2760416666666687 13654.425545070624 43179.937500000007 10.368055555555559 498.86000000000007 15.500000000000002 1.0000000180025095e-35 4.5000000000000009 166.03687500000004 3601.8481300000003 24490.500000000004 145.46750000000003 5.5000000000000009 2.5000000000000004 25682.500000000004 -2.4362499999999998 54.500000000000007 350.50000000000006 246.2154166666667 250.07500000000002 40.963854166666671 69.177500000000009 106.19421875000002 19.501250000000006 41223.228750000002 57578.062500000007 -104.64374999999997
decision_type=10 2 10 2 10 2 2 10 2 2 2 10 10 10 10 2 2 8 8 2 2 10 10 10 10 10 10 10 2 10
left_child=4 3 -3 7 6 -5 8 14 9 12 -11 18 15 -13 29 -1 21 -10 -12 24 -18 -17 26 -20 -4 -6 -23 -7 -29 -2
right_child=1 2 19 5 25 27 -8 -9 17 10 11 13 -14 -15 -16 16 20 -19 23 -21 -22 22 -24 -25 -26 -27 -28 28 -30 -31
leaf_value=-0.047553176513193796 0.66740502112441591 3.582908104629051 0.10659400721747497 -0.8469327048608597 0.47415752573587994 0.099405763173548489 -0.2721516754547792 0.98943564491756897 0.42773045728815728 0.034319519754208022 -1.0323748880208925 0.28784891641927213 -0.13309193706768641 -0.65461158565990618 -0.30723320576570273 -0.01073973174196239 0.25474123893410433 0.021678652912291891 -0.047342469072713292 0.4223577165753884 -0.58125982734172232 1.4526142340482666 0.065230081198668036 -0.21306881533048874 -0.7177954874526371 0.062783618676195668 0.43734624895182517 -0.58498286620022788 -0.052526002140318759 0.11494226193140693
leaf_weight=5622 80 40 478 93 306 435 766 58 216 2110 42 52 2505 319 205 4798 1439 9779 1614 361 45 42 323 2740 43 331 65 154 304 4908
leaf_count=5622 80 40 478 93 306 435 766 58 216 2110 42 52 2505 319 205 4798 1439 9779 1614 361 45 42 323 2740 43 331 65 154 304 4908
internal_value=0.000637036 0.110294 0.345903 0.0754143 -0.0230725 -0.144847 -0.0286488 0.116793 -0.0227585 -0.0472695 -0.120187 -0.188568 -0.0134709 -0.522096 0.106858 0.0108326 0.0597365 0.0304957 -0.160307 0.195208 0.229016 0.0116508 0.260932 -0.15166 0.0373094 0.260832 0.845623 -0.0708634 -0.232446 0.123935
internal_weight=40273 7159 922 6237 33114 986 32477 5251 31711 21716 6877 4767 14839 371 5193 12334 6712 9995 4396 882 1484 5228 430 4354 521 637 107 893 458 4988
internal_count=40273 7159 922 6237 33114 986 32477 5251 31711 21716 6877 4767 14839 371 5193 12334 6712 9995 4396 882 1484 5228 430 4354 521 637 107 893 458 4988
is_linear=0
shrinkage=0.03


Tree=143
num_leaves=31
num_cat=0
split_feature=28 6 5 6 4 14 28 0 8 28 4 14 38 17 14 5 39 2 40 1 15 5 14 6 4 8 6 4 1 28
split_gain=106188 506711 78507 70957.7 61015 54483.2 49475.7 49219.9 45407 41805.1 46681.2 40753.3 61204.7 56637.7 40949.9 40457 40872 39701.7 39577.9 37400 45552.4 36384.5 35115.3 33401.9 33159.9 31313.1 38555.9 31956.5 30969 30921.9
threshold=31164.625000000004 3.3325991189427318 40906.250000000007 6.2292951541850234 350.50000000000006 528.94500000000005 22538.562500000004 15.500000000000002 648.94375000000014 43734.625000000007 22.500000000000004 80.010000000000005 -1.9987500000000009 15038.022070000001 269.8300000000001 50802.187500000007 -77.099999999999966 8.5000000000000018 -61.244999999999997 1.5000000000000002 165.49833333333336 43702.750000000007 129.45500000000001 31.152202643171815 2.5000000000000004 434.53125000000006 24.690088105726876 222.50000000000003 1.0000000180025095e-35 34367.756562500006
decision_type=8 2 2 2 2 10 10 2 2 8 2 10 8 10 10 2 10 2 10 2 10 2 10 2 2 2 2 2 2 10
left_child=1 -1 8 9 5 7 17 11 -3 10 -2 13 14 -5 19 25 -17 -4 -6 22 -21 -22 -13 -9 -11 26 -8 -28 29 -14
right_child=3 2 6 4 18 -7 15 23 -10 24 -12 12 28 -15 -16 16 -18 -19 -20 20 21 -23 -24 -25 -26 -27 27 -29 -30 -31
leaf_value=3.401168913245201 0.61049182626769771 -0.031481289616416074 1.3416578740844951 -0.14111113567712716 0.28060526294238636 -1.0115755839207594 0.12552409030763367 0.01465088196908928 -0.84973064805780141 -0.57601040879067256 0.1305608962795469 0.021130837931732337 0.40733298965080666 -1.263437871031645 0.56192602347236043 0.82603231797919019 0.24878999936904275 0.15045585564945055 -0.35674709609442062 -0.0056265375783057289 -1.1583520782644097 -0.15866955668811336 0.30307727981498528 0.34264968316691619 0.023442043903107335 -0.064976581923898324 0.34882651987913488 1.3268224126073931 -0.11059516324552537 -0.018158217559157069
leaf_weight=41 198 1963 57 3234 98 50 1996 9393 62 84 2204 899 197 40 128 130 715 45 782 4377 54 82 712 287 3622 745 110 41 7545 687
leaf_count=41 198 1963 57 3234 98 50 1996 9393 62 84 2204 899 197 40 128 130 715 45 782 4377 54 82 712 287 3622 745 110 41 7545 687
internal_value=0.000126382 0.117713 0.0941797 -0.0199021 -0.0397476 -0.031925 0.173887 -0.030116 -0.0569409 0.0728997 0.17036 -0.0595121 -0.0381626 -0.155205 0.0329583 0.155963 0.338468 0.822691 -0.285531 0.0218122 -0.0224882 -0.56116 0.145851 0.02441 0.00970317 0.102539 0.160669 0.621357 -0.0909125 0.0770159
internal_weight=40578 5905 5864 34673 28565 27685 3839 27635 2025 6108 2402 17955 14681 3274 6252 3737 845 102 880 6124 4513 136 1611 9680 3706 2892 2147 151 8429 884
internal_count=40578 5905 5864 34673 28565 27685 3839 27635 2025 6108 2402 17955 14681 3274 6252 3737 845 102 880 6124 4513 136 1611 9680 3706 2892 2147 151 8429 884
is_linear=0
shrinkage=0.03


Tree=144
num_leaves=31
num_cat=0
split_feature=32 18 28 5 8 5 40 7 5 25 13 13 35 35 28 7 40 25 5 28 25 28 38 25 12 12 14 29 24 41
split_gain=101131 57713.1 72726.1 82895.2 65773.8 55208.7 443089 51645.3 49591.4 47214.2 45913.1 42252 41918 40343.9 40028.3 37104.2 36329.7 37948 35574.3 44928.7 36432.7 35014.1 34349.8 34037.9 60321.2 46665.8 42889.3 39967 34467.7 33174.4
threshold=152.78500000000003 1.0000000180025095e-35 30130.000000000004 50578.187500000007 643.2750000000002 67364.250000000015 -32.724999999999994 7.2760416666666687 43179.937500000007 72.522083333333342 28.500000000000004 64.925000000000026 -11.154999999999996 182.39000000000004 45515.497968750009 4.5954861111111134 11.089999999999987 406.63729166666673 55331.250000000007 38870.7659375 214.00083333333336 40512.199687500011 498.86000000000007 458.07729166666678 302.37062500000008 284.98812500000003 625.65500000000009 233.69125000000003 96.516250000000014 -17519.228588420203
decision_type=10 2 10 2 2 2 10 2 2 10 10 10 10 10 10 2 8 10 2 10 10 10 10 10 10 10 10 10 10 10
left_child=1 2 3 -1 9 7 -7 13 -9 10 -3 -11 -5 22 -8 -4 17 18 -17 -20 -21 -10 23 24 25 28 -25 -26 -2 -6
right_child=5 4 15 12 29 6 14 8 21 11 -12 -13 -14 -15 -16 16 -18 -19 19 20 -22 -23 -24 26 27 -27 -28 -29 -30 -31
leaf_value=0.068468530497450331 0.46596210935344434 -0.074524986100736448 0.048813119124508295 1.4364521474954559 -0.58564687597354326 3.1465515792877117 0.33705490877264294 -0.80002703651461915 0.11362721968269124 -0.26624344673393757 0.093765280406866408 -0.058580887641120384 0.43131286106115446 -0.49970065475726611 -0.027691064847247222 -0.061162118573529455 -0.29859021439186989 -0.87104042770341039 0.29267643584420766 -0.0036476572286151259 0.76669711181095668 -0.27410276497911917 0.91376628793776027 -0.96408904948404861 -0.24443387214954082 -0.53494863540212678 -0.024139788905158638 0.48111285242928931 0.07914189332591183 -0.13459059603106147
leaf_weight=1527 218 3826 6476 40 330 46 595 91 451 1534 2357 2074 453 97 496 8987 464 47 559 4147 55 390 47 55 77 106 199 570 3909 265
leaf_count=1527 218 3826 6476 40 330 46 595 91 451 1534 2357 2074 453 97 496 8987 464 47 559 4147 55 390 47 55 77 106 199 570 3909 265
internal_value=0.00159021 -0.0207344 0.00601234 0.177798 -0.0793297 0.102282 0.294385 0.0670676 -0.138711 -0.0606973 -0.0103668 -0.146921 0.515608 0.103424 0.171357 -0.0107308 -0.0377753 -0.0289817 -0.0260398 0.0402569 0.00661541 -0.0662882 0.11481 0.107319 0.124954 0.0836682 -0.230655 0.394521 0.0996828 -0.385319
internal_weight=40488 33141 22755 2020 10386 7347 1137 6210 932 9791 6183 3608 493 5278 1091 20735 14259 13795 13748 4761 4202 841 5181 5134 4880 4233 254 647 4127 595
internal_count=40488 33141 22755 2020 10386 7347 1137 6210 932 9791 6183 3608 493 5278 1091 20735 14259 13795 13748 4761 4202 841 5181 5134 4880 4233 254 647 4127 595
is_linear=0
shrinkage=0.03


Tree=145
num_leaves=31
num_cat=0
split_feature=0 18 0 28 28 32 10 15 12 7 0 1 25 12 27 7 1 39 40 1 13 17 4 41 7 33 4 13 1 4
split_gain=78177.8 86648.4 107691 81249.4 60078.3 121260 53881.3 47797.5 45708.6 40494.7 35979.9 48953.8 50989.7 35892.1 32809.9 32510.1 34394.8 31816.4 30569 28857.8 28501 27761 27317.8 32979.3 26867.2 30884.3 25704.6 25612.9 24883.4 23353.4
threshold=16.500000000000004 1.0000000180025095e-35 4.5000000000000009 27979.812500000004 31164.625000000004 250.00500000000002 -23.451249999999998 40.963854166666671 57.028750000000002 4.5156250000000009 5.5000000000000009 1.0000000180025095e-35 343.15729166666671 458.07729166666678 40716.702031250003 4.3350694444444455 1.5000000000000002 -173.80999999999997 6.5625000000000009 2.5000000000000004 293.64000000000004 6094.1003400000018 10.500000000000002 9632.2320626637029 10.368055555555559 145.00125000000003 180.50000000000003 298.67500000000001 5.5000000000000009 346.50000000000006
decision_type=2 2 2 8 10 10 10 8 10 2 2 2 10 10 10 2 2 10 8 2 10 10 2 8 2 8 2 10 2 2
left_child=1 4 8 -2 5 10 -4 -8 -3 21 11 12 -1 18 15 16 -9 -12 22 -10 29 -6 23 -11 25 -5 -17 -21 -27 -20
right_child=3 2 6 24 9 -7 7 14 19 13 17 -13 -14 -15 -16 26 -18 -19 20 27 -22 -23 -24 -25 -26 28 -28 -29 -30 -31
leaf_value=-0.14538787114620208 0.32144093583046468 -0.12834945673898912 -1.2559938020240971 0.0061804476792134237 0.083273319066726179 1.6979595212822525 -0.034929333650560848 0.59493292174249324 -0.47203588680787517 -0.30270434235119159 0.88163438133124639 0.091478264230594589 -1.1141326757188026 -0.87342944999958605 -0.12215846913172561 -0.23262000759726922 -0.19183967192095069 0.16713218685668665 -0.23072999534160682 0.14235561957370196 0.51372285718267607 -0.091979954675813741 -0.03845962362498194 0.38722670916099466 -0.23767645292795531 0.084597370292494631 -0.47525722552550387 0.70611233207740276 0.3103820138058852 -0.96980496700217089
leaf_weight=199 1015 808 40 6229 4629 43 1816 52 65 80 57 738 64 46 1870 699 896 1770 663 1631 43 986 10137 272 302 3801 907 75 496 40
leaf_count=199 1015 808 40 6229 4629 43 1816 52 65 80 57 738 64 46 1870 699 896 1770 663 1631 43 986 10137 272 302 3801 907 75 496 40
internal_value=0.000101894 -0.0267177 -0.104677 0.064925 0.00822489 0.135077 -0.171698 -0.164548 0.0585271 -0.0133368 0.110722 -0.0338261 -0.384455 -0.0461021 -0.217734 -0.287638 -0.148102 0.189894 -0.0426373 0.143812 -0.228063 0.0524878 -0.029429 0.230011 0.0408521 0.0488651 -0.369862 0.167539 0.110726 -0.2741
internal_weight=40469 28626 8859 11843 19767 2871 6280 6240 2579 16896 2828 1001 263 11281 4424 2554 948 1827 11235 1771 746 5615 10489 352 10828 10526 1606 1706 4297 703
internal_count=40469 28626 8859 11843 19767 2871 6280 6240 2579 16896 2828 1001 263 11281 4424 2554 948 1827 11235 1771 746 5615 10489 352 10828 10526 1606 1706 4297 703
is_linear=0
shrinkage=0.03


Tree=146
num_leaves=31
num_cat=0
split_feature=27 6 6 4 8 6 7 38 12 37 15 0 40 10 16 12 4 25 1 34 7 4 4 39 27 11 38 6 27 27
split_gain=104277 405452 67357.1 58828.7 55353.9 55543.5 44317.6 51472.1 43243 51808 42686.2 41985.8 39756.1 39006.6 51730.3 38770 38182 42119.4 60242.2 48190.2 35702.1 35309.4 41013.7 34056 37852 33954.1 33561.4 33319.2 32981.4 68651.1
threshold=31096.770833333339 4.1204845814977986 5.6696035242290757 350.50000000000006 415.70625000000007 23.404625550660793 4.4947916666666687 -121.27 364.06333333333345 111.355 112.72614583333335 11.500000000000002 -62.534999999999997 -23.451249999999998 1945.1013706969004 6.7772916666666676 186.50000000000003 396.69062500000013 3.5000000000000004 471.74000000000007 5.2309027777777795 239.50000000000003 231.50000000000003 -27.749999999999993 45776.812500000007 66.695000000000007 91.915000000000035 32.257709251101325 26213.354166666668 26340.312500000004
decision_type=8 2 2 2 2 2 2 8 10 10 10 2 10 10 8 10 2 10 2 10 2 2 2 8 10 10 8 2 10 10
left_child=1 -1 23 4 5 6 -4 -8 9 15 13 26 -5 14 -6 -3 -10 -18 -19 20 -20 22 -21 24 -2 -12 -9 -15 -17 -30
right_child=2 8 3 12 10 -7 7 11 16 -11 25 -13 -14 27 -16 28 17 18 19 21 -22 -23 -24 -25 -26 -27 -28 -29 29 -31
leaf_value=2.925028754952161 0.46565911927328835 -0.41668204062658803 0.054111413423788508 0.29246913359003157 -1.4833363753411828 0.1794483011636161 0.70551922253355748 -0.084458565266704116 -0.49814873566061757 -0.36304943554690033 -0.86103052740401409 0.0039347132154420239 -0.3316788502491545 -0.086974277120544632 0.01434123502567757 -0.10021159450809464 0.53592554699637618 0.37833866534589394 -0.11206819785833359 -0.14625308834016323 -0.9778663566630138 -0.26476138705887448 1.0525068851595831 0.043420059938580675 0.091558586986299761 -0.24941233107799812 -0.49193453896430228 0.30855848515545253 0.93565918234086798 0.10929717134703411
leaf_weight=45 394 137 5541 102 40 1346 81 8401 58 253 93 7478 863 4146 42 657 403 495 99 43 75 81 62 4405 636 640 185 200 92 3372
leaf_count=45 394 137 5541 102 40 1346 81 8401 58 253 93 7478 863 4146 42 657 403 495 99 43 75 81 62 4405 636 640 185 200 92 3372
internal_value=0.00264909 0.119528 -0.0171934 -0.0352672 -0.0273785 -0.00747788 -0.0190877 -0.0442116 0.0973639 0.0531959 -0.116171 -0.0480357 -0.265472 -0.0810256 -0.725303 0.0780076 0.248608 0.283406 0.163894 -0.131198 -0.488712 0.204077 0.564838 0.0797585 0.234974 -0.328079 -0.0932946 -0.0687053 0.0945503 0.131508
internal_weight=40465 5872 34593 29158 28193 23032 21686 16145 5827 4511 5161 16064 965 4428 82 4258 1316 1258 855 360 174 186 105 5435 1030 733 8586 4346 4121 3464
internal_count=40465 5872 34593 29158 28193 23032 21686 16145 5827 4511 5161 16064 965 4428 82 4258 1316 1258 855 360 174 186 105 5435 1030 733 8586 4346 4121 3464
is_linear=0
shrinkage=0.03


Tree=147
num_leaves=31
num_cat=0
split_feature=5 28 5 8 7 7 8 38 28 8 22 16 5 28 33 15 6 33 26 4 4 8 14 39 14 4 26 7 6 38
split_gain=83285.7 134082 128600 65929.8 65546.4 49413.8 50909.6 58042.6 47800.2 44335.2 40710.9 44016.6 40694.3 73465.2 39438.7 38885.5 37091.4 36871.3 36387.2 35088.1 38067.5 37812 36521.4 32996.3 33444.2 32624.1 31904.7 31509.2 31416.3 31248.3
threshold=40600.562500000007 31164.625000000004 62302.250000000007 760.20625000000007 8.2864583333333375 10.565972222222223 225.18125000000003 -121.27 22538.562500000004 314.16875000000005 1.0000000180025095e-35 7343.6360429106317 50050.312500000007 28188.687500000004 190.00125000000003 443.54708333333343 31.152202643171815 350.39000000000004 40928.500000000007 259.50000000000006 263.50000000000006 71.343750000000014 96.010000000000005 -103.09124999999999 133.72750000000002 241.50000000000003 27849.500000000004 3.8315972222222237 13.017841409691632 219.07500000000002
decision_type=2 8 2 2 2 2 2 8 10 2 2 8 2 10 10 8 2 10 8 2 2 2 10 8 10 2 8 2 2 10
left_child=3 2 8 4 18 6 7 -3 25 12 23 -12 26 17 -6 -13 -8 28 19 21 -21 22 -1 24 -9 -2 -10 -25 -14 -28
right_child=1 5 -4 -5 14 -7 16 10 9 -11 11 15 13 -15 -16 -17 -18 -19 -20 20 -22 -23 -24 27 -26 -27 29 -29 -30 -31
leaf_value=-0.15930610428550504 1.3533588742733 1.0239948423628538 1.8173904893010162 -0.98255485288900879 -0.35551926755401864 -0.25261400240454329 -0.069429432754837095 0.12686051340242913 0.28547759902711806 0.019467009894852175 0.13884237753876139 -0.41926922850052312 1.09739750957489 0.2281837700807115 -1.3106059861183166 0.38519084006670068 0.24655795967339783 1.7454723298272419 0.097712336371046329 -0.70621128943755462 -0.17362452443529564 -0.19251535759887459 0.043572017582126268 0.1386892280040932 0.61212194262851372 0.29662650519403921 0.073827154367639147 0.016007859684014636 0.11799976240396499 -0.76402712017297747
leaf_weight=1083 49 52 42 72 301 681 7971 571 925 1453 266 489 74 387 44 60 348 42 1140 138 933 1355 3032 2142 164 57 868 15604 49 41
leaf_count=1083 49 52 42 72 301 681 7971 571 925 1453 266 489 74 387 44 60 348 42 1140 138 933 1355 3032 2142 164 57 868 15604 49 41
internal_value=0.0010213 0.0225689 0.185441 -0.0850098 -0.0768366 -0.000343931 0.00587439 0.0325585 0.167611 0.150135 0.0298338 -0.177542 0.229667 0.455326 -0.480763 -0.33081 -0.056183 0.983495 -0.0586336 -0.0858932 -0.242844 -0.0551242 -0.00984788 0.0389881 0.235821 0.793199 0.161536 0.0308229 0.711329 0.0352381
internal_weight=40433 32335 3987 8098 8026 28348 27667 19348 3945 3839 19296 815 2386 552 345 549 8319 165 7681 6541 1071 5470 4115 18481 735 106 1834 17746 123 909
internal_count=40433 32335 3987 8098 8026 28348 27667 19348 3945 3839 19296 815 2386 552 345 549 8319 165 7681 6541 1071 5470 4115 18481 735 106 1834 17746 123 909
is_linear=0
shrinkage=0.03


Tree=148
num_leaves=31
num_cat=0
split_feature=28 5 5 5 15 32 28 4 8 25 32 15 40 5 28 25 4 28 34 4 5 28 38 37 31 16 9 4 4 27
split_gain=83831.8 418949 73332.3 71315.1 64219.2 67429.5 57032.1 57587.4 55289.4 51235.4 55280.6 76591.7 42601.3 62355.6 42487.5 40094.4 35847.8 40593.9 58200.2 43967.5 37475.3 41431.3 56318.3 40578.9 35165.3 38049.3 34074.9 32145.7 58786.6 34693.4
threshold=31164.625000000004 62500.625000000007 58501.625000000007 45903.437500000007 171.18250000000003 7.285000000000001 44506.312500000007 22.500000000000004 648.94375000000014 214.00083333333336 221.99500000000003 165.49833333333336 -82.231249999999989 43906.250000000007 22538.562500000004 156.47843750000004 50.500000000000007 42214.688906250005 125.62500000000001 68.500000000000014 74725.000000000015 39728.125000000007 83.830000000000027 95.42000000000003 -0.057499999999999989 3679.2115448713389 331.00500000000005 239.50000000000003 222.50000000000003 26467.625000000004
decision_type=8 2 2 2 8 8 8 2 2 10 10 8 8 2 10 10 2 10 10 2 2 10 10 10 10 8 10 2 2 10
left_child=1 3 4 8 9 -6 7 -4 27 10 24 -12 13 -7 -5 -15 -9 20 -19 -20 21 23 -23 -18 -2 -26 -22 28 -1 -30
right_child=2 -3 6 14 5 12 -8 16 -10 -11 11 -13 -14 15 -16 -17 17 18 19 -21 26 22 -24 -25 25 -27 -28 -29 29 -31
leaf_value=0.023365619832777088 -0.20188988680829514 3.0555946469306945 0.52032355041023504 0.9741112917568534 -1.0868968378743038 -0.6542451988299226 -0.010385812823863571 -0.098674756454097734 -0.53752778383263622 -0.90683083847910162 0.16290088231965993 1.6075287442973683 -0.24084458212423254 1.2256416873274179 0.18985933012826101 0.016397336531769145 0.24059286871076763 -0.0083249286312900451 0.88247099080681801 0.32521089013185928 1.188052304520899 0.023452458757393317 -0.53409635147998025 -0.70747719170742251 0.032556301907334335 -0.050852551289768157 0.15982627355889098 -0.11616891423108823 0.67278197869119061 0.02056252127966365
leaf_weight=1931 1062 42 334 63 78 42 4853 618 165 59 156 41 1276 57 2268 43 750 358 169 519 48 695 212 42 7079 16151 72 1019 220 110
leaf_count=1931 1062 42 334 63 78 42 4853 618 165 59 156 41 1276 57 2268 43 750 358 169 519 48 695 212 42 7079 16151 72 1019 220 110
internal_value=-4.86239e-05 0.105329 -0.0177123 0.0833515 -0.0428699 -0.233632 0.0578553 0.144598 -0.00336978 -0.0312354 -0.029089 0.47016 -0.185964 0.305428 0.211464 0.710977 0.108429 0.153122 0.301949 0.463178 0.0674209 0.031073 -0.107312 0.189488 -0.0331569 -0.0254346 0.577536 0.0236566 0.0866975 0.456094
internal_weight=40532 5818 34714 5776 26044 1496 8670 3817 3445 24548 24489 197 1418 142 2331 100 3483 2865 1046 688 1819 1699 907 792 24292 23230 120 3280 2261 330
internal_count=40532 5818 34714 5776 26044 1496 8670 3817 3445 24548 24489 197 1418 142 2331 100 3483 2865 1046 688 1819 1699 907 792 24292 23230 120 3280 2261 330
is_linear=0
shrinkage=0.03


Tree=149
num_leaves=31
num_cat=0
split_feature=32 27 7 6 0 18 0 17 0 23 13 15 27 40 6 15 25 0 14 14 14 25 27 39 24 4 4 6 4 4
split_gain=98327.8 457754 69143.4 62820.8 62539.7 81278.3 98811.4 58182.9 72678.7 81984.3 51814.3 48221.2 49201.6 46537 44010.8 41748.1 41615.7 40583 38377.1 37171.1 36917.9 38069 35740.2 35704.9 64618.4 32426.3 30388.8 30360.9 41031.4 29633.5
threshold=264.94500000000005 30324.104166666672 10.071180555555559 10.261013215859034 15.500000000000002 1.0000000180025095e-35 3.5000000000000004 3857.1303050000006 5.5000000000000009 2.5000000000000004 345.17000000000002 197.65354166666671 24636.916666666668 -90.366249999999994 32.257709251101325 443.54708333333343 311.9752083333334 17.500000000000004 469.85000000000008 227.77750000000003 98.455000000000013 93.564791666666693 29012.854166666672 -101.08499999999999 319.93000000000001 338.50000000000006 10.500000000000002 11.663656387665201 269.50000000000006 242.50000000000003
decision_type=10 10 2 2 2 2 2 10 2 2 10 10 10 10 2 8 10 2 10 10 10 10 10 10 10 2 2 2 2 2
left_child=2 -2 4 -3 5 7 19 8 20 22 14 -8 -13 -11 -6 26 18 -12 25 -7 21 -1 27 24 -22 -14 -15 28 -10 -25
right_child=1 3 -4 -5 10 6 11 -9 9 13 17 12 16 15 -16 -17 -18 -19 -20 -21 23 -23 -24 29 -26 -27 -28 -29 -30 -31
leaf_value=-0.13952365927663454 3.4309060422385613 0.30753539591560203 -0.2321956026267234 -0.43717203564061891 0.041425868958558432 0.01935067643026003 -0.13557564064639438 -0.12532118190164973 0.11422071309799843 1.0908142890930175 -0.21570552195184564 0.33602267252902185 -0.58120359285578904 1.0330472450256347 0.48360319427856541 -0.70650085739973112 -0.94677034505821278 0.80735924325776942 0.4061432108901582 0.3637061404300963 0.43228713606622315 -0.94989252784185929 0.015875437244906983 0.031837980302937594 -0.82084759950637809 0.11628148851161067 0.24200999090952463 0.16103743425131459 1.3983667303757235 -0.12548515124999982
leaf_weight=1579 40 517 1173 126 12266 1658 5328 2452 46 59 46 71 328 44 205 40 140 139 52 339 316 53 6018 3017 41 73 1668 784 43 1675
leaf_count=1579 40 517 1173 126 12266 1658 5328 2452 46 59 46 71 328 44 205 40 140 139 52 339 316 53 6018 3017 41 73 1668 784 43 1675
internal_value=0.000752644 0.357383 -0.00539896 0.161153 0.00152042 -0.0252538 -0.104769 0.0103683 0.0320034 0.0891358 0.0561496 -0.165671 -0.406596 0.2687 0.0487326 0.240408 -0.495926 0.553184 -0.354814 0.0779594 -0.0424137 -0.166406 0.0419131 -0.00231023 0.286479 -0.454257 0.262932 0.22118 0.743295 -0.0243397
internal_weight=40336 683 39653 643 38480 25824 7989 17835 15383 8702 12656 5992 664 1811 12471 1752 593 185 453 1997 6681 1632 6891 5049 357 401 1712 873 89 4692
internal_count=40336 683 39653 643 38480 25824 7989 17835 15383 8702 12656 5992 664 1811 12471 1752 593 185 453 1997 6681 1632 6891 5049 357 401 1712 873 89 4692
is_linear=0
shrinkage=0.03


Tree=150
num_leaves=31
num_cat=0
split_feature=11 15 7 6 4 39 32 41 5 38 16 27 6 12 12 25 39 7 32 12 4 2 10 41 15 25 7 7 0 13
split_gain=78516.8 219815 60521.6 55705.1 64313 51909.6 40913 37187.7 36723 47429.4 36004.1 34919.7 33949.5 34344.1 47747.1 34392.1 46081.4 42004.3 34403.9 38985.6 34244 49180 33766.7 32005.6 31527.1 50231.7 31281.9 31193.4 29965.8 44751.2
threshold=311.05000000000001 258.53812500000009 4.9079861111111134 6.7528634361233495 350.50000000000006 -45.07 290.38000000000005 23682.162064527587 37403.812500000007 -121.27 6108.2332881863304 37063.958333333343 31.152202643171815 154.78395833333337 193.04291666666668 282.46229166666677 -70.938749999999985 6.3767361111111134 120.88000000000001 477.00062500000007 272.50000000000006 11.500000000000002 -2.4362499999999998 -14010.751740187437 246.2154166666667 245.21250000000003 10.565972222222223 6.9010416666666687 18.500000000000004 293.64000000000004
decision_type=10 10 2 2 2 8 10 10 2 8 10 8 2 10 10 10 10 2 10 10 2 2 8 10 10 10 2 2 2 10
left_child=2 -2 7 5 8 10 -7 11 23 -10 -4 24 13 -3 -15 16 -16 18 19 -17 -19 -22 -13 27 25 -1 -11 -5 -20 -30
right_child=1 12 3 4 -6 6 -8 -9 9 26 -12 22 -14 14 15 17 -18 20 28 -21 21 -23 -24 -25 -26 -27 -28 -29 29 -31
leaf_value=0.10416827913187199 1.824102305812495 0.95325177716357368 0.46132947850222294 -0.17944984185557933 -0.38443949448544595 -0.0027595865409399032 0.61874376890002469 0.93217974630849698 0.86151969666750916 -0.029332287980274926 0.021558705047047884 -0.69897978898931723 0.90888501226902008 -0.63281878557801241 1.2858055246671041 0.28663377262675011 0.2537377018203037 -0.031403207505235863 -0.015111852480116495 1.2794382661033887 -1.445930216755978 -0.17063147207624035 0.0091027457978187874 -0.033067387651935502 -0.17489481621332789 0.65342590033503312 -0.2505605479500177 -0.53092807602794723 -0.0526104927719473 0.68539911772523598
leaf_weight=4558 69 41 441 891 530 3495 97 41 52 15808 270 60 47 79 44 241 296 293 936 41 42 75 9546 906 344 154 596 305 142 153
leaf_count=4558 69 41 441 891 530 3495 97 41 52 15808 270 60 47 79 44 241 296 293 936 41 42 75 9546 906 344 154 596 305 142 153
internal_value=0.00375036 0.166616 -0.00693788 -0.036917 -0.0588978 0.0605807 0.0141913 0.0407551 -0.0495805 -0.0344922 0.294593 0.038199 0.118821 0.102864 0.0875759 0.112993 0.390678 0.0637186 0.136704 0.434989 -0.205293 -0.636805 0.0046077 -0.16763 0.102006 0.122254 -0.0373849 -0.269451 0.068075 0.331176
internal_weight=40593 2499 38094 23391 19088 4303 3592 14703 18558 16456 711 14662 2430 2383 2342 2263 340 1923 1513 282 410 117 9606 2102 5056 4712 16404 1196 1231 295
internal_count=40593 2499 38094 23391 19088 4303 3592 14703 18558 16456 711 14662 2430 2383 2342 2263 340 1923 1513 282 410 117 9606 2102 5056 4712 16404 1196 1231 295
is_linear=0
shrinkage=0.03


Tree=151
num_leaves=31
num_cat=0
split_feature=32 5 40 7 25 5 27 8 27 39 4 8 41 4 17 39 4 27 4 8 4 32 40 13 4 13 2 24 37 7
split_gain=74406.6 136282 454583 63107.7 60399.1 57488.3 93238.4 60689.9 57852.3 44804.4 44161.6 43513.4 42692.9 41660.7 39032 42679.8 41233.1 41904.4 40916 40199.5 36769.2 40341.2 58082.2 39131.8 40412.8 36550.5 36424.4 34965.7 32683.8 32488.8
threshold=245.08500000000001 68762.500000000015 -15.72749999999999 10.071180555555559 276.37187500000005 40600.562500000007 27049.395833333336 771.49375000000009 26699.958333333339 -24.32 259.50000000000006 71.343750000000014 13654.425545070624 2.5000000000000004 1791.2960900000005 -92.732499999999973 348.50000000000006 53164.391718750012 188.50000000000003 515.86875000000009 201.50000000000003 142.80500000000004 -40.377499999999991 351.34500000000008 244.50000000000003 229.99000000000004 8.5000000000000018 162.73375000000001 102.15000000000002 4.0642361111111134
decision_type=10 2 10 2 10 2 8 2 10 10 2 2 10 2 10 8 2 10 2 2 2 10 10 10 2 10 2 10 8 2
left_child=3 4 -3 5 25 7 8 10 20 -6 11 -1 13 -8 15 19 28 -18 -16 -15 21 22 -7 -22 -25 -2 -10 -12 29 -17
right_child=1 2 -4 -5 9 6 12 -9 26 -11 27 -13 -14 14 18 16 17 -19 -20 -21 23 -23 -24 24 -26 -27 -28 -29 -30 -31
leaf_value=0.011720057272348925 0.13464127870831097 3.7335957431211706 0.30740641328755841 -0.22623652273173536 0.34808112181399181 -0.054431556803839549 -0.47855071661559623 -0.99239189936779437 0.42534848710816153 -0.41193776535619164 -0.14358136429344837 -0.16945223528435352 0.22857946088337211 0.23282088398922188 -0.13931953881641312 0.10610324516059885 -0.28145626777750704 0.25642724005387552 0.021696037109778424 -0.35603134425062882 -0.032284730170164713 0.16551951959163327 1.1102992147905753 0.55247770828676634 -0.39765944466298941 0.75399847519397734 1.4613230277907172 -0.52040147672078629 -0.29068437646655054 0.0055418062913288385
leaf_weight=5000 392 40 234 1155 91 55 162 63 75 290 1205 1566 752 1244 3169 3533 748 157 2573 113 690 236 127 231 48 109 52 271 301 15903
leaf_count=5000 392 40 234 1155 91 55 162 63 75 290 1205 1566 752 1244 3169 3533 748 157 2573 113 690 236 127 231 48 109 52 271 301 15903
internal_value=-0.000893806 0.236233 0.819338 -0.00785182 0.054364 -0.00125586 0.0178016 -0.0721862 0.247165 -0.229975 -0.0648549 -0.031509 0.00567481 -0.000340555 0.00246921 0.0206499 0.00993188 -0.187964 -0.067177 0.18356 0.190691 0.425533 0.759946 0.0890523 0.388177 0.270625 0.85763 -0.213073 0.0190151 0.023826
internal_weight=40585 1156 274 39429 882 38274 30169 8105 1514 381 8042 6566 28655 27903 27741 21999 20642 905 5742 1357 1387 418 182 969 279 501 127 1476 19737 19436
internal_count=40585 1156 274 39429 882 38274 30169 8105 1514 381 8042 6566 28655 27903 27741 21999 20642 905 5742 1357 1387 418 182 969 279 501 127 1476 19737 19436
is_linear=0
shrinkage=0.03


Tree=152
num_leaves=31
num_cat=0
split_feature=6 27 28 5 39 7 22 6 38 4 41 27 35 7 40 5 41 38 14 0 38 4 25 41 41 27 27 27 15 1
split_gain=65501.3 105425 78089.4 81130.2 56260.2 53737.9 47029.3 41049.7 40516.3 40237.4 40866.9 37535.6 36684 36423.1 35649 34545.3 41098.4 38786.8 33628.5 32025.7 30784 29614.9 32427.4 28158.4 25131.2 24892.9 31035.6 27126.9 55328.4 57369
threshold=6.2292951541850234 30324.104166666672 28188.687500000004 48902.250000000007 -149.57749999999996 4.6128472222222241 1.0000000180025095e-35 13.017841409691632 91.915000000000035 164.50000000000003 -16065.005134674457 37399.57312500001 88.061250000000015 11.862847222222227 -52.824999999999989 39056.250000000007 -15042.396014350785 -121.27 316.16000000000003 17.500000000000004 -10.324999999999994 202.50000000000003 232.82541666666668 7687.9710689938156 23682.162064527587 35563.935156250001 33821.791666666679 38178.666666666672 113.29187500000002 4.5000000000000009
decision_type=2 8 10 2 10 2 2 2 8 2 8 8 10 2 10 2 10 10 10 2 10 2 10 10 10 10 10 10 10 2
left_child=1 -1 3 12 -5 9 8 -6 13 10 -4 -3 -2 15 -8 16 -7 -17 -12 21 -19 22 -9 -22 -13 26 -11 28 -27 -30
right_child=2 11 5 4 7 6 14 19 -10 25 18 24 -14 -15 -16 17 -18 20 -20 -21 23 -23 -24 -25 -26 27 -28 -29 29 -31
leaf_value=1.5054773126257226 0.083723776683744588 0.32172576135795511 -0.89092728394585152 1.4441444149682687 0.90127170694857528 -0.24040693370160632 0.45444976635439238 0.02127630113893085 -0.25499714975858068 0.076592157439506078 -0.056142226140324047 0.050562799279714091 -0.23694595626699247 -0.4081942356464045 -0.42299083195513598 0.80592477006070751 -0.02294389855621435 0.054978490461974769 0.66050709748268122 0.68880132388965842 -0.053888185678797704 -0.098168610532979567 0.67663447825157119 0.18162635080077147 0.68927850625876863 0.01116654300297454 0.35782774465465605 0.081052892873695173 -0.26901857571469412 -1.4746651154214685
leaf_weight=46 2472 525 51 42 96 1526 45 134 841 1002 3315 5646 368 241 460 50 1604 3568 59 115 12010 250 137 474 55 1095 545 3540 188 43
leaf_count=46 2472 525 51 42 96 1526 45 134 841 1002 3315 5646 368 241 460 50 1604 3568 59 115 12010 250 137 474 55 1095 545 3540 188 43
internal_value=0.000800049 0.0899271 -0.0155134 0.116361 0.388426 -0.0310627 -0.0583655 0.325964 -0.0512466 0.0267149 -0.0562946 0.0792284 0.0421034 -0.0424344 -0.344059 -0.03783 -0.129009 -0.0200992 -0.0434184 0.237847 -0.0227222 0.137179 0.353852 -0.0449322 0.0568446 0.0710497 0.175837 0.0377064 -0.0779889 -0.498835
internal_weight=40543 6272 34271 3614 774 30657 20819 732 20314 9838 3425 6226 2840 19473 505 19232 3130 16102 3374 636 16052 521 271 12484 5701 6413 1547 4866 1326 231
internal_count=40543 6272 34271 3614 774 30657 20819 732 20314 9838 3425 6226 2840 19473 505 19232 3130 16102 3374 636 16052 521 271 12484 5701 6413 1547 4866 1326 231
is_linear=0
shrinkage=0.03


Tree=153
num_leaves=31
num_cat=0
split_feature=28 32 7 0 1 7 1 0 12 8 0 30 31 12 13 31 12 25 4 13 15 12 1 15 15 12 38 16 40 14
split_gain=71638.5 316944 50048.8 43668.3 61226.8 43802.9 43408.9 82693.4 65167.1 51710.2 39006.1 47957.1 36772.2 61213.2 49846.9 35743.6 33927.7 54735 51372.3 50172.3 49884.7 53464.9 50415.8 36343.2 33111.3 43386.6 31883.5 31358.2 32381.9 28605
threshold=31164.625000000004 264.94500000000005 10.071180555555559 16.500000000000004 5.5000000000000009 4.8489583333333348 1.0000000180025095e-35 5.5000000000000009 25.359479166666667 230.68125000000001 20.500000000000004 156.34000000000003 78.075000000000003 261.6985416666667 315.09000000000009 511.10000000000008 87.368645833333332 104.95328125000002 2.5000000000000004 61.10625000000001 197.65354166666671 171.40208333333337 1.5000000000000002 97.734375000000014 142.67291666666668 114.38187500000001 100.01500000000001 5812.4415234299331 -29.864999999999984 88.801250000000024
decision_type=8 10 2 2 2 2 2 2 10 2 2 10 10 10 10 10 10 10 2 10 10 10 2 10 8 10 10 8 10 10
left_child=1 3 6 4 -1 15 7 -2 -9 16 11 24 29 -14 -15 -5 17 27 -18 20 21 22 -20 -24 25 -10 -4 28 -8 -6
right_child=2 -3 26 5 12 -7 9 8 10 -11 -12 -13 13 14 -16 -17 18 -19 19 -21 -22 -23 23 -25 -26 -27 -28 -29 -30 -31
leaf_value=0.071901056580041492 -0.14636211956186132 2.2303535652153132 -0.18502746457228272 0.36077242104286505 -0.096586325551782343 0.10449861084487828 0.11317708175305195 -0.11591315666199542 0.22823432406531879 -0.088969425708272057 -0.038778406846523283 0.62836706614772753 0.17270766099682075 -0.87531125034465163 0.20269964732621845 1.2597298705848778 -0.86487719408103392 -0.50682435756729494 0.45634796842257419 0.014059682765567974 0.8359180673883102 1.220574287495962 0.18617804463626439 -0.12340572417100679 -0.11027614199225941 0.96205361709782933 -1.0289480251499583 -0.066836502944249615 -0.05188209665958967 -0.85801362760897193
leaf_weight=3495 1120 61 1031 445 69 1178 2326 660 1642 7901 449 288 287 121 56 43 55 216 330 8062 100 40 741 631 247 75 41 6576 1979 125
leaf_count=3495 1120 61 1031 445 69 1178 2326 660 1642 7901 449 288 287 121 56 43 55 216 330 8062 100 40 741 631 247 75 41 6576 1979 125
internal_value=-6.1674e-05 0.0967216 -0.0165544 0.0739755 0.0219068 0.203681 -0.0100824 0.0767992 0.151186 -0.0235293 0.216471 0.267357 -0.243346 -0.0978372 -0.535023 0.442398 0.00102941 -0.0350449 0.0412253 0.046344 0.187561 0.149883 0.124018 0.0438104 0.214125 0.260829 -0.218233 -0.0256338 0.0373053 -0.589081
internal_weight=40390 5880 34510 5819 4153 1666 33438 4481 3361 28957 2701 2252 658 464 177 488 21056 11097 9959 9904 1842 1742 1702 1372 1964 1717 1072 10881 4305 194
internal_count=40390 5880 34510 5819 4153 1666 33438 4481 3361 28957 2701 2252 658 464 177 488 21056 11097 9959 9904 1842 1742 1702 1372 1964 1717 1072 10881 4305 194
is_linear=0
shrinkage=0.03


Tree=154
num_leaves=31
num_cat=0
split_feature=11 6 7 8 5 16 34 38 6 4 16 12 12 8 6 4 7 25 39 23 12 14 14 32 39 5 14 6 1 40
split_gain=66271 180681 53524.3 53260 46249.9 48287.5 59080.2 47775.7 35520.6 34488.8 31621.8 31337.8 34057.4 31951.7 46898.9 42134.4 38246.9 33280.9 37933.3 53091.3 37469.9 37246.9 37116.6 35248 30547.7 50813.4 35550.1 30433.5 31484.1 34281.9
threshold=311.05000000000001 0.39295154185022024 9.4340277777777803 575.13125000000014 38156.250000000007 4655.694721084692 197.88500000000002 -121.27 21.544933920704853 96.500000000000014 18380.090933987445 154.78395833333337 193.04291666666668 382.25625000000008 21.931718061674015 201.50000000000003 4.4739583333333348 443.54708333333343 -54.644999999999982 2.5000000000000004 373.12250000000006 469.85000000000008 559.03500000000008 120.88000000000001 -64.891249999999985 53156.250000000007 154.01625000000004 27.323788546255518 5.5000000000000009 -21.998749999999998
decision_type=10 2 2 2 2 10 8 8 2 2 8 10 10 2 2 2 2 10 10 2 10 10 10 10 8 2 10 2 2 10
left_child=2 -2 3 4 -1 7 8 -6 -7 -4 -11 -3 -13 14 17 -15 -16 18 19 -14 21 -20 -19 -22 25 -9 -27 28 -5 -30
right_child=1 11 9 27 5 6 -8 24 -10 10 -12 12 13 15 16 -17 -18 22 20 -21 23 -23 -24 -25 -26 26 -28 -29 29 -31
leaf_value=-0.077156236138466963 1.8685832661861139 0.88961833554765457 -0.049864622114977067 -0.13222629146297313 0.89428869649262743 -0.081859980673471472 -1.1617480165308172 0.065979207100708995 0.24562302644015649 -0.072069137488817506 -0.44899567684494601 -0.51778065465963796 0.98183049021661284 0.288784753544999 1.196858991692143 -0.28840315714814102 0.34664756522841855 -0.82178703559072386 0.036466846334356699 0.10901761887665082 1.1756512142059414 -0.83790886431932454 -0.0005525483749315418 0.24254224463933852 0.024127672151092051 0.18712399332554308 0.63147819695838414 0.040849282702721042 -1.1158700095887841 -0.30740511612520466
leaf_weight=4598 53 45 1093 1833 58 3869 43 3500 322 325 523 77 119 172 61 332 212 56 506 132 42 47 378 245 20065 461 250 757 57 262
leaf_count=4598 53 45 1093 1833 58 3869 43 3500 322 325 523 77 119 172 61 332 212 56 506 132 42 47 378 245 20065 461 250 757 57 262
internal_value=0.00188086 0.152202 -0.00791734 0.00034169 0.0111386 0.0253518 -0.0681414 0.0416213 -0.0566464 -0.161339 -0.304792 0.113919 0.0988786 0.119721 0.178875 -0.0912445 0.540296 0.113863 0.202204 0.525075 0.105217 -0.0392255 -0.108164 0.382703 0.0395474 0.112998 0.344034 -0.122717 -0.180247 -0.4549
internal_weight=40493 2477 38016 36075 33166 28568 4234 24334 4191 1941 848 2424 2379 2302 1798 504 273 1525 1091 251 840 553 434 287 24276 4211 711 2909 2152 319
internal_count=40493 2477 38016 36075 33166 28568 4234 24334 4191 1941 848 2424 2379 2302 1798 504 273 1525 1091 251 840 553 434 287 24276 4211 711 2909 2152 319
is_linear=0
shrinkage=0.03


Tree=155
num_leaves=31
num_cat=0
split_feature=32 6 40 7 5 6 35 13 25 18 15 17 0 23 25 40 0 0 33 33 24 13 15 34 13 12 27 25 13 12
split_gain=59972.3 109238 324982 48993.3 48376.7 44400 40794.6 40360.6 44498.5 39908.3 55137.1 39513.1 46310.5 73826.5 39195.6 38034.2 36983.1 47354.2 44022.3 36302.5 49330 77196.9 40592.1 37891.6 36564.6 35313.7 35030.6 61484.5 36803.2 34785.2
threshold=152.78500000000003 0.39295154185022024 -15.72749999999999 7.2413194444444464 43179.937500000007 32.257709251101325 145.46750000000003 258.71000000000009 190.57583333333335 1.0000000180025095e-35 40.963854166666671 3857.1303050000006 5.5000000000000009 1.5000000000000002 177.58057291666668 -48.61999999999999 17.500000000000004 4.5000000000000009 174.66875000000002 140.03125000000003 366.3300000000001 240.94000000000003 142.67291666666668 163.61500000000004 20.340000000000003 26.085208333333338 24636.916666666668 311.9752083333334 38.885000000000005 21.927291666666672
decision_type=10 2 10 2 2 2 10 10 10 2 10 10 2 2 10 10 2 2 10 10 10 10 10 10 10 10 10 10 10 8
left_child=5 2 -2 6 -5 9 7 8 14 11 29 12 -1 -14 -3 -9 17 -12 -19 22 23 -22 25 24 -21 -15 -20 28 -28 -11
right_child=1 3 -4 4 -6 -7 -8 15 -10 10 16 -13 13 19 -16 -17 -18 18 26 20 21 -23 -24 -25 -26 -27 27 -29 -30 -31
leaf_value=-0.051078941077933177 3.1554047612228042 0.12578447640856416 0.005857224905828259 -0.75977600721642369 -0.057477200519120981 0.36344564606075302 -0.2675849202899438 -0.54228937944905331 -0.0091412594663537808 -0.14451277372286073 -0.0062587819196389402 -0.09005577602691392 0.010666584425079126 -0.052226891076413248 0.48464106823661179 0.36746437478378335 0.012315732644746159 -0.16351517504486862 0.26241382590082823 0.59173580025719563 -0.6510050154826108 0.87184318672526973 -0.4104844169534983 0.83008630105145065 0.066798564241826536 0.21816242366938501 -0.83436226881033659 -1.1048184236437082 -0.21728290400032893 0.076766197395004176
leaf_weight=5796 40 2208 105 95 1100 273 264 43 2450 830 1375 3508 9971 589 312 723 1485 3146 60 229 93 43 123 180 249 1655 110 119 408 2772
leaf_count=5796 40 2208 105 95 1100 273 264 43 2450 830 1375 3508 9971 589 312 723 1485 3146 60 229 93 43 123 180 249 1655 110 119 408 2772
internal_value=0.000387585 0.0779445 0.890359 0.0614505 -0.113897 -0.0168575 0.0963871 0.113183 0.0819041 -0.0200395 -0.0689079 0.00240812 0.0195487 0.0507227 0.170389 0.315754 -0.119771 -0.157357 -0.211404 0.177032 0.352467 -0.166667 0.118059 0.459855 0.318996 0.1472 -0.427011 -0.492259 -0.349678 0.0257515
internal_weight=40354 7340 145 7195 1195 33014 6000 5736 4970 32741 10305 22436 18928 13132 2520 766 6703 5218 3843 3161 794 136 2367 658 478 2244 697 637 518 3602
internal_count=40354 7340 145 7195 1195 33014 6000 5736 4970 32741 10305 22436 18928 13132 2520 766 6703 5218 3843 3161 794 136 2367 658 478 2244 697 637 518 3602
is_linear=0
shrinkage=0.03


Tree=156
num_leaves=31
num_cat=0
split_feature=0 18 0 28 15 17 0 1 6 39 13 24 27 28 28 6 7 1 24 39 5 12 25 13 13 15 6 5 38 6
split_gain=57643.1 66202.4 87821.4 57697.6 50670.5 45614.9 75759 81311.2 148562 47913.1 39430.4 54961.7 40112.4 47235.3 38638 69062.5 37423.9 34438.9 67761.3 48411 34349 33903.5 32750.1 35585.1 32076.2 42540.7 31801.2 31364 30720.6 31977.4
threshold=16.500000000000004 1.0000000180025095e-35 3.5000000000000004 25936.687500000004 74.304300000000012 3857.1303050000006 5.5000000000000009 1.0000000180025095e-35 0.39295154185022024 -129.93749999999997 68.936250000000015 202.95250000000001 24636.916666666668 26366.375000000004 28952.875000000004 11.979295154185023 8.7447916666666696 1.0000000180025095e-35 330.23000000000008 -115.41499999999998 48006.250000000007 124.09562500000001 458.07729166666678 298.67500000000001 58.39500000000001 122.58145833333334 26.986563876651989 51456.250000000007 3.1225000000000027 5.122026431718063
decision_type=2 2 2 8 10 10 2 2 2 10 10 10 10 10 10 2 2 2 10 10 2 10 10 10 10 10 2 2 10 2
left_child=1 5 24 20 -4 6 16 8 -8 -10 -6 -12 -13 -14 15 -9 17 18 -1 21 -2 -19 23 26 25 -3 -5 -17 -16 -30
right_child=3 2 4 22 10 -7 7 14 9 -11 11 12 13 -15 28 27 -18 19 -20 -21 -22 -23 -24 -25 -26 -27 -28 -29 29 -31
leaf_value=-0.1264483353060428 0.23057500288119681 0.017554218610130193 -0.069067777308417844 0.025659429356603251 -0.385111073564813 -0.10356143982391684 1.8356560107555169 0.98698101182250264 0.85914840121091018 0.17410421307605434 -0.061276440461354713 0.19171628662224471 -1.0002584815415052 -0.33324948110685843 0.065297471234521967 0.037409075961000307 -0.2882354396352127 0.14795422193305247 -1.2647365544280227 -0.011624263815027689 0.81412418671515807 1.0660530433200655 -0.72525676879584788 0.64517988397316506 0.21756413084656845 -0.83647356651046056 0.22587986145285111 0.47555942721704747 0.11989959482247292 -0.11533489113676018
leaf_weight=1207 389 1151 3702 10330 1030 2886 51 93 96 1777 1491 86 129 368 4093 689 548 86 48 4994 118 62 49 87 870 54 766 186 673 2278
leaf_count=1207 389 1151 3702 10330 1030 2886 51 93 96 1777 1491 86 129 368 4093 689 548 86 48 4994 118 62 49 87 870 54 766 186 673 2278
internal_value=-0.000990415 -0.023933 -0.0919658 0.0549962 -0.144051 0.00663619 0.0254808 0.0786111 0.253688 0.209656 -0.233429 -0.157951 -0.404663 -0.508037 0.0365419 0.214157 -0.0505316 -0.0301268 -0.170957 0.00427186 0.367726 0.537137 0.0408484 0.0442698 0.0788607 -0.0213794 0.0395005 0.130984 0.0121067 -0.0616653
internal_weight=40387 28648 8881 11739 6806 19767 16881 9936 1924 1873 3104 2074 583 497 8012 968 6945 6397 1255 5142 507 148 11232 11183 2075 1205 11096 875 7044 2951
internal_count=40387 28648 8881 11739 6806 19767 16881 9936 1924 1873 3104 2074 583 497 8012 968 6945 6397 1255 5142 507 148 11232 11183 2075 1205 11096 875 7044 2951
is_linear=0
shrinkage=0.03


Tree=157
num_leaves=31
num_cat=0
split_feature=32 6 27 41 6 8 33 25 14 32 13 15 25 14 25 28 16 6 4 5 27 27 27 5 6 8 14 28 4 40
split_gain=72331.6 95361.8 286323 43921.8 42916.6 43833.6 41444.8 38297.4 57433.2 52112.5 51681.3 46748.1 39237.9 43095.8 87977.3 40618.1 36151.6 34504.2 33816.6 32979.5 34940.2 55596.8 51236.7 44821.9 43730.2 30842.7 49356 45470.8 38973.6 45712.1
threshold=152.78500000000003 0.39295154185022024 42524.458333333336 13654.425545070624 32.257709251101325 748.46250000000009 650.50000000000011 458.07729166666678 625.65500000000009 197.29000000000002 315.09000000000009 331.09791666666672 190.57583333333335 286.06000000000006 177.58057291666668 24013.659722222226 13527.738327874416 22.081718061674014 126.50000000000001 36591.937500000007 27049.395833333336 26213.354166666668 25684.145833333339 47101.562500000007 14.083920704845818 228.15625000000003 235.02500000000003 34367.756562500006 348.50000000000006 -60.046249999999993
decision_type=10 2 10 10 2 2 10 10 10 10 10 10 10 10 10 10 10 2 2 2 8 10 10 2 2 2 10 10 2 10
left_child=3 2 -2 4 5 16 7 10 -9 -10 12 -12 13 -3 -15 -14 19 -8 -7 -1 21 22 -21 -23 -25 28 -27 -28 -22 -30
right_child=1 6 -4 -5 -6 18 17 8 9 -11 11 -13 15 14 -16 -17 -18 -19 -20 20 25 23 -24 24 -26 26 27 -29 29 -31
leaf_value=-0.11279870840879863 2.9721762160411695 0.10971920348321464 0.023483776491549278 0.23044196216060919 0.34575938172454124 -0.86727059268245565 0.079831948041915901 -1.1080649669170379 0.25424136675792197 -0.79599305966496459 1.3013916146968092 0.24454931055337698 0.81470355828603103 0.26602568993941672 1.7751399462563651 -0.014116421573036851 -0.23594084520253222 1.1716591777758938 -0.19146396688216002 0.14819033126454029 0.020400005611629489 0.17073062532211411 -0.44028863179751421 1.6157553883739137 0.51585384404255163 -0.043102521064013299 -0.14377952609402875 -0.78800672299721664 0.41028997986724502 -0.22289489782913416
leaf_weight=2851 40 2717 107 631 282 75 49 59 145 59 55 117 53 205 41 3664 684 55 551 546 17364 218 175 45 117 8044 279 152 113 1033
leaf_count=2851 40 2717 107 631 282 75 49 59 145 59 55 117 53 205 41 3664 684 55 551 546 17364 218 175 45 117 8044 279 152 113 1033
internal_value=0.00163167 0.0866624 0.84051 -0.0172587 -0.0220705 -0.0252978 0.0711975 0.0624567 -0.292137 -0.0519041 0.0761077 0.588062 0.0628396 0.144256 0.523713 -0.00208249 -0.020372 0.6629 -0.273685 -0.0155984 -0.005728 0.15985 0.00494365 0.45298 0.82942 -0.0124893 -0.0598847 -0.372276 0.00921322 -0.160157
internal_weight=40526 7366 147 33160 32529 32247 7219 7115 263 204 6852 172 6680 2963 246 3717 31621 104 626 30937 28086 1101 721 380 162 26985 8475 431 18510 1146
internal_count=40526 7366 147 33160 32529 32247 7219 7115 263 204 6852 172 6680 2963 246 3717 31621 104 626 30937 28086 1101 721 380 162 26985 8475 431 18510 1146
is_linear=0
shrinkage=0.03


Tree=158
num_leaves=31
num_cat=0
split_feature=27 6 6 12 4 1 12 25 8 38 10 5 39 39 41 31 35 1 32 12 15 33 38 6 27 8 7 5 11 39
split_gain=58045.9 345869 48662.2 43287 42370 40204.6 50140.7 46777.6 45183.8 42480.1 50780.8 36293.1 82969.5 34173.6 45900.6 33761 31266 30969.4 30325.5 29684.7 26820.1 36627 26626.8 44966.6 26036.8 25681.3 24823.1 24900.1 43291.6 25135.5
threshold=31096.770833333339 3.8248898678414101 6.2292951541850234 458.07729166666678 350.50000000000006 1.0000000180025095e-35 25.359479166666667 40.963854166666671 0.11250000000000002 -1.7187499999999856 -23.451249999999998 48902.250000000007 -138.24124999999995 -27.749999999999993 14594.767780363725 149.97500000000002 216.90625000000003 3.5000000000000004 225.00500000000002 182.60229166666673 149.58244791666669 148.45000000000002 67.370000000000019 15.741409691629956 37560.375000000007 454.14375000000007 8.2864583333333375 38901.812500000007 152.74500000000003 -113.93124999999999
decision_type=8 2 2 10 2 2 10 10 2 10 10 2 10 8 8 10 10 2 10 10 10 10 10 2 10 2 2 2 10 10
left_child=1 -1 13 4 5 6 -4 -8 -9 10 -7 16 -13 14 -2 20 -3 18 -12 -20 -10 -22 -11 -24 -25 26 27 28 -19 -29
right_child=2 11 3 -5 -6 9 7 8 15 22 17 12 -14 -15 -16 -17 -18 25 19 -21 21 -23 23 24 -26 -27 -28 29 -30 -31
leaf_value=2.7990652421542577 0.049810482066629393 0.033389407528404545 -0.1131714705945073 -0.97239241312850611 -0.23096589677189677 -0.93125679864602928 0.67361952831275262 -0.050394105139808451 0.19963208025277743 -0.057929450534259769 0.064406726384521232 1.3652021562715746 0.15449519713880155 0.02417485336984147 0.41206048986206284 0.59540108565840932 -0.7286455184464552 -0.050533586897065177 1.0880752393030204 0.0083393724901335581 -0.85932673691578632 0.12768854278674785 -0.11418782594616669 -0.80481360839643779 -0.13643581363889903 -0.20362658147547483 -0.28712923069399865 0.53257809999585148 -1.0157420162267461 0.056705359008720112
leaf_weight=41 774 4388 1017 43 919 50 136 1027 1280 13557 4205 52 1330 4818 530 176 48 1534 51 41 52 93 950 154 80 693 263 104 42 2066
leaf_count=41 774 4388 1017 43 919 50 136 1027 1280 13557 4205 52 1330 4818 530 176 48 1534 51 41 52 93 950 154 80 693 263 104 42 2066
internal_value=-0.000909089 0.086415 -0.0156747 -0.0321416 -0.0306884 -0.0240046 0.0668549 0.133112 0.104895 -0.0384474 0.0127178 0.066821 0.201004 0.0610658 0.197247 0.204478 0.0249814 0.0180656 0.0762738 0.612152 0.155811 -0.229737 -0.0698547 -0.206236 -0.577861 -0.0351338 -0.00596444 0.013847 -0.0768839 0.079747
internal_weight=40514 5859 34655 28533 28490 27571 3781 2764 2628 23790 9049 5818 1382 6122 1304 1601 4436 8999 4297 92 1425 145 14741 1184 234 4702 4009 3746 1576 2170
internal_count=40514 5859 34655 28533 28490 27571 3781 2764 2628 23790 9049 5818 1382 6122 1304 1601 4436 8999 4297 92 1425 145 14741 1184 234 4702 4009 3746 1576 2170
is_linear=0
shrinkage=0.03


Tree=159
num_leaves=31
num_cat=0
split_feature=6 27 7 4 41 5 4 14 27 15 15 28 39 4 39 27 17 5 39 10 6 4 18 4 4 8 5 12 14 15
split_gain=62092.5 411469 64511.4 62488.8 57323.5 40230 65550.3 97326 38175.3 37368 64305.2 36208.5 49393.1 47983.9 34784.8 36081.9 34161.1 33699.8 32658.7 31763.6 31200.3 31953.2 31227.9 29550.1 29245.1 32008.9 30145.9 30777 28456.6 27214.9
threshold=5.5458149779735697 30324.104166666672 5.4079861111111134 164.50000000000003 -16720.718883425146 50154.875000000007 271.50000000000006 353.65125000000006 35563.935156250001 167.20895833333336 213.82187500000003 39420.500000000007 -19.347499999999993 356.50000000000006 -27.749999999999993 45776.812500000007 827.62016500000004 46201.687500000007 -75.013749999999973 217.97500000000002 17.634140969163003 291.50000000000006 1.0000000180025095e-35 285.50000000000006 84.500000000000014 378.71875000000006 34768.250000000007 20.943177083333335 294.89000000000004 277.52729166666671
decision_type=2 8 2 2 8 2 2 10 10 10 10 10 10 2 8 10 10 2 10 10 2 2 2 2 2 2 2 10 10 10
left_child=1 -1 3 4 -2 6 24 9 17 20 23 12 13 16 15 -3 18 -5 19 -7 22 -22 -8 -11 -4 26 -26 -28 -14 -12
right_child=2 14 5 8 -6 11 7 -9 -10 10 29 -13 28 -15 -16 -17 -18 -19 -20 -21 21 -23 -24 -25 25 -27 27 -29 -30 -31
leaf_value=3.086975691732837 -0.99018233090863916 0.44909738327313836 -0.24325961069713398 0.071902349982554306 -0.042646808542906429 0.46238249767928363 0.034168912928456023 -1.238220953771046 0.025977185074529681 -1.3265953560602868 0.25249560282235184 -0.047461351749758553 0.039516925434697196 -0.34138372942218631 0.032409189957036309 0.083623706281906171 -0.07862454834215056 0.25214596682534934 0.22375549861261781 1.2877594970941544 -0.69622778726636236 0.075828805293355658 -0.23821109639694996 -0.56231452381528846 -0.20631196972415453 -0.14847163208731751 -0.15896913842181051 0.048879052853630749 -0.32802292511074638 -0.52580458688735965
leaf_weight=40 57 400 679 2398 6234 281 858 83 7244 58 123 4860 605 126 4277 619 207 1529 672 49 158 69 677 217 593 1800 747 4489 275 59
leaf_count=40 57 400 679 2398 6234 281 858 83 7244 58 123 4860 605 126 4277 619 207 1529 672 49 158 69 677 217 593 1800 747 4489 275 59
internal_value=-0.00219346 0.0931511 -0.0166709 0.0242311 -0.051388 -0.0570562 -0.0940021 -0.235628 0.0668172 -0.197586 -0.439067 -0.00164486 0.0988586 0.213816 0.0699606 0.227387 0.271912 0.142128 0.344334 0.588459 -0.134741 -0.462246 -0.0860391 -0.727731 -0.0547365 -0.0379277 -0.00377209 0.0192015 -0.0755812 -0.00130503
internal_weight=40483 5336 35147 17462 6291 17685 10610 2302 11171 2219 457 7075 2215 1335 5296 1019 1209 3927 1002 330 1762 227 1535 275 8308 7629 5829 5236 880 182
internal_count=40483 5336 35147 17462 6291 17685 10610 2302 11171 2219 457 7075 2215 1335 5296 1019 1209 3927 1002 330 1762 227 1535 275 8308 7629 5829 5236 880 182
is_linear=0
shrinkage=0.03


Tree=160
num_leaves=31
num_cat=0
split_feature=0 28 18 0 24 17 0 23 6 14 27 28 4 23 15 39 14 25 25 13 33 5 39 24 34 35 15 15 8 28
split_gain=58811.6 71654.5 50635.6 85375.9 44353.4 41847.5 65336.9 88330.8 143143 35804.5 33777.5 46269 32577.2 30997.8 56015.8 33624.9 30168.7 29031.2 28906.3 36076 42053.8 28050.9 27677.7 44184.5 44156.6 40137.7 26978.3 31932 25509.7 42413.1
threshold=16.500000000000004 25936.687500000004 1.0000000180025095e-35 5.5000000000000009 211.73500000000004 3857.1303050000006 5.5000000000000009 2.5000000000000004 0.39295154185022024 232.05000000000004 24636.916666666668 25180.312500000004 350.50000000000006 1.5000000000000002 406.63729166666673 -115.41499999999998 446.67500000000001 124.09562500000001 62.693593750000012 68.936250000000015 195.81875000000002 47700.375000000007 -126.48625 395.76500000000004 179.08500000000004 47.699999999999996 142.67291666666668 124.51536458333335 332.56250000000006 28498.875000000004
decision_type=2 8 2 2 10 10 2 2 2 10 10 10 2 2 10 10 8 10 10 10 10 2 10 10 10 10 8 10 2 8
left_child=2 21 5 9 16 6 13 28 -9 -4 -6 -12 22 15 -15 17 18 -1 -5 20 -20 -2 -10 24 26 -26 27 -24 29 -8
right_child=1 -3 3 4 10 -7 7 8 12 -11 11 -13 -14 14 -16 -17 -18 -19 19 -21 -22 -23 23 -25 25 -27 -28 -29 -30 -31
leaf_value=0.05873751716121383 0.27495484748953269 0.038810156000509646 -0.004115982942018888 -0.068771084326813642 0.1755967855453491 -0.10447716437940596 0.34265051549378522 1.9187490024367968 0.68620740705414818 0.26796048422633062 -1.1936848116379517 -0.37821728128385035 -0.37502095551734949 -0.13618648124114432 -1.147713587284088 -0.030118957387431432 0.62057968794368201 0.87539732839750206 -0.28686125871863666 -0.10877219334723423 -0.9989336970558873 0.7947033452957869 0.19531643846042474 -0.50965696864128107 1.1306612657362156 0.25752499472923002 -0.087049641389895571 0.75724200288338273 -0.066428320922934284 0.032962922759871768
leaf_weight=91 379 11313 2621 2769 70 2861 429 44 113 521 77 328 82 1478 50 5309 47 68 989 1379 80 124 1156 74 88 103 277 98 2083 5355
leaf_count=91 379 11313 2621 2769 70 2861 429 44 113 521 77 328 82 1478 50 5309 47 68 989 1379 80 124 1156 74 88 103 277 98 2083 5355
internal_value=-0.00190452 0.0544063 -0.0251377 -0.084633 -0.153448 0.00160629 0.0195724 0.0691541 0.245275 0.0410701 -0.430827 -0.535815 0.207348 -0.0506043 -0.170015 -0.0172107 -0.128342 0.411289 -0.135207 -0.210295 -0.341034 0.404406 0.232546 0.203637 0.234567 0.663601 0.180645 0.239799 0.0235705 0.0559878
internal_weight=40456 11816 28640 8881 5739 19759 16898 9902 2035 3142 475 405 1991 6996 1528 5468 5264 159 5217 2448 1069 503 1909 1796 1722 191 1531 1254 7867 5784
internal_count=40456 11816 28640 8881 5739 19759 16898 9902 2035 3142 475 405 1991 6996 1528 5468 5264 159 5217 2448 1069 503 1909 1796 1722 191 1531 1254 7867 5784
is_linear=0
shrinkage=0.03


Tree=161
num_leaves=31
num_cat=0
split_feature=7 32 7 6 1 14 8 34 2 14 0 32 27 27 6 39 29 33 27 8 13 2 14 6 27 16 24 14 13 12
split_gain=60235.4 58261.9 52262.9 51159.3 40643.6 44370.7 39874.9 36188.6 34804.7 67294.6 38269.5 48983.7 35587.1 41574.7 49807.4 34732.5 34425.1 32798.5 31310.9 32200.1 30039.7 29849.6 30067.9 29144.5 28595.3 28310.3 28218.2 27142.3 27314.3 31247
threshold=5.5329861111111134 152.78500000000003 5.4913194444444473 10.8352422907489 1.0000000180025095e-35 105.19375000000001 524.60000000000002 -22.649999999999995 9.5000000000000018 353.65125000000006 7.5000000000000009 158.51375000000004 27049.395833333336 26213.354166666668 14.083920704845818 -72.308749999999989 358.24500000000006 650.50000000000011 47486.791666666672 0.11250000000000002 240.94000000000003 8.5000000000000018 218.24000000000004 30.328193832599123 26079.687500000004 2667.7994046214094 125.27000000000002 378.58500000000009 -29.089999999999996 40.963854166666671
decision_type=2 10 2 2 2 10 2 10 2 10 2 10 10 10 2 10 10 10 10 2 10 2 10 2 10 10 10 10 10 10
left_child=1 4 15 18 5 -1 23 -8 12 10 11 -10 13 24 -15 -3 -14 -17 19 -2 27 -9 -23 25 -5 -6 -20 28 -7 -30
right_child=3 2 -4 8 6 20 7 21 9 -11 -12 -13 16 14 -16 17 -18 -19 26 -21 -22 22 -24 -25 -26 -27 -28 -29 29 -31
leaf_value=-0.016378034955014782 0.002197687829447023 0.46844074635496058 1.0721623666331452 0.072078120057873313 0.028124498843318291 -0.399212119861653 -0.96490189961592354 -0.069383959966538539 -0.26963201569303991 -1.1634666013448942 -0.080602871605382223 -1.1983284263951437 -0.065171563246017722 1.2590251892592226 0.2326531920305232 0.091343866081543754 -0.91650349401054643 0.78148985334805077 -0.026172546103381839 0.14476877723384879 0.98382234342554775 -0.16212701874349617 -0.88355083638003895 0.4734113232209915 -0.66617499681013936 -0.10385476615152653 -0.29588971554360571 -0.36008051296355015 0.77645194876281654 0.22679435593717287
leaf_weight=1124 3969 247 52 432 10223 56 44 2032 604 60 1746 55 7507 55 180 3892 42 62 1915 2224 46 138 83 122 52 1706 426 70 101 1097
leaf_count=1124 3969 247 52 432 10223 56 44 2032 604 60 1746 55 7507 55 180 3892 42 62 1915 2224 46 138 83 122 52 1706 426 70 101 1097
internal_value=0.00160874 0.0366329 0.135833 -0.0367383 0.011576 0.123331 -0.00785683 -0.122381 -0.0803259 -0.179245 -0.154217 -0.348839 -0.0508162 0.15072 0.477185 0.123991 -0.0700288 0.10236 0.0180836 0.0534122 0.237883 -0.105506 -0.435828 0.0139806 -0.00844835 0.00924265 -0.0753593 0.211243 0.243397 0.273743
internal_weight=40362 21095 4253 19267 16842 2494 14348 2297 10733 2465 2405 659 8268 719 235 4201 7549 3954 8534 6193 1370 2253 221 12051 484 11929 2341 1324 1254 1198
internal_count=40362 21095 4253 19267 16842 2494 14348 2297 10733 2465 2405 659 8268 719 235 4201 7549 3954 8534 6193 1370 2253 221 12051 484 11929 2341 1324 1254 1198
is_linear=0
shrinkage=0.03


Tree=162
num_leaves=31
num_cat=0
split_feature=27 32 5 25 27 40 5 38 14 1 25 28 36 26 13 8 4 5 13 17 25 14 25 28 28 13 12 16 17 32
split_gain=55351.2 449615 42976.1 46186.9 40750.1 40768.2 40465.9 38955.4 35959.3 37312.3 37011.3 33507.1 34355.7 32769.5 32357 32158.4 45523.3 32431.4 31292.1 30665.6 31807.9 30335.4 49151.3 33172.2 44477.7 28667 51730.4 27406.8 33724 26723
threshold=30324.104166666672 264.94500000000005 58501.625000000007 207.81663043478264 43327.551093750008 -72.594999999999985 38156.250000000007 97.111250000000027 81.520000000000024 1.0000000180025095e-35 53.710833333333341 25782.687500000004 144.34500000000003 42818.495000000003 -56.274999999999991 396.81875000000008 205.50000000000003 41706.250000000007 98.261250000000018 15038.022070000001 30.175000000000001 258.29125000000005 159.83239583333338 38461.924843750006 39217.355156250007 39.900000000000013 112.99098958333336 12524.676816973219 1.47244 -1.0000000180025095e-35
decision_type=8 8 2 8 8 10 2 8 10 2 10 10 10 10 10 2 2 2 10 10 10 10 10 10 10 10 10 10 8 10
left_child=1 6 3 7 5 -4 -1 8 19 10 -10 15 -13 -7 -12 -8 -17 -18 -9 20 -2 22 27 -23 -25 26 29 28 -11 -16
right_child=2 -3 4 -5 -6 13 11 18 9 21 14 12 -14 -15 25 16 17 -19 -20 -21 -22 23 -24 24 -26 -27 -28 -29 -30 -31
leaf_value=-0.10481474684617274 -0.0070904866534103198 3.2218544419291542 0.82181144352021962 -0.24118789284848524 -0.0014168977332527171 0.069477552799510428 0.35662663386555282 -0.50503464817323462 0.43384215345293592 0.071482512445292037 -0.51522936008325437 0.076208514670107863 -0.43776189364859314 0.32754856478484395 -0.32984493586995184 0.49635792784334165 -0.93661153232509442 -0.048313236470596911 0.090828800962159506 -0.87928148165345188 -0.15839307656628218 -0.075873036474472105 -0.31912118488339924 1.0154132505748179 0.20198968627848679 -0.099641788884729687 0.90631025665998455 -0.28069803512912678 -0.031345603410309474 0.16184553115732592
leaf_weight=988 2470 40 75 907 5610 2367 777 263 285 3684 81 2890 121 544 108 126 43 233 113 43 2532 246 488 76 286 500 79 339 12986 1146
leaf_count=988 2470 40 75 907 5610 2367 777 263 285 3684 81 2890 121 544 108 126 43 233 113 43 2532 246 488 76 286 500 79 339 12986 1146
internal_value=0.00142979 0.0926083 -0.0120779 -0.0309029 0.0462422 0.135753 0.0678175 -0.0234797 -0.0189769 -0.00116447 0.115499 0.108539 0.0554156 0.117801 0.0678951 0.244048 0.0261073 -0.189589 -0.326193 -0.0906498 -0.0836958 -0.0153398 -0.0225831 0.192803 0.375091 0.0939302 0.166558 -0.014057 -0.0086181 0.11927
internal_weight=40446 5218 35228 26632 8596 2986 5178 25725 25349 20304 2199 4190 3011 2911 1914 1179 402 276 376 5045 5002 18105 17497 608 362 1833 1333 17009 16670 1254
internal_count=40446 5218 35228 26632 8596 2986 5178 25725 25349 20304 2199 4190 3011 2911 1914 1179 402 276 376 5045 5002 18105 17497 608 362 1833 1333 17009 16670 1254
is_linear=0
shrinkage=0.03


Tree=163
num_leaves=31
num_cat=0
split_feature=5 28 5 7 8 16 39 7 6 16 5 4 38 5 28 40 15 13 23 11 40 6 5 7 28 22 4 13 6 12
split_gain=53733.7 104271 376779 66464.6 39600.9 37352 37059.6 45065 35461.3 34887.6 30598 69866.4 29982.9 30281.7 29058.5 32979.4 32473.3 62710.1 44259.3 32023.2 30489.1 30555.9 29240.7 29029.5 27490.4 27104.8 35020.3 37771.2 27691.6 37562.5
threshold=47700.375000000007 31402.937500000004 62500.625000000007 8.2864583333333375 648.94375000000014 17670.959700425654 -66.641249999999971 8.3385416666666696 23.076431718061677 12524.676816973219 40600.562500000007 128.50000000000003 -4.2224999999999993 34554.750000000007 39420.500000000007 -94.454999999999998 315.7247916666667 262.4500000000001 2.5000000000000004 465.51500000000004 34.675000000000004 9.5865638766519847 51339.125000000007 6.5781250000000018 43899.500000000007 1.0000000180025095e-35 270.50000000000006 229.99000000000004 12.318942731277534 156.47843750000004
decision_type=2 8 2 2 2 8 10 2 2 10 2 2 8 2 8 10 10 10 2 10 10 2 2 2 8 2 2 10 2 10
left_child=3 2 6 4 8 -5 7 23 12 14 11 -6 13 -1 15 22 17 20 19 -18 21 24 -3 -2 -16 26 27 28 -17 -30
right_child=1 9 -4 5 10 -7 -8 -9 -10 -11 -12 -13 -14 -15 16 25 18 -19 -20 -21 -22 -23 -24 -25 -26 -27 -28 -29 29 -31
leaf_value=-0.12562340615587608 0.43636168667052738 0.062609134653100251 3.0549615012747902 -0.0036716576436080406 -1.6393693678553511 -0.37116424802162562 0.11140655436438554 -0.34633779808094628 0.10237596166591401 -0.19527042128973829 -0.11763775416932327 -0.26275173570332899 -0.06378383508520738 0.050248762269557289 0.11064387089226919 0.14979416435894122 -0.2281882706138898 0.61255325332777388 -0.77062785658985367 0.58120714740319679 -0.61802861181398228 -0.065237650217505327 0.84189486297651339 1.1623137726378245 -0.0042575254554031959 -0.25482535834138587 0.22921114255436295 -0.62117818990903717 0.017347388261612893 -0.4515524480417038
leaf_weight=1053 282 80 41 362 40 796 1463 56 2144 703 731 177 8826 5371 2805 1459 219 150 113 54 71 4182 94 60 5642 224 1110 76 1813 167
leaf_count=1053 282 80 41 362 40 796 1463 56 2144 703 731 177 8826 5371 2805 1459 219 150 113 54 71 4182 94 60 5642 224 1110 76 1813 167
internal_value=-0.000253775 0.0332085 0.244907 -0.0360566 -0.0221332 -0.256385 0.181391 0.43772 -0.0118364 0.0119621 -0.210848 -0.522862 -0.0278992 0.0214053 0.0199512 0.0813785 -0.00336456 0.0047895 -0.274126 -0.0665512 -0.00243647 0.00107303 0.486008 0.566739 0.0339064 0.0667616 0.0823886 0.0359716 0.0506706 -0.0224092
internal_weight=40364 20864 1902 19500 18342 1158 1861 398 17394 18962 948 217 15250 6424 18259 5023 13236 12850 386 273 12700 12629 174 342 8447 4849 4625 3515 3439 1980
internal_count=40364 20864 1902 19500 18342 1158 1861 398 17394 18962 948 217 15250 6424 18259 5023 13236 12850 386 273 12700 12629 174 342 8447 4849 4625 3515 3439 1980
is_linear=0
shrinkage=0.03


Tree=164
num_leaves=31
num_cat=0
split_feature=6 28 11 7 6 28 28 4 5 4 4 28 34 22 38 41 5 17 16 15 4 14 40 1 27 10 0 40 15 37
split_gain=51649.2 101240 362284 68078.5 47316.1 47841.2 39888.5 37195.6 36646.5 43172.8 32623.5 36839.5 32914.1 31412 37110.7 31964.2 28034.4 33119.3 27794.1 35821.4 27660 46874.2 26903.5 26550.9 43749.4 34993 44547.1 34334.7 28574.4 26446.9
threshold=9.6625550660792978 31164.625000000004 320.88000000000005 6.3767361111111134 30.328193832599123 25782.687500000004 44650.511250000003 164.50000000000003 61418.750000000007 22.500000000000004 50.500000000000007 42214.688906250005 129.21500000000003 1.0000000180025095e-35 -92.584999999999994 6407.244166763624 36766.687500000007 13707.759315000001 1382.2019498210416 4.0881250000000007 172.50000000000003 306.51000000000005 22.486250000000002 3.5000000000000004 41842.812500000007 427.30000000000007 5.5000000000000009 27.510000000000002 36.013958333333342 13.165000000000004
decision_type=2 8 10 2 2 10 8 2 2 2 2 10 10 2 8 10 2 8 10 10 2 10 10 2 10 10 2 10 10 10
left_child=1 2 -1 4 7 -6 8 18 13 -10 -11 -12 -13 14 -3 -16 17 -5 -2 -20 21 -9 -8 25 29 27 -27 28 -22 -25
right_child=3 6 -4 16 5 -7 22 20 9 10 11 12 -14 -15 15 -17 -18 -19 19 -21 23 -23 -24 24 -26 26 -28 -29 -30 -31
leaf_value=0.17961781382877454 -0.017523274627642117 0.93340323443923667 2.649036237716675 -0.054321455750900964 1.2112239789962769 0.19337638662504902 -0.019031957855502511 0.12437039407784208 0.56494323647741607 -0.098405512484561267 0.080820247120436187 0.039697333500512598 0.4912856061655283 -0.3527264376122865 0.019241585427792422 0.47655864112548058 -0.080514499901575096 -0.51982000356093128 0.39202870839991821 -0.1798604970614793 -0.1933063562812356 0.89181260570883747 -0.74749742089406301 -0.039232950501569622 0.17120102297282713 -0.48930087260901922 0.50017051420909797 -0.30266937422667101 0.073807662891617692 -0.24856167708892588
leaf_weight=493 4738 41 59 259 44 555 5663 690 231 434 1074 205 499 185 3615 142 7490 293 103 1914 384 79 45 3727 802 47 284 248 5659 635
leaf_count=493 4738 41 59 259 44 555 5663 690 231 434 1074 205 499 185 3615 142 7490 293 103 1914 384 79 45 3727 802 47 284 248 5659 635
internal_value=0.000700033 0.0509006 0.447872 -0.0220853 0.00767239 0.270037 0.0328061 -0.000479781 0.0840647 0.175517 0.134612 0.191513 0.360029 0.0279421 0.0465724 0.0366486 -0.095746 -0.3019 -0.0572387 -0.150477 0.0300605 0.204266 -0.0249049 0.0186778 -0.0323081 0.0584366 0.358621 0.042588 0.0568048 -0.0697561
internal_weight=40637 12686 552 27951 19909 599 12134 19310 6426 2443 2212 1778 704 3983 3798 3757 8042 552 6755 2017 12555 769 5708 11786 5164 6622 331 6291 6043 4362
internal_count=40637 12686 552 27951 19909 599 12134 19310 6426 2443 2212 1778 704 3983 3798 3757 8042 552 6755 2017 12555 769 5708 11786 5164 6622 331 6291 6043 4362
is_linear=0
shrinkage=0.03


Tree=165
num_leaves=31
num_cat=0
split_feature=32 6 13 6 28 8 4 28 5 28 2 23 24 14 2 7 12 41 29 6 29 12 12 16 10 29 15 14 4 29
split_gain=54741.3 230548 48473.7 46503.4 47691.9 44988.2 45777.1 54472.8 47691 48176.4 39876.9 37306.1 36546.3 34682.8 36887.1 34617.3 34587.3 33346.4 32064.3 31137.6 41819.2 32263.2 50166.8 30876.2 29491.9 34149 29032.8 28725.9 26470.7 30312.6
threshold=225.00500000000002 0.39295154185022024 66.905000000000015 30.328193832599123 24814.437500000004 604.07500000000016 348.50000000000006 52354.935156250009 36000.812500000007 34367.756562500006 9.5000000000000018 4.5000000000000009 92.258750000000006 44.935000000000009 2.5000000000000004 7.4392361111111134 84.866770833333348 13259.921016334762 -15.628749999999998 6.650881057268724 233.69125000000003 284.98812500000003 343.15729166666671 13234.436127372914 396.59500000000008 216.15625000000003 458.07729166666678 161.15500000000003 2.5000000000000004 54.978749999999998
decision_type=10 2 10 2 10 2 2 10 2 8 2 2 10 10 2 2 10 10 10 2 10 10 10 10 10 10 10 10 2 10
left_child=3 -2 10 5 -5 6 8 -8 12 13 -3 -7 -1 -10 -15 16 -14 23 -13 20 -4 -21 -23 24 25 28 -18 -19 29 -11
right_child=1 2 19 4 -6 11 7 -9 9 17 -12 18 15 14 -16 -17 26 27 -20 21 -22 22 -24 -25 -26 -27 -28 -29 -30 -31
leaf_value=-0.049438682442252413 2.0536186843578306 0.26017328055754102 -0.015122755066237666 1.1988149044730445 0.17484303234489634 -0.066785689079716062 -0.2591808922433711 0.20896610819099182 -0.22747027982646204 -0.13398069102717333 1.4194866547473641 -1.0457307676422707 -0.8129535933715456 0.85988380132537134 0.093170688943981547 -1.1418934747067893 -0.11172040646503381 0.39679168715710394 -0.27287635818306705 0.066928670709531943 0.46500318960907555 -0.73188804982768163 0.030297214137795174 -0.21981272336448734 0.47748946198097436 -0.22929509902308004 -0.9026329755584398 0.012972560679310395 0.00036722430598558879 -1.0559325004707683
leaf_weight=2045 55 72 329 43 599 1659 1165 276 304 120 42 52 84 56 6329 40 590 338 571 756 323 134 183 623 112 612 44 364 22608 43
leaf_count=2045 55 72 329 43 599 1659 1165 276 304 120 42 52 84 56 6329 40 590 338 571 756 323 134 183 623 112 612 44 364 22608 43
internal_value=-0.000101052 0.157329 0.0995304 -0.00781422 0.245185 -0.012091 -0.00384625 -0.169432 0.00311259 0.0136629 0.695918 -0.141206 -0.115448 0.0851129 0.100029 -0.293233 -0.244432 -0.00559556 -0.338957 0.0597366 0.223079 -0.0396324 -0.293177 -0.0115318 -0.00599982 -0.00833596 -0.167945 0.198076 -0.00238759 -0.382151
internal_weight=40571 1894 1839 38677 642 38035 35753 1441 34312 31509 114 2282 2803 6689 6385 758 718 24820 623 1725 652 1073 317 24118 23495 23383 634 702 22771 163
internal_count=40571 1894 1839 38677 642 38035 35753 1441 34312 31509 114 2282 2803 6689 6385 758 718 24820 623 1725 652 1073 317 24118 23495 23383 634 702 22771 163
is_linear=0
shrinkage=0.03


Tree=166
num_leaves=31
num_cat=0
split_feature=32 6 6 17 7 25 5 5 7 14 22 4 15 30 18 4 26 14 14 15 25 41 4 5 21 18 41 11 15 25
split_gain=51498.9 215830 47743.5 39537.7 44698 37547.1 41408.5 35912.5 47492.3 55365.9 36034.3 34702 31269.7 31259.8 30606.9 47682.1 29102.6 28146.8 37069.2 45393.3 34841.9 26516.2 25877 25570.6 25019.7 24810.4 24220.8 23226.9 22540 27893.4
threshold=225.00500000000002 0.39295154185022024 31.152202643171815 1359.6251450000002 4.8281250000000018 182.91250000000005 56831.250000000007 54656.250000000007 8.6232638888888911 184.99500000000003 1.0000000180025095e-35 188.50000000000003 157.86203125000003 211.73500000000004 1.0000000180025095e-35 278.50000000000006 39567.03375000001 528.94500000000005 469.85000000000008 373.12250000000006 443.54708333333343 21381.752048394348 270.50000000000006 37581.250000000007 1.0000000180025095e-35 1.5000000000000002 -14628.962492295686 192.92750000000004 4.0881250000000007 2.5441666666666669
decision_type=10 2 2 10 2 10 2 2 2 10 2 2 10 10 2 2 8 10 10 10 10 10 2 2 2 2 10 10 10 10
left_child=2 -2 3 4 21 14 12 8 10 -10 17 28 -7 16 15 -3 24 18 23 -20 22 -1 -19 26 -9 -8 -6 -11 -5 -30
right_child=1 5 -4 11 7 6 25 13 9 27 -12 -13 -14 -15 -16 -17 -18 20 19 -21 -22 -23 -24 -25 -26 -27 -28 -29 29 -31
leaf_value=0.051230226052209026 2.0074824963374573 0.21194506466388702 0.29053677429669755 0.17835795513130723 -0.2096643866629784 -0.90842841071279157 0.11799805205365581 0.18323105973501999 -0.13640573788247584 -1.014172470382954 -0.3925499271675944 0.0040687160008417173 -0.092959904001082977 -0.17841961240348833 0.16683485053005542 1.4843827293900882 0.031101153886070317 0.89306542291444668 0.083424819845419662 -0.8867793731255964 0.024144004544061928 0.73034566635336473 -0.0025656352781279141 -0.0023398363665996873 0.89739683207045207 0.67965124672302946 -0.002614252664155995 -0.35520218712003793 -0.91772260678665984 -0.13989755534174494
leaf_weight=10813 54 56 484 199 1158 45 889 755 1341 94 239 2934 534 553 164 50 5181 93 77 98 261 51 42 9494 46 76 906 101 41 3710
leaf_count=10813 54 56 484 199 1158 45 889 755 1341 94 239 2934 534 553 164 50 5181 93 77 98 261 51 42 9494 46 76 906 101 41 3710
internal_value=0.00219097 0.155995 -0.00524234 -0.00899869 0.00531717 0.0998029 0.0426085 -0.0208186 -0.0480802 -0.205357 -0.0285327 -0.0740873 -0.157795 0.0371821 0.425506 0.820415 0.0571396 -0.0213281 -0.0297318 -0.461841 0.227112 0.0544852 0.616455 -0.0231498 0.225312 0.16289 -0.118824 -0.676413 -0.132127 -0.148642
internal_weight=40539 1868 38671 38187 31303 1814 1544 20439 13904 1536 12368 6884 579 6535 270 106 5982 12129 11733 175 396 10864 135 11558 801 965 2064 195 3950 3751
internal_count=40539 1868 38671 38187 31303 1814 1544 20439 13904 1536 12368 6884 579 6535 270 106 5982 12129 11733 175 396 10864 135 11558 801 965 2064 195 3950 3751
is_linear=0
shrinkage=0.03


Tree=167
num_leaves=31
num_cat=0
split_feature=0 28 14 4 38 6 24 28 38 10 25 21 23 13 25 28 15 12 4 4 28 13 1 10 6 23 0 4 11 1
split_gain=45296.3 42610.4 38977.7 38211.8 34977.8 35244.1 65596.8 41899.2 35429.1 31241 29866.7 29091.2 27190 42668.6 67719.5 55397.3 26511.6 25967.2 25594 28320.6 28694.2 25488.6 26621.3 26485.4 25204.4 25142.8 39597.2 24553.1 24507.3 23907.5
threshold=15.500000000000002 25782.687500000004 96.010000000000005 2.5000000000000004 -13.199999999999998 5.5458149779735697 465.20500000000004 34271.375000000007 100.01500000000001 396.59500000000008 458.07729166666678 1.0000000180025095e-35 1.5000000000000002 351.34500000000008 343.15729166666671 23250.062500000004 6.7772916666666676 343.15729166666671 258.50000000000006 263.50000000000006 39217.355156250007 293.64000000000004 5.5000000000000009 79.158750000000012 13.28876651982379 4.5000000000000009 3.5000000000000004 126.50000000000001 173.24500000000003 4.5000000000000009
decision_type=2 8 10 2 8 2 10 10 8 10 10 2 2 10 10 10 10 10 2 2 10 10 2 10 2 2 2 2 10 2
left_child=2 -2 -1 -4 18 6 -6 12 9 11 21 16 -7 14 25 17 27 -16 -5 -20 29 22 -3 -24 -10 -14 -27 -9 -28 -21
right_child=1 10 3 4 5 7 -8 8 24 -11 -12 -13 13 -15 15 -17 -18 -19 19 20 -22 -23 23 -25 -26 26 28 -29 -30 -31
leaf_value=-0.0840112782879604 0.30845796200346809 0.015224407610478687 -0.82943866224288931 0.12609775943609991 0.052746351557546901 0.10049101908751362 1.0716057803713042 0.9196528359081434 -0.29446505765082859 -0.86731870651245113 -0.68327499001931691 0.32261446969912333 0.15279761469829828 0.58395945068899091 -0.40600944146877382 -0.80414047074444739 -0.08052713271675023 0.65573053876204146 -0.42337536065250025 0.29762417825363063 -0.10577886462778835 0.46874410052412591 -0.032735285698975387 0.21274295609005195 -1.1031035301743484 0.2316851406008005 -0.080896680213732294 -0.011842949162397918 -0.43925978831047641 -0.16911986024666378
leaf_weight=6853 530 10964 49 2958 2936 2415 57 45 236 43 51 169 569 90 40 187 7680 41 146 403 728 121 569 1295 40 249 504 57 260 130
leaf_count=6853 530 10964 49 2958 2936 2415 57 45 236 43 51 169 569 90 40 187 7680 41 146 403 728 121 569 1295 40 249 504 57 260 130
internal_value=0.000272089 0.0450402 -0.0222585 -0.00112959 0.000942901 -0.0200408 0.0725014 -0.0419837 -0.08164 -0.0700725 0.034278 -0.0656523 0.0333239 -0.0502975 -0.0814521 -0.521502 -0.0741246 0.132857 0.07601 -0.0293065 0.0166186 0.0371566 0.0330494 0.137832 -0.415218 -0.00662268 -0.0962311 0.40405 -0.203267 0.183681
internal_weight=40415 13530 26885 20032 19983 15618 2993 12625 8270 7994 13000 7951 4355 1940 1850 268 7782 81 4365 1407 1261 12949 12828 1864 276 1582 1013 102 764 533
internal_count=40415 13530 26885 20032 19983 15618 2993 12625 8270 7994 13000 7951 4355 1940 1850 268 7782 81 4365 1407 1261 12949 12828 1864 276 1582 1013 102 764 533
is_linear=0
shrinkage=0.03


Tree=168
num_leaves=31
num_cat=0
split_feature=5 26 7 5 0 14 41 4 8 39 5 14 32 10 25 15 24 31 25 25 9 6 8 5 41 6 27 15 16 30
split_gain=52966.8 434264 48994.2 37598 35427.8 46122.2 58692.4 40266.8 39626.7 54340.3 58505.7 45346.3 34615.2 34325.9 29197.5 29073.7 28818 27969.1 24725.2 24095 23587.5 23324 25558.3 22924.6 28840.1 22595.3 22494.9 22420.9 22254 21516.4
threshold=68762.500000000015 34694.500000000007 7.4739583333333348 41305.187500000007 15.500000000000002 75.593750000000014 -13718.610758391984 2.5000000000000004 222.46875000000003 -73.694999999999979 35812.625000000007 166.64500000000001 130.00500000000002 278.64500000000004 159.83239583333338 258.53812500000009 91.72375000000001 262.41000000000003 211.05937500000005 153.23479166666669 79.750000000000014 30.328193832599123 571.33125000000007 44602.875000000007 -9665.5854711850916 19.54118942731278 27049.395833333336 194.71916666666669 7606.8362213053178 174.89500000000001
decision_type=2 10 2 2 2 10 8 2 2 8 2 10 10 10 10 10 10 10 10 10 10 2 2 2 8 2 10 10 10 8
left_child=2 -2 4 12 5 6 -1 -7 9 10 16 20 -4 17 15 19 -9 28 -15 26 -12 22 -20 24 -10 -11 -5 -16 -6 -28
right_child=1 -3 3 14 13 7 -8 8 23 25 11 -13 -14 18 27 -17 -18 -19 21 -21 -22 -23 -24 -25 -26 -27 29 -29 -30 -31
leaf_value=-0.98600877000018949 3.1524875141360931 0.07830678435846386 -0.21768256365323549 0.49016244598056957 0.05152022242307195 -0.94086362722443373 -0.11589132671610071 0.046769740805944052 0.078771303645839355 -0.0110955146005775 0.19539453544487961 0.53782539127660645 -0.89133807669212295 0.67340779312849042 -0.49922409526067757 0.72730024520556125 -0.46170806272893117 -0.31614873451083453 0.18535227020528039 0.46193479765513362 -0.54021500424868085 0.86075366667338782 -0.45531771106798141 -0.032002523337720939 -0.25010529885478205 0.12179041598009295 -0.048090719710869749 -0.13746464874670769 -0.19094978186614076 -0.61070755215748518
leaf_weight=71 41 2703 648 68 8457 40 2280 325 313 9740 936 419 76 99 198 44 144 200 695 84 40 41 60 4654 1022 1305 4663 691 354 61
leaf_count=71 41 2703 648 68 8457 40 2280 325 313 9740 936 419 76 99 198 44 144 200 695 84 40 41 60 4654 1022 1305 4663 691 354 61
internal_value=-0.00186157 0.125372 -0.0111185 -0.0858165 0.00452736 -0.017281 -0.142577 -0.00171984 0.000317657 0.0299069 0.17969 0.277094 -0.28953 0.0513928 -0.0603814 -0.0317709 -0.110002 0.03378 0.228486 -0.0387684 0.164725 0.172374 0.133903 -0.063455 -0.172997 0.00461496 -0.0476398 -0.218507 0.0417579 -0.0554834
internal_weight=40472 2744 37728 6533 31195 21289 2351 18938 18898 12909 1864 1395 724 9906 5809 4920 469 9011 895 4876 976 796 755 5989 1335 11045 4792 889 8811 4724
internal_count=40472 2744 37728 6533 31195 21289 2351 18938 18898 12909 1864 1395 724 9906 5809 4920 469 9011 895 4876 976 796 755 5989 1335 11045 4792 889 8811 4724
is_linear=0
shrinkage=0.03


Tree=169
num_leaves=31
num_cat=0
split_feature=6 27 7 0 27 39 27 40 11 15 29 27 28 12 18 12 28 28 27 2 27 1 6 29 11 38 23 7 26 15
split_gain=45445.1 280494 46393.5 35180.9 30710.2 30284.7 32020.6 29361.3 33114.9 30194.8 26838.5 35048 26710.1 43352.1 25694.1 45521.6 24567 23488.6 40647.4 36809 25027.1 35726 23661.5 29933.9 23222.2 26306.3 22676.6 22116.1 21492.2 28240.9
threshold=5.6696035242290757 30324.104166666672 4.4739583333333348 15.500000000000002 35563.935156250001 -27.749999999999993 45776.812500000007 5.4599999999999982 570.0150000000001 477.00062500000007 -15.628749999999998 38957.687500000007 25936.687500000004 458.07729166666678 1.5000000000000002 277.52729166666671 26366.375000000004 26142.937500000004 26213.354166666668 8.5000000000000018 27796.583333333336 3.5000000000000004 17.195374449339212 257.12000000000006 465.51500000000004 273.19500000000005 5.5000000000000009 7.6927083333333348 41111.750000000007 117.42604166666668
decision_type=2 8 2 2 10 8 10 8 10 10 10 10 10 10 2 10 10 10 10 2 10 2 2 10 10 10 2 2 10 10
left_child=1 -1 4 7 26 6 -3 8 14 16 11 -6 24 -14 17 -16 -9 22 19 -19 21 -20 23 -4 25 -5 -2 -22 29 -12
right_child=2 5 3 12 10 -7 -8 9 -10 -11 28 -13 13 -15 15 -17 -18 18 20 -21 27 -23 -24 -25 -26 -27 -28 -29 -30 -31
leaf_value=2.3391245132078398 0.1503104820052534 0.41094518385763934 0.2115632197220583 0.22821122570995991 0.01990853699662213 0.024600692571672102 0.070906749548548156 0.1437508233860135 0.72106448534131051 -0.7745569661974907 -0.0043227857868396351 -1.1448896273119109 0.003185829830737149 -0.94078548409044738 -0.1187154305833677 -0.84739113664627075 -0.20660891941298956 -0.11615000496728946 0.055572818636528555 -1.2414797812168943 -0.018903606985791577 0.93496091262038261 -0.038153236806392668 1.0699168632103473 -0.019996535878432423 0.89590760532665892 -0.043286109094855169 -0.12015936831229293 0.078850500659788159 -0.25404570397306114
leaf_weight=48 2808 409 147 192 52 4399 637 209 49 74 3638 41 9003 43 2204 79 1275 58 162 47 8167 55 197 48 189 73 675 2546 2533 458
leaf_count=48 2808 409 147 192 52 4399 637 209 49 74 3638 41 9003 43 2204 79 1275 58 162 47 8167 55 197 48 189 73 675 2546 2533 458
internal_value=-0.000753245 0.079466 -0.0133371 -0.0354785 0.0405056 0.0591203 0.204132 -0.0636074 -0.0496222 -0.187003 0.00304021 -0.500321 0.00987614 -0.00140481 -0.052429 -0.14429 -0.157202 -0.034065 -0.0421782 -0.626829 -0.0365048 0.281726 0.19385 0.427231 0.23416 0.414819 0.11279 -0.0429765 0.0101764 -0.0323011
internal_weight=40515 5493 35022 24817 10205 5445 1046 15317 13759 1558 6722 93 9500 9046 13710 2283 1484 11427 11035 105 10930 217 392 195 454 265 3483 10713 6629 4096
internal_count=40515 5493 35022 24817 10205 5445 1046 15317 13759 1558 6722 93 9500 9046 13710 2283 1484 11427 11035 105 10930 217 392 195 454 265 3483 10713 6629 4096
is_linear=0
shrinkage=0.03


Tree=170
num_leaves=31
num_cat=0
split_feature=7 5 28 25 27 4 27 6 4 29 27 10 27 2 4 32 4 39 5 39 27 15 32 25 34 32 40 28 38 41
split_gain=41456.9 33139.8 36674.7 64155.9 37177.6 39036.1 37595 42484.2 33347 36090.7 29578.5 37227.9 33767.2 46520.8 31947.1 28330.5 29841.8 28381.7 28009.9 47103.4 69038.7 35795.6 39860.9 34409.1 34165.2 31718.4 24352.8 38301.2 24342.9 25244.4
threshold=4.5572916666666687 37581.250000000007 25936.687500000004 458.07729166666678 26213.354166666668 259.50000000000006 27049.395833333336 14.083920704845818 267.50000000000006 162.86250000000004 37123.323072916675 -2.4362499999999998 37826.770833333343 8.5000000000000018 267.50000000000006 359.87500000000006 68.500000000000014 3.100000000000009 54962.937500000007 -41.534999999999989 45602.153645833336 167.20895833333336 7.285000000000001 201.39890625000001 120.66500000000001 147.62500000000003 -94.454999999999998 35091.328906250004 18.412500000000001 21381.752048394348
decision_type=2 2 8 10 8 2 8 2 2 10 8 8 10 2 2 10 2 10 2 8 10 10 8 10 10 10 8 10 10 10
left_child=10 8 -3 4 5 -4 7 -6 -2 -10 -1 -12 13 -13 -15 17 -17 18 21 20 24 23 -23 25 -20 -8 -24 -28 29 -14
right_child=1 2 3 -5 6 -7 15 -9 9 -11 11 12 28 14 -16 16 -18 -19 19 -21 -22 22 26 -25 -26 -27 27 -29 -30 -31
leaf_value=0.098853392090527598 -0.084615875302438526 0.18011172514724078 -0.043131765050765797 -0.73798495219754323 1.0505681975483894 -0.86134547149296847 -0.035113811938617012 0.12723496993879477 -0.28464069380214618 -1.2240127282483235 -0.7735580692900853 -0.024527910472961458 0.045976015679232991 -0.98606296384191883 -0.21299477136813769 0.98306985057317298 -0.058788162618875504 -0.37837392763545119 0.09927918446128782 -0.013613403842376366 -0.015348898974519401 -0.85239654598236081 0.32710600454961097 -0.68025819476616256 0.47373928333620391 0.14622543330243368 -0.061672710082574009 -0.39190940102702004 -0.10109970993137851 0.79291956664585472
leaf_weight=4757 2388 838 116 111 59 95 12664 179 309 41 54 409 6113 93 100 51 47 197 344 6228 1036 74 92 71 607 931 927 479 1119 40
leaf_count=4757 2388 838 116 111 59 95 12664 179 309 41 54 409 6113 93 100 51 47 197 344 6228 1036 74 92 71 607 931 927 479 1119 40
internal_value=-0.00523884 -0.0256932 -0.0148988 -0.0216288 -0.0183123 -0.413847 -0.0148157 0.359566 -0.124788 -0.397855 0.0397222 0.00423393 0.00966559 -0.206068 -0.588672 -0.0185827 0.487857 -0.0207018 -0.0176814 0.0269681 0.154109 -0.0417528 -0.177278 -0.0261515 0.338534 -0.0226857 -0.143381 -0.174377 0.0275506 0.0509599
internal_weight=40569 27884 25146 24308 24197 211 23986 238 2738 350 12685 7928 7874 602 193 23748 98 23650 23453 8215 1987 15238 1572 13666 951 13595 1498 1406 7272 6153
internal_count=40569 27884 25146 24308 24197 211 23986 238 2738 350 12685 7928 7874 602 193 23748 98 23650 23453 8215 1987 15238 1572 13666 951 13595 1498 1406 7272 6153
is_linear=0
shrinkage=0.03


Tree=171
num_leaves=31
num_cat=0
split_feature=8 28 5 7 5 40 14 4 25 4 7 38 13 15 15 4 27 38 14 38 41 12 4 13 5 36 16 40 5 25
split_gain=45794 57728.3 363420 37475.7 37008.3 35490.4 32214.9 32837.6 85127 59549.5 44894.1 43090.4 31470.1 31055.5 30253 32888 26996.8 25295.4 25199.8 31289.3 24974.7 24480.4 23877.3 28317.8 23823.4 26765 25387.8 23616.6 22431.8 21593.7
threshold=519.89375000000007 31164.625000000004 62500.625000000007 4.7135416666666687 38156.250000000007 11.089999999999987 52.095000000000006 272.50000000000006 174.64854166666666 269.50000000000006 5.0434027777777795 177.93500000000003 298.67500000000001 157.86203125000003 477.00062500000007 242.50000000000003 28789.270833333336 73.275000000000006 459.26000000000005 75.175000000000011 13654.425545070624 458.07729166666678 170.50000000000003 225.04500000000004 34554.750000000007 -6.7799999999999967 13022.046970762634 -110.17124999999999 44005.562500000007 261.19083333333339
decision_type=2 8 2 2 2 10 10 2 10 2 2 10 10 10 10 2 10 10 10 10 10 10 2 8 2 10 10 8 2 10
left_child=1 2 4 22 14 20 -6 9 13 -8 29 16 17 28 18 -16 -12 -7 19 -1 21 24 23 -3 25 -5 27 -26 -9 -10
right_child=-2 3 -4 5 6 12 7 8 10 -11 11 -13 -14 -15 15 -17 -18 -19 -20 -21 -22 -23 -24 -25 26 -27 -28 -29 -30 -31
leaf_value=-0.014083621653203827 -0.092519742893597087 -0.019340645221884872 2.8854579933200566 -0.053178294425493516 -0.39545265803638008 -0.16821616689850974 0.18001542339192539 0.059900591140051918 0.54434354786894157 1.2059036177969895 -0.80682208492838103 -1.4274875687469135 0.50836657547109876 -0.10485408920718699 -0.026300054695457219 -1.1552478656561478 -0.1269737657846676 -0.56865766739845269 0.27368053426061356 -0.51219261746274092 0.22227600304988596 -0.65434783419695774 0.083072802448749206 0.67853346158873351 0.25022553148156118 -0.44418526663350671 -0.18302028224926717 -0.01178208789609767 0.49209614128583951 -0.18521844406213078
leaf_weight=713 4226 4138 41 436 102 680 2552 165 55 51 86 43 51 195 47 45 134 179 209 134 382 54 5917 52 314 246 770 18136 314 104
leaf_count=713 4226 4138 41 436 102 680 2552 165 55 51 86 43 51 195 47 45 134 179 209 134 382 54 5917 52 314 246 770 18136 314 104
internal_value=0.000938872 0.011808 0.106573 -0.0032763 0.0829728 -0.0258962 0.12805 0.142589 0.00482521 0.200571 -0.328863 -0.568729 -0.209087 0.213929 -0.0662599 -0.584987 -0.395181 -0.252225 -0.020557 -0.0933982 -0.0176896 -0.022294 0.0442754 -0.0105198 -0.0205462 -0.19466 -0.0143582 -0.00730967 0.343654 0.0689706
internal_weight=40571 36345 4990 31355 4949 21248 3801 3699 1096 2603 422 263 910 674 1148 92 220 859 1056 847 20338 19956 10107 4190 19902 682 19220 18450 479 159
internal_count=40571 36345 4990 31355 4949 21248 3801 3699 1096 2603 422 263 910 674 1148 92 220 859 1056 847 20338 19956 10107 4190 19902 682 19220 18450 479 159
is_linear=0
shrinkage=0.03


Tree=172
num_leaves=31
num_cat=0
split_feature=5 28 5 7 14 39 14 25 16 34 25 4 23 33 4 5 13 5 13 25 4 25 29 4 28 7 10 13 4 15
split_gain=44548.3 84407.9 374413 46561.5 42663.4 37215.5 29822.9 28535 27807 29729.4 29358.6 33180.5 28798.4 25546.8 30033.9 40110.7 38877 36544.8 36133.1 51492.2 48032.5 38749.2 36489.6 44374.4 30881.7 25503.8 25111.9 24869.2 40628.3 38644.1
threshold=48006.250000000007 34449.562500000007 65412.500000000007 8.2864583333333375 215.80500000000004 -58.029999999999987 79.665000000000006 12.43125 6358.5057919720302 182.59000000000003 36.776875000000011 348.50000000000006 2.5000000000000004 126.03250000000001 50.500000000000007 55705.625000000007 107.67500000000003 67650.562500000015 61.10625000000001 150.27250000000004 68.500000000000014 174.64854166666666 244.09375000000003 331.50000000000006 42845.000000000007 4.7725694444444455 -7.7899999999999991 378.59000000000009 239.50000000000003 167.20895833333336
decision_type=2 8 2 2 10 10 10 10 10 8 8 2 2 10 2 2 10 2 10 10 2 10 10 2 10 2 10 10 2 10
left_child=3 2 5 6 -5 -2 26 -8 10 -10 12 13 -3 -12 15 -15 -17 18 19 -16 21 -20 -22 -24 -23 -7 -1 29 -29 -9
right_child=1 8 -4 4 -6 25 7 27 9 -11 11 -13 -14 14 17 16 -18 -19 20 -21 22 24 23 -25 -26 -27 -28 28 -30 -31
leaf_value=-0.70358053830407907 0.31257154251658803 -0.0030626823792623383 2.8937374687592188 -0.15676781013399699 -0.77424451433323516 0.20616108168288239 0.25687209043692755 0.0044878260874587211 -0.07501019463326776 -0.79377871243458864 -0.024386846012882307 -0.15254307095378805 0.30618963550483586 -0.43251303433130184 0.14271446121367731 0.16539105375140609 -0.086044226610960686 0.32207885157213612 0.057888810228916905 0.80136175950704991 -0.0019843872900299586 0.3710129849188375 -0.65547588539905233 0.06108812680604922 1.2239982355328707 -0.008998742234776206 -0.097710925200204801 0.52441456173474976 -0.29480728923128202 -0.12305574176641249
leaf_weight=62 784 487 44 1099 110 787 363 12868 2300 52 5963 1070 610 197 1138 908 1414 612 309 117 1766 150 182 135 51 1337 2777 181 77 2563
leaf_count=62 784 487 44 1099 110 787 363 12868 2300 52 5963 1070 610 197 1138 908 1414 612 309 117 1766 150 182 135 51 1337 2777 181 77 2563
internal_value=-0.00142907 0.0297867 0.178124 -0.0331309 -0.213542 0.136055 -0.0215741 -0.00571925 0.00469962 -0.0912319 0.0196382 0.00793165 0.169023 0.0212099 0.0601666 -0.0226388 0.0123065 0.10693 0.0726366 0.204707 0.00866071 0.269308 -0.0552546 -0.351082 0.59243 0.0707833 -0.111185 -0.0118109 0.279724 -0.016703
internal_weight=40513 20413 2952 20100 1209 2908 18891 16052 17461 2352 15109 14012 1097 12942 6979 2519 2322 4460 3848 1255 2593 510 2083 317 201 2124 2839 15689 258 15431
internal_count=40513 20413 2952 20100 1209 2908 18891 16052 17461 2352 15109 14012 1097 12942 6979 2519 2322 4460 3848 1255 2593 510 2083 317 201 2124 2839 15689 258 15431
is_linear=0
shrinkage=0.03


Tree=173
num_leaves=31
num_cat=0
split_feature=8 6 28 5 27 1 37 28 5 39 14 16 5 27 39 12 38 14 25 14 25 7 16 34 13 6 1 25 5 28
split_gain=47749.6 54736.6 42703.4 40392.3 156581 37553.4 32870.7 32169.6 40067.3 36451.3 30516.4 29015.4 35680.9 40848.1 42435.1 35183.7 34794.1 29408.3 38945.3 35596.4 30616.4 31969.6 28031.8 27532.4 26777.9 26641.8 23690.5 22414.4 22057 22477.2
threshold=382.25625000000008 21.931718061674015 25180.312500000004 71712.500000000015 38957.687500000007 3.5000000000000004 111.355 34045.45203125001 48206.250000000007 -55.144999999999996 79.665000000000006 2901.8244439513869 54810.625000000007 46404.236614583344 -26.078749999999996 296.20833333333337 97.111250000000027 258.29125000000005 190.57583333333335 286.06000000000006 161.76687500000003 7.4392361111111134 1752.0717645926363 -6.8749999999999991 39.305000000000007 27.638325991189436 5.5000000000000009 56.840260416666673 48103.500000000007 26366.375000000004
decision_type=2 2 10 2 8 2 10 8 2 10 10 8 2 8 10 10 8 10 8 10 10 2 10 10 10 2 2 10 2 10
left_child=1 3 -3 6 -5 25 7 8 10 -10 -1 -9 15 14 -14 16 17 20 19 -19 -13 -22 23 -7 -4 -2 -16 -25 -29 -30
right_child=5 2 24 4 -6 22 -8 11 9 -11 -12 12 13 -15 26 -17 -18 18 -20 -21 21 -23 -24 27 -26 -27 -28 28 29 -31
leaf_value=-0.20088376894462492 -0.043634601055918529 0.58651891225002661 0.20267943624002194 1.9103982680765066 0.097026200572955579 -0.82646768746317401 -0.31883621806260198 0.050191850029562474 0.41094933560633112 0.091016350009237579 0.04506573101610245 -0.058123722480814467 0.20663815129007543 -0.073395096677939684 -0.018192899852242945 -0.81251624784971543 -0.50726078769168514 0.25015505426175272 -0.10728368397606046 1.1693892773756613 -0.16772849343868124 -0.78473205783787903 0.019043708932351508 -0.045959632201607856 -0.010005865531221554 0.17209540737075729 0.24251432438190518 -0.31757474141626846 0.48004939336525759 -0.15024600824481166
leaf_weight=519 3645 186 1278 43 1656 60 299 4446 480 963 3578 10202 1425 2880 2882 56 157 143 189 51 295 101 694 763 913 599 351 1128 56 478
leaf_count=519 3645 186 1278 43 1656 60 299 4446 480 963 3578 10202 1425 2880 2882 56 157 143 189 51 295 101 694 763 913 599 351 1128 56 478
internal_value=-0.00280141 0.0126237 0.151287 0.00188848 0.144018 -0.0715617 -0.00643813 -0.00317458 0.0617645 0.19765 0.0138679 -0.0186983 -0.035051 0.0154039 0.0703114 -0.0690255 -0.0652148 -0.058849 0.19908 0.496567 -0.0681882 -0.326676 -0.149509 -0.196571 0.114088 -0.013153 0.0101778 -0.180651 -0.242421 -0.0833739
internal_weight=40516 33093 2377 30716 1699 7423 29017 28718 5540 1443 4097 23178 18732 7538 4658 11194 11138 10981 383 194 10598 396 3179 2485 2191 4244 3233 2425 1662 534
internal_count=40516 33093 2377 30716 1699 7423 29017 28718 5540 1443 4097 23178 18732 7538 4658 11194 11138 10981 383 194 10598 396 3179 2485 2191 4244 3233 2425 1662 534
is_linear=0
shrinkage=0.03


Tree=174
num_leaves=31
num_cat=0
split_feature=7 6 24 28 6 4 14 5 5 28 37 33 28 1 38 5 27 15 15 13 28 4 5 39 4 16 28 27 5 39
split_gain=41508.2 55346.6 85448 39173.3 78166.1 34787.8 85224.8 48264.5 34779.3 32941.1 31586.9 26957.2 39167.1 26919.2 26765.9 27128.5 24916.5 23270.8 39391.1 35518.1 24644.6 22076.9 30801.4 25951.3 24948.4 22399.6 37943 23377.7 23956.2 49279.3
threshold=5.5329861111111134 10.483480176211454 465.20500000000004 37060.552500000013 2.6817180616740095 272.50000000000006 353.65125000000006 44005.562500000007 45804.250000000007 22538.562500000004 26.785 137.00125000000003 34045.45203125001 5.5000000000000009 29.065000000000005 54656.250000000007 38675.583593750001 167.20895833333336 197.65354166666671 52.750000000000007 35843.52656250001 325.50000000000006 74725.000000000015 -129.93749999999997 316.50000000000006 11628.521677765033 49771.227343750004 47486.791666666672 53952.562500000007 -46.066249999999997
decision_type=2 2 10 8 2 2 10 2 2 10 8 10 10 2 10 2 10 10 10 10 10 2 2 8 2 10 10 10 2 10
left_child=3 2 21 4 -1 -3 7 11 10 -10 -6 -7 -13 -12 -5 -16 -17 20 -19 -20 -9 23 -23 -2 25 27 -27 28 -25 -30
right_child=1 5 -4 14 8 6 -8 17 9 -11 13 12 -14 -15 15 16 -18 18 19 -21 -22 22 -24 24 -26 26 -28 -29 29 -31
leaf_value=1.374458474091121 0.51362264163219018 -0.046641523188432239 1.1272380088198752 0.013443917504252265 0.049701830886738727 -0.18976668482471357 -1.1810531202244432 0.17456975897148097 0.88179894523728974 0.14052408455088372 -0.057051332833604043 -0.20704690884135984 -0.86060562541029029 -0.54631431225636917 -0.28756312058792471 0.50154681800587753 -0.067433815506549824 -0.71014723278274217 0.71037720027565954 -0.20753423422636569 -0.088732625182123576 -0.10528097956063771 0.54664767454652219 -0.0093631655764466869 0.31150977360857451 -0.41295817847497729 0.1903694967573156 -0.06878308952054081 0.42873043850237391 0.072485023373496951
leaf_weight=41 103 8681 62 12239 3717 478 72 484 54 2960 321 162 169 147 546 73 1083 120 44 241 939 1606 67 1789 281 256 147 1377 424 1970
leaf_count=41 103 8681 62 12239 3717 478 72 484 54 2960 321 162 169 147 546 73 1083 120 44 241 939 1606 67 1789 281 256 147 1377 424 1970
internal_value=-0.00172269 -0.033338 0.0267034 0.0273419 0.0839503 -0.0759402 -0.169776 -0.141727 0.0764107 0.154093 0.0204411 -0.334506 -0.542324 -0.211567 -0.00206048 -0.113494 -0.0311009 -0.0562747 -0.256611 -0.0638333 0.000883192 0.0180561 -0.0788617 0.0436109 0.0357767 0.022733 -0.192959 0.0383987 0.0736899 0.135732
internal_weight=40653 19472 8082 21181 7240 11390 2709 2637 7199 3014 4185 809 331 468 13941 1702 1156 1828 405 285 1423 8020 1673 6347 6244 5963 403 5560 4183 2394
internal_count=40653 19472 8082 21181 7240 11390 2709 2637 7199 3014 4185 809 331 468 13941 1702 1156 1828 405 285 1423 8020 1673 6347 6244 5963 403 5560 4183 2394
is_linear=0
shrinkage=0.03


Tree=175
num_leaves=31
num_cat=0
split_feature=32 6 7 5 28 8 6 4 28 38 40 13 28 27 12 12 27 8 5 28 40 1 4 12 25 24 4 24 12 32
split_gain=53797.8 222602 38734.7 32723 39197.8 35837.4 29523.5 29351.7 41976.9 35801.1 34706.9 29031.7 31342.3 35871.5 53707.2 30256.3 32031.3 28942.2 28420.4 47639.7 37598.8 27213.6 26652.3 34659.5 29862.1 26582.1 27310.2 28266.9 32961.4 27202.6
threshold=228.62500000000003 0.39295154185022024 10.368055555555559 35812.625000000007 25782.687500000004 604.07500000000016 30.328193832599123 348.50000000000006 52354.935156250009 -10.324999999999994 -61.244999999999997 66.905000000000015 41960.066875000011 43159.333333333336 458.07729166666678 417.90270833333335 42740.770833333343 287.33125000000007 48602.062500000007 39046.516718750012 -24.474999999999998 2.5000000000000004 10.500000000000002 150.27250000000004 106.74000000000002 91.72375000000001 240.50000000000003 310.08500000000004 120.57864583333334 145.06500000000003
decision_type=10 2 2 2 8 2 2 2 10 8 10 10 10 10 10 10 10 2 2 8 10 2 2 10 8 10 2 10 10 10
left_child=2 -2 3 25 6 7 17 9 10 -6 -9 -3 -13 14 15 16 -14 -5 -11 20 -20 -19 23 24 -21 29 -27 28 -28 -1
right_child=1 11 -4 4 5 -7 -8 8 -10 18 -12 12 13 -15 -16 -17 -18 21 19 22 -22 -23 -24 -25 -26 26 27 -29 -30 -31
leaf_value=-0.063542635890026566 2.0249894130815353 0.61528028461210271 -0.20089459551690189 0.24971720281928103 0.077206068687983853 -0.11034000576526974 0.85372395528687373 0.32101953147245305 0.19994266301556066 -0.038979963611675689 -0.27260544520072949 -0.055869644012391223 0.13699317770790351 -0.0068019806689048074 -0.62146419882774351 1.2831738539439876 0.72366108530480411 0.18079803544234055 0.30845362091462314 0.22714704631279933 0.069844711758635381 -0.26591480534930939 -0.019526705527916782 0.70401945008430622 -0.24617124742460572 -0.11156041959202836 -0.82200128900167657 -1.2267733823671574 -0.080399912982544994 0.68266922724246981
leaf_weight=1922 55 93 892 787 6525 2441 53 97 274 10499 942 829 177 370 41 40 159 243 771 407 2587 246 9163 95 169 418 87 40 140 44
leaf_count=1922 55 93 892 787 6525 2441 53 97 274 10499 942 829 177 370 41 40 159 243 771 407 2587 246 9163 95 169 418 87 40 140 44
internal_value=0.00176287 0.16375 -0.00559779 -0.00100224 0.00663316 0.000377923 0.1664 0.00895302 -0.12985 0.0149886 -0.21693 0.102702 0.072841 0.208319 0.398754 0.511355 0.415936 0.137205 -0.00214989 0.0271625 0.124705 -0.0440127 -0.00615455 0.176209 0.0880882 -0.102634 -0.263432 -0.499889 -0.366985 -0.0465035
internal_weight=40606 1764 38842 37950 35299 33970 1329 31529 1313 30216 1039 1709 1616 787 417 376 336 1276 23691 13192 3358 489 9834 671 576 2651 685 267 227 1966
internal_count=40606 1764 38842 37950 35299 33970 1329 31529 1313 30216 1039 1709 1616 787 417 376 336 1276 23691 13192 3358 489 9834 671 576 2651 685 267 227 1966
is_linear=0
shrinkage=0.03


Tree=176
num_leaves=31
num_cat=0
split_feature=0 14 10 6 7 0 18 25 1 24 23 0 30 13 24 13 39 2 15 28 5 38 40 1 31 24 28 27 26 6
split_gain=41175.4 38105.5 57566.5 34258.6 29478.5 30906.5 52597.9 38753.2 38592.1 44140.5 36679.1 45468.1 36913.5 36290.6 40296.2 36110.4 34327.6 25817.8 28981 25741.6 32891.2 26910.1 26842.4 24950.5 27334.3 24708.9 24361.3 25033.5 24003.6 25341.9
threshold=15.500000000000002 75.593750000000014 -23.451249999999998 30.328193832599123 8.5642361111111143 2.5000000000000004 1.0000000180025095e-35 72.522083333333342 1.0000000180025095e-35 217.79500000000004 2.5000000000000004 4.5000000000000009 -0.074999999999999997 378.59000000000009 379.87500000000006 68.936250000000015 -119.15999999999998 4.5000000000000009 48.726458333333333 31402.937500000004 53952.562500000007 -27.314999999999998 39.923750000000005 5.5000000000000009 162.08500000000001 202.95250000000001 41163.937500000007 27796.583333333336 24882.500000000004 17.468502202643176
decision_type=2 10 8 2 2 2 2 10 2 10 2 2 10 10 10 10 10 2 10 10 2 10 10 2 10 10 10 10 10 2
left_child=1 2 -1 23 5 8 10 -8 9 -3 19 -12 -13 14 15 -9 -10 18 -6 20 22 -21 -7 -2 -25 -17 27 -19 -27 -30
right_child=3 4 -4 -5 17 6 7 13 16 -11 11 12 -14 -15 -16 25 -18 26 -20 21 -22 -23 -24 24 -26 28 -28 -29 29 -31
leaf_value=-1.136002263730886 0.014524000543542874 -0.060833165879006938 -0.10058786799820219 0.30184643632892905 0.39858487044851626 0.10215028549657465 -0.012162191104854409 -0.3371711653027763 0.75700114960471787 -0.88094422009937901 -0.19610767255319717 -0.19726739517659606 0.23046730392718881 0.68023633523928839 -0.96447329509056223 -0.037261660376153832 0.095108786537371925 0.10529867841303349 -0.096474458409725031 0.10095780954368593 0.59791361260730613 -0.049633899442791098 -0.40545549010581305 0.074233623033220814 0.35883265997108538 0.33840964123606682 -0.055735861624542034 -0.51840076909535837 -0.26300840431806916 -0.91044794567606657
leaf_weight=48 11285 451 3580 434 123 1310 2509 819 71 67 333 203 1667 43 58 1417 3494 69 750 1244 112 7511 100 1457 383 47 284 350 320 65
leaf_count=48 11285 451 3580 434 123 1310 2509 819 71 67 333 203 1667 43 58 1417 3494 69 750 1244 112 7511 100 1457 383 47 284 350 320 65
internal_value=-0.00274975 -0.0241403 -0.114596 0.0399149 -0.0101217 -0.00107725 -0.0181901 -0.0975733 0.073337 -0.168402 0.0153875 0.126441 0.183953 -0.174932 -0.188666 -0.171446 0.1085 -0.135384 -0.0263476 -0.00842821 0.105405 -0.0282272 0.065888 0.0312313 0.133636 -0.0978966 -0.270558 -0.415685 -0.296239 -0.374392
internal_weight=40604 27045 3628 13559 23417 21841 17758 5278 4083 518 12480 2203 1870 2769 2726 2668 3565 1576 873 10277 1522 8755 1410 13125 1840 1849 703 419 432 385
internal_count=40604 27045 3628 13559 23417 21841 17758 5278 4083 518 12480 2203 1870 2769 2726 2668 3565 1576 873 10277 1522 8755 1410 13125 1840 1849 703 419 432 385
is_linear=0
shrinkage=0.03


Tree=177
num_leaves=31
num_cat=0
split_feature=7 8 6 6 27 7 39 38 27 13 4 6 16 8 7 18 36 4 12 39 13 12 4 39 4 4 25 27 14 25
split_gain=39234.1 39138.1 41786.7 32098.6 258979 36034 31438.8 30155.1 29368.9 27695 26815.6 25860.6 24139.7 21694.6 31764.9 28381.1 32776 24504.9 31896.9 21353.9 20399.6 36759.7 18616.8 21868.2 20883.2 20783.1 20080.9 30162.2 18947.5 19246.8
threshold=10.565972222222223 454.14375000000007 23.761233480176212 5.9011013215859043 30507.770833333339 5.1753472222222241 -30.855 -121.27 45776.812500000007 345.17000000000002 357.50000000000006 31.152202643171815 2804.1512944801857 718.48750000000007 3.3211805555555562 1.5000000000000002 0.68750000000001432 257.50000000000006 203.73687500000003 -94.424999999999983 62.060000000000009 65.434947916666687 268.50000000000006 -58.029999999999987 281.50000000000006 259.50000000000006 138.40421875000001 37873.020833333336 488.71500000000009 282.46229166666677
decision_type=2 2 2 2 8 2 8 8 10 10 2 2 10 2 2 2 10 2 10 8 10 10 2 10 2 2 10 10 10 10
left_child=1 2 3 4 -1 12 8 -7 -6 -4 19 13 22 17 -15 -16 -17 -3 -19 -9 21 -12 25 24 -24 -5 27 -27 29 -25
right_child=-2 11 9 5 6 7 -8 10 -10 -11 20 -13 -14 14 15 16 -18 18 -20 -21 -22 -23 23 28 -26 26 -28 -29 -30 -31
leaf_value=1.9862225045760471 -0.21180744552682063 -0.036195750056422192 0.13758155256519597 0.039559948139524521 0.39570829896269599 0.63727001285552975 0.019805892877105644 0.064444989586218859 0.065790132183271136 0.73566035231498816 -0.35524393566846846 0.18505463175409662 -0.10171137591903893 0.080589045379550667 -0.21887429654301652 -0.25735516328600383 -1.1461216183966152 -0.1659890323952109 -0.91208346414950581 -0.044155267767478509 -0.62737640157213492 0.5988142842054367 0.62306541821282158 0.087391196421009676 0.18209198852380115 -0.84942276963481189 -0.0064804388806223865 -0.035225496391233589 0.66685664050281046 -0.30966516726292098
leaf_weight=62 768 4003 1570 7080 420 59 4715 1854 575 72 149 338 1024 232 503 78 72 311 61 13410 115 47 132 1810 359 80 239 83 47 116
leaf_count=62 768 4003 1570 7080 420 59 4715 1854 575 72 149 338 1024 232 503 78 72 311 61 13410 115 47 132 1810 359 80 239 83 47 116
internal_value=0.000426806 0.00454644 0.0166431 0.00915273 0.0732764 -0.00476177 0.0521613 -0.0340073 0.20531 0.164238 -0.0365909 -0.0689526 0.036917 -0.0853068 -0.220692 -0.327692 -0.688728 -0.057876 -0.29045 -0.0309611 -0.31192 -0.124586 0.0511985 0.122704 0.301668 0.0276368 -0.181929 -0.437574 0.0780363 0.0633288
internal_weight=40384 39616 34018 32376 5772 26604 5710 15634 995 1642 15575 5598 10970 5260 885 653 150 4375 372 15264 311 196 9946 2464 491 7482 402 163 1973 1926
internal_count=40384 39616 34018 32376 5772 26604 5710 15634 995 1642 15575 5598 10970 5260 885 653 150 4375 372 15264 311 196 9946 2464 491 7482 402 163 1973 1926
is_linear=0
shrinkage=0.03


Tree=178
num_leaves=31
num_cat=0
split_feature=5 26 27 27 27 27 37 13 38 35 28 5 12 30 27 5 13 12 8 4 28 8 16 5 38 5 28 40 17 13
split_gain=38693.5 417002 28261.8 53599.6 80012.8 54875.3 52680.2 44283.9 40013.7 35791.4 31350.7 27722.3 25815.9 60833.6 34890.3 26260.3 28928.2 26403.4 25124.4 24927.5 40198.8 24778 28086.1 30197.5 38503.1 26350 47783.2 42971.9 31697.2 24895.5
threshold=68762.500000000015 34376.093750000007 27049.395833333336 26213.354166666668 25684.145833333339 26340.312500000004 111.355 183.72500000000002 86.481250000000003 -16.402500000000011 26142.937500000004 52701.500000000007 343.15729166666671 244.68500000000003 24636.916666666668 41843.750000000007 97.075000000000003 194.96916666666669 679.67500000000007 348.50000000000006 52354.935156250009 422.85625000000005 12524.676816973219 38600.500000000007 -9.9849999999999941 48206.250000000007 39046.516718750012 -45.169999999999987 1359.6251450000002 1.5350000000000004
decision_type=2 10 8 10 10 10 10 10 10 10 10 2 10 10 10 2 10 10 2 2 10 2 10 2 8 2 8 10 10 10
left_child=2 -2 3 4 11 -5 19 9 -6 -7 -9 12 14 -14 -1 17 -17 -16 -15 21 -21 22 23 -4 29 -26 27 28 -27 -25
right_child=1 -3 6 5 8 7 -8 10 -10 -11 -12 -13 13 18 15 16 -18 -19 -20 20 -22 -23 -24 24 25 26 -28 -29 -30 -31
leaf_value=-0.4822389800501185 3.1121279512018694 0.063396292522497927 -0.059846347292478307 0.79434171647424012 -0.11614099613263419 1.2373328031054358 -0.3878667664815304 -0.61264362990129284 -0.76950119328557265 0.27793622485842673 0.11055792476557477 0.79716099858283995 1.2065903045050799 0.14802633099199172 0.18682459164463297 -0.14162245518688499 0.73616182395597785 -0.65420628497377031 -0.55822164192795753 -0.20425684273631325 0.22045776104098533 -0.063208399416030847 -0.17525451025001693 0.19888049335904007 -0.039635979169488203 0.56053766705798647 -0.0057667929065144908 0.090509159415308377 -0.087702473278703355 0.052892131306523621
leaf_weight=150 40 2665 4550 163 189 40 336 81 152 247 157 49 47 823 70 57 81 63 47 1198 240 5630 750 1557 7228 317 7675 2699 86 3236
leaf_count=150 40 2665 4550 163 189 40 336 81 152 247 157 49 47 823 70 57 81 63 47 1198 240 5630 750 1557 7228 317 7675 2699 86 3236
internal_value=1.31977e-05 0.109613 -0.00780811 0.0914537 0.00224488 0.315185 -0.0145655 0.165191 -0.408773 0.415482 -0.137107 0.103517 0.0775383 0.166771 -0.116757 0.0865681 0.375188 -0.213468 0.109276 -0.0109878 -0.133269 -0.00577054 0.00574013 0.01071 0.0247936 0.00467629 0.0343969 0.13374 0.422329 0.100348
internal_weight=40623 2705 37918 2416 1728 688 35502 525 341 287 238 1387 1338 917 421 271 138 133 870 35166 1438 33728 28098 27348 22798 18005 10777 3102 403 4793
internal_count=40623 2705 37918 2416 1728 688 35502 525 341 287 238 1387 1338 917 421 271 138 133 870 35166 1438 33728 28098 27348 22798 18005 10777 3102 403 4793
is_linear=0
shrinkage=0.03


Tree=179
num_leaves=31
num_cat=0
split_feature=11 15 6 15 33 24 41 0 8 39 7 16 14 39 5 14 11 36 24 14 28 18 1 33 6 40 4 7 36 4
split_gain=38591.8 197910 37207.7 36238.3 44951.5 33617.4 33568.7 29757 34335.8 40489 34029.9 34766.9 32306.9 50689.5 32074 29553.5 26381.1 37327.4 29820.6 24598.1 24161.9 33841.3 23265.6 30175.7 23314.3 22853.4 22623.1 25804.6 22098.9 21996.7
threshold=311.05000000000001 258.53812500000009 1.2028634361233481 458.07729166666678 650.50000000000011 277.33500000000004 14594.767780363725 15.500000000000002 228.15625000000003 -173.80999999999997 7.9843750000000027 13527.738327874416 97.020000000000024 -59.213749999999997 37403.812500000007 596.0150000000001 427.30000000000007 55.875000000000021 395.76500000000004 459.26000000000005 43899.500000000007 1.0000000180025095e-35 5.5000000000000009 206.21500000000003 32.257709251101325 27.510000000000002 241.50000000000003 4.7135416666666687 125.46000000000004 4.5000000000000009
decision_type=10 10 2 10 10 10 10 2 2 10 2 8 10 8 2 10 10 10 10 10 10 2 2 10 2 8 2 2 10 2
left_child=6 -2 -3 16 5 -5 7 8 10 -10 12 -12 -1 20 -13 19 18 -18 -4 -7 21 -14 24 -24 -9 29 -17 -28 -20 -15
right_child=1 2 3 4 -6 15 -8 22 9 -11 11 14 13 25 -16 26 17 -19 28 -21 -22 -23 23 -25 -26 -27 27 -29 -30 -31
leaf_value=-0.065504756929837246 1.6767983023738355 -0.61704432487487793 0.19986932934232196 0.40096433884137639 0.48042396315904423 -0.057107856994494791 0.20959025558358813 0.005304534925162409 -0.97139530255094819 -0.078417171138494238 0.10516437404624053 -0.64982520800525856 0.30901098411317568 -0.53846976781808409 -0.13889550266750406 0.17766541537614713 0.23117425194308572 0.93115017235279085 -0.029617065940366453 -0.69234096558054503 -0.049545969712043385 0.019279760808314915 0.075466408847383315 0.41705846140940633 0.35256082803010941 -0.36171635875701902 -0.97722628913274623 -0.046962620480151117 -0.67910933024385434 0.015318684694145242
leaf_weight=3859 70 68 784 76 106 79 635 10291 45 7173 524 117 1155 64 1786 160 361 84 331 180 370 529 1490 275 176 149 40 78 54 9382
leaf_count=3859 70 68 784 76 106 79 635 10291 45 7173 524 117 1155 64 1786 160 361 84 331 180 370 529 1490 275 176 149 40 78 54 9382
internal_value=0.000936791 0.115796 0.0696067 0.0898764 -0.0871874 -0.185961 -0.00653101 -0.0102074 -0.0288718 -0.0841182 -0.00663426 -0.111069 0.0097158 0.0346378 -0.170633 -0.269618 0.168759 0.365096 0.0937723 -0.499547 0.169856 0.218062 0.0281718 0.128895 0.0111767 0.00567708 -0.0543806 -0.367868 -0.122238 0.01151
internal_weight=40491 2471 2401 2333 719 613 38020 37385 25153 7218 17935 2427 15508 11649 1903 537 1614 445 1169 259 2054 1684 12232 1765 10467 9595 278 118 385 9446
internal_count=40491 2471 2401 2333 719 613 38020 37385 25153 7218 17935 2427 15508 11649 1903 537 1614 445 1169 259 2054 1684 12232 1765 10467 9595 278 118 385 9446
is_linear=0
shrinkage=0.03


Tree=180
num_leaves=31
num_cat=0
split_feature=6 8 18 37 6 27 7 4 4 40 6 28 14 5 16 40 41 5 7 38 27 5 16 15 25 7 3 0 4 15
split_gain=37014.6 48720.8 50863.6 37868.3 35631.5 267331 34540.2 31090 28291.2 33281.2 32845.1 37974.3 30432.6 36917.8 30890.7 29610.5 25779.2 35974.5 26034.5 31536.8 23624 22588.9 21532.6 24811 21264.8 20757.1 20585.7 20270.4 20131 19712.9
threshold=27.638325991189436 748.46250000000009 1.5000000000000002 0.64000000000000001 5.5458149779735697 30324.104166666672 5.3281250000000027 164.50000000000003 351.50000000000006 -61.244999999999997 11.587444933920706 38972.531250000007 291.46500000000009 45303.500000000007 5087.6090197688936 -5.649999999999987 -2412.785510581914 35812.625000000007 8.175347222222225 -2.4799999999999964 24313.729166666672 61853.125000000007 1239.2298985638229 246.2154166666667 18.972500000000004 5.9531250000000027 1.0000000180025095e-35 7.5000000000000009 325.50000000000006 4.0881250000000007
decision_type=2 2 2 10 2 8 2 2 2 10 2 10 10 2 10 10 8 2 2 10 10 2 10 10 8 2 2 2 2 10
left_child=1 4 -3 -4 5 -1 7 22 10 -10 11 12 13 -8 15 21 -12 25 19 -19 -2 -15 23 -6 -7 -18 -26 -20 -14 -24
right_child=20 2 3 -5 6 24 8 -9 9 -11 16 -13 28 14 -16 -17 17 18 27 -21 -22 -23 29 -25 26 -27 -28 -29 -30 -31
leaf_value=2.3462287756962619 0.71273192530497909 -0.15733192161301318 -0.28048353462321002 -1.538800041899085 0.0078554638901543686 0.62549916339548006 -0.0044713776504892808 0.051565794302326974 0.35183260064760713 -0.30219312744302906 0.0072314677144556267 -0.034041426217993435 -0.014502756986586214 0.39540943497710901 -0.26918505629897116 0.13938661988763626 -0.10273548949202266 0.05046175309184258 -0.47806573048387696 -0.10138394837928801 0.12259958969952489 1.0646430144309997 0.43085909460026478 -0.40224115714104502 0.050684816303943121 -0.4799520189390698 -0.41212424344637177 -0.15076237903360881 -0.53849326232182126 -0.16530080475786504
leaf_weight=45 63 329 40 47 4304 56 732 9579 78 625 2856 4730 308 551 89 503 217 1801 205 3885 1355 49 51 136 5095 334 87 995 83 1283
leaf_count=45 63 329 40 47 4304 56 732 9579 78 625 2856 4730 308 551 89 503 217 1801 205 3885 1355 49 51 136 5095 334 87 995 83 1283
internal_value=-0.00121086 -0.00667402 -0.329213 -0.970025 -0.00319645 0.0691906 -0.01465 0.0184232 -0.0427949 -0.22923 -0.0352227 0.0146864 0.114219 0.163244 0.266155 0.309555 -0.0693809 -0.098799 -0.0801055 -0.0532875 0.149302 0.451744 -0.0365595 -0.0047938 0.0491843 -0.331848 0.0428368 -0.207028 -0.126823 -0.142203
internal_weight=40511 39093 416 87 38677 5283 33394 15353 18041 703 17338 7045 2315 1924 1192 1103 10293 7437 6886 5686 1418 600 5774 4440 5238 551 5182 1200 391 1334
internal_count=40511 39093 416 87 38677 5283 33394 15353 18041 703 17338 7045 2315 1924 1192 1103 10293 7437 6886 5686 1418 600 5774 4440 5238 551 5182 1200 391 1334
is_linear=0
shrinkage=0.03


Tree=181
num_leaves=31
num_cat=0
split_feature=7 28 5 0 17 5 25 25 4 29 7 4 4 4 25 15 27 4 39 41 5 29 4 4 9 7 25 6 1 34
split_gain=39679 38102.6 289415 29814.1 36989.2 28591.6 28390.5 26704.2 70892.6 58603.9 45056.2 43704.3 94608.3 32021.4 41303.2 31147.6 27374.5 25784.2 25665.9 25391.7 31473.6 30243.8 27151.8 46490 26160.5 26276.1 23784.5 23354.1 22774 23556.1
threshold=10.565972222222223 31164.625000000004 62302.250000000007 14.500000000000002 1272.1377000000002 35812.625000000007 1.0000000180025095e-35 174.64854166666666 272.50000000000006 343.93000000000006 5.1197916666666687 222.50000000000003 216.50000000000003 242.50000000000003 443.54708333333343 72.598541666666677 28789.270833333336 154.50000000000003 -112.37249999999999 -10757.339275252516 45903.437500000007 172.75125000000003 261.50000000000006 263.50000000000006 78.031250000000014 8.175347222222225 417.90270833333335 33.836563876651994 5.5000000000000009 154.08500000000004
decision_type=2 8 2 2 10 2 10 10 2 10 2 2 2 2 10 10 10 2 8 10 2 8 2 2 10 2 10 2 2 10
left_child=1 2 5 4 19 26 -6 15 11 10 -10 12 18 -13 -15 -7 -12 -17 -9 20 22 -21 -3 -24 -25 -26 -1 28 -5 -30
right_child=-2 3 -4 27 6 7 -8 8 9 -11 16 13 -14 14 -16 17 -18 -19 -20 21 -22 -23 23 24 25 -27 -28 -29 29 -31
leaf_value=-0.07898276032547448 -0.20897212305325424 -0.058684671490934794 2.4988747259974478 0.0080152673853406999 -0.85282180122707196 -0.06522308631241322 -0.10305925794582134 0.50615661470689499 0.19468500319581764 -1.3732179238283357 -0.80171582812229092 0.49173100488639504 -0.91509177443541978 0.32589140055271293 -0.23526822732624253 0.50974805074406915 -0.17630225419792636 0.17741134622714846 0.028169382772306632 0.054350428073826007 0.0011596593848995987 -0.40712557552965312 -1.0076596944440495 0.0066741213101845281 -0.24010146014092817 -0.88820109575986861 -0.7491571009273712 0.44129713773971696 0.074614124872091625 0.3672208673796028
leaf_weight=576 802 3210 43 10838 45 389 3989 106 155 42 112 338 94 311 189 256 144 1166 1838 5270 7573 130 65 384 484 63 51 121 1446 298
leaf_count=576 802 3210 43 10838 45 389 3989 106 155 42 112 338 94 311 189 256 144 1166 1838 5270 7573 130 65 384 484 63 51 121 1446 298
internal_value=-0.000187502 0.00403266 0.0750122 -0.00812839 -0.029894 0.0565092 -0.111632 0.0798433 0.0293896 -0.31902 -0.208221 0.0843596 0.00933229 0.266596 0.113727 0.172521 -0.451976 0.237557 0.0544793 -0.0106947 -0.0353891 0.0431675 -0.101181 -0.237944 -0.183181 -0.31623 -0.134601 0.028218 0.0242107 0.124794
internal_weight=40528 39726 5810 33916 21213 5767 4034 5140 3329 453 411 2876 2038 838 500 1811 256 1422 1944 17179 11779 5400 4206 996 931 547 627 12703 12582 1744
internal_count=40528 39726 5810 33916 21213 5767 4034 5140 3329 453 411 2876 2038 838 500 1811 256 1422 1944 17179 11779 5400 4206 996 931 547 627 12703 12582 1744
is_linear=0
shrinkage=0.03


Tree=182
num_leaves=31
num_cat=0
split_feature=11 15 6 7 38 29 4 39 5 4 14 7 40 10 4 24 4 5 39 28 40 31 31 28 27 38 41 25 1 7
split_gain=54601.9 156054 47840.9 38195.3 33417.4 26219.6 51894.4 25083.8 51467.3 42539.3 42371.7 40514 36715.1 30796.8 34496.9 33453.1 24926.1 29418.4 45327.1 36017.1 35261.8 31694.1 29093.3 24998 24087.6 23934.2 23010.1 22763.1 32416.7 26753.5
threshold=320.88000000000005 258.53812500000009 0.684581497797357 4.4357638888888902 100.01500000000001 -15.628749999999998 122.50000000000001 -67.214999999999989 50466.187500000007 222.50000000000003 459.26000000000005 5.4670138888888902 -32.724999999999994 396.59500000000008 180.50000000000003 465.20500000000004 349.50000000000006 50802.187500000007 -129.93749999999997 43826.312500000007 -34.756249999999994 332.05000000000007 269.01500000000004 52354.935156250009 35563.935156250001 29.890000000000011 21381.752048394348 417.90270833333335 2.5000000000000004 6.352430555555558
decision_type=10 10 2 2 10 8 2 10 2 2 10 2 10 10 2 10 2 2 8 10 8 10 10 10 8 8 10 10 2 2
left_child=3 -2 -3 5 16 6 -1 8 9 10 -4 -11 -10 15 -15 -9 17 22 -19 20 -20 -22 -5 -18 -7 26 -26 29 -29 -16
right_child=1 2 7 4 -6 24 -8 13 12 11 -12 -13 -14 14 27 -17 23 18 19 -21 21 -23 -24 -25 25 -27 -28 28 -30 -31
leaf_value=-1.2070441461404164 1.7084134677797556 -0.80370488321079925 0.27274426542222502 -0.03732027842902521 -0.17784523530335078 0.12136127897262762 0.033614412736385421 0.0038388312895025986 0.47052356232095649 0.83268632105909868 -0.73733678525457014 0.018735751946598794 1.584221024803999 -0.60042206549126176 0.65024473827332263 -0.6346194708710764 -0.25689942354371831 0.61056257721226082 0.23451812234253075 -0.0385039884149979 0.024245100674955611 0.65946272114912663 -0.64182225232323009 0.17836354581639169 0.032189899024285797 -0.13544583205257393 0.72830878619537798 0.43249433441438534 -0.044107677006220397 -0.10927373548348744
leaf_weight=44 55 50 71 15097 1251 2783 93 744 80 103 77 117 40 45 191 81 682 117 1006 4917 3903 71 71 143 7036 812 42 206 338 53
leaf_count=44 55 50 71 15097 1251 2783 93 744 80 103 77 117 40 45 191 81 682 117 1006 4917 3903 71 71 143 7036 812 42 206 338 53
internal_value=0.000959881 0.144496 0.104567 -0.00753113 -0.0264549 0.0401843 -0.370705 0.126093 0.31493 0.138037 -0.254192 0.401856 0.851781 0.0703567 0.198922 -0.0595386 -0.0191661 -0.0138464 0.0260587 0.0190878 0.0759474 0.035757 -0.040192 -0.181329 0.0454928 0.0187201 0.0364229 0.245273 0.136833 0.485495
internal_weight=40319 2251 2196 38068 27258 10810 137 2146 488 368 148 220 120 1658 833 825 26007 25182 10014 9897 4980 3974 15168 825 10673 7890 7078 788 544 244
internal_count=40319 2251 2196 38068 27258 10810 137 2146 488 368 148 220 120 1658 833 825 26007 25182 10014 9897 4980 3974 15168 825 10673 7890 7078 788 544 244
is_linear=0
shrinkage=0.03


Tree=183
num_leaves=31
num_cat=0
split_feature=5 27 7 25 28 40 5 0 28 8 5 11 4 4 16 23 24 28 1 10 39 7 35 39 32 5 7 9 35 16
split_gain=39412.8 386690 39830.7 34672.8 29435.9 29113.1 27821.5 27468.6 36995.4 30300.3 27834 26251.7 26189.7 25904.3 25772.9 27271.2 26015.7 25186.1 24554.4 32385.7 25122.1 24098.6 26281.4 29120.4 33533.1 22998.6 22111.9 22029.3 20106.9 20067.9
threshold=68762.500000000015 35777.924843750006 7.4739583333333348 159.83239583333338 44506.312500000007 22.486250000000002 44406.250000000007 16.500000000000004 25782.687500000004 206.51875000000004 40755.687500000007 644.96000000000015 271.50000000000006 327.50000000000006 1826.0590961531952 1.5000000000000002 182.49000000000004 27367.007968750004 5.5000000000000009 295.00500000000005 -21.953749999999996 3.8559027777777781 145.46750000000003 -119.15999999999998 180.56750000000002 46601.375000000007 5.4079861111111134 -2.4362499999999998 -37.843749999999993 16948.740900156958
decision_type=2 8 2 10 8 10 2 2 8 2 2 10 2 2 10 2 10 10 2 10 10 2 10 8 10 2 2 10 10 8
left_child=2 -2 7 6 -3 -6 29 9 26 21 14 -12 -5 -14 15 -11 27 -8 20 -20 25 -1 23 24 -23 -10 -9 -17 -22 -4
right_child=1 4 3 12 5 -7 17 8 18 10 11 -13 13 -15 -16 16 -18 -19 19 -21 28 22 -24 -25 -26 -27 -28 -29 -30 -31
leaf_value=0.099354489660438847 3.0029771897214941 0.20975905957807905 -0.019621101938976558 -0.071013789050166393 0.018043924552865891 -0.74634066193000126 0.57299171531670834 0.51896030142714711 -0.0062693176562887759 0.38883835235808756 -0.032656530076127378 -0.7762061473380687 -0.59588103237540213 -0.17645979851585528 0.07192280381988575 -0.94307878692041736 -0.96246984649512735 -0.017539504334422411 0.1251081322360644 0.80333919148836563 -0.4562195594348375 0.14986101294867696 -0.52143564020765243 -0.0072281450166640079 0.99172188796102989 0.14140206675595801 0.080133009277485512 -0.24200051425592392 -0.030262773463413859 -0.26657352572978926
leaf_weight=2568 40 882 488 462 1784 45 65 236 1843 46 6991 42 257 275 210 43 58 4293 1186 66 102 383 86 11443 47 1956 184 511 3158 753
leaf_count=2568 40 882 488 462 1784 45 65 236 1843 46 6991 42 257 275 210 43 58 4293 1186 66 102 383 86 11443 47 1956 184 511 3158 753
internal_value=0.00166372 0.11127 -0.00632608 -0.0733103 0.0675125 -0.00116025 -0.0443015 0.00784914 0.052991 -0.00972573 -0.057004 -0.0372066 -0.236502 -0.379813 -0.217186 -0.309423 -0.362456 -0.00860224 0.039088 0.161474 0.0173615 0.0159903 -0.0019176 0.00188903 0.243966 0.0697798 0.327359 -0.298018 -0.0437261 -0.169558
internal_weight=40503 2751 37752 6593 2711 1829 5599 31159 8731 22428 7901 7033 994 532 868 658 612 4358 8311 1252 7059 14527 11959 11873 430 3799 420 554 3260 1241
internal_count=40503 2751 37752 6593 2711 1829 5599 31159 8731 22428 7901 7033 994 532 868 658 612 4358 8311 1252 7059 14527 11959 11873 430 3799 420 554 3260 1241
is_linear=0
shrinkage=0.03


Tree=184
num_leaves=31
num_cat=0
split_feature=11 15 7 8 4 27 39 25 12 15 27 8 11 23 39 4 1 30 27 27 15 40 33 27 41 4 4 34 12 25
split_gain=32417.4 101037 30427.8 27287.5 27724 29609.6 28098.9 25189.7 61424.9 24387 35893.7 30282 26737.9 25254.8 24116.5 23940.8 30464.9 44199.5 24159.4 31500.4 29423.4 21725.9 20001.7 45574.4 19774.2 18992.5 22336.3 18791.3 18751.7 20470.4
threshold=367.71000000000009 284.98812500000003 4.5954861111111134 771.49375000000009 349.50000000000006 53442.998489583348 -112.37249999999999 443.54708333333343 417.90270833333335 458.07729166666678 22750.937500000004 422.85625000000005 524.47500000000002 2.5000000000000004 -43.184999999999995 164.50000000000003 1.0000000180025095e-35 -9.6887499999999971 35563.935156250001 33821.791666666679 153.77166666666668 5.9900000000000002 602.1400000000001 24313.729166666672 17133.706979634469 2.5000000000000004 10.500000000000002 100.83500000000002 29.565833333333337 42.728750000000012
decision_type=10 10 2 2 2 10 8 10 10 10 10 2 10 2 10 2 2 8 10 10 10 10 10 10 10 2 2 10 10 8
left_child=2 -2 15 4 6 -6 -4 8 21 22 12 13 -11 -12 -14 16 28 -18 19 -17 -21 24 23 -3 25 27 -27 -8 -1 -30
right_child=1 9 3 -5 5 -7 7 -9 -10 10 11 -13 14 -15 -16 18 17 -19 -20 20 -22 -23 -24 -25 -26 26 -28 -29 29 -31
leaf_value=-0.096218341457514234 1.5828342478615895 0.76849555176151685 0.12326332862952026 -0.41541181697687019 -0.25108505835555484 0.23956643345527526 -0.025927293363796625 -0.49415822989869823 0.88770635722288438 -0.22242243395610289 0.065211752323899419 -0.52292022501207791 1.2110387631825039 -0.68860630861918126 0.23443385289265559 0.082257789672671902 -0.8875584350313459 -0.038819946523341732 0.034824517410097851 0.22995834577443269 0.74804205981038863 -0.10852584940669463 -0.30055189250196729 0.14288330165829649 0.33431456982177132 0.17349934160869837 -0.017696856550699035 -0.74253528692526738 0.84291318550058036 0.18386852676068619
leaf_weight=207 41 120 1272 157 786 128 68 100 66 43 359 145 41 44 51 1503 55 3992 5312 463 125 2349 69 789 146 564 20600 63 45 565
leaf_count=207 41 120 1272 157 786 128 68 100 66 43 359 145 41 44 51 1503 55 3992 5312 463 125 2349 69 789 146 564 20600 63 45 565
internal_value=0.00151294 0.129604 -0.00414322 -0.0223423 -0.0199659 -0.182186 -0.0140817 -0.0213792 -0.0193768 0.0928022 -0.0447219 -0.152746 0.391674 -0.0185917 0.678002 0.0348721 -0.0168307 -0.050571 0.0688401 0.155196 0.341178 -0.0219305 0.188792 0.226226 -0.0124388 -0.0148318 -0.0125937 -0.37357 0.150159 0.233787
internal_weight=40268 1702 38566 26299 26142 914 25228 23956 23856 1661 683 548 135 403 92 12267 4864 4047 7403 2091 588 23790 978 909 21441 21295 21164 131 817 610
internal_count=40268 1702 38566 26299 26142 914 25228 23956 23856 1661 683 548 135 403 92 12267 4864 4047 7403 2091 588 23790 978 909 21441 21295 21164 131 817 610
is_linear=0
shrinkage=0.03


Tree=185
num_leaves=31
num_cat=0
split_feature=5 28 5 4 24 0 23 0 28 27 15 38 5 15 25 15 27 39 5 38 15 31 16 25 4 24 31 39 4 25
split_gain=37394.9 39316.4 264247 30923.6 30247.8 29611.5 28466.4 31064.5 26969.7 26195.7 25577 25516.1 29059.4 36430.9 55039.2 47772.5 30957.9 53404.3 27605.6 26524.7 23401.9 23284.9 22582.2 24154.6 22934.9 21994.7 21702.9 31850.3 22897.3 21002.2
threshold=40600.562500000007 31164.625000000004 62500.625000000007 258.50000000000006 159.04500000000004 6.5000000000000009 1.5000000000000002 14.500000000000002 35390.20171875001 26467.625000000004 513.26479166666684 -1.0099999999999987 54962.937500000007 167.20895833333336 203.92625000000001 160.31604166666668 45602.153645833336 -21.669999999999991 72556.250000000015 24.217500000000005 277.52729166666671 -9.9912499999999991 14622.300843884836 249.89229166666669 32.500000000000007 214.89500000000001 57.475000000000001 -89.571249999999992 2.5000000000000004 174.64854166666666
decision_type=2 8 2 2 10 2 2 2 10 10 10 8 2 10 10 10 8 10 2 10 10 10 10 10 2 10 10 10 2 10
left_child=3 2 29 5 -5 10 -7 21 9 -6 -1 26 13 14 15 -13 17 -14 20 -20 -19 -8 23 24 -18 -23 -3 -28 -29 -2
right_child=1 11 -4 4 8 6 7 -9 -10 -11 -12 12 16 -15 -16 -17 22 18 19 -21 -22 25 -24 -25 -26 -27 27 28 -30 -31
leaf_value=0.026923072757955677 0.17289822755790235 -0.033988304637604307 2.4682300812857494 -0.11277271109891521 -0.61208914893032129 0.18828509948352118 -0.96144982372011456 -0.03733196985576185 -0.95695496673315339 0.0086788655281998216 -0.49277926729486232 -0.038469137737132446 0.21314232904557429 -0.24698972769939015 -1.0287492719650269 0.53822792094456784 0.063447219848000266 0.010675055040100977 0.76553098845649781 0.12773408534993627 -0.21225339805336305 -0.20030303971767904 -0.37795786205550719 -0.42974835090912306 -0.089448708940886398 -0.75250730750390449 0.27036515338416384 -0.64761068752833773 0.055678703988617663 0.026008943735276589
leaf_weight=4186 1325 2289 41 1266 117 246 41 1052 70 127 86 9851 1594 793 49 130 1757 2877 70 342 496 930 173 129 1773 69 664 41 5283 2583
leaf_count=4186 1325 2289 41 1266 117 246 41 1052 70 127 86 9851 1594 793 49 130 1757 2877 70 342 496 930 173 129 1773 69 664 41 5283 2583
internal_value=-0.00189807 0.012636 0.1013 -0.0591417 -0.178332 -0.0306289 -0.116436 -0.152341 -0.441458 -0.290268 0.016348 0.000265451 -0.018041 -0.0513708 -0.0358815 -0.0309046 0.0211232 0.0675391 0.00618023 0.237689 -0.0221598 -0.268529 -0.0440318 -0.0281446 -0.0133508 -0.239158 0.0445719 0.0746033 0.0501421 0.075843
internal_weight=40450 32260 3949 8190 1580 6610 2338 2092 314 244 4272 28311 20034 10823 10030 9981 9211 5379 3785 412 3373 1040 3832 3659 3530 999 8277 5988 5324 3908
internal_count=40450 32260 3949 8190 1580 6610 2338 2092 314 244 4272 28311 20034 10823 10030 9981 9211 5379 3785 412 3373 1040 3832 3659 3530 999 8277 5988 5324 3908
is_linear=0
shrinkage=0.03


Tree=186
num_leaves=31
num_cat=0
split_feature=0 8 14 39 27 5 24 12 24 6 22 5 6 16 40 13 5 1 33 33 39 35 5 1 27 14 13 1 40 8
split_gain=29480.4 33242.9 26428.9 50568.1 26082.8 39533.5 39619.6 25358.1 33072.8 24806.7 22197.8 21928.1 21013 25956.8 24289.2 33179.8 24558.5 20860.7 32524.9 27586.2 21706.4 33312.5 23880 30585.8 28548.2 23613.9 30467.5 20828.6 19799.1 19788.5
threshold=14.500000000000002 228.15625000000003 97.020000000000024 -58.029999999999987 41054.648177083342 35812.625000000007 94.851250000000007 123.36104166666668 352.90500000000003 32.257709251101325 1.0000000180025095e-35 44300.437500000007 18.614537444933926 6434.9811605027671 34.675000000000004 272.55000000000007 74725.000000000015 5.5000000000000009 650.50000000000011 212.52000000000001 -22.564999999999994 -42.018749999999997 51956.250000000007 3.5000000000000004 44719.145833333343 193.83125000000004 66.307500000000019 2.5000000000000004 -102.42999999999999 363.65000000000003
decision_type=2 2 10 10 10 2 10 10 10 2 2 2 2 10 8 10 2 2 10 10 10 10 2 2 8 10 10 2 10 2
left_child=1 2 -1 4 5 6 -4 -8 -9 17 -7 -3 14 -14 16 -16 -5 18 20 -19 22 -22 23 -2 28 -25 -27 -11 -24 -21
right_child=9 11 3 12 -6 10 7 8 -10 27 -12 -13 13 -15 15 -17 -18 19 -20 29 21 -23 24 25 -26 26 -28 -29 -30 -31
leaf_value=-0.062112245400504335 0.060357324475981355 -0.1935278359845358 0.19443733916647971 -0.029943375238019116 -0.0037073175898029716 0.29756561982612523 -0.99358711952512913 0.098105005207269086 -0.83991865046322345 0.60241987024103438 -0.38087134529153505 -0.053726642629135048 0.065735904546060861 0.68208598291268574 -0.7116298099657864 0.20888652152485315 0.21877632274322451 0.062643428058745787 0.65609668682302746 0.44695844537280133 -0.52539413263884982 -0.0260633532772599 0.7926065531041887 -0.042149225703246578 0.016441117903629364 -0.96842139260335403 -0.19394056947007504 0.065220381593149468 0.2027326071171151 -0.12367486884344868
leaf_weight=4873 3237 1251 278 9040 850 1370 43 114 47 123 44 5227 1584 63 102 53 371 1753 69 308 122 5382 53 1439 1112 54 276 137 1052 66
leaf_count=4873 3237 1251 278 9040 850 1370 43 114 47 123 44 5227 1584 63 102 53 371 1753 69 308 122 5382 53 1439 1112 54 276 137 1052 66
internal_value=-0.0023094 -0.0221349 -0.00196872 0.01903 0.134388 0.196267 -0.0383102 -0.354887 -0.179222 0.0307389 0.2762 -0.0807501 -0.0092301 0.0897117 -0.0262727 -0.397551 -0.0201162 0.025666 0.011201 0.112641 0.00765337 -0.0372248 0.0418514 0.00554372 0.123795 -0.0947342 -0.323217 0.320691 0.231716 0.346197
internal_weight=40493 25310 18832 13959 2746 1896 482 204 161 15183 1414 6478 11213 1647 9566 155 9411 14923 12796 2127 12727 5504 7223 5006 2217 1769 330 260 1105 374
internal_count=40493 25310 18832 13959 2746 1896 482 204 161 15183 1414 6478 11213 1647 9566 155 9411 14923 12796 2127 12727 5504 7223 5006 2217 1769 330 260 1105 374
is_linear=0
shrinkage=0.03


Tree=187
num_leaves=31
num_cat=0
split_feature=5 27 6 4 38 5 15 6 39 41 40 40 25 27 4 41 25 15 39 24 36 38 27 4 25 4 4 6 31 4
split_gain=29838.8 36195.4 266563 31552.9 26605.3 30205.1 49647.7 40374.9 30662.2 45849.4 32405.3 29995.4 27009.3 25854.3 25507.9 24572.2 24147.2 23610.3 22953.6 22373.9 22122.8 22779.7 20837.8 20827 20656.3 71557.9 76783.9 43476.3 58315 24045.6
threshold=34554.750000000007 30324.104166666672 5.5458149779735697 86.500000000000014 -6.5474999999999985 51579.687500000007 167.20895833333336 18.446035242290751 -22.834999999999997 8671.3491436982094 -36.636249999999983 -37.349999999999994 203.92625000000001 40189.291666666672 350.50000000000006 -16065.005134674457 27.131875000000004 160.31604166666668 -133.15499999999997 91.72375000000001 -2.7399999999999873 -121.27 37356.785989583339 2.5000000000000004 174.64854166666666 272.50000000000006 269.50000000000006 11.823568281938327 308.48000000000008 222.50000000000003
decision_type=2 8 2 2 8 2 10 2 8 8 8 10 10 10 2 8 10 10 10 10 10 10 10 2 10 2 2 2 10 2
left_child=19 2 -2 -4 15 6 12 18 9 -7 -10 13 17 -11 -13 -3 -5 -6 -8 -1 -17 -22 -21 -23 -18 26 29 -27 -29 -26
right_child=1 4 3 16 5 8 7 -9 10 11 -12 14 -14 -15 -16 20 24 -19 -20 22 21 23 -24 -25 25 27 -28 28 -30 -31
leaf_value=-0.057654993232664375 2.4639763717140468 -0.47411948993083941 0.74712524914741518 -0.30989671678105485 -0.039430152377553797 -0.032046518027367715 -0.89942144140964597 -0.91401313980186683 -0.58963257348537446 0.56217220004920554 -0.016929996068028311 0.12012412143444758 -0.72040871757154279 0.19764359235364409 -0.29377386439336489 0.10239052610208796 0.1653148502000909 0.3870778495149087 -0.16297867997485593 -0.21984819465786301 0.49456556470757895 -0.49025510477361739 -0.80795404251432046 0.006600690056130315 -0.00022764926144934729 0.093032903502223221 1.1259882676409136 -0.36163612845611859 -1.5496640854532067 0.19529893813800189
leaf_weight=1278 41 82 59 157 11673 2065 40 84 89 245 7422 1637 51 615 145 3605 1359 117 553 366 84 76 63 5458 1896 145 61 248 43 806
leaf_count=1278 41 82 59 157 11673 2065 40 84 89 245 7422 1637 51 615 145 3605 1359 117 553 366 84 76 63 5458 1896 145 61 248 43 806
internal_value=0.002036 0.00743038 0.0844092 0.0634613 -0.00346021 -0.0197268 -0.0524763 -0.30215 0.0138284 0.0738545 -0.0237937 0.156608 -0.0381771 0.302024 0.0862997 0.0397797 0.0547499 -0.0351652 -0.214085 -0.120687 0.0443996 0.00717594 -0.307892 -0.000310113 0.0673753 0.02573 0.0821222 -0.331006 -0.541893 0.0581481
internal_weight=40563 38856 4815 4774 34041 24736 12518 677 12218 4707 7511 2642 11841 860 1782 9305 4715 11790 593 1707 9223 5618 429 5534 4558 3199 2763 436 291 2702
internal_count=40563 38856 4815 4774 34041 24736 12518 677 12218 4707 7511 2642 11841 860 1782 9305 4715 11790 593 1707 9223 5618 429 5534 4558 3199 2763 436 291 2702
is_linear=0
shrinkage=0.03


Tree=188
num_leaves=31
num_cat=0
split_feature=32 26 28 0 28 17 24 7 40 7 6 25 14 15 38 14 14 40 15 14 8 28 24 5 25 38 32 27 30 28
split_gain=41760.4 294542 68865.1 30085.8 37433.2 35444.2 29949.9 36827.4 27643.1 25589.5 39639.1 25334.3 23476.2 22690.7 21515.6 21473.4 21038.7 27449.9 40921.6 57718.6 29739.9 22595.9 31497.2 20346.5 21151.3 19577 20364.8 19246.4 19096.3 28217.4
threshold=264.94500000000005 30840.500000000004 41586.812500000007 14.500000000000002 25936.687500000004 1272.1377000000002 395.76500000000004 5.6267361111111134 -32.154999999999994 7.8107638888888911 13.377753303964758 1.0000000180025095e-35 220.38000000000002 383.62437500000004 -87.804999999999993 506.41500000000002 75.593750000000014 -4.0599999999999996 477.00062500000007 596.0150000000001 529.36250000000007 26366.375000000004 395.76500000000004 48103.500000000007 406.63729166666673 289.84000000000009 164.73500000000004 28537.479166666672 226.13125000000005 27877.312500000004
decision_type=10 10 10 2 8 10 10 2 10 2 2 10 10 10 10 10 10 8 10 10 2 10 10 2 10 10 10 10 10 10
left_child=3 -2 -3 5 23 9 -6 13 -4 16 28 -7 27 -8 -13 -10 -1 20 21 -20 25 -19 -23 -5 -25 -18 -27 -12 29 -11
right_child=1 2 8 4 6 11 7 -9 15 10 12 14 -14 -15 -16 -17 17 18 19 -21 -22 22 -24 24 -26 26 -28 -29 -30 -31
leaf_value=-0.092525359369837329 2.4036955077258439 -0.39703408763321429 -0.40924952669346581 0.15489528372704264 0.024984505171113804 -0.82028188933025703 -0.39847096414072436 -0.78565076704906378 0.27607987012960933 0.73607475527985522 0.37990706494876314 -0.78034416567625065 -0.77472827707612235 0.39730913718388633 -0.089488699336617017 0.97207480251789091 0.057504534923267576 0.17796001649702026 -1.2373523313701154 -0.072205724457156992 -0.18574624124234848 -0.024054190914470482 -0.57441841378964875 0.9844967681853497 0.27421558318786249 0.70233224864917643 -0.07969956242657722 -0.29371891858927424 -0.41598941195228722 -0.031608609231837566
leaf_weight=1785 51 204 46 497 14055 43 63 91 316 43 41 40 85 64 4068 45 8452 495 59 106 454 6305 94 60 102 84 46 433 112 2088
leaf_count=1785 51 204 46 497 14055 43 63 91 316 43 41 40 85 64 4068 45 8452 495 59 106 454 6305 94 60 102 84 46 433 112 2088
internal_value=6.35273e-05 0.236196 0.0516439 -0.00387341 0.0297771 -0.0241077 0.0195618 -0.32857 0.276956 -0.00804891 -0.0923277 -0.104098 -0.318115 0.00252306 -0.0964039 0.365284 0.00516296 0.0160021 -0.0283222 -0.493778 0.0506278 -0.017112 -0.0322274 0.250661 0.541709 0.0631525 0.427117 -0.234775 -0.0359402 -0.0157801
internal_weight=40427 662 611 39765 14932 24833 14273 218 407 20682 2802 4151 559 127 4108 361 17880 16095 7059 165 9036 6894 6399 659 162 8582 130 474 2243 2131
internal_count=40427 662 611 39765 14932 24833 14273 218 407 20682 2802 4151 559 127 4108 361 17880 16095 7059 165 9036 6894 6399 659 162 8582 130 474 2243 2131
is_linear=0
shrinkage=0.03


Tree=189
num_leaves=31
num_cat=0
split_feature=5 28 6 4 24 15 4 14 0 27 27 38 35 27 6 28 30 4 27 27 13 24 25 15 5 32 37 13 4 29
split_gain=36384.9 45142.4 259464 32576.4 41353.3 32071.9 31779.4 30545.3 27736.5 25946.2 35652.5 25751 28591 30343.3 38059.2 27890.1 29991.2 29076.6 28713.2 27495.2 28976.2 26592.1 23626.6 23473.2 22371.5 22116 21974.2 30915.9 26846.2 25985.1
threshold=39056.250000000007 31164.625000000004 2.6817180616740095 259.50000000000006 159.04500000000004 477.00062500000007 244.50000000000003 96.010000000000005 6.5000000000000009 34068.604166666672 26467.625000000004 73.275000000000006 145.46750000000003 32222.833333333339 15.741409691629956 40216.750000000007 192.64875000000004 24.500000000000004 34544.164855072471 37320.125000000007 93.280000000000015 465.20500000000004 33.475000000000009 146.06291666666667 76137.500000000015 245.08500000000001 111.355 258.71000000000009 207.50000000000003 250.00250000000003
decision_type=2 8 2 2 10 10 2 10 2 10 10 10 10 10 2 10 10 2 10 10 10 10 10 10 2 10 10 10 2 10
left_child=3 2 -2 5 -5 7 -7 22 -9 10 -6 24 13 -13 15 18 17 -17 23 20 -16 25 -1 -15 -3 -18 -4 29 -29 -28
right_child=1 11 26 4 9 6 -8 8 -10 -11 -12 12 -14 14 19 16 21 -19 -20 -21 -22 -23 -24 -25 -26 -27 27 28 -30 -31
leaf_value=-0.033523738615665176 2.4470212163243974 0.0019633364200509168 0.10354878099895665 -0.12862160266880451 -0.8518663226813078 -0.10446977258689941 -1.1573212225437164 0.079719665552503441 -0.11629349900365481 -1.2157070282474158 0.05786109303173266 0.40547586615684383 -0.80132603273672209 0.20917255976165716 -0.43179827719075342 0.36621498567684913 -0.55515981876797416 -0.12067093373061372 0.22030066429988129 -0.078702397610132521 -1.4411083873680659 0.13671114933688236 -0.26462913236378327 -0.44882459595344448 0.19335811019431859 0.11679080513807442 -0.1702243641864008 0.41641469028999478 -0.14507367133179255 -0.87884833814667873
leaf_weight=942 41 27142 3847 887 79 61 44 2428 886 47 75 108 50 77 69 130 310 701 461 77 41 82 689 130 560 51 200 138 170 60
leaf_count=942 41 27142 3847 887 79 61 44 2428 886 47 75 108 50 77 69 130 310 701 461 77 41 82 689 130 560 51 200 138 170 60
internal_value=-0.000901565 0.0110901 0.100175 -0.0681868 -0.217008 -0.0360873 -0.552421 -0.0250142 0.0272961 -0.604484 -0.411302 -0.00214973 -0.0988789 -0.0828273 -0.107777 -0.0682826 -0.150566 -0.0441548 0.0886373 -0.515379 -0.817589 -0.349627 -0.131254 -0.204233 0.00583925 -0.46017 0.0778317 -0.0962229 0.107036 -0.336494
internal_weight=40583 34445 4456 6138 1088 5050 105 4945 3314 201 154 29989 2287 2237 2129 1942 1274 831 668 187 110 443 1631 207 27702 361 4415 568 308 260
internal_count=40583 34445 4456 6138 1088 5050 105 4945 3314 201 154 29989 2287 2237 2129 1942 1274 831 668 187 110 443 1631 207 27702 361 4415 568 308 260
is_linear=0
shrinkage=0.03


Tree=190
num_leaves=31
num_cat=0
split_feature=7 32 28 28 4 5 15 4 4 28 36 27 40 15 4 4 32 27 27 28 23 25 5 28 15 14 25 25 4 15
split_gain=32240 55796.5 364121 51459.1 40312.5 28897.8 34587 40226.4 39614.5 33072.5 29966.4 27483.7 27093.6 25638.6 24498.7 39656.6 25155.9 23907.8 27300.1 24084 23816.1 23658.5 25385.2 50637.4 23531.1 22979.3 46809.5 27565.8 22778.2 22462.3
threshold=5.7656250000000018 264.94500000000005 31944.312500000004 41111.524843750005 164.50000000000003 56831.250000000007 167.20895833333336 272.50000000000006 285.50000000000006 40777.095312500009 0.49000000000000105 55427.884739583344 -51.066249999999989 218.5529166666667 348.50000000000006 351.50000000000006 151.32125000000002 27049.395833333336 26213.354166666668 26366.375000000004 2.5000000000000004 32.143125000000005 50802.187500000007 28188.687500000004 36.776875000000011 576.00000000000011 443.54708333333343 458.07729166666678 44.500000000000007 315.7247916666667
decision_type=2 10 10 10 2 2 10 2 2 10 10 10 10 10 2 2 10 10 10 10 2 10 2 10 10 10 10 10 2 10
left_child=1 4 -3 -4 -1 6 17 9 10 25 -9 24 -10 -14 16 20 21 18 19 -2 -16 -6 -23 -24 28 26 29 -27 -7 -8
right_child=5 2 3 -5 14 11 7 8 12 -11 -12 -13 13 -15 15 -17 -18 -19 -20 -21 -22 22 23 -25 -26 27 -28 -29 -30 -31
leaf_value=-0.030931765376329183 0.43241622647643091 2.9828382407925851 -0.66504566666525844 0.23991177498972674 0.1637491619079163 0.63596620102723433 -0.13943834288697229 -1.3391270068590924 0.12854857233201347 -0.75263350529968742 -0.32102475947871495 -0.64427073263459733 -0.55104171931764012 -0.10366571417272979 -0.10476493402588657 0.020138919079592511 0.14364243083563685 -0.04103556224465043 0.71946180500462642 -0.41071349234830945 -0.78674270756542675 -0.0032973009950402672 0.64415099221777605 0.07393517414050825 0.018456513023059982 0.85243831470913511 -0.97575490348935123 -0.0036743749259562975 0.11105537119298434 0.17294492138609002
leaf_weight=9321 59 42 70 277 1193 107 608 58 128 59 48 53 273 200 81 466 2561 10157 79 61 107 7172 153 1565 4685 54 49 88 241 313
leaf_count=9321 59 42 70 277 1193 107 608 58 128 59 48 53 273 200 81 466 2561 10157 79 61 107 7172 153 1565 4685 54 49 88 241 313
internal_value=-0.000233762 0.0230387 0.378819 0.0559691 0.0169036 -0.0311486 -0.0561325 -0.17455 -0.353077 -0.0665545 -0.885408 0.0289476 -0.257873 -0.362494 0.0504327 -0.128479 0.0596962 -0.0346434 0.290188 0.00397303 -0.495021 0.0383624 0.0215195 0.125062 0.0361635 -0.0295093 -0.0817724 0.325574 0.27381 -0.0332031
internal_weight=40328 23008 389 347 22619 17320 12234 1878 707 1171 106 5086 601 473 13298 654 12644 10356 199 120 188 10083 8890 1718 5033 1112 970 142 348 921
internal_count=40328 23008 389 347 22619 17320 12234 1878 707 1171 106 5086 601 473 13298 654 12644 10356 199 120 188 10083 8890 1718 5033 1112 970 142 348 921
is_linear=0
shrinkage=0.03


Tree=191
num_leaves=31
num_cat=0
split_feature=7 8 6 33 39 10 7 39 5 28 4 4 26 28 0 10 39 38 5 24 17 4 34 15 15 25 40 40 13 28
split_gain=36843.2 29629.9 25492.2 25429.1 25037.3 30987.6 25047.9 24129.7 27968.8 25412 24109.6 27509.9 27346.5 28863.1 23633.3 24542.6 25373.7 22173.3 20862.1 20631.2 20331.9 22097 19179.6 25914.8 18594.6 18550.6 17945.1 17024.3 16649.7 19696.9
threshold=4.4531250000000009 771.49375000000009 32.257709251101325 173.25750000000002 3.100000000000009 410.13500000000005 10.565972222222223 -104.17999999999998 50681.250000000007 30825.875000000004 2.5000000000000004 10.500000000000002 41559.500000000007 45039.429687500007 15.500000000000002 286.74500000000006 -9.3899999999999917 51.460000000000008 41843.750000000007 446.81000000000006 3857.1303050000006 136.50000000000003 120.06500000000001 63.267656250000009 48.726458333333333 282.46229166666677 -12.517499999999982 4.1399999999999944 0.85125000000000017 43899.500000000007
decision_type=2 2 2 10 10 8 2 10 2 8 2 2 8 10 2 10 10 10 2 10 10 2 10 10 8 10 10 10 8 10
left_child=2 4 20 -4 6 17 7 8 19 -10 -9 12 -12 -14 27 -16 -17 -6 -3 -2 -1 -22 -11 -24 -15 -18 -27 28 29 -13
right_child=1 18 3 -5 5 -7 -8 10 9 22 11 14 13 24 15 16 25 -19 -20 -21 21 -23 23 -25 -26 26 -28 -29 -30 -31
leaf_value=0.056723673611641275 0.050737269016720377 -0.96059799760580056 0.20337691611588693 1.0214409339150716 -0.19334107981724363 0.34905488228530812 -0.17991652514250989 -0.45029587862413861 0.92836779531240465 -0.021348150936157804 -0.22024497479861302 -0.068098017124091387 0.70495048428709439 0.43526018226083285 0.0038289622005083196 0.43110374739191615 0.31388430715325366 -0.80565747715983727 -0.22043128139951398 -0.4827740725699593 -0.21571371123502173 0.010442267918197464 0.88816814664028476 0.2007952446467243 0.0076691484183983045 -0.52216548272279595 0.03746954235076904 -0.12528564867988995 -0.012646210851625764 -0.33230564639025501
leaf_weight=9452 1605 42 171 42 123 52 790 114 49 183 123 2743 110 140 8398 248 165 94 174 67 523 1507 66 191 261 64 249 1956 10448 279
leaf_count=9452 1605 42 171 42 123 52 790 114 49 183 123 2743 110 140 8398 248 165 94 174 67 523 1507 66 191 261 64 249 1956 10448 279
internal_value=-0.000614288 -0.018885 0.0442737 0.368705 -0.016227 -0.303748 -0.0134785 -0.00868366 0.0875142 0.286837 -0.0169042 -0.0149246 0.180032 0.276622 -0.0199664 0.0183053 0.185524 -0.461063 -0.368116 0.0290827 0.0382236 -0.0479011 0.213451 0.380077 0.157664 0.0574769 -0.0782591 -0.0426026 -0.0305877 -0.0925923
internal_weight=40429 28734 11695 213 28518 269 28249 27459 2161 489 25298 25184 634 511 24550 9124 726 217 216 1672 11482 2030 440 257 401 478 313 15426 13470 3022
internal_count=40429 28734 11695 213 28518 269 28249 27459 2161 489 25298 25184 634 511 24550 9124 726 217 216 1672 11482 2030 440 257 401 478 313 15426 13470 3022
is_linear=0
shrinkage=0.03


Tree=192
num_leaves=31
num_cat=0
split_feature=7 6 24 40 4 32 5 25 15 6 16 40 1 4 13 41 16 16 2 6 5 11 40 8 27 14 29 1 26 14
split_gain=30630.7 39126.3 313616 28617.9 34935.5 30649.8 27201.2 25162.1 31923.8 23872.6 25205.1 23747 23254.5 21678.1 33793 22665.3 22255 21518.3 22560.5 20480.3 27907.6 18888.2 18772 18574.8 23732.3 45106.3 31271.4 19950.9 19025 20337.8
threshold=4.8281250000000018 2.6817180616740095 410.02500000000003 -46.837499999999991 349.50000000000006 359.87500000000006 35812.625000000007 458.07729166666678 406.63729166666673 6.8579295154185029 6358.5057919720302 11.089999999999987 1.5000000000000002 164.50000000000003 229.99000000000004 21381.752048394348 1194.6642071994477 5967.1323708235041 10.500000000000002 0.92709251101321588 72556.250000000015 138.03750000000002 4.9700000000000006 228.15625000000003 27049.395833333336 179.53500000000003 358.24500000000006 2.5000000000000004 26307.380000000001 306.51000000000005
decision_type=2 2 10 8 2 10 2 10 10 2 10 8 2 2 10 10 10 8 2 2 2 10 10 2 10 10 10 2 10 10
left_child=13 2 -2 7 5 6 -5 8 9 10 -3 23 -10 14 15 16 -1 -11 -19 -15 -21 -20 -18 24 25 -8 -26 28 -27 -30
right_child=1 3 -4 4 -6 -7 11 -9 12 17 -12 -13 -14 19 -16 -17 22 18 21 20 -22 -23 -24 -25 26 27 -28 -29 29 -31
leaf_value=0.0024510941102854921 0.053441224913149489 0.39359099531955405 2.6884090765459199 -0.19363566729468115 -0.25691643806623998 0.65430148463500171 1.0240291146470129 -0.62854067733654606 0.20978882026123372 0.086319491317571939 -0.018268314680887316 -0.15493195659597664 1.1020813039454018 -0.41728827860578893 0.77948762573301789 0.57545175357084521 -0.12417743863043371 -0.081339469891655955 0.038881683501109696 0.059267381120878919 0.55591976808112797 0.46137494650708522 -0.7718221604930503 -0.079322714779694395 -0.0092629848122774416 -0.26608925032828534 -0.66922291639676457 0.31181607356944746 -0.19819612999878278 0.73254313628781931
leaf_weight=4657 1269 304 41 1010 695 56 52 51 75 1807 238 1332 40 79 47 56 1015 2600 478 9067 102 118 41 3931 11008 167 64 214 40 43
leaf_count=4657 1269 304 41 1010 695 56 52 51 75 1807 238 1332 40 79 47 56 1015 2600 478 9067 102 118 41 3931 11008 167 64 214 40 43
internal_value=-0.00179766 -0.0217495 0.137897 -0.0303532 -0.0483782 -0.0402752 -0.0424894 0.0283883 0.0344176 0.024109 0.213037 -0.0334192 0.526977 0.0321517 -0.013228 -0.0198203 -0.0257549 0.00360304 -0.0431767 0.0606891 0.0648524 0.123162 -0.150029 -0.0229804 -0.00386218 0.19481 -0.0131379 0.0998781 -0.0820603 0.286974
internal_weight=40697 25633 1310 24323 18612 17917 17861 5711 5660 5545 542 16851 115 15064 5816 5769 5713 5003 3196 9248 9169 596 1056 15519 11588 516 11072 464 250 83
internal_count=40697 25633 1310 24323 18612 17917 17861 5711 5660 5545 542 16851 115 15064 5816 5769 5713 5003 3196 9248 9169 596 1056 15519 11588 516 11072 464 250 83
is_linear=0
shrinkage=0.03


Tree=193
num_leaves=31
num_cat=0
split_feature=5 37 28 28 5 38 6 12 10 5 28 28 7 16 7 39 25 5 12 27 36 27 9 5 28 6 23 37 34 7
split_gain=33123 29755.1 43301.3 32151.7 98673.9 35547.6 35505.2 40049.8 32434.8 47428.3 30054.1 28430.5 29416.9 25574 23115.1 23711.5 24357.5 41816.8 28838.8 24777.1 22572.5 19989.9 19713.1 19363.8 33387.2 35070.4 28966.1 22591.4 21601.9 22161.2
threshold=39206.250000000007 102.15000000000002 22538.562500000004 34367.756562500006 65412.500000000007 18.412500000000001 15.155726872246698 171.40208333333337 141.10000000000005 76137.500000000015 54729.13984375001 22538.562500000004 8.2864583333333375 13527.738327874416 11.411458333333337 -66.004999999999981 295.79687500000006 57956.250000000007 272.38666666666671 42740.770833333343 -1.5974999999999964 42357.653229166674 77.50500000000001 49902.125000000007 28188.687500000004 14.083920704845818 2.5000000000000004 -44.918749999999996 274.28000000000003 4.9670138888888902
decision_type=2 8 10 10 2 10 2 10 10 2 10 10 2 10 2 10 10 2 10 10 10 10 10 2 10 2 2 10 10 2
left_child=11 2 -2 4 23 8 10 -8 20 14 13 -1 -13 -7 15 -10 18 -18 -17 -20 -5 -19 -14 -4 25 26 -25 -26 -29 -30
right_child=1 -3 3 5 -6 6 7 -9 9 -11 -12 12 22 -15 -16 16 17 21 19 -21 -22 -23 -24 24 27 -27 -28 28 29 -31
leaf_value=-0.72616922202809098 0.70296766249144949 -0.15815775657343289 0.032849635287221665 0.037716351644242134 1.5227763093369346 -0.017788273042754942 -0.1897720784545604 -1.1173310922560367 0.33609732174837009 0.77878812556083388 -0.7812764244899153 -0.045763868282072975 -0.18826355710763623 -0.48206206566423448 -0.54328484797706966 0.070036084501954865 -0.86953157072717491 0.48046305427425784 -0.04478134124938931 0.86712432745650603 -0.031024466735591401 -0.23757368287444114 -0.76146142887633028 1.4217913244664668 0.64834319818215291 0.21073803951032458 0.4069705454926742 0.11597741290698009 0.35080866594314575 -0.36521879129490609
leaf_weight=57 81 923 4687 8053 41 5252 903 43 327 90 47 6016 161 108 51 2535 65 56 41 76 9221 89 81 47 60 223 56 1012 49 176
leaf_count=57 81 923 4687 8053 41 5252 903 43 327 90 47 6016 161 108 51 2535 65 56 41 76 9221 89 81 47 60 223 56 1012 49 176
internal_value=-0.00184473 0.00977676 0.0144237 0.0127282 0.073447 -0.00157915 -0.0636142 -0.233069 0.0175508 0.103264 -0.033929 -0.0649806 -0.0588432 -0.0272312 0.0842654 0.0944686 0.0667534 -0.243528 0.0914057 0.549896 0.00102228 0.0411285 -0.382463 0.06379 0.153066 0.424002 0.879263 0.0846924 0.0568512 -0.208422
internal_weight=40627 34312 33389 33308 6351 26957 6353 946 20604 3330 5407 6315 6258 5360 3240 3189 2862 210 2652 117 17274 145 242 6310 1623 326 103 1297 1237 225
internal_count=40627 34312 33389 33308 6351 26957 6353 946 20604 3330 5407 6315 6258 5360 3240 3189 2862 210 2652 117 17274 145 242 6310 1623 326 103 1297 1237 225
is_linear=0
shrinkage=0.03


Tree=194
num_leaves=31
num_cat=0
split_feature=5 28 6 39 7 4 34 4 4 8 17 15 11 11 13 29 28 25 39 7 14 41 12 14 31 8 32 41 15 39
split_gain=30931.2 73261.3 308992 41627.4 35789.5 42822.4 79600.4 33517 32858.4 65174.4 29950.9 26818.2 44567.5 31231.1 28005 28588.6 25058 24359.6 23542.1 23256.6 22812.7 21834.2 21261.3 30462.7 20552.2 19463.1 18711.6 18559.6 17890 17396.4
threshold=50578.187500000007 39420.500000000007 0.39295154185022024 -19.915000000000003 5.4913194444444473 272.50000000000006 210.06500000000003 356.50000000000006 122.50000000000001 748.46250000000009 1359.6251450000002 315.7247916666667 272.52000000000004 465.51500000000004 213.14000000000001 288.95625000000007 41684.687500000007 37.054635416666677 -65.428749999999994 4.5364583333333348 294.89000000000004 3710.7618485876596 242.03625000000002 650.50000000000011 283.01000000000005 673.22500000000014 139.64500000000001 23682.162064527587 186.80062500000003 -73.012499999999989
decision_type=2 8 2 10 2 2 10 2 2 2 10 10 10 10 10 10 10 8 10 2 8 8 10 10 10 2 10 10 10 10
left_child=4 2 -2 7 8 25 29 10 9 -1 18 12 17 -13 15 16 -14 21 -4 22 -21 -3 -5 26 -8 -6 -24 -19 -22 -7
right_child=1 11 3 19 5 6 24 -9 -10 -11 -12 13 14 -15 -16 -17 -18 27 -20 20 28 -23 23 -25 -26 -27 -28 -29 -30 -31
leaf_value=-0.078966031839860257 2.5369487335812302 -0.014353330612080554 0.46246817141233643 0.015700984759040786 -0.021116968490407218 0.007465227690493805 -0.57276083849614756 -0.18962102874913919 0.030655262748602488 -1.248413581861691 0.0079765697445000425 -0.38263660221423912 0.99614995409802687 0.29693791499263361 0.73185124397277834 -0.41232982140779489 0.14634008062197201 -0.019040253768486878 0.21357284084683964 0.03859108021677992 -0.78755625963211062 0.3018461719310932 0.747866911706634 -0.39273697094483806 -1.3259988225233263 -0.30525126907055689 0.24689372152090072 0.51450272797022834 -0.15773479698400342 -0.17766194596721324
leaf_weight=1713 47 364 581 401 8042 678 182 167 11941 43 356 308 40 75 111 59 133 10770 838 917 44 426 116 43 40 222 161 58 426 1399
leaf_count=1713 47 364 581 401 8042 678 182 167 11941 43 356 308 40 75 111 59 133 10770 838 917 44 426 116 43 40 222 161 58 426 1399
internal_value=0.00236497 0.0341324 0.144039 0.11565 -0.0191644 -0.0606545 -0.175147 0.215819 0.0128345 -0.108297 0.254049 -0.00235445 0.00556777 -0.249134 0.342091 0.15327 0.347424 -0.00439604 0.315735 0.0233108 -0.0485347 0.15632 0.161397 0.343354 -0.713817 -0.0287858 0.458623 -0.0161351 -0.218244 -0.117256
internal_weight=40701 16441 4097 4050 24260 10563 2299 1942 13697 1756 1775 12344 11961 383 343 232 173 11618 1419 2108 1387 790 721 320 222 8264 277 10828 470 2077
internal_count=40701 16441 4097 4050 24260 10563 2299 1942 13697 1756 1775 12344 11961 383 343 232 173 11618 1419 2108 1387 790 721 320 222 8264 277 10828 470 2077
is_linear=0
shrinkage=0.03


Tree=195
num_leaves=31
num_cat=0
split_feature=6 8 28 5 29 13 1 17 39 40 13 38 28 40 35 39 15 13 15 13 4 34 28 27 16 6 12 12 5 41
split_gain=34456.1 26464.1 29062.3 42300.3 38849.6 46537.9 28152.1 39444.1 42902.2 27901.1 31647 35637.3 25305.1 22422.1 107437 33035 27310.7 42980.1 30528.6 26208.6 25578.7 23052.2 22441.6 25199.5 22435.1 31151.1 29942.7 26478.3 22147.3 21449
threshold=30.328193832599123 382.25625000000008 28188.687500000004 50256.250000000007 358.24500000000006 75.030000000000015 3.5000000000000004 15038.022070000001 -56.864999999999995 34.675000000000004 272.55000000000007 125.94500000000001 24814.437500000004 -40.377499999999991 82.628750000000011 -7.5850000000000071 205.21437500000005 21.085000000000004 189.57125000000002 122.84500000000001 348.50000000000006 212.37000000000003 52354.935156250009 51807.587500000001 3883.4397859913556 20.822687224669608 71.831077898550745 120.57864583333334 39956.250000000007 11203.450096678402
decision_type=2 2 8 2 10 10 2 8 10 10 10 10 10 8 10 10 10 10 10 10 2 10 10 10 10 2 10 10 2 10
left_child=1 2 3 -1 5 -5 -3 -8 28 13 11 -11 -2 14 15 16 18 -18 19 21 24 29 23 -22 -15 26 -26 -28 -9 -4
right_child=12 6 9 4 -6 -7 7 8 -10 10 -12 -13 -14 20 -16 -17 17 -19 -20 -21 22 -23 -24 -25 25 -27 27 -29 -30 -31
leaf_value=0.069723491010795391 0.93186789097530498 -0.0061903818567487249 0.028459655603089318 0.71882900602529554 1.3452150440216064 -0.40526549547348384 0.0080247779154187116 -0.82510351707127461 -0.13447422950666901 -0.2626325829986666 0.33582354079931975 -1.2111210570165087 0.16861693296421759 0.0061984303281038501 1.2358632555384845 -0.70865070394749907 1.035141518452475 0.12637164274787471 -0.49420154232835883 0.73052044374602187 -0.15813430745670773 -0.51540639144532818 0.14313175112656923 -0.72885978858470912 -0.25693283799411509 0.195613914969852 0.030468113930130596 -0.31258144048690795 -0.34243807483513494 0.30834796198161774
leaf_weight=2434 41 4009 5998 88 41 52 1148 120 1337 243 63 41 582 19281 67 52 61 193 97 48 995 67 206 74 933 305 1065 249 303 256
leaf_count=2434 41 4009 5998 88 41 52 1148 120 1337 243 63 41 582 19281 67 52 61 193 97 48 995 67 206 74 933 305 1065 249 303 256
internal_value=-0.000940614 -0.00440631 0.00680578 0.102742 0.543933 0.301395 -0.0577433 -0.128788 -0.217981 -0.0014786 -0.268554 -0.403331 0.22026 0.0016249 0.0493371 0.0374173 0.043295 0.347823 0.0312805 0.0393599 -0.0124975 0.0339967 -0.143055 -0.198286 -0.00486698 -0.0884386 -0.127065 -0.0347273 -0.480988 0.039964
internal_weight=40449 39826 32909 2615 181 140 6917 2908 1760 30294 347 284 623 29947 6839 6772 6720 254 6466 6369 23108 6321 1275 1069 21833 2552 2247 1314 423 6254
internal_count=40449 39826 32909 2615 181 140 6917 2908 1760 30294 347 284 623 29947 6839 6772 6720 254 6466 6369 23108 6321 1275 1069 21833 2552 2247 1314 423 6254
is_linear=0
shrinkage=0.03


Tree=196
num_leaves=31
num_cat=0
split_feature=5 26 28 4 5 28 38 40 5 8 5 12 6 14 28 15 14 6 14 33 7 37 11 39 29 15 13 15 31 13
split_gain=31146.4 311473 24963 25770.5 24736.6 30783.5 32108 30375.9 26791.1 27439 30948.2 23434 22548.4 31500.8 31241.2 25700 32384.7 22666.3 30945.3 22410.3 22762.7 22262 21875.6 20479.7 20251.9 23558 22587.9 31594.6 20091.4 19958.3
threshold=67650.562500000015 33241.500000000007 45350.062500000007 16.500000000000004 34554.750000000007 27979.812500000004 -1.7187499999999856 46.890000000000022 51956.250000000007 290.38750000000005 50050.312500000007 250.48604166666669 11.287004405286348 378.58500000000009 38972.531250000007 284.98812500000003 378.58500000000009 25.129955947136569 279.92000000000002 116.78500000000001 11.411458333333337 2.3137500000000064 92.065000000000012 -77.796249999999986 172.75125000000003 75.107291666666683 52.750000000000007 36.776875000000011 236.88000000000002 -1.0000000180025095e-35
decision_type=2 10 10 2 2 8 8 10 2 2 2 10 2 10 8 10 10 2 10 10 2 10 10 10 10 10 10 10 10 10
left_child=4 -2 3 -3 22 8 19 12 9 10 -6 -4 14 17 -8 16 24 -14 -19 -7 -21 -15 -1 -10 26 -26 -16 -28 -25 -24
right_child=1 2 11 -5 5 6 7 -9 23 -11 -12 -13 13 21 15 -17 -18 18 -20 20 -22 -23 29 28 25 -27 27 -29 -30 -31
leaf_value=-0.05617537506360356 2.6892986342092837 0.76565994395584347 0.016251674724666171 0.13252843413866408 0.10690940537374942 -0.0091030815602235332 0.092885357941825772 -0.5307137982943736 0.98895975324917929 -0.064468054153927243 0.76312391569365323 -0.43842835034761163 -0.06627464723067765 -0.84846753068872405 -0.068526252143192384 -0.3456505774573983 0.44066023852018749 0.08888007557599524 -0.68625381410121911 0.084013877185159611 -0.4568911298773658 -0.17462191601949079 -0.79027730717567291 0.0060766079856289755 -0.73709185620600515 -0.12954856754342714 0.37500513750185932 0.018088205989885333 0.66861299177826339 -0.21712356905022562
leaf_weight=1256 40 60 1841 1149 1902 5720 2656 108 43 987 66 107 10016 73 3093 221 135 1356 47 5182 70 111 64 107 65 449 242 2743 66 355
leaf_count=1256 40 60 1841 1149 1902 5720 2656 108 43 987 66 107 10016 73 3093 221 135 1356 47 5182 70 111 64 107 65 449 242 2743 66 355
internal_value=0.00145922 0.0912944 0.0575359 0.164556 -0.00627747 -0.000954095 -0.00971514 -0.0311788 0.0882254 0.0645749 0.129293 -0.00893519 -0.02861 -0.0567518 0.00539166 -0.028063 -0.0175795 -0.0504556 0.0624431 0.0319809 0.076719 -0.445104 -0.1189 0.409989 -0.0270294 -0.20766 -0.0117223 0.0471401 0.261226 -0.306343
internal_weight=40330 3197 3157 1209 37133 35458 32287 21315 3171 2955 1968 1948 21207 11603 9604 6948 6727 11419 1403 10972 5252 184 1675 216 6592 514 6078 2985 173 419
internal_count=40330 3197 3157 1209 37133 35458 32287 21315 3171 2955 1968 1948 21207 11603 9604 6948 6727 11419 1403 10972 5252 184 1675 216 6592 514 6078 2985 173 419
is_linear=0
shrinkage=0.03


Tree=197
num_leaves=31
num_cat=0
split_feature=32 6 25 15 41 25 6 8 18 4 28 13 27 28 13 18 25 4 28 26 11 35 32 7 11 35 27 7 37 27
split_gain=28263.6 164739 24139.5 34537.6 22747.2 28402 23406.6 26042.8 23140.7 42144.2 22403.4 32604.5 36424.6 31904.1 30121.1 21337.7 27949.7 20924.5 35642 20835.7 20415.8 24129 20726.4 19265.6 17461 16305.6 17298.6 15927.3 15765.5 15468.8
threshold=219.715 0.39295154185022024 190.57583333333335 150.76333333333335 13654.425545070624 146.7260416666667 31.152202643171815 718.48750000000007 1.5000000000000002 140.50000000000003 41960.066875000011 351.34500000000008 43159.333333333336 25936.687500000004 190.41000000000005 1.0000000180025095e-35 177.58057291666668 348.50000000000006 52354.935156250009 42159.44000000001 494.55500000000006 28.081250000000001 137.46500000000003 3.8559027777777781 240.42500000000004 68.491250000000022 42740.770833333343 11.411458333333337 111.355 55427.884739583344
decision_type=10 2 10 10 10 10 2 2 2 2 10 10 10 10 10 2 10 2 10 10 10 10 10 2 10 10 10 2 10 10
left_child=4 -2 15 -4 6 -6 7 17 -9 -10 13 12 14 -5 -12 16 -3 23 20 28 21 22 -19 -1 25 26 -16 29 -15 -25
right_child=1 2 3 10 5 -7 -8 8 9 -11 11 -13 -14 19 24 -17 -18 18 -20 -21 -22 -23 -24 27 -26 -27 -28 -29 -30 -31
leaf_value=0.046365033019305765 1.654774867720902 0.29883227457602818 -0.70767548513309708 0.55165890369726256 0.22452377895057432 -0.34661185460144212 0.20315655570477245 -0.10234392790303071 -1.3186397167614528 -0.20455828722533972 -0.10011931593334951 -0.63107486216227204 -0.022958815779922336 -0.028149288971943298 0.12028285589355689 0.080023962268647594 1.1895056941966677 -0.14103833892594636 0.18918456722216084 -0.58992418037098526 0.32711455521129429 -0.74843715105056752 -0.58766813969186371 -0.010594135790206618 0.74078298515607321 -0.19820786108347502 0.93001904328664142 -0.21938500863034277 -0.52836418621001702 -0.47040000778707591
leaf_weight=5674 59 125 57 68 660 88 457 716 41 114 85 44 347 666 51 222 42 869 264 76 62 74 104 28928 169 43 44 335 61 65
leaf_count=5674 59 125 57 68 660 88 457 716 41 114 85 44 347 666 51 222 42 869 264 76 62 74 104 28928 169 43 44 335 61 65
internal_value=-0.000819524 0.104775 0.0604603 0.0119043 -0.00675115 0.156958 -0.0100031 -0.0126239 -0.174642 -0.505815 0.037115 0.153468 0.20097 -0.0675388 0.398746 0.273454 0.528581 -0.00873969 -0.12358 -0.120595 -0.198138 -0.229524 -0.189331 -0.00423152 0.536745 0.283341 0.5011 -0.0140215 -0.0707887 -0.0116412
internal_weight=40610 2159 2100 1711 38451 748 37703 37246 871 155 1654 783 739 871 392 389 167 36375 1373 803 1109 1047 973 35002 307 138 95 29328 727 28993
internal_count=40610 2159 2100 1711 38451 748 37703 37246 871 155 1654 783 739 871 392 389 167 36375 1373 803 1109 1047 973 35002 307 138 95 29328 727 28993
is_linear=0
shrinkage=0.03


Tree=198
num_leaves=31
num_cat=0
split_feature=7 11 37 7 25 12 13 13 25 6 7 6 4 15 33 7 14 12 11 39 12 6 33 14 25 35 38 27 27 6
split_gain=27028.7 28580.2 105111 25862.3 32576 46317.1 95290.7 27226.3 23802 114503 25431.1 25666.9 23310.3 26053.7 40970.2 32496.4 29432.7 34445.2 23398.1 23197.9 31907.8 24758.8 34757.5 24281.2 28243.3 23056.8 22660 22513.6 35902.7 25676.8
threshold=10.071180555555559 278.64500000000004 -20.489999999999998 3.6475694444444451 190.57583333333335 177.02817708333336 93.280000000000015 298.67500000000001 351.38812500000012 1.2028634361233481 8.0260416666666696 1.2028634361233481 180.50000000000003 458.07729166666678 650.50000000000011 4.8489583333333348 596.0150000000001 513.26479166666684 524.47500000000002 -60.971249999999991 443.54708333333343 18.254625550660801 350.39000000000004 446.67500000000001 311.9752083333334 132.05875000000003 24.912500000000005 27049.395833333336 26213.354166666668 15.917841409691631
decision_type=2 10 10 2 8 10 10 10 10 2 2 2 2 10 10 2 10 10 10 10 10 2 10 10 10 10 10 10 10 2
left_child=1 3 -3 -1 5 27 -7 25 9 -4 11 -10 26 15 16 -14 -15 -18 -19 21 23 22 -11 -21 -25 -6 -13 28 -5 -30
right_child=-2 2 8 4 7 6 -8 -9 10 19 -12 12 13 14 -16 -17 17 18 -20 20 -22 -23 -24 24 -26 -27 -28 -29 29 -31
leaf_value=0.060485225681488924 -0.13765142988216458 1.2035735325098038 1.7253489017050441 0.01512282100873334 -0.10275576014034757 1.6238277758621587 0.14268588979715371 0.29268972502679241 -0.49619975846934028 0.3278121826997617 -0.55828345819065961 0.042245728969573973 0.36521579349723954 -0.49882758425251877 0.45265042175099535 -0.00086945311558260096 0.41917722582254768 0.14803757297992706 -0.54282686300368777 0.053392425716640823 0.66975411314763778 -0.025300092423295086 1.3328365594148637 -0.96906062174588437 0.018303826877783085 -0.43761225388801878 -0.82246900812634882 -0.011578199939177783 1.3082084106235969 0.28315674957856535
leaf_weight=5173 1218 74 40 174 2671 40 849 146 82 122 71 56 431 181 105 441 105 74 107 770 67 93 41 47 57 198 52 26835 40 49
leaf_count=5173 1218 74 40 174 2671 40 849 146 82 122 71 56 431 181 105 441 105 74 107 770 67 93 41 47 57 198 52 26835 40 49
internal_value=0.00146581 0.00579277 0.0945026 -0.0016056 -0.0119677 -0.00187265 0.211079 -0.105644 0.0662067 0.16633 -0.00648903 0.0178141 0.0452741 0.0771582 -0.0800966 0.180285 -0.20059 -0.0107655 -0.261113 0.112836 0.0437957 0.365455 0.587195 -0.00490026 -0.432888 -0.12601 -0.377824 -0.00886644 0.266821 0.753271
internal_weight=40409 39191 3016 36175 31002 27987 889 3015 2942 1237 1705 1634 1552 1444 572 872 467 286 181 1197 941 256 163 874 104 2869 108 27098 263 89
internal_count=40409 39191 3016 36175 31002 27987 889 3015 2942 1237 1705 1634 1552 1444 572 872 467 286 181 1197 941 256 163 874 104 2869 108 27098 263 89
is_linear=0
shrinkage=0.03


Tree=199
num_leaves=31
num_cat=0
split_feature=0 17 16 5 4 8 28 6 4 1 15 28 4 8 39 14 37 13 0 37 13 24 4 15 41 17 34 32 4 5
split_gain=28675.3 37595 23099.6 34809.9 41976 33695.3 33230.7 73314 31565.1 28370 24715.6 22892 21788.2 28712.8 43111.1 27732 21574.6 20105.6 19894.2 18339.3 18309.5 20781.6 19637.8 18885.1 18220.1 19126.9 18216.3 18206.8 18111.3 49820.9
threshold=14.500000000000002 1791.2960900000005 3465.2187251721621 43906.250000000007 261.50000000000006 71.343750000000014 39046.516718750012 1.2028634361233481 263.50000000000006 4.5000000000000009 302.37062500000008 25936.687500000004 357.50000000000006 253.75625000000002 -18.205000000000002 117.40500000000002 153.73500000000004 0.85125000000000017 5.5000000000000009 4.6250000000000027 57.760000000000012 175.33500000000004 231.50000000000003 81.293541666666684 8671.3491436982094 18.709460000000004 137.00500000000002 236.91500000000002 122.50000000000001 41706.250000000007
decision_type=2 10 8 2 2 2 8 2 2 2 10 8 2 2 8 10 10 10 2 10 10 10 2 10 10 10 10 10 2 2
left_child=1 2 -1 4 5 -4 7 -5 26 -7 -8 19 13 14 15 18 24 -17 -9 -2 23 -22 -23 -11 -13 -26 -6 -16 29 -3
right_child=11 28 3 6 8 9 10 12 -10 20 -12 16 -14 -15 27 17 -18 -19 -20 -21 21 22 -24 -25 25 -27 -28 -29 -30 -31
leaf_value=0.06674313230529412 0.38611654082907643 -1.0978710892320507 -0.0022642998442807725 1.2779822399814922 -0.32689734944483129 0.16991214147558176 -0.019126328869831621 -0.25078369124554273 -0.18238969981589206 -0.36813940979424536 -0.31300098125517034 0.016230044864877453 -0.26921128931762167 -0.014745579168956732 0.057262909730795453 0.87952069684382406 -0.53631495698805776 0.31716585024013461 0.1990234442721022 0.064560554975341702 -0.014533740053771109 -0.80375075691162723 -0.012076669563638402 -1.0123131940949639 0.046043878275414798 0.34091239386272648 -1.2379256497359858 -0.2970846620962328 -0.066057932042758838 -0.16398774232521449
leaf_weight=3273 281 53 4346 44 40 136 6622 128 1393 192 267 13720 172 1898 1162 61 61 815 281 369 245 72 46 52 510 323 40 146 2738 1094
leaf_count=3273 281 53 4346 44 40 136 6622 128 1393 192 267 13720 172 1898 1162 61 61 815 281 369 245 72 46 52 510 323 40 146 2738 1094
internal_value=-0.00259116 -0.0221728 -0.0066053 -0.0198294 -0.075041 -0.0342014 0.0114178 0.0728484 -0.216017 -0.220756 -0.0305599 0.0298852 0.0612052 0.0739169 0.138796 0.262139 0.0221297 0.357283 0.0579842 0.203951 -0.308421 -0.172573 -0.497827 -0.508994 0.0245071 0.160652 -0.792071 0.0175136 -0.108025 -0.208059
internal_weight=40580 25316 21431 18158 6562 5089 11596 4707 1473 743 6889 15264 4663 4491 2593 1285 14614 876 409 650 607 363 118 244 14553 833 80 1308 3885 1147
internal_count=40580 25316 21431 18158 6562 5089 11596 4707 1473 743 6889 15264 4663 4491 2593 1285 14614 876 409 650 607 363 118 244 14553 833 80 1308 3885 1147
is_linear=0
shrinkage=0.03


Tree=200
num_leaves=31
num_cat=0
split_feature=5 1 32 0 0 25 12 8 28 5 12 14 13 4 39 0 30 4 7 27 33 13 14 27 27 27 28 28 12 25
split_gain=27359.3 28850.2 174678 68714.7 47536.5 43020.5 38042.5 34615.7 48313.7 58510.9 33524.9 39659.7 32632.1 27644 25622 25934 25171.7 24896.4 24676.7 25567.1 22739.5 21496.5 36481.4 25123.1 22464.8 27186.1 28927 22614 28978 21138.5
threshold=36000.812500000007 1.0000000180025095e-35 264.94500000000005 5.5000000000000009 20.500000000000004 261.19083333333339 364.06333333333345 230.68125000000001 27979.812500000004 50050.312500000007 25.359479166666667 394.12500000000006 144.90000000000003 350.50000000000006 -75.013749999999973 11.500000000000002 -0.074999999999999997 261.50000000000006 3.1406250000000004 55427.884739583344 194.21500000000003 6.7475000000000014 201.74000000000004 53164.391718750012 26467.625000000004 29012.854166666672 34125.907031250004 34956.812500000007 95.317083333333343 417.90270833333335
decision_type=2 2 10 2 2 10 10 2 8 2 10 10 10 2 8 2 10 2 2 10 10 10 10 10 10 10 10 10 10 10
left_child=17 2 3 5 6 -2 10 8 9 -3 -5 12 13 16 15 -10 -12 29 -16 -20 -19 22 -18 24 -23 -26 -27 28 -28 -1
right_child=1 7 -4 4 -6 -7 -8 -9 14 -11 11 -13 -14 -15 18 -17 21 20 19 -21 -22 23 -24 -25 25 26 27 -29 -30 -31
leaf_value=-0.038490123421805376 -0.11532130088270329 0.14164244267604781 1.5083561839699744 -0.04122959001689222 -0.12456061464322861 -0.85321206873113453 1.0249431582066144 -0.052160532766909858 0.018108755785449796 1.0499642940666247 -0.17375211397739682 -0.37278582770445129 0.68425830130915966 -0.30130564825590883 0.13883087173329864 0.2024814026321908 0.30773937980060706 -0.1903794288996041 -0.014587942057093821 -0.5272449408132921 -0.73366775772694881 0.55698972197741059 1.1900188584327698 0.81229109784158371 -0.32803518607581061 0.589281033165445 0.24957322025513079 0.1449222971996422 -0.7434661196978366 -0.60419820550645953
leaf_weight=2348 938 1365 74 746 687 76 43 9689 1856 66 147 109 123 100 962 1089 717 348 17274 87 86 107 44 51 117 120 46 992 60 60
leaf_count=2348 938 1365 74 746 687 76 43 9689 1856 66 147 109 123 100 962 1089 717 348 17274 87 86 107 44 51 117 120 46 992 60 60
internal_value=-0.000846363 0.00592367 0.0708232 0.0501713 0.103582 -0.171413 0.148106 -0.00469239 0.0155706 0.18424 0.136977 0.185617 0.208946 0.185306 0.00421376 0.0863315 0.20569 -0.0905877 -0.00898876 -0.0171872 -0.299475 0.230502 0.360246 0.164174 0.140704 0.106947 0.148966 0.100352 -0.31422 -0.0528308
internal_weight=40527 37685 5297 5223 4209 1014 3522 32388 22699 1431 3479 2733 2624 2501 21268 2945 2401 2842 18323 17361 434 2254 761 1493 1442 1335 1218 1098 106 2408
internal_count=40527 37685 5297 5223 4209 1014 3522 32388 22699 1431 3479 2733 2624 2501 21268 2945 2401 2842 18323 17361 434 2254 761 1493 1442 1335 1218 1098 106 2408
is_linear=0
shrinkage=0.03


Tree=201
num_leaves=31
num_cat=0
split_feature=5 28 5 14 35 33 13 12 13 24 12 25 35 13 33 5 4 9 39 4 24 8 6 25 12 14 13 26 28 12
split_gain=30273 36775.9 295234 24540.7 26402.2 23766.1 24096.1 52279.7 28197.7 56331.4 22230.3 22061.4 22032.8 38815.7 21461.2 21404.8 22567.8 30520.8 25939.4 21391.4 26930 25627.9 20400.5 19823.2 23319 22069.2 21409.9 20948.2 36171.1 35741.2
threshold=39206.250000000007 34367.756562500006 65412.500000000007 41.100000000000009 132.05875000000003 650.50000000000011 75.030000000000015 111.80541666666669 86.885000000000005 182.49000000000004 124.95796875000001 120.57864583333334 -30.215 250.07500000000002 321.72500000000008 74725.000000000015 60.500000000000007 331.00500000000005 -0.33624999999997834 259.50000000000006 160.66750000000005 6.6000000000000014 8.029295154185025 46.149062500000007 21.927291666666672 193.83125000000004 -76.709999999999994 33799.500000000007 39046.516718750012 161.76687500000003
decision_type=2 8 2 10 10 10 10 10 10 10 10 10 8 10 10 2 2 10 10 2 10 2 2 8 8 10 10 8 8 10
left_child=19 2 3 -2 5 6 7 22 9 -8 11 -9 13 14 -10 23 18 -18 -17 21 -21 -1 -5 25 -25 26 -3 29 -29 -26
right_child=1 15 -4 4 -6 -7 8 10 12 -11 -12 -13 -14 -15 -16 16 17 -19 -20 20 -22 -23 -24 24 27 -27 -28 28 -30 -31
leaf_value=0.0061948268379128785 -0.21486356132121867 -0.55266826905239863 2.4681314924561786 0.42717922832397431 -0.15384479405852097 0.55527466773143719 -1.2364512009696028e-06 0.35710956975817681 0.27791894857709604 -0.86031287898940412 0.26860825594725474 1.0575079284591622 0.038565053377343443 -0.22906661804697728 1.1863084034707683 0.34322659514049803 0.93394153005403013 0.1248181971880274 -0.04233336221555984 -0.1090197553346831 -0.48821917934252801 -0.14526447816254603 0.065279211673266266 -0.29920136151058646 -0.11312712343954451 -0.65140201578053036 0.053355902313623089 0.057970732631031328 -0.036070925052937457 -0.94501052695877696
leaf_weight=3786 286 52 45 150 448 94 260 77 44 92 211 88 3187 54 51 217 68 108 561 933 205 1368 1969 270 917 40 5266 4924 14572 48
leaf_count=3786 286 52 45 150 448 94 260 77 44 92 211 88 3187 54 51 217 68 108 561 933 205 1368 1969 270 917 40 5266 4924 14572 48
internal_value=0.000420924 0.0115779 0.0725657 0.0568401 0.0684253 0.084311 0.0770623 0.149047 0.0283361 -0.226656 0.474583 0.734776 0.0553015 0.410638 0.772858 -0.00433699 0.135161 0.440944 0.0655097 -0.0600357 -0.177698 -0.0340266 0.0910868 -0.00944304 -0.0227376 0.0419904 0.0473273 -0.019075 -0.0123176 -0.155441
internal_weight=40391 34099 7056 7011 6725 6277 6183 2495 3688 352 376 165 3336 149 95 27043 954 176 778 6292 1138 5154 2119 26089 20731 5358 5318 20461 19496 965
internal_count=40391 34099 7056 7011 6725 6277 6183 2495 3688 352 376 165 3336 149 95 27043 954 176 778 6292 1138 5154 2119 26089 20731 5358 5318 20461 19496 965
is_linear=0
shrinkage=0.03


Tree=202
num_leaves=31
num_cat=0
split_feature=32 27 28 7 8 5 4 6 17 38 12 25 6 17 39 5 12 7 28 0 31 28 32 5 31 27 4 32 5 39
split_gain=30369 266200 53993.6 27851.2 25342.6 28354.4 61890.2 27208.4 25881.6 24287.7 30728 22023.1 29589.5 21727.9 26757.4 30857.2 32310 24405.9 23891 22545.3 26073.3 19605.3 18195.7 17934.9 25963.9 17923.9 17547.5 27103.9 17711.9 25305.3
threshold=264.94500000000005 30324.104166666672 42386.687500000007 9.4340277777777803 718.48750000000007 41706.250000000007 136.50000000000003 24.487004405286346 13220.68333 -121.27 59.837083333333347 115.44911458333335 16.601982378854633 325.70775500000008 -17.938749999999995 57205.250000000007 150.27250000000004 5.3489583333333348 43734.625000000007 12.500000000000002 179.15000000000001 43501.194687500007 -1.0000000180025095e-35 55705.625000000007 275.28500000000003 43085.083333333336 38.500000000000007 110.00250000000001 48802.812500000007 -97.55374999999998
decision_type=10 10 10 2 2 2 2 2 10 8 10 10 2 10 8 2 10 2 10 2 10 10 10 2 10 10 2 10 2 10
left_child=3 -2 23 4 7 6 -6 9 -8 10 -1 -5 -13 14 15 17 -17 -11 21 -15 -21 -18 -19 24 -3 -4 27 -24 -28 -30
right_child=1 2 25 11 5 -7 8 -9 -10 13 -12 12 -14 19 -16 16 18 22 -20 20 -22 -23 26 -25 -26 -27 28 -29 29 -31
leaf_value=-0.1199370391773326 2.5141064806495397 -0.047446308601251305 0.47868125868305356 -0.050872354467588012 -1.4676341371373698 -0.075180503743491597 -0.51582463189959527 0.10315602392438009 0.40284475736161496 0.066150203594729853 0.98050782992559304 -0.19730389489889597 -0.9122384877326124 -0.11021838621400137 -0.020996512232939593 0.086892160363933796 0.43171849976793375 -0.58089918907950899 0.062167665735408141 0.022138147488577464 -0.35272583716421979 1.1416984971932 -0.084449542190423124 -0.080818732476958602 -1.0226338133272135 0.039477535338281723 -0.031841633321376996 -0.75594794913478514 0.42844491682322078 0.041769902032046599
leaf_weight=41 41 46 212 1436 43 881 66 2573 46 5837 50 456 58 2939 12205 1932 232 50 142 3261 175 41 252 213 52 138 4989 68 166 1737
leaf_count=41 41 46 212 1436 43 881 66 2573 46 5837 50 456 58 2939 12205 1932 232 50 142 3261 175 41 252 213 52 138 4989 68 166 1737
internal_value=0.00271662 0.198171 0.0509391 -0.000746524 0.00496922 -0.141284 -0.514118 0.00910265 -0.138288 0.00200662 0.488789 -0.111273 -0.279592 0.000690428 0.0122017 0.0384336 0.138584 0.0204801 0.378442 -0.0492326 0.00294876 0.542123 -0.0162323 -0.236297 -0.569996 0.306115 -0.0122376 -0.229053 -0.00213889 0.0757071
internal_weight=40378 702 661 39676 37726 1036 155 36690 112 34117 91 1950 514 34026 27651 15446 2347 13099 415 6375 3436 273 7262 311 98 350 7212 320 6892 1903
internal_count=40378 702 661 39676 37726 1036 155 36690 112 34117 91 1950 514 34026 27651 15446 2347 13099 415 6375 3436 273 7262 311 98 350 7212 320 6892 1903
is_linear=0
shrinkage=0.03


Tree=203
num_leaves=31
num_cat=0
split_feature=32 6 39 4 41 5 24 2 6 8 1 5 14 7 17 34 0 5 15 7 14 4 39 10 24 39 12 8 31 26
split_gain=30101.6 200391 26112 29737.5 22341.9 21445.9 21211 26018.7 20127.4 24468.5 23431.5 21540.2 20108.3 17863.8 17453.4 30041.4 31374.3 22645.4 31038.3 31793.9 25502.4 23682.7 22762.5 28487.1 39061.2 22367.8 21014.5 20125.5 41465.6 36407.4
threshold=225.00500000000002 0.39295154185022024 -51.239999999999995 276.50000000000006 13654.425545070624 62500.625000000007 294.04500000000007 9.5000000000000018 27.638325991189436 771.49375000000009 1.0000000180025095e-35 41843.750000000007 190.14875000000004 10.565972222222223 298.30722000000009 197.88500000000002 13.500000000000002 39206.250000000007 513.26479166666684 6.9288194444444473 488.71500000000009 348.50000000000006 -17.938749999999995 396.59500000000008 395.76500000000004 -14.184999999999993 406.63729166666673 310.42500000000007 345.48500000000007 36259.626250000008
decision_type=10 2 10 2 10 2 8 2 2 2 2 2 10 2 10 10 2 2 10 2 10 2 8 10 10 10 10 2 10 10
left_child=4 -2 3 -3 8 6 -4 -8 9 13 -10 -11 -6 14 17 16 -16 18 19 20 -1 22 27 24 -24 -21 -23 29 -29 -19
right_child=1 2 5 -5 12 -7 7 -9 10 11 -12 -13 -14 -15 15 -17 -18 21 -20 25 -22 26 23 -25 -26 -27 -28 28 -30 -31
leaf_value=-0.030521146642314811 1.9367307227962423 0.16689551108761838 0.017391142706815643 1.0667799806626552 0.23014759516988811 0.15677827915085313 -0.1575204674590458 -0.97721195365107327 0.41579689107359719 -0.74534021912709525 0.055823370451230162 -0.14241777407582148 -0.16352868484022717 -0.15228943003566231 -0.10675183699501341 -0.8048340092250641 0.021078522647610218 0.17364881332217116 -0.68284846266974575 -0.16044771134479396 0.31972530421843892 -0.0930847492531542 -0.01129213831551678 0.2017259210469606 -0.44121272119203792 -0.63217225094545959 -0.7777733305522373 -0.0068800875145672378 -0.78232311506755647 0.037518364670104686
leaf_weight=4619 52 113 759 46 621 712 187 42 187 68 1215 238 143 770 3506 46 3406 2371 68 517 194 1042 9716 551 193 109 41 2051 63 6949
leaf_count=4619 52 113 759 46 621 712 187 42 187 68 1215 238 143 770 3506 46 3406 2371 68 517 194 1042 9716 551 193 109 41 2051 63 6949
internal_value=0.0015733 0.117771 0.0658769 0.43228 -0.00416978 0.0313734 -0.0590664 -0.311452 -0.00740781 -0.0116915 0.104099 -0.278392 0.156345 -0.00943021 -0.0063223 -0.0489138 -0.0437674 0.00408321 -0.0505499 -0.0425206 -0.0163401 0.017179 0.0239549 -0.00802679 -0.0197095 -0.243462 -0.119699 0.0532104 -0.0303483 0.0721647
internal_weight=40595 1911 1859 159 38684 1700 988 229 37920 36518 1402 306 764 36212 35442 6958 6912 28484 5507 5439 4813 22977 21894 10460 9909 626 1083 11434 2114 9320
internal_count=40595 1911 1859 159 38684 1700 988 229 37920 36518 1402 306 764 36212 35442 6958 6912 28484 5507 5439 4813 22977 21894 10460 9909 626 1083 11434 2114 9320
is_linear=0
shrinkage=0.03


Tree=204
num_leaves=31
num_cat=0
split_feature=5 27 24 28 7 28 14 40 16 35 11 23 13 13 25 5 13 25 38 14 0 11 16 32 14 27 11 27 38 25
split_gain=25233.5 68682.9 258782 35324.6 31665.5 30582.2 30259.5 28152.5 33677.9 25635.4 24506.5 23285.3 23181 27386.9 26611.5 24338.8 23441.7 47565.2 23059 28083.7 35409.5 25358.2 56350.3 24264.1 20938.7 20610.8 20108.2 19212.7 39935.3 18984.6
threshold=52400.500000000007 30324.104166666672 410.02500000000003 28188.687500000004 8.2864583333333375 39371.763750000006 215.80500000000004 -34.756249999999994 11044.93353356282 50.590000000000003 190.00500000000002 2.5000000000000004 351.34500000000008 329.49500000000006 351.38812500000012 73551.500000000015 229.99000000000004 295.79687500000006 -5.1512500000000037 97.020000000000024 17.500000000000004 -0.51624999999999988 2804.1512944801857 264.94500000000005 394.12500000000006 30960.169791666671 272.52000000000004 31804.515520833334 100.01500000000001 37.054635416666677
decision_type=2 8 10 10 2 8 10 10 10 10 10 2 10 10 10 2 10 10 8 10 2 10 8 10 10 10 10 10 10 8
left_child=4 2 3 -2 18 7 -6 8 -3 11 -8 -5 13 14 16 -16 24 -18 19 20 21 22 -1 27 26 -9 29 -20 -29 -7
right_child=1 5 -4 9 6 12 10 25 -10 -11 -12 -13 -14 -15 15 -17 17 -19 23 -21 -22 -23 -24 -25 -26 -27 -28 28 -30 -31
leaf_value=-1.4184179289021142 0.60624097213316497 0.41671901970672948 2.1035595739019266 -0.056815738404611883 -0.094167518723152183 0.15485587058805139 -0.92756638616323472 -0.46231996150687338 -0.38754442806513806 -0.47406373542848701 -0.23206789122079499 0.74957705633980887 -0.69541552887406455 0.62128144352696835 -0.55845537095641096 0.085627760333674294 0.81486027883365741 -0.060958172372028011 0.024530762757347106 0.068436073555158877 0.14870664000276182 -0.082397516755540204 0.080490694344043739 -0.63209222698211665 -0.47547465011297935 0.085472508527328295 0.24093664485408414 -0.041285244750036504 -0.4811065999241102 -0.014743581588948788
leaf_weight=40 88 416 67 138 1734 632 71 63 52 96 127 41 42 63 143 83 95 133 4525 5860 647 2117 50 59 82 1824 309 11017 188 9643
leaf_count=40 88 416 67 138 1734 632 71 63 52 96 127 41 42 63 143 83 95 133 4525 5860 647 2117 50 59 82 1824 309 11017 188 9643
internal_value=-0.000289215 0.0322592 0.4051 0.0866926 -0.0175398 0.0204246 -0.134439 0.118689 0.326721 -0.081157 -0.484872 0.131027 -0.000199971 0.002473 -0.00108839 -0.322576 0.00560999 0.305931 -0.00831748 0.0308546 -0.0463069 -0.103518 -0.593957 -0.0299373 -0.000837852 0.0669485 0.00288399 -0.0276387 -0.0487069 -0.00429772
internal_weight=40445 14010 430 363 26435 13580 1932 2355 468 275 198 179 11225 11183 11120 226 10894 228 24503 8714 2854 2207 90 15789 10666 1887 10584 15730 11205 10275
internal_count=40445 14010 430 363 26435 13580 1932 2355 468 275 198 179 11225 11183 11120 226 10894 228 24503 8714 2854 2207 90 15789 10666 1887 10584 15730 11205 10275
is_linear=0
shrinkage=0.03


Tree=205
num_leaves=31
num_cat=0
split_feature=6 8 1 34 13 15 4 27 6 35 24 7 5 28 4 15 15 25 39 35 25 6 38 28 34 15 35 13 13 24
split_gain=21983.9 28233.9 25284.9 25606.2 24965.1 24382.6 40833.3 33766.2 24162.7 21186 20984.4 20063.9 20561.1 39497.5 26345.7 37369.3 43424 34531.8 32126.4 29449.9 28661.2 27099.9 23213.7 22597 25644.9 23559.4 24801.6 21767.7 25214.3 25905.2
threshold=31.152202643171815 519.89375000000007 1.0000000180025095e-35 -22.649999999999995 -0.027499999999999997 112.72614583333335 207.50000000000003 25142.895833333336 23.761233480176212 145.46750000000003 410.02500000000003 10.565972222222223 48602.062500000007 38972.531250000007 259.50000000000006 171.18250000000003 216.12250000000003 261.19083333333339 -2.628749999999997 7.4350000000000023 193.36104166666669 10.766299559471367 -20.084999999999997 38461.924843750006 190.68500000000003 373.12250000000006 -4.8624999999999972 80.282500000000013 88.010000000000005 149.44875000000002
decision_type=2 2 2 10 10 10 2 10 2 10 8 2 2 8 2 10 10 10 10 10 10 2 10 10 10 10 10 10 10 10
left_child=1 8 4 -4 -3 -5 7 -7 9 11 -11 12 14 23 22 -16 21 20 19 -19 -18 -17 -1 25 -25 27 -27 -14 29 -29
right_child=-2 2 3 5 -6 6 -8 -9 -10 10 -12 -13 13 -15 15 16 17 18 -20 -21 -22 -23 -24 24 -26 26 -28 28 -30 -31
leaf_value=0.072616536790640313 0.19987579163846214 -0.10108850867146442 -0.73836294971663374 -0.051636860414782902 0.291441210674867 0.69956223392486572 -0.5159651920917756 -0.15421423464541295 0.11016409955363386 -0.11604482924116069 -0.67303373457612214 -0.15280176509442386 0.13352712313006121 0.0017797572695552922 -0.041152450221602861 -0.091500238551951857 -0.14750752828701438 -0.4627816167142656 -0.73840020993605571 0.32368794958670061 0.58699285032749171 -0.67333148973769152 -0.021462271997615849 0.24464307544635067 1.0274759160917859 0.97314969998841383 0.2206799704989848 0.014259955330950314 0.015846035616421852 -0.85318652378395199
leaf_weight=3149 474 283 57 2381 299 44 306 568 1795 347 73 756 1826 12491 3483 100 91 80 93 90 99 260 9417 315 42 48 207 60 1209 63
leaf_count=3149 474 283 57 2381 299 44 306 568 1795 347 73 756 1826 12491 3483 100 91 80 93 90 99 260 9417 315 42 48 207 60 1209 63
internal_value=-0.00301648 -0.00542377 -0.0816882 -0.113343 0.100726 -0.102324 -0.23359 -0.0917905 0.00289902 -0.00271763 -0.214224 -8.93326e-05 0.00340069 0.027469 -0.01981 -0.0839346 -0.266943 -0.071169 -0.293331 -0.0469574 0.236275 -0.512413 0.00211748 0.112561 0.339354 0.0887462 0.365569 0.0662848 -0.0259268 -0.433339
internal_weight=40506 40032 3938 3356 582 3299 918 612 36094 34299 420 33879 33123 16261 16862 4296 813 453 263 170 190 360 12566 3770 357 3413 255 3158 1332 123
internal_count=40506 40032 3938 3356 582 3299 918 612 36094 34299 420 33879 33123 16261 16862 4296 813 453 263 170 190 360 12566 3770 357 3413 255 3158 1332 123
is_linear=0
shrinkage=0.03


Tree=206
num_leaves=31
num_cat=0
split_feature=7 40 6 24 40 13 15 14 14 2 28 28 7 14 5 15 5 39 14 4 28 38 32 5 15 38 5 10 11 14
split_gain=23459.4 25368.3 24757.3 49682.2 24047.5 22273.4 44415.1 24298.9 23856.7 22863.8 22121.9 21562.7 26165.1 25743.2 24779.1 35434.9 21837.8 34128.6 28439.5 22621.5 32342.4 19035.2 18485.1 18410.9 17848.6 22583.9 18970.9 17468.1 17141 16500.3
threshold=4.4739583333333348 4.9700000000000006 4.4074889867841422 395.76500000000004 -42.688749999999992 293.64000000000004 396.69062500000013 469.85000000000008 576.00000000000011 7.5000000000000009 36951.315156250006 43899.500000000007 8.2864583333333375 220.38000000000002 53003.125000000007 364.06333333333345 50154.875000000007 -96.784999999999982 435.53000000000003 322.50000000000006 39886.562500000007 -121.27 114.41375000000001 45612.750000000007 373.12250000000006 29.065000000000005 43376.250000000007 22.495000000000001 446.94500000000005 286.06000000000006
decision_type=2 10 2 10 8 10 10 10 10 2 8 10 2 10 2 10 2 10 10 2 10 8 10 2 10 8 2 8 10 10
left_child=10 2 3 4 -2 7 -7 28 -8 -9 -1 12 16 23 15 -15 19 -18 -19 21 -21 -4 -16 -14 25 29 -27 -28 -3 -12
right_child=1 5 11 -5 -6 6 8 9 -10 -11 24 -13 13 14 22 -17 17 18 -20 20 -22 -23 -24 -25 -26 26 27 -29 -30 -31
leaf_value=0.0964276872740292 0.35350684463458715 -0.10549890531921301 0.55436120807060163 1.1253171869603598 0.038667855329249018 0.44184388708947275 -0.70775635766571965 -0.97941926734315032 0.020398669518530366 -0.21560938405990601 0.014029689417924842 -0.072039153052214658 -0.16958032740798742 -0.84672344716845971 -0.54788082054301868 0.16018796150074446 0.38783916532593282 0.070072888302828401 -0.38382384664790575 -0.1073729764442601 -0.98534596360459625 -8.1455400340871767e-05 0.028838341094440584 0.015811984428864851 0.6333043918377016 -0.73909038893381751 -0.68763451792977071 -0.072954985202414932 0.45490777013897898 0.24817908879131712
leaf_weight=3846 243 2893 55 40 2080 196 57 53 134 104 6863 4346 710 121 66 42 297 3374 128 166 48 11547 197 1497 40 44 43 775 49 281
leaf_count=3846 243 2893 55 40 2080 196 57 53 134 104 6863 4346 710 121 66 42 297 3374 128 166 48 11547 197 1497 40 44 43 775 49 281
internal_value=0.00187409 -0.0129197 -0.00232948 0.0900429 0.0717399 -0.0887149 0.125637 -0.115515 -0.199459 -0.478023 0.0372556 -0.0119938 0.00230992 -0.0851539 -0.298385 -0.587879 0.0170626 0.0796207 0.0533779 -0.00305574 -0.307969 0.00259447 -0.117417 -0.0438792 0.00896281 0.00576474 -0.139198 -0.106067 -0.0960137 0.0232731
internal_weight=40335 28443 24957 2363 2323 3486 387 3099 191 157 11892 22594 18248 2633 426 163 15615 3799 3502 11816 214 11602 263 2207 8046 8006 862 818 2942 7144
internal_count=40335 28443 24957 2363 2323 3486 387 3099 191 157 11892 22594 18248 2633 426 163 15615 3799 3502 11816 214 11602 263 2207 8046 8006 862 818 2942 7144
is_linear=0
shrinkage=0.03


Tree=207
num_leaves=31
num_cat=0
split_feature=6 8 29 6 6 14 13 40 13 24 12 25 39 6 1 25 39 14 1 13 15 40 35 41 13 7 2 27 41 13
split_gain=24550.5 29326.9 30011.7 29342.7 27311.7 36290 23771 22332.5 38658.2 32276.3 23472 45677.6 29231.6 27418.9 26169.6 25225.2 31282.3 30434.7 24989.8 28641.3 26070.9 24956.8 24625.1 20723.3 20424.5 20318 25864.2 20088.2 19969.4 19370.4
threshold=30.328193832599123 382.25625000000008 343.93000000000006 22.935462555066085 21.931718061674015 528.94500000000005 40.945 34.675000000000004 272.55000000000007 379.87500000000006 87.368645833333332 152.20729166666669 -22.229999999999993 10.983480176211456 5.5000000000000009 104.95328125000002 -104.17999999999998 155.64000000000001 1.0000000180025095e-35 53.675000000000004 258.53812500000009 -4.9950000000000037 -37.843749999999993 -8288.8521230241367 -1.0162499999999997 8.5017361111111125 5.5000000000000009 25447.083333333339 23682.162064527587 329.49500000000006
decision_type=2 2 10 2 2 10 10 10 10 10 10 10 10 2 2 8 10 10 2 10 10 10 10 8 8 2 2 10 10 8
left_child=1 4 -3 -4 7 6 -6 10 9 -9 11 15 13 23 22 16 17 -1 19 -15 25 -22 -14 -12 -17 -20 -27 -2 -24 -10
right_child=27 2 3 -5 5 -7 -8 8 29 -11 12 -13 14 18 -16 24 -18 -19 20 -21 21 -23 28 -25 -26 26 -28 -29 -30 -31
leaf_value=0.087791121828106264 0.78793372548144791 -0.050627967060398828 -0.95521072972388488 -0.18423362202458565 0.15988263018438456 0.55184046770966089 -0.0458078504986415 -0.26641478165984156 0.46287979803716434 -1.0867404044622724 -0.49519123703241347 -0.97824125647544857 -0.39453903051831246 0.45428489807993172 0.13063409876740897 0.43886628258155613 -0.026853716037026007 0.67150075074891702 0.037815717858737087 -0.33842176756984393 0.38524033573957589 -0.062691335564309905 -0.021009305197697323 0.16162384408085081 -0.25496168245217027 0.19557450955664668 -0.45544689512530034 0.13589112819790633 0.61998412858356133 -0.23834080520223397
leaf_weight=1243 45 6670 62 153 1217 153 864 206 84 54 43 44 158 47 1111 40 13623 85 2003 285 350 164 7485 2666 575 80 171 576 43 60
leaf_count=1243 45 6670 62 153 1217 153 864 206 84 54 43 44 158 47 1111 40 13623 85 2003 285 350 164 7485 2666 575 80 171 576 43 60
internal_value=-0.00268703 -0.00561412 -0.0619067 -0.409955 0.00618427 0.107426 0.074502 -0.00120546 -0.2225 -0.440301 0.0017606 -0.0238152 0.0290942 0.0813153 -0.00539474 -0.0210547 -0.0133022 0.125629 0.020374 -0.225174 0.0498962 0.242476 -0.0250719 0.151019 -0.209195 0.0058924 -0.247997 0.184331 -0.0172661 0.171076
internal_weight=40360 39739 6885 215 32854 2234 2081 30620 404 260 30216 15610 14606 5809 8797 15566 14951 1328 3100 332 2768 514 7686 2709 615 2254 251 621 7528 144
internal_count=40360 39739 6885 215 32854 2234 2081 30620 404 260 30216 15610 14606 5809 8797 15566 14951 1328 3100 332 2768 514 7686 2709 615 2254 251 621 7528 144
is_linear=0
shrinkage=0.03


Tree=208
num_leaves=31
num_cat=0
split_feature=0 17 38 6 1 8 12 39 5 35 28 25 7 14 40 5 6 8 14 7 32 15 28 38 11 15 26 14 33 11
split_gain=27141.8 28453.8 21962.7 23326.5 19717.2 23303.1 24816.4 20742.4 27051.7 22827.2 19819.8 19306.3 18404.2 17831 18206.1 51526.6 87590.4 31307 22082.4 23589.9 23682.8 22058.7 24345 31240.1 24990 28749.4 21176.1 17924.3 18436.4 17097.5
threshold=14.500000000000002 1272.1377000000002 498.86000000000007 31.152202643171815 5.5000000000000009 396.81875000000008 302.37062500000008 -22.564999999999994 48802.812500000007 -42.018749999999997 39583.875000000007 1.0000000180025095e-35 6.2170138888888911 38.355000000000011 -19.380000000000013 68762.500000000015 2.3253303964757719 538.03750000000014 91.975000000000009 9.1128472222222268 250.00500000000002 513.26479166666684 25782.687500000004 368.05000000000007 446.94500000000005 197.65354166666671 44071.500000000007 596.0150000000001 554.32500000000016 127.61125000000001
decision_type=2 10 10 2 2 2 10 10 2 8 8 10 2 8 8 2 2 2 10 2 10 10 8 10 10 10 10 10 10 10
left_child=1 13 3 4 7 6 -6 8 12 -9 -10 -3 -2 -1 15 17 -17 18 -15 20 -20 22 24 -24 25 -16 -21 -23 -29 -5
right_child=2 11 -4 29 5 -7 -8 9 10 -11 -12 -13 -14 14 21 16 -18 -19 19 26 -22 27 23 -25 -26 -27 -28 28 -30 -31
leaf_value=-0.24186203874807843 0.043686968379205014 -0.66941896641955656 0.57905195944011212 0.15247276908924315 0.1325809002715102 -0.092398538291943305 0.68727770508904207 -0.44682070654201306 0.22260884857875798 -0.024925637868546326 0.058812118497581369 -0.082008705715393246 -0.087044105130077792 -0.055518977003076085 0.6553130917315898 1.7625533752179727 0.17062681487270895 -0.34663620008581181 0.098244336037609514 -0.33819060053531225 -0.40447165245926658 -0.84936366014182563 -0.021156475488416406 -0.76510197457145235 0.65947063279737317 -0.012398450887594066 0.10628130480288023 0.19609068004880101 -0.52181839918173278 0.63155444952434514
leaf_weight=278 2511 50 65 297 1657 418 75 117 977 5294 2080 4142 1577 1717 68 40 130 196 4452 230 85 47 13095 50 83 365 165 63 64 86
leaf_count=278 2511 50 65 297 1657 418 75 117 977 5294 2080 4142 1577 1717 68 40 130 196 4452 230 85 47 13095 50 83 365 165 63 64 86
internal_value=0.0012193 -0.0177862 0.0329737 0.0305831 0.0245541 0.108478 0.156983 0.010176 0.0437287 -0.034129 0.111216 -0.089173 -0.00675322 -0.00361884 -0.000430816 0.0389347 0.553315 0.0260808 0.0371183 0.0693732 0.088739 -0.0203924 -0.0161039 -0.0240442 0.18583 0.0937299 -0.152726 -0.355073 -0.166941 0.261412
internal_weight=40474 25320 15154 15089 14706 2150 1732 12556 7145 5411 3057 4192 4088 21128 20850 7015 170 6845 6649 4932 4537 13835 13661 13145 516 433 395 174 127 383
internal_count=40474 25320 15154 15089 14706 2150 1732 12556 7145 5411 3057 4192 4088 21128 20850 7015 170 6845 6649 4932 4537 13835 13661 13145 516 433 395 174 127 383
is_linear=0
shrinkage=0.03


Tree=209
num_leaves=31
num_cat=0
split_feature=37 32 6 41 14 27 4 14 25 15 12 4 10 13 1 15 15 27 28 11 12 27 28 4 15 6 7 38 6 25
split_gain=25679.6 34435.3 171507 21526.6 21478.4 20999.6 30002.5 27810.5 27786.2 30840.6 27594.3 27171.3 25223 24883.3 46458.8 38411.8 28739.4 43495.2 48030.1 43173.1 35992.9 24201.1 31675.6 22627 26748.7 22599.6 42354 29312 21470 21237.8
threshold=102.15000000000002 228.62500000000003 0.39295154185022024 13654.425545070624 190.14875000000004 31804.515520833334 327.50000000000006 53.360000000000007 48.726458333333333 105.28270833333335 57.028750000000002 2.5000000000000004 53.525000000000013 33.412500000000001 2.5000000000000004 141.38572916666669 115.84229166666667 37668.578020833338 38461.924843750006 101.19125000000001 70.23145833333335 33594.124322916679 40731.258750000001 350.50000000000006 88.211041666666674 11.287004405286348 7.0503472222222241 91.915000000000035 16.761453744493398 93.564791666666693
decision_type=10 10 2 10 10 8 2 10 8 10 8 2 10 10 2 10 10 10 10 10 10 10 10 2 10 2 2 10 2 10
left_child=1 3 -3 5 -5 6 7 -1 9 12 29 -12 -7 14 15 21 20 18 -18 -19 -16 -13 -23 25 -25 -15 27 -27 -28 -10
right_child=-2 2 -4 4 -6 8 -8 -9 10 -11 11 13 -14 23 16 -17 17 19 -20 -21 -22 22 -24 24 -26 26 28 -29 -30 -31
leaf_value=-0.31190357263737284 -0.15411274960119345 1.8352379030791612 0.082536118381412671 0.23316083171736854 -0.18810905258066224 -0.0025995920099072204 0.61803807469402872 0.053104832336828459 -0.082925582106727208 -0.34430657475491877 -0.52880946356923353 -0.26016091046122664 0.10363311141625707 0.0089779988970677474 -0.13324091413063216 0.48860232680545823 -1.388168210002509 -0.96657835322757102 -0.21744279824589427 0.045939999343128868 0.10597626526920433 0.25008188927093927 -0.016324687599580973 0.044283027763760412 -0.37698705498639934 -0.026173850590983799 -0.15916618884808739 -0.5166363165903437 -0.47220244368766201 -0.33536450030682097
leaf_weight=194 961 51 1495 605 132 5106 81 5142 3778 192 92 151 3318 7268 954 265 54 42 75 319 1389 934 704 217 360 5277 641 111 285 325
leaf_count=194 961 51 1495 605 132 5106 81 5142 3778 192 92 151 3318 7268 954 265 54 42 75 319 1389 934 704 217 360 5277 641 111 285 325
internal_value=-0.000965091 0.00275929 0.141504 -0.00288736 0.157557 -0.00606389 0.0485375 0.0397783 -0.0153496 0.0306639 -0.0324085 -0.0172702 0.0392501 -0.0147716 0.0435897 0.152186 -0.0351711 -0.243863 -0.714422 -0.0742046 0.00855885 0.102108 0.135642 -0.0349167 -0.218752 -0.0270914 -0.0686055 -0.036372 -0.255916 -0.102998
internal_weight=40518 39557 1546 38011 737 37274 5417 5336 31857 8616 23241 19138 8424 19046 4887 2054 2833 490 129 361 2343 1789 1638 14159 577 13582 6314 5388 926 4103
internal_count=40518 39557 1546 38011 737 37274 5417 5336 31857 8616 23241 19138 8424 19046 4887 2054 2833 490 129 361 2343 1789 1638 14159 577 13582 6314 5388 926 4103
is_linear=0
shrinkage=0.03


Tree=210
num_leaves=31
num_cat=0
split_feature=32 6 25 15 28 29 14 12 27 10 6 8 18 1 18 14 14 25 12 0 25 16 14 39 1 8 27 11 25 28
split_gain=23386.2 138021 28143.4 29859.6 22278.7 20695.6 26339.9 20115.5 30187.3 30393.1 19227.9 34744 32368 21123.9 18693.4 23181.2 17410.5 17915.2 25985 21120.9 48140 21549.3 34248.2 19651.9 32308.6 29558.7 39944 25701.4 42797.4 23786.7
threshold=219.715 0.39295154185022024 190.57583333333335 150.76333333333335 41960.066875000011 524.45375000000001 446.67500000000001 458.07729166666678 43159.333333333336 343.51500000000004 27.638325991189436 771.49375000000009 1.5000000000000002 1.0000000180025095e-35 1.5000000000000002 286.06000000000006 38.355000000000011 47.308697916666667 57.028750000000002 4.5000000000000009 92.663125000000022 7606.8362213053178 155.64000000000001 -64.204999999999984 3.5000000000000004 161.05625000000001 39392.041666666679 524.47500000000002 396.69062500000013 39701.739375000012
decision_type=10 2 10 10 10 10 10 10 10 10 2 2 2 2 2 10 8 8 8 2 10 10 10 8 2 2 10 10 10 10
left_child=10 -2 14 -4 5 6 -5 8 9 -6 11 16 -13 -12 15 -3 -1 -18 19 20 -19 22 -21 24 27 -26 -27 28 29 -20
right_child=1 2 3 4 7 -7 -8 -9 -10 -11 13 12 -14 -15 -16 -17 17 18 23 21 -22 -23 -24 -25 25 26 -28 -29 -30 -31
leaf_value=-0.15536481914580264 1.4933963674883688 0.26179463305203199 -0.67014165090887168 -0.042139661007173611 0.19974187714770689 0.55778046824715355 -0.53342816642240465 -0.48681671053864228 -0.027159996213281856 0.7933869515753017 0.40071670298183715 -0.15729674811102451 -0.89178527597870139 0.059737088092295408 -0.040481255687095902 0.90453166268327656 0.038542696779858034 -0.13572588135495517 0.24806665431144079 -0.027553384120066748 -0.87098956345495848 -0.23436199240745453 0.8250730864946233 -0.010975339676217563 0.07513783044772547 -0.43252576256341807 0.10715314141047999 0.73483469548592195 -0.49962848460482007 0.017501802331072725
leaf_weight=677 61 202 56 711 294 43 113 42 339 105 188 239 69 1217 109 67 7737 906 1069 3038 87 466 42 20730 721 315 202 64 92 646
leaf_count=677 61 202 56 711 294 43 113 42 339 105 188 239 69 1217 109 67 7737 906 1069 3038 87 466 42 20730 721 315 202 64 92 646
internal_value=0.00208605 0.098542 0.0569572 0.00492099 0.0282667 -0.0763501 -0.110078 0.144501 0.18104 0.357557 -0.00328213 -0.00740888 -0.324195 0.105615 0.290764 0.424639 -0.0047482 -0.00192057 -0.0129535 -0.0787344 -0.200956 -0.0444611 -0.0156626 -0.00042586 0.0698962 -0.0489722 -0.221865 0.148533 0.127373 0.161279
internal_weight=40647 2142 2081 1703 1647 867 824 780 738 399 38505 37100 308 1405 378 269 36792 36115 28378 4539 993 3546 3080 23839 3109 1238 517 1871 1807 1715
internal_count=40647 2142 2081 1703 1647 867 824 780 738 399 38505 37100 308 1405 378 269 36792 36115 28378 4539 993 3546 3080 23839 3109 1238 517 1871 1807 1715
is_linear=0
shrinkage=0.03


Tree=211
num_leaves=31
num_cat=0
split_feature=32 27 28 13 0 28 24 7 8 7 12 13 16 5 28 8 32 12 25 0 38 4 9 15 13 23 28 15 10 25
split_gain=22318.5 228130 52452.7 37009.7 21222.7 31652.7 26853.9 26851.2 20944.2 20537.4 30968.3 20409.1 18707.2 18917.1 19064.5 17846 30112.3 17250.1 35122.9 42483.9 23939.1 22182.5 21042.2 17530 33906.9 27509.9 29036.1 18281.1 37999.8 26733
threshold=264.94500000000005 30324.104166666672 42386.687500000007 229.99000000000004 14.500000000000002 25936.687500000004 395.76500000000004 5.6267361111111134 511.2000000000001 7.9843750000000027 156.47843750000004 272.55000000000007 12741.701076265996 55705.625000000007 28188.687500000004 4.9062500000000009 205.76625000000004 57.028750000000002 92.663125000000022 5.5000000000000009 -97.454999999999998 2.5000000000000004 87.381250000000009 477.00062500000007 351.34500000000008 2.5000000000000004 23250.062500000004 406.63729166666673 367.71000000000009 443.54708333333343
decision_type=10 10 10 8 2 8 10 2 2 2 10 10 8 2 10 2 10 10 10 2 8 2 10 10 10 2 10 10 10 10
left_child=4 -2 3 -3 8 15 -7 11 9 17 12 -8 -11 14 -14 -6 -17 18 22 -20 -19 -22 -1 24 27 26 -25 -23 -29 -30
right_child=1 2 -4 -5 5 6 7 -9 -10 10 -12 -13 13 -15 -16 16 -18 20 19 -21 21 23 -24 25 -26 -27 -28 28 29 -31
leaf_value=-0.022474129440483697 2.286688436242037 0.11444941642860026 0.29429700967802924 -0.52971278684265788 -0.033389496562701321 0.023132790783716866 -0.36582558629447465 -0.7055303678669772 -0.10170817493327423 0.11286292173793877 -0.33155349357341285 0.38805962577976028 0.2345442000299692 0.037967730824098357 -0.19883106614171775 0.2467665986622081 1.0410360476374625 0.52974648751136733 -1.0439797294658162 -0.056249605899919633 -0.67275144526468855 0.014051449040924622 -0.46200522574447095 0.43233080560213899 0.63456568227873911 -0.79637838138588546 -0.28369958368675596 0.010480198472265213 1.2558958884502978 0.24301768625269132
leaf_weight=4985 42 145 334 178 166 13977 72 90 2431 527 394 57 99 666 1075 424 47 81 68 91 41 13682 99 72 80 57 168 188 46 48
leaf_count=4985 42 145 334 178 166 13977 72 90 2431 527 394 57 99 666 1075 424 47 81 68 91 41 13682 99 72 80 57 168 188 46 48
internal_value=0.00180211 0.169726 0.0311254 -0.241077 -0.00115642 0.0272495 0.017958 -0.310914 -0.0180797 -0.00902667 -0.0856392 -0.0322908 -0.0445826 -0.0897139 -0.162117 0.233965 0.328063 0.00171127 -0.044902 -0.48256 0.018611 0.0156957 -0.0311222 0.0177107 0.0225405 -0.209983 -0.0679879 0.018989 0.257653 0.746684
internal_weight=40430 699 657 323 39731 14833 14196 219 24898 22467 2761 129 2367 1840 1174 637 471 19706 5243 159 14463 14382 5084 14341 14044 297 240 13964 282 94
internal_count=40430 699 657 323 39731 14833 14196 219 24898 22467 2761 129 2367 1840 1174 637 471 19706 5243 159 14463 14382 5084 14341 14044 297 240 13964 282 94
is_linear=0
shrinkage=0.03


Tree=212
num_leaves=31
num_cat=0
split_feature=5 16 14 1 0 0 31 40 14 24 28 28 38 14 4 12 38 35 5 32 7 14 28 4 13 4 12 10 12 40
split_gain=21314.4 19474.2 19294.6 23720.1 70666.7 56601.8 71202.2 91211.3 48927.6 32348.7 31257.2 24370.4 29300.7 28692.4 49959.7 36930.5 27556.8 21792.7 32478 21779.6 21635.2 22808.3 20571.7 20818.5 20789.9 19396.7 17650.3 17594.6 17589.4 24910.5
threshold=34554.750000000007 13234.436127372914 38.355000000000011 1.0000000180025095e-35 4.5000000000000009 20.500000000000004 283.01000000000005 -8.4500000000000224 394.12500000000006 395.76500000000004 25782.687500000004 28498.875000000004 19.068749999999998 198.49000000000004 313.50000000000006 120.57864583333334 188.655 121.67000000000002 51081.250000000007 -0.0087499999999999991 4.946180555555558 559.03500000000008 34271.375000000007 70.500000000000014 7.4350000000000014 350.50000000000006 116.98125000000002 446.94500000000005 29.565833333333337 -45.169999999999987
decision_type=2 10 8 2 2 2 10 10 10 10 10 8 10 10 2 10 10 10 2 10 2 10 10 2 10 2 8 10 10 10
left_child=-1 2 -2 4 8 6 9 -8 -4 10 -6 17 27 22 15 -15 -17 18 -5 -12 21 -16 24 -24 -14 28 -7 -13 -21 -30
right_child=1 -3 3 11 5 26 7 -9 -10 -11 19 12 13 14 20 16 -18 -19 -20 25 -22 -23 23 -25 -26 -27 -28 -29 29 -31
leaf_value=-0.10669841925849703 -0.15819171578675578 -0.14898460289026727 -0.12282663364080187 0.08396783787353751 0.63708350907506073 -0.041974655842628092 2.0357011604817901 0.27559444527347365 -1.1379119100570678 -0.41009389590832496 -0.083877593951991625 0.0078142401918336896 -0.20371572129168483 -1.0802954870306867 0.25617426159801249 -0.2024899440014373 -0.94902652999629145 -0.1317667717898573 0.49865345432746988 0.028983426475401863 -0.09367987711706631 -0.37739586107811685 0.050202037846976785 -0.091672712847274268 0.33247635995182723 -0.22802803934344812 -0.39147344540050949 -0.61422095295859547 0.46007385325702749 0.17752440016148768
leaf_weight=1697 641 754 860 2243 117 525 40 76 44 92 349 22505 85 46 387 1456 45 369 183 544 709 58 1548 2332 269 107 172 40 329 1911
leaf_count=1697 641 754 860 2243 117 525 40 76 44 92 349 22505 85 46 387 1456 45 369 183 544 709 58 1548 2332 269 107 172 40 329 1911
internal_value=-0.00265924 0.00188955 0.0048806 0.00767659 0.0673546 0.118457 0.166793 0.894739 -0.173436 0.142058 0.157308 -0.00187738 -0.00990525 -0.0638265 -0.140207 -0.251587 -0.225488 0.0827691 0.115441 0.139791 0.00919181 0.172936 -0.0150792 -0.0350707 0.203518 0.166812 -0.128658 0.00668341 0.182064 0.219211
internal_weight=40533 38836 38082 37441 5166 4262 3565 116 904 3449 3357 32275 29480 6935 2701 1547 1501 2795 2426 3240 1154 445 4234 3880 354 2891 697 22545 2784 2240
internal_count=40533 38836 38082 37441 5166 4262 3565 116 904 3449 3357 32275 29480 6935 2701 1547 1501 2795 2426 3240 1154 445 4234 3880 354 2891 697 22545 2784 2240
is_linear=0
shrinkage=0.03


Tree=213
num_leaves=31
num_cat=0
split_feature=7 40 40 35 39 4 14 41 32 41 12 5 4 13 28 2 27 40 7 30 39 41 5 40 13 14 27 14 14 26
split_gain=21781.8 25298.5 40680.5 98829.2 38258.7 24563.8 23338.6 50180 22937.1 22521.3 20126.6 38278.4 35018.3 31196.1 26740.4 24727 28248.2 24532.3 23890.5 20881.2 20279.3 27152 18597.1 20887.5 27790.3 34404.2 26709.1 41782.1 32772.8 31066.7
threshold=4.4947916666666687 -32.724999999999994 -33.396249999999981 -3.0774999999999966 -0.33624999999997834 348.50000000000006 75.593750000000014 -11045.400455597963 359.87500000000006 7884.6151575523008 89.961614583333358 51456.250000000007 84.500000000000014 47.020000000000003 37218.125000000007 4.5000000000000009 32541.900104166667 -75.117499999999993 9.269097222222225 40.380000000000003 -104.17999999999998 -6088.9417780385002 34554.750000000007 27.510000000000002 272.55000000000007 469.85000000000008 27049.395833333336 179.53500000000003 378.58500000000009 27849.500000000004
decision_type=2 8 10 10 10 2 10 8 10 10 10 2 2 10 10 2 10 10 2 10 10 8 2 10 10 10 8 10 10 10
left_child=6 2 4 -4 9 8 7 -1 22 10 12 18 -2 17 15 16 -14 -13 -12 -18 21 -16 -3 26 25 -25 27 -24 -28 -30
right_child=1 5 3 -5 -6 -7 -8 -9 -10 -11 11 13 14 -15 20 -17 19 -19 -20 -21 -22 -23 23 24 -26 -27 28 -29 29 -31
leaf_value=-1.1370107309307369 -0.14423524400274562 -0.18201545247448364 -0.056277643098280976 1.7521441866244587 -0.51118186030067314 -0.19713291376966227 0.046009213171445379 -0.067886981116471595 0.52569492406704843 0.22535099271580991 0.010906988299141327 1.0681009002643473 -0.42524783979762681 0.16782125747580701 0.056105093803175764 -0.13403122008309409 -0.023037305464121426 0.29234704825353913 -0.61077219244837755 0.57718558340920845 0.04227052289610881 0.4582192318307029 0.76505789754205733 -0.21832560898874093 0.10256255950237954 -0.9859812723171143 -0.017119592130070041 0.076128150608657852 0.39354272092428971 -0.38500281588860102
leaf_weight=41 1314 665 77 41 118 769 11374 670 67 501 764 67 54 685 344 1207 87 82 59 129 2744 269 86 323 185 62 16473 891 52 363
leaf_count=41 1314 665 77 41 118 769 11374 670 67 501 764 67 54 685 344 1207 87 82 59 129 2744 269 86 323 185 62 16473 891 52 363
internal_value=0.00183709 -0.0124839 0.0307107 0.581516 0.0229272 -0.0309921 0.0355823 -0.131049 -0.0243165 0.0305757 0.0180458 0.110807 -0.00696907 0.253917 0.0303654 -0.0759753 0.183093 0.645971 -0.0343477 0.336437 0.0771614 0.233022 -0.0262732 -0.0206456 -0.19926 -0.344182 -0.0149359 0.137491 -0.0237617 -0.286739
internal_weight=40563 28478 8542 118 8424 19936 12085 711 19167 8306 7805 1657 6148 834 4834 1477 270 149 823 216 3357 613 19100 18435 570 385 17865 977 16888 415
internal_count=40563 28478 8542 118 8424 19936 12085 711 19167 8306 7805 1657 6148 834 4834 1477 270 149 823 216 3357 613 19100 18435 570 385 17865 977 16888 415
is_linear=0
shrinkage=0.03


Tree=214
num_leaves=31
num_cat=0
split_feature=0 38 10 8 7 7 40 12 9 30 6 12 7 5 14 12 37 22 23 4 35 25 14 8 1 12 6 39 31 4
split_gain=24501.2 22041.8 22831.4 21796.7 21485.9 21067.9 21068.8 18000.8 33209 30964.5 23729.1 23419.7 23356.2 38099.1 24724.9 24026 22774.7 19199.9 18320.1 17771.3 17360.7 17254.8 25724.4 17057.7 25389 23757.9 21622.4 19443.4 16823.2 16818.2
threshold=14.500000000000002 498.86000000000007 644.96000000000015 454.14375000000007 3.0607638888888897 4.4531250000000009 2.5099999999999949 85.504791666666677 81.311250000000015 87.585000000000022 11.203524229074892 131.39895833333335 7.9392361111111134 55705.625000000007 179.53500000000003 116.21500000000002 3.9600000000000009 1.0000000180025095e-35 6.5000000000000009 264.50000000000006 29.475000000000005 121.71145833333334 156.78250000000003 0.13750000000000004 1.0000000180025095e-35 198.52375000000004 13.994933920704847 -88.064999999999984 200.00500000000002 76.500000000000014
decision_type=2 10 10 2 2 2 8 10 10 10 2 10 2 2 10 10 10 2 2 2 10 10 10 2 2 10 2 8 10 2
left_child=3 2 4 5 -2 -1 7 8 21 10 11 20 17 14 15 -14 -13 -11 -10 -20 -9 22 -7 -6 25 -25 27 -26 -15 -16
right_child=1 -3 -4 -5 23 6 -8 9 18 12 -12 16 13 28 29 -17 -18 -19 19 -21 -22 -23 -24 24 26 -27 -28 -29 -30 -31
leaf_value=0.03403700034541058 0.20655910905996697 0.561689177310985 -0.61575035233497621 -0.094210448061094756 -0.027242577039583778 -0.025996273783560422 -0.11410746908093765 0.27046288687664155 -0.12904857372758918 0.030576510559303577 -0.0057263762061484152 1.2476791662123146 -0.35980253796049644 0.14771612677846344 -1.1561339232688996 0.43164748044574958 0.37930758482495014 -0.50144980588146748 -0.26217324095989131 -0.79539417546556646 -0.29960608272119005 -0.48547995972136654 0.45419626917909173 0.11990983927895449 0.35267673580038572 0.5401821460652706 -0.01039947175327444 0.067970115228648584 -0.29646819373811872 -0.46498852224304127
leaf_weight=6592 572 68 49 3238 4762 6428 2284 389 578 3984 367 40 106 309 40 50 85 61 180 82 54 71 101 1268 237 133 5714 2335 101 155
leaf_count=6592 572 68 49 3238 4762 6428 2284 389 578 3984 367 40 106 309 40 50 85 61 180 82 54 71 101 1268 237 133 5714 2335 101 155
internal_value=-0.00347394 0.0267127 0.0242616 -0.0215397 0.0263902 -0.0108678 -0.0300095 -0.0154295 -0.0462232 0.0244785 0.18234 0.303651 -0.00626478 -0.158625 -0.38757 -0.104999 0.664883 0.0224314 -0.22377 -0.431449 0.200455 -0.0235959 -0.0184995 0.019244 0.0420966 0.160164 0.0221168 0.0943316 0.03784 -0.611937
internal_weight=40433 15138 15070 25295 15021 22057 15465 13181 7440 5741 935 568 4806 761 351 156 125 4045 840 262 443 6600 6529 14449 9687 1401 8286 2572 410 195
internal_count=40433 15138 15070 25295 15021 22057 15465 13181 7440 5741 935 568 4806 761 351 156 125 4045 840 262 443 6600 6529 14449 9687 1401 8286 2572 410 195
is_linear=0
shrinkage=0.03


Tree=215
num_leaves=31
num_cat=0
split_feature=8 6 16 39 5 7 12 30 27 28 2 28 1 25 32 12 27 40 15 5 36 36 37 28 38 12 12 33 35 32
split_gain=20073.3 28626.7 23061.4 28010.3 41838.4 33816 28089.1 27828.1 22940.6 22350.2 22325.3 20869.5 20837.6 30518.1 29417.1 23911.3 22652.6 23815.4 22409.6 20435.7 49658.5 76440.5 25805.6 21533.4 25559.4 19799.2 21724.5 19236 22185.7 31279.3
threshold=382.25625000000008 21.931718061674015 5688.1073892065997 -54.644999999999982 53156.250000000007 8.7447916666666696 24.694791666666671 174.89500000000001 39576.666666666679 25180.312500000004 11.500000000000002 39166.062500000007 3.5000000000000004 72.83807291666669 219.715 121.71145833333334 41329.687500000007 -82.231249999999989 126.86041666666668 67650.562500000015 -22.394999999999996 -33.305 111.355 26142.937500000004 81.58750000000002 88.058072916666674 73.338541666666671 429.90500000000003 182.39000000000004 140.27500000000003
decision_type=2 2 10 8 2 2 10 8 10 10 2 10 2 10 10 10 10 10 10 2 8 10 10 10 10 10 10 10 10 10
left_child=1 2 3 4 5 6 -1 -4 10 -3 -6 -7 14 -14 16 18 17 -8 -15 22 21 -21 -5 -24 -25 26 -10 -2 -29 -30
right_child=27 9 7 19 8 11 12 -9 25 -11 -12 -13 13 15 -16 -17 -18 -19 -20 20 -22 -23 23 24 -26 -27 -28 28 29 -31
leaf_value=-0.068713459466823182 -0.034792959020238601 0.42878723662796908 -0.055415334130777864 -0.014001900734567981 0.55681830315451541 -0.10575730167957673 0.46844272866119424 -0.65475406008497095 0.15293529691156543 0.082732425550828409 -0.03337125772157231 -0.58989342040610759 0.13938892922939902 -0.15006987754922163 0.92732312711802389 0.037712606128030519 -0.09932254649774247 0.13969277367890354 -0.67118366907472893 -0.044364744367039938 0.046642772173937086 1.7186024993803444 0.085950395627455281 -0.12909185653122571 -0.88774729565318145 0.35104680334637456 -0.26570773683780546 -0.38897079331780171 0.76378395501433349 -0.38228595670064291
leaf_weight=1288 7002 181 3916 17125 272 331 230 70 411 2195 73 105 879 284 43 433 295 1417 100 48 2611 40 76 77 83 272 152 276 40 44
leaf_count=1288 7002 181 3916 17125 272 331 230 70 411 2195 73 105 879 284 43 433 295 1417 100 48 2611 40 76 77 83 272 152 276 40 44
internal_value=-0.00101874 0.0089724 0.00118965 0.0112584 0.0649392 0.0295885 0.0518301 -0.0661022 0.226701 0.109264 0.432202 -0.223433 0.0940161 0.0167767 0.159968 -0.115149 0.142509 0.185858 -0.287167 -0.00636551 0.0704147 0.76729 -0.0183054 -0.329206 -0.525714 0.141378 0.0396384 -0.0458085 -0.25937 0.166027
internal_weight=40369 33007 30631 26645 6585 5405 4969 3986 1180 2376 345 436 3681 1696 1985 817 1942 1647 384 20060 2699 88 17361 236 160 835 563 7362 360 84
internal_count=40369 33007 30631 26645 6585 5405 4969 3986 1180 2376 345 436 3681 1696 1985 817 1942 1647 384 20060 2699 88 17361 236 160 835 563 7362 360 84
is_linear=0
shrinkage=0.03


Tree=216
num_leaves=31
num_cat=0
split_feature=5 1 6 6 8 12 15 8 27 27 15 7 17 12 5 14 11 5 7 40 22 13 15 31 15 27 17 6 0 11
split_gain=24213 27149.3 149810 214001 61294.4 28206.8 26835.5 26138.2 30636.4 26294.9 22537.4 22398 22905 21403.5 35033.5 20473.6 21085.8 19417.8 17861.9 21697.9 19204.9 25635.9 20393.4 20120.9 20990.3 20100.6 19414.4 18022.1 17583.9 17125.1
threshold=36766.687500000007 1.0000000180025095e-35 0.39295154185022024 -0.55132158590308367 1.0000000180025095e-35 25.359479166666667 477.00062500000007 454.14375000000007 28537.479166666672 55427.884739583344 142.67291666666668 6.9010416666666687 10781.136070000006 124.09562500000001 50154.875000000007 459.26000000000005 182.59500000000003 66462.500000000015 4.5156250000000009 -54.70500000000002 1.0000000180025095e-35 329.49500000000006 96.291510416666682 250.02000000000001 96.291510416666682 42524.458333333336 199.73020500000004 30.328193832599123 8.5000000000000018 353.44500000000005
decision_type=2 2 2 2 2 10 10 2 8 10 8 2 8 10 2 10 8 2 2 10 2 10 10 8 10 10 10 2 2 10
left_child=6 2 3 -2 10 -6 11 8 -3 18 -4 15 -13 -9 -15 16 -1 -12 27 29 21 23 -22 26 -25 -26 -21 -10 -7 -20
right_child=1 7 4 -5 5 28 -8 13 9 -11 17 12 -14 14 -16 -17 -18 -19 19 20 22 -23 -24 24 25 -27 -28 -29 -30 -31
leaf_value=-0.036380256445833072 -0.2188478218444756 0.12587809902210101 -0.018880746288442114 2.5547802970042595 -0.03399173974816861 0.43743178584198983 -0.72055737579535495 -0.030170363147896461 0.039784054450935726 -0.44666965430065736 -0.31969343116719134 -0.010965356147923582 -0.50643129933397368 -0.30424646237294278 0.026987205732748831 0.31728183332750265 -0.395902772178573 0.16872638992194469 0.049330162330814102 -0.0012872874290397805 -0.012312884693423849 0.63725517322432312 -0.38373411223292353 -0.79380564746649374 -0.21168755710348297 0.17756446214169264 -0.1042327316170107 0.52379096432881689 0.15367905607371954 0.6323707980176676
leaf_weight=2789 48 1872 1387 51 727 215 56 3526 6432 117 473 147 195 743 468 138 154 86 3205 12014 257 52 275 45 587 149 1910 69 2232 45
leaf_count=2789 48 1872 1387 51 727 215 56 3526 6432 117 473 147 195 743 468 138 154 86 3205 12014 257 52 275 45 587 149 1910 69 2232 45
internal_value=0.000734338 0.00785253 0.0712582 1.22125 0.0487879 0.130049 -0.0749192 -0.00256662 0.00882647 0.000111683 -0.0837504 -0.0641493 -0.294121 -0.0675629 -0.176322 -0.0385346 -0.0553213 -0.244385 0.00221703 -0.0127875 -0.0277515 -0.0213602 -0.204667 -0.0237324 -0.171806 -0.132751 -0.0154151 0.045001 0.178779 0.0575951
internal_weight=40464 36985 5219 99 5120 3174 3479 31766 27029 25157 1946 3423 342 4737 1211 3081 2943 559 25040 18539 15289 14757 532 14705 781 736 13924 6501 2447 3250
internal_count=40464 36985 5219 99 5120 3174 3479 31766 27029 25157 1946 3423 342 4737 1211 3081 2943 559 25040 18539 15289 14757 532 14705 781 736 13924 6501 2447 3250
is_linear=0
shrinkage=0.03


Tree=217
num_leaves=31
num_cat=0
split_feature=5 28 11 35 7 4 41 39 28 5 32 14 14 28 36 25 25 1 4 25 27 28 14 27 40 4 23 14 25 27
split_gain=20824.7 122186 387821 31453.7 27159.4 26991.3 42384.1 26693.7 37044.8 29582.3 24217.3 20285.2 36492.1 28652.5 31819 21481 20497.6 24328.5 29038.6 19573 19244.1 18941.5 29924.9 23929.4 24626.4 18800.5 18159 19203.6 26907.7 22712.6
threshold=58501.625000000007 31402.937500000004 278.64500000000004 50.590000000000003 6.3767361111111134 122.50000000000001 -16720.718883425146 -9.949999999999994 43899.500000000007 77125.000000000015 275.16000000000003 179.53500000000003 172.18000000000004 40512.199687500011 -5.7025000000000068 135.62098958333337 112.4603125 2.5000000000000004 106.50000000000001 156.47843750000004 38799.103281250013 42214.688906250005 232.05000000000004 41746.854166666672 -61.244999999999997 26.500000000000004 2.5000000000000004 121.48875000000002 216.12250000000003 39138.030989583342
decision_type=2 8 10 10 2 2 8 8 10 2 10 10 10 10 10 10 10 2 2 10 10 10 10 10 10 2 2 10 10 10
left_child=4 2 3 -2 5 6 -1 8 21 -10 -7 12 16 14 15 -13 -6 18 -18 -20 -16 23 25 24 -3 -23 -8 -28 29 -29
right_child=1 7 -4 -5 11 10 26 -9 9 -11 -12 13 -14 -15 20 -17 17 -19 19 -21 -22 22 -24 -25 -26 -27 27 28 -30 -31
leaf_value=-0.95220677744834981 0.43491254240274424 0.83573322738842526 3.2993307651475421 -0.58913782146241933 -0.023733632462657299 0.028538010937434785 -0.10418891062835817 -0.022693838094612218 0.0085786405677576571 0.73063066171947866 -0.67615576467730776 -1.0465320193524263 0.38562495234497085 -0.38570934665088846 -0.087297592681513644 -0.18241797095850892 -0.77445511972904202 0.0093971615268000908 -0.038654165570145928 -0.70825966794490813 0.2457024811388234 0.80068508625030521 0.68497767235541884 -0.10634987296768567 0.16726940914873001 0.12763955171956964 -0.065506176462910112 0.35949481035105318 -0.30314995773158138 0.040796362530504456
leaf_weight=46 53 54 42 53 6774 17813 2306 4340 2847 51 43 48 186 343 1275 56 109 267 184 49 177 41 164 280 517 344 1117 356 118 462
leaf_count=46 53 54 42 53 6774 17813 2306 4340 2847 51 43 48 186 343 1275 56 109 267 184 49 177 41 164 280 517 344 1117 356 118 462
internal_value=0.00361225 0.0444823 0.896262 -0.0778333 -0.00770603 0.0103955 -0.0561053 0.0297862 0.0827721 0.0215332 0.0268032 -0.0502627 -0.0282588 -0.137905 -0.0830665 -0.587409 -0.0387366 -0.205304 -0.372461 -0.181897 -0.0465634 0.209431 0.346701 0.120571 0.231837 0.201203 -0.0464326 0.0184604 0.118627 0.179766
internal_weight=40515 8786 148 106 31729 22261 4405 8638 4298 2898 17856 9468 7569 1899 1556 104 7383 609 342 233 1452 1400 549 851 571 385 4359 2053 936 818
internal_count=40515 8786 148 106 31729 22261 4405 8638 4298 2898 17856 9468 7569 1899 1556 104 7383 609 342 233 1452 1400 549 851 571 385 4359 2053 936 818
is_linear=0
shrinkage=0.03


Tree=218
num_leaves=31
num_cat=0
split_feature=11 6 9 6 35 15 14 25 27 7 4 38 14 14 12 12 17 13 14 4 12 40 7 41 36 39 14 8 15 18
split_gain=20865.9 65497.9 392974 38345.3 28266 22314.4 31351.3 40191.6 24434.3 22568.4 30585.2 20817.1 25194 32621.4 55325.5 22542.7 24117.3 23776.5 19811.7 25999.4 19389.8 24654.4 18335.9 25073.5 24425.3 18316.4 30153.5 18510.3 22403.8 16612.9
threshold=272.52000000000004 3.1949339207048464 278.64500000000004 1.2028634361233481 182.39000000000004 458.07729166666678 596.0150000000001 343.15729166666671 22750.937500000004 4.5954861111111134 242.50000000000003 12.614999999999997 479.90500000000003 213.74250000000004 129.79520833333336 143.46244791666669 6485.812600000002 56.970000000000006 75.593750000000014 2.5000000000000004 364.06333333333345 5.7150000000000043 8.2864583333333375 -11678.402675864125 5.0099999999999962 -51.859999999999985 283.66500000000002 621.30625000000009 113.29187500000002 1.0000000180025095e-35
decision_type=10 2 10 2 10 10 10 10 10 2 2 8 10 10 10 10 8 10 10 2 10 10 2 10 10 10 10 2 10 2
left_child=4 2 -2 -4 11 -3 7 -7 -8 10 -10 18 13 -13 -15 -16 -17 -18 -1 -20 -9 -22 25 24 -24 26 27 29 -29 -21
right_child=1 5 3 -5 -6 6 8 20 9 -11 -12 12 -14 14 15 16 17 -19 19 22 21 -23 23 -25 -26 -27 -28 28 -30 -31
leaf_value=-0.047136885210965783 3.0488709681610695 0.080345242389960894 -0.39459400196915323 0.37632263146159123 -0.54080719333692362 0.14390813754566692 0.55068025115248442 -0.88344294449216443 0.017088692216890522 0.23827332480273544 -0.83075260498766168 -0.015263918928306329 0.3470991793639806 -0.96054597218763338 0.52951133753391022 -0.60485739318535048 0.38435998716986325 -0.13434399819979156 -0.482177268481287 0.12400474852415584 0.082622900500017055 -0.75352863371372225 -0.22769824650649442 0.081522059713828976 0.081727903562154869 0.013254399436493062 0.71683597458325898 0.00030218502405219742 -0.43834471839373229 0.010735767148386099
leaf_weight=4557 45 2263 109 122 87 109 76 94 109 136 58 6560 146 72 46 93 82 1931 91 3664 67 59 896 659 308 15395 64 743 121 1709
leaf_count=4557 45 2263 109 122 87 109 76 94 109 136 58 6560 146 72 46 93 82 1931 91 3664 67 59 896 659 308 15395 64 743 121 1709
internal_value=0.00258556 0.0755088 0.516716 0.0124239 -0.0037773 0.0343615 -0.112524 -0.326335 0.0734505 -0.0476684 -0.280563 -0.00250468 -0.0424211 -0.0489342 -0.148198 -0.120585 -0.13503 -0.113034 0.0101334 0.0211701 -0.558916 -0.311759 0.0231347 -0.0671603 -0.148541 0.030891 0.0739728 0.0672623 -0.0615644 0.0879858
internal_weight=40471 3247 276 231 37224 2971 708 329 379 303 167 37137 8930 8784 2224 2152 2106 2013 28207 23650 220 126 23559 1863 1204 21696 6301 6237 864 5373
internal_count=40471 3247 276 231 37224 2971 708 329 379 303 167 37137 8930 8784 2224 2152 2106 2013 28207 23650 220 126 23559 1863 1204 21696 6301 6237 864 5373
is_linear=0
shrinkage=0.03


Tree=219
num_leaves=31
num_cat=0
split_feature=5 28 7 16 6 40 13 14 4 8 25 6 8 18 1 28 5 39 4 25 23 27 39 25 4 27 25 5 40 27
split_gain=19808.5 143852 19094.4 21420.9 21293.2 18742.6 20682.9 27650 27461.7 22358.6 18394.3 17801.6 23340.4 36857.9 17814.3 17044 22537.6 30003.2 24618.5 28202.2 37127.1 31886.7 27997.6 23158.6 45381.5 44565.9 25720.6 24524.1 23850.5 20657.9
threshold=71712.500000000015 39217.355156250007 9.4340277777777803 14622.300843884836 14.807709251101326 34.675000000000004 293.64000000000004 469.85000000000008 201.50000000000003 293.7000000000001 240.90395833333335 26.986563876651989 748.46250000000009 1.5000000000000002 1.0000000180025095e-35 43899.500000000007 50154.875000000007 -18.514999999999997 259.50000000000006 161.76687500000003 2.5000000000000004 34584.208333333336 -107.30499999999999 80.704791666666679 262.50000000000006 37727.666666666672 78.371718750000014 39056.250000000007 -11.084999999999999 42740.770833333343
decision_type=2 10 2 8 2 10 10 10 2 2 10 2 2 2 2 8 2 10 2 10 2 10 10 10 2 10 10 2 10 8
left_child=2 -2 5 -4 10 11 7 -7 -8 -10 -5 12 15 -14 -13 16 18 -18 -1 21 22 -20 -21 26 25 -25 28 -26 -23 -17
right_child=1 -3 3 4 -6 6 8 -9 9 -11 -12 14 13 -15 -16 29 17 -19 19 20 -22 23 -24 24 27 -27 -28 -29 -30 -31
leaf_value=0.012432867112784228 1.7931717436422001 0.054950635031334724 0.11274211150351442 -0.070920303985731292 -0.43402696087807419 -0.16630450363081559 0.75728354884045457 -0.78089704860139764 0.19982427541899866 -0.37901321406819316 -0.48989731252193447 0.33577783473843675 -0.085224209740308338 -0.82806825060593459 0.058220075107927392 -0.28834646374394052 0.11973398158925794 -4.1843893665049953e-05 0.14838880882401889 0.69867342731287307 -0.40372214733690914 0.052416262786336008 -0.10060843059055086 -1.5034425450757491 -0.39629292932479343 -0.28091751829997913 0.43773856790442212 -0.041335753131846648 -0.21938261402348455 -0.030698409896456027
leaf_weight=15601 43 1643 356 1260 199 358 41 80 126 113 101 243 289 75 1420 292 3511 4056 731 42 465 942 476 42 218 73 113 877 419 6362
leaf_count=15601 43 1643 356 1260 199 358 41 80 126 113 101 243 289 75 1420 292 3511 4056 731 42 465 942 476 42 218 73 113 877 419 6362
internal_value=-0.000319947 0.100319 -0.00468644 -0.0970039 -0.144911 0.000101133 -0.151571 -0.280082 0.049737 -0.0742909 -0.10235 0.00310964 -0.00150187 -0.240132 0.0989546 0.0010434 0.0114458 0.0555412 -0.00524052 -0.0679218 -0.209433 -0.0271388 -0.0345805 -0.0749821 -0.172186 -0.736517 0.0048746 -0.1123 -0.0313599 -0.0420465
internal_weight=40567 1686 38881 1916 1560 36965 718 438 280 239 1361 36247 34584 364 1663 34220 27566 7567 19999 4398 983 3415 518 2684 1210 115 1474 1095 1361 6654
internal_count=40567 1686 38881 1916 1560 36965 718 438 280 239 1361 36247 34584 364 1663 34220 27566 7567 19999 4398 983 3415 518 2684 1210 115 1474 1095 1361 6654
is_linear=0
shrinkage=0.03


Tree=220
num_leaves=31
num_cat=0
split_feature=5 28 5 27 40 4 24 8 27 27 6 12 28 6 8 7 24 12 13 12 4 13 5 24 24 0 4 28 4 9
split_gain=24752.6 24516.5 311091 27913.1 25692.7 19092.4 38563 23926.6 19526.8 22603.1 17786.1 16357.2 17821.3 16311.5 14949.1 21249 19264.6 15195 18599 51833.7 22536.8 39026.4 35045.1 34156.1 26036.9 22021.1 20812.5 18931.2 31208.8 20355.5
threshold=39056.250000000007 34367.756562500006 65906.250000000015 33954.781666666669 -122.37499999999999 259.50000000000006 166.70875000000004 3.7937500000000006 33954.781666666669 41329.687500000007 3.1949339207048464 133.62770833333335 35091.328906250004 32.257709251101325 739.12500000000011 3.2864583333333344 185.05500000000004 6.7772916666666676 75.030000000000015 111.80541666666669 272.50000000000006 86.885000000000005 53300.312500000007 285.09000000000009 177.82375000000002 10.500000000000002 270.50000000000006 28772.464218750003 269.50000000000006 353.44500000000005
decision_type=2 8 2 8 8 2 10 2 10 10 2 10 10 2 2 2 10 10 10 10 2 10 2 10 10 2 2 10 2 10
left_child=5 2 4 11 -2 7 8 -1 -7 -10 -6 12 -3 14 17 -16 -17 -12 19 -19 27 24 23 -23 -22 -25 -21 28 -20 -29
right_child=1 3 -4 -5 10 6 -8 -9 9 -11 13 -13 -14 -15 15 16 -18 18 20 26 21 22 -24 25 -26 -27 -28 29 -30 -31
leaf_value=0.0093419841357300342 0.73056343453879258 0.15158017826530168 2.6667610566790509 0.0039496544408787566 -0.58186941465226605 0.16975705216157025 -0.57976768176028026 -0.13907029722224326 -0.24809900748616076 0.16664148530504047 -0.15752715781840709 -0.61441562613715295 -0.20492067646074799 0.5072304243835456 0.33315411935249967 -0.067412417553938356 -0.68030634785337096 0.064905609943240919 0.097351235353110729 0.23414243785645236 -0.14450070875031606 -0.042949895115394612 0.35180703323585855 -0.13330386932407107 -1.0408498619851612 -1.0555279577428642 0.68643923385984318 -0.0085766103511300158 0.82979726870854686 -0.67220391412113978
leaf_weight=3761 48 158 40 26497 40 202 171 1320 576 148 306 68 614 67 53 103 83 2023 1748 193 55 479 162 41 62 54 176 1277 53 42
leaf_count=3761 48 158 40 26497 40 202 171 1320 576 148 306 68 614 67 53 103 83 2023 1748 193 55 479 162 41 62 54 176 1277 53 42
internal_value=0.00153477 0.0114535 0.0610971 -0.00145079 0.0459693 -0.0537547 -0.167198 -0.029234 -0.090467 -0.163205 0.0411828 -0.171605 -0.131856 0.0448377 0.0402816 -0.19236 -0.343084 0.0486439 0.0585789 0.124652 0.0187773 -0.117787 -0.0365322 -0.146554 -0.624285 -0.66305 0.451144 0.0561393 0.119354 -0.0302013
internal_weight=40620 34442 7105 27337 7065 6178 1097 5081 926 724 7017 840 772 6977 6910 239 186 6671 6365 2392 3973 853 736 574 117 95 369 3120 1801 1319
internal_count=40620 34442 7105 27337 7065 6178 1097 5081 926 724 7017 840 772 6977 6910 239 186 6671 6365 2392 3973 853 736 574 117 95 369 3120 1801 1319
is_linear=0
shrinkage=0.03


Tree=221
num_leaves=31
num_cat=0
split_feature=6 8 4 27 5 38 39 15 13 13 40 14 6 32 5 29 5 4 40 29 14 28 14 38 39 4 14 12 13 28
split_gain=20649.1 24912.7 22072.4 25897.6 20862.6 26745.5 27908.3 23801.5 23779.8 22955.9 41744.4 23135.4 24316.2 43939.3 74674.6 21123.8 20802.4 20511 20017.8 19920.1 19190.1 18827.7 18581.4 18448.2 18037.7 25008.6 22605.3 26860.7 21744.4 17746.6
threshold=31.152202643171815 438.38750000000005 348.50000000000006 53164.391718750012 37403.812500000007 -9.9849999999999941 -103.09124999999999 513.26479166666684 315.09000000000009 293.64000000000004 34.675000000000004 625.65500000000009 9.5865638766519847 264.94500000000005 68762.500000000015 307.8925000000001 67364.250000000015 2.5000000000000004 -58.902499999999996 228.41375000000002 459.26000000000005 44650.511250000003 469.85000000000008 75.175000000000011 -18.205000000000002 22.500000000000004 232.05000000000004 193.04291666666668 134.87750000000003 26366.375000000004
decision_type=2 2 2 10 2 8 10 10 10 10 10 10 2 10 2 10 2 2 10 10 10 8 10 10 8 2 10 10 10 10
left_child=1 2 4 18 7 6 -6 8 15 10 11 12 13 21 19 20 -11 -8 -4 -15 23 24 29 -1 26 28 -7 -28 -26 -14
right_child=-2 -3 3 -5 5 9 17 -9 -10 16 -12 -13 22 14 -16 -17 -18 -19 -20 -21 -22 -23 -24 -25 25 -27 27 -29 -30 -31
leaf_value=-0.044121302038019117 0.19266594736422499 -0.063307266433510936 0.19196418628309453 0.20648154247176553 0.27170356256984357 0.096705601315754591 -0.44479544950266409 -0.67402865598418493 0.43928379879238899 0.12926374873257224 -0.35305428720337889 0.54835155360932863 0.16424259010752487 -0.26656167769715899 1.4768653297249008 -0.54545028170714005 0.81701098229203895 0.061774212353384574 -0.18603333614932932 0.5112898058870009 0.54323856674894988 -0.016544944065148316 -0.33641454866057952 -0.48869919338198597 0.74229847850678843 0.0040761167711501761 0.77217054960507792 0.16930605141670291 -0.02996207296848297 -0.028584886324177616
leaf_weight=3647 480 5672 139 211 594 1727 72 54 88 705 298 69 445 62 50 77 41 4994 1284 55 48 4341 170 85 78 2919 102 190 56 11659
leaf_count=3647 480 5672 139 211 594 1727 72 54 88 705 298 69 445 62 50 77 41 4994 1284 55 48 4341 170 85 78 2919 102 190 56 11659
internal_value=-0.00272302 -0.00507645 0.00456567 -0.102999 0.00995581 0.0189225 0.0773283 -0.0542211 -0.0455684 0.00452615 -0.000972818 0.00382892 0.00208468 0.0379016 0.518803 -0.0567416 0.168105 0.0544883 -0.149001 0.100329 -0.0466448 0.0293155 -0.0258716 -0.0543752 0.0685619 0.0225396 0.138108 0.381812 0.421731 -0.0214827
internal_weight=40412 39932 34260 1634 32626 28627 5660 3999 3945 22967 22221 21923 21854 9580 167 3857 746 5066 1423 117 3780 9413 12274 3732 5072 3053 2019 292 134 12104
internal_count=40412 39932 34260 1634 32626 28627 5660 3999 3945 22967 22221 21923 21854 9580 167 3857 746 5066 1423 117 3780 9413 12274 3732 5072 3053 2019 292 134 12104
is_linear=0
shrinkage=0.03


Tree=222
num_leaves=31
num_cat=0
split_feature=7 40 6 2 6 7 28 25 26 4 32 27 38 0 28 13 28 33 36 27 36 41 12 25 28 29 27 27 28 34
split_gain=20420.7 21063.4 69757.5 267873 21285.8 21246.9 20897.6 34277 20607 19513.8 17843.7 24304.5 18268.9 17711.3 30985.5 24006.5 19696.7 17898.5 30863.6 17331.9 16459.8 16226.2 17314.4 26643.2 22391 23407.4 24177.1 20104.5 23775.8 27925.7
threshold=10.565972222222223 -19.380000000000013 0.39295154185022024 10.500000000000002 4.2685022026431723 4.7517361111111134 37723.407968750013 4.0881250000000007 46546.561250000006 348.50000000000006 219.715 48400.291666666672 17.815000000000005 17.500000000000004 23666.437500000004 345.17000000000002 26674.687500000004 554.32500000000016 144.34500000000003 40334.964895833342 144.34500000000003 13654.425545070624 20.943177083333335 32.143125000000005 34581.137031250008 170.53250000000006 33954.781666666669 35514.645833333343 36771.500000000007 159.44500000000002
decision_type=2 8 2 2 2 2 8 8 10 2 10 10 10 2 10 10 10 10 10 10 10 10 10 10 10 10 10 10 10 10
left_child=1 2 3 -1 8 6 13 -8 -4 -7 12 -12 -9 14 -3 -15 17 18 -16 -14 -18 22 -6 -24 -25 26 -26 -28 29 -29
right_child=-2 5 4 -5 21 9 7 10 -10 -11 11 -13 19 15 16 -17 20 -19 -20 -21 -22 -23 23 24 25 -27 27 28 -30 -31
leaf_value=2.6351939658647359 -0.15121083127651455 -0.38583254913894494 0.36474459845165252 -0.38531372986409973 -0.070599591880805543 -0.029809075505935482 -0.78349459910765284 -0.002280866029746407 0.04091162643575999 -0.222854173745065 0.27636237852809736 -0.29832253658109237 -0.41402283071250207 0.15608365931026641 0.22867955569250911 0.86951090788841245 0.040957176797262976 -0.24343896197421211 1.088758865982987 -0.080937608027077723 -0.55714490598865918 0.27821294359142346 0.1342438753345796 0.10560108492409602 -0.31743826528714186 -0.18382313626482746 0.24973935115825935 -0.12642934501381409 0.015363713790645037 -0.8757080234499538
leaf_weight=42 787 146 319 68 1882 14620 51 4718 396 486 365 80 182 772 305 44 2967 55 42 610 41 211 1778 1727 206 665 304 371 6261 50
leaf_count=42 787 146 319 68 1882 14620 51 4718 396 486 365 80 182 772 305 44 2967 55 42 610 41 211 1778 1727 206 665 304 371 6261 50
internal_value=1.72282e-05 0.00301403 0.032181 0.781322 0.0263108 -0.0133304 0.0197172 -0.0166039 0.185699 -0.0360342 -0.00990563 0.172611 -0.0246747 0.0696053 0.0406532 0.19557 0.0590211 0.25598 0.335611 -0.157905 0.0326224 0.0178277 0.0136587 0.0276202 0.00782765 -0.013674 0.00208196 0.0115479 0.000675557 -0.217282
internal_weight=40551 39764 14280 110 14170 25484 10378 6006 715 15106 5955 445 5510 4372 3556 816 3410 402 347 792 3008 13455 13244 11362 9584 7857 7192 6986 6682 421
internal_count=40551 39764 14280 110 14170 25484 10378 6006 715 15106 5955 445 5510 4372 3556 816 3410 402 347 792 3008 13455 13244 11362 9584 7857 7192 6986 6682 421
is_linear=0
shrinkage=0.03


Tree=223
num_leaves=31
num_cat=0
split_feature=32 6 28 40 14 11 27 10 4 28 4 35 40 7 39 24 27 15 14 6 14 10 37 27 27 2 34 28 28 3
split_gain=20492 181058 30175.9 26582.2 24478.3 22054.8 20702.8 19900.5 16362.6 29640.7 27873.7 22730.2 16884.7 15098 18511.2 27944.5 24125 16228.8 23954.5 18431.9 15371.4 22827 15112.7 13919.5 29607.5 31214.4 22038.5 17093.9 19626.9 16703.7
threshold=250.00500000000002 0.684581497797357 41586.812500000007 -32.154999999999994 363.19500000000011 353.44500000000005 43085.083333333336 250.00500000000002 348.50000000000006 52354.935156250009 351.50000000000006 42.919999999999995 -83.836249999999993 4.3142361111111134 -104.17999999999998 410.02500000000003 24313.729166666672 75.107291666666683 133.09 10.983480176211456 75.593750000000014 -2.4362499999999998 17.505000000000006 37063.958333333343 38094.854166666679 8.5000000000000018 136.13500000000002 39166.062500000007 40731.258750000001 1.0000000180025095e-35
decision_type=10 2 10 10 10 10 10 10 2 10 2 10 10 2 10 10 10 10 10 2 10 10 10 10 10 2 10 10 10 2
left_child=8 -2 4 -4 -3 -6 7 -5 13 10 -10 12 -12 20 15 16 -15 18 -18 -20 21 -1 -17 29 25 -25 -27 -26 -29 -22
right_child=1 2 3 6 5 -7 -8 -9 9 -11 11 -13 -14 14 -16 22 17 -19 19 -21 23 -23 -24 24 27 26 -28 28 -30 -31
leaf_value=-0.79226660160613915 1.9552539275681717 0.058194844861328601 -0.46727625483761032 -0.067981697462372856 -0.66512598863349548 0.034861699172106457 0.015097946544488271 0.55358397406398729 -0.4939883645723776 0.18070642944340679 0.41777971466056635 -0.68733701537496272 -0.098630243742750617 0.77657705989868742 -0.015694260130990154 -0.092126826401799908 0.11692765888349582 0.0032767849411885191 1.0700638213892315 0.27727348615725839 0.076761190903940471 -0.06405961831144634 -0.80906320374944929 -0.038979456101678328 0.17892735115128711 -0.25647352863427086 -0.91689044237136841 -0.092120553096207744 0.054932634210862988 0.4243415860242622
leaf_weight=41 46 224 48 58 112 63 179 226 193 274 60 55 868 45 25774 63 902 1120 42 71 3569 503 45 492 684 137 68 1094 3215 128
leaf_count=41 46 224 48 58 112 63 179 226 193 274 60 55 868 45 25774 63 902 1120 42 71 3569 503 45 492 684 137 68 1094 3215 128
internal_value=0.0023689 0.139536 0.0457075 0.198191 -0.149586 -0.414364 0.268039 0.426851 -0.000959155 -0.0998315 -0.165293 -0.100321 -0.0648279 0.00281683 -0.00843369 0.0733267 0.0967253 0.082039 0.16886 0.578741 0.034605 -0.120296 -0.395532 0.0435938 0.0141418 -0.168876 -0.478926 0.039719 0.017585 0.0889068
internal_weight=40399 956 910 511 399 175 463 284 39443 1450 1176 983 928 37993 28062 2288 2180 2135 1015 113 9931 544 108 9387 5690 697 205 4993 4309 3697
internal_count=40399 956 910 511 399 175 463 284 39443 1450 1176 983 928 37993 28062 2288 2180 2135 1015 113 9931 544 108 9387 5690 697 205 4993 4309 3697
is_linear=0
shrinkage=0.03


Tree=224
num_leaves=31
num_cat=0
split_feature=8 6 4 34 35 5 26 39 14 7 25 25 5 24 25 11 28 25 14 16 7 16 18 15 6 0 36 14 28 0
split_gain=19279 25115.5 21659.2 21063.7 19452.1 19247.4 123449 17479.5 25909.5 38415.8 34154.1 28184.3 27512.1 32819 32127 24239 21519.7 24621 20918.3 20641.4 20040.7 18861.4 17405.4 22763 20655.6 21685.9 24227.9 19560.4 28181.3 27502.6
threshold=519.89375000000007 23.761233480176212 257.50000000000006 168.44000000000003 145.46750000000003 71712.500000000015 39863.181250000009 -41.094999999999978 218.24000000000004 8.5642361111111143 443.54708333333343 166.03687500000004 50466.187500000007 300.34500000000008 190.57583333333335 224.58500000000004 23666.437500000004 396.69062500000013 168.10000000000002 5688.1073892065997 5.6857638888888902 3679.2115448713389 1.0000000180025095e-35 46.85958333333334 14.453524229074894 11.500000000000002 -10.362500000000002 147.17500000000004 42074.562500000007 5.5000000000000009
decision_type=2 2 2 10 10 2 8 8 10 2 10 10 2 10 10 10 10 10 10 8 2 10 2 10 2 2 10 10 10 2
left_child=1 4 -2 -4 5 7 -7 8 11 10 12 19 16 14 -14 -11 -10 20 -13 -1 -18 -9 27 -24 -25 26 -26 29 -29 -21
right_child=2 -3 3 -5 -6 6 -8 21 9 15 -12 18 13 -15 -16 -17 17 -19 -20 22 -22 -23 23 24 25 -27 -28 28 -30 -31
leaf_value=0.059957630974988831 -0.04839098921685353 0.10920750978452508 -0.17009177922225388 -0.88923625176807619 -0.19920829687750136 1.6170313171959143 0.057038381877983921 -0.011434380918182585 0.65743561526707239 -0.8009475095814369 -0.26541829080937307 -0.85470968869497188 0.72501452021109747 1.2579971885681152 0.061318381537270067 0.12043832576274871 0.27324011401576404 -0.43377274749071698 -0.1604263813538771 -0.15128128398949223 -0.031059438400088048 -0.10712606812871169 0.036955874901032075 -0.089030538622079769 -0.054263977370478889 -0.14682197696191043 -0.81217644636714181 0.23954432214911722 -0.21284448928217733 0.034841066433038456
leaf_weight=4984 4125 1966 121 52 439 46 1599 17052 69 60 138 52 116 41 150 44 506 68 151 989 316 2079 767 906 54 222 128 620 154 2567
leaf_count=4984 4125 1966 121 52 439 46 1599 17052 69 60 138 52 116 41 150 44 506 68 151 989 316 2079 767 906 54 222 128 620 154 2567
internal_value=-0.00216246 0.00495494 -0.0622335 -0.390119 -0.00102064 0.00155333 0.101617 -0.00355638 0.0231379 0.140071 0.181356 0.00791796 0.230228 0.477018 0.352381 -0.413696 0.150809 0.110838 -0.34159 0.014176 0.156363 -0.0218384 -0.0214413 -0.0928129 -0.168762 -0.346905 -0.588827 0.0128076 0.149376 -0.0169515
internal_weight=40581 36283 4298 173 34317 33878 1645 32233 13102 1508 1404 11594 1266 307 266 104 959 890 203 11391 822 19131 6407 2077 1310 404 182 4330 774 3556
internal_count=40581 36283 4298 173 34317 33878 1645 32233 13102 1508 1404 11594 1266 307 266 104 959 890 203 11391 822 19131 6407 2077 1310 404 182 4330 774 3556
is_linear=0
shrinkage=0.03


Tree=225
num_leaves=31
num_cat=0
split_feature=5 28 5 38 6 14 28 26 33 5 25 25 5 6 4 8 4 7 14 25 39 15 33 7 38 21 14 39 26 12
split_gain=19366 29898.3 239235 25787.5 28106.7 42354.1 25275.7 23382.9 20761.2 36677.4 22563.2 67439.1 24097.4 20581.6 19150.2 22623.6 21497.2 20319 20145 18854.7 28367.5 18769.4 21200.5 17595.2 19502.5 22040.6 16539 16526.7 16046.7 20488.6
threshold=40906.250000000007 34367.756562500006 65412.500000000007 19.068749999999998 15.232158590308373 213.74250000000004 54729.13984375001 40734.160000000011 140.03125000000003 74143.750000000015 190.57583333333335 174.64854166666666 54656.250000000007 3.1949339207048464 260.50000000000006 71.343750000000014 262.50000000000006 5.5920138888888902 96.010000000000005 62.693593750000012 -51.859999999999985 513.26479166666684 429.90500000000003 11.411458333333337 -10.324999999999994 1.0000000180025095e-35 488.71500000000009 -50.124999999999993 35920.696250000008 112.99098958333336
decision_type=2 8 2 8 2 10 10 8 8 2 10 10 2 2 2 2 2 2 10 10 10 10 10 2 10 2 10 10 10 10
left_child=7 2 13 8 6 -6 -5 14 -3 10 11 23 -12 -2 15 18 17 -16 -1 -17 -21 26 -23 24 -10 -26 27 -20 -18 -30
right_child=1 3 -4 4 5 -7 -8 -9 9 -11 12 -13 -14 -15 16 19 28 -19 21 20 -22 22 -24 -25 25 -27 -28 -29 29 -31
leaf_value=-0.10854637596512109 -0.58382669522364938 -0.0063298310606035094 2.3009090718834897 -0.024993989861638172 -0.11892236134708625 -0.69028735728113799 -0.71649522808380417 0.073721941495582061 0.16418047303089478 0.50843739228020413 -0.30417545352131126 0.51172275502896425 0.0055895063637910036 0.060136169499572664 -1.0348824533075094 -0.051447625999758266 -0.026104462244517863 -0.12212343723646231 0.16257987576509281 -0.54054785152150464 -0.1137724300417909 0.17978970260154908 -0.69690086946298835 -0.36556686985492709 0.0099289540222079406 0.67147769176117744 0.31987726170224012 -0.0077567689719545835 -0.354898614788694 0.049335269624187099
leaf_weight=1155 44 13301 42 5371 640 142 47 1390 1146 159 284 303 1092 6198 47 954 619 41 675 216 398 40 63 89 3094 45 193 2121 419 154
leaf_count=1155 44 13301 42 5371 640 142 47 1390 1146 159 284 303 1092 6198 47 954 619 41 675 216 398 40 63 89 3094 45 193 2121 419 154
internal_value=0.0015347 0.01222 0.0708753 -0.00211691 -0.0554104 -0.223423 -0.0311237 -0.0387565 0.0148184 0.0600942 0.0482351 0.0796485 -0.058519 0.0555041 -0.0607997 -0.037661 -0.165807 -0.61577 -0.00169717 -0.135007 -0.264543 0.038238 -0.357983 0.0496073 0.0583138 0.0196236 0.0520068 0.0334087 -0.1321 -0.24636
internal_weight=40482 31997 6284 25713 6200 782 5418 8485 19513 6212 6053 4677 1376 6242 7095 5815 1280 88 4247 1568 614 3092 103 4374 4285 3139 2989 2796 1192 573
internal_count=40482 31997 6284 25713 6200 782 5418 8485 19513 6212 6053 4677 1376 6242 7095 5815 1280 88 4247 1568 614 3092 103 4374 4285 3139 2989 2796 1192 573
is_linear=0
shrinkage=0.03


Tree=226
num_leaves=31
num_cat=0
split_feature=8 4 5 6 6 27 24 15 15 7 4 28 25 25 5 39 36 40 14 4 30 28 14 3 4 28 16 25 16 33
split_gain=20343.8 27805.3 49857.7 18012.2 17065.1 54377 354020 27913.3 26309.7 18592.5 18404.6 20716.8 21664.5 21133.8 20489.4 20068.7 18994.6 18612.2 29394.6 23067 18400.3 22583.2 26926.4 18181.7 18046.6 26045.7 20039.2 18178.7 17349.5 17029.1
threshold=739.12500000000011 126.50000000000001 44602.875000000007 27.638325991189436 9.6625550660792978 30324.104166666672 342.60500000000008 228.61104166666669 36.776875000000011 6.2170138888888911 348.50000000000006 44650.511250000003 443.54708333333343 249.89229166666669 79606.250000000015 -3.239999999999998 2.5362500000000101 -12.517499999999982 132.16375000000002 342.50000000000006 77.895000000000024 43501.194687500007 189.43625000000003 1.0000000180025095e-35 351.50000000000006 42101.187500000007 101.4483514853366 67.311666666666682 3022.8214322106674 443.77500000000003
decision_type=2 2 2 2 2 8 10 10 8 2 2 8 10 10 2 10 10 8 10 2 10 10 10 2 2 8 10 10 10 10
left_child=3 2 -2 4 5 6 7 -1 -7 28 11 12 17 14 23 -16 -14 18 -10 -19 -20 -22 -23 -13 26 -26 -12 -27 -6 -3
right_child=1 29 -4 -5 9 8 -8 -9 10 -11 24 13 16 -15 15 -17 -18 19 20 -21 21 22 -24 -25 25 27 -28 -29 -30 -31
leaf_value=0.21388346090563573 -1.4001613376821791 -0.050557636336838498 -0.010250432097686911 0.12616763382310739 0.014983937306224613 0.15567449587803839 2.8475528302400006 -0.37684065807949407 -0.0022315459257371733 -0.050688209614451009 -0.1734476152794846 -0.029561754123926077 -0.028720655605710785 -0.40487435434377733 0.81977920003912663 0.11765442726457065 -0.87004429944923944 0.0034642323883034534 0.49780815147088098 0.35773305492523799 0.1206133555385175 0.0059975520372390744 0.908025044108692 -0.54309375421986694 -0.31696408215991179 0.40992294563612808 -0.7813227531489203 -0.021748484821116503 -0.073141440913933445 -0.65827400309118356
leaf_weight=263 41 735 52 1032 15034 1110 45 98 798 8626 176 4137 57 132 43 222 41 3352 198 173 801 49 75 62 229 108 67 451 2320 43
leaf_count=263 41 735 52 1032 15034 1110 45 98 798 8626 176 4137 57 132 43 222 41 3352 198 173 801 49 75 62 229 108 67 451 2320 43
internal_value=-0.0006124 -0.14395 -0.631384 0.00253599 -0.000766844 0.0277516 0.368908 0.0529227 0.0164442 -0.014694 0.00259692 0.0148795 0.0539181 -0.0322129 -0.0211051 0.234238 -0.385936 0.0619026 0.137004 0.0209476 0.235859 0.179311 0.554478 -0.0372718 -0.118101 -0.0482262 -0.343566 0.0622344 0.00319921 -0.084948
internal_weight=40570 871 93 39699 38667 12687 406 361 12281 25980 11171 10140 5544 4596 4464 265 98 5446 1921 3525 1123 925 124 4199 1031 788 243 559 17354 778
internal_count=40570 871 93 39699 38667 12687 406 361 12281 25980 11171 10140 5544 4596 4464 265 98 5446 1921 3525 1123 925 124 4199 1031 788 243 559 17354 778
is_linear=0
shrinkage=0.03


Tree=227
num_leaves=31
num_cat=0
split_feature=8 8 1 35 14 25 5 28 38 41 23 39 26 5 4 15 14 15 15 24 25 14 14 36 15 5 10 41 28 39
split_gain=18133.4 27939.2 50203.4 87959.6 30981.6 29647.3 29611.7 37222.4 25340.9 27799.9 21678 29151.3 21313.5 20716.8 18471 27285.1 20342.2 17945.1 17939.4 17652.8 17643.7 17160.6 16775.1 16718.9 16604 22161 26400.1 26899.4 24621.4 22112.7
threshold=228.15625000000003 0.11250000000000002 1.0000000180025095e-35 82.628750000000011 138.43000000000004 127.28484375000001 39056.250000000007 26366.375000000004 -20.678749999999997 7687.9710689938156 3.5000000000000004 -22.229999999999993 26504.000000000004 45903.437500000007 317.50000000000006 142.67291666666668 258.29125000000005 628.70145833333345 40.351041666666674 127.73500000000001 140.65468750000005 96.010000000000005 86.15000000000002 59.749999999999993 4.0881250000000007 41043.750000000007 -0.068749999999999992 -7869.2067164811097 22538.562500000004 -133.15499999999997
decision_type=2 2 2 10 10 8 2 8 8 8 2 8 8 2 2 10 10 10 8 10 10 10 10 10 10 2 10 8 10 10
left_child=1 10 3 4 5 -3 -4 13 -9 19 11 21 -12 -8 15 20 -16 24 22 -10 -6 -1 -14 -15 -2 26 -26 -28 -27 -29
right_child=17 2 6 -5 14 -7 7 8 9 -11 12 -13 18 23 16 -17 -18 -19 -20 -21 -22 -23 -24 -25 25 28 27 29 -30 -31
leaf_value=-0.065160276851366231 0.23030604945452804 0.10456976939681684 -0.14050353266291518 1.4315511532390819 0.34241457107208539 -0.70913157173565444 0.14210594129366955 0.19029049140176627 -0.047167733817030828 0.046721558966496587 0.33188912048108044 -0.0827069684040906 -0.0064495104304541136 0.39701987439576458 1.2410978089309321 0.049665372586250305 0.35875997585765385 -0.58294876301063681 -0.0063545315177812563 -0.3043295162047624 1.0033562808566623 0.040036149043566484 0.21295692894520468 1.0992075216511021 -0.85407508866618509 0.65885706551373002 0.075863761802661869 -0.84125300104729828 -0.022247114388702575 -0.17904424374548009
leaf_weight=1969 216 999 898 50 117 41 182 787 1859 5622 215 5710 530 97 40 224 58 52 3679 275 53 4786 767 45 45 47 420 47 9874 868
leaf_count=1969 216 999 898 50 117 41 182 787 1859 5622 215 5710 530 97 40 224 58 52 3679 275 53 4786 767 45 45 47 420 47 9874 868
internal_value=-0.000424332 0.0122427 0.0489698 0.205691 0.164774 0.0718408 0.0235615 0.040191 0.0281996 0.0117298 -0.0113622 -0.0328134 0.0401444 0.355313 0.360675 0.267749 0.727796 -0.0321783 0.0274747 -0.0804342 0.553135 0.00936757 0.123364 0.625675 -0.0296412 -0.0346296 -0.147225 -0.122778 -0.0189544 -0.213941
internal_weight=40572 29003 11347 1582 1532 1040 9765 8867 8543 7756 17656 12465 5191 324 492 394 98 11569 4976 2134 170 6755 1297 142 11517 11301 1380 1335 9921 915
internal_count=40572 29003 11347 1582 1532 1040 9765 8867 8543 7756 17656 12465 5191 324 492 394 98 11569 4976 2134 170 6755 1297 142 11517 11301 1380 1335 9921 915
is_linear=0
shrinkage=0.03


Tree=228
num_leaves=31
num_cat=0
split_feature=32 37 4 28 4 41 14 9 10 28 27 27 35 4 23 11 10 28 27 29 12 8 4 34 34 16 3 14 14 12
split_gain=22259.3 47218.4 17856.9 28040.1 20875.2 18804.6 19014.8 17754.5 125703 34193.3 16450 15785.6 15740.9 15714.2 15043.4 14928.1 14765 14718.9 25601.3 18303.9 18907.1 18041.9 20501.6 23315.8 18017.7 17870.8 17131.6 23963.1 16292.3 23634
threshold=228.62500000000003 -21.027499999999996 348.50000000000006 52354.935156250009 351.50000000000006 13259.921016334762 161.15500000000003 278.64500000000004 320.68500000000006 42214.688906250005 43159.333333333336 42740.770833333343 36.805 74.500000000000014 2.5000000000000004 250.00500000000002 131.38375000000002 43899.500000000007 42740.770833333343 239.09000000000003 86.157447916666669 524.60000000000002 257.50000000000006 168.44000000000003 126.38500000000001 574.77200560157451 1.0000000180025095e-35 118.66125000000001 95.535000000000011 57.482916666666675
decision_type=10 10 2 10 2 10 10 10 10 10 8 10 10 2 2 10 10 10 8 10 10 2 2 10 8 8 2 10 10 10
left_child=2 -2 5 4 14 17 16 8 -3 15 11 -11 -6 -8 -4 -9 -7 21 24 20 25 -1 -23 -24 -19 -20 27 -22 -27 -30
right_child=1 7 3 -5 12 6 13 9 -10 10 -12 -13 -14 -15 -16 -17 -18 18 19 -21 26 22 23 -25 -26 28 -28 -29 29 -31
leaf_value=0.017349802212042138 0.97350299578363253 0.090546042558697748 -0.1281358713656664 0.16279665098023072 -0.083459465189554022 0.23069118850465331 -0.089521055452722972 -0.59684296154058891 1.7532206061759661 0.12807280023729328 -0.091998304873704917 0.62121882114559412 -0.56407274040986188 0.49483569413423534 -0.69144710323405922 -0.13119186366565452 0.82791863928948128 -0.10057037196122109 0.22429286291257716 -0.44316201303709063 0.36720329483556008 -0.037880156739110743 -0.12959219679679021 -0.92463512291908256 -0.54897156877558806 -0.020462921362067156 -0.48101847334911946 0.021290177844453903 -0.37862447031779234 -0.094231469046166888
leaf_weight=25761 54 851 71 277 878 349 301 77 42 151 134 95 65 47 108 306 41 183 177 93 192 3809 100 49 144 1732 56 2729 331 1271
leaf_count=25761 54 851 71 277 878 349 301 77 42 151 134 95 65 47 108 306 41 183 177 93 192 3809 100 49 144 1732 56 2729 331 1271
internal_value=0.0027737 0.108668 -0.00190031 -0.10709 -0.173805 0.0020409 0.151869 0.0798964 0.170619 -0.0263683 0.175024 0.320259 -0.11715 -0.00940758 -0.469964 -0.226119 0.295434 -0.000982061 -0.0404245 -0.0275276 -0.0215025 0.00818713 -0.0514382 -0.39547 -0.299103 -0.0686514 0.0341082 0.0441453 -0.0842663 -0.153191
internal_weight=40474 1710 38764 1399 1122 37365 738 1656 893 763 380 246 943 348 179 383 390 36627 6908 6581 6488 29719 3958 149 327 3511 2977 2921 3334 1602
internal_count=40474 1710 38764 1399 1122 37365 738 1656 893 763 380 246 943 348 179 383 390 36627 6908 6581 6488 29719 3958 149 327 3511 2977 2921 3334 1602
is_linear=0
shrinkage=0.03


Tree=229
num_leaves=31
num_cat=0
split_feature=40 27 15 27 25 14 15 39 10 9 1 25 14 26 7 8 12 18 24 9 39 15 41 27 38 5 38 24 32 24
split_gain=22335 19388.1 28194.6 28933 21879 47979.6 19146.1 17837 26969.4 25773.4 20419.4 16438.9 19772.7 19265.4 16333.4 28844.5 21001.7 16886.7 23782.1 22079.3 15805.8 16321.5 16250 18456.1 16052.7 16262.8 23625.1 19312.1 34700.4 19076.4
threshold=34.675000000000004 22750.937500000004 458.07729166666678 24313.729166666672 343.15729166666671 559.03500000000008 25.359479166666667 -89.571249999999992 410.13500000000005 465.51500000000004 2.5000000000000004 458.07729166666678 625.65500000000009 27849.500000000004 3.3211805555555562 648.94375000000014 458.07729166666678 1.0000000180025095e-35 182.49000000000004 -7.7899999999999991 7.454999999999985 443.54708333333343 17133.706979634469 55427.884739583344 305.72500000000008 37254.187500000007 -6.5474999999999985 91.72375000000001 151.32125000000002 300.34500000000008
decision_type=10 8 10 8 10 10 10 10 10 10 2 10 8 10 2 2 10 2 10 10 10 10 10 10 10 2 8 10 10 10
left_child=1 -1 3 -3 -4 -6 -2 -8 9 -9 -10 12 14 -13 -5 16 20 -17 19 -19 21 22 23 24 25 27 -27 28 -16 -28
right_child=6 2 4 11 5 -7 7 8 10 -11 -12 13 -14 -15 15 17 -18 18 -20 -21 -22 -23 -24 -25 -26 26 29 -29 -30 -31
leaf_value=0.36864317385263223 0.4154651673959226 0.4261017662903358 0.14646116543029036 0.063129661309967666 -0.89260276930757088 -0.1317276123833532 -0.76986257159191629 -0.22498564882605512 0.48903915820996974 -1.0071393347212245 -0.09267402583155139 0.0092733678662655309 0.57654250886705183 -0.60548839994545645 -0.032297645437368162 -0.060262907959305778 0.63511791472739365 -0.8121185095980763 -0.86707903936776243 -0.13001295920640607 -0.27452958678497985 0.41970152363181112 0.22656532090118053 -0.42525497929291778 -0.42420499309524895 0.056758059320996403 -0.012017242549535876 -0.17856362845907794 0.82714110370292215 0.1282588446798055
leaf_weight=128 48 144 111 3580 100 287 45 405 78 41 173 97 53 86 2530 902 46 47 54 394 186 83 284 91 79 6974 21737 912 42 908
leaf_count=128 48 144 111 3580 100 287 45 405 78 41 173 97 53 86 2530 902 46 47 54 394 186 83 284 91 79 6974 21737 912 42 908
internal_value=-0.00167871 0.00145419 0.000261858 0.00311216 -0.223821 -0.33013 -0.159534 -0.197239 -0.15922 -0.29898 0.0893207 0.00154288 0.00288085 -0.281352 0.00208341 -0.00411474 0.00139689 -0.137656 -0.278279 -0.204382 0.00051634 0.00204522 0.000999712 -0.000932343 0.000244121 0.00126985 0.00848224 -0.0600307 -0.0179472 -0.00638716
internal_weight=40645 39855 39727 39229 498 387 790 742 697 446 251 39085 38902 183 38849 35269 33872 1397 495 441 33826 33640 33557 33273 33182 33103 29619 3484 2572 22645
internal_count=40645 39855 39727 39229 498 387 790 742 697 446 251 39085 38902 183 38849 35269 33872 1397 495 441 33826 33640 33557 33273 33182 33103 29619 3484 2572 22645
is_linear=0
shrinkage=0.03


Tree=230
num_leaves=31
num_cat=0
split_feature=15 33 28 5 24 14 14 6 7 14 13 27 27 27 29 13 20 24 14 0 4 4 27 8 14 6 5 15 28 32
split_gain=18521.6 37313.9 21055 31536.8 29024.5 126769 22190.6 35769.2 26078.5 21312 20897.4 22473.1 59290.2 41569.3 21762 19987.1 19479.7 19332 21262.4 19390.6 23439.5 18407.8 21157.4 20212.9 17295.8 16816.6 16765.1 45909.1 31391.1 28472.9
threshold=458.07729166666678 650.50000000000011 28188.687500000004 51689.000000000007 465.20500000000004 528.94500000000005 418.44000000000005 0.684581497797357 4.8871527777777795 488.71500000000009 345.17000000000002 26213.354166666668 26340.312500000004 26079.687500000004 202.49750000000003 434.09500000000008 1.0000000180025095e-35 277.33500000000004 576.00000000000011 5.5000000000000009 222.50000000000003 184.50000000000003 24313.729166666672 32.631250000000009 576.00000000000011 24.300881057268729 54810.625000000007 171.18250000000003 43899.500000000007 7.285000000000001
decision_type=10 10 8 2 10 10 10 2 2 10 8 10 10 10 10 10 2 10 10 2 2 2 10 2 10 2 2 10 8 8
left_child=2 17 3 10 6 -6 26 -8 -9 -10 11 13 -13 16 -15 -12 21 -2 19 -19 -21 -1 23 -23 -11 -3 27 -4 -28 -29
right_child=1 25 4 -5 5 -7 7 8 9 24 15 12 -14 14 -16 -17 -18 18 -20 20 -22 22 -24 -25 -26 -27 28 29 -30 -31
leaf_value=0.30273510658289077 0.21129291308892739 0.071703715249896049 -0.0047616075165794287 0.43562082257050155 1.7563498466394165 -0.21016269961496192 -0.74776839495225 0.11973858196450315 -0.44925295363760215 0.52042140391531089 0.56283187613687435 0.81669075820710235 0.052084572641233 -0.078727369628332808 -0.8231750784972881 -0.10063656122982501 0.62922234041350222 -1.0862948254797054 -0.15873787603543016 -0.71084108288945813 0.032147428360970121 -0.10401731318235398 -0.1944154675276204 0.60615020117976448 -0.28672933157752545 0.83593889410902811 0.089799753518587225 -0.74907753303136726 -0.01393152951130848 -0.14244472470683184
leaf_weight=121 73 71 23541 207 43 89 85 275 211 44 130 96 1550 57 93 59 41 46 331 86 68 79 486 65 50 40 4500 72 6301 1547
leaf_count=121 73 71 23541 207 43 89 85 275 211 44 130 96 1550 57 93 59 41 46 331 86 68 79 486 65 50 40 4500 72 6301 1547
internal_value=-4.49687e-05 -0.151271 0.00267948 0.0793047 -0.00354291 0.438833 -0.00514917 -0.176736 -0.0919071 -0.282503 0.0525974 0.0302907 0.0971476 -0.0865105 -0.54268 0.356278 0.000460551 -0.244209 -0.307109 -0.550651 -0.384677 -0.0346571 -0.0998349 0.218514 0.092587 0.352109 -0.00197132 -0.0153923 0.0292901 -0.169869
internal_weight=40457 715 39742 2984 36758 132 36626 665 580 305 2777 2588 1646 942 150 189 792 604 531 200 154 751 630 144 94 111 35961 25160 10801 1619
internal_count=40457 715 39742 2984 36758 132 36626 665 580 305 2777 2588 1646 942 150 189 792 604 531 200 154 751 630 144 94 111 35961 25160 10801 1619
is_linear=0
shrinkage=0.03


Tree=231
num_leaves=31
num_cat=0
split_feature=32 27 28 13 40 6 24 10 11 35 13 24 14 14 13 27 25 41 27 10 24 12 25 33 4 1 8 9 38 12
split_gain=19515.3 253843 37149.9 26815.2 20335.6 17638.7 19023.5 69229.2 36305.8 20644.8 19099.5 22109.1 21111.6 22997.1 25383.9 20366.6 39201.5 18113.2 16071.8 19703.2 15945.9 15903.1 26636.4 22779.9 22226.4 18668.2 47595.7 28075.7 25359.2 21736.7
threshold=264.94500000000005 30324.104166666672 42386.687500000007 229.99000000000004 -27.608749999999997 30.328193832599123 410.02500000000003 380.06500000000005 524.47500000000002 72.760000000000005 298.67500000000001 231.88000000000002 625.65500000000009 469.85000000000008 225.04500000000004 24313.729166666672 396.69062500000013 13654.425545070624 43085.083333333336 343.51500000000004 277.33500000000004 20.943177083333335 19.811666666666671 158.70500000000001 2.5000000000000004 1.0000000180025095e-35 0.11250000000000002 -0.068749999999999992 5.4637499999999966 171.40208333333337
decision_type=10 10 10 10 10 2 10 10 10 10 10 10 10 10 10 8 10 10 10 10 10 8 10 10 2 2 2 10 10 10
left_child=5 -2 3 -3 -4 6 8 9 10 -8 12 -12 13 15 20 -1 17 21 19 -6 -15 22 23 -17 -23 26 -26 -28 29 -27
right_child=1 2 4 -5 18 -7 7 -9 -10 -11 11 -13 -14 14 -16 16 -18 -19 -20 -21 -22 24 -24 -25 25 28 27 -29 -30 -31
leaf_value=0.64191385014490654 2.3635662307522511 0.093391146535674735 -0.36821556065570227 -0.45178745164590722 0.2076139684021473 0.15734627961312853 -0.38441554049922994 -0.0053622962693858842 0.68645652828009229 -0.99475341878258261 0.83797371367116769 0.1259782756413943 0.57766589584095129 -0.27947781688694295 -0.059416099536877411 -0.013550420238826815 -0.83507512443205889 0.14417603797817954 0.053385072699669051 0.85440841953316693 -1.0128632482657065 -0.36928658172692336 -0.18013321013924341 0.68600238528362534 -0.050071841572920425 0.0015765051555390165 -0.27619269095361232 0.17975664777151534 -0.048358166252737061 0.1051952760285491
leaf_weight=43 43 143 43 186 92 614 145 845 68 77 44 312 55 57 194 1628 50 739 117 79 51 145 1215 42 1887 18180 128 2137 9096 2024
leaf_count=43 43 143 43 186 92 614 145 845 68 77 44 312 55 57 194 1628 50 739 117 79 51 145 1215 42 1887 18180 128 2137 9096 2024
internal_value=0.000700641 0.157272 0.0101706 -0.21526 0.234213 -0.00207049 -0.00457385 -0.129449 -0.00107292 -0.599621 -0.00232038 0.216078 -0.00438998 -0.00525636 -0.26556 -0.00314254 -0.00390395 -0.00276501 0.325122 0.509656 -0.631914 -0.0057454 -0.0733255 0.00444313 5.97659e-05 0.00167171 0.061198 0.153879 -0.00676534 0.0119615
internal_weight=40479 703 660 329 331 39776 39162 1067 38095 222 38027 356 37671 37616 302 37314 37271 37221 288 171 108 36482 2885 1670 33597 33452 4152 2265 29300 20204
internal_count=40479 703 660 329 331 39776 39162 1067 38095 222 38027 356 37671 37616 302 37314 37271 37221 288 171 108 36482 2885 1670 33597 33452 4152 2265 29300 20204
is_linear=0
shrinkage=0.03


Tree=232
num_leaves=31
num_cat=0
split_feature=6 1 8 6 25 11 40 13 15 26 1 7 38 4 1 28 10 6 13 38 30 5 10 25 5 41 15 30 25 34
split_gain=19665.5 24154.5 17322.8 19857.1 26560.2 35935.6 90360.1 149090 22660.2 28284.9 21809.5 37156.8 20872.5 20272.8 27306.9 22464.5 19535 18467.3 15960.5 16405.3 24631.1 52585.8 58921.4 28071.9 20126.8 20307.9 17390 27193.7 20107.4 22812.8
threshold=33.836563876651994 2.5000000000000004 673.22500000000014 23.761233480176212 443.54708333333343 367.71000000000009 -36.636249999999983 195.09500000000003 296.20833333333337 41504.460000000006 3.5000000000000004 6.7690972222222241 4.0600000000000023 241.50000000000003 3.5000000000000004 25782.687500000004 -23.451249999999998 17.634140969163003 298.67500000000001 77.00500000000001 297.03000000000003 67056.250000000015 295.00500000000005 276.37187500000005 35812.625000000007 -3313.1969818992143 167.20895833333336 127.29000000000001 216.12250000000003 253.17500000000004
decision_type=2 2 2 2 10 10 10 10 10 10 2 2 10 2 2 10 10 2 10 10 10 2 10 10 2 8 10 10 10 10
left_child=2 -2 3 4 5 18 7 12 -8 10 -10 -12 -7 15 -15 -6 -4 -16 19 20 -1 23 -23 -22 -21 -26 -27 -28 -29 -30
right_child=1 -3 16 -5 13 6 8 -9 9 -11 11 -13 -14 14 17 -17 -18 -19 -20 24 21 22 -24 -25 25 26 27 28 29 -31
leaf_value=-0.0016045627528176252 0.68320073311350171 -0.059408051398396486 -0.61282089956570418 0.080560175927141459 0.1158714508593473 0.80361401141958033 -0.6378758866446359 2.365641690322331 0.03689592986423363 -0.40156056866576167 0.75620261932896304 -0.23603404130254474 0.0087701746239894768 -0.18999123232853082 -1.2864706928555558 -0.42463496128097172 -0.077129862131550903 -0.39795495667356123 0.23672730853396509 -0.58034867382901045 0.2329958139250918 1.6733409205564234 0.14832580057382583 -0.72856546592421645 -0.50937442765811847 0.033431194400986138 -0.72540214683459348 -0.31470943256627237 0.27841867968191703 -0.10181086364664403
leaf_weight=31639 83 74 63 2796 247 46 41 41 350 91 112 48 81 215 40 95 1453 46 246 69 81 42 49 40 88 1189 64 279 179 672
leaf_count=31639 83 74 63 2796 247 46 41 41 350 91 112 48 81 215 40 95 1453 46 246 69 81 42 49 40 88 1189 64 279 179 672
internal_value=0.00098084 0.335021 -0.000325481 0.00355432 -0.00241362 0.00105524 0.198455 0.815657 0.0359274 0.0828773 0.169933 0.458914 0.300695 -0.193348 -0.372474 -0.0350695 -0.0997807 -0.821255 -0.00356663 -0.0052923 0.000559967 0.322086 0.862717 -0.088242 -0.0786496 -0.0644111 -0.0477727 -0.128597 -0.0941839 -0.0216002
internal_weight=40559 157 40402 38886 36090 35447 810 168 642 601 510 160 127 643 301 342 1516 86 34637 34391 31851 212 91 121 2540 2471 2383 1194 1130 851
internal_count=40559 157 40402 38886 36090 35447 810 168 642 601 510 160 127 643 301 342 1516 86 34637 34391 31851 212 91 121 2540 2471 2383 1194 1130 851
is_linear=0
shrinkage=0.03


Tree=233
num_leaves=31
num_cat=0
split_feature=40 13 4 14 8 38 32 7 14 15 5 8 26 28 5 27 25 13 12 28 4 4 7 38 15 1 6 4 8 14
split_gain=18350.3 28294 37450.6 29715.5 26191.8 20209.1 19750.9 17213.2 16845.4 16132.9 16058.7 28344.5 21254 20574.7 47763.5 26212.5 24935.4 18763.6 42318.8 21087.5 18273.8 21305.6 20825.3 18261.6 20358.5 20195.2 18840.1 18208.2 18114.8 17804.2
threshold=34.675000000000004 293.64000000000004 201.50000000000003 459.26000000000005 314.16875000000005 498.86000000000007 142.80500000000004 10.565972222222223 84.785000000000011 383.62437500000004 40906.250000000007 771.49375000000009 40865.342500000006 34367.756562500006 64856.250000000007 33954.781666666669 124.95796875000001 75.030000000000015 111.80541666666669 22538.562500000004 259.50000000000006 263.50000000000006 5.789930555555558 5.8037500000000053 4.0881250000000007 5.5000000000000009 9.7345814977973593 227.50000000000003 3.3187500000000005 96.010000000000005
decision_type=10 10 2 10 2 10 10 2 10 10 2 2 8 8 2 8 10 10 10 10 2 2 2 8 8 2 2 2 2 10
left_child=5 3 -3 -2 -4 7 -6 10 -9 -5 11 12 20 14 17 16 -15 18 -12 -19 28 22 -22 -17 -25 26 -26 -20 29 -1
right_child=1 2 4 9 6 -7 -8 8 -10 -11 13 -13 -14 15 -16 23 -18 19 27 -21 21 -23 -24 24 25 -27 -28 -29 -30 -31
leaf_value=-0.096809176571032801 -0.15249738713661209 0.92373683656964978 0.20503040455792046 -1.1209674678789452 -0.81194996850358114 0.61552937343716618 0.060025965315955027 0.023252690780515731 -0.25366236284787347 -0.39728309267843276 0.068303624549930983 -0.64446493459098475 0.081619281908097877 -0.10450100210984169 1.0715179128093377 0.024635388969053488 -0.60774039098883381 0.52990137989106378 0.16533116258967381 1.4702070439338291e-05 -0.7201876052033227 -0.10755623171533515 0.02715373874902725 0.45773943777612752 -0.011515545452142315 0.099403672728474432 -0.1114728512025991 0.60928523816825719 -0.10412822751876756 0.048691096783792194
leaf_weight=1034 399 41 145 47 53 47 41 341 469 70 2010 67 1305 681 41 16038 101 68 142 3315 105 1086 49 75 4120 884 2885 203 1873 2816
leaf_count=1034 399 41 145 47 53 47 41 341 469 70 2010 67 1305 681 41 16038 101 68 142 3315 105 1086 49 75 4120 884 2885 203 1873 2816
internal_value=-0.00252149 -0.145051 0.0975344 -0.27662 -0.0474574 0.000335893 -0.434992 -0.000407758 -0.1372 -0.69503 0.00244421 -0.0344644 -0.0294439 0.0125106 0.0634794 0.000623847 -0.170191 0.0560911 0.121093 0.0108191 -0.0502681 -0.15463 -0.483756 0.00619594 -0.0309361 -0.0356393 -0.0526929 0.427562 -0.0276329 0.00959889
internal_weight=40551 796 280 516 239 39755 94 39708 810 117 38898 8335 8268 30563 5779 24784 782 5738 2355 3383 6963 1240 154 24002 7964 7889 7005 345 5723 3850
internal_count=40551 796 280 516 239 39755 94 39708 810 117 38898 8335 8268 30563 5779 24784 782 5738 2355 3383 6963 1240 154 24002 7964 7889 7005 345 5723 3850
is_linear=0
shrinkage=0.03


Tree=234
num_leaves=31
num_cat=0
split_feature=0 1 12 15 16 0 1 33 12 12 24 14 14 14 4 38 24 12 10 13 15 4 27 14 15 15 23 36 4 4
split_gain=15663.2 21907.3 23868 19066.6 20355 18081.5 28239.6 19245.3 17860.3 16593.7 16216.6 15434.7 34604.2 14169.2 19248.9 20148.4 38628.9 27858.9 64377 42734.7 36610.3 27599.8 29518 26678 23115.9 22322.9 22225.6 21517.7 19708.1 33938.9
threshold=15.500000000000002 5.5000000000000009 302.37062500000008 284.98812500000003 6669.4267913280246 20.500000000000004 1.0000000180025095e-35 650.50000000000011 171.40208333333337 458.07729166666678 236.01500000000001 506.41500000000002 469.85000000000008 75.593750000000014 2.5000000000000004 5.8037500000000053 410.02500000000003 343.15729166666671 295.00500000000005 250.07500000000002 406.63729166666673 241.50000000000003 26340.312500000004 469.85000000000008 302.37062500000008 477.00062500000007 2.5000000000000004 0.26125000000000759 201.50000000000003 223.50000000000003
decision_type=2 2 10 10 10 2 2 10 10 10 8 10 10 10 2 8 8 10 10 10 10 2 10 10 10 10 2 10 2 2
left_child=13 5 3 4 -3 6 8 9 10 11 -2 12 -8 -1 -15 16 -16 18 -17 20 24 22 28 26 -19 -23 -20 -27 -21 -30
right_child=1 2 -4 -5 -6 -7 7 -9 -10 -11 -12 -13 -14 14 15 17 -18 19 23 21 -22 25 -24 -25 -26 27 -28 -29 29 -31
leaf_value=-0.068034218939193092 0.14934594677871188 0.14456984666179887 0.57667803257703776 -0.5284992784123087 -0.19186329194903373 -0.037212824738765887 0.01685115157692332 0.63850185310298746 0.46150014628605407 -0.38246196243446318 -0.45233471184968949 0.38098749453530589 -0.65425948563643865 -0.50809639144031438 0.014926455137539362 -0.041545151655756507 0.93700490852681595 0.71985331203256331 -0.010127698008839349 0.70211478349275702 1.1791211929321288 -0.022711950841131714 -0.17658057539300484 -1.0352164302739231 -0.2272971085860179 -1.0444098286803176 -0.48850460188269146 -0.21745527857855745 -0.11685550516910767 0.44532851071711982
leaf_weight=3600 1032 1615 97 42 179 4323 5685 43 164 95 41 101 69 67 15316 6112 40 41 132 81 54 391 175 54 51 40 258 94 177 211
leaf_count=3600 1032 1615 97 42 179 4323 5685 43 164 95 41 101 69 67 15316 6112 40 41 132 81 54 391 175 54 51 40 258 94 177 211
internal_value=0.000578746 0.026963 0.120413 0.0960065 0.110913 0.0113183 0.0403374 0.0133894 0.170779 0.00876523 0.125956 0.0151773 0.00869114 -0.0126522 -0.00409051 -0.00261486 0.0173892 -0.0416392 -0.0669166 0.0843378 0.566436 0.0236944 0.155201 -0.415296 0.198004 -0.137609 -0.327032 -0.470215 0.279112 0.189227
internal_weight=40380 13486 1933 1836 1794 11553 7230 5993 1237 5950 1073 5855 5754 26894 23294 23227 15356 7871 6556 1315 146 1169 644 444 92 525 390 134 469 388
internal_count=40380 13486 1933 1836 1794 11553 7230 5993 1237 5950 1073 5855 5754 26894 23294 23227 15356 7871 6556 1315 146 1169 644 444 92 525 390 134 469 388
is_linear=0
shrinkage=0.03


Tree=235
num_leaves=31
num_cat=0
split_feature=32 26 28 13 40 7 15 27 10 38 15 40 11 15 11 33 30 14 27 2 5 14 13 33 28 36 40 5 41 27
split_gain=21093.7 246107 46288.5 27535.5 15517.2 14694.6 18409.6 18352 31017 20288.6 17983.7 17747.1 17535.9 19753.5 22778 19719.9 18251 20275.8 17276.6 22831.1 19563.6 16845.2 15843.6 15812.9 15659.2 15426.7 27467.6 20517.5 15374.1 15126.2
threshold=264.94500000000005 30840.500000000004 42386.687500000007 229.99000000000004 -29.864999999999984 4.9079861111111134 4.0881250000000007 37063.958333333343 -23.451249999999998 34.305000000000007 628.70145833333345 2.8499999999999974 343.72000000000008 167.20895833333336 160.60500000000005 212.52000000000001 195.06500000000003 263.16000000000003 37826.770833333343 8.5000000000000018 36766.687500000007 125.34375000000001 -1.0162499999999997 214.50500000000002 38015.875000000007 -12.460000000000003 -96.674999999999983 44406.250000000007 21381.752048394348 25684.145833333339
decision_type=10 10 10 10 10 2 8 8 10 10 10 8 10 8 10 10 10 10 10 2 2 10 10 10 10 10 10 2 10 8
left_child=5 -2 3 -3 -4 7 21 10 -9 18 -1 12 13 14 16 -16 17 -8 19 -10 -21 22 24 28 -7 -15 27 -27 -20 -28
right_child=1 2 4 -5 -6 6 11 8 9 -11 -12 -13 -14 25 15 -17 -18 -19 23 20 -22 -23 -24 -25 -26 26 29 -29 -30 -31
leaf_value=0.065485722690704434 2.1274908712674985 0.053322223465551023 -0.30891705979842965 -0.52655123363648138 0.3148462152446076 -0.047038785398168408 -0.011026347056718837 -0.82041699473346974 -0.016784158379768942 -0.13551714806034448 -0.45234012541223739 -0.082655898770439884 0.14405748312358618 -0.40197225903932537 0.058340001934406797 0.39662193713429039 -0.30900273793093536 0.4405042457183202 0.010352615244682169 -0.93485701127544685 -0.23713238000054843 0.66311406988208577 -0.08284578740977766 0.20729395773233983 0.67998671268499811 -0.083116090130347473 0.24124859329726961 0.63056774356997147 0.50494436683623412 -0.12333134060468
leaf_weight=5883 52 131 40 167 297 45 16277 41 496 941 60 3640 637 139 533 218 183 89 7403 45 175 58 164 401 64 64 107 82 56 2013
leaf_count=5883 52 131 40 167 297 45 16277 41 496 941 60 3640 637 139 533 218 183 89 7403 45 175 58 164 401 64 64 107 82 56 2013
internal_value=-0.00118818 0.163508 -0.00041431 -0.272315 0.240114 -0.00403409 -0.0185865 0.0187908 -0.00694951 -0.0033592 0.0601826 -0.0216571 -0.0107384 -0.0157495 -0.00454796 0.156933 -0.0118851 -0.00854411 0.0111559 -0.129819 -0.383433 0.203282 0.103525 0.0240128 0.38214 -0.0962909 -0.0773709 0.319283 0.0141331 -0.104825
internal_weight=40501 687 635 298 337 39814 24313 15501 9558 9517 5943 23982 20342 19705 17300 751 16549 16366 8576 716 220 331 273 7860 109 2405 2266 146 7459 2120
internal_count=40501 687 635 298 337 39814 24313 15501 9558 9517 5943 23982 20342 19705 17300 751 16549 16366 8576 716 220 331 273 7860 109 2405 2266 146 7459 2120
is_linear=0
shrinkage=0.03


Tree=236
num_leaves=31
num_cat=0
split_feature=38 24 15 27 4 6 4 4 25 6 14 39 7 7 10 17 9 4 4 36 4 27 12 25 33 14 14 4 25 4
split_gain=16819.9 164946 21846.2 20262.5 20795.7 31915.6 31310.2 50751 34920.5 27529.7 30738.2 24933.8 24684.8 22150 22066.4 21167.4 22915.1 21113.4 26176.3 30567.8 19776.8 18653.2 59468.7 29609.4 20186.5 39366.3 18460.9 24330.3 19005.6 23312.1
threshold=21.215000000000003 410.02500000000003 443.54708333333343 53442.998489583348 244.50000000000003 15.155726872246698 222.50000000000003 217.50000000000003 105.44088541666667 0.684581497797357 625.65500000000009 -119.15999999999998 5.8072916666666687 9.0347222222222232 272.52000000000004 408.07047000000006 644.96000000000015 283.50000000000006 267.50000000000006 36.530000000000008 229.50000000000003 27931.895833333339 174.155 513.26479166666684 361.39000000000004 506.41500000000002 75.593750000000014 2.5000000000000004 48.726458333333333 350.50000000000006
decision_type=8 10 10 10 2 2 2 2 10 2 10 8 2 2 10 10 10 2 2 10 2 10 10 10 10 10 10 2 8 2
left_child=1 2 26 4 6 9 7 11 -8 -6 13 14 -9 17 -2 16 -13 18 -11 -20 -10 23 -23 24 -7 -26 -1 -28 -29 -30
right_child=3 -3 -4 -5 5 21 8 12 20 10 -12 15 -14 -15 -16 -17 -18 -19 19 -21 -22 22 -24 -25 25 -27 27 28 29 -31
leaf_value=-0.044861893270602568 0.84843987502549811 1.4376548949333086 0.63027868157800504 -0.50110958186137233 -0.49861504748700697 -0.28241673803219763 -0.6110571416034255 -1.1358619310191045 0.5437363140336996 0.058754301471205854 0.55759481577611558 0.020167749800707426 -0.21093674401442208 -0.3049617236797228 0.052567786272142973 -0.12907743006976605 -0.67558312255282738 0.036090570756759671 -0.81370601488351824 0.16395376185091529 0.15371798973319664 -0.18465610621015677 -1.0704883140503711 -0.66201562024079841 0.74976222804614467 -0.091594459963962427 -0.45269638670646412 0.075786127390987015 0.014843163252666759 -0.15381736365314719
leaf_weight=4836 56 72 50 81 109 162 42 51 171 129 81 4638 53 241 70 1165 42 1775 99 40 370 266 91 77 69 175 97 4638 19866 765
leaf_count=4836 56 72 50 81 109 162 42 51 171 129 81 4638 53 241 70 1165 42 1775 99 40 370 266 91 77 69 175 97 4638 19866 765
internal_value=0.00218585 0.0133345 0.0098972 -0.0314411 -0.0275762 -0.0889701 0.0029912 -0.0171755 0.212802 -0.0346825 -0.0130987 -0.00567696 -0.671004 -0.033573 0.410184 -0.0147103 0.0137808 -0.00142543 -0.249109 -0.533204 0.277771 -0.248628 -0.412816 -0.12667 -0.0237622 0.148419 0.00884931 0.0190907 0.0209195 0.00858206
internal_weight=40377 30324 30252 10053 9972 3314 6658 6075 583 2474 2365 5971 104 2284 126 5845 4680 2043 268 139 541 840 357 483 406 244 30202 25366 25269 20631
internal_count=40377 30324 30252 10053 9972 3314 6658 6075 583 2474 2365 5971 104 2284 126 5845 4680 2043 268 139 541 840 357 483 406 244 30202 25366 25269 20631
is_linear=0
shrinkage=0.03


Tree=237
num_leaves=31
num_cat=0
split_feature=6 8 11 40 38 24 33 0 39 14 25 37 4 1 11 14 14 25 6 5 32 39 27 4 32 41 39 7 8 10
split_gain=19986.3 18586.5 25245.6 62006 110301 23371.7 21188.2 18417.6 17676.8 23367.3 19137.3 19187.6 18054.8 15892 14415 13826.8 24342.3 18392.2 13616 14483.8 18953.1 17299.9 18085.1 14505.3 14202 13867 13592.3 13439.9 21293.3 15925.8
threshold=33.836563876651994 230.68125000000001 367.71000000000009 -44.277499999999982 19.068749999999998 379.87500000000006 387.30000000000007 11.500000000000002 -112.37249999999999 173.73500000000004 81.049791666666678 -14.71625 358.50000000000006 2.5000000000000004 152.74500000000003 479.90500000000003 459.26000000000005 351.38812500000012 21.669823788546257 56831.250000000007 290.38000000000005 -30.474999999999991 44719.145833333343 84.500000000000014 264.94500000000005 -4419.8798273908824 -138.24124999999995 3.220486111111112 654.24375000000009 380.06500000000005
decision_type=2 2 10 10 10 10 10 2 8 10 10 10 2 2 10 10 10 10 2 2 10 8 10 2 10 8 10 2 2 10
left_child=1 2 5 4 -4 8 -7 -3 9 10 12 -12 26 -2 -11 16 18 -18 19 23 21 22 -21 -10 -25 -20 -1 29 -29 -9
right_child=13 7 3 -5 -6 6 -8 27 15 14 11 -13 -14 -15 -16 -17 17 -19 25 20 -22 -23 -24 24 -26 -27 -28 28 -30 -31
leaf_value=0.54989604329424246 0.5920489887413366 -0.11123752147562714 1.8015359881851407 0.063177636680220473 0.117662739830442 -0.88491177137602461 -0.15448558630393103 0.060947374659142413 -0.086018969858103728 0.68570593222975729 0.2713850296887218 -0.35042923556906835 -0.33021711131242604 -0.0029851785039669539 0.21558894209031548 0.20999472753019119 -0.73317828982648714 0.036125341642727238 0.33654634773883541 0.22528645586886573 0.41682659581501397 -0.0018054813360105569 0.038511967230245144 -0.0043045526913824952 -0.40268078222318932 0.056738121899949659 0.13056936994894039 -0.0058010915163600333 -0.13604810584983329 0.64391853828321799
leaf_weight=83 91 2220 53 1025 100 43 194 1028 2419 87 60 167 64 72 181 288 70 46 179 684 112 5710 1465 14153 80 1400 412 6553 1364 43
leaf_count=83 91 2220 53 1025 100 43 194 1028 2419 87 60 167 64 72 181 288 70 46 179 684 112 5710 1465 14153 80 1400 412 6553 1364 43
internal_value=0.00028712 -0.00105842 0.0115937 0.147572 0.708876 0.00584675 -0.290171 -0.0338779 0.00839353 0.128828 0.0461686 -0.185604 0.140451 0.330796 0.370183 0.00361783 0.00135154 -0.430408 0.00327935 -0.00219865 0.031055 0.0255049 0.0980371 -0.0181174 -0.00657185 0.0886509 0.201848 -0.0147601 -0.0282554 0.0849321
internal_weight=40446 40283 29075 1178 153 27897 237 11208 27660 1054 786 227 559 163 268 26606 26318 116 26202 24623 7971 7859 2149 16652 14233 1579 495 8988 7917 1071
internal_count=40446 40283 29075 1178 153 27897 237 11208 27660 1054 786 227 559 163 268 26606 26318 116 26202 24623 7971 7859 2149 16652 14233 1579 495 8988 7917 1071
is_linear=0
shrinkage=0.03


Tree=238
num_leaves=31
num_cat=0
split_feature=27 6 17 15 27 38 6 28 27 32 14 13 13 13 26 33 26 15 32 41 14 13 15 12 13 12 6 12 41 28
split_gain=18172.4 213387 20194 20917.2 19929.2 19213.2 31584 28309.8 28024 27708.5 18772.7 18529.6 32440.8 27428.4 19554.5 19471.4 18345.7 17678 17287.4 16988.7 16373.4 16440 17819.7 15645 66471.1 59186.2 21435.7 15710.9 15285.5 15174.1
threshold=31804.515520833334 3.0253303964757712 9445.5933750000022 155.70000000000002 32355.583333333339 73.275000000000006 15.741409691629956 40216.750000000007 37320.125000000007 60.920000000000009 596.0150000000001 94.13000000000001 69.77500000000002 121.26500000000001 28057.500000000004 167.92500000000004 32928.000000000007 242.03625000000002 245.08500000000001 -3801.4259336516147 169.84750000000003 93.280000000000015 115.84229166666667 168.67020833333336 76.780000000000015 177.02817708333336 12.674008810572689 159.83239583333338 7687.9710689938156 45039.429687500007
decision_type=8 2 8 10 8 10 2 10 10 10 10 10 10 10 10 10 10 10 10 8 10 10 10 10 10 10 2 10 10 10
left_child=1 -1 -3 20 -2 10 7 16 -8 19 23 12 14 17 -5 -15 -7 -13 -11 -9 -4 22 -22 27 25 -25 29 28 -6 -26
right_child=4 2 3 11 5 6 8 9 -10 18 -12 13 -14 15 -16 -17 -18 -19 -20 -21 21 -23 -24 24 26 -27 -28 -29 -30 -31
leaf_value=2.2050709052202175 -0.19154546229279815 -0.16826677762437611 0.062459081306797559 0.34632769576460121 -0.0071333706143928465 -0.47601594608762993 -0.75768121126450994 -0.43590206546754368 -0.016653752602063695 -0.39169779068488864 -0.59127564106136565 0.18950275342888626 -0.41747369156854602 -0.61749954663894391 -0.25712177678390785 0.017779264597198557 0.14474944049495428 0.79416763269901269 0.060045977390192927 0.019654138289345809 1.0172202111399449 0.15339687347820494 0.32214926915928238 0.21830683339387177 0.12004062227483765 1.6661375926261723 -0.20525772185186614 -0.18530726618010479 0.082283941017008269 -0.048526273172849479
leaf_weight=40 519 415 1265 119 26512 45 113 81 77 416 47 162 232 43 80 3307 630 59 93 725 42 523 154 63 1658 42 282 423 1839 676
leaf_count=40 519 415 1265 119 26512 45 113 81 77 416 47 162 232 43 80 3307 630 59 93 725 42 523 154 63 1658 42 282 423 1839 676
internal_value=0.00145809 0.0476839 0.03386 0.0478989 -0.00723849 -0.00439631 -0.0905104 -0.0551123 -0.45903 -0.136146 0.00155808 0.00840468 -0.177173 0.0308463 0.103662 0.0094431 0.102722 0.353779 -0.309203 -0.026611 0.12752 0.241741 0.475501 0.00246151 0.071206 0.807694 0.0413478 -0.00404153 -0.00133058 0.0712185
internal_weight=40682 6441 6401 5986 34241 33722 2180 1990 190 1315 31542 4002 431 3571 199 3350 675 221 509 806 1984 719 196 31495 2721 105 2616 28774 28351 2334
internal_count=40682 6441 6401 5986 34241 33722 2180 1990 190 1315 31542 4002 431 3571 199 3350 675 221 509 806 1984 719 196 31495 2721 105 2616 28774 28351 2334
is_linear=0
shrinkage=0.03


Tree=239
num_leaves=31
num_cat=0
split_feature=7 5 11 14 40 28 25 12 37 12 40 11 28 12 25 23 13 25 38 13 25 7 15 15 12 13 28 7 0 11
split_gain=17540.5 16503.2 23808.3 19414.2 18256.7 37600.3 20205.9 42767.2 79436.2 34574.1 28991.6 91893.4 23675.2 24482.7 22338.3 24471.5 25354.1 22524.8 29173.8 20554.2 20120.5 19102.8 18181.2 37141 21515.4 18783.3 33749.9 24632.9 19013.8 17074.4
threshold=10.565972222222223 34554.750000000007 88.325000000000003 166.64500000000001 30.355000000000004 22538.562500000004 443.54708333333343 246.2154166666667 -18.929999999999993 250.48604166666669 -44.277499999999982 367.71000000000009 24013.659722222226 443.54708333333343 199.11354166666669 2.5000000000000004 177.25000000000003 311.9752083333334 14.730000000000002 298.67500000000001 203.92625000000001 4.946180555555558 186.80062500000003 216.12250000000003 272.38666666666671 293.64000000000004 25936.687500000004 7.0503472222222241 6.5000000000000009 255.00500000000002
decision_type=2 2 10 10 10 8 10 10 10 10 10 10 10 10 10 2 10 10 10 10 8 2 10 10 10 10 10 2 2 10
left_child=1 2 3 -1 5 21 7 20 -9 -10 11 -11 -12 14 -14 16 -16 18 -17 -20 -7 -3 -18 24 -24 26 -25 28 -27 -22
right_child=-2 4 -4 -5 -6 6 -8 8 9 10 12 -13 13 -15 15 17 22 -19 19 -21 29 -23 23 25 -26 27 -28 -29 -30 -31
leaf_value=-0.044642829081664483 -0.14032051082290756 0.99013150537715244 -0.27318839684734825 0.56470457458070344 -0.12273320880607935 0.0079893497612660101 -0.17489288306152709 1.4413482696363111 0.56368413873331646 -0.0093690198761852157 0.55398207529288968 1.6925903772144781 0.4603954745967363 0.63641484860646513 0.45203650755999497 0.46028245570354681 -0.44588948934850553 -0.40537807688050503 -0.29148172412541778 0.4407609024280455 -0.14498852122648265 0.19005853084942043 0.042358508924158607 -0.91206790261152315 0.93039660030975935 -0.036747413843404499 -0.028439018756522261 -0.42087758425090993 0.60538576049160608 0.041805323222872767
leaf_weight=1187 790 50 460 48 959 31905 534 40 141 94 81 40 96 58 135 85 70 223 219 40 1449 58 40 40 63 63 762 41 120 632
leaf_count=1187 790 50 460 48 959 31905 534 40 141 94 81 40 96 58 135 85 70 223 219 40 1449 58 40 40 63 63 762 41 120 632
internal_value=-0.000434544 0.00235023 -0.0892129 -0.020522 0.00643258 0.00977651 0.00813596 0.0108231 0.131824 0.10951 0.0810632 0.507453 0.0540891 0.0341254 0.016323 -0.00633284 0.0638428 -0.171259 -0.018755 -0.177134 0.00209308 0.566148 0.0197943 0.0490366 0.589251 -0.00571643 -0.0735912 0.236547 0.385325 -0.0882664
internal_weight=40523 39733 1695 1235 38038 37079 36971 36437 2451 2411 2270 134 2136 2055 1997 1901 1334 567 344 259 33986 108 1199 1129 103 1026 802 224 183 2081
internal_count=40523 39733 1695 1235 38038 37079 36971 36437 2451 2411 2270 134 2136 2055 1997 1901 1334 567 344 259 33986 108 1199 1129 103 1026 802 224 183 2081
is_linear=0
shrinkage=0.03


Tree=240
num_leaves=31
num_cat=0
split_feature=40 5 7 39 5 6 36 40 32 27 25 15 10 25 5 27 26 24 15 40 39 15 15 2 13 12 14 8 26 25
split_gain=13919.3 68742 20410.1 19164.4 18527.5 18264 17805.3 16706.9 16448.8 16312.6 22727 19773.9 29075.1 21747.7 16935.5 15508.9 15097.5 14552.6 31540.9 17570.2 14354.1 14098.1 15675.9 13591.2 18046.6 17979.2 17523.7 13944.4 13920.2 16736.8
threshold=-36.061249999999994 71712.500000000015 4.8663194444444464 -7.8749999999999991 33703.062500000007 4.1204845814977986 -59.632499999999986 12.435000000000004 94.295000000000016 37063.958333333343 -1.0000000180025095e-35 458.07729166666678 380.06500000000005 477.00062500000007 41043.750000000007 37727.666666666672 46546.561250000006 379.87500000000006 406.63729166666673 -66.089999999999989 -149.57749999999996 4.0881250000000007 20.943177083333335 11.500000000000002 134.87750000000003 116.98125000000002 363.19500000000011 660.29375000000016 23621.000000000004 443.54708333333343
decision_type=8 2 2 10 2 2 8 10 10 8 8 10 10 10 2 10 8 10 10 10 10 10 10 2 10 10 10 2 8 10
left_child=1 3 9 5 -4 16 15 23 -5 11 -11 13 -13 21 -14 -6 -1 18 -7 -20 -19 -2 -23 27 25 -25 -26 28 -8 -30
right_child=2 -3 4 8 6 17 7 -9 -10 10 -12 12 14 -15 -16 -17 -18 20 19 -21 -22 22 -24 24 26 -27 -28 -29 29 -31
leaf_value=0.57269531464669843 0.56584381678104401 0.97965546811328208 -0.24820024592420931 0.19181282863929505 -0.75891050066266741 0.01800520785603426 0.32662554500311347 -0.12730305637986689 -0.52015471961349247 -0.67512141040485829 -0.0063168022153206561 -0.70044151175512026 -0.46899030514483181 0.54085825423625378 0.15073021645410151 -0.019414527006447316 0.1042156834632032 0.031754047125577924 0.93699929295753948 0.21528355933815599 -0.64137669958300503 -0.2434616696114508 0.069393629422536782 -0.11354061875159815 0.30882905089235924 -0.44216069757007059 -0.1255182374036703 -0.19204273407354461 -0.0047468242297569766 -0.36811691848885103
leaf_weight=95 49 67 351 40 55 9018 112 1352 103 45 7750 72 52 87 157 47 176 55 48 82 58 148 4453 688 153 191 182 367 14296 114
leaf_count=95 49 67 351 40 55 9018 112 1352 103 45 7750 72 52 87 157 47 176 55 48 82 58 148 4453 688 153 191 182 367 14296 114
internal_value=-0.00210352 0.0291406 -0.012012 0.0224577 -0.032695 0.0276442 -0.0283727 -0.0260505 -0.321054 0.0168956 -0.0102639 0.0590791 -0.185012 0.0735946 -0.00495768 -0.421659 0.269945 0.0205255 0.0247208 0.486882 -0.316342 0.0647378 0.0592793 -0.017542 -0.11402 -0.185369 0.073184 -0.00966836 -0.00504649 -0.00764685
internal_weight=40463 9742 30721 9675 17908 9532 17557 17455 143 12813 7795 5018 281 4737 209 102 271 9261 9148 130 113 4650 4601 16103 1214 879 335 14889 14522 14410
internal_count=40463 9742 30721 9675 17908 9532 17557 17455 143 12813 7795 5018 281 4737 209 102 271 9261 9148 130 113 4650 4601 16103 1214 879 335 14889 14522 14410
is_linear=0
shrinkage=0.03


Tree=241
num_leaves=31
num_cat=0
split_feature=6 8 28 5 15 11 40 29 12 25 2 5 7 12 41 25 38 14 5 15 25 2 37 28 13 24 15 13 24 34
split_gain=18552.7 21067.4 22298 229622 21494.9 17404 17173.2 20918.2 26157.8 28492.6 26790.5 24208.4 25184.9 20692.3 19752.8 20196 17487.4 17114.5 18315.1 25256.6 17103 35792.9 26386.7 25258.9 24361.8 27590.3 23106.4 17750.1 16396.3 15589.6
threshold=31.152202643171815 385.9187500000001 31164.625000000004 62056.250000000007 4.0881250000000007 644.96000000000015 -41.158749999999991 228.41375000000002 91.553697916666678 127.28484375000001 6.5000000000000009 53503.250000000007 9.0347222222222232 24.694791666666671 8437.1933288623495 30.175000000000001 -92.584999999999994 52.095000000000006 36766.687500000007 477.00062500000007 174.64854166666666 9.5000000000000018 -6.0937499999999991 27167.250000000004 98.261250000000018 310.08500000000004 110.01770833333335 101.76500000000001 110.89500000000002 -22.649999999999995
decision_type=2 2 8 2 10 10 8 10 10 10 2 2 2 8 10 10 8 10 2 10 10 2 10 10 10 10 10 8 10 10
left_child=1 2 3 17 -3 29 7 8 9 10 14 12 28 -8 15 -4 -15 -1 19 -19 23 -22 -23 26 -24 -26 -20 -28 -10 -6
right_child=-2 4 6 -5 5 -7 13 -9 11 -11 -12 -13 -14 16 -16 -17 -18 18 20 -21 21 22 24 -25 25 -27 27 -29 -30 -31
leaf_value=-0.29092425656180049 0.18385592158065375 0.30665382259190077 0.04827582581977486 2.1802470129987466 -0.3558823003719917 -0.6317867854554603 -0.16331586299117784 -0.32016919925489595 0.3383303278713834 -0.53912983907551704 0.11372940795746338 0.34127858810398259 -0.60104491892982925 0.47278082169592378 0.26399855774758485 -0.11106653937578079 -0.0090757834875761015 -0.020968327716173671 0.91140702320848188 -0.65607372390442198 0.095247846779898851 0.47889986926733058 -0.72524207011826569 0.11157368774460462 0.0088907560736090682 -0.75059641963785351 -0.018061472564935684 0.58185901911130966 -0.1018046595607149 -0.045527008322798081
leaf_weight=128 494 149 1262 45 148 46 795 139 152 78 2247 493 50 67 202 1652 21430 741 69 60 1774 42 92 1041 198 54 94 83 151 6568
leaf_count=128 494 149 1262 45 148 46 795 139 152 78 2247 493 50 67 202 1652 21430 741 69 60 1774 42 92 1041 198 54 94 83 151 6568
internal_value=0.00131737 -0.000938704 0.00899799 0.0717092 -0.0485806 -0.0564524 -0.000658276 0.0425468 0.0506158 0.0264689 0.034794 0.205701 0.0159236 -0.0131141 -0.0221459 -0.0420654 -0.00755205 0.0495332 0.0598579 -0.0693005 0.0898826 0.0382677 -0.223174 0.176412 -0.310032 -0.15618 0.449226 0.264946 0.119376 -0.0524182
internal_weight=40544 40050 33139 4421 6911 6762 28718 6426 6287 5441 5363 846 353 22292 3116 2914 21497 4376 4248 801 3447 2160 386 1287 344 252 246 177 303 6716
internal_count=40544 40050 33139 4421 6911 6762 28718 6426 6287 5441 5363 846 353 22292 3116 2914 21497 4376 4248 801 3447 2160 386 1287 344 252 246 177 303 6716
is_linear=0
shrinkage=0.03


Tree=242
num_leaves=31
num_cat=0
split_feature=5 11 8 11 6 15 40 0 7 4 26 15 16 39 13 1 13 1 4 7 8 12 12 39 35 8 13 1 6 37
split_gain=16398.8 18042.4 16026.7 28934.5 130364 41497.4 24267.4 22198.9 17072.7 17095.2 21848.4 16703.8 16960.3 16567.4 15941.2 15787 15762.6 17107.5 24655.2 20842.3 17144.4 17627.5 15260.2 19402.4 15205.4 15010.8 23727.6 15872.6 22736.7 15798.9
threshold=34554.750000000007 88.325000000000003 228.15625000000003 320.88000000000005 0.39295154185022024 261.6985416666667 30.355000000000004 11.500000000000002 4.5156250000000009 349.50000000000006 52590.348750000012 4.0881250000000007 36.102767671117327 -126.48625 -1.0000000180025095e-35 5.5000000000000009 -76.709999999999994 1.0000000180025095e-35 126.50000000000001 6.4565972222222241 660.29375000000016 15.325208333333336 458.07729166666678 -26.395 36.805 0.11250000000000002 293.64000000000004 2.5000000000000004 21.056828193832605 72.695000000000022
decision_type=2 10 2 10 2 10 10 2 2 2 10 10 8 8 10 2 10 2 2 2 2 10 10 10 10 2 10 2 2 10
left_child=1 -1 3 6 -5 -6 8 -4 15 13 24 -9 -13 -10 -3 -2 -14 18 -18 -20 22 -22 -19 -24 -11 -7 29 28 -28 -27
right_child=2 14 7 4 5 25 -8 11 9 10 -12 12 16 -15 -16 -17 17 20 19 -21 21 -23 23 -25 -26 26 27 -29 -30 -31
leaf_value=-0.033500691434082859 0.036177628004262191 -0.67571149880471437 -0.11171006634280364 1.5890245651702086 -0.72806136568387347 0.019079960888892442 -0.24157646557160514 0.30330363112126851 0.21418754161083589 -0.15772474330455757 0.1833950616163057 0.51835234039359623 -0.43414551978372035 -0.00064055167894919748 -0.17912055626258019 0.1808019661644481 -0.11140416241413544 0.0015710329302557739 0.25339268357555783 -0.10434788356865606 -0.67947869596736776 -0.1005284572710643 -0.83725722799467484 -0.099707461679570897 -0.62395439273970466 0.15826556832187896 0.31156232933608852 0.27207290991124783 1.2761513981648853 -0.32309556176265081
leaf_weight=1225 5410 68 2240 53 53 701 346 153 328 644 160 53 79 17967 381 776 377 6131 696 185 48 1427 42 128 69 416 48 175 41 71
leaf_count=1225 5410 68 2240 53 53 701 346 153 328 644 160 53 79 17967 381 776 377 6131 696 185 48 1427 42 128 69 416 48 175 41 71
internal_value=-0.00129952 -0.093206 0.00266629 0.0152191 0.140712 0.0886869 0.00760627 -0.0269341 0.0110162 -0.00296961 -0.132589 -0.00654683 -0.0117514 0.00322247 -0.255663 0.0543463 -0.014891 -0.011177 0.091418 0.178238 -0.0277845 -0.119816 -0.00622513 -0.285756 -0.203654 0.11898 0.212079 0.440565 0.765166 0.0875694
internal_weight=40491 1674 38817 27258 1558 1505 25700 11559 25354 19168 873 9319 9166 18295 449 6186 9113 9034 1258 881 7776 1475 6301 170 713 1452 751 264 89 487
internal_count=40491 1674 38817 27258 1558 1505 25700 11559 25354 19168 873 9319 9166 18295 449 6186 9113 9034 1258 881 7776 1475 6301 170 713 1452 751 264 89 487
is_linear=0
shrinkage=0.03


Tree=243
num_leaves=31
num_cat=0
split_feature=38 14 1 4 8 13 40 31 7 6 41 25 15 15 27 39 27 34 31 41 32 32 27 27 8 14 4 25 14 31
split_gain=15715.7 116985 283801 22541.5 32225.2 29525.7 23706.9 23661.7 23596.9 23755.6 22982.9 20684 22759.2 20566.2 19739.7 43290.3 32340.2 18831.7 18217.1 18167 17810.9 17190.5 25258.9 22852.5 18777.3 17060 25186.7 18289.4 32063.1 18145.3
threshold=18.412500000000001 469.85000000000008 1.5000000000000002 242.50000000000003 419.13750000000005 351.34500000000008 9.5625000000000018 345.48500000000007 9.4340277777777803 0.39295154185022024 -3166.6819272714743 477.00062500000007 296.20833333333337 284.98812500000003 26213.354166666668 -69.804999999999993 25684.145833333339 354.88000000000005 450.11000000000007 17133.706979634469 151.32125000000002 111.90500000000002 28789.270833333336 31096.770833333339 718.48750000000007 75.593750000000014 2.5000000000000004 282.46229166666677 363.19500000000011 269.01500000000004
decision_type=8 10 2 2 2 10 10 10 2 2 8 10 10 10 10 10 10 10 10 10 10 10 10 8 2 10 2 10 10 10
left_child=1 19 -3 5 8 7 -7 10 9 17 -2 12 13 -11 16 -16 20 -5 -13 25 -14 23 24 -12 -23 -1 -27 28 -28 -29
right_child=3 2 -4 4 -6 6 -8 -9 -10 11 21 18 14 -15 15 -17 -18 -19 -20 -21 -22 22 -24 -25 -26 26 27 29 -30 -31
leaf_value=-0.045217752930607445 -0.18023325733860177 2.6839756645687989 -0.41102816953497417 -0.077940315808120525 -0.43820607095037789 0.50554029711934378 -0.0079592071442979653 -0.22412468475778272 -0.36861775556071236 -0.052604541246181989 0.32740146161908651 -0.92756785963262833 -0.35064272860263251 -0.69419307558432863 1.1319799868621736 0.14714896957942053 -0.55699586033821102 -0.85075033979169246 -0.12122687020210118 0.25650021531153472 0.33340958878089944 0.1370581677764654 -0.16186035338507299 0.035044337705090613 -0.27272185433655977 -0.4539241360040272 0.018799307801367807 -0.064555700963010665 0.48072168133468085 -0.57224558410349857
leaf_weight=4804 566 48 58 56 226 182 145 445 219 2021 256 41 46 45 43 468 87 57 64 263 126 624 957 3785 119 101 24323 221 135 88
leaf_count=4804 566 48 58 56 226 182 145 445 219 2021 256 41 46 45 43 468 87 57 64 263 126 624 957 3785 119 101 24323 221 135 88
internal_value=0.00120305 0.0122761 1.00247 -0.0302422 -0.0925213 0.00054979 0.278512 -0.0129512 -0.0685253 -0.0468922 0.00198166 -0.0304112 -0.0150272 -0.0669082 0.124082 0.23207 -0.0890493 -0.471808 -0.441864 0.0087365 0.149496 0.0199743 -0.0600397 0.0536418 0.0711488 0.00653185 0.0165303 0.018467 0.0213685 -0.21052
internal_weight=40619 30041 106 10578 3499 7079 327 6752 3273 3054 6307 2941 2836 2066 770 511 259 113 105 29935 172 5741 1700 4041 743 29672 24868 24767 24458 309
internal_count=40619 30041 106 10578 3499 7079 327 6752 3273 3054 6307 2941 2836 2066 770 511 259 113 105 29935 172 5741 1700 4041 743 29672 24868 24767 24458 309
is_linear=0
shrinkage=0.03


Tree=244
num_leaves=31
num_cat=0
split_feature=40 13 14 8 14 0 17 1 31 39 5 33 25 4 13 25 1 0 0 14 4 1 25 14 39 7 8 1 24 37
split_gain=15735.5 19770.8 31253.8 30866.4 19854.1 14927.4 22283.5 16248.4 22750.4 17934.7 22479.6 24360 15975.1 15429.9 24889 14658.7 16454.3 61236.3 35822.7 27319.4 23401.3 21087.1 37287.3 23381.9 37923.7 34762.4 20498.6 29048.7 18110 17497.3
threshold=34.675000000000004 272.55000000000007 469.85000000000008 360.01875000000007 650.50000000000011 14.500000000000002 1182.6522750000001 5.5000000000000009 157.04625000000001 -24.638749999999998 50578.187500000007 387.30000000000007 1.0000000180025095e-35 162.50000000000003 30.360000000000003 30.175000000000001 4.5000000000000009 3.5000000000000004 6.5000000000000009 227.77750000000003 128.50000000000003 1.0000000180025095e-35 249.89229166666669 131.75250000000003 -62.842499999999994 9.1927083333333375 173.44375000000002 1.0000000180025095e-35 366.3300000000001 6.5400000000000036
decision_type=10 10 10 2 10 2 10 2 10 10 2 10 10 2 10 8 2 2 2 10 2 2 8 10 10 2 2 2 10 10
left_child=5 2 -2 -3 -5 6 15 9 -9 10 13 -12 -8 -7 -15 -1 18 19 21 -18 -19 22 -17 -23 25 -25 27 28 -20 -24
right_child=1 3 -4 4 -6 7 12 8 -10 -11 11 -13 -14 14 -16 16 17 20 26 -21 -22 23 29 24 -26 -27 -28 -29 -30 -31
leaf_value=0.077384797691736312 -0.15471148721554054 0.27919588693550651 -0.84239866565593646 0.13068710560494279 -0.67877092393284488 -0.064535571528546318 -0.66614942906651553 0.052019729302142846 0.29494011372748508 -0.027854309486422396 0.10372357359689031 0.8325638386181422 -0.070883556085073907 0.12292159936020768 -0.062283168136885197 -0.082200366379254639 0.033456919436406156 -0.027413345451479099 0.3320858237683475 0.33433667630009967 -0.18701014218439999 -0.078958781152802762 -0.37320650494557162 0.35921820213931877 4.3286890545682043e-05 -0.54413869206394472 0.0034776582076742894 0.06764361823750499 -0.25734034659231408 -1.0779899185480073
leaf_weight=1969 401 195 69 46 65 1787 40 1718 434 5640 2467 41 4080 1633 1087 1337 1179 1355 624 352 2122 2610 129 452 3088 41 2927 2661 50 42
leaf_count=1969 401 195 69 46 65 1787 40 1718 434 5640 2467 41 4080 1633 1087 1337 1179 1355 624 352 2122 2610 129 452 3088 41 2927 2661 50 42
internal_value=-0.00155036 -0.135259 -0.257244 0.0523316 -0.345148 0.0010557 -0.0130558 0.024936 0.101124 0.0119731 0.0439934 0.115966 -0.0768231 0.0039264 0.0489121 -0.000505179 -0.00859388 -0.0552396 0.00814131 0.102807 -0.12484 -0.0351961 -0.135755 -0.0106841 0.0390859 0.283142 0.0614209 0.112259 0.288043 -0.551572
internal_weight=40641 776 470 306 111 39865 25058 14807 2152 12655 7015 2508 4120 4507 2720 20938 18969 5008 13961 1531 3477 7699 1508 6191 3581 493 6262 3335 674 171
internal_count=40641 776 470 306 111 39865 25058 14807 2152 12655 7015 2508 4120 4507 2720 20938 18969 5008 13961 1531 3477 7699 1508 6191 3581 493 6262 3335 674 171
is_linear=0
shrinkage=0.03


Tree=245
num_leaves=31
num_cat=0
split_feature=40 6 24 7 4 14 39 40 32 6 5 7 1 4 27 5 13 12 14 13 25 27 14 41 25 12 4 2 14 16
split_gain=17700.5 263624 24682 22686 21533.3 18848.8 21579.2 18692.8 18018.3 19177.4 17664.8 22952.1 14777.9 19230.8 17602.4 17411.8 16744.4 13466.9 13095.9 13317 13007.1 12987.7 12852.7 12269 12363 22985.5 19758.3 17254 12100 12054.3
threshold=-32.724999999999994 0.39295154185022024 395.76500000000004 4.3975694444444455 348.50000000000006 576.00000000000011 -2.628749999999997 12.435000000000004 0.74875000000000014 4.1204845814977986 37581.250000000007 7.3072916666666687 1.0000000180025095e-35 323.50000000000006 26467.625000000004 74725.000000000015 39.900000000000013 12.43125 528.94500000000005 185.19000000000003 552.14062500000011 43721.704583333347 175.09000000000003 14594.767780363725 33.475000000000009 57.482916666666675 192.50000000000003 8.5000000000000018 103.04000000000001 1945.1013706969004
decision_type=8 2 10 2 2 10 10 10 10 2 2 2 2 2 10 2 10 8 10 10 10 10 10 10 10 10 2 2 10 8
left_child=1 -1 5 12 7 6 8 10 22 21 11 -5 14 17 -2 16 28 -14 19 -15 -4 -10 -3 24 26 29 -11 -28 -16 -26
right_child=3 2 20 4 -6 -7 -8 -9 9 23 -12 -13 13 18 15 -17 -18 -19 -20 -21 -22 -23 -24 -25 25 -27 27 -29 -30 -31
leaf_value=2.3507330403968014 0.59916037969968539 -0.052325714231889572 -0.44341260261535642 -0.069750236915677916 -0.18312646841930919 0.59970977597511721 -0.42538626759005904 -0.12188347543591529 0.73565770458201962 0.03272993213140124 -0.0049576648881472507 -0.43867370975336856 -0.4419283067783521 0.10825473306475381 0.029546458672925918 0.60780756142578618 -0.077440152132427706 0.0020783283902146656 -0.27932913346423038 0.40949689223987973 0.16208892633275288 0.19577826892033867 -0.49515608483745199 0.34231420045339706 0.079130006931572155 0.057555239871693559 0.5631894114799797 0.15917656146410886 0.27473976632531399 -0.093825660603544511
leaf_weight=43 65 1225 149 1579 786 51 93 1586 48 1580 16532 167 61 396 345 56 431 7323 53 198 40 229 61 117 446 3831 111 644 381 1925
leaf_count=43 65 1225 149 1579 786 51 93 1586 48 1580 16532 167 61 396 345 56 431 7323 53 198 40 229 61 117 446 3831 111 644 381 1925
internal_value=9.33805e-05 0.0334236 0.0237567 -0.0116923 -0.0292198 0.0299675 0.0270913 -0.0231209 0.0312512 0.0463699 -0.014545 -0.105268 0.0271874 0.0121023 0.121899 0.0958522 0.0705695 -0.001649 0.168801 0.209188 -0.315085 0.291641 -0.0736993 0.0384864 0.0342828 0.0121255 0.0931045 0.219241 0.158423 -0.061272
internal_weight=40552 10593 10550 29959 20650 10361 10310 19864 10217 8931 18278 1746 9309 8031 1278 1213 1157 7384 647 594 189 277 1286 8654 8537 6202 2335 755 726 2371
internal_count=40552 10593 10550 29959 20650 10361 10310 19864 10217 8931 18278 1746 9309 8031 1278 1213 1157 7384 647 594 189 277 1286 8654 8537 6202 2335 755 726 2371
is_linear=0
shrinkage=0.03


Tree=246
num_leaves=31
num_cat=0
split_feature=5 28 6 25 7 40 6 38 5 25 26 4 24 27 27 24 15 25 14 14 27 40 28 5 28 39 16 35 38 26
split_gain=17578.1 21474.3 348601 26455.7 20696.4 20206.6 18504.6 18109.8 19830.1 27411.6 17208.4 19136 23264.6 28654.5 19933.4 17456.3 16775.7 26570 22810.4 21643.7 29421.4 16744 16581.7 17442.3 17105.9 18297.2 16987 16206.9 18382.5 16062
threshold=39056.250000000007 39105.250000000007 0.684581497797357 38.983541666666675 5.5538194444444455 57.040000000000056 13.994933920704847 69.177500000000009 59563.500000000007 295.79687500000006 40668.328750000008 259.50000000000006 160.66750000000005 34253.666666666672 34068.604166666672 294.04500000000007 153.77166666666668 126.10145833333334 279.92000000000002 38.355000000000011 27049.395833333336 -16.069999999999993 43899.500000000007 79606.250000000015 42214.688906250005 -35.449999999999989 791.72969301713431 111.2 498.86000000000007 36001.165000000008
decision_type=2 8 2 8 2 10 2 10 2 10 10 2 10 10 10 10 10 10 10 10 10 10 8 2 10 10 10 8 10 8
left_child=10 2 -2 -3 27 6 16 8 9 -5 11 -1 13 -13 15 -14 19 -18 -19 -6 -21 -15 24 -24 -10 -26 -25 28 -4 -20
right_child=1 3 4 7 5 -7 -8 -9 22 -11 -12 12 14 21 -16 -17 17 18 29 20 -22 -23 23 26 25 -27 -28 -29 -30 -31
leaf_value=-0.042802454900718177 2.7967805001793837 0.074591852200274186 0.066604672673744161 -0.040046707563480125 -0.21463468130177527 -0.54019093167968091 -0.052454410383468618 -0.12688253451751347 2.9254502966361924e-06 -0.55233323431642434 0.067256749053740461 0.1865750896272948 -0.08058875842094422 -0.085515000480801268 -1.0178097037971021 -0.77868578471243377 -0.40383771718080552 0.20886161528111244 -0.18067150955656908 0.82978117436170573 0.094111232017184923 -0.43316333668816781 -0.023473644824574674 0.10003955089054582 0.4929636803075671 0.13150917014661245 0.67477741683943804 -0.12781407629182703 0.62740196352437982 0.25357734766991241
leaf_weight=4250 40 2646 7374 9045 200 63 3647 1501 793 94 986 202 99 291 47 47 167 321 461 49 2326 218 3922 217 149 799 58 389 52 91
leaf_count=4250 40 2646 7374 9045 200 63 3647 1501 793 94 986 202 99 291 47 47 167 321 461 49 2326 218 3922 217 149 799 58 389 52 91
internal_value=-0.00076535 0.00757997 0.0342513 -0.0134814 0.0267684 -0.00946137 -0.00478339 -0.0275423 -0.0176447 -0.0453757 -0.0475199 -0.0694864 -0.19475 -0.11511 -0.486034 -0.309087 0.0433108 -0.0583405 0.00813766 0.0843728 0.109632 -0.234967 0.0250358 -0.00725741 0.102844 0.18878 0.223263 0.0607234 0.0706156 -0.108754
internal_weight=40544 34404 15180 19224 15140 7325 7262 16578 15077 9139 6140 5154 904 711 193 146 3615 1040 873 2575 2375 509 5938 4197 1741 948 275 7815 7426 552
internal_count=40544 34404 15180 19224 15140 7325 7262 16578 15077 9139 6140 5154 904 711 193 146 3615 1040 873 2575 2375 509 5938 4197 1741 948 275 7815 7426 552
is_linear=0
shrinkage=0.03


Tree=247
num_leaves=31
num_cat=0
split_feature=0 17 7 40 11 36 15 13 24 11 1 15 7 2 18 2 15 14 25 12 25 39 9 39 29 27 36 27 14 33
split_gain=16648.8 27239.7 15231.3 13591.4 30332.2 62666.7 20845.8 21612.5 38857.2 18789 18548.6 17741.6 17724.7 21259.6 17195.9 23717.6 17134 16284.8 28730.3 36221.2 25187.7 19533.2 16338.4 15677.7 21817.7 15569.9 24386.8 21224.7 15046.4 18455.8
threshold=13.500000000000002 1272.1377000000002 3.2552083333333344 1.3999999999999952 320.88000000000005 -0.92750000000000188 513.26479166666684 293.64000000000004 410.02500000000003 465.51500000000004 1.0000000180025095e-35 197.65354166666671 4.633680555555558 3.5000000000000004 1.5000000000000002 11.500000000000002 233.41687500000003 131.75250000000003 81.049791666666678 59.837083333333347 113.68005208333334 -3.5500000000000074 91.155000000000015 -1.0000000180025095e-35 343.93000000000006 35514.645833333343 -26.341249999999999 35637.666302083344 247.97500000000002 216.00500000000002
decision_type=2 10 2 8 10 10 10 10 10 10 2 8 2 2 2 2 8 10 10 10 10 10 10 10 10 10 10 10 10 10
left_child=1 3 -2 4 11 -6 7 8 -5 23 -7 17 -12 -14 -13 16 -16 20 21 -20 -1 22 -19 24 -9 26 -21 -27 29 -29
right_child=2 -3 -4 6 5 10 -8 9 -10 -11 12 14 13 -15 15 -17 -18 18 19 25 -22 -23 -24 -25 -26 27 -28 28 -30 -31
leaf_value=-0.0074708463563429358 0.13425136795429193 -0.09451541193710776 0.014904200978242783 -0.043060411692874584 1.3288258625354084 -0.2115544834373326 -0.45780429661273953 0.30871111668348311 -0.61997928093290988 0.76513722348213198 -0.034840372166271956 -0.050434101346943712 -0.23231641280300475 0.43381463252984243 -0.66839116384177955 0.2081860091984272 -0.076587637332007422 0.39629003622078346 -0.75614421139348231 0.77479735924273119 -0.41191851481240477 -0.2767435898022218 0.11268653484318276 0.29016612011916848 -0.52266657656566662 -0.63051418307470153 0.092845638179043719 -0.0077374321723752484 0.17122406482564428 -0.47925701495888945
leaf_weight=8084 1024 3469 15766 3888 41 115 109 49 107 44 177 1348 50 289 133 59 66 388 52 48 140 65 347 165 65 47 1302 2513 422 76
leaf_count=8084 1024 3469 15766 3888 41 115 109 49 107 44 177 1348 50 289 133 59 66 388 52 48 140 65 347 165 65 47 1302 2513 422 76
internal_value=-0.000655627 -0.0168698 0.0221906 -0.00352418 0.00952146 0.206578 -0.0499638 -0.039565 -0.0586636 0.196106 0.131671 0.000732876 0.208427 0.335171 -0.0934911 -0.317392 -0.473479 0.0119614 0.0531805 0.0234646 -0.0144051 0.21861 0.262733 0.103954 -0.165743 0.0328309 0.117648 -0.00463929 0.00533635 -0.0217586
internal_weight=40448 23658 16790 20189 15762 672 4427 4318 3995 323 631 15090 516 339 1606 258 199 13484 5260 4460 8224 800 735 279 114 4408 1350 3058 3011 2589
internal_count=40448 23658 16790 20189 15762 672 4427 4318 3995 323 631 15090 516 339 1606 258 199 13484 5260 4460 8224 800 735 279 114 4408 1350 3058 3011 2589
is_linear=0
shrinkage=0.03


Tree=248
num_leaves=31
num_cat=0
split_feature=8 6 5 25 12 14 11 32 27 28 27 10 7 4 35 13 36 13 28 14 33 4 29 39 13 14 12 10 37 14
split_gain=15509.4 19920.8 19037.5 16583.1 25410.4 24345.8 25564.8 24474.6 188661 40207.6 21471.1 18333.5 17996.4 17933.9 26370.7 17380.8 16092.9 15028.6 21147.5 24305.8 18489.3 15013.4 14191.4 13919.5 13659.2 31198.9 28321.3 26556.7 29797.9 21784.2
threshold=718.48750000000007 25.129955947136569 39956.250000000007 458.07729166666678 477.00062500000007 625.65500000000009 570.0150000000001 264.94500000000005 30324.104166666672 42386.687500000007 43085.083333333336 343.51500000000004 5.7447916666666687 244.50000000000003 72.760000000000005 229.99000000000004 6.5699999999999994 29.535000000000004 31164.625000000004 218.24000000000004 183.99125000000004 222.50000000000003 264.99875000000003 -59.824999999999989 298.67500000000001 394.12500000000006 302.37062500000008 295.00500000000005 1.0000000180025095e-35 559.03500000000008
decision_type=2 2 2 10 10 10 10 10 10 10 10 10 2 2 10 10 10 10 10 10 10 2 10 10 10 10 10 10 10 10
left_child=1 3 23 5 12 6 7 24 -9 15 11 -11 16 14 -6 -10 -5 -3 21 -20 -21 -19 -4 -2 25 -1 27 28 -27 -28
right_child=2 17 22 4 13 -7 -8 8 9 10 -12 -13 -14 -15 -16 -17 -18 18 19 20 -22 -23 -24 -25 -26 26 29 -29 -30 -31
leaf_value=-0.0013252712087738177 -0.87937899257987739 0.17420595408868617 -0.04693232614947089 -0.022406773205553548 0.25880289233774634 0.58098017395459678 0.56858171163520344 2.1513592752596224 0.029441252429065083 0.21510211469390642 -0.013806022515422419 0.81521742637668337 -0.9239050848896686 -0.49163083676368963 -0.30316274991242781 -0.43992790557035844 -0.7055560646019875 0.055024301129012881 -0.0043701344332657752 -0.13379021319834625 -0.87842860130830247 0.43153190129126107 -0.56111769932157851 -0.12799033400624296 0.18588180825646433 -0.61071856488199794 0.02170847307143868 -0.76611685553112541 0.045973361651413143 -0.41410885104831308
leaf_weight=34623 47 1039 922 88 216 64 70 40 138 103 132 83 51 61 114 145 47 283 575 67 54 143 50 42 335 101 592 110 159 124
leaf_count=34623 47 1039 922 88 216 64 70 40 138 103 132 83 51 61 114 145 47 283 575 67 54 143 50 42 335 101 592 110 159 124
internal_value=0.000472505 0.00350983 -0.112664 -0.00160898 -0.161053 0.000894008 -0.000131852 -0.0012325 0.18237 0.047966 0.279037 0.485823 -0.448684 -0.0234301 0.0643399 -0.21175 -0.263683 0.0920505 0.0158851 -0.0859806 -0.470584 0.182125 -0.0739317 -0.530153 -0.00450262 -0.00629384 -0.164551 -0.377295 -0.210489 -0.0542406
internal_weight=40618 39557 1061 37396 577 36819 36755 36685 641 601 318 186 186 391 330 283 135 2161 1122 696 121 426 972 89 36044 35709 1086 370 260 716
internal_count=40618 39557 1061 37396 577 36819 36755 36685 641 601 318 186 186 391 330 283 135 2161 1122 696 121 426 972 89 36044 35709 1086 370 260 716
is_linear=0
shrinkage=0.03


Tree=249
num_leaves=31
num_cat=0
split_feature=5 11 40 38 39 25 38 14 41 15 0 24 40 29 27 14 40 33 33 25 12 14 25 30 13 1 5 13 14 41
split_gain=14163.1 26351.9 45550.6 88368.9 46688.6 19458.2 16059.8 17367.6 23106.9 20322.2 17437.9 15423.1 25087 16334 15399.5 16937.9 21469.3 15535.5 15146 15101.5 17550.8 27648.9 16961.6 16527.6 24302.4 17454.1 14082.8 14704.7 18291.9 13762.1
threshold=49202.937500000007 343.72000000000008 -44.277499999999982 0.65875000000000494 -75.737499999999969 21.927291666666672 -13.649999999999995 97.020000000000024 -16720.718883425146 171.18250000000003 13.500000000000002 379.87500000000006 -14.079999999999989 329.61625000000009 46404.236614583344 58.040000000000013 -94.454999999999998 132.71375000000003 137.75500000000002 249.89229166666669 86.157447916666669 113.44500000000001 115.44911458333335 163.13250000000002 175.05500000000004 1.5000000000000002 74725.000000000015 293.64000000000004 469.85000000000008 21381.752048394348
decision_type=2 10 10 10 10 8 8 10 8 10 2 10 10 10 8 10 8 10 10 10 8 10 10 10 10 2 2 10 10 10
left_child=6 5 3 -3 -4 18 7 8 -1 -9 -10 14 -13 -14 15 -7 17 -17 -2 20 21 22 -16 29 -25 -26 27 28 -6 -22
right_child=1 2 4 -5 26 11 -8 9 10 -11 -12 12 13 -15 19 16 -18 -19 -20 -21 23 -23 -24 24 25 -27 -28 -29 -30 -31
leaf_value=-0.71624774999233587 0.11905242835766251 1.7355749942901284 0.92357351346207506 0.12595840110381445 0.012908020514300313 -0.21120151461643533 -0.032012674970706506 0.075634445911352724 -0.087638014255786156 -0.21026730042092406 0.092506510210575668 -0.92085892035466865 -0.49279622645841709 0.16462701723303483 -0.025408184693634279 -0.032837063185870652 0.027240444673874039 0.40181512446333673 0.55103748635579874 -0.37077287548831822 0.052223991763798994 -0.31455474752663953 -0.52882692610063853 -0.28887617920212982 0.5948354854898632 -0.028546718707994412 0.36997518989347644 0.18419107015850475 -0.39879274244760643 0.54614726635412525
leaf_weight=44 413 46 55 89 294 257 15656 4018 1498 236 713 40 53 91 2123 107 10841 238 88 115 2176 387 61 318 52 170 92 205 144 51
leaf_count=44 413 46 55 89 294 257 15656 4018 1498 236 713 40 53 91 2123 107 10841 238 88 115 2176 387 61 318 52 170 92 205 144 51
internal_value=0.00062824 0.0200024 0.175985 0.683149 0.088564 0.011786 -0.0155478 0.0240539 -0.0432406 0.0597277 -0.0295297 0.00637499 -0.266057 -0.0790711 0.00935739 0.0291278 0.0346678 0.267305 0.195877 -0.0321281 -0.0247644 -0.0811825 -0.0397045 0.0276678 -0.121084 0.119483 0.0249103 -0.0249592 -0.123046 0.0637753
internal_weight=40671 18506 925 135 790 17581 22165 6509 2255 4254 2211 17080 184 144 16896 11443 11186 345 501 5453 5338 2571 2184 2767 540 222 735 643 438 2227
internal_count=40671 18506 925 135 790 17581 22165 6509 2255 4254 2211 17080 184 144 16896 11443 11186 345 501 5453 5338 2571 2184 2767 540 222 735 643 438 2227
is_linear=0
shrinkage=0.03


Tree=250
num_leaves=31
num_cat=0
split_feature=0 8 5 33 4 8 6 28 35 33 27 13 4 4 4 12 9 40 5 28 15 27 39 38 40 32 13 40 7 28
split_gain=13619.8 24320.7 23061 16078.3 17237 16038.9 22196.9 23058.9 24439.4 18009.7 15620.9 15309.2 26358.3 21435.1 15592.4 15261.3 32415.6 24581.9 41417.6 123480 21160.8 18374.1 24866.6 22039.8 18037.6 16373.2 20205.5 16309.5 14699.8 14482.1
threshold=13.500000000000002 126.51875000000003 41436.812500000007 149.31500000000003 122.50000000000001 0.11250000000000002 14.186563876651984 38904.562500000007 121.67000000000002 650.50000000000011 26340.312500000004 40.170000000000009 162.50000000000003 280.50000000000006 278.50000000000006 57.028750000000002 76.846250000000012 -18.61999999999999 68762.500000000015 43734.625000000007 128.41630208333336 39734.708333333336 -0.67749999999998056 -97.454999999999998 -31.529999999999994 165.99000000000004 18.625000000000004 -122.37499999999999 11.039930555555559 28952.875000000004
decision_type=2 2 2 10 2 2 2 8 10 10 10 10 2 2 2 10 10 10 2 10 10 10 10 8 10 10 10 10 2 10
left_child=1 15 3 4 -3 -2 7 8 -7 11 -5 12 -8 14 29 16 20 18 21 -20 27 23 28 -17 -24 -25 -27 -1 -23 -13
right_child=5 2 -4 10 -6 6 9 -9 -10 -11 -12 13 -14 -15 -16 17 -18 -19 19 -21 -22 22 24 25 -26 26 -28 -29 -30 -31
leaf_value=0.5173465672047699 -0.029154422953807393 -0.69970013443380596 -0.047809573733869994 -0.047160043391314417 -0.1026303719229336 0.24681329138419286 -0.050885304219331691 0.050059930437820581 -0.42088769536751963 0.50093889149752535 -0.73746927482203428 0.074071936757223608 0.097711930677575332 -0.24489427823377286 0.53816036192576089 0.72772637012757746 -0.3591371739714907 -0.008754357810697215 1.9533090720857893 0.035932951895221048 -0.51769821088035384 0.043590083584277545 -0.92570906877517689 0.17289861883884711 -0.1128961501356031 -0.71211751294935621 0.026077223019674418 -0.022285658150756272 -0.51717790707599276 -0.066759729848481358
leaf_weight=50 4823 47 6211 43 473 1003 1755 2866 51 65 94 940 2767 417 44 56 276 8389 41 108 76 1954 41 1071 60 40 179 4337 42 2178
leaf_count=50 4823 47 6211 43 473 1003 1755 2866 51 65 94 940 2767 417 44 56 276 8389 41 108 76 1954 41 1071 60 40 179 4337 42 2178
internal_value=-0.00345441 -0.0181843 -0.0657097 -0.2346 -0.157836 0.0170936 0.0355501 0.0942199 0.214137 0.00737819 -0.522715 0.00335666 0.0400425 -0.0429934 -0.016298 0.00134027 -0.0442266 0.0193661 0.0850248 0.573038 -0.0246759 0.0637452 0.00820473 0.150204 -0.448691 0.124589 -0.111377 -0.0160188 0.0315373 -0.0242923
internal_weight=40497 23588 6868 657 520 16909 12086 3920 1054 8166 137 8101 4522 3579 3162 16720 4739 11981 3592 149 4463 3443 2097 1346 101 1290 219 4387 1996 3118
internal_count=40497 23588 6868 657 520 16909 12086 3920 1054 8166 137 8101 4522 3579 3162 16720 4739 11981 3592 149 4463 3443 2097 1346 101 1290 219 4387 1996 3118
is_linear=0
shrinkage=0.03


Tree=251
num_leaves=31
num_cat=0
split_feature=5 27 25 25 27 34 2 4 4 24 7 28 2 4 15 28 15 25 27 23 11 33 15 11 29 15 33 41 4 4
split_gain=14448.3 314198 15731.9 25842.7 25927.1 30345.5 33698.3 24227.3 38785.9 36124.3 26794.1 22658.5 34899.7 33419.8 22169.4 20723.9 22542 20038.3 26249.8 18238.8 17793.1 17581.5 15121.3 23873.5 18937.2 17187.2 17605.3 17138.3 22013.9 22347.7
threshold=68762.500000000015 35777.924843750006 190.57583333333335 177.58057291666668 38675.583593750001 244.01000000000002 8.5000000000000018 272.50000000000006 318.50000000000006 277.33500000000004 3.8784722222222232 28952.875000000004 3.5000000000000004 269.50000000000006 186.80062500000003 30130.000000000004 52.225208333333335 240.90395833333335 31804.515520833334 1.5000000000000002 255.00500000000002 227.46500000000003 74.304300000000012 81.105000000000004 174.82875000000001 139.77625000000003 147.54875000000004 8437.1933288623495 188.50000000000003 199.50000000000003
decision_type=2 8 8 10 10 10 2 2 2 10 2 10 2 2 8 10 10 10 10 2 10 10 8 10 8 10 10 10 2 2
left_child=2 -2 3 15 5 6 -5 11 9 19 -11 13 -13 14 -4 16 -1 18 20 -9 -14 -6 24 25 27 26 -24 28 -17 -30
right_child=1 -3 7 4 21 -7 -8 8 -10 10 -12 12 17 -15 -16 22 -18 -19 -20 -21 -22 -23 23 -25 -26 -27 -28 -29 29 -31
leaf_value=-0.21301996355907543 2.6753096516830164 0.029094030304369647 0.62600444207408212 0.15305773581893362 0.26867492053688558 0.66813343066808784 -0.703510949017631 -0.063533552361310586 -0.023515226733663002 -0.038744738690736816 -0.93630313087254757 0.015802119663162414 -0.14939004157287761 0.77170373286519722 0.016819069498438324 -0.01178555026395907 0.14343689382993799 -0.50095875979467697 -0.62523897827775388 -0.42889946118496436 0.37381665437267375 0.81725664190071468 -0.085226206859946793 -0.0052948113171976492 -0.21481596220594149 0.38356780220912057 -0.3220644717102959 0.2113114914505918 0.25636459818467189 0.044347509804383609
leaf_weight=178 40 2684 54 93 241 42 73 337 985 40 119 945 233 55 2398 9673 1485 223 80 193 77 67 2755 10782 312 64 314 413 489 5162
leaf_count=178 40 2684 54 93 241 42 73 337 985 40 119 945 233 55 2398 9673 1485 223 80 193 77 67 2755 10782 312 64 314 413 489 5162
internal_value=0.00219829 0.0689193 -0.00260114 0.00556832 0.215958 -0.0427878 -0.225583 -0.0483497 -0.144365 -0.316849 -0.712156 -0.00878389 -0.0985952 0.0470473 0.0304848 0.00212906 0.105178 -0.274688 -0.144358 -0.197139 -0.0186481 0.390268 -0.00359349 -0.02648 0.0162503 -0.0993624 -0.109555 0.0208447 0.015698 0.0627362
internal_weight=40606 2724 37882 32143 516 208 166 5739 1674 689 159 4065 1558 2507 2452 31627 1663 613 390 530 310 308 29964 13915 16049 3133 3069 15737 15324 5651
internal_count=40606 2724 37882 32143 516 208 166 5739 1674 689 159 4065 1558 2507 2452 31627 1663 613 390 530 310 308 29964 13915 16049 3133 3069 15737 15324 5651
is_linear=0
shrinkage=0.03


Tree=252
num_leaves=31
num_cat=0
split_feature=27 6 25 12 38 4 10 17 31 12 11 0 25 12 16 2 4 4 12 25 25 26 35 6 6 9 38 28 6 12
split_gain=14246.3 211085 20055 25286.4 22079.7 16539.4 16116 45245.9 16028.6 15744.8 15715.4 15515 35861.4 21211.7 18752.9 16474.9 14821.5 14758.8 22811.1 14155.6 22073.3 26851.9 38046.3 18956 19159.2 25567.1 14333.9 25299.7 23249 26964.4
threshold=30324.104166666672 5.5458149779735697 48.726458333333333 57.028750000000002 -121.27 4.5000000000000009 -23.451249999999998 11294.740135000002 187.00500000000002 6.7772916666666676 99.50500000000001 5.5000000000000009 93.564791666666693 48.726458333333333 4655.694721084692 6.5000000000000009 86.500000000000014 6.5000000000000009 154.78395833333337 282.46229166666677 271.96020833333336 41504.460000000006 21.943750000000001 11.979295154185023 0.39295154185022024 331.00500000000005 11.522500000000003 34271.375000000007 15.4852422907489 161.76687500000003
decision_type=8 2 8 8 8 2 10 8 10 10 8 2 10 10 10 2 2 2 10 8 10 10 10 2 2 10 8 10 2 10
left_child=1 -1 6 11 -5 10 7 -2 -8 -3 -6 12 -4 -14 -13 -16 -11 18 -7 20 26 -22 -23 24 25 -21 -19 -28 -29 -30
right_child=2 9 3 4 5 17 8 -9 -10 16 -12 14 13 -15 15 -17 -18 19 -20 23 21 22 -24 -25 -26 -27 27 28 29 -31
leaf_value=2.1937059528943967 0.32514892904860215 -0.31924346127946457 -0.12539181461339735 0.5282585723187242 -0.63379022913674543 0.079505517467016909 0.042664546192595056 -1.0867883650486061 -0.50148234099757916 0.50520643493191131 -0.068855796114374423 -0.010770237036679439 -0.343009793219752 -1.2244647017190624 -0.36247651947452358 -0.069689115238218996 0.034703156393599624 0.012485049941692247 0.86952256213786994 0.062921563610433676 -0.10446907457336783 1.345755960258042 0.2003061405629725 -0.62341319811920959 -0.033394080132503542 -0.8702148450613022 0.11839661481845599 -0.038490644472766025 -0.15959881430599959 -0.77099050346394649
leaf_weight=40 40 111 973 69 71 141 8687 40 48 60 116 2473 60 42 283 444 4998 15016 42 47 79 40 73 61 838 59 756 4146 774 70
leaf_count=40 40 111 973 69 71 141 8687 40 48 60 116 2473 60 42 283 444 4998 15016 42 47 79 40 73 61 838 59 756 4146 774 70
internal_value=0.00328908 0.0496133 -0.00351169 -0.0164766 -0.00371393 -0.00538139 0.0357157 -0.385521 0.0396173 0.0326003 -0.28558 -0.0833274 -0.181884 -0.714326 -0.050172 -0.184004 0.0403832 -0.00300219 0.264561 -0.00524393 3.36552e-05 0.319384 0.614023 -0.115171 -0.081704 -0.459744 -0.00293483 -0.0432267 -0.0677319 -0.211159
internal_weight=40697 5209 35488 26673 22398 22329 8815 80 8735 5169 187 4275 1075 102 3200 727 5058 22142 183 21959 20954 192 113 1005 944 106 20762 5746 4990 844
internal_count=40697 5209 35488 26673 22398 22329 8815 80 8735 5169 187 4275 1075 102 3200 727 5058 22142 183 21959 20954 192 113 1005 944 106 20762 5746 4990 844
is_linear=0
shrinkage=0.03


Tree=253
num_leaves=31
num_cat=0
split_feature=6 5 27 25 12 38 15 4 4 4 4 40 27 28 13 23 12 33 4 15 27 25 4 15 4 28 25 41 14 28
split_gain=19054.9 15425.8 258164 16952.5 23097.8 24751.4 22874.7 21418 20066.7 21296.3 18707.3 18581.2 17438.8 17124.8 16972.6 30492.7 25690.2 31000.2 28233.7 22435.7 27226.2 19602 19129.5 18259 17513.8 16857.6 21997.4 19211.5 28350.2 16392.3
threshold=33.836563876651994 68762.500000000015 36652.104166666672 46.534583333333345 57.028750000000002 -97.454999999999998 105.28270833333335 42.500000000000007 188.50000000000003 184.50000000000003 194.50000000000003 -52.824999999999989 40270.599375000005 48242.437500000007 39.305000000000007 5.5000000000000009 91.553697916666678 105.50500000000001 305.50000000000006 126.86041666666668 37668.578020833338 57.07416666666667 4.5000000000000009 118.72583333333334 279.50000000000006 39105.250000000007 133.62770833333335 -12048.854118306437 128.27000000000001 28498.875000000004
decision_type=2 2 8 8 8 8 10 2 2 2 2 10 10 10 10 2 10 10 2 10 10 10 2 10 2 8 10 10 10 10
left_child=1 3 -3 6 -5 12 7 -1 9 13 -10 -12 -6 -9 15 16 25 -18 -19 24 -21 -16 23 -23 -17 26 -7 28 -27 -24
right_child=-2 2 -4 4 5 14 -8 8 10 -11 11 -13 -14 -15 21 19 17 18 -20 20 -22 22 29 -25 -26 27 -28 -29 -30 -31
leaf_value=0.30340098433781165 0.32976082299649717 2.274894847755736 0.031942808570650134 -0.073908387245193607 0.67305642128024379 0.12279517972380317 -0.27974713131161449 0.013725250688283301 0.37123033895656682 -0.48583629400641831 0.19196411477039982 0.021405550484026883 0.0048535642700810585 -0.34920542946457861 0.20242867363078609 0.0096235823931632453 0.97038803593317657 0.11441568426951569 0.63762276128657802 -0.93953041315078734 -0.097218547653721038 -0.80316812585023312 0.038143586014572885 0.026901775709418364 -0.30878194218523275 -0.047537835119570833 -0.49803655163297111 0.030094255651930482 -0.54370170243935922 -0.035014759141651787
leaf_weight=273 159 46 2665 4826 82 1694 202 4694 206 80 838 1827 61 119 352 817 44 949 102 59 82 54 3407 42 191 400 52 1636 139 14420
leaf_count=273 159 46 2665 4826 82 1694 202 4694 206 80 838 1827 61 119 352 817 44 949 102 59 82 54 3407 42 191 400 52 1636 139 14420
internal_value=0.00301836 0.00172298 0.0708258 -0.00325481 -0.0139102 -0.00212912 0.0347764 0.0427154 0.0335112 -0.00343632 0.0964596 0.075089 0.390032 0.00468122 -0.00443954 0.0386 0.0705327 0.198939 0.165751 -0.100743 -0.45381 -0.0189601 -0.0233191 -0.443479 -0.0509554 0.0346316 0.104031 -0.0211014 -0.176261 -0.0210318
internal_weight=40518 40359 2711 37648 29409 24583 8239 8037 7764 4893 2871 2665 143 4813 24440 6165 5016 1095 1051 1149 141 18275 17923 96 1008 3921 1746 2175 539 17827
internal_count=40518 40359 2711 37648 29409 24583 8239 8037 7764 4893 2871 2665 143 4813 24440 6165 5016 1095 1051 1149 141 18275 17923 96 1008 3921 1746 2175 539 17827
is_linear=0
shrinkage=0.03


Tree=254
num_leaves=31
num_cat=0
split_feature=0 17 25 8 6 28 33 24 12 13 28 25 28 5 13 2 40 1 27 25 18 13 28 12 14 27 9 28 13 33
split_gain=14193 18184 16887.1 16495.5 20226.1 17560.7 16572 16065 44264.4 23298.3 19266.8 15646.9 20051.4 21112.7 15431.3 17185 15281.8 15262.7 14405.6 13343 20679.5 21304.3 28347.5 23623.3 14931.8 14545.1 19296.2 15798.7 15065.3 23265.6
threshold=14.500000000000002 298.30722000000009 1.0000000180025095e-35 0.13750000000000004 14.186563876651984 28772.464218750003 650.50000000000011 379.87500000000006 343.15729166666671 250.07500000000002 24013.659722222226 458.07729166666678 25936.687500000004 48206.250000000007 40.170000000000009 6.5000000000000009 -96.674999999999983 2.5000000000000004 31342.096510416672 37.47291666666667 1.5000000000000002 0.21500000000000002 35897.250000000007 29.565833333333337 75.593750000000014 27931.895833333339 211.86000000000004 35390.20171875001 179.78500000000005 195.81875000000002
decision_type=2 10 10 2 2 8 10 10 10 10 8 10 10 2 10 2 8 2 10 8 2 8 10 10 10 8 10 8 10 10
left_child=1 7 -3 17 5 -5 11 10 -9 -10 -1 12 13 -6 15 -14 -7 18 -2 24 -21 22 23 -22 -12 26 -23 -27 29 -29
right_child=3 2 -4 4 6 16 -8 8 9 -11 19 -13 14 -15 -16 -17 -18 -19 -20 20 21 25 -24 -25 -26 27 -28 28 -30 -31
leaf_value=0.38599893467548563 -0.29383382068563052 -0.62312238036369794 -0.063130505240697521 0.57511880051238196 0.13459038739834192 0.43108024475284107 0.49514785112813114 -0.63201138967953951 0.52895359301567069 -0.089696991173122465 -0.013801094795171425 -0.2993076574290171 -0.021581674007150112 0.77206271290779105 -0.050154275761667165 0.10339351376024893 0.081576223746874357 0.021928294185907807 -0.05580738848994285 0.0037534668970298801 -0.010543352365493775 -0.037114813969893891 -0.043128275096416473 -0.80059251647322405 0.13117749829377445 0.10121342433558911 -0.64050373481301692 -0.077314915019583971 0.23397450346127152 -0.54307147462931371
leaf_weight=116 261 48 4576 69 264 116 63 133 59 630 1197 143 1915 56 2680 2049 3041 2744 1815 14637 47 109 179 123 1371 581 84 1087 119 105
leaf_count=116 261 48 4576 69 264 116 63 133 59 630 1197 143 1915 56 2680 2049 3041 2744 1815 14637 47 109 179 123 1371 581 84 1087 119 105
internal_value=-0.00151261 -0.0153263 -0.069077 0.0213654 0.042633 0.105005 0.0145594 -0.00324489 -0.133112 -0.0360313 0.00216531 0.0102302 0.0166284 0.248206 0.00543907 0.043028 0.0945507 -0.0245048 -0.0858597 -0.000121389 -0.00971333 -0.0906649 -0.307265 -0.583506 0.0636208 -0.0542792 -0.301678 -0.0288965 -0.0865909 -0.118763
internal_weight=40417 25201 4624 15216 10396 3226 7170 20577 822 689 19755 7107 6964 320 6644 3964 3157 4820 2076 19639 17071 2434 349 170 2568 2085 193 1892 1311 1192
internal_count=40417 25201 4624 15216 10396 3226 7170 20577 822 689 19755 7107 6964 320 6644 3964 3157 4820 2076 19639 17071 2434 349 170 2568 2085 193 1892 1311 1192
is_linear=0
shrinkage=0.03


Tree=255
num_leaves=31
num_cat=0
split_feature=5 27 27 6 7 12 24 38 6 26 15 4 10 8 32 4 26 38 14 15 25 24 6 12 27 5 34 41 34 4
split_gain=16589.8 23087.1 32964.5 30268.9 26030.7 24084.4 39848 407213 26901.1 21341.1 19899.5 19600.7 20761.8 17646.1 18012.5 22981.4 16795.7 26203.8 25708.4 35392.1 27040.9 24389.7 21507.9 20522.6 20153.3 17108.3 15985.9 17971.4 15663.6 15136.8
threshold=45400.437500000007 27049.395833333336 26213.354166666668 13.017841409691632 6.6840277777777803 458.07729166666678 410.02500000000003 81.58750000000002 4.6951541850220275 40865.342500000006 373.12250000000006 258.50000000000006 -7.7899999999999991 375.26875000000007 137.46500000000003 203.50000000000003 36357.091250000005 73.275000000000006 258.29125000000005 101.280625 131.39895833333335 154.96000000000001 10.90638766519824 373.12250000000006 37483.187812500008 38600.500000000007 60.985000000000007 -10905.320984391374 301.63000000000005 220.50000000000003
decision_type=2 8 10 2 2 10 10 8 2 8 10 2 10 2 10 2 10 10 10 10 10 10 2 10 10 2 10 10 10 2
left_child=9 2 4 -4 13 6 -3 -8 -7 11 -9 12 -1 28 15 -15 17 -13 19 -18 24 -20 -19 25 -21 -24 -11 -28 -2 -14
right_child=1 5 3 -5 -6 8 7 10 -10 26 -12 16 29 14 -16 -17 18 22 21 20 -22 -23 23 -25 -26 -27 27 -29 -30 -31
leaf_value=-0.54008005473924714 -0.12483509568984691 0.008160938588934517 1.0151925066366034 0.2660594799852018 -0.40626121488345018 0.10460735417902468 3.0916318506853919 -0.40366007358500999 -0.84503171950578682 -0.15332602105946655 0.14409315394121222 0.036471480825028955 -0.038618400427099624 0.69683367861891687 -0.26324552129126255 -0.060927079182810491 -0.12091310215243506 0.25198776874902112 0.74201988476879743 -1.1682031531544292 -0.23816286667614528 -0.2328098907050761 -1.1076471080563286 0.034008048974550682 -0.48073096619311134 -0.40811294656991959 -0.025187263392362519 0.14599056871286087 0.40758735295985976 0.046473757980323195
leaf_weight=68 64 23747 58 282 101 47 41 111 61 295 127 944 7737 52 161 112 733 52 48 67 183 43 43 64 94 119 892 1446 216 2485
leaf_count=68 64 23747 58 282 101 47 41 111 61 295 127 944 7737 52 161 112 733 52 48 67 183 43 43 64 94 119 892 1446 216 2485
internal_value=0.00134766 0.016322 0.154237 0.396455 0.0371926 0.0103384 0.0123565 0.368152 -0.434595 -0.0232749 -0.111992 -0.0394136 -0.0214324 0.111772 -0.0386452 0.182106 -0.116789 -0.038985 -0.198087 -0.239035 -0.48965 0.283862 -0.294423 -0.420703 -0.772267 -0.599448 0.0544311 0.0806995 0.28588 -0.0179297
internal_weight=40493 25180 1046 340 706 24134 24026 279 108 15313 238 12680 10290 605 325 164 2390 1222 1168 1077 344 91 278 226 161 162 2633 2338 280 10222
internal_count=40493 25180 1046 340 706 24134 24026 279 108 15313 238 12680 10290 605 325 164 2390 1222 1168 1077 344 91 278 226 161 162 2633 2338 280 10222
is_linear=0
shrinkage=0.03


Tree=256
num_leaves=31
num_cat=0
split_feature=6 1 8 4 5 40 6 7 4 39 32 38 41 28 5 6 26 28 28 4 4 38 27 5 4 25 12 12 28 28
split_gain=13968.6 16480.2 15500.2 20430.3 33504.2 13922.2 223439 21483.9 18514.7 18381.1 18028.9 18001.2 16753.1 14376.5 13754.7 13413.7 14785 13049.9 19333.5 16718.3 12939.4 19861.6 19501.6 17308.7 14798.5 12752.1 21838.3 20508.8 12525.5 13248.9
threshold=33.836563876651994 2.5000000000000004 739.12500000000011 126.50000000000001 45804.250000000007 -31.529999999999994 0.39295154185022024 4.7725694444444455 348.50000000000006 -7.8749999999999991 136.14500000000001 -92.584999999999994 14117.773474836873 37723.407968750013 33703.062500000007 4.1204845814977986 46546.561250000006 23666.437500000004 24013.659722222226 233.50000000000003 323.50000000000006 34.305000000000007 40151.975833333338 79606.250000000015 348.50000000000006 32.143125000000005 31.561510416666668 30.175000000000001 53368.219218750011 48455.072187500009
decision_type=2 2 2 2 2 8 2 2 2 10 10 8 10 8 2 2 10 10 10 2 2 10 10 2 2 10 10 10 10 10
left_child=2 -2 5 4 -4 6 -1 13 11 12 -11 -9 15 17 -13 16 -8 19 -19 -7 21 23 -23 -15 -22 26 -17 -27 29 -10
right_child=1 -3 3 -5 -6 7 9 8 28 10 -12 14 -14 20 -16 25 -18 18 -20 -21 24 22 -24 -25 -26 27 -28 -29 -30 -31
leaf_value=2.1179457907832187 0.57707929686802184 -0.039921505725383756 -1.1749136129660265 -0.075937412121916195 -0.025043631143429699 -0.70900195530482701 0.48445982714494068 0.53447052075312684 -0.17177073219082437 0.055796313670485514 -0.53009311153149263 -0.20987266887053213 0.31983111858111002 -0.0092224645611461535 -0.020610949487391138 0.028933131463198314 0.049013975358141927 0.60211855977773665 0.068407382290569432 -0.024646685512169544 0.27330909591638347 -0.53388796878694478 -0.095756537661138105 0.35362310744421788 -0.0017617176316860246 -0.15307630489801602 0.23619007492389368 0.013152727211764801 0.19502888552844522 -0.59514094567612597
leaf_weight=45 81 74 41 737 50 41 116 51 551 85 105 352 173 5344 16512 2242 176 61 4238 137 308 117 409 120 409 744 574 6461 71 75
leaf_count=45 81 74 41 737 50 41 116 51 551 85 105 352 173 5344 16512 2242 176 61 4238 137 308 117 409 120 409 744 574 6461 71 75
internal_value=0.000810093 0.284144 -0.000285451 -0.128668 -0.550256 0.00240773 0.0315892 -0.00845751 -0.0291062 0.0225975 -0.269065 -0.0228565 0.0279074 0.0240587 -0.0245736 0.0229799 0.223062 0.0656835 0.0761187 -0.185359 -0.00373203 -0.0181547 -0.19404 -0.00119043 0.116616 0.0171281 0.0712482 -0.00403121 -0.180524 -0.223362
internal_weight=40500 155 40345 828 91 39517 10721 28796 17612 10676 190 16915 10486 11184 16864 10313 292 4477 4299 178 6707 5990 526 5464 717 10021 2816 7205 697 626
internal_count=40500 155 40345 828 91 39517 10721 28796 17612 10676 190 16915 10486 11184 16864 10313 292 4477 4299 178 6707 5990 526 5464 717 10021 2816 7205 697 626
is_linear=0
shrinkage=0.03


Tree=257
num_leaves=31
num_cat=0
split_feature=35 32 28 28 14 12 12 38 15 14 6 27 24 15 25 12 1 27 35 13 7 0 13 28 12 14 15 10 12 12
split_gain=17140 21527.3 291322 25600.6 19023 19747.9 15527.3 15237.8 15826.3 22356.6 23986.8 21249.7 37135.3 22599.8 15918.1 35733.2 15377.1 22407.3 14656.9 14642.3 14050.2 13671.1 13345.2 20850.4 13803.9 21344.9 16581.3 15834.3 15541 37532.9
threshold=132.05875000000003 264.94500000000005 31402.937500000004 41586.812500000007 279.92000000000002 242.03625000000002 458.07729166666678 498.86000000000007 458.07729166666678 488.71500000000009 1.2028634361233481 24313.729166666672 395.76500000000004 315.7247916666667 343.15729166666671 364.06333333333345 3.5000000000000004 23492.208333333336 160.99375000000003 229.99000000000004 4.5954861111111134 11.500000000000002 281.36500000000007 25782.687500000004 302.37062500000008 394.12500000000006 246.2154166666667 295.00500000000005 246.2154166666667 250.48604166666669
decision_type=10 10 10 10 10 10 10 10 10 10 2 8 10 10 10 10 2 10 10 10 2 2 10 10 10 10 10 10 10 8
left_child=1 7 -3 19 -2 18 -5 8 9 11 -11 -1 22 -14 -10 -16 20 -18 -6 -4 -17 -7 24 -24 25 28 -26 -27 -13 -30
right_child=4 2 3 6 5 21 -8 -9 14 10 -12 12 13 -15 15 16 17 -19 -20 -21 -22 -23 23 -25 26 27 -28 -29 29 -31
leaf_value=0.52541754635779747 0.19621587491659231 2.5031218524177867 -0.000275494730209603 0.1961743303071061 -0.20555123703820366 -0.30809630369410224 -0.42459775607760358 0.4254433917567918 0.24238255124200472 -0.49942210471630094 0.21723106132425402 -0.00038047561833683759 -0.82874821800738574 -0.1849421502170818 -0.74043431294150641 -0.24885301686823366 0.14879733282466265 -0.72947511024992262 -0.99190841567905041 -0.58743830825505627 0.19238682729961901 -0.012435034441211855 -0.70886108126796654 0.0063331124955607991 0.49223464467695782 -0.14820636098003886 0.040758301650869175 -0.72711381105943163 0.61603147207260123 0.032084106276577845
leaf_weight=68 128 44 67 316 41 244 40 75 76 44 650 36079 69 167 95 103 42 67 45 88 172 331 60 92 111 191 212 54 124 478
leaf_count=68 128 44 67 316 41 244 40 75 76 44 650 36079 69 167 95 103 42 67 45 88 172 331 60 92 111 191 212 54 124 478
internal_value=0.000944708 0.00370602 0.189062 -0.0146914 -0.137419 -0.202225 0.125431 0.00106544 0.000237468 0.00253835 0.171142 -0.000569427 -0.00153368 -0.375876 -0.158673 -0.222678 -0.0929969 -0.392782 -0.623689 -0.335261 0.0268196 -0.138215 0.000838405 -0.278768 0.00198683 0.000276161 0.19695 -0.278239 0.00214396 0.153188
internal_weight=40373 39584 555 511 789 661 356 39029 38954 38399 694 37705 37637 236 555 479 384 109 86 155 275 575 37401 152 37249 36926 323 245 36681 602
internal_count=40373 39584 555 511 789 661 356 39029 38954 38399 694 37705 37637 236 555 479 384 109 86 155 275 575 37401 152 37249 36926 323 245 36681 602
is_linear=0
shrinkage=0.03


Tree=258
num_leaves=31
num_cat=0
split_feature=40 32 14 5 40 13 41 7 4 28 4 4 4 4 5 13 15 14 10 25 4 18 13 38 28 5 27 39 13 34
split_gain=14551.5 19801.3 69622.1 309524 22937.6 15983.4 14571.6 13360.1 12839.1 19328.3 16154.9 12757 18713.3 23608.8 14796 13508.8 12026.7 23693.4 15956.1 23191.6 19509.6 57241.9 12955.4 12454.7 15216.5 27464.7 18702.7 17879.1 16016 20706.4
threshold=34.675000000000004 228.62500000000003 469.85000000000008 67364.250000000015 -24.989999999999991 66.905000000000015 17133.706979634469 3.1822916666666674 348.50000000000006 52354.935156250009 351.50000000000006 100.50000000000001 178.50000000000003 188.50000000000003 52701.500000000007 293.64000000000004 4.0881250000000007 125.34375000000001 -0.0099999999999999482 110.11729166666667 122.50000000000001 1.0000000180025095e-35 -1.0162499999999997 -9.9849999999999941 34367.756562500006 45903.437500000007 33954.781666666669 -149.57749999999996 75.030000000000015 121.21500000000002
decision_type=10 10 10 2 10 10 10 2 2 10 2 2 2 2 2 10 8 10 8 10 2 2 10 8 8 2 8 10 10 10
left_child=1 6 5 4 -4 -3 8 -7 16 10 -10 -2 -13 -14 -15 -16 17 22 19 20 21 -18 -1 -20 25 -25 -26 -27 29 -29
right_child=11 2 3 -5 -6 7 -8 -9 9 -11 -12 12 13 14 15 -17 18 -19 23 -21 -22 -23 -24 24 26 27 -28 28 -30 -31
leaf_value=0.22293113159670216 -0.50802291280279555 0.47360512639219693 -0.64082195585966106 2.9085634592601228 0.23518105331641523 0.38383212648851928 0.1835462041280698 -0.0019058757248828048 -0.39955329833049624 0.1375233516735391 -0.095060868550721545 0.3498918680158945 -0.73670531532981176 -0.16293387778417232 -0.044754232798873535 0.616466747948333 -0.10080745563023354 0.56394422176209369 0.035001669857366156 -0.6865819712281227 -0.0091924068699291185 -1.3090274709047272 -0.12668619327398423 -0.02060886980727995 -0.18430582373068102 0.54664399170045619 -0.015406618609368301 0.092801866700084723 0.039001766914340021 0.39673162075762564
leaf_weight=184 71 73 44 41 66 85 383 1339 188 266 928 77 54 450 70 45 198 98 8241 59 807 42 196 3889 608 78 18981 623 1896 298
leaf_count=184 71 73 44 41 66 85 383 1339 188 266 928 77 54 450 70 45 198 98 8241 59 807 42 196 3889 608 78 18981 623 1896 298
internal_value=0.00159288 0.00410045 0.105872 0.71763 -0.117837 0.0437266 -0.000320183 0.0213724 -0.00219891 -0.0919077 -0.146667 -0.127745 -0.088279 -0.143261 -0.0853414 0.217068 0.00122852 0.150554 -0.000773896 -0.112892 -0.0799392 -0.3168 0.042743 0.0028117 -0.00724793 0.0314715 -0.020658 0.101417 0.088899 0.191465
internal_weight=40378 39611 1648 151 110 1497 37963 1424 37580 1382 1116 767 696 619 565 115 36198 478 35720 1106 1047 240 380 34614 26373 6784 19589 2895 2817 921
internal_count=40378 39611 1648 151 110 1497 37963 1424 37580 1382 1116 767 696 619 565 115 36198 478 35720 1106 1047 240 380 34614 26373 6784 19589 2895 2817 921
is_linear=0
shrinkage=0.03


Tree=259
num_leaves=31
num_cat=0
split_feature=0 8 5 8 6 7 1 26 28 4 32 27 15 5 8 8 39 5 39 13 40 11 11 32 5 6 28 15 13 1
split_gain=14959 18447.5 19630.3 16601.4 19956.6 19789.7 20406.9 22038.3 18537.6 15871.6 27512.1 25761 18946.1 28934.1 21575.2 17234.4 15836.4 14762.9 14942.9 14721.5 14340.2 23220.3 80984.4 17536.8 20042.6 15982.6 15258.2 13894.6 14925.1 13429
threshold=13.500000000000002 168.18125000000003 40755.687500000007 0.13750000000000004 13.994933920704847 6.2170138888888911 1.0000000180025095e-35 24882.500000000004 43899.500000000007 154.50000000000003 185.00500000000002 39576.666666666679 364.06333333333345 50154.875000000007 434.53125000000006 44.343750000000007 -106.14249999999997 73006.250000000015 -34.224999999999994 40.170000000000009 -1.0000000180025095e-35 320.88000000000005 331.02500000000003 150.00500000000002 39956.250000000007 18.887004405286344 30982.144843750004 513.26479166666684 315.09000000000009 5.5000000000000009
decision_type=2 2 2 2 2 2 2 8 10 2 10 10 10 2 2 2 8 2 10 10 8 10 10 10 2 2 10 10 10 2
left_child=1 20 -3 29 8 6 7 -6 17 -8 12 15 -11 14 -14 -12 -4 18 -5 -7 21 25 -23 -24 -25 -1 -26 28 -22 -2
right_child=3 2 16 4 5 19 9 -9 -10 10 11 -13 13 -15 -16 -17 -18 -19 -20 -21 27 22 23 24 26 -27 -28 -29 -30 -31
leaf_value=-0.0037295409495736393 -0.046733577821109928 -0.25026810747199979 -0.21164580375758318 0.23294505796778234 0.74001687108838954 -0.00032679311173861139 -0.064812383574492483 0.13807622745198669 0.020385980873770571 0.050744896319824977 0.13166366679619435 -0.20568708767325189 -0.052959445507338873 0.40903731575783558 -0.69618914599465853 0.71005910021806118 -0.030705107439249899 0.58626178925128081 0.070512688058477491 -0.1511873930974294 -0.051698625216895215 1.4946099105695398 0.3130848956810906 -0.46981486712183274 0.41186195991657393 0.11316747372002439 -0.15595684109131494 -0.49821919192056185 0.29053503452721285 0.096011397813290697
leaf_weight=11671 4153 458 475 889 58 1524 1407 775 1642 3047 72 58 88 50 100 132 5104 68 1196 941 4103 40 193 76 80 1156 89 60 117 691
leaf_count=11671 4153 458 475 889 58 1524 1407 775 1642 3047 72 58 88 50 100 132 5104 68 1196 941 4103 40 193 76 80 1156 89 60 117 691
internal_value=-0.00101308 -0.0164279 -0.0616704 0.0205441 0.0394026 0.0132136 0.043533 0.180825 0.0963306 0.0204159 0.0542324 0.349482 0.0305852 -0.226643 -0.396976 0.507558 -0.0461457 0.154214 0.139849 -0.0579549 -0.00089329 0.0144724 0.219554 0.0999714 -0.0685002 0.0068135 0.113675 -0.048652 -0.0421436 -0.0263553
internal_weight=40513 23622 6037 16891 12047 8252 5787 833 3795 4954 3547 262 3285 238 188 204 5579 2153 2085 2465 17585 13305 478 438 245 12827 169 4280 4220 4844
internal_count=40513 23622 6037 16891 12047 8252 5787 833 3795 4954 3547 262 3285 238 188 204 5579 2153 2085 2465 17585 13305 478 438 245 12827 169 4280 4220 4844
is_linear=0
shrinkage=0.03


Tree=260
num_leaves=31
num_cat=0
split_feature=7 28 24 6 25 27 6 6 5 4 38 4 15 28 23 23 5 12 12 26 27 7 29 28 16 29 10 25 27 5
split_gain=14908 13896 19491.7 96351.5 28925.5 22141.2 19522.9 21396.8 18006.9 17728.4 48862.2 26486.5 25844.5 31813.7 18932.3 24642.5 14800.3 14677.9 27164 26200.6 55167.6 21935.9 20658.7 20521.1 18770.5 18312.5 15817 15557.4 21796.2 35336.2
threshold=11.411458333333337 28952.875000000004 465.20500000000004 2.5107929515418506 282.46229166666677 30324.104166666672 12.492511013215863 0.39295154185022024 51689.000000000007 272.50000000000006 152.28500000000003 269.50000000000006 110.01770833333335 27367.007968750004 1.5000000000000002 4.5000000000000009 70093.750000000015 246.2154166666667 250.48604166666669 44277.74500000001 42740.770833333343 4.9670138888888902 193.91375000000002 51815.51812500001 5486.9170827744174 224.50125000000003 260.5800000000001 195.38375000000002 41446.541666666672 48802.812500000007
decision_type=2 8 10 2 10 10 2 2 2 2 10 2 10 10 2 2 2 10 10 10 10 2 10 10 10 10 10 10 10 2
left_child=1 8 4 -4 17 -6 7 -7 9 11 12 -1 13 -11 -14 -16 -5 22 -19 20 21 -20 -3 24 27 -22 -23 28 29 -24
right_child=-2 2 3 16 5 6 -8 -9 -10 10 -12 -13 14 -15 15 -17 -18 18 19 -21 25 26 23 -25 -26 -27 -28 -29 -30 -31
leaf_value=0.05869391101505176 -0.1836800811957312 0.0014833570684772692 1.3589677488691403 -0.63217425662538285 -0.61688361147542803 -0.5179760681740615 -0.71639951899489185 -0.03197908668705652 0.27096910835155902 0.92013128333621552 -0.8001322246113648 0.74184254064009736 0.070784127376107286 0.025263518457797084 -0.54997750648702015 -0.020998707318001172 0.13933695756110617 0.53988630216019073 0.29750914643208182 -0.33083514504654465 0.25256833721951744 0.079460542126869149 -0.029894442172833158 -0.69891877830466798 -0.50161996823164723 0.87704974105069922 -0.42715526955329797 -0.16313605446493312 -0.14877788551235469 0.520496909737035
leaf_weight=2915 392 32573 52 45 89 91 46 718 317 53 77 51 300 106 144 175 43 121 98 128 81 89 298 50 92 90 145 730 355 161
leaf_count=2915 392 32573 52 45 89 91 46 718 317 53 77 51 300 106 144 175 43 121 98 128 81 89 298 50 92 90 145 730 355 161
internal_value=0.000195206 0.00199127 -0.0039789 0.348057 -0.00535928 -0.16914 -0.121866 -0.0872182 0.0540563 0.0359944 -0.084295 0.0706866 -0.0125112 0.327439 -0.10022 -0.260758 -0.257856 -0.000938571 0.130081 0.0507667 0.148338 -0.0773568 -0.00381821 -0.106183 -0.0876518 0.584431 -0.23495 -0.0626766 0.0275057 0.163874
internal_weight=40625 40233 36095 140 35955 944 855 809 4138 3821 855 2966 778 159 619 319 88 35011 752 631 503 332 34259 1686 1636 171 234 1544 814 459
internal_count=40625 40233 36095 140 35955 944 855 809 4138 3821 855 2966 778 159 619 319 88 35011 752 631 503 332 34259 1686 1636 171 234 1544 814 459
is_linear=0
shrinkage=0.03


Tree=261
num_leaves=31
num_cat=0
split_feature=5 10 4 4 15 6 27 13 24 15 0 23 32 5 26 27 34 15 40 14 13 39 4 27 14 8 39 10 7 26
split_gain=13510.1 27543.5 20324.8 20120.1 19898.5 26446.2 24793.7 36675.8 27713.7 18708.9 22571.4 18287.3 45615 356894 25779.7 21838.9 28891.1 20408.4 33567.8 27069.7 24794.9 18817.6 17404.2 22944 54092.1 24830.1 26538.8 25916.3 25643.1 21271.1
threshold=46201.687500000007 -23.451249999999998 258.50000000000006 222.50000000000003 101.280625 10.90638766519824 35514.645833333343 53.675000000000004 244.95000000000002 383.62437500000004 8.5000000000000018 1.5000000000000002 264.94500000000005 66756.250000000015 36079.728750000002 41481.573385416676 309.33000000000004 142.67291666666668 -87.028749999999988 168.10000000000002 -5.004999999999999 -67.214999999999989 164.50000000000003 28789.270833333336 459.26000000000005 96.106250000000003 -33.013749999999995 380.06500000000005 5.2864583333333348 29280.000000000004
decision_type=2 10 2 2 10 2 10 10 10 10 2 2 10 2 10 8 10 10 10 10 10 10 2 10 10 2 10 10 2 8
left_child=1 -1 3 9 -4 -6 7 -7 -9 -3 -11 22 15 14 -14 17 -17 20 -19 21 -13 -20 -2 24 -24 28 -27 -28 -26 -25
right_child=11 2 4 -5 5 6 -8 8 -10 10 -12 12 13 -15 -16 16 -18 18 19 -21 -22 -23 23 29 25 26 27 -29 -30 -31
leaf_value=-0.76834142227064472 -0.033301395870815445 -0.014210829628814486 -0.016289377368071959 0.068321998356606711 0.090269836599676342 0.45685500858658618 -0.37607646412702833 -0.07444833132527412 -0.52394922944103794 -0.11050945919816908 -0.84062291068850825 -0.077328083452433347 -0.77675668973748269 2.8648573284943901 0.074195535620864547 0.0065819999820795772 -0.76560972552407869 0.67470145463943476 0.027619396292644999 0.005420046664239047 0.18859848397202264 -0.73525401007293201 0.4804975002469925 -0.29345830315358973 0.85122897606975623 -0.58615114026448945 -0.38889898320942212 0.20557972904012509 -0.1448747239687613 0.021652786538928645
leaf_weight=43 8111 9884 1954 3026 308 90 530 501 163 137 52 374 40 44 146 4882 43 59 45 834 2002 81 324 198 52 87 98 197 41 6188
leaf_count=43 8111 9884 1954 3026 308 90 530 501 163 137 52 374 40 44 146 4882 43 59 45 834 2002 81 324 198 52 87 98 197 41 6188
internal_value=0.00196913 -0.0187339 -0.0167513 0.000498727 -0.0804556 -0.159153 -0.219007 -0.108248 -0.185415 -0.0198806 -0.314754 0.0164578 0.0515944 0.467439 -0.11198 0.0400439 -0.000314032 0.0985725 -0.0137378 -0.0567061 0.146725 -0.464727 -0.00318464 0.0308135 0.182268 -0.0217376 -0.128923 0.00744523 0.415217 0.0118382
internal_weight=40534 16688 16645 13099 3546 1592 1284 754 664 10073 189 23846 8550 230 186 8320 4925 3395 1019 960 2376 126 15296 7185 799 475 382 295 93 6386
internal_count=40534 16688 16645 13099 3546 1592 1284 754 664 10073 189 23846 8550 230 186 8320 4925 3395 1019 960 2376 126 15296 7185 799 475 382 295 93 6386
is_linear=0
shrinkage=0.03


Tree=262
num_leaves=31
num_cat=0
split_feature=32 6 25 11 4 38 25 12 30 26 4 41 38 4 4 4 8 17 34 26 7 12 13 25 37 7 6 25 14 4
split_gain=17415.9 218683 15447.9 19573.1 14592.7 12452.5 12067.5 19175.3 14833.1 14633.8 15034 21276.8 13746.3 20740.4 35801.6 48550.9 25235.9 25001.5 22214.7 21358.2 18589.8 18291.2 69929 19966.8 18551.2 15629.3 15797.2 16828.8 32862.3 24615.2
threshold=250.00500000000002 0.39295154185022024 282.46229166666677 221.04000000000005 68.500000000000014 6.5999999999999979 32.143125000000005 25.359479166666667 78.881250000000009 42038.116250000006 60.500000000000007 15137.378188506284 19.068749999999998 239.50000000000003 222.50000000000003 217.50000000000003 274.73125000000005 1.0000000180025095e-35 192.91500000000002 32576.512500000004 5.9322916666666687 171.40208333333337 76.220000000000013 190.57583333333335 0.032499999999999314 9.4340277777777803 1.0000000180025095e-35 138.40421875000001 172.18000000000004 342.50000000000006
decision_type=10 2 10 10 2 10 8 8 10 10 2 8 8 2 2 2 2 10 10 10 2 10 10 10 10 2 2 10 10 2
left_child=6 -2 -3 -4 -5 -6 9 8 -8 -1 11 -11 21 14 15 17 25 -14 -19 -16 -17 -9 24 -24 -23 26 -15 28 -28 -29
right_child=1 2 3 4 5 -7 7 12 -10 10 -12 -13 13 16 19 20 -18 18 -20 -21 -22 22 23 -25 -26 -27 27 29 -30 -31
leaf_value=0.013156035400611618 2.2720063072443009 0.14221493357879172 -0.63851513001653881 0.39714594061257408 -0.37605642278607071 0.034473075146207934 -0.076434830098688386 4.1069507122398778e-05 -0.35246051477960177 -0.18461195100925862 0.19400992051110064 0.33886806201573805 0.022202859275925378 -0.46855952902138231 0.34789272540643806 -1.0625934873886829 -0.28502342671439218 -0.10661429483848699 -0.80128399970919584 -0.21720206608064474 -0.23661673560738564 1.3200825166194998 0.18128278573541737 -0.006132361475310006 0.44752850580215453 -0.3271129133024222 -0.051339862215071176 -0.027911985548715924 -0.56424736771246653 0.26592019250562526
leaf_weight=4091 40 504 53 60 103 184 1064 20878 209 249 911 96 4546 74 374 52 525 1162 42 71 47 46 760 1561 44 181 608 1466 137 310
leaf_count=4091 40 504 53 60 103 184 1064 20878 209 249 911 96 4546 74 374 52 525 1162 42 71 47 46 760 1561 44 181 608 1466 137 310
internal_value=0.00180843 0.129084 0.0318589 -0.107198 -0.0244438 -0.113654 -0.00123618 -0.00779682 -0.121994 0.0406673 0.130194 -0.0383896 -0.00337248 -0.0335892 -0.00164338 -0.0213959 -0.0944811 -0.00999674 -0.131492 0.257447 -0.676751 0.00907761 0.0872969 0.0552874 0.903106 -0.0583559 -0.0394914 -0.026716 -0.14629 0.0234971
internal_weight=40448 944 904 400 347 287 39504 34157 1273 5347 1256 345 32884 9595 6294 5849 3301 5750 1204 445 99 23289 2411 2321 90 2776 2595 2521 745 1776
internal_count=40448 944 904 400 347 287 39504 34157 1273 5347 1256 345 32884 9595 6294 5849 3301 5750 1204 445 99 23289 2411 2321 90 2776 2595 2521 745 1776
is_linear=0
shrinkage=0.03


Tree=263
num_leaves=31
num_cat=0
split_feature=40 39 18 13 14 28 32 9 27 14 23 38 15 14 14 28 12 28 7 12 34 15 15 28 7 32 10 9 38 14
split_gain=17495.5 18052.3 16516.7 16642.5 26110.3 15578 61212.3 262219 26638.1 16469.2 27716.4 15907.3 17231.9 15194.2 14174.2 13591.6 13583.3 13102.6 18455.3 16020.1 21959.9 13564.8 18144.6 20609.8 18440.1 17294.6 18104.8 14603.8 13375.7 13103.7
threshold=30.355000000000004 -89.571249999999992 1.5000000000000002 272.55000000000007 469.85000000000008 34367.756562500006 264.94500000000005 278.64500000000004 33594.124322916679 179.53500000000003 2.5000000000000004 73.275000000000006 18.394166666666671 44.935000000000009 596.0150000000001 35091.328906250004 417.90270833333335 23250.062500000004 3.923611111111112 343.15729166666671 403.11000000000007 165.49833333333336 111.44729166666669 27367.007968750004 5.0434027777777795 69.182500000000019 232.04000000000005 155.05000000000004 400.46000000000004 150.05000000000004
decision_type=10 10 2 10 10 8 10 8 8 10 2 10 10 10 10 10 8 10 2 10 10 10 10 10 2 10 10 10 10 10
left_child=5 -2 3 4 -3 6 13 -8 9 15 -11 14 -13 -1 16 -7 -10 18 -15 -20 -21 22 23 -19 -25 -24 -27 -26 -22 -23
right_child=1 2 -4 -5 -6 8 7 -9 11 10 -12 12 -14 17 -16 -17 -18 21 19 20 28 29 25 24 27 26 -28 -29 -30 -31
leaf_value=-0.14556998552266256 -0.69746909988687389 -0.1650215756507783 0.27817697341553865 0.029864137724226473 -0.82864438969092291 0.14890385987333857 2.5979317624760525 -0.45641929017961957 0.0060749555467418739 -0.14875175001720589 -0.93611774613780363 0.4015950784229097 -0.10360339379796976 -0.33633005217808049 -0.55129476436754554 -0.16904206962950488 0.52771284117301298 0.37334138948645368 -0.10070776995622886 1.0136289900541304 0.031157470817689773 -0.47116643015904858 0.32970681201305768 0.095732533428831743 -0.037559023830287135 0.048284158063417348 0.44941312811092327 -0.59725104524299144 0.69869282059105375 -0.0042432193605656645
leaf_weight=411 46 434 95 322 60 153 41 63 27876 116 61 62 1735 40 40 566 44 148 52 51 76 54 381 1353 1744 910 113 42 41 3284
leaf_count=411 46 434 95 322 60 153 41 63 27876 116 61 62 1735 40 40 566 44 148 52 51 76 54 381 1353 1744 910 113 42 41 3284
internal_value=0.0027073 -0.123968 -0.094277 -0.137926 -0.247135 0.00578279 0.0409535 0.760974 -0.00431978 -0.165395 -0.423839 0.000535672 -0.0859594 0.0322599 0.00609762 -0.101272 0.00691589 0.0410939 0.250291 0.357988 0.499721 0.0342892 0.0671772 0.0285971 0.0122292 0.157415 0.0929882 -0.0510477 0.269019 -0.0119356
internal_weight=40414 957 911 816 494 39457 8804 104 30653 896 177 29757 1797 8700 27960 719 27920 8289 260 220 168 8029 4691 3287 3139 1404 1023 1786 117 3338
internal_count=40414 957 911 816 494 39457 8804 104 30653 896 177 29757 1797 8700 27960 719 27920 8289 260 220 168 8029 4691 3287 3139 1404 1023 1786 117 3338
is_linear=0
shrinkage=0.03


Tree=264
num_leaves=31
num_cat=0
split_feature=25 11 6 14 14 14 6 8 28 15 25 23 25 25 14 13 26 13 39 28 4 14 33 33 4 41 14 2 6 25
split_gain=14310.8 29384.3 222607 25802.8 33730.5 24889.6 26083.7 24335 21099.9 19050.8 18716.2 31197.5 27049.6 22241.3 22105 17440.7 17302.8 17241 21961.4 15864.7 29116.3 15620.2 14588.9 13945.9 13449.7 13348.8 13337.6 13940.9 12634.5 12498.9
threshold=443.54708333333343 320.88000000000005 0.92709251101321588 506.41500000000002 469.85000000000008 576.00000000000011 23.574449339207053 281.11875000000003 24013.659722222226 477.00062500000007 282.46229166666677 2.5000000000000004 311.9752083333334 301.70562500000005 479.90500000000003 240.94000000000003 26307.380000000001 229.99000000000004 -31.182499999999994 27762.000000000004 239.50000000000003 459.26000000000005 471.88000000000005 254.38000000000002 235.50000000000003 13654.425545070624 801.49500000000012 8.5000000000000018 8.9830396475770957 396.69062500000013
decision_type=10 10 2 10 10 10 2 2 10 10 10 2 10 10 10 10 10 10 10 10 2 10 8 10 2 10 10 2 2 10
left_child=1 10 -3 4 8 9 7 26 -4 -2 14 13 -13 23 21 28 -6 18 -14 20 -5 25 -22 -12 -8 -1 27 -7 -15 -10
right_child=5 2 3 19 16 6 24 -9 29 -11 11 12 17 15 -16 -17 -18 -19 -20 -21 22 -23 -24 -25 -26 -27 -28 -29 -30 -31
leaf_value=-0.00061345926525690857 -0.13316541769002613 2.2876869788765908 0.52424396860163391 0.53371659667789939 -0.1352589461593067 0.18668160357600763 0.046138864871528414 -0.62387373927846013 0.054075171403454324 -0.81375719658426326 0.074428214908980606 0.053848160631320571 -0.45014599047246429 0.14111304914951323 0.46675194000744302 -0.001797324140468541 -0.789149228976323 -0.29701186666503931 -1.3270448989453523 0.63375228323042387 0.12462756254410905 -0.46349664494166004 -0.4584059388405185 -0.46669256020676003 0.56853741584639794 0.12750319739718113 -0.45484527961420479 -0.17485677932571503 0.78882006047403108 -0.36986705553663124
leaf_weight=36299 75 41 81 119 84 189 107 82 786 73 66 93 62 59 91 286 64 116 45 89 111 64 58 120 75 746 66 193 50 67
leaf_count=36299 75 41 81 119 84 189 107 82 786 73 66 93 62 59 91 286 64 116 45 89 111 64 58 120 75 746 66 193 50 67
internal_value=0.00153793 0.00416883 0.134365 0.0723278 -0.00221376 -0.119461 -0.0456059 -0.151994 0.0645927 -0.472071 -0.000960787 -0.136297 -0.375684 -0.00567412 0.00230613 0.121669 -0.421421 -0.554257 -0.827808 0.285704 0.176326 0.00115465 -0.0769863 -0.275311 0.263343 0.00196988 -0.0644262 0.00403992 0.442696 0.020382
internal_weight=40457 39597 1500 1459 1082 860 712 530 934 148 38097 897 316 581 37200 395 148 223 107 377 288 37109 169 186 182 37045 448 382 109 853
internal_count=40457 39597 1500 1459 1082 860 712 530 934 148 38097 897 316 581 37200 395 148 223 107 377 288 37109 169 186 182 37045 448 382 109 853
is_linear=0
shrinkage=0.03


Tree=265
num_leaves=31
num_cat=0
split_feature=40 11 15 12 12 25 4 14 5 4 31 4 2 35 26 4 28 32 25 32 26 35 15 28 23 25 14 14 39 40
split_gain=15640 14669.1 125613 17233.4 17510.2 16963.2 23333 27338.3 19238.2 16513 15903.5 14084.3 40014.5 27299.5 20765.7 19971.4 20935.2 28378.6 14032.9 26126.9 18747.4 17454.4 22767.5 24439.1 21778.6 44047.6 26576.5 17326.7 35998.3 16226.3
threshold=34.675000000000004 311.05000000000001 258.53812500000009 154.78395833333337 174.155 443.54708333333343 242.50000000000003 625.65500000000009 39056.250000000007 350.50000000000006 299.90500000000003 222.50000000000003 7.5000000000000009 -38.852499999999985 26504.000000000004 232.50000000000003 27762.000000000004 148.77000000000001 203.92625000000001 154.14875000000004 23889.000000000004 94.452500000000015 184.94062500000004 40066.427031250008 1.5000000000000002 311.9752083333334 306.51000000000005 286.06000000000006 -45.07 -8.0037499999999984
decision_type=10 10 10 10 10 10 2 10 2 2 10 2 2 10 10 2 10 10 8 10 8 10 8 10 2 10 10 10 10 10
left_child=1 18 -3 -4 -5 9 7 -7 -8 11 -11 12 14 -13 -6 -15 -17 -18 19 -1 -20 22 23 -22 26 -26 -24 -21 -29 -28
right_child=-2 2 3 4 5 6 8 -9 -10 10 -12 13 -14 15 -16 16 17 -19 20 27 21 -23 24 -25 25 -27 29 28 -30 -31
leaf_value=-0.0035688328994100777 -0.1314600824100336 1.3301185926018015 0.61827958989143372 -0.5187323606530061 0.41871577565131646 -0.36719701139216726 -0.87833287795384718 0.23570281183793526 -0.19136564772012757 0.022996287240689112 -0.56659693929553023 0.98773835534002719 -0.60436422293836423 0.67986977887382871 0.00049879405129214988 -0.042013698835494155 0.85398191788179034 0.10428233198553538 0.54293216959289881 0.062051854909745907 -0.60101819945233204 -0.23607623664422012 -0.077010867352605802 -0.076196548922156743 -0.042515280379590945 -0.64674205818190811 0.002765650378370827 1.0801070751547812 0.16565241738829209 0.27639057553657026
leaf_weight=30985 786 69 44 51 154 93 44 241 204 131 59 40 76 64 344 294 67 138 45 3037 125 471 665 219 928 122 307 44 283 534
leaf_count=30985 786 69 44 51 154 93 44 241 204 131 59 40 76 64 344 294 67 138 45 3037 125 471 665 219 928 122 307 44 283 534
internal_value=0.000976872 0.00359045 0.0804933 0.0376795 0.0246037 0.03908 -0.0964518 0.0672345 -0.316285 0.096811 -0.162096 0.138708 0.0322382 0.239836 0.130407 0.185042 0.120344 0.352262 -0.00071438 0.00505327 -0.0586945 -0.0668843 -0.0393333 -0.268091 -0.00845304 -0.113269 0.0646526 0.0844468 0.291616 0.176628
internal_weight=40664 39878 2113 2044 2000 1949 582 334 248 1367 190 1177 574 603 498 563 499 205 37765 34349 3416 3371 2900 344 2556 1050 1506 3364 327 841
internal_count=40664 39878 2113 2044 2000 1949 582 334 248 1367 190 1177 574 603 498 563 499 205 37765 34349 3416 3371 2900 344 2556 1050 1506 3364 327 841
is_linear=0
shrinkage=0.03


Tree=266
num_leaves=31
num_cat=0
split_feature=5 24 14 27 28 6 5 5 7 4 30 4 25 7 35 14 39 5 27 10 39 25 12 28 13 25 27 6 4 14
split_gain=13587 16880.3 20520.9 18564.6 15498.5 201718 17470.6 15922.1 15534.5 14515.3 46041.2 36763.6 19085.9 18680.1 18001.4 14353.8 13471.2 19096 22145.9 15267.4 14062.1 13425.7 23820.1 14571.9 29977.8 36126.7 44565.9 33923 49603.6 30341.4
threshold=34554.750000000007 91.72375000000001 166.64500000000001 37123.323072916675 31164.625000000004 3.0253303964757712 62302.250000000007 53651.375000000007 8.0260416666666696 272.50000000000006 313.94500000000005 269.50000000000006 156.47843750000004 4.633680555555558 24.685000000000006 53.360000000000007 3.100000000000009 76137.500000000015 41884.911197916677 427.30000000000007 -9.949999999999994 46.149062500000007 25.359479166666667 39046.516718750012 74.345000000000013 142.27223958333337 38229.972864583346 18.527533039647583 275.50000000000006 198.49000000000004
decision_type=2 8 10 10 8 2 2 2 2 2 10 2 10 2 10 10 10 2 10 8 10 8 8 10 10 10 10 2 2 10
left_child=1 2 -1 -3 5 -2 7 9 -9 11 12 15 -11 14 -14 -7 17 21 -19 -18 -20 -6 -23 24 25 29 -27 -26 -29 -24
right_child=4 3 -4 -5 16 6 -8 8 -10 10 -12 -13 13 -15 -16 -17 19 18 20 -21 -22 22 23 -25 27 26 -28 28 -30 -31
leaf_value=-0.051776098201712167 2.1478251106564592 -0.15942686873531445 0.5938564265292624 -0.70290960630949806 0.03177995814942048 -0.29542166795513847 -0.58133982940417961 0.3550452092985506 -0.11607806273869106 0.088326210517843229 -0.87758348464965819 0.79698313466573156 0.56763537193045888 -0.30043416422619978 -0.14253698065363127 0.052223064683880167 -0.26096852269768711 0.70537449720453038 0.47853619766923094 0.3089828581226115 0.045261327692703343 -0.20325667383500887 0.053154423046719586 -0.027319909658194353 0.0091316038795921026 0.18513738131245902 0.98774615235524621 -0.16482087443734694 -1.2108359678124272 -0.2585802768729627
leaf_weight=1204 40 343 45 67 7248 109 40 255 83 594 59 58 50 308 86 3799 314 60 77 48 499 587 5220 15756 1940 429 72 814 42 296
leaf_count=1204 40 343 45 67 7248 109 40 255 83 594 59 58 50 308 86 3799 314 60 77 48 499 587 5220 15756 1940 429 72 814 42 296
internal_value=0.00109274 -0.0829599 -0.0280582 -0.249734 0.00468101 0.0514327 0.035629 0.0403051 0.239354 0.0269721 -0.0695687 0.0536862 -0.0228406 -0.171428 0.120793 0.0424536 -0.00299187 -0.000994902 0.161671 -0.184752 0.103911 -0.00419247 -0.0145578 -0.0100413 0.0208492 0.0585635 0.30222 -0.0603041 -0.217497 0.0363823
internal_weight=40542 1659 1249 410 38883 5481 5441 5401 338 5063 1097 3966 1038 444 136 3908 33402 33040 636 362 576 32404 25156 24569 8813 6017 501 2796 856 5516
internal_count=40542 1659 1249 410 38883 5481 5441 5401 338 5063 1097 3966 1038 444 136 3908 33402 33040 636 362 576 32404 25156 24569 8813 6017 501 2796 856 5516
is_linear=0
shrinkage=0.03


Tree=267
num_leaves=31
num_cat=0
split_feature=40 7 3 25 5 32 25 13 28 7 10 28 10 37 30 16 24 23 4 32 8 25 6 4 11 38 23 25 26 4
split_gain=14309.1 19203 25143.8 29602.7 19020.1 112403 14582.3 21073.9 19437.2 19161.5 18082.3 16747.5 16471.5 15919.1 14308.8 14466.3 13485.3 15347.7 19031.8 13299.8 15040.6 13392 13272.8 11956 11822.7 11655.3 12895.8 12305 11612.7 11425.2
threshold=2.5099999999999949 4.1927083333333348 1.0000000180025095e-35 16.261927083333337 71712.500000000015 264.94500000000005 203.92625000000001 136.92000000000004 26142.937500000004 8.0260416666666696 104.04500000000002 30393.937500000004 286.74500000000006 -24.614999999999991 85.25500000000001 5205.1783118534104 644.96000000000015 1.5000000000000002 240.50000000000003 117.66500000000001 594.66875000000016 406.63729166666673 9.7345814977973593 176.50000000000003 -7.7899999999999991 232.15500000000006 6.5000000000000009 220.7491666666667 41054.397500000006 84.500000000000014
decision_type=8 2 2 8 2 10 8 10 10 2 8 10 10 10 8 10 10 2 2 10 2 8 2 2 8 10 2 10 10 2
left_child=4 -2 14 -4 6 -6 7 29 -9 10 -8 -11 22 -12 24 -16 17 -15 19 21 -21 -19 -10 -24 -3 26 -20 -28 -13 -1
right_child=1 2 3 -5 5 -7 9 8 12 11 13 28 -14 16 15 -17 -18 18 25 20 -22 -23 23 -25 -26 -27 27 -29 -30 -31
leaf_value=-0.029272937098316552 0.03295141167447329 0.52049591203068568 -1.1201631248524275 -0.21155470167215054 0.065758829592365314 1.5636653499780817 -0.57138624208623712 -0.46340985542119933 0.29531648247156822 -0.60201339935769838 0.46132051643729211 0.16639685594118558 0.63168113929459024 0.01640571837416669 -0.073245742477991704 -0.37756599459567503 0.42834103997264589 0.52169116017719108 -0.40826843326263884 -0.025778568449900879 -0.53085790151357648 -0.15447139578206198 0.12803595264469392 -0.24938226422583684 0.014314710589878769 -0.71554195821285238 -0.44151607111336721 0.047628623587499197 -0.27908924417353115 0.016110248866378962
leaf_weight=6568 2389 42 40 155 1111 46 54 42 314 97 59 77 69 1637 3846 145 55 71 186 460 59 41 308 99 1216 47 61 182 162 20802
leaf_count=6568 2389 42 40 155 1111 46 54 42 314 97 59 77 69 1637 3846 145 55 71 186 460 59 41 308 99 1216 47 61 182 162 20802
internal_value=-0.00153999 -0.0379466 -0.0690593 -0.4027 0.00720668 0.126611 0.00281007 0.00974323 0.158392 -0.0573742 -0.0325777 -0.271543 0.191994 -0.022201 -0.0565902 -0.084394 -0.0325543 -0.041945 -0.128169 -0.0200339 -0.0841065 0.274991 0.149099 0.0358453 0.0316142 -0.271174 -0.22094 -0.076467 -0.135469 0.00521894
internal_weight=40440 7833 5444 195 32607 1157 31450 28202 832 3248 2912 336 790 2858 5249 3991 2799 2744 1107 631 519 112 721 407 1258 476 429 243 239 27370
internal_count=40440 7833 5444 195 32607 1157 31450 28202 832 3248 2912 336 790 2858 5249 3991 2799 2744 1107 631 519 112 721 407 1258 476 429 243 239 27370
is_linear=0
shrinkage=0.03


Tree=268
num_leaves=31
num_cat=0
split_feature=40 6 7 4 25 27 36 25 14 6 39 15 9 28 25 28 33 1 28 16 4 25 4 25 4 6 27 35 15 25
split_gain=14000.1 61695.5 14059.4 15435.6 15327.3 18098.9 21567.9 17996.6 16685.6 14504.3 13610.5 13492.8 12644.2 12136.6 17359.5 12707.4 24957.8 24480.4 13615.2 15663.2 14110.7 12001.9 11373.9 18299.5 19730.8 17384.9 24356.6 20571.9 16057.9 15464.2
threshold=-36.636249999999983 0.684581497797357 4.8281250000000018 349.50000000000006 443.54708333333343 26340.312500000004 3.7000000000000091 417.90270833333335 596.0150000000001 33.836563876651994 -16.480000000000004 406.63729166666673 570.0150000000001 37723.407968750013 2.5441666666666669 38401.22187500001 160.35500000000005 3.5000000000000004 39105.250000000007 86.237536323705328 267.50000000000006 311.9752083333334 162.50000000000003 87.964322916666674 60.500000000000007 8.1114537444933941 38178.666666666672 -20.613750000000007 36.013958333333342 33.475000000000009
decision_type=8 2 2 2 10 10 10 10 10 2 10 10 10 8 8 8 10 2 8 8 2 10 2 10 2 2 10 10 10 10
left_child=1 -1 9 4 7 8 -7 -4 -6 13 22 21 -10 -2 -15 16 -16 -18 19 -17 -21 -12 23 24 -3 26 -26 -28 -25 -24
right_child=2 10 3 -5 5 6 -8 -9 12 -11 11 -13 -14 14 15 18 17 -19 -20 20 -22 -23 29 28 25 -27 27 -29 -30 -31
leaf_value=1.081920287722349 0.047191037737862596 -0.16896651246209182 -0.019698889863094773 -0.16589870219497369 -0.54658234783581328 -0.15220318018198012 -1.0823255955321447 0.53397075567605357 0.24465797847250231 0.37548494243260583 -0.18559771523452723 0.17962435060617873 -0.2379036900190746 -0.55428931299245576 -0.033650043399563144 0.69134294783164341 -0.14357182852025416 -0.92796200899850756 -0.011640348736264107 0.042361966975085937 0.48840753761042532 -0.81470614646756367 0.17422355302636805 0.65800637007407514 0.69893523488142717 -0.020506390568967789 -0.12569319490918376 0.54450504020640722 0.084480882243846797 0.036281732461917918
leaf_weight=49 4979 757 17221 696 55 49 41 52 114 98 77 48 84 52 478 41 84 62 6111 565 71 42 920 45 72 2801 148 56 997 3558
leaf_count=49 4979 757 17221 696 55 49 41 52 114 98 77 48 84 52 478 41 84 62 6111 565 71 42 920 45 72 2801 148 56 997 3558
internal_value=-0.000839622 0.0308589 -0.0106726 -0.0274312 -0.0219513 -0.22024 -0.583163 -0.0180013 -0.0893494 0.0137981 0.0253366 -0.242306 0.0397681 0.0109196 -0.013279 -0.00940925 -0.138854 -0.480716 0.00250888 0.130057 0.0928449 -0.412575 0.0301403 -0.00156337 -0.0318656 0.00190769 0.228631 0.0600415 0.109856 0.0646543
internal_weight=40423 9570 30853 18312 17616 343 90 17273 253 12541 9521 167 198 12443 7464 7412 624 146 6788 677 636 119 9354 4876 3834 3077 276 204 1042 4478
internal_count=40423 9570 30853 18312 17616 343 90 17273 253 12541 9521 167 198 12443 7464 7412 624 146 6788 677 636 119 9354 4876 3834 3077 276 204 1042 4478
is_linear=0
shrinkage=0.03


Tree=269
num_leaves=31
num_cat=0
split_feature=32 6 28 14 4 27 14 10 8 4 6 1 30 27 7 14 27 4 8 11 28 12 8 15 0 28 1 15 31 6
split_gain=13035.9 202095 32762.9 17153.2 15720 11749.5 14192.4 16776.3 10619.5 19974.9 11508.6 19645.9 13823.4 12271.2 13408.2 14328.1 22720 23234.2 15151.4 13274.3 12953 14997.8 11301.5 23675.7 20970.5 13001.2 23094 29271.1 16333.7 17101.1
threshold=264.94500000000005 0.92709251101321588 41111.524843750005 446.67500000000001 98.500000000000014 43159.333333333336 596.0150000000001 343.51500000000004 771.49375000000009 126.50000000000001 23.944052863436131 1.0000000180025095e-35 -0.074999999999999997 39608.563385416674 4.3975694444444455 218.24000000000004 32803.770833333343 222.50000000000003 408.13750000000005 465.51500000000004 37218.125000000007 93.84427083333334 228.15625000000003 552.14062500000011 11.500000000000002 27979.812500000004 1.0000000180025095e-35 207.47975543478262 153.84625000000003 19.070264317180627
decision_type=10 2 10 10 2 10 10 10 2 2 2 2 10 10 2 10 10 2 2 10 10 10 2 10 2 8 2 10 10 2
left_child=8 -2 3 4 -3 6 7 -4 10 -10 22 12 -12 14 20 -16 17 19 -19 -17 -13 -22 25 24 -24 26 27 -1 -29 -30
right_child=1 2 5 -5 -6 -7 -8 -9 9 -11 11 13 -14 -15 15 16 -18 18 -20 -21 21 -23 23 -25 -26 -27 -28 28 29 -31
leaf_value=0.18169642304038178 2.0717867045303184 0.079692860518449107 0.13517514634641334 -0.73607738644141574 -0.49380443327767509 -0.10539932988109912 -0.24456603601921434 0.64152530101292271 -0.70740801696874656 -0.076437597661087126 -0.17889999945958454 0.16125349074036682 0.30075546022428923 0.14354890834202602 -0.012222633744887646 -0.16776094688619134 -0.68589642926864314 0.61297460128279291 -0.11638307291727799 -0.7909627876909715 0.088935963830787362 -0.26293753247175894 -0.11849339039313705 -0.70125462651252746 -0.0065438557353069606 -0.00289413740789624 0.12861631276529531 -0.83532294024591858 -0.030123171768075708 -0.61471227902632497
leaf_weight=173 44 111 141 57 69 109 42 101 48 581 62 587 393 595 825 118 79 50 51 41 271 181 1972 47 6362 25577 1595 45 147 64
leaf_count=173 44 111 141 57 69 109 42 101 48 581 62 587 393 595 825 118 79 50 51 41 271 181 1972 47 6362 25577 1595 45 147 64
internal_value=-0.00122855 0.129507 -0.00921238 -0.287114 -0.141661 0.158681 0.26005 0.348273 -0.00344215 -0.125634 -0.00148006 0.0525486 0.235147 0.0227818 -0.00988603 -0.0797784 -0.243664 -0.107181 0.247155 -0.3324 0.0684163 -0.0522385 -0.00636592 -0.036875 -0.0330445 0.00289911 0.0760728 -0.119126 -0.322332 -0.209502
internal_weight=40538 674 630 237 180 393 284 242 39864 629 39235 3253 455 2798 2203 1164 339 260 101 159 1039 452 35982 8381 8334 27601 2024 429 256 211
internal_count=40538 674 630 237 180 393 284 242 39864 629 39235 3253 455 2798 2203 1164 339 260 101 159 1039 452 35982 8381 8334 27601 2024 429 256 211
is_linear=0
shrinkage=0.03


Tree=270
num_leaves=31
num_cat=0
split_feature=1 32 0 24 0 14 28 24 27 30 15 14 40 4 12 8 4 14 32 27 12 39 1 25 14 34 10 1 13 12
split_gain=16738.9 136801 52362.5 47431.7 28587.7 20518.9 20506.9 30986.1 30614.3 21710.7 33936.4 36723.6 27616.4 20758.8 24554.8 19635.4 19345.3 21059.6 18154.8 17150.6 17042.3 26402.1 26201.5 22367 26045 24265.6 21742.6 18222.4 21823.7 19663.1
threshold=1.0000000180025095e-35 264.94500000000005 4.5000000000000009 211.73500000000004 20.500000000000004 41.100000000000009 23250.062500000004 395.76500000000004 26467.625000000004 156.34000000000003 142.67291666666668 196.57500000000002 -45.169999999999987 311.50000000000006 131.39895833333335 519.89375000000007 245.50000000000003 218.24000000000004 -1.0000000180025095e-35 36990.241718750003 87.368645833333332 -17.345000000000002 5.5000000000000009 83.386458333333351 165.07875000000004 155.28000000000003 570.0150000000001 1.5000000000000002 29.535000000000004 383.62437500000004
decision_type=2 10 2 10 2 10 10 10 10 10 10 10 10 2 10 2 2 10 10 10 10 10 2 10 10 10 10 2 10 10
left_child=1 2 3 -1 5 -4 -7 8 -8 10 11 18 -12 14 -11 20 -17 -18 -10 -14 23 26 -23 24 -2 -25 27 28 -22 -30
right_child=15 -3 4 -5 -6 6 7 -9 9 13 12 -13 19 -15 -16 16 17 -19 -20 -21 21 22 -24 25 -26 -27 -28 -29 29 -31
leaf_value=-0.080103313943552801 -0.011039603054501673 1.3610459747175934 -0.26816562884899436 -0.73143410105157547 -0.09556833372809774 0.75711410001568169 0.57970785964335958 -0.37659488531202073 -0.088081532658090891 0.77419100260734552 0.2869852138708035 0.80319367193839919 -0.52896758262927712 0.70230550002704539 0.021175312832772228 -0.047897762553857838 -0.10970034911450882 -0.63205995401521342 0.14264184702668142 -0.066581595394596016 0.58794934595717441 -0.030662605061977752 0.12460417635788403 -0.099992423232918126 0.35832541570966614 -0.60987791770696631 -0.53777505229104239 0.051288588486012872 0.10798688607630574 0.66246460596313239
leaf_weight=1081 13669 70 121 110 685 45 133 109 354 49 89 70 155 102 177 3359 193 108 2279 135 106 7279 1129 1275 173 89 52 6187 1040 60
leaf_count=1081 13669 70 121 110 685 45 133 109 354 49 89 70 155 102 177 3359 193 108 2279 135 106 7279 1129 1275 173 89 52 6187 1040 60
internal_value=0.0049813 0.0523212 0.0359961 -0.140823 0.0827839 0.114799 0.127403 0.119438 0.1348 0.117283 0.0925189 0.129801 -0.173014 0.348985 0.187131 -0.00287929 -0.0685913 -0.298597 0.1116 -0.314687 0.00486619 0.0266296 -0.00980153 -0.0178235 -0.00639766 -0.133685 0.0677689 0.0721002 0.178737 0.138805
internal_weight=40483 5764 5694 1191 4503 3818 3697 3652 3543 3410 3082 2703 379 328 226 34719 3660 301 2633 290 31059 15853 8408 15206 13842 1364 7445 7393 1206 1100
internal_count=40483 5764 5694 1191 4503 3818 3697 3652 3543 3410 3082 2703 379 328 226 34719 3660 301 2633 290 31059 15853 8408 15206 13842 1364 7445 7393 1206 1100
is_linear=0
shrinkage=0.03


Tree=271
num_leaves=31
num_cat=0
split_feature=1 6 7 8 25 32 8 34 15 5 4 39 40 15 39 29 13 24 34 27 27 30 40 25 14 4 38 36 22 7
split_gain=14838.4 133054 197326 45364.8 39835 19289.4 16010.3 19636.2 21131.7 18338.9 16605.9 15624.8 13495.9 16262.9 28299.6 16444.4 13278.3 16292.7 22585.3 16183.8 14810.4 20373.1 18996.4 15401.7 21489.5 14178.4 12702.8 12530.7 17185.8 13794.4
threshold=1.0000000180025095e-35 0.39295154185022024 4.9670138888888902 0.11250000000000002 261.19083333333339 -0.0087499999999999991 519.89375000000007 -22.649999999999995 77.63375000000002 41155.625000000007 245.50000000000003 -133.15499999999997 -53.836249999999986 406.63729166666673 -88.064999999999984 257.12000000000006 258.71000000000009 395.76500000000004 335.41000000000003 26467.625000000004 32541.900104166667 158.13000000000002 -3.7799999999999971 101.63750000000002 129.45500000000001 337.50000000000006 60.880000000000017 1.2200000000000097 1.0000000180025095e-35 6.9913194444444464
decision_type=2 2 2 2 10 10 2 10 10 2 2 10 8 10 10 10 10 10 10 10 10 10 10 8 10 2 10 10 2 2
left_child=1 2 -1 4 -3 -5 12 -8 -9 -10 -11 -6 13 15 -15 -2 17 19 -19 -7 26 23 -23 24 -22 -25 -21 29 -29 -14
right_child=6 3 -4 5 11 16 7 8 9 10 -12 -13 27 14 -16 -17 -18 18 -20 20 21 22 -24 25 -26 -27 -28 28 -30 -31
leaf_value=-0.026506693457302291 0.044233744648823119 -0.036332357106708187 2.6932698723673818 -0.095509683475767188 0.070311787099373052 0.49460793542945491 -0.61641911609419464 0.01215411942496001 -0.4479329892583922 -0.070859853586876423 -0.3862115575097102 -0.58490336881019178 -0.0086419462880358063 1.0080604290962218 -0.097752429246902459 -0.39785432916376495 0.66091270661935575 -0.48472748128885634 0.32904800677870177 -0.099491912789737111 0.13408088108876184 0.82042764028172799 0.16698257985813864 0.030732915419179465 0.50717671400652475 -0.53825031630868125 0.36903052324056623 0.039224048507425724 -0.2754156607958656 -0.068866122737132385
leaf_weight=56 4601 2206 41 409 40 106 57 1806 152 1434 167 175 16472 41 41 76 40 88 46 394 1288 75 86 472 155 42 59 5291 160 4320
leaf_count=56 4601 2206 41 409 40 106 57 1806 152 1434 167 175 16472 41 41 76 40 88 46 394 1288 75 86 472 155 42 59 5291 160 4320
internal_value=-0.00165398 0.0428467 1.13884 0.023936 -0.0744202 0.0969795 -0.00908249 -0.0688114 -0.0598704 -0.134037 -0.103975 -0.463242 -0.00211385 0.0443617 0.460638 0.0369664 0.124618 0.116754 -0.205004 0.13293 0.117832 0.151119 0.474568 0.124281 0.17448 -0.0167147 -0.0377918 -0.0105433 0.0299398 -0.0211576
internal_weight=40396 5778 97 5681 2421 3260 34618 3616 3559 1753 1601 215 31002 4759 82 4677 2851 2811 134 2677 2571 2118 161 1957 1443 514 453 26243 5451 20792
internal_count=40396 5778 97 5681 2421 3260 34618 3616 3559 1753 1601 215 31002 4759 82 4677 2851 2811 134 2677 2571 2118 161 1957 1443 514 453 26243 5451 20792
is_linear=0
shrinkage=0.03


Tree=272
num_leaves=31
num_cat=0
split_feature=5 24 7 39 40 6 4 39 28 40 33 15 28 40 15 6 33 5 24 7 8 13 4 38 14 6 26 4 12 4
split_gain=14216.9 17798 11897.5 16852.2 11769.3 155301 15244 12045.9 12018.5 18401.1 22214.4 16505.5 18988.9 20456.2 17929.2 19370.9 17725.6 17799.7 16273.1 14839.1 14457.8 13766 12280 11368.6 12897.9 10803.9 13894.6 12089.8 21885.7 17315.4
threshold=36000.812500000007 410.02500000000003 6.9010416666666687 -26.078749999999996 -32.724999999999994 0.684581497797357 348.50000000000006 -16.480000000000004 26366.375000000004 57.040000000000056 495.0800000000001 477.00062500000007 22538.562500000004 10.019999999999991 513.26479166666684 24.300881057268729 650.50000000000011 53003.125000000007 379.87500000000006 4.1302083333333348 67.006250000000009 268.29500000000007 235.50000000000003 232.15500000000006 179.53500000000003 4.1204845814977986 46546.561250000006 84.500000000000014 88.058072916666674 86.500000000000014
decision_type=2 10 2 10 8 2 2 10 8 10 10 8 10 8 10 2 10 2 10 2 2 10 2 10 10 2 10 2 10 2
left_child=1 2 -1 -4 5 -2 8 25 11 10 18 16 13 -13 -14 19 17 -6 -10 -16 -11 -20 -21 24 -9 26 -7 28 -27 -29
right_child=4 -3 3 -5 6 7 -8 23 9 20 -12 12 14 -15 15 -17 -18 -19 21 22 -22 -23 -24 -25 -26 27 -28 29 -30 -31
leaf_value=-0.035157793282161828 1.5676691935325071 -0.66416300662539218 -0.09692976145299545 -0.62347077950835228 0.13535741479028293 0.48567215263843538 -0.11214350483132446 0.14733864004528802 -0.002557338620926997 -0.69768015791103244 0.53398151198159094 0.75540656455727517 -0.69726879038981027 -0.17212179597034011 -0.76484895473573267 0.34530799012631175 -0.43604663712547181 0.7652432457038334 -0.47485738677180506 0.29105125745137533 -0.09520726226577228 -0.039775233051429187 -0.3393065444594377 0.24496594786643983 -0.45444434760854791 -0.10026310671919955 0.043913132110273978 0.52298380077774842 0.10187205041303019 0.038306545816562766
leaf_weight=2475 58 43 197 75 1088 104 1149 42 24872 59 68 42 55 42 40 63 46 41 120 44 90 143 72 41 129 1543 165 66 700 6808
leaf_count=2475 58 43 197 75 1088 104 1149 42 24872 59 68 42 55 42 40 63 46 41 120 44 90 143 72 41 129 1543 165 66 700 6808
internal_value=-0.000181227 -0.0655141 -0.0559049 -0.243868 0.00465664 0.0332193 -0.0051823 0.0237844 -0.000607035 -0.00554073 -0.00356885 0.0809343 -0.0972061 0.295073 -0.218103 -0.0951417 0.135247 0.158889 -0.00504432 -0.274082 -0.336831 -0.239339 -0.0997613 -0.199313 -0.306641 0.0288442 0.215871 0.0233028 -0.0371631 0.0430355
internal_weight=40480 2790 2747 272 37690 9656 28034 9598 26885 25352 25203 1533 358 84 274 219 1175 1129 25135 156 149 263 116 212 171 9386 269 9117 2243 6874
internal_count=40480 2790 2747 272 37690 9656 28034 9598 26885 25352 25203 1533 358 84 274 219 1175 1129 25135 156 149 263 116 212 171 9386 269 9117 2243 6874
is_linear=0
shrinkage=0.03


Tree=273
num_leaves=31
num_cat=0
split_feature=5 26 15 5 13 23 32 5 2 40 12 25 5 25 27 41 27 14 25 5 40 13 2 5 25 16 23 30 12 27
split_gain=16789.7 19452.9 17010.4 16659.8 16282.9 14829.6 43347.4 303837 18298 17483.9 17091.1 32345.2 22005.5 16680.1 15606.7 15600.6 16026 21069.9 21950.6 24557.8 18848 17308.6 17870.5 36393.7 16547.9 16135.3 16760.4 17336.3 16046.1 15507.8
threshold=40906.250000000007 41054.397500000006 513.26479166666684 36934.500000000007 345.17000000000002 1.5000000000000002 264.94500000000005 67364.250000000015 5.5000000000000009 34.675000000000004 417.90270833333335 311.9752083333334 60356.250000000007 282.46229166666677 27569.895833333339 21381.752048394348 39059.104166666679 38.355000000000011 182.91250000000005 53156.250000000007 -9.8099999999999934 56.970000000000006 9.5000000000000018 51081.250000000007 40.963854166666671 245.20580685197194 2.5000000000000004 79.83250000000001 31.561510416666668 28789.270833333336
decision_type=2 8 10 2 10 2 10 2 2 10 10 10 2 10 10 10 8 10 10 2 10 10 2 2 8 10 2 10 8 10
left_child=1 2 4 -4 -1 8 10 13 9 14 11 15 -13 -8 -2 16 17 -7 19 25 -21 -20 -23 -24 -18 -19 -27 -28 -26 -10
right_child=5 -3 3 -5 -6 6 7 -9 29 -11 -12 12 -14 -15 -16 -17 24 18 21 20 -22 22 23 -25 28 26 27 -29 -30 -31
leaf_value=-0.056968477480647123 -0.34248076815158129 0.07385421705496889 -0.88022673019969999 -0.1121823220051104 0.25994636536019561 -0.28037485390863548 0.13930296426310257 2.7860138323248886 0.12099376162817384 -0.55303829535084248 0.37350683364518517 -0.097917713964214698 -0.59190051881082606 -0.44498625119832846 -0.02971234214856729 0.5667194440535136 0.092063610809620888 0.1363758496162821 0.38518218595590165 0.66847454676809515 0.19495658847157207 -0.0041219176136422907 -0.77767902323976157 0.0088657875443581766 -0.20594276057928801 0.53545579237096452 0.067232021449462456 -0.16743691250011325 -0.0076374860932351702 0.0069222671876410947
leaf_weight=7098 145 1209 43 61 148 146 135 40 1215 58 126 272 115 64 8722 48 1450 2277 66 114 225 399 95 118 394 50 764 449 5226 9097
leaf_count=7098 145 1209 43 61 148 146 135 40 1215 58 126 272 115 64 8722 48 1450 2277 66 114 225 399 95 118 394 50 764 449 5226 9097
internal_value=-0.00032211 -0.0376179 -0.0559614 -0.435098 -0.0504605 0.00971379 0.0350493 0.434365 -0.00684609 -0.038294 0.0272771 0.0236733 -0.245856 -0.0498945 -0.034865 0.0325173 0.0302913 0.0732003 0.0845874 0.112112 0.35569 -0.0728184 -0.122758 -0.343935 0.00174173 0.088692 0.00268523 -0.0196986 -0.0215742 0.020373
internal_weight=40369 8559 7350 104 7246 31810 12573 239 19237 8925 12334 12208 387 199 8867 11821 11773 4703 4557 3879 339 678 612 213 7070 3540 1263 1213 5620 10312
internal_count=40369 8559 7350 104 7246 31810 12573 239 19237 8925 12334 12208 387 199 8867 11821 11773 4703 4557 3879 339 678 612 213 7070 3540 1263 1213 5620 10312
is_linear=0
shrinkage=0.03


Tree=274
num_leaves=31
num_cat=0
split_feature=28 5 25 12 17 41 37 4 14 4 25 38 5 17 26 1 12 14 34 39 5 4 7 35 5 24 5 0 4 8
split_gain=12377.7 207427 15775.4 25353.1 18855.6 20295.2 33742.2 17191.2 16600.8 22023.2 19349.6 15705 17208.1 15887.3 15067.4 16631.4 47999 16175 15940.4 14742.3 13411.2 13091.8 12311.7 13637 13257.4 12307 14193.8 18914.2 17389.6 14228.8
threshold=32499.125000000004 63889.937500000007 46.534583333333345 25.359479166666667 16461.334470000005 -16720.718883425146 0.93999999999999873 64.500000000000014 68.13000000000001 203.50000000000003 18.972500000000004 67.370000000000019 79606.250000000015 1791.2960900000005 41917.500000000007 1.0000000180025095e-35 24.694791666666671 175.09000000000003 62.380000000000003 -50.659999999999975 40600.562500000007 108.50000000000001 4.3559027777777795 -70.896249999999995 54962.937500000007 182.49000000000004 45804.250000000007 17.500000000000004 166.50000000000003 55.631250000000009
decision_type=8 2 8 8 8 10 10 2 10 2 10 10 2 8 10 2 10 10 10 10 2 2 2 8 2 10 2 2 2 2
left_child=1 22 4 -4 5 6 21 -7 -6 -10 -11 12 -5 -14 15 16 -9 18 -16 -17 -13 -2 24 -24 25 -1 -27 29 -29 -28
right_child=2 -3 3 11 8 7 -8 14 9 10 -12 20 13 -15 17 19 -18 -19 -20 -21 -22 -23 23 -25 -26 26 27 28 -30 -31
leaf_value=0.16745679454819765 -0.26694862840991274 2.1639896277683537 -0.20838989113197673 -0.0096640633142379799 -0.01065534025837139 -0.1677138200766301 -0.99815481019865071 -0.04561809019236774 0.29615538959737853 -0.41202337424084545 0.12815221215261421 -0.62039897339684624 0.77572956675436433 0.13329433611573804 -0.24060988489602661 0.021812190521986349 0.63158861442779501 -0.34977637432698833 0.18114671408592317 -0.12115438766949044 -0.079174536582021435 0.045192044343539448 0.51865917654832205 -0.0059871005953619277 0.57622521079316436 -0.12167527437893623 0.5174110603332519 -0.036359375744331172 0.74895066510076114 -0.02485357926060703
leaf_weight=767 227 40 620 22554 526 394 40 272 663 79 234 41 40 228 86 2778 143 60 1129 846 2256 257 44 4880 48 435 47 40 68 469
leaf_count=767 227 40 620 22554 526 394 40 272 663 79 234 41 40 228 86 2778 143 60 1129 846 2256 257 44 4880 48 435 47 40 68 469
internal_value=-0.000225864 0.0365511 -0.00773968 -0.019029 0.0298293 0.00682555 -0.171674 0.0232392 0.125207 0.198363 -0.00906401 -0.014347 -0.0068196 0.231707 0.0374261 0.009033 0.18869 0.127293 0.151121 -0.0115867 -0.0891008 -0.101453 0.0237166 -0.00119459 0.0891375 0.0760251 0.00970848 0.101346 0.46043 0.025444
internal_weight=40311 6838 33473 25739 7734 6232 524 5708 1502 976 313 25119 22822 268 5314 4039 415 1275 1215 3624 2297 484 6798 4924 1874 1826 1059 624 108 516
internal_count=40311 6838 33473 25739 7734 6232 524 5708 1502 976 313 25119 22822 268 5314 4039 415 1275 1215 3624 2297 484 6798 4924 1874 1826 1059 624 108 516
is_linear=0
shrinkage=0.03


Tree=275
num_leaves=31
num_cat=0
split_feature=6 17 15 1 30 6 28 18 15 35 28 6 6 34 29 4 7 4 5 28 30 39 5 4 1 27 25 14 14 27
split_gain=10404.8 12860.1 10106.9 17816.1 13718.2 10604.2 19212.2 18155.9 17983.5 14317.5 14755.3 21749.1 32126.4 17408.3 15890 15513.2 13596.8 15190.3 12365.6 13403.4 13384.3 13117.7 19275.3 24871.3 18473.9 14493.6 15498.7 12317.1 12185.5 12129.3
threshold=33.836563876651994 7567.3692400000009 -1.0000000180025095e-35 5.5000000000000009 79.321250000000006 9.6625550660792978 28772.464218750003 1.0000000180025095e-35 36.776875000000011 182.39000000000004 44650.511250000003 -0.55132158590308367 1.0000000180025095e-35 335.41000000000003 257.12000000000006 361.50000000000006 6.5052083333333348 122.50000000000001 74725.000000000015 41684.687500000007 313.94500000000005 -11.318749999999993 62056.250000000007 50.500000000000007 5.5000000000000009 30324.104166666672 240.90395833333335 232.05000000000004 353.65125000000006 47378.375000000007
decision_type=2 10 8 2 10 2 8 2 8 10 10 2 2 10 8 2 2 2 2 10 10 8 2 2 2 8 10 10 10 10
left_child=2 -2 3 -1 -5 6 7 -4 29 10 11 13 -13 -10 -12 18 17 -7 21 20 -20 22 23 -14 25 26 -23 -24 -26 -8
right_child=1 -3 5 4 -6 16 8 -9 9 -11 14 12 15 -15 -16 -17 -18 -19 19 -21 -22 24 27 -25 28 -27 -28 -29 -30 -31
leaf_value=-0.037494281398398534 0.69384297034570142 0.08236764775216579 0.54470183329656718 0.94159491331475531 0.15601520917128497 -0.058655606086046461 0.20375293800053837 -0.07677307573909109 0.0090577635714193666 -0.3263678155431281 -0.019253383995396403 0.85548753769560282 -0.19875199915137048 -0.86022846165784572 -0.35527665365200778 -0.53272551315171379 -0.045124170520063699 0.013470606238398217 0.95338841766845883 0.093395498405192415 0.17662136357005048 0.090159946503964333 0.16262681898742787 0.084180269912814382 0.12155605734024912 -0.019156450303642141 -0.62411916640964715 0.49377608123213745 0.61234029673867751 -0.0059931015127897263
leaf_weight=104 41 119 119 40 40 3113 736 65 40 114 4934 43 327 42 129 41 7518 16837 40 152 40 43 477 1896 296 2486 73 128 53 374
leaf_count=104 41 119 119 40 40 3113 736 65 40 114 4934 43 327 42 129 41 7518 16837 40 152 40 43 477 1896 296 2486 73 128 53 374
internal_value=0.0017043 0.242395 0.000742714 0.221974 0.55558 -0.000277513 0.0224517 0.325931 0.0179458 0.00667331 0.0100799 0.041196 0.0477572 -0.441186 -0.0278834 0.0418778 -0.0107439 0.00221365 0.045885 0.260171 0.57198 0.0372389 0.0833977 0.0424907 -0.00700926 -0.0345217 -0.360836 0.233387 0.197624 0.13314
internal_weight=40460 160 40300 184 80 40116 12648 184 12464 11354 11240 6177 6095 82 5063 6052 27468 19950 6011 232 80 5779 2828 2223 2951 2602 116 605 349 1110
internal_count=40460 160 40300 184 80 40116 12648 184 12464 11354 11240 6177 6095 82 5063 6052 27468 19950 6011 232 80 5779 2828 2223 2951 2602 116 605 349 1110
is_linear=0
shrinkage=0.03


Tree=276
num_leaves=31
num_cat=0
split_feature=7 32 6 25 39 4 35 5 13 7 13 5 24 12 12 4 27 4 41 16 35 17 0 34 25 12 39 4 11 25
split_gain=13275.8 11485.7 111501 21671 11800.8 11365.7 12937.9 11423.2 10993.1 17879.5 13185.3 9752.17 15162.9 18334.5 9619.81 9552.63 18348.3 14365.7 12459.5 11612.4 10624.4 10075.7 20650.6 21376.7 13542.6 16007.9 21357.6 18700.8 15108.6 14838.8
threshold=11.411458333333337 228.62500000000003 0.39295154185022024 282.46229166666677 -70.938749999999985 326.50000000000006 -9.9599999999999991 69056.250000000015 225.04500000000004 5.6857638888888902 66.905000000000015 34554.750000000007 91.72375000000001 89.364791666666676 37.47291666666667 348.50000000000006 53164.391718750012 351.50000000000006 -790.94980158990427 2398.0259028533396 40.72500000000003 325.70775500000008 13.500000000000002 207.64500000000001 46.534583333333345 40.351041666666674 -40.246249999999996 34.500000000000007 58.318750000000009 9.5979687500000015
decision_type=2 10 2 10 10 2 10 2 10 2 10 2 10 10 10 2 10 2 10 8 10 10 2 10 8 10 10 2 10 10
left_child=1 11 -3 4 -4 6 -6 -7 10 -10 -8 12 -1 -14 -2 21 17 18 -17 -19 -21 24 -23 -24 25 -13 -27 -28 -26 -29
right_child=14 2 3 -5 5 7 8 -9 9 -11 -12 15 13 -15 -16 16 -18 19 -20 20 -22 22 23 -25 28 26 27 29 -30 -31
leaf_value=-0.019093471248608752 0.08898049879627129 1.4469261692005853 0.58650872254371644 -0.12220939811902508 -0.24313844159614939 0.11557382888653699 0.46192343232887129 0.59231813897957664 0.86502172011791212 0.030110004279348582 0.0063899379767643977 0.01214988500643111 -0.73211580866814718 -0.14865395789477609 -0.25528117378577592 -0.17114818235238391 0.17531803236981947 0.13238654197383748 -0.66643910417818042 -0.098441659841058848 -0.57368320115407301 -0.075821602798163565 0.028952634244313134 -0.56636706128987402 -0.047705843029139758 0.30116309685915377 0.43715409209394623 0.41903632678636688 0.016655772586993915 -0.00016581990315979553
leaf_weight=1282 96 51 44 529 120 118 62 73 40 53 620 2177 55 368 299 125 222 195 72 735 44 3689 4185 54 3941 493 111 81 19622 1038
leaf_count=1282 96 51 44 529 120 118 62 73 40 53 620 2177 55 368 299 125 222 195 72 735 44 3689 4185 54 3941 493 111 81 19622 1038
internal_value=0.00125328 0.00295598 0.0790113 0.0361133 0.110273 0.0904565 0.0454703 0.299921 0.0904139 0.394594 0.0484178 -0.000424993 -0.0705444 -0.226066 -0.171599 0.00282699 -0.0742036 -0.121618 -0.35462 -0.0741754 -0.125986 0.00586095 -0.0239294 0.0212372 0.0144614 0.0662361 0.134527 0.0675467 0.00588948 0.0305256
internal_weight=40594 40199 1710 1659 1130 1086 895 191 775 93 682 38489 1705 423 395 36784 1393 1171 197 974 779 35391 7928 4239 27463 3900 1723 1230 23563 1119
internal_count=40594 40199 1710 1659 1130 1086 895 191 775 93 682 38489 1705 423 395 36784 1393 1171 197 974 779 35391 7928 4239 27463 3900 1723 1230 23563 1119
is_linear=0
shrinkage=0.03


Tree=277
num_leaves=31
num_cat=0
split_feature=40 6 39 6 26 6 16 6 10 5 28 15 27 27 25 14 25 6 2 28 13 2 28 15 25 28 32 8 1 32
split_gain=14000.9 225246 13772.6 13925.1 14150.3 13611.6 15168.5 14091.5 13126.2 12592 21458.7 20946.8 20895.1 24633.1 15075.4 42032.8 36654.3 18780.5 26385.7 24276.8 23161.7 18265 16422.7 15932.7 15414.8 16911.6 14948.8 16601.2 13628.5 15374
threshold=-31.529999999999994 0.39295154185022024 -14.184999999999993 4.5588105726872259 46546.561250000006 26.986563876651989 3394.0199921225399 19.861013215859035 45.863750000000003 39500.687500000007 26366.375000000004 513.26479166666684 26213.354166666668 27049.395833333336 190.57583333333335 286.06000000000006 174.64854166666666 11.899339207048461 8.5000000000000018 27762.000000000004 190.41000000000005 11.500000000000002 28772.464218750003 228.61104166666669 27.131875000000004 42074.562500000007 -0.9474999999999999 660.29375000000016 3.5000000000000004 131.06000000000003
decision_type=8 2 10 2 8 2 10 2 10 2 8 10 10 10 8 10 10 2 2 10 10 2 8 10 10 10 10 2 2 10
left_child=1 -1 3 4 -3 6 9 -8 -5 11 12 26 -11 -14 15 21 -17 22 28 -20 23 -12 -16 -21 -23 -26 -2 -28 29 -19
right_child=5 2 -4 8 -6 -7 7 -9 -10 10 14 -13 13 -15 17 16 -18 18 19 20 -22 24 -24 -25 25 -27 27 -29 -30 -31
leaf_value=2.2241754546335768 0.51734737587826596 0.43188250272274015 -0.21310101329733469 -0.017114678575104451 0.062726968200802799 0.081464398011066655 -0.11216342451036185 0.051477401564863315 0.051224964303509764 0.048646644352081145 0.012304442434755527 -0.65175093924769989 0.54803268812482175 0.0097697293805325131 0.38464423784679108 0.23481869264050048 1.2273691664363553 0.39761256550870289 -0.80102719919248055 -0.26977190801390893 -0.84267142640831671 0.18925165036272618 -0.025142145161390451 0.2667857496688763 -0.37356656780004671 -0.079673805798312236 -0.043816975869957267 -0.52720770769852865 -0.24159220315767135 -0.043748850908740762
leaf_weight=41 41 149 217 4533 249 1443 2281 597 5721 771 14700 51 194 126 90 187 40 81 87 161 45 123 2686 71 253 578 3971 64 266 530
leaf_count=41 41 149 217 4533 249 1443 2281 597 5721 771 14700 51 194 126 90 187 40 81 87 161 45 123 2686 71 253 578 3971 64 266 530
internal_value=0.00240306 0.0314302 0.0229549 0.0277833 0.201664 -0.00835574 -0.0129884 -0.0782124 0.0210152 -0.0055117 0.00390827 -0.0534089 0.13339 0.336782 -0.00319754 0.00993614 0.414334 -0.0551104 -0.152077 -0.366432 -0.227544 0.00404585 -0.0117228 -0.105127 -0.123089 -0.169492 -0.0457643 -0.0516129 -0.0627922 0.0153163
internal_weight=40347 10910 10869 10652 398 29437 27994 2878 10254 25116 20989 4127 1091 320 19898 15881 227 4017 1241 364 277 15654 2776 232 954 831 4076 4035 877 611
internal_count=40347 10910 10869 10652 398 29437 27994 2878 10254 25116 20989 4127 1091 320 19898 15881 227 4017 1241 364 277 15654 2776 232 954 831 4076 4035 877 611
is_linear=0
shrinkage=0.03


Tree=278
num_leaves=31
num_cat=0
split_feature=7 4 5 11 6 32 33 15 28 40 14 1 9 13 27 37 4 40 4 25 25 32 27 1 38 15 27 34 14 36
split_gain=13262.7 13105.8 17655.4 62161.7 253936 22592.5 23910.3 22443.2 17826.4 32965 18542.6 18671.3 17655.7 17238.4 16369.6 15924.3 15821.9 19806.9 16541.6 15874.8 33079.1 17127.2 15487.5 15216.1 15035.6 17559.2 15924 21830.1 16877.3 18778.9
threshold=11.411458333333337 348.50000000000006 50154.875000000007 320.88000000000005 2.1088105726872248 139.64500000000001 361.39000000000004 4.0881250000000007 28772.464218750003 46.890000000000022 418.44000000000005 1.0000000180025095e-35 255.00500000000002 225.04500000000004 53164.391718750012 77.035000000000025 84.500000000000014 -94.454999999999998 307.50000000000006 245.21250000000003 207.81663043478264 128.64750000000004 42642.991614583341 1.0000000180025095e-35 -1.4925000000000004 1.0000000180025095e-35 36934.853928894932 -22.649999999999995 269.8300000000001 -0.34000000000000163
decision_type=2 2 2 10 2 10 10 8 8 10 10 2 10 10 10 10 2 8 2 10 10 10 10 2 10 10 10 8 10 10
left_child=1 2 24 7 -5 6 -6 -4 12 10 13 -12 -9 16 23 -8 -10 18 -18 20 21 -19 -15 -3 25 -1 -27 -28 29 -29
right_child=-2 14 3 4 5 -7 15 8 9 -11 11 -13 -14 22 -16 -17 17 19 -20 -21 -22 -23 -24 -25 -26 26 27 28 -30 -31
leaf_value=0.5243898991605298 -0.17764510577864021 -0.37739829911116779 0.58583688223554231 2.4628943952853266 0.013452722030026572 0.041962239611443582 1.1969262662529945 0.14399932969232093 -0.013640262052657169 -0.75996392748355868 -0.79049321799084193 -0.12177306151997887 0.78296125453451404 0.10684586321314175 0.16508761697901145 0.42322896560033163 0.65986401884206403 0.024503997819600162 0.066947553817714972 0.26497752867843749 -0.22602633910280445 0.16700153633128731 0.71685825335568398 -0.081567307938378783 -0.032162745544935478 0.065803767686663614 -0.60535856755716455 0.030651337293509755 0.45966698251226368 -0.078389972040178904
leaf_weight=60 378 178 61 45 69 454 40 258 8031 49 42 303 45 107 209 62 86 3862 83 272 416 944 57 1253 13836 3370 55 3342 67 2472
leaf_count=60 378 178 61 45 69 454 40 258 8031 49 42 303 45 107 209 62 86 3862 83 272 416 944 57 1253 13836 3370 55 3342 67 2472
internal_value=-0.00101005 0.000658215 0.00419821 0.0292302 0.311572 0.15299 0.445809 0.0162672 0.01384 0.00899061 0.0116968 -0.205232 0.241158 0.0171117 -0.0823713 0.735315 0.0134381 0.0518349 0.370775 0.0419584 0.0302934 0.0525224 0.321922 -0.118603 -0.012294 0.0170576 0.0137306 -0.0158386 -0.0102233 -0.0157164
internal_weight=40506 40128 38488 15286 670 625 171 14616 14555 14252 14203 345 303 13858 1640 102 13694 5663 169 5494 5222 4806 164 1431 23202 9366 9306 5936 5881 5814
internal_count=40506 40128 38488 15286 670 625 171 14616 14555 14252 14203 345 303 13858 1640 102 13694 5663 169 5494 5222 4806 164 1431 23202 9366 9306 5936 5881 5814
is_linear=0
shrinkage=0.03


Tree=279
num_leaves=31
num_cat=0
split_feature=40 32 10 7 16 9 12 8 39 12 2 7 27 5 7 27 2 39 5 29 8 38 27 2 3 29 23 23 10 5
split_gain=12347.1 92347.5 232190 15262.3 15003.8 15349.5 14895.9 21321.8 22851 16296.6 15563.2 14033.1 17411.5 13678 12974 12618.4 12603.7 21065.3 16337.4 34501.3 14500 14232.3 15660.2 13253.6 24669 18076.1 13779.6 16901.7 12500.2 12357.8
threshold=-31.529999999999994 264.94500000000005 380.06500000000005 4.4947916666666687 5891.7438244938066 -0.018749999999999999 57.817291666666669 290.38750000000005 -2.628749999999997 55.370104166666671 7.5000000000000009 3.7309027777777781 38229.972864583346 34554.750000000007 7.3697916666666687 34878.786979166674 9.5000000000000018 15.114999999999982 73006.250000000015 280.66000000000008 660.29375000000016 42.260000000000012 26340.312500000004 4.5000000000000009 1.0000000180025095e-35 57.258750000000006 5.5000000000000009 6.5000000000000009 380.06500000000005 41843.750000000007
decision_type=8 10 10 2 8 10 10 2 10 10 2 2 10 2 2 10 2 10 2 10 2 10 10 2 2 10 2 2 8 2
left_child=1 4 -3 -2 5 -1 9 8 -8 -6 15 -12 -13 14 -5 -9 17 20 21 -20 23 -18 -23 24 26 -26 -15 -28 -21 -22
right_child=3 2 -4 13 6 -7 7 10 -10 -11 11 12 -14 16 -16 -17 18 -19 19 28 29 22 -24 -25 25 -27 27 -29 -30 -31
leaf_value=-0.4105567197838137 0.019177201153354362 2.621860628564443 -0.37104205306689692 -0.12088600055305256 -0.049132060210457844 0.064703571032245222 0.091396581324926826 0.22610097704260992 -0.3671141873300075 -0.44277312767444821 0.052104324000222337 -0.47794973502165239 0.10898385551469078 -0.047472907603827739 -0.60290891362252552 -0.13413729214479053 -0.046694318806113681 -0.54799888791946261 0.67511460139509294 -0.48433756766410974 -0.48360298538141033 -0.59663227113517547 -0.14350939898430284 0.028533444020052114 -0.16540321968819785 -0.87334449768066402 0.43570160158292243 0.025727267757973432 0.19153984461376009 -0.095538420123302117
leaf_weight=61 9819 41 52 597 2793 4603 2404 162 101 97 104 218 57 5158 54 188 2905 64 79 51 88 73 977 6977 91 50 94 1916 46 439
leaf_count=61 9819 41 52 597 2793 4603 2404 162 101 97 104 218 57 5158 54 188 2905 64 79 51 88 73 977 6977 91 50 94 1916 46 439
internal_value=-0.00128438 0.0260259 0.962265 -0.0113658 0.0178664 0.058401 -0.013009 0.0312169 0.0727706 -0.0624928 -0.111475 -0.244418 -0.35634 -0.0266211 -0.161733 0.0327707 -0.0219854 -0.00911081 -0.0683375 0.213706 -0.0067457 -0.0809395 -0.17555 -0.00103963 -0.0292694 -0.420829 -0.0215095 0.0451073 -0.165134 -0.161132
internal_weight=40359 10881 93 29478 10788 4664 6124 3234 2505 2890 729 379 275 19659 651 350 19008 14877 4131 176 14813 3955 1050 14286 7309 141 7168 2010 97 527
internal_count=40359 10881 93 29478 10788 4664 6124 3234 2505 2890 729 379 275 19659 651 350 19008 14877 4131 176 14813 3955 1050 14286 7309 141 7168 2010 97 527
is_linear=0
shrinkage=0.03


Tree=280
num_leaves=31
num_cat=0
split_feature=35 7 8 4 28 15 5 6 39 4 6 25 4 33 6 5 9 28 31 27 7 28 4 17 5 28 33 9 4 5
split_gain=19351.9 13677.5 16721.7 23406.9 13725.3 23153.3 15167.4 13692.6 12045.2 17892.5 28076 22858.5 29313.7 20168 18406.1 18683.9 17463.3 15643.8 16793.8 24774.4 17730.9 15009.2 14215.5 14152.8 13856.5 13772.1 13379.8 15262.7 13085 66673.1
threshold=132.05875000000003 3.6475694444444451 771.49375000000009 130.50000000000003 23666.437500000004 383.62437500000004 48602.062500000007 32.257709251101325 -59.213749999999997 259.50000000000006 11.050000000000001 261.19083333333339 272.50000000000006 299.14000000000004 0.39295154185022024 74725.000000000015 311.00500000000005 26366.375000000004 153.84625000000003 28789.270833333336 7.0503472222222241 27877.312500000004 263.50000000000006 283.24589500000019 51339.125000000007 40512.199687500011 650.50000000000011 570.0150000000001 88.500000000000014 63656.250000000007
decision_type=10 2 2 2 10 10 2 2 10 2 2 10 2 10 2 2 10 10 10 10 2 10 2 10 2 10 10 10 2 2
left_child=1 4 7 -4 -1 -6 -7 8 -3 23 14 17 -13 -14 -11 21 -17 -12 -19 -20 22 -16 -21 26 -22 -24 27 28 -10 -30
right_child=-2 2 3 -5 5 6 -8 -9 9 10 11 12 13 -15 15 16 -18 18 19 20 24 -23 25 -25 -26 -27 -28 -29 29 -31
leaf_value=-0.40211129770904291 -0.14808066272413459 0.023493677554592425 -0.88485455309472427 -0.12174600681629233 0.041606358766019765 0.10704170225926166 0.81500024763674572 0.28186837801018988 -0.022327844022881019 -0.38991654671746018 0.16645548306276342 0.02279506508381136 -0.38973063662344093 -1.2908398681608113 0.45113521535604373 0.88043605611091702 0.11390710711290565 -0.17929544885447221 -0.64566682636737815 -0.32139642599337503 -0.3984987109948781 -0.012865627545817611 0.28986465143141421 -0.075633912692766384 0.092205394585053987 -0.12947804958621661 0.46010903695882371 -0.37569275882936293 0.02786149008578306 1.225996855880533
leaf_weight=60 790 9832 40 312 5380 52 57 150 6564 106 172 61 48 43 63 40 78 1744 50 52 120 3193 329 1996 90 89 58 92 8835 41
leaf_count=60 790 9832 40 312 5380 52 57 150 6564 106 172 61 48 43 63 40 78 1744 50 52 120 3193 329 1996 90 89 58 92 8835 41
internal_value=-0.00114883 0.0017752 -0.00531412 -0.210724 0.0454591 0.0504239 0.481302 -0.00317169 -0.00444889 -0.0159618 -0.0594342 -0.130169 -0.4868 -0.824932 -0.00254085 0.00974115 0.378963 -0.109506 -0.128751 -0.00791841 0.0398541 -0.00375197 0.142183 -0.00044011 -0.188757 0.200483 0.00919125 0.0074779 0.00978523 0.0335334
internal_weight=40537 39747 34198 352 5549 5489 109 33846 33696 23864 6278 2798 152 91 3480 3374 118 2646 2474 730 680 3256 470 17586 210 418 15590 15532 15440 8876
internal_count=40537 39747 34198 352 5549 5489 109 33846 33696 23864 6278 2798 152 91 3480 3374 118 2646 2474 730 680 3256 470 17586 210 418 15590 15532 15440 8876
is_linear=0
shrinkage=0.03


Tree=281
num_leaves=31
num_cat=0
split_feature=15 10 25 14 13 27 2 0 17 9 9 28 27 15 40 12 14 28 28 13 29 11 34 39 12 25 24 12 8 5
split_gain=12085 18614.4 15573.2 13306.2 12705 11219.7 15039.1 10633.3 16403.2 15602.2 179039 181854 25739.8 19670.1 22845.1 22162.9 19660.2 19242.5 15134.4 17865.2 18658.9 17754.9 21860.3 24338.7 18167.6 18361.5 14531.6 14960.9 13980.9 17413.3
threshold=4.0881250000000007 -1.0000000180025095e-35 -1.0000000180025095e-35 125.34375000000001 -76.709999999999994 38486.883281250004 4.5000000000000009 13.500000000000002 1182.6522750000001 278.64500000000004 272.52000000000004 31944.312500000004 29012.854166666672 477.00062500000007 -14.079999999999989 458.07729166666678 418.44000000000005 31402.937500000004 27762.000000000004 351.34500000000008 272.56125000000003 446.94500000000005 435.61000000000007 -62.11999999999999 373.12250000000006 331.09791666666672 395.76500000000004 331.09791666666672 0.13750000000000004 48500.625000000007
decision_type=8 10 8 10 8 10 2 2 10 10 10 10 10 10 10 10 10 10 10 10 10 10 10 10 10 10 10 10 2 2
left_child=1 -1 -2 -3 5 6 -4 8 9 10 26 -12 13 16 -15 -16 -11 -14 19 20 -18 22 23 -22 -25 -26 27 -6 -9 -30
right_child=2 3 4 -5 7 -7 -8 28 -10 12 11 -13 17 14 15 -17 18 -19 -20 -21 21 -23 -24 24 25 -27 -28 -29 29 -31
leaf_value=0.67768229056079432 -0.58509291652862616 0.0068220968110354859 0.27073573754779223 0.41435939101020941 2.209584034501639e-05 -0.67778711779815393 -0.32210442739465961 -0.023829494381435321 -0.073506774994933716 -0.32789598043574841 2.8176499474057701 0.024557031386277892 -0.66639261272218486 0.15550607999930013 -0.88076365555747083 -0.17156237191009904 0.48431556862844544 -0.17281559950753347 0.68666394193967184 0.49094690149768866 0.47827776554971929 0.37086843328475955 -0.70486215063585678 -0.64142300433125987 0.49998390116474845 -0.23215082313829255 -0.43147384597573957 0.47063762631572659 0.0038086095890359451 0.077205076877922191
leaf_weight=52 40 380 57 88 18095 40 114 4757 3335 85 40 43 80 103 58 123 70 595 44 93 63 74 51 57 43 102 69 60 6407 5328
leaf_count=52 40 380 57 88 18095 40 114 4757 3335 85 40 43 80 103 58 123 70 595 44 93 63 74 51 57 43 102 69 60 6407 5328
internal_value=0.00115595 0.144711 -0.000712622 0.0841731 -0.00011342 -0.231739 -0.124066 0.00112111 -0.0119334 -0.00163611 0.00630925 1.38814 -0.0902244 0.00912862 -0.200232 -0.402411 0.0964766 -0.232213 0.157345 0.114066 0.0369712 -0.0443547 -0.142454 -0.0319737 -0.192684 -0.0130976 -6.00509e-05 0.00160326 0.0195508 0.0371363
internal_weight=40546 520 40026 468 39986 211 171 39775 23283 19948 18307 83 1641 966 284 181 682 675 597 553 460 390 316 265 202 145 18224 18155 16492 11735
internal_count=40546 520 40026 468 39986 211 171 39775 23283 19948 18307 83 1641 966 284 181 682 675 597 553 460 390 316 265 202 145 18224 18155 16492 11735
is_linear=0
shrinkage=0.03


Tree=282
num_leaves=31
num_cat=0
split_feature=5 28 11 32 1 39 27 7 16 16 34 11 14 39 5 6 13 8 6 23 11 13 35 13 28 33 39 17 39 18
split_gain=12014.6 93712.2 296258 18431 18896.3 14960 19922.8 14800.7 22011.3 17759.6 25124.4 15052 35339 15182.6 14254.9 12986.4 12532.2 12172.4 19357 14533.4 16483.8 19131.4 15115.5 14095.9 14156.4 16981.9 16713.4 13530.5 15660.9 20089.2
threshold=59563.500000000007 31402.937500000004 260.62000000000006 264.94500000000005 4.5000000000000009 -8.4950000000000028 44079.973593750001 8.2309027777777803 13527.738327874416 10659.282348931376 136.13500000000002 245.42000000000002 220.38000000000002 -14.820000000000002 78275.000000000015 7.6870044052863458 75.510000000000019 551.51875000000007 23.076431718061677 4.5000000000000009 182.59500000000003 -29.089999999999996 60.635000000000019 24.625000000000004 31164.625000000004 206.21500000000003 -106.14249999999997 298.30722000000009 -74.374999999999986 1.5000000000000002
decision_type=2 8 10 10 2 10 8 2 8 10 8 10 10 10 2 2 10 2 2 2 10 10 10 10 10 10 10 10 8 2
left_child=3 2 -2 7 -5 6 15 9 -9 17 -11 12 -10 -14 -8 -3 -13 18 27 -19 21 -21 -22 -20 26 -26 -25 28 29 -1
right_child=1 5 -4 4 -6 -7 14 8 11 10 -12 16 13 -15 -16 -17 -18 19 23 20 22 -23 -24 24 25 -27 -28 -29 -30 -31
leaf_value=0.11530448723114355 -0.25614340745009384 0.28102886131417115 2.8568117310280021 -0.498712355238285 0.043222934116423126 -0.023124719767944123 0.0082480710310974727 0.076692967262522796 -0.096460710670644684 -0.099208808279602045 -0.76847429716587068 0.58263756231828168 -0.74026344192655458 -0.21890505809937752 0.55249737852337677 0.07636690542768125 0.012369484677910804 -0.013821130638846844 0.1649938154667325 -0.66734421474530414 -0.92473776094615456 -0.067532639710066511 -0.21659883143934044 -0.31603371185266366 -0.0081576645620762157 -0.47221638674919419 0.22520109656129839 -0.050698460029389332 -0.0014838451083851007 -0.067995060459258294
leaf_weight=2329 76 494 42 138 99 3927 2774 721 2081 321 59 43 113 92 43 642 164 2560 1151 50 43 784 73 58 788 77 400 3930 15803 699
leaf_count=2329 76 494 42 138 99 3927 2774 721 2081 321 59 43 113 92 43 642 164 2560 1151 50 43 784 73 58 788 77 400 3930 15803 699
internal_value=-0.0019782 0.0309661 0.866553 -0.0100673 -0.273104 0.0183451 0.0595376 -0.00813124 -0.0692162 -0.00138825 -0.204865 -0.111428 -0.133616 -0.508486 0.0167489 0.165535 0.133063 0.00130869 0.0085901 -0.0510283 -0.151172 -0.104249 -0.484759 0.088268 0.0214429 -0.0499645 0.156121 -7.39575e-05 0.0104934 0.0729821
internal_weight=40574 7998 118 32576 237 7880 3953 32339 3214 29125 380 2493 2286 205 2817 1136 207 28745 25235 3510 950 834 116 2474 1323 865 458 22761 18831 3028
internal_count=40574 7998 118 32576 237 7880 3953 32339 3214 29125 380 2493 2286 205 2817 1136 207 28745 25235 3510 950 834 116 2474 1323 865 458 22761 18831 3028
is_linear=0
shrinkage=0.03


Tree=283
num_leaves=31
num_cat=0
split_feature=6 27 6 9 40 15 5 38 15 25 5 25 4 7 33 7 0 38 1 28 40 5 8 1 0 4 24 40 9 0
split_gain=13425.9 106843 16070 41172.7 16692.1 15217.6 14015 12130.9 14626.5 20428 14806.7 14725.4 12879.9 11795.5 11445 14635.3 23295.8 14203.6 11760.5 10788.5 28077.8 18037.4 15237.7 27915.4 24258.3 22589.5 14045 13592 24747.9 13422.6
threshold=5.122026431718063 30507.770833333339 0.39295154185022024 331.00500000000005 -11.084999999999999 242.03625000000002 70856.250000000015 -1.0099999999999987 1.0000000180025095e-35 1.0000000180025095e-35 34554.750000000007 207.81663043478264 350.50000000000006 6.7968750000000027 142.02000000000001 7.5434027777777795 4.5000000000000009 -92.584999999999994 3.5000000000000004 28498.875000000004 46.890000000000022 50154.875000000007 225.18125000000003 1.0000000180025095e-35 4.5000000000000009 205.50000000000003 379.87500000000006 -14.739999999999986 301.61500000000007 13.500000000000002
decision_type=2 8 2 10 8 10 2 8 10 10 2 10 2 2 10 2 2 10 2 10 10 2 2 2 2 2 10 10 10 2
left_child=1 -1 3 -3 6 -6 -4 8 -2 -10 -11 12 14 -8 -12 17 -17 18 -16 21 -21 22 23 24 25 -9 -24 28 -23 -29
right_child=7 2 4 -5 5 -7 13 19 9 10 11 -13 -14 -15 15 16 -18 -19 -20 20 -22 27 26 -25 -26 -27 -28 29 -30 -31
leaf_value=1.3166968473236438 0.49009495211859877 -0.027586288347526966 0.092298631579925849 -0.82563520481809971 -0.022250884648627553 0.19673482794303299 0.23160787283193948 -0.074428851071359783 -0.65192660759498433 -0.086492378046981747 0.022978060877095932 -0.22637518766312742 -0.12920439188524582 0.74490837679189792 0.75231115857074993 -0.59167960451407864 0.03561302283368601 0.10890290386876596 0.09072165403255196 -0.024179580782673991 -0.54118047313392159 0.14304250949768574 -0.022550084666061811 0.10045062468060179 -0.0011387165060570074 -0.87524852109452089 -0.27308561500109418 -0.047149902164161976 0.9721837198033052 0.30917993948967365
leaf_weight=58 58 641 1333 63 2164 328 201 57 40 1091 7876 198 417 50 57 65 276 2033 42 19714 94 90 693 1648 214 71 283 230 50 161
leaf_count=58 58 641 1333 63 2164 328 201 57 40 1091 7876 198 417 50 57 65 276 2033 42 19714 94 90 693 1648 214 71 283 230 50 161
internal_value=0.000984274 0.0478587 0.0321906 -0.100072 0.0550537 0.00663963 0.131168 -0.00541258 0.0188857 0.0165857 0.0188578 0.0293479 0.0340715 0.336409 0.0406624 0.0969513 -0.0853393 0.126134 0.475351 -0.0180838 -0.0266602 0.0304892 0.00163715 0.0492534 -0.197025 -0.521975 -0.0954003 0.191342 0.443959 0.0999886
internal_weight=40296 4838 4780 704 4076 2492 1584 35458 12153 12095 12055 10964 10766 251 10349 2473 341 2132 99 23305 19808 3497 2966 1990 342 128 976 531 140 391
internal_count=40296 4838 4780 704 4076 2492 1584 35458 12153 12095 12055 10964 10766 251 10349 2473 341 2132 99 23305 19808 3497 2966 1990 342 128 976 531 140 391
is_linear=0
shrinkage=0.03


Tree=284
num_leaves=31
num_cat=0
split_feature=25 6 4 7 8 14 7 8 33 28 5 23 30 41 40 24 7 15 41 6 14 14 17 4 24 17 0 24 27 30
split_gain=12355.6 17837.9 18221.6 18759.3 12656.8 16895.7 16797.1 12359.7 14609.9 14405.3 16739.7 11860.7 27293.3 18732.2 11519 18434.8 79942.4 12432.9 12196.4 10930.9 17375.1 21272.8 13890.6 10569.8 12782.3 10161 18398.3 12934.7 16804 11674.6
threshold=443.54708333333343 23.404625550660793 227.50000000000003 4.8281250000000018 293.7000000000001 559.03500000000008 5.4670138888888902 643.2750000000002 443.77500000000003 28188.687500000004 51806.250000000007 4.5000000000000009 -9.6887499999999971 -10344.076725792736 18.830000000000002 410.02500000000003 5.4913194444444473 25.359479166666667 13654.425545070624 25.369383259911899 213.74250000000004 187.36500000000004 12318.350820000001 2.5000000000000004 66.185000000000016 298.30722000000009 11.500000000000002 17.386250000000004 39138.030989583342 163.13250000000002
decision_type=10 2 2 2 2 10 2 2 10 8 2 2 10 8 10 10 2 10 10 2 10 10 8 2 10 10 2 10 10 10
left_child=7 4 3 -3 5 6 -2 9 11 10 -1 -9 -13 -14 15 18 -17 -16 19 23 21 -21 -23 24 -11 -25 -27 -28 -29 -30
right_child=1 2 -4 -5 -6 -7 -8 8 -10 14 -12 12 13 -15 17 16 -18 -19 -20 20 -22 22 -24 25 -26 26 27 28 29 -31
leaf_value=0.055634364508709018 -0.11588272369637781 0.11724632482930837 0.35884578480184076 -0.64392441070079798 -0.54253938907600308 -0.069367574622125713 -0.92089889474537057 -0.011715646670116899 -0.58433426925874488 0.019471487483705384 0.4114115563344955 -0.83151875509235718 0.12960997155416878 -0.25180511248866461 0.22247402566068983 -0.1710731464007805 1.3994540922208265 -0.14173755849350289 0.12374438027544311 0.080904378041503439 -0.2414161488024601 0.20465947508242807 0.92223308949366856 0.0045794648332599655 -0.51000451473155761 -0.10661426549853516 0.082894169794166597 -0.14655594238261022 0.038180251000216089 -0.25717923278991994
leaf_weight=2507 48 82 124 44 82 459 45 1345 48 82 124 51 185 307 93 86 43 829 715 1102 133 53 45 25622 81 2250 1203 838 1638 129
leaf_count=2507 48 82 124 44 82 459 45 1345 48 82 124 51 185 307 93 86 43 829 715 1102 133 53 45 25622 81 2250 1203 838 1638 129
internal_value=-0.00142198 -0.112281 0.102034 -0.151537 -0.196818 -0.144573 -0.51106 0.00106123 -0.072839 0.00487088 0.0725522 -0.0595324 -0.177734 -0.108415 -0.000227198 0.00260988 0.359174 -0.104799 0.00124212 -0.00140166 0.0827302 0.118828 0.540145 -0.00492605 -0.245148 -0.00368236 -0.0386203 0.00157214 -0.0360001 0.0164842
internal_weight=40393 884 250 126 634 552 93 39509 1936 37573 2631 1888 543 492 34942 34020 129 922 33891 33176 1333 1200 98 31843 163 31680 6058 3808 2605 1767
internal_count=40393 884 250 126 634 552 93 39509 1936 37573 2631 1888 543 492 34942 34020 129 922 33891 33176 1333 1200 98 31843 163 31680 6058 3808 2605 1767
is_linear=0
shrinkage=0.03


Tree=285
num_leaves=31
num_cat=0
split_feature=40 32 6 25 16 24 13 25 4 12 11 34 33 39 12 25 40 13 13 25 5 25 26 40 12 37 5 1 25 4
split_gain=11391.7 22857 225933 17896.5 17404.8 15352 13496.8 12455.4 29144.2 17605.3 14839.6 16463.6 15534.7 13452.3 13178.9 34687.5 20826.7 19509.6 18978 32864.2 17219.2 17166.9 19845.8 15897.9 17213.9 15401.3 14863.5 14592.5 13826.3 13756.4
threshold=3.5549999999999788 264.94500000000005 1.8931718061674008 276.37187500000005 5148.3729106394248 644.96000000000015 -1.0000000180025095e-35 513.26479166666684 240.50000000000003 477.00062500000007 494.55500000000006 279.70000000000005 266.24500000000006 -80.813749999999985 87.752083333333346 104.95328125000002 -136.0975 33.412500000000001 -1.0162499999999997 133.62770833333335 79606.250000000015 159.83239583333338 38473.458750000013 -15.72749999999999 107.69708333333335 -12.998749999999999 39350.937500000007 1.5000000000000002 110.11729166666667 188.50000000000003
decision_type=8 10 2 10 10 10 10 10 2 10 10 10 10 10 10 10 10 10 10 10 2 10 8 10 10 10 2 2 10 2
left_child=1 5 -3 -4 -2 7 -6 9 -9 10 11 14 -13 -12 15 16 -1 21 -17 26 -19 22 23 24 27 -24 -20 -16 -28 -18
right_child=4 2 3 -5 6 -7 -8 8 -10 -11 13 12 -14 -15 17 18 29 20 19 -21 -22 -23 25 -25 -26 -27 28 -29 -30 -31
leaf_value=0.62990991525193474 -0.026333141955674818 2.3433396775838804 0.22487293245463535 -0.18654776760190725 0.020354181906829274 0.53037720969915392 -0.4951063728192821 0.073843711486107175 -0.78717199678895844 0.49876994022956256 0.66187850867482745 -0.66640345116709032 -0.085400973341511074 0.10982253719988751 0.54168997031886401 0.20157563608817078 -0.022816644699835253 0.013964959591517091 -0.68855324491478354 -0.85055136374064844 0.38776843234830133 0.51532926531136036 0.40937583956697421 0.14498466716776687 -0.38920700965413618 0.11304986741587325 -0.36248591970783817 -0.1139471173826605 -0.031825357017274188 0.031498409494604189
leaf_weight=46 6613 40 173 209 71 49 127 88 58 64 54 42 1150 145 40 87 11181 11413 48 76 111 99 240 276 156 461 169 119 345 6717
leaf_count=46 6613 40 173 209 71 49 127 88 58 64 54 42 1150 145 40 87 11181 11413 48 76 111 99 240 276 156 461 169 119 345 6717
internal_value=0.000723917 0.00788457 0.227021 -0.000123083 -0.0346558 0.00509527 -0.311096 0.00430369 -0.271232 0.00552946 0.00455705 0.0029849 -0.106414 0.262187 0.00711692 -0.00900111 -0.000775906 0.0304149 -0.212296 -0.26896 0.0175988 0.136503 0.107099 -0.0209613 -0.16636 0.214941 -0.18894 0.0533477 -0.141037 -0.00243195
internal_weight=40467 33656 422 382 6811 33234 198 33185 146 33039 32975 32776 1192 199 31584 18669 17944 12915 725 638 11524 1391 1292 591 315 701 562 159 514 17898
internal_count=40467 33656 422 382 6811 33234 198 33185 146 33039 32975 32776 1192 199 31584 18669 17944 12915 725 638 11524 1391 1292 591 315 701 562 159 514 17898
is_linear=0
shrinkage=0.03


Tree=286
num_leaves=31
num_cat=0
split_feature=40 6 24 14 7 28 13 7 35 4 6 13 28 27 4 10 29 14 4 15 13 4 25 38 25 12 5 29 25 14
split_gain=13060 140041 19289.2 18739.7 15635.8 17924.4 17639.6 16799.6 14766.2 14211.9 22014.9 35586 20175.1 26025.5 18786.3 17919.3 17244.7 17007.4 15388.3 26132.1 19606.5 16123.5 15057.3 24842.8 22142.9 14023.9 13303.8 13237.3 19095.7 13019.5
threshold=-32.724999999999994 0.684581497797357 395.76500000000004 693.2650000000001 4.7343750000000027 23666.437500000004 315.09000000000009 3.3906250000000004 13.578749999999987 272.50000000000006 11.050000000000001 190.41000000000005 26142.937500000004 26699.958333333339 325.50000000000006 134.05375000000004 146.18125000000003 181.84500000000003 262.50000000000006 373.12250000000006 -0.086249999999999979 261.50000000000006 245.21250000000003 81.58750000000002 282.46229166666677 364.06333333333345 74725.000000000015 183.90125000000003 92.089010416666682 363.19500000000011
decision_type=8 2 10 10 2 8 10 2 10 2 2 10 10 10 2 10 10 10 2 10 10 2 10 10 10 10 2 10 10 10
left_child=1 -1 25 -4 5 7 -7 -2 -9 18 14 12 15 -14 27 -12 17 -15 21 20 -20 -6 23 -16 26 29 -24 28 -11 -3
right_child=4 2 3 -5 9 6 -8 8 -10 10 11 -13 13 16 22 -17 -18 -19 19 -21 -22 -23 24 -25 -26 -27 -28 -29 -30 -31
leaf_value=1.4625921234586199 -0.77638665103912352 0.028190906902726326 -0.44780861031421471 0.27525208682354008 -0.015715626752132755 0.017310505908153407 0.28386144684333547 0.32161600790917871 -0.31578881282829541 -0.090094257451353535 0.53169070118182415 -0.97951445499192102 -0.67274682608866243 -0.14932812427910858 -0.085417529219050506 -0.12713425049781799 0.032410138879360548 -0.48997771812530305 0.60924652490350928 0.85364775959650674 -0.013303553985585409 -0.53512573121322526 0.17927013524357349 -0.53707410753734641 -0.07902377961715959 0.47994513515077653 0.7843864177068075 -0.16887048106727209 0.27288681456252745 -0.22991706199319667
leaf_weight=60 44 10143 141 41 13730 11201 227 47 102 185 73 45 85 935 950 74 401 153 53 44 290 53 123 123 337 60 44 128 438 178
leaf_count=60 44 10143 141 41 13730 11201 227 47 102 185 73 45 85 935 950 74 401 153 53 44 290 53 123 123 337 60 44 128 438 178
internal_value=0.000730234 0.0292997 0.0210206 -0.284307 -0.00942578 0.0177772 0.0226295 -0.268176 -0.113925 -0.0267345 -0.0759608 -0.155802 -0.133708 -0.165114 -0.0153529 0.201419 -0.135704 -0.197638 -0.0125077 0.17382 0.0843837 -0.0177516 -0.0741524 -0.137644 0.0610235 0.0264005 0.342422 0.108053 0.165128 0.0237176
internal_weight=40508 10623 10563 182 29885 11621 11428 193 149 18264 4094 1766 1721 1574 2328 147 1489 1088 14170 387 343 13783 1577 1073 504 10381 167 751 623 10321
internal_count=40508 10623 10563 182 29885 11621 11428 193 149 18264 4094 1766 1721 1574 2328 147 1489 1088 14170 387 343 13783 1577 1073 504 10381 167 751 623 10321
is_linear=0
shrinkage=0.03


Tree=287
num_leaves=31
num_cat=0
split_feature=25 36 6 25 31 25 35 24 5 4 1 24 1 27 6 4 24 12 7 0 1 33 39 5 17 12 9 31 9 41
split_gain=12525.4 24472.1 27762.3 21444.8 28552.3 20827.6 20260 12803.6 16169.9 25893 22128.9 13264.5 12361.1 12290.6 31847.3 26101.6 17787.1 14961 15291.5 11479.7 19007.4 17346 15176 14787.4 14157.4 12390.8 18055.7 11745.5 11287.5 11488.5
threshold=282.46229166666677 -22.394999999999996 0.39295154185022024 271.96020833333336 196.06000000000003 295.79687500000006 11.018750000000002 240.02000000000001 39056.250000000007 239.50000000000003 5.5000000000000009 379.87500000000006 3.5000000000000004 27931.895833333339 14.973348017621149 190.50000000000003 427.28500000000003 373.12250000000006 3.6475694444444451 14.500000000000002 5.5000000000000009 206.21500000000003 -21.953749999999996 47400.812500000007 1272.1377000000002 396.69062500000013 353.44500000000005 152.24500000000003 21.365000000000006 -1278.0217413532553
decision_type=8 8 2 10 10 8 10 8 2 2 2 10 2 10 2 2 8 10 2 2 2 10 10 2 10 10 10 10 10 10
left_child=3 -2 12 19 -5 -4 -6 -7 9 10 -9 -11 -3 15 17 16 -10 -15 -19 24 22 -22 23 27 25 26 -1 -21 -26 -30
right_child=1 2 5 4 6 7 -8 8 13 11 -12 -13 -14 14 -16 -17 -18 18 -20 20 21 -23 -24 -25 28 -27 -28 -29 29 -31
leaf_value=-0.0036596939927397028 0.49831967672004424 -0.87188875937627419 -0.40054033654790955 -0.15966319716893709 0.88008511803933043 0.34446412262555798 0.24442433544076406 0.079333393067961 0.48522776223586078 -0.26098470721751044 -0.67415953990604194 -0.84624154411043429 -0.22134551394316884 -0.16643699083050728 -0.78964923808449183 -0.018896879042101154 -0.20761759962354387 0.62832166712198934 0.018743528752099902 0.0098926962921925907 0.066739032371915363 0.30932535618662643 -0.036393631683382173 0.07349318654447104 -0.010765127132608222 0.4988890359618447 -0.58624105907976631 -0.1496925389282521 -0.19216705335804368 -0.054623292888289571
leaf_weight=18984 67 53 151 103 66 75 142 212 167 72 41 69 53 475 56 1046 41 41 314 2951 1747 312 4790 3772 1885 43 47 482 915 1358
leaf_count=18984 67 53 151 103 66 75 142 212 167 72 41 69 53 475 56 1046 41 41 314 2951 1747 312 4790 3772 1885 43 47 482 915 1358
internal_value=-0.00454199 -0.0642414 -0.0775619 0.000116838 0.247799 -0.059158 0.44937 -0.0392541 -0.0507426 -0.227102 -0.0449476 -0.55133 -0.551726 -0.0181817 -0.103653 0.0422417 0.348317 -0.0564745 0.0907127 -0.00195566 0.0194456 0.10363 0.00498747 0.0324995 -0.0149025 -0.00396685 -0.0051292 -0.0125505 -0.0650544 -0.110052
internal_weight=40530 2933 2866 37597 311 2760 208 2609 2534 394 253 141 106 2140 886 1254 208 830 355 37286 14054 2059 11995 7205 23232 19074 19031 3433 4158 2273
internal_count=40530 2933 2866 37597 311 2760 208 2609 2534 394 253 141 106 2140 886 1254 208 830 355 37286 14054 2059 11995 7205 23232 19074 19031 3433 4158 2273
is_linear=0
shrinkage=0.03


Tree=288
num_leaves=31
num_cat=0
split_feature=25 14 12 4 4 7 26 27 6 27 14 12 1 16 4 4 4 15 15 4 28 25 4 28 1 12 25 25 15 12
split_gain=9551.09 31591.6 23786.2 12710.6 13593.2 10939.9 16195.5 10609.7 157208 23092.4 15906.4 25925.5 21982.2 19009.8 15653.7 18178.2 15571.6 30902.5 19748.2 25551.9 13777.5 18639.1 27255.8 25983.1 23213.1 15954.6 12980.9 16086.5 13015.3 12709.1
threshold=12.43125 85.125000000000014 41.885000000000005 100.50000000000001 102.50000000000001 4.6128472222222241 38282.301250000011 31804.515520833334 3.4971365638766523 33594.124322916679 88.801250000000024 57.817291666666669 4.5000000000000009 1239.2298985638229 327.50000000000006 325.50000000000006 94.500000000000014 203.73687500000003 113.92666666666668 240.50000000000003 37292.125000000007 174.64854166666666 275.50000000000006 27877.312500000004 2.5000000000000004 153.23479166666669 161.76687500000003 166.03687500000004 157.86203125000003 124.09562500000001
decision_type=8 10 10 2 2 2 10 8 2 8 10 10 2 10 2 2 2 10 10 2 10 10 2 10 2 10 10 10 10 10
left_child=1 3 -3 -1 -5 6 -6 8 -2 10 -9 12 13 -12 15 20 -13 18 19 -18 21 26 25 24 -24 -23 28 -28 -10 -20
right_child=7 2 -4 4 5 -7 -8 9 14 -11 11 16 -14 -15 -16 -17 17 -19 29 -21 -22 22 23 -25 -26 -27 27 -29 -30 -31
leaf_value=-0.29019784167745055 1.8847665174705226 0.65353343232733307 0.14650954013659059 0.5529887543665245 0.13542386578446305 0.07016564402867817 -0.44603599493320167 0.12698637078876313 0.094582099953320842 -0.0029058618761422963 -0.0099813146780176869 0.11313259516523351 -0.89271956607699388 -0.57773039946451465 0.44897339381669693 -0.61382135833181983 -0.087311182423102221 -0.49797449844827252 0.42753021881435854 -0.65569645822048184 -0.2844036757940327 0.39809498453332531 -0.72254435374324488 0.0034731090180791183 0.0010419201850891114 -0.00060888581104027149 0.64960115758357218 0.077316525919419343 -0.15088949481484501 -0.016472616753679642
leaf_weight=132 40 121 265 41 73 483 103 229 2037 30853 122 279 63 93 75 40 725 179 98 78 130 92 132 172 57 3145 80 98 214 140
leaf_count=132 40 121 265 41 73 483 103 229 2037 30853 122 279 63 93 75 40 725 179 98 78 130 92 132 172 57 3145 80 98 214 140
internal_value=9.64685e-05 0.0827938 0.306725 -0.0213409 0.0296995 -0.00364577 -0.20546 -0.00247701 0.0331432 -0.00932022 -0.107925 -0.138252 -0.403829 -0.257104 0.0210358 0.015785 -0.0887622 -0.134988 -0.0721546 -0.143269 0.0199744 0.0265858 -0.0167629 -0.263638 -0.505463 0.0108423 0.0907774 0.336715 0.0711888 0.167376
internal_weight=40389 1218 386 832 700 659 176 39171 6312 32859 2006 1777 278 215 6272 6197 1499 1220 1041 803 6157 6027 3598 361 189 3237 2429 178 2251 238
internal_count=40389 1218 386 832 700 659 176 39171 6312 32859 2006 1777 278 215 6272 6197 1499 1220 1041 803 6157 6027 3598 361 189 3237 2429 178 2251 238
is_linear=0
shrinkage=0.03


Tree=289
num_leaves=31
num_cat=0
split_feature=40 6 14 0 29 17 11 7 5 7 6 8 33 4 28 6 7 29 12 4 41 11 12 25 14 8 38 7 28 2
split_gain=12053.4 186754 12787.6 13223.6 11722.5 13287.2 11804.2 11570.4 11938.9 18732.9 11277.6 11184.1 15747.7 11400.4 11015.2 15088.1 15154.5 10615.4 14614 22797.6 13801.8 13739.4 12416.3 12936.4 18543.6 10557 10392.8 10379 10151.3 23196
threshold=-32.154999999999994 0.39295154185022024 53.360000000000007 14.500000000000002 24.985000000000003 2168.6323100000004 173.24500000000003 9.8107638888888911 37581.250000000007 6.8732638888888902 19.861013215859035 170.51250000000002 101.30250000000002 38.500000000000007 26366.375000000004 17.990528634361237 3.4531250000000004 121.29875000000001 84.866770833333348 64.500000000000014 11203.450096678402 524.47500000000002 81.147291666666675 129.79520833333336 130.76500000000001 3.3187500000000005 -84.064999999999984 3.7534722222222232 26978.437500000004 9.5000000000000018
decision_type=8 2 8 2 8 10 10 2 2 2 2 2 10 2 8 2 2 10 10 2 10 10 10 10 10 2 10 2 8 2
left_child=1 -1 3 10 6 7 -4 8 9 25 -2 12 13 -3 15 16 -10 18 19 20 -14 -19 23 24 -21 -6 -13 -27 29 -16
right_child=2 11 4 -5 5 -7 -8 -9 14 -11 -12 26 17 -15 28 -17 -18 21 -20 22 -22 -23 -24 -25 -26 27 -28 -29 -30 -31
leaf_value=2.0044936784547427 -0.17975164862887066 -0.46273293156372869 0.081917306963499539 0.053766013647838409 -0.0085077010234001719 -0.080699212466735434 -0.34565215717256065 -0.12687068769035653 -0.17132957581125322 -0.3305698793743338 -0.68715345713902609 -0.41323851988477223 -0.17584623390874635 -0.028861898991454856 -0.02232932936949808 0.030650173770343736 0.3495593533223989 -0.0095486203473426328 0.20536554309863148 0.093274969705431421 0.2951269419584423 0.49035683765130877 -0.2647145583746196 -0.41595152412972797 0.36179774540904402 0.065332160296448324 -0.011909132041346266 -0.28305710120681882 0.0058298748119466328 -0.70696282122094756
leaf_weight=42 398 56 1872 220 2053 2077 59 647 60 209 43 58 451 1251 182 931 293 1660 845 2194 63 50 80 40 258 108 3704 264 20237 58
leaf_count=42 398 56 1872 220 2053 2077 59 647 60 209 43 58 451 1251 182 931 293 1660 845 2194 63 50 80 40 258 108 3704 264 20237 58
internal_value=0.00416228 0.0313791 -0.00568783 -0.136062 -0.00271672 -0.00780293 0.0686812 -0.00175388 0.00156951 -0.0587413 -0.230669 0.0234549 0.046011 -0.0477912 0.00887204 0.0940742 0.260789 0.0677492 0.0948864 0.0645785 -0.117659 0.00534655 0.101029 0.112872 0.121665 -0.035187 -0.0182047 -0.182008 0.00352515 -0.190029
internal_weight=40463 10752 29711 661 29050 27119 1931 25042 24395 2634 441 10710 6948 1307 21761 1284 353 5641 3931 3086 514 1710 2572 2492 2452 2425 3762 372 20477 240
internal_count=40463 10752 29711 661 29050 27119 1931 25042 24395 2634 441 10710 6948 1307 21761 1284 353 5641 3931 3086 514 1710 2572 2492 2452 2425 3762 372 20477 240
is_linear=0
shrinkage=0.03


Tree=290
num_leaves=31
num_cat=0
split_feature=8 6 4 14 10 15 38 18 13 13 4 14 39 18 14 15 5 26 30 13 4 16 15 35 4 39 10 4 28 15
split_gain=10300.3 18426.2 14967.9 20428.4 18801.1 12025.1 13406.7 19948.3 11985.8 12062.7 12582.1 11206.5 12918 15979 26017 16863.5 14835.5 247141 13598.2 24043.5 14790.6 14424.9 16527 14269.4 13812.4 13384.8 16400.9 20790.6 13135.3 13256.7
threshold=426.93125000000003 23.404625550660793 242.50000000000003 235.02500000000003 57.172500000000007 4.0881250000000007 -59.434999999999995 1.5000000000000002 345.17000000000002 0.64375000000000016 241.50000000000003 38.355000000000011 -63.528749999999988 1.0000000180025095e-35 114.99500000000002 150.76333333333335 67650.562500000015 33988.626250000008 116.73500000000001 68.936250000000015 146.50000000000003 10338.810056074257 86.968281250000004 145.46750000000003 14.500000000000002 -4.842499999999986 139.88125000000002 22.500000000000004 38972.531250000007 75.354322916666675
decision_type=2 2 2 10 10 8 10 2 10 10 2 8 10 2 10 10 2 10 10 10 2 10 10 10 2 10 10 2 10 8
left_child=1 11 5 -4 -5 -2 7 -7 9 10 -3 -1 13 14 15 -13 18 -18 19 28 -21 23 -23 24 -20 26 -19 -28 -14 -30
right_child=2 8 3 4 -6 6 -8 -9 -10 -11 -12 12 16 -15 -16 -17 17 25 21 20 -22 22 -24 -25 -26 -27 27 -29 29 -31
leaf_value=-0.13290973467772152 0.27669239902791892 0.14562596968761485 -0.054532045812507292 -0.95817435877663737 -0.26263258605382661 -0.11877613969695042 -0.015388670908433958 -0.83790928261620656 0.49415882984204079 0.025898502145273134 0.59012760483301596 0.023504310185142322 0.023844539980849986 -0.027014806759809978 0.14682153120710797 -0.33305443681240082 2.3115722292107201 0.02995422862461446 -0.31507062388571999 0.17290209064708575 0.028769655766282112 -0.79773723959922782 -0.11677626497027549 -0.27496899758514604 -0.029240077357496719 -0.025041294766516512 0.70577150160446755 0.14610442394018172 -0.018310101892780383 -0.11650629635724939
leaf_weight=563 120 498 565 41 219 203 5142 41 66 1080 64 2654 3859 2360 2130 124 42 748 154 1000 1782 47 98 227 8341 1976 79 239 4208 1752
leaf_count=563 120 498 565 41 219 203 5142 41 66 1080 64 2654 3859 2360 2130 124 42 748 154 1000 1782 47 98 227 8341 1976 79 239 4208 1752
internal_value=-0.00181278 0.00471361 -0.0369511 -0.156038 -0.375565 -0.0190824 -0.0257224 -0.242541 0.10072 0.0846147 0.197204 -0.00035308 0.00199638 0.0371257 0.0679668 0.00747468 -0.00840386 0.053113 -0.0172432 0.00278594 0.0806221 -0.0457039 -0.341454 -0.0407486 -0.0344582 0.0211817 0.106806 0.286918 -0.0192732 -0.0471905
internal_weight=40422 34091 6331 825 260 5506 5386 244 1708 1642 562 32383 31820 7268 4908 2778 24552 3084 21468 12601 2782 8867 145 8722 8495 3042 1066 318 9819 5960
internal_count=40422 34091 6331 825 260 5506 5386 244 1708 1642 562 32383 31820 7268 4908 2778 24552 3084 21468 12601 2782 8867 145 8722 8495 3042 1066 318 9819 5960
is_linear=0
shrinkage=0.03


Tree=291
num_leaves=31
num_cat=0
split_feature=40 32 29 39 5 7 39 10 5 7 4 11 39 28 16 1 14 30 14 26 15 27 4 5 16 12 12 10 5 27
split_gain=12021.2 120725 206072 12608.6 20034.7 11394 11526.5 12350.1 11370.2 11605.2 11134.8 10774.1 10754.3 10295.9 14918.6 11765.1 10164.4 21425.2 14597.7 13921.1 16176.9 14596.3 12822.4 12520.8 9838.33 16404.4 18178 14640.4 12656.3 16369.7
threshold=-32.724999999999994 264.94500000000005 307.8925000000001 -7.8749999999999991 62718.750000000007 4.4531250000000009 7.454999999999985 380.06500000000005 35196.562500000007 6.9010416666666687 348.50000000000006 570.0150000000001 -193.43999999999997 53368.219218750011 7904.6729567890097 4.5000000000000009 306.51000000000005 334.69500000000005 300.62125000000009 24882.500000000004 272.38666666666671 48400.291666666672 174.50000000000003 49602.687500000007 5688.1073892065997 57.817291666666669 55.370104166666671 -0.0099999999999999482 54656.250000000007 41481.573385416676
decision_type=8 10 10 10 2 2 10 10 2 2 2 10 10 10 8 2 10 10 10 10 10 10 2 2 8 10 10 10 2 10
left_child=1 3 -3 11 -5 16 8 -8 9 -7 -10 12 -1 14 -12 -16 18 19 -2 23 21 22 -21 -18 27 26 -26 -14 -27 -30
right_child=5 2 -4 4 -6 6 7 -9 10 -11 13 -13 24 -15 15 -17 17 -19 -20 20 -22 -23 -24 -25 25 28 -28 -29 29 -31
leaf_value=-0.3573591203031255 0.010116313950810349 2.6792014698211739 -0.32164613346968379 -0.033102803802297957 -0.75606023065745831 -0.082736984282037671 -0.37530942794902677 0.17647480422630907 -0.01019008571425987 -0.40610808502882717 -0.59237641827384035 0.49195506204258305 -0.18705424329701678 0.1948925732962693 -0.1992587750047036 0.10443463583978323 0.24784135392308232 -0.04282939172115327 -0.37399291188518208 0.605735453453635 -0.040894735109932877 -0.15813973111325297 0.2034179754701794 0.93163421890565323 -0.037273102291492444 0.001335073779263355 -0.43569085963418552 0.069587878250618962 0.36012729171412944 0.070446377236306298
leaf_weight=66 8407 40 41 123 47 726 155 47 18472 115 66 43 209 78 436 155 59 543 89 118 234 57 182 41 2814 1830 106 4244 222 829
leaf_count=66 8407 40 41 123 47 726 155 47 18472 115 66 43 209 78 436 155 59 543 89 118 234 57 182 41 2814 1830 106 4244 222 829
internal_value=0.000773869 0.0282096 1.17486 0.0192811 -0.236232 -0.00894 -0.0217596 -0.246687 -0.0194811 -0.127385 -0.01475 0.0234951 0.0214957 -0.129181 -0.167893 -0.119568 0.0177396 0.0981584 0.00604903 0.208851 0.152915 0.279709 0.36315 0.534645 0.0239688 -0.00177858 -0.0518804 0.0575032 0.0490019 0.131919
internal_weight=40594 10614 81 10533 170 29980 20250 202 20048 841 19207 10363 10320 735 657 591 9730 1234 8496 691 591 357 300 100 10254 5801 2920 4453 2881 1051
internal_count=40594 10614 81 10533 170 29980 20250 202 20048 841 19207 10363 10320 735 657 591 9730 1234 8496 691 591 357 300 100 10254 5801 2920 4453 2881 1051
is_linear=0
shrinkage=0.03


Tree=292
num_leaves=31
num_cat=0
split_feature=4 15 41 34 6 1 5 4 23 4 15 26 12 26 30 29 12 6 13 16 12 31 40 15 7 8 39 10 4 31
split_gain=10468.7 14337.4 15303.3 12690.1 11585.4 13447.1 11482.9 22335.8 19415.6 21663.6 18905.3 26154.9 19262.4 24178.8 18346.5 73015.4 23277.7 32290.4 20799.1 18381.9 17597.4 16699.4 16397 15924.8 15788.7 15677.6 20582 19426.7 18079 19845.6
threshold=348.50000000000006 74.304300000000012 3905.4187181298516 36.955000000000005 0.39295154185022024 1.0000000180025095e-35 44406.250000000007 258.50000000000006 2.5000000000000004 164.50000000000003 100.28041666666668 36001.165000000008 124.95796875000001 40734.160000000011 297.03000000000003 257.12000000000006 272.38666666666671 3.1949339207048464 225.04500000000004 4025.959367945185 75.283958333333345 404.31000000000006 34.675000000000004 4.0881250000000007 6.6579861111111134 274.73125000000005 -62.842499999999994 255.00500000000002 207.50000000000003 319.93000000000001
decision_type=2 10 8 10 2 2 2 2 2 2 10 10 10 10 10 10 10 2 10 10 10 10 10 8 2 2 10 10 2 10
left_child=6 2 -2 -4 -3 -6 7 -1 9 22 -9 -12 13 20 16 -16 19 -18 -19 23 -13 -17 -8 -10 -14 26 27 -11 29 -27
right_child=1 4 3 -5 5 -7 8 10 14 25 11 12 24 -15 15 21 17 18 -20 -21 -22 -23 -24 -25 -26 28 -28 -29 -30 -31
leaf_value=-0.0024856083735844371 0.25458021709229794 -0.5721881662996916 0.34218627838031296 -0.16901010685198009 -0.3730134196449672 -0.071732586761791173 -0.035111541807759779 -0.027183132524251797 0.55949833658792203 0.16136346060044895 -0.07484876231448688 -0.38950184424446055 -0.093184514444990027 0.052886555503037835 1.4390052042688641 -0.043266582649257312 -0.99689523000312452 -0.47481983312350862 0.21720841097928908 -0.047815255141588589 -1.0271994940241178 0.52786178469657896 -0.50278014133519988 0.06440244235323106 -0.70196069116177762 0.095821786875460904 0.035776419597017099 0.73250528849404428 -0.086830683972500045 -0.49362528918517956
leaf_weight=10886 207 51 52 249 154 960 8825 1525 58 728 758 72 233 43 41 198 43 67 91 1483 89 59 67 6766 45 1075 4000 57 1717 53
leaf_count=10886 207 51 52 249 154 960 8825 1525 58 728 758 72 233 43 41 198 43 67 91 1483 89 59 67 6766 45 1075 4000 57 1717 53
internal_value=-0.00280486 -0.0762663 0.0566523 -0.0798565 -0.134225 -0.113679 0.000350024 -0.0218285 0.0123039 -0.0068722 -0.0979543 -0.184899 -0.357453 -0.578315 0.0482793 0.279264 0.040157 -0.278059 -0.0773873 0.0478893 -0.746183 0.0893863 -0.0386915 0.0686918 -0.19389 0.0302102 0.0633641 0.203714 -0.025554 0.0677134
internal_weight=40652 1673 508 301 1165 1114 38979 13651 25328 16522 2765 1240 482 204 8806 298 8508 201 158 8307 161 257 8892 6824 278 7630 4785 785 2845 1128
internal_count=40652 1673 508 301 1165 1114 38979 13651 25328 16522 2765 1240 482 204 8806 298 8508 201 158 8307 161 257 8892 6824 278 7630 4785 785 2845 1128
is_linear=0
shrinkage=0.03


Tree=293
num_leaves=31
num_cat=0
split_feature=40 5 32 7 3 4 13 16 28 5 37 28 25 7 13 1 29 6 1 34 39 8 15 1 12 25 4 4 13 23
split_gain=11917.8 19080.9 81946 16718 26171.7 26267.3 14343.9 12617.4 11964.1 21837.1 26655.7 80875.5 26010.5 16798.5 18745.4 15794.4 15264.3 13289.7 12970.5 13250.9 12695.7 12311 13018.5 15982.6 12676.7 19052.5 18378.9 22790.3 19662.3 24319.1
threshold=2.5099999999999949 71712.500000000015 264.94500000000005 4.1927083333333348 1.0000000180025095e-35 126.50000000000001 1.0150000000000003 5205.1783118534104 43899.500000000007 54151.125000000007 -20.489999999999998 33202.301071428585 282.46229166666677 8.6788194444444482 34.735000000000007 3.5000000000000004 174.82875000000001 17.914096916299567 1.0000000180025095e-35 471.74000000000007 -17.345000000000002 643.2750000000002 77.63375000000002 4.5000000000000009 24.694791666666671 47.685468750000005 259.50000000000006 262.50000000000006 159.70000000000002 2.5000000000000004
decision_type=10 2 10 2 2 2 10 10 10 2 8 10 10 2 10 2 10 2 2 10 8 2 10 2 10 10 2 2 10 2
left_child=1 8 -3 -2 6 -6 -5 -8 9 13 11 -11 20 21 -15 -10 -17 -16 -14 -20 -12 24 -23 -24 25 -1 -26 -28 -29 -30
right_child=3 2 -4 4 5 -7 7 -9 15 10 12 -13 18 14 17 16 -18 -19 19 -21 -22 22 23 -25 26 -27 27 28 29 -31
leaf_value=-0.012320505267287457 0.034333708370040787 0.075435866275201588 1.3287752304758342 0.076689696995897241 -0.96814568516280908 -0.1816669115290713 -0.060024774061479269 -0.3770104909097326 -0.073123079223122125 1.4727565674578889 0.14418642676106377 0.15762465965299105 -0.49121416717432853 -0.020384342752237022 -0.19116803640052826 0.033551510486416122 -0.25298306622116246 -0.64859722834957001 -0.0090317641173228227 -0.54653983075171708 0.025329544139446453 0.0027956261422480439 -0.093843073227959289 -0.45286063124702586 0.044791600807791626 -0.24384079806131137 -0.31428632727103251 0.0069967158910229582 -0.02767114776334945 -0.62182765834395159
leaf_weight=2113 2377 1127 48 711 53 133 4460 115 3647 46 1485 406 88 837 371 3062 176 67 295 47 1776 796 457 147 11455 376 238 3436 156 102
leaf_count=2113 2377 1127 48 711 53 133 4460 115 3647 46 1485 406 88 837 371 3062 176 67 295 47 1776 796 457 147 11455 376 238 3436 156 102
internal_value=0.00111326 0.00906979 0.127722 -0.0320864 -0.0609399 -0.40975 -0.048591 -0.0680734 0.00465103 0.0144014 0.0772247 0.294421 0.0505542 0.00173332 -0.103684 -0.030317 0.0179038 -0.262458 -0.168504 -0.0842779 0.0794824 0.00871112 -0.0769275 -0.181824 0.015422 -0.0473789 0.0255831 -0.0303736 -0.0120013 -0.264064
internal_weight=40603 32754 1175 7849 5472 186 5286 4575 31579 24694 4143 452 3691 20551 1275 6885 3238 438 430 342 3261 19276 1400 604 17876 2489 15387 3932 3694 258
internal_count=40603 32754 1175 7849 5472 186 5286 4575 31579 24694 4143 452 3691 20551 1275 6885 3238 438 430 342 3261 19276 1400 604 17876 2489 15387 3932 3694 258
is_linear=0
shrinkage=0.03


Tree=294
num_leaves=31
num_cat=0
split_feature=0 8 5 33 7 39 35 8 40 24 25 26 1 29 12 25 13 25 4 40 12 4 37 24 13 15 35 13 1 32
split_gain=11628.9 21713.1 18592.6 20833.4 16766.6 14016.6 13119.2 13781.4 12635 22011.3 94294.1 15476 19025 12901.5 19122.1 25415.5 14841.9 17875.8 13536.5 16255.6 15302.9 15382.8 13211.9 12482.3 18800.8 14568.9 12331.8 12227.1 12923.2 13550.3
threshold=13.500000000000002 153.73125000000002 41043.750000000007 149.31500000000003 3.220486111111112 -21.953749999999996 -21.819999999999993 17.006250000000005 1.3999999999999952 410.02500000000003 406.63729166666673 26307.380000000001 3.5000000000000004 159.18000000000004 86.420260416666693 98.210000000000022 -1.0162499999999997 121.71145833333334 84.500000000000014 -38.044999999999987 42.728750000000012 251.50000000000003 -7.3600000000000056 379.87500000000006 281.36500000000007 513.26479166666684 -17.391250000000003 47.020000000000003 1.5000000000000002 170.95500000000001
decision_type=2 2 2 10 2 10 10 2 8 10 10 8 2 10 10 10 10 10 2 10 10 2 10 10 10 10 10 10 2 10
left_child=1 8 3 -3 -2 -6 7 -7 9 11 -11 12 -1 14 15 18 -17 -18 -13 20 -20 26 -15 -10 -25 -26 -22 28 -16 -30
right_child=4 2 -4 -5 5 6 -8 -9 23 10 -12 13 -14 22 27 16 17 -19 19 -21 21 -23 -24 24 25 -27 -28 -29 29 -31
leaf_value=0.036722819793224337 0.13773266065489756 -0.14150745692777844 -0.048803936852362631 -0.62481648188416317 0.032481670125978877 -0.47386434439326758 -0.014822507045211543 -0.067584979416777005 -0.034705968224730578 1.6085962571312742 -0.014771358041179102 -0.072306264011858079 0.4920377722337046 -0.26836151447216372 0.39447379904920638 0.2210067689155831 -0.20880874660898405 -0.74447259752105355 0.025000488055885076 -0.025806421377595617 0.26753677502350798 0.07809787241532605 -0.037064886483961217 -0.65664558663561534 0.10667788671377378 -0.48548161189393563 0.80369710095723468 0.04228718054571428 0.17590878954169847 -0.20330162418314388
leaf_weight=224 965 396 5805 100 9415 114 6230 218 3162 40 150 1815 130 268 183 50 248 72 1606 2877 292 506 1282 73 116 54 44 3608 442 104
leaf_count=224 965 396 5805 100 9415 114 6230 218 3162 40 150 1815 130 268 183 50 248 72 1606 2877 292 506 1282 73 116 54 44 3608 442 104
internal_value=-0.00260729 -0.0161989 -0.0638909 -0.24001 0.0163633 0.00902446 -0.0246312 -0.208095 0.00112804 0.0137825 0.333623 0.00933923 0.204844 0.00415834 0.014809 -0.0141554 -0.256249 -0.331277 -0.00157583 0.0225413 0.0793491 0.182859 -0.0772041 -0.0506714 -0.257426 -0.0831589 0.339925 0.0649559 0.176937 0.103439
internal_weight=40589 23647 6301 496 16942 15977 6562 332 17346 13941 190 13751 354 13397 11847 7510 370 320 7140 5325 2448 842 1550 3405 243 170 336 4337 729 546
internal_count=40589 23647 6301 496 16942 15977 6562 332 17346 13941 190 13751 354 13397 11847 7510 370 320 7140 5325 2448 842 1550 3405 243 170 336 4337 729 546
is_linear=0
shrinkage=0.03


Tree=295
num_leaves=31
num_cat=0
split_feature=8 6 23 29 11 25 4 1 6 11 6 15 40 4 4 36 4 9 27 37 31 25 26 40 17 0 24 4 32 24
split_gain=11596.6 17345.1 14547.1 42252.6 18359.5 11430 19872.7 21353.7 26189.7 18851 63961.2 25478.8 16936.5 14238.3 12776.8 14849.8 14836.8 12970.8 14510 25075.1 20392.9 12839.1 11694.5 10630.9 10514.2 16514 13452.4 12021.6 12963.2 15780.6
threshold=648.94375000000014 28.963876651982382 4.5000000000000009 -15.628749999999998 185.09500000000003 443.54708333333343 244.50000000000003 3.5000000000000004 17.634140969163003 367.71000000000009 2.8568281938325999 296.20833333333337 -28.764999999999997 227.50000000000003 222.50000000000003 55.875000000000021 239.50000000000003 494.55500000000006 27049.395833333336 72.695000000000022 275.28500000000003 343.15729166666671 26307.380000000001 10.019999999999991 1182.6522750000001 11.500000000000002 26.851250000000004 349.50000000000006 359.87500000000006 427.28500000000003
decision_type=2 2 2 10 10 10 2 2 2 10 2 10 10 2 2 10 2 10 10 10 10 10 10 10 10 2 10 2 10 10
left_child=1 5 -2 -4 -5 9 13 12 -9 24 -11 -12 -8 -7 15 21 -16 18 19 20 -18 -13 -14 -15 27 -26 -27 28 29 -1
right_child=2 -3 3 4 -6 6 7 8 -10 10 11 14 22 23 16 -17 17 -19 -20 -21 -22 -23 -24 -25 25 26 -28 -29 -30 -31
leaf_value=0.014074215126140543 -0.01779947845830402 0.18300757341115259 -1.1274009737136161 -0.053072713064931089 -0.58348063535550065 -0.15548995463088863 -0.59504489421844475 -1.1908550865753835 -0.19890264671582442 1.2999071867291521 -0.59260582239069837 0.087031910819216421 -0.30798057386508354 0.31377398591252825 0.69922834445448478 0.37829135049879548 1.1732367372512815 -0.31979279396326643 0.046991028870855059 -0.10131414493080228 0.37742735081613066 -0.37438827189175705 0.25954001204195348 -0.088367882355263355 -0.1009853031869665 0.068410821018803594 -0.042367252251099038 -0.084301332880893684 0.4658822893821879 -0.45034477637572723
leaf_weight=28850 1380 491 40 433 67 251 49 45 51 40 46 103 51 157 50 59 41 45 230 63 99 113 87 94 2108 1653 2444 1166 56 65
leaf_count=28850 1380 491 40 433 67 251 49 45 51 40 46 103 51 157 50 59 41 45 230 63 99 113 87 94 2108 1653 2444 1166 56 65
internal_value=0.00243441 0.00602299 -0.0695027 -0.201356 -0.12517 0.00373237 -0.109481 -0.310035 -0.671364 0.0061223 0.14253 0.0865362 -0.121956 0.00397191 0.12613 -0.0396068 0.212362 0.160081 0.210575 0.394777 0.617154 -0.154972 0.0490973 0.163418 0.00278165 -0.0327771 0.00233372 0.0101038 0.0139061 0.0130147
internal_weight=40427 38507 1920 540 500 38016 785 283 96 37231 889 849 187 502 803 275 528 478 433 203 140 216 138 251 36342 6205 4097 30137 28971 28915
internal_count=40427 38507 1920 540 500 38016 785 283 96 37231 889 849 187 502 803 275 528 478 433 203 140 216 138 251 36342 6205 4097 30137 28971 28915
is_linear=0
shrinkage=0.03


Tree=296
num_leaves=31
num_cat=0
split_feature=16 8 0 6 12 9 9 14 24 16 13 13 41 31 7 31 13 12 6 4 4 6 3 10 37 11 4 31 36 7
split_gain=9537.37 9187.49 19430.5 14413.5 15503.8 33336.9 23461.9 18473.4 15974.7 15247 15278.4 14716.3 14378.4 13945.7 13711.8 13483.3 13386.9 12609 13862.9 12458.3 16531.9 23394.9 14355.6 20128.2 13832.7 13892 12975.8 12863.2 12344.6 12702.2
threshold=101.4483514853366 228.15625000000003 11.500000000000002 20.949999999999999 87.368645833333332 84.205000000000027 90.595000000000013 131.75250000000003 127.73500000000001 5562.0051106596266 293.64000000000004 42.035000000000004 1975.8263073556775 424.91000000000003 11.411458333333337 150.85375000000002 33.412500000000001 131.39895833333335 10.695154185022028 348.50000000000006 342.50000000000006 1.6649779735682821 1.0000000180025095e-35 190.03500000000005 82.13000000000001 570.0150000000001 305.50000000000006 372.84000000000009 82.045000000000002 3.017361111111112
decision_type=8 2 2 2 8 10 8 10 10 10 10 10 8 10 2 10 10 10 2 2 2 2 2 8 8 10 2 10 10 2
left_child=-1 3 -3 4 5 7 17 -2 -7 10 16 -9 -10 -12 19 -11 -5 -6 -19 20 22 -22 24 26 25 28 -24 -21 29 -8
right_child=1 2 -4 9 6 8 14 11 12 15 13 -13 -14 -15 -16 -17 -18 18 -20 27 21 -23 23 -25 -26 -27 -28 -29 -30 -31
leaf_value=0.13530349927279822 -0.0079358674719637156 -0.10574245848600076 -0.0062120544602086384 0.1110418757493782 0.11694502147147615 -0.092856682977427774 0.17186314523474058 0.23382172984276542 -0.74986368334293363 0.5592608283162116 0.70940269249980736 -0.16463930909733962 -0.21573173278315388 0.11691245715464314 -0.34340362242251937 -0.051080654971301556 -0.04837482653707266 0.8260858827951002 0.085778480944308358 -0.062614745708813507 -0.30469488418298002 0.35883369742892679 -0.56735015246101606 0.19466876501511585 -0.14196812033464948 0.40246333425017916 0.0014353536125623954 -0.46085388848580505 0.33700072491474981 0.012470998556222766
leaf_weight=456 10173 2185 9173 1001 1266 2460 472 484 59 104 58 100 192 92 97 47 899 48 43 610 58 255 117 75 454 87 52 82 111 9249
leaf_count=456 10173 2185 9173 1001 1266 2460 472 484 59 104 58 100 192 92 97 47 899 48 43 610 58 255 117 75 454 87 52 82 111 9249
internal_value=-0.000971788 -0.00252467 -0.0253669 0.00650153 0.000383057 -0.0222075 0.0236508 0.00149056 -0.116205 0.0802565 0.0587295 0.165427 -0.343762 0.34919 0.00997093 0.370201 0.0356268 0.141695 0.481005 0.0129496 0.0207686 0.235301 0.0144224 -0.212557 0.0197815 0.0271985 -0.39336 -0.110402 0.0238373 0.0202271
internal_weight=40559 40103 11358 28745 26544 13468 13076 10757 2711 2201 2050 584 251 150 11719 151 1900 1357 91 11622 10930 313 10617 244 10373 9919 169 692 9832 9721
internal_count=40559 40103 11358 28745 26544 13468 13076 10757 2711 2201 2050 584 251 150 11719 151 1900 1357 91 11622 10930 313 10617 244 10373 9919 169 692 9832 9721
is_linear=0
shrinkage=0.03


Tree=297
num_leaves=31
num_cat=0
split_feature=6 1 16 12 34 28 6 25 12 13 12 28 15 4 6 28 14 28 38 6 7 28 36 11 15 6 25 14 28 6
split_gain=11238.3 10954.5 11080.6 8996.18 18000 12999.7 265794 19836.8 21148.4 27659.5 24793.9 38753.2 22629.6 18623.8 17608.6 17380.6 43338.7 20348.9 26329.3 24305.6 18419 22876.7 19058.8 18698 18646.7 32571.9 30039.7 26013.1 33351.1 23234.8
threshold=33.836563876651994 2.5000000000000004 1123.5434410140313 20.943177083333335 134.50500000000002 39105.250000000007 0.684581497797357 48.726458333333333 87.752083333333346 38.885000000000005 81.147291666666675 39420.500000000007 315.7247916666667 4.5000000000000009 0.39295154185022024 38461.924843750006 286.06000000000006 38097.375000000007 1.3162499999999968 21.175770925110132 5.4079861111111134 37897.937500000007 -3.9387499999999984 103.92625000000001 142.67291666666668 16.761453744493398 126.10145833333334 179.53500000000003 35390.20171875001 4.5588105726872259
decision_type=2 2 8 8 10 10 2 8 10 10 10 10 10 2 2 8 10 10 10 2 2 10 8 10 10 2 10 10 10 2
left_child=3 2 -2 4 -1 6 -5 -7 10 -10 -9 -12 13 -11 -14 17 -17 20 -19 -20 22 24 -8 -23 25 -22 -26 -27 -29 -28
right_child=1 -3 -4 5 -6 7 15 8 9 12 11 -13 14 -15 -16 16 -18 18 19 -21 21 23 -24 -25 26 27 29 28 -30 -31
leaf_value=-0.060269148588551612 0.12975985399701379 -0.0059556773009641871 0.80680545043945306 2.4361043011560675 0.48765066124092449 0.047410841298358583 0.15668071372866704 -0.041176912856092249 0.18511409934439363 -0.41428878249484113 -0.9312319615239002 -0.15230068250876577 -0.65728926766982732 0.0063066402501604129 -0.13647389049298009 0.083301208492528617 1.0585821730749949 -0.032877481701035119 -0.17641667711976411 -0.82023265553750546 0.075467131258318679 0.13258209675219323 0.027488369046824602 0.82937276221336198 -0.3852864673412103 -0.05160291619960837 -0.70883977696299549 -0.067050610000213381 -0.88037246237440803 -0.041935040742806622
leaf_weight=2879 43 81 44 40 54 4049 1224 6523 708 95 60 1016 72 7279 297 1755 41 611 147 82 2683 134 6385 46 277 1481 47 102 81 2311
leaf_count=2879 43 81 44 40 54 4049 1224 6523 708 95 60 1016 72 7279 297 1755 41 611 147 82 2683 134 6385 46 277 1481 47 102 81 2311
internal_value=0.0015928 0.245724 0.477451 0.000573535 -0.0500185 0.00452689 0.0234729 -0.0119196 -0.0268892 0.00576611 -0.0632017 -0.19656 -0.0106548 0.000832626 -0.239598 0.0177892 0.106142 0.00761834 -0.135922 -0.409517 0.0157898 -0.018739 0.0482884 0.314249 -0.0273674 0.0108053 -0.0903216 -0.0934368 -0.429874 -0.0555227
internal_weight=40647 168 87 40479 2933 37546 17447 20099 16050 8451 7599 1076 7743 7374 369 17407 1796 15611 840 229 14771 7162 7609 180 6982 4347 2635 1664 183 2358
internal_count=40647 168 87 40479 2933 37546 17447 20099 16050 8451 7599 1076 7743 7374 369 17407 1796 15611 840 229 14771 7162 7609 180 6982 4347 2635 1664 183 2358
is_linear=0
shrinkage=0.03


Tree=298
num_leaves=31
num_cat=0
split_feature=7 28 8 32 5 11 0 17 10 0 28 12 28 36 11 32 5 0 4 4 34 21 14 15 7 13 14 41 39 27
split_gain=11850.1 13152.8 12354 18977 17407.6 12155.7 10677.1 12028.6 13211.7 11978 12593.5 15185.3 12733.2 10319.2 69944.2 13840.2 14458.1 19618.5 13515.8 17792.4 13409.7 12585.5 11808.1 17881.4 10888 14129.8 10144.3 16791.8 13550.2 12257.4
threshold=3.9045138888888897 23666.437500000004 771.49375000000009 -0.49749999999999994 41843.750000000007 -23.451249999999998 13.500000000000002 1272.1377000000002 1.0000000180025095e-35 22.500000000000004 25936.687500000004 458.07729166666678 26142.937500000004 -1.0100000000000031 320.88000000000005 236.91500000000002 39500.687500000007 7.5000000000000009 261.50000000000006 293.50000000000006 182.59000000000003 1.0000000180025095e-35 559.03500000000008 458.07729166666678 6.4045138888888902 0.85125000000000017 96.010000000000005 -12048.854118306437 -51.859999999999985 35898.458333333343
decision_type=2 8 2 10 2 8 2 10 8 2 10 10 10 8 8 10 2 2 2 2 10 2 10 10 2 10 10 8 10 10
left_child=1 -1 5 -4 -5 -2 7 8 -7 10 -8 12 -12 14 20 16 17 18 21 24 26 -15 23 -18 25 -20 -10 -28 29 -29
right_child=2 -3 3 4 -6 6 9 -9 13 -11 11 -13 -14 15 -16 -17 22 -19 19 -21 -22 -23 -24 -25 -26 -27 27 28 -30 -31
leaf_value=-0.30329070149694831 0.33197806374022837 0.038129948915029695 0.38750396414913918 -0.7517431118947111 -0.16331690126210452 -0.24351204790542477 0.16691237296017788 -0.089859598348821831 -0.031984590007449111 -0.067147960467083906 -0.45108456309598227 -0.46508572182412872 0.019372907278199 -0.0012071626637481494 1.2124599062854593 -0.18416637112063489 -0.0041496400096182615 -0.39068020493615396 -0.69669980909675355 0.080766100509248623 -0.22295536604679025 -0.46814072751336627 0.21348967136098787 -0.44958296277174131 -0.62951479298727853 -0.097694761912612352 -0.25996588602962106 0.35687454318159845 0.023009666496731133 0.10280433830928838
leaf_weight=102 94 7262 43 56 224 222 511 2136 2070 1550 51 58 12153 1370 43 492 7481 180 44 130 210 53 220 81 83 169 148 210 2246 908
leaf_count=102 94 7262 43 56 224 222 511 2136 2070 1550 51 58 12153 1370 43 492 7481 180 44 130 210 53 220 81 83 169 148 210 2246 908
internal_value=-0.00106938 0.0333603 -0.00869864 -0.193042 -0.283259 -0.00688373 -0.00786438 -0.0229217 -0.0141772 0.0115802 0.0211383 0.0150503 0.0173701 -0.0110075 0.0208674 -0.0290598 -0.0212636 -0.0925646 -0.0633476 -0.211378 0.0118132 -0.0189148 -0.00266378 -0.00897969 -0.339525 -0.22411 0.0206838 0.0517271 0.0655133 0.150804
internal_weight=40600 7364 33236 323 280 32913 32819 18496 16360 14323 12773 12262 12204 16138 5835 10303 9811 2029 1849 426 5792 1423 7782 7562 296 213 5582 3512 3364 1118
internal_count=40600 7364 33236 323 280 32913 32819 18496 16360 14323 12773 12262 12204 16138 5835 10303 9811 2029 1849 426 5792 1423 7782 7562 296 213 5582 3512 3364 1118
is_linear=0
shrinkage=0.03


Tree=299
num_leaves=31
num_cat=0
split_feature=6 24 5 27 39 27 5 32 4 2 16 7 24 12 27 6 27 27 28 25 4 7 32 41 7 6 32 14 4 28
split_gain=13346.8 11652.8 10364.9 91728.3 17439.2 19129.5 15688.5 14315.7 14146 14004.2 13936.2 13508.1 11972 19670 17780.2 19587.4 15684.3 18373.3 15559.2 14098 13223.5 18062.4 12505.8 11503.2 11191.4 14776.6 11589.5 11125.3 11751 16407.2
threshold=33.836563876651994 132.66500000000002 59563.500000000007 30324.104166666672 -8.1499999999999968 42040.416666666679 78275.000000000015 264.94500000000005 84.500000000000014 3.5000000000000004 11815.888009265436 9.3559027777777803 97.802500000000023 89.961614583333358 39667.731197916677 10.8352422907489 47624.250000000007 45252.807968750007 43899.500000000007 81.049791666666678 16.500000000000004 5.5329861111111134 10.001250000000001 5550.0538319538255 8.6788194444444482 17.813215859030844 117.66500000000001 353.65125000000006 70.500000000000014 34631.312500000007
decision_type=2 10 2 8 10 8 2 8 2 2 10 2 8 10 10 2 10 10 10 10 2 2 10 8 2 2 10 10 2 10
left_child=2 -2 7 -4 5 -5 -7 8 10 -9 12 -12 13 16 -15 -16 17 19 -19 22 21 -14 23 -1 -10 -26 -27 28 -22 -30
right_child=1 -3 3 4 -6 6 -8 9 24 -11 11 -13 20 14 15 -17 -18 18 -20 -21 27 -23 -24 -25 25 26 -28 -29 29 -31
leaf_value=-0.14452237312576824 0.11996969424438576 0.70326534390449524 1.0811857869174031 0.21570284509833565 -0.02487883947187676 0.028193432792539917 0.59214234672114252 -0.029346249717385021 0.0059220240078813819 -0.48599590288626177 -0.60968349754055839 -0.086108479977232727 0.14925069025584628 0.68736202466555607 0.19288563249563262 -0.48586178643798283 -0.23159182082492438 0.58472401634506554 0.086345235596482564 -0.32216112519102169 -0.039571846807765633 -0.58629519534220387 -0.086122603168597392 0.19320105073644833 -0.040636359445965213 -0.1979469361987683 -0.75837771952152244 0.28183101077058481 0.0079520870083752953 -0.39531517924100623
leaf_weight=123 118 41 73 630 3927 3330 44 133 26223 110 78 102 41 54 294 43 337 68 311 159 763 108 976 339 1371 165 41 69 146 239
leaf_count=123 118 41 73 630 3927 3330 44 133 26223 110 78 102 41 54 294 43 337 68 311 159 763 108 976 339 1371 165 41 69 146 239
internal_value=0.000377047 0.273835 -0.000708704 0.0298502 0.0200382 0.0640867 0.0357211 -0.00828359 -0.00654059 -0.237205 -0.0575082 -0.315106 -0.0460411 -0.00945807 0.187062 0.105099 -0.0427452 -0.0104372 0.177068 -0.0550188 -0.118397 -0.384251 -0.0252774 0.10317 0.00125301 -0.0763398 -0.312614 -0.0855594 -0.107867 -0.242763
internal_weight=40456 159 40297 8004 7931 4004 3374 32293 32050 243 4250 180 4070 2704 391 337 2313 1976 379 1597 1366 149 1438 462 27800 1577 206 1217 1148 385
internal_count=40456 159 40297 8004 7931 4004 3374 32293 32050 243 4250 180 4070 2704 391 337 2313 1976 379 1597 1366 149 1438 462 27800 1577 206 1217 1148 385
is_linear=0
shrinkage=0.03


end of trees

feature_importances:
day_of_year=573
wind100_ms=533
load_fc_mw=502
nuclear_d1_early_mw=460
price_lag1_max=459
price_lag_same_type=432
temp_c=409
nuclear_d2_mean_mw=382
dow=373
price_lag_same_type_mean=359
price_lag7_mean=338
price_lag1_mean=333
price_lag1_min=276
residual_v2_mw=276
hour=258
radiation_wm2=245
price_lag1=233
price_es_lag1=229
spread_it_north_lag1=215
price_lag7=210
price_ch_lag1=171
price_it_north_lag1=170
spread_es_lag1=166
spread_ch_lag1=164
wind_proxy_mw=153
price_lag2=143
day_type=120
same_type_lag_days=107
price_be_lag1=92
nuclear_d2_mw=89
price_de_lu_lag1=83
price_nl_lag1=74
spread_de_lu_lag1=73
solar_proxy_mw=71
month=67
spread_nl_lag1=56
spread_be_lag1=48
year_end_break=45
holiday=8
post_holiday=4
pre_holiday=1

parameters:
[boosting: gbdt]
[objective: regression]
[metric: l2]
[tree_learner: serial]
[device_type: cpu]
[data_sample_strategy: bagging]
[data: ]
[valid: ]
[num_iterations: 300]
[learning_rate: 0.03]
[num_leaves: 31]
[num_threads: 8]
[seed: 7]
[deterministic: 0]
[force_col_wise: 0]
[force_row_wise: 0]
[histogram_pool_size: -1]
[max_depth: -1]
[min_data_in_leaf: 40]
[min_sum_hessian_in_leaf: 0.001]
[bagging_fraction: 0.8]
[pos_bagging_fraction: 1]
[neg_bagging_fraction: 1]
[bagging_freq: 1]
[bagging_seed: 17422]
[bagging_by_query: 0]
[feature_fraction: 0.8]
[feature_fraction_bynode: 1]
[feature_fraction_seed: 7040]
[extra_trees: 0]
[extra_seed: 6516]
[early_stopping_round: 0]
[early_stopping_min_delta: 0]
[first_metric_only: 0]
[max_delta_step: 0]
[lambda_l1: 0]
[lambda_l2: 1]
[linear_lambda: 0]
[min_gain_to_split: 0]
[drop_rate: 0.1]
[max_drop: 50]
[skip_drop: 0.5]
[xgboost_dart_mode: 0]
[uniform_drop: 0]
[drop_seed: 15215]
[top_rate: 0.2]
[other_rate: 0.1]
[min_data_per_group: 100]
[max_cat_threshold: 32]
[cat_l2: 10]
[cat_smooth: 10]
[max_cat_to_onehot: 4]
[top_k: 20]
[monotone_constraints: ]
[monotone_constraints_method: basic]
[monotone_penalty: 0]
[feature_contri: ]
[forcedsplits_filename: ]
[refit_decay_rate: 0.9]
[cegb_tradeoff: 1]
[cegb_penalty_split: 0]
[cegb_penalty_feature_lazy: ]
[cegb_penalty_feature_coupled: ]
[path_smooth: 0]
[interaction_constraints: ]
[verbosity: -1]
[saved_feature_importance_type: 0]
[use_quantized_grad: 0]
[num_grad_quant_bins: 4]
[quant_train_renew_leaf: 0]
[stochastic_rounding: 1]
[linear_tree: 0]
[max_bin: 255]
[max_bin_by_feature: ]
[min_data_in_bin: 3]
[bin_construct_sample_cnt: 200000]
[data_random_seed: 61]
[is_enable_sparse: 1]
[enable_bundle: 1]
[use_missing: 1]
[zero_as_missing: 0]
[feature_pre_filter: 1]
[pre_partition: 0]
[two_round: 0]
[header: 0]
[label_column: ]
[weight_column: ]
[group_column: ]
[ignore_column: ]
[categorical_feature: ]
[forcedbins_filename: ]
[precise_float_parser: 0]
[parser_config_file: ]
[objective_seed: 15521]
[num_class: 1]
[is_unbalance: 0]
[scale_pos_weight: 1]
[sigmoid: 1]
[boost_from_average: 1]
[reg_sqrt: 0]
[alpha: 0.9]
[fair_c: 1]
[poisson_max_delta_step: 0.7]
[tweedie_variance_power: 1.5]
[lambdarank_truncation_level: 30]
[lambdarank_norm: 1]
[label_gain: ]
[lambdarank_position_bias_regularization: 0]
[eval_at: ]
[multi_error_top_k: 1]
[auc_mu_weights: ]
[num_machines: 1]
[local_listen_port: 12400]
[time_out: 120]
[machine_list_filename: ]
[machines: ]
[gpu_platform_id: -1]
[gpu_device_id: -1]
[gpu_use_dp: 0]
[num_gpu: 1]

end of parameters

pandas_categorical:[]
