tree
version=v4
num_class=1
num_tree_per_iteration=1
label_index=0
max_feature_idx=25
objective=regression
feature_names=hour dow month holiday day_of_year load_fc_mw temp_c wind100_ms radiation_wm2 price_lag1 price_lag2 price_lag7 price_lag1_mean price_lag1_min price_lag1_max price_lag7_mean wind_proxy_mw solar_proxy_mw day_type bridge_day pre_holiday post_holiday year_end_break same_type_lag_days price_lag_same_type price_lag_same_type_mean
feature_infos=[0:23] [0:6] [1:12] [0:1] [1:366] [27650:89563.75] [-3.7581497797356822:39.041850220264323] [0.87847222222222232:15.701388888888889] [-0.10000000000000001:918.04999999999995] [-496.86250000000001:2987.7800000000002] [-496.86250000000001:2987.7800000000002] [-496.86250000000001:2987.7800000000002] [-41.392708333333331:743.84333333333336] [-496.86250000000001:571.94000000000005] [7.54:2987.7800000000002] [-41.392708333333331:743.84333333333336] [0:21930.799999999999] [0:19081.413689999998] [0:2] [0:1] [0:1] [0:1] [0:1] [1:14] [-496.86250000000001:2987.7800000000002] [-41.392708333333331:743.84333333333336]
tree_sizes=2788 2825 2837 2840 2839 2822 2855 2834 2813 2821 2843 2835 2816 2802 2818 2824 2804 2806 2812 2801 2812 2814 2820 2827 2803 2815 2824 2809 2812 2822 2799 2823 2828 2791 2800 2807 2818 2799 2826 2795 2802 2833 2821 2772 2803 2824 2793 2803 2790 2798 2790 2783 2805 2804 2796 2789 2801 2794 2793 2794 2812 2797 2823 2824 2800 2817 2811 2815 2791 2771 2811 2808 2810 2791 2798 2785 2809 2798 2808 2784 2829 2810 2804 2828 2845 2822 2824 2812 2806 2829 2802 2821 2812 2803 2819 2823 2819 2795 2816 2804 2837 2785 2826 2846 2819 2813 2850 2823 2856 2809 2816 2839 2838 2809 2821 2846 2857 2805 2829 2831 2828 2809 2837 2829 2813 2795 2826 2831 2835 2813 2845 2808 2825 2822 2865 2836 2871 2844 2842 2821 2818 2824 2817 2798 2843 2848 2848 2841 2836 2844 2800 2843 2850 2825 2837 2880 2883 2869 2832 2850 2866 2839 2839 2847 2846 2831 2878 2841 2868 2831 2856 2856 2842 2838 2858 2864 2891 2838 2847 2842 2857 2883 2871 2873 2879 2819 2855 2873 2842 2815 2805 2862 2846 2856 2858 2890 2855 2857 2803 2840 2848 2850 2848 2824 2853 2834 2836 2875 2851 2831 2838 2815 2855 2828 2849 2852 2858 2835 2852 2833 2828 2821 2854 2864 2871 2874 2881 2825 2818 2796 2871 2819 2833 2815 2822 2882 2815 2839 2847 2855 2868 2865 2864 2830 2894 2831 2850 2851 2854 2834 2855 2845 2842 2838 2846 2858 2856 2867 2816 2852 2839 2796 2852 2841 2766 2853 2831 2846 2864 2810 2807 2806 2851 2857 2844 2792 2856 2870 2849 2828 2809 2827 2850 2857 2858 2863 2849 2798 2828 2796 2833 2843 2832 2859 2802 2820 2887 2841 2877 2852

Tree=0
num_leaves=31
num_cat=0
split_feature=9 24 9 9 24 24 9 24 24 9 24 9 9 9 1 17 18 11 25 24 9 23 4 24 7 1 1 18 18 7
split_gain=2.83079e+08 6.189e+07 3.79715e+07 1.16494e+07 8.12282e+06 7.51898e+06 7.35648e+06 2.28891e+06 2.24174e+06 1.85056e+06 1.8091e+06 1.15812e+06 1.11558e+06 1.04955e+06 923882 637618 637305 660869 603081 599073 463606 446664 433651 408970 401669 392234 363340 293325 270832 267066
threshold=185.27000000000001 381.02500000000003 93.305000000000021 279.52000000000004 51.945000000000007 140.05500000000004 570.0150000000001 236.93500000000003 466.00500000000005 21.247500000000002 301.8300000000001 116.09500000000001 71.001250000000013 331.43000000000006 3.5000000000000004 5941.1943850000007 1.0000000180025095e-35 105.325 180.92000000000004 172.82875000000004 381.02500000000003 4.5000000000000009 244.50000000000003 208.77000000000004 8.0746527777777803 4.5000000000000009 4.5000000000000009 1.0000000180025095e-35 1.0000000180025095e-35 5.8072916666666687
decision_type=10 10 10 10 8 10 10 10 10 10 10 10 10 10 2 10 2 10 10 10 10 2 2 10 2 2 2 2 2 2
left_child=2 3 4 7 9 11 8 23 14 15 19 27 16 26 29 28 17 -6 -14 -7 -16 -21 -10 -2 -15 -9 -5 -4 -1 -3
right_child=1 6 5 13 12 10 -8 25 22 -11 -12 -13 18 24 20 -17 -18 -19 -20 21 -22 -23 -24 -25 -26 -27 -28 -29 -30 -31
leaf_value=112.76356689605522 117.43453935626086 125.27049770547521 114.73326699620726 120.95435083286887 113.54760029544424 116.16868983536727 130.37225901371033 119.55617175406688 127.61816815329813 112.99682625705009 121.39296164199871 115.30148666339532 114.06461027621505 122.27569192289485 120.04340346268816 111.81853575023598 112.9886299807517 114.60955774440261 116.75853695925474 117.32428318841045 123.14391548890625 115.79792031258816 125.55276846893773 118.21283339197186 119.46899145262367 118.14615921121872 119.55316767623184 114.22634963669131 112.07265401571645 123.3809033438402
leaf_weight=1555 1554 321 3424 599 3873 2270 290 1038 242 5473 67 3403 5362 729 64 2265 1570 612 75 879 196 216 245 1027 55 226 259 1469 791 130
leaf_count=1555 1554 321 3424 599 3873 2270 290 1038 242 5473 67 3403 5362 729 64 2265 1570 612 75 879 196 216 245 1027 55 226 259 1469 791 130
internal_value=115.142 120.637 113.991 119.164 113.244 115.365 126.062 118.26 125.007 112.623 116.546 114.876 113.79 121.28 123.9 112.18 113.51 113.692 114.102 116.448 122.402 117.024 126.603 117.745 122.085 119.307 120.537 114.581 112.529 124.745
internal_weight=40279 6975 33304 5487 21576 11728 1488 3845 1198 10084 3432 8296 11492 1642 711 4611 6055 4485 5437 3365 260 1095 487 2581 784 1264 858 4893 2346 451
internal_count=40279 6975 33304 5487 21576 11728 1488 3845 1198 10084 3432 8296 11492 1642 711 4611 6055 4485 5437 3365 260 1095 487 2581 784 1264 858 4893 2346 451
is_linear=0
shrinkage=1


Tree=1
num_leaves=31
num_cat=0
split_feature=9 24 9 9 24 24 9 24 24 9 24 9 25 1 9 9 24 17 4 18 14 23 9 9 1 1 25 1 13 24
split_gain=2.6525e+08 5.63058e+07 3.68901e+07 1.03456e+07 7.62094e+06 7.56738e+06 6.35736e+06 2.29819e+06 2.07539e+06 1.86972e+06 1.787e+06 1.12865e+06 1.08159e+06 891666 882885 819637 668521 605404 536413 504952 401356 399035 377035 372729 361288 340690 333300 327743 378781 317390
threshold=187.91500000000002 381.02500000000003 93.305000000000021 287.36000000000007 53.317500000000003 140.05500000000004 570.0150000000001 236.93500000000003 466.00500000000005 22.385000000000002 295.01500000000004 119.09500000000001 140.89843750000003 3.5000000000000004 71.001250000000013 331.43000000000006 172.82875000000004 6048.3069400000031 244.50000000000003 1.0000000180025095e-35 121.75500000000001 4.5000000000000009 212.00500000000002 381.02500000000003 4.5000000000000009 4.5000000000000009 628.70145833333345 3.5000000000000004 262.4500000000001 101.63500000000001
decision_type=10 10 10 10 8 10 10 10 10 10 10 10 10 2 10 10 10 10 2 2 10 2 10 10 2 2 10 2 10 10
left_child=2 3 4 7 9 11 8 22 13 17 16 29 14 -3 19 25 -7 20 -10 -6 -1 -18 -2 -15 -9 -5 -8 -17 -29 -4
right_child=1 6 5 15 12 10 26 24 18 -11 -12 -13 -14 23 -16 27 21 -19 -20 -21 -22 -23 -24 -25 -26 -27 -28 28 -30 -31
leaf_value=-2.6470162750553898 2.2027318767509905 9.3182815597797273 -0.74066224737850517 5.7550722832781203 -1.427592861214436 0.99686566058099069 13.506837642894071 4.3369445738252201 12.178654054826305 -2.042709795600425 5.8957506935413067 0.21966676272949365 0.45227654948973428 4.8905688030536352 -1.0611592071509615 7.5005902528029225 2.1382163558098979 -3.203872363631 9.9401415543637039 -2.0717678730442111 -1.3413518093864456 0.77342401381628012 2.95226484860618 7.6993660783034095 3.0455988189949101 4.2812604944154167 16.263204546247209 4.727308384475851 6.7087889999693093 -0.27848447626209238
leaf_weight=2293 1267 463 2665 469 4098 2273 186 1120 247 5674 77 2980 312 64 5334 324 978 2284 235 1505 237 242 1196 194 250 228 104 132 351 2687
leaf_count=2293 1267 463 2665 469 4098 2273 186 1120 247 5674 77 2980 312 64 5334 324 978 2284 235 1505 237 242 1196 194 250 228 104 132 351 2687
internal_value=-0.00117971 5.3885 -1.09562 3.94648 -1.83072 0.246967 10.5372 3.11765 9.55907 -2.4125 1.40241 -0.248211 -1.28813 8.50824 -1.33782 6.05529 1.3017 -2.84784 11.1101 -1.60096 -2.52529 1.86835 2.56775 7.02418 4.10369 5.27979 14.5478 6.71772 6.17815 -0.508719
internal_weight=40469 6830 33639 5337 21737 11902 1493 3833 1203 10488 3570 8332 11249 721 10937 1504 3493 4814 482 5603 2530 1220 2463 258 1370 697 290 807 483 5352
internal_count=40469 6830 33639 5337 21737 11902 1493 3833 1203 10488 3570 8332 11249 721 10937 1504 3493 4814 482 5603 2530 1220 2463 258 1370 697 290 807 483 5352
is_linear=0
shrinkage=0.03


Tree=2
num_leaves=31
num_cat=0
split_feature=9 24 9 24 24 9 24 24 9 14 9 24 14 9 24 25 9 7 1 24 24 23 24 24 7 24 1 16 1 24
split_gain=2.51473e+08 4.52296e+07 4.07454e+07 8.29531e+06 8.15713e+06 7.99291e+06 6.67083e+06 1.67134e+06 1.6326e+06 1.5942e+06 1.42192e+06 1.38768e+06 1.08256e+06 1.07189e+06 757550 730192 728861 656312 565676 556366 541776 519288 518095 462829 399984 340591 287801 285803 280269 260329
threshold=200.01375000000004 381.02500000000003 98.891250000000014 51.945000000000007 148.21000000000001 287.36000000000007 494.88000000000005 344.32500000000005 22.385000000000002 693.2650000000001 71.001250000000013 236.93500000000003 387.40500000000003 122.01500000000001 177.44500000000002 186.80062500000003 331.43000000000006 6.7934027777777795 4.5000000000000009 644.96000000000015 138.84250000000003 5.5000000000000009 1.0000000180025095e-35 427.87500000000006 7.3385416666666687 88.305000000000021 4.5000000000000009 6003.9556622892405 4.5000000000000009 88.860000000000014
decision_type=10 10 10 10 10 10 10 10 8 10 10 10 10 10 10 10 10 2 2 10 10 2 10 10 2 10 2 10 2 10
left_child=2 5 3 8 13 11 12 14 22 -8 18 -2 -3 -4 -6 25 26 23 20 -11 27 -16 -1 -14 -18 -12 -7 29 -13 -5
right_child=1 6 4 10 7 16 9 -9 -10 19 15 28 17 -15 21 -17 24 -19 -20 -21 -22 -23 -24 -25 -26 -27 -28 -29 -30 -31
leaf_value=-3.2408819553922994 2.6908704906161036 4.670075071676453 -0.36642603840633475 -1.4162745912117427 1.1878775268883019 5.6251871474096378 11.222052423445906 7.2354497236013415 -1.9974254711791297 12.931213040559188 -1.117699863239537 4.210646618509327 8.2626833635218002 0.35368959674894224 2.3324687119896552 2.1245169599291303 6.8136220577397353 6.5267208968452781 -2.0490573804143963 16.329077503101246 1.0348721837135684 0.97003882751436465 -2.5498463501254394 9.9198116464949049 4.6492191997596199 -0.68326125579893027 4.2627131013870239 -2.0441453251471882 2.9460156198978424 -0.67086963046388126
leaf_weight=1411 1737 66 4435 3374 1909 488 365 47 5572 137 3887 1040 356 3203 1313 70 702 114 1478 110 82 314 3338 370 97 2802 224 571 199 485
leaf_count=1411 1737 66 4435 3374 1909 488 365 47 5572 137 3887 1040 356 3203 1313 70 702 114 1478 110 82 314 3338 370 97 2802 224 571 199 485
internal_value=-0.00135932 5.66141 -0.993154 -1.71434 0.489603 4.14542 10.1368 1.67036 -2.34661 12.5682 -1.20234 3.24126 8.48236 -0.0644383 1.59437 -0.90384 5.9229 8.77598 -1.53896 14.5042 -1.37144 2.07029 -2.7558 9.11971 6.557 -0.935844 5.20312 -1.41621 4.01007 -1.32279
internal_weight=40296 6005 34291 23070 11221 4487 1518 3583 10321 612 12749 2976 906 7638 3536 6759 1511 840 5990 247 4512 1627 4749 726 799 6689 712 4430 1239 3859
internal_count=40296 6005 34291 23070 11221 4487 1518 3583 10321 612 12749 2976 906 7638 3536 6759 1511 840 5990 247 4512 1627 4749 726 799 6689 712 4430 1239 3859
is_linear=0
shrinkage=0.03


Tree=3
num_leaves=31
num_cat=0
split_feature=24 24 9 9 9 24 9 14 24 17 9 24 9 14 14 9 24 11 14 7 7 23 24 9 22 23 4 4 24 13
split_gain=2.37891e+08 4.803e+07 3.67723e+07 8.44189e+06 7.50683e+06 6.97606e+06 6.76288e+06 1.6982e+06 1.45798e+06 1.37567e+06 1.30758e+06 1.23322e+06 1.16825e+06 1.1297e+06 1.02981e+06 625147 568463 557897 555203 508510 399791 358422 332535 329658 325063 303449 303011 455618 288069 273054
threshold=195.18500000000003 381.02500000000003 95.705000000000013 267.38500000000005 145.34500000000003 44.055000000000007 570.0150000000001 387.40500000000003 466.00500000000005 6048.3069400000031 68.035000000000011 115.68375000000002 331.43000000000006 348.72500000000008 237.02000000000001 168.81000000000003 232.25500000000002 124.29500000000002 115.84000000000002 5.7447916666666687 7.2760416666666687 4.5000000000000009 81.611250000000013 31.235000000000003 1.0000000180025095e-35 6.5000000000000009 244.50000000000003 233.50000000000003 0.89500000000000013 262.4500000000001
decision_type=10 10 10 10 10 8 10 10 10 10 10 10 10 10 10 10 10 10 10 2 2 2 10 10 2 2 2 2 10 10
left_child=2 3 5 14 11 9 7 -3 19 18 17 -4 -5 15 24 -6 -16 21 23 -9 -14 -7 -12 -1 -2 -10 27 -8 -11 -15
right_child=1 6 4 12 13 10 26 8 25 28 22 -13 20 29 16 -17 -18 -19 -20 -21 -22 -23 -24 -25 -26 -27 -28 -29 -30 -31
leaf_value=-2.4614617821590352 2.0793772892937228 4.6579552308048102 -0.46744208419212463 4.8202278709559767 0.93263841670862258 -1.5139661229171357 12.599239415349185 8.9021050760092031 10.776679647956342 -3.2167970338788363 -1.211566073234257 0.28639038901882036 6.6763433149011551 2.9170050763587154 2.7155697477690279 1.7243485327565444 3.6684353407603543 -0.41190368677828121 -1.4683729317298213 7.056569106989893 4.5443584366405707 -2.044767358800363 -0.78976136063299451 -1.9534893022494855 -0.14403257138349793 7.6467706529484234 11.176068256306197 15.728699757824204 -2.6070277523994445 5.419984624139194
leaf_weight=2676 646 82 4703 1040 1749 4790 110 462 436 1413 3143 3339 648 143 1162 1854 1135 351 1029 231 101 1520 3642 2075 65 42 52 145 1466 57
leaf_count=2676 646 82 4703 1040 1749 4790 110 462 436 1413 3143 3339 648 143 1162 1854 1135 351 1029 231 101 1520 3642 2075 65 42 52 145 1466 57
internal_value=0.0135076 5.33919 -0.983834 3.85071 0.364924 -1.70655 9.91087 8.91836 9.21247 -2.3707 -1.27871 -0.154458 5.48287 1.46298 2.8785 1.3404 3.18779 -1.57738 -2.10296 8.29798 6.3953 -1.64213 -0.985303 -2.24006 1.8762 10.5182 13.9196 14.4332 -2.90731 3.65377
internal_weight=40307 6357 33950 4797 11845 22105 1560 1253 1171 8659 13446 8042 1789 3803 3008 3603 2297 6661 5780 693 749 6310 6785 4751 711 478 307 255 2879 200
internal_count=40307 6357 33950 4797 11845 22105 1560 1253 1171 8659 13446 8042 1789 3803 3008 3603 2297 6661 5780 693 749 6310 6785 4751 711 478 307 255 2879 200
is_linear=0
shrinkage=0.03


Tree=4
num_leaves=31
num_cat=0
split_feature=24 24 24 24 12 24 14 24 12 17 24 14 14 12 14 12 1 6 22 24 14 24 14 12 16 1 16 24 24 14
split_gain=2.21168e+08 4.31724e+07 3.27032e+07 6.82252e+06 6.77319e+06 5.80572e+06 5.60858e+06 2.34996e+06 1.66655e+06 1.63127e+06 1.60236e+06 1.28145e+06 1.06913e+06 951652 791284 773090 769628 772256 761278 700422 550390 479538 470926 459101 436260 427178 400199 355322 355261 353158
threshold=195.18500000000003 381.02500000000003 99.985000000000014 44.055000000000007 302.37062500000008 143.18500000000003 640.34000000000003 255.00500000000002 87.368645833333332 5425.3945700000013 570.0150000000001 387.40500000000003 120.57750000000001 302.37062500000008 166.64500000000001 172.82776041666668 1.5000000000000002 3.9625550660792968 1.0000000180025095e-35 74.135000000000005 183.26375000000004 447.81000000000006 227.77750000000003 218.8979166666667 6152.0542361005291 4.5000000000000009 6805.713048151455 311.45500000000004 295.01500000000004 428.82000000000005
decision_type=10 10 10 8 10 10 10 10 10 10 10 10 10 10 10 10 2 2 2 10 10 10 10 10 10 2 10 10 10 10
left_child=2 4 3 9 7 14 11 22 19 12 -8 -3 -1 20 24 -10 17 -13 25 -5 -7 -18 -2 -16 -4 28 -21 -6 -9 -19
right_child=1 6 5 8 27 13 10 18 15 -11 -12 16 -14 -15 23 -17 21 29 -20 26 -22 -23 -24 -25 -26 -27 -28 -29 -30 -31
leaf_value=-2.1204659656976985 1.7241360068970764 4.2934034820556635 -0.1843278689069392 -1.5704412921984618 5.2080433264504311 0.70914834910551505 10.40483048950512 4.0749271635372057 -0.71639023757697617 -2.7716675087035267 13.852360092286141 13.796059693127143 -1.0935405602998296 4.6701547749011549 0.30090997954785631 1.3728150373875738 6.9317646085720854 7.0874444763183595 0.39629179856878644 -0.95786757466511374 1.524234533187832 8.7359130395882776 2.7897471780234429 2.5914846274261247 -0.96761904985065061 2.9683227765755573 -1.8063936257717521 6.3270085443409103 5.2456694864838802 9.7857608674799348
leaf_weight=4890 467 74 4028 6095 551 1037 288 579 3549 3159 247 40 1126 76 2006 166 312 74 46 3765 2678 292 1996 81 760 182 578 576 434 205
leaf_count=4890 467 74 4028 6095 551 1037 288 579 3549 3159 247 40 1126 76 2006 166 312 74 46 3765 2678 292 1996 81 760 182 578 576 434 205
internal_value=0.00820884 5.14101 -0.952673 -1.58184 3.74807 0.423412 9.52819 3.1269 -1.16861 -2.21906 12.0194 8.1807 -1.92847 1.3658 -0.0963623 -0.622692 8.48737 9.72832 4.19255 -1.36284 1.29696 7.81697 2.58848 0.39101 -0.308836 4.33823 -1.07119 5.78504 4.58119 9.09795
internal_weight=40357 6363 33994 23328 4831 10666 1532 3704 14153 9175 535 997 6016 3791 6875 3715 923 319 1241 10438 3715 604 2463 2087 4788 1195 4343 1127 1013 279
internal_count=40357 6363 33994 23328 4831 10666 1532 3704 14153 9175 535 997 6016 3791 6875 3715 923 319 1241 10438 3715 604 2463 2087 4788 1195 4343 1127 1013 279
is_linear=0
shrinkage=0.03


Tree=5
num_leaves=31
num_cat=0
split_feature=24 24 9 9 24 9 9 24 9 24 14 9 12 14 9 24 9 18 18 11 7 13 22 24 7 18 4 24 11 4
split_gain=2.02978e+08 3.8564e+07 3.37255e+07 6.93669e+06 6.91629e+06 6.04592e+06 5.53376e+06 1.78186e+06 1.53095e+06 1.0682e+06 1.05827e+06 1.01024e+06 971767 801503 685470 653706 536524 519277 499355 450033 424816 370566 308485 307142 307018 251537 248685 270543 239164 234882
threshold=197.71500000000003 381.02500000000003 99.445000000000007 279.52000000000004 53.317500000000003 149.22500000000002 570.0150000000001 466.00500000000005 21.247500000000002 119.80500000000002 240.27500000000003 71.001250000000013 302.37062500000008 387.40500000000003 331.43000000000006 245.45500000000001 175.55500000000004 1.0000000180025095e-35 1.0000000180025095e-35 105.325 7.3697916666666687 208.00000000000003 1.0000000180025095e-35 91.465000000000018 5.7447916666666687 1.0000000180025095e-35 352.50000000000006 286.86500000000007 60.175000000000004 244.50000000000003
decision_type=10 10 10 10 8 10 10 10 10 10 10 10 10 10 10 10 10 2 2 10 2 10 2 10 2 2 2 10 10 2
left_child=2 3 4 10 8 9 7 13 17 -4 22 18 16 -3 -5 -12 -7 -1 19 -6 -16 -9 -2 -13 -15 26 27 -17 -10 -23
right_child=1 6 5 14 11 12 -8 21 28 -11 15 23 -14 24 20 25 -18 -19 -20 -21 -22 29 -24 -25 -26 -27 -28 -29 -30 -31
leaf_value=-2.3092666931670385 2.014955438546195 4.1341409608499333 -0.34821390562857324 4.7360071564946074 -1.339322864139699 1.0106611163605084 13.059781400282606 6.9073138703691193 -1.9226663414481073 0.38247508693119475 2.7293747468400507 -0.98570810987793578 4.1521292924880981 8.1717688504048098 6.3379096776725028 3.8021333684264498 1.7533552644185044 -2.9790495840411992 -1.8526524216870439 -0.43400115349242391 3.9559516155719758 10.868051890323036 -0.18623240855522452 -0.5560897341322979 6.6695096123055233 2.6031174996476731 1.7567849203944206 5.3180582614474829 -1.476507307914559 9.1517554983781206
leaf_weight=3062 615 66 4336 787 3648 1879 277 46 4388 3078 1409 4533 115 462 610 696 1649 1611 1515 573 83 227 63 2244 218 160 47 134 1463 198
leaf_count=3062 615 66 4336 787 3648 1879 277 46 4388 3078 1409 4533 115 462 610 696 1649 1611 1515 573 83 227 63 2244 218 160 47 134 1463 198
internal_value=-0.0133025 5.02729 -0.914975 3.66686 -1.56864 0.446931 9.21439 8.32914 -2.13546 -0.04485 2.86373 -1.09178 1.44751 7.39108 5.35904 3.15483 1.3582 -2.54076 -1.38486 -1.21656 6.05874 9.7961 1.81045 -0.843556 7.70066 3.72972 3.93206 4.05298 -1.81138 10.0918
internal_weight=40192 6098 34094 4604 23037 11057 1494 1217 10524 7414 3124 12513 3643 746 1480 2446 3528 4673 5736 4221 693 471 678 6777 680 1037 877 830 5851 425
internal_count=40192 6098 34094 4604 23037 11057 1494 1217 10524 7414 3124 12513 3643 746 1480 2446 3528 4673 5736 4221 693 471 678 6777 680 1037 877 830 5851 425
is_linear=0
shrinkage=0.03


Tree=6
num_leaves=31
num_cat=0
split_feature=12 14 10 11 12 14 14 11 25 11 13 10 5 12 17 11 11 4 18 14 11 17 10 16 14 25 7 23 5 10
split_gain=1.91658e+08 3.29912e+07 2.66546e+07 8.60492e+06 6.60278e+06 4.63566e+06 4.24639e+06 2.20954e+06 2.14414e+06 1.88609e+06 1.55895e+06 1.36248e+06 1.04914e+06 890763 734667 707374 704288 703888 690140 577063 576279 524418 520104 511938 467204 419831 408216 360990 358765 348906
threshold=194.48875000000001 421.93000000000006 108.99500000000002 427.30000000000007 61.256875000000015 172.18000000000004 640.34000000000003 33.258750000000006 242.03625000000002 82.735000000000014 208.00000000000003 168.00500000000002 68456.250000000015 477.00062500000007 6165.7617800000016 129.01625000000004 279.11000000000007 343.50000000000006 1.0000000180025095e-35 113.94500000000001 99.135000000000005 6289.6118300000007 214.73000000000005 5653.9389137593607 693.2650000000001 90.272708333333341 4.9079861111111134 3.5000000000000004 52400.500000000007 208.12500000000003
decision_type=10 10 10 10 10 10 10 8 10 10 10 10 2 10 10 10 10 2 2 10 10 10 10 10 10 10 2 2 2 10
left_child=2 8 4 10 7 19 -5 21 22 14 -3 -7 13 -12 25 -11 28 -14 29 -4 23 -1 -2 -9 -8 -6 -18 -16 -10 -13
right_child=1 3 5 6 9 11 24 20 16 15 12 18 17 -15 27 -17 26 -19 -20 -21 -22 -23 -24 -25 -26 -27 -28 -29 -30 -31
leaf_value=-2.144179375090673 2.0055345701318248 3.9695420702604145 -1.0948059235836141 8.0952164138345157 -1.2263357535831392 0.72230205994926577 10.873685516944297 -1.5709171772157131 2.3896142954075779 -0.62956135839943794 5.9208294437454265 1.8060311995425833 12.540217503138949 8.1143450535468347 -1.5491017869711672 0.3271329167991594 6.0261007299822964 7.5439963078760837 0.98598787892936812 -0.055305985891473078 -1.0207171558054524 -2.8114039500434593 2.9118827445132962 -2.2625033335295601 13.388862535688611 -0.63171052532722105 4.2447592412500548 -2.686921806335449 3.7738377674350061 2.8298257279414805
leaf_weight=2677 1075 246 552 509 4731 2575 155 5407 242 4691 998 907 41 211 793 816 166 90 694 3674 1386 1790 1245 1180 215 1385 463 372 618 456
leaf_count=2677 1075 246 552 509 4731 2575 155 5407 242 4691 998 907 41 211 793 816 166 90 694 3674 1386 1790 1245 1180 215 1385 463 372 618 456
internal_value=-0.00156692 4.81664 -0.888541 7.52055 -1.38563 0.527186 9.90551 -1.87771 3.06529 -0.906827 6.19333 1.18261 6.59832 6.31004 -1.22367 -0.487769 3.95477 9.19085 1.7582 -0.191312 -1.57804 -2.41212 2.49296 -1.69513 12.3674 -1.09181 4.72369 -1.91442 3.38755 2.15037
internal_weight=40360 6274 34086 2465 25228 8858 879 12440 3809 12788 1586 4632 1340 1209 7281 5507 1489 131 2057 4226 7973 4467 2320 6587 370 6116 629 1165 860 1363
internal_count=40360 6274 34086 2465 25228 8858 879 12440 3809 12788 1586 4632 1340 1209 7281 5507 1489 131 2057 4226 7973 4467 2320 6587 370 6116 629 1165 860 1363
is_linear=0
shrinkage=0.03


Tree=7
num_leaves=31
num_cat=0
split_feature=9 24 9 9 24 24 24 24 24 24 9 7 11 24 9 9 18 9 9 23 18 7 24 9 18 24 24 18 7 17
split_gain=1.82158e+08 3.87337e+07 2.62493e+07 5.95234e+06 5.60124e+06 5.57548e+06 5.15693e+06 1.37989e+06 1.2472e+06 1.2408e+06 1.17664e+06 937730 813897 642823 640028 593995 531420 520581 484151 388996 373074 345674 336246 303751 285292 353761 282603 272905 251937 230966
threshold=187.91500000000002 368.47500000000008 91.52500000000002 279.52000000000004 133.15500000000003 494.88000000000005 51.945000000000007 218.00500000000002 1.6725000000000001 301.8300000000001 570.0150000000001 6.4079861111111134 129.01625000000004 160.00375000000003 67.345000000000013 110.00250000000001 1.5000000000000002 311.79500000000002 33.445000000000007 4.5000000000000009 1.0000000180025095e-35 7.2760416666666687 410.77500000000003 368.71000000000009 1.0000000180025095e-35 255.00500000000002 170.16000000000003 1.0000000180025095e-35 8.237847222222225 4829.9447050000017
decision_type=10 10 10 10 10 10 8 10 10 10 10 2 10 10 10 10 2 10 10 2 2 2 10 10 2 10 10 2 2 10
left_child=2 3 6 7 15 11 8 -2 29 13 -7 16 14 -6 20 -4 22 -5 27 -15 -8 -19 -3 -13 25 -9 -14 -10 -17 -1
right_child=1 5 4 17 9 10 12 24 18 -11 -12 23 26 19 -16 28 -18 21 -20 -21 -22 -23 -24 -25 -26 -27 -28 -29 -30 -31
leaf_value=-2.2089432285891637 1.9620064810472999 7.0493245545911121 -0.52669412135226235 4.068928519506505 0.63568961142203084 9.5444906112250933 -1.2585347228107115 2.942242945817771 -1.9382724899158079 5.1391206125779583 12.350782417436079 3.4845111414694019 -0.32530037946144086 1.5639949482258784 -0.95097997794212363 0.066747418410321946 5.3483859602212904 5.5050458185463729 -1.6194053742393133 0.46219833870684462 -1.8393629082062697 3.8220650999596777 8.5120101539238355 6.0873838498682344 2.2997572404582787 3.9082929530661494 1.4883628869851429 -2.4928016953279264 -0.77252598863210475 -2.8643203470939982
leaf_weight=728 1796 283 4277 560 2200 326 3566 923 2865 65 274 61 548 1689 5484 3452 89 786 3739 349 1391 140 428 158 313 570 89 1134 354 1595
leaf_count=728 1796 283 4277 560 2200 326 3566 923 2865 65 274 61 548 1689 5484 3452 89 786 3739 349 1391 140 428 158 313 570 89 1134 354 1595
internal_value=-0.0123828 4.50039 -0.915314 3.21324 0.181343 8.54103 -1.55786 2.55291 -2.04957 1.05559 10.8444 7.17544 -1.11114 0.991761 -1.17465 -0.284137 7.6592 4.81106 -1.866 1.37564 -1.42186 5.255 7.94053 5.38152 3.13912 3.31343 -0.0699643 -2.0961 -0.0114967 -2.65997
internal_weight=40232 6707 33525 5088 12386 1619 21139 3602 10061 4303 600 1019 11078 4238 10441 8083 800 1486 7738 2038 4957 926 711 219 1806 1493 637 3999 3806 2323
internal_count=40232 6707 33525 5088 12386 1619 21139 3602 10061 4303 600 1019 11078 4238 10441 8083 800 1486 7738 2038 4957 926 711 219 1806 1493 637 3999 3806 2323
is_linear=0
shrinkage=0.03


Tree=8
num_leaves=31
num_cat=0
split_feature=24 24 9 9 24 9 24 24 17 9 24 9 12 7 24 1 18 6 1 9 12 7 24 4 12 25 24 16 24 16
split_gain=1.73438e+08 3.77783e+07 2.3972e+07 7.35089e+06 5.16595e+06 4.53288e+06 4.34278e+06 1.1913e+06 1.06235e+06 1.0539e+06 985259 947880 854174 772057 755970 574974 520879 490516 487225 406089 370758 360037 354113 350227 338901 324286 287204 271120 282905 240967
threshold=185.00500000000002 381.02500000000003 95.073750000000004 267.38500000000005 41.412500000000009 140.74375000000003 494.88000000000005 644.96000000000015 6289.6118300000007 68.035000000000011 228.77000000000001 331.43000000000006 218.8979166666667 6.3593750000000027 114.93000000000002 5.5000000000000009 1.0000000180025095e-35 2.3182819383259923 4.5000000000000009 427.87500000000006 61.669791666666676 7.7343750000000009 88.860000000000014 244.50000000000003 343.15729166666671 628.70145833333345 160.00375000000003 6947.3405515896293 83.985000000000014 8192.4935462276771
decision_type=10 10 10 10 8 10 10 10 10 10 10 10 10 2 10 2 2 2 2 10 10 2 10 2 10 10 10 10 10 10
left_child=2 3 4 10 8 14 13 23 20 16 -2 -5 26 15 29 17 22 -3 -12 -19 -1 -13 -6 -8 -14 -9 -7 28 -11 -4
right_child=1 6 5 11 9 12 7 25 -10 27 18 21 24 -15 -16 -17 -18 19 -20 -21 -22 -23 -24 -25 -26 -27 -28 -29 -30 -31
leaf_value=-1.9529321083013658 1.9543125333384557 11.284970107660062 -0.36248045460312311 4.1097960725844613 -1.3145362381124732 0.70921374238187251 10.465844365020295 10.83873055594308 -2.5483465432327987 -0.9726728517700165 3.2397273208704522 5.7292231543462648 2.0682207990068573 5.4417912126773471 0.1878484955200484 4.6411488611592073 -1.7985743918325749 6.9323511044545603 1.7990017625948167 8.6055007320776919 -1.3344159772425943 3.4391952280044555 -0.57090751351171942 8.5569262691359445 4.6347794515436345 14.417566907032427 1.2881150634865992 -1.4421869018333298 -0.55865736403675204 -1.1823077626116467
leaf_weight=4298 2186 40 4323 1090 4432 1901 267 62 2796 3319 1153 681 332 195 2977 58 1919 351 264 265 1107 74 665 192 54 82 1304 629 2699 348
leaf_count=4298 2186 40 4323 1090 4432 1901 267 62 2796 3319 1153 681 332 195 2977 58 1919 351 264 265 1107 74 665 192 54 82 1304 629 2699 348
internal_value=0.00625761 4.31069 -0.898864 3.14526 -1.47766 0.227132 8.50508 10.4898 -2.0729 -1.12025 2.35557 4.6853 1.10622 7.17841 -0.185721 7.64442 -1.37677 7.90249 2.97277 7.66491 -1.82652 5.50962 -1.21765 9.68768 2.43832 12.9621 0.945076 -0.849312 -0.787116 -0.423799
internal_weight=40063 6960 33103 5448 21864 11239 1512 603 8201 13663 3603 1845 3591 909 7648 714 7016 656 1417 616 5405 755 5097 459 386 144 3205 6647 6018 4671
internal_count=40063 6960 33103 5448 21864 11239 1512 603 8201 13663 3603 1845 3591 909 7648 714 7016 656 1417 616 5405 755 5097 459 386 144 3205 6647 6018 4671
is_linear=0
shrinkage=0.03


Tree=9
num_leaves=31
num_cat=0
split_feature=24 24 24 24 24 14 12 24 12 17 24 14 6 14 12 10 12 4 7 7 24 14 11 7 14 5 7 11 11 11
split_gain=1.637e+08 3.10878e+07 2.60085e+07 5.05538e+06 5.04173e+06 4.31784e+06 4.27352e+06 1.57043e+06 1.33305e+06 1.26365e+06 1.22157e+06 1.04432e+06 848574 837883 833019 731240 668300 649306 498211 436501 426325 426280 419399 406905 379876 375701 361953 313610 300411 266541
threshold=200.00500000000002 381.02500000000003 99.395000000000024 43.255000000000003 146.31500000000003 640.34000000000003 302.37062500000008 266.72500000000008 72.546875000000014 6417.5588800000005 644.96000000000015 387.40500000000003 0.92334801762114538 117.01875000000001 302.37062500000008 127.14625000000002 172.82776041666668 350.50000000000006 8.0295138888888911 6.7934027777777795 172.82875000000004 243.49875000000003 427.30000000000007 7.5086805555555571 227.77750000000003 37713.500000000007 7.5434027777777795 81.528750000000016 331.02500000000003 396.59500000000008
decision_type=10 10 10 8 10 10 10 10 10 10 10 10 2 10 10 10 10 2 2 2 10 10 10 2 10 2 2 10 10 10
left_child=2 6 3 9 15 11 7 24 26 13 22 -3 -13 -1 20 23 -10 -9 28 25 -6 -17 -7 -4 -2 -14 27 -5 -8 -27
right_child=1 5 4 8 14 10 18 17 16 -11 -12 12 19 -15 -16 21 -18 -19 -20 -21 -22 -23 -24 -25 -26 29 -28 -29 -30 -31
leaf_value=-1.8709134531407519 1.4644247158157326 3.6722096394176607 -0.13414709578770939 -1.3108221018948338 0.9194729581856369 7.9906430729543132 4.70938868512141 4.0061246854940702 -0.75422009965750192 -2.4551706079148157 13.034673947121599 11.55672878519694 4.8624273300170904 -1.01973830650592 3.9968089805603029 0.24753866061061622 1.1802345357618549 0.86484461402893065 1.854393993235649 5.5131224954829499 1.5730778367211788 1.5332566695213319 10.353625484589607 -0.84838778231063106 2.5300930942456947 6.8137541828155515 -1.6716286527490125 -0.81905703980990663 5.8426392744742008 8.1550255995183392
leaf_weight=4831 359 76 4373 4290 1974 126 680 913 6415 2818 138 44 53 1332 99 1874 164 64 46 135 1658 264 247 858 2039 264 1726 1613 348 443
leaf_count=4831 359 76 4373 4290 1974 126 680 913 6415 2818 138 44 53 1332 99 1874 164 64 46 135 1658 264 247 858 2039 264 1726 1613 348 443
internal_value=-0.00105861 4.58094 -0.799601 -1.37122 0.394586 8.27503 3.3123 2.78625 -1.01893 -1.92838 10.5358 7.1276 7.40307 -1.68715 1.29297 -0.0603903 -0.705826 3.80144 4.96124 7.1862 1.21819 0.406942 9.57891 -0.251438 2.37123 7.47575 -1.28881 -1.17661 5.09832 7.66451
internal_weight=40264 5975 34289 23189 11100 1526 4449 3375 14208 8981 511 1015 939 6163 3731 7369 6579 977 1074 895 3632 2138 373 5231 2398 760 7629 5903 1028 707
internal_count=40264 5975 34289 23189 11100 1526 4449 3375 14208 8981 511 1015 939 6163 3731 7369 6579 977 1074 895 3632 2138 373 5231 2398 760 7629 5903 1028 707
is_linear=0
shrinkage=0.03


Tree=10
num_leaves=31
num_cat=0
split_feature=9 9 9 9 9 9 9 9 23 11 11 18 6 25 25 25 9 14 9 11 25 18 16 9 16 11 11 9 18 4
split_gain=1.53186e+08 2.94909e+07 2.39058e+07 5.11651e+06 4.66746e+06 4.39475e+06 3.35386e+06 1.13548e+06 1.13098e+06 1.01657e+06 909830 800515 983598 789155 649082 498409 487205 473942 466010 456477 428752 410039 411260 367076 348238 286166 259689 256197 253796 251955
threshold=195.28500000000003 354.05500000000006 95.073750000000004 494.88000000000005 43.255000000000003 139.50125000000003 267.38500000000005 644.96000000000015 5.5000000000000009 21.162500000000005 72.132500000000007 1.0000000180025095e-35 0.39052863436123347 332.98166666666674 186.80062500000003 228.61104166666669 166.71000000000001 240.27500000000003 116.09500000000001 427.30000000000007 373.22166666666675 1.0000000180025095e-35 2927.6437134969487 311.79500000000002 7408.5596776926459 102.70500000000001 110.94500000000001 68.035000000000011 1.0000000180025095e-35 244.50000000000003
decision_type=10 10 10 10 8 10 10 10 2 8 10 2 2 10 10 10 10 10 10 10 10 2 10 10 10 10 10 10 2 2
left_child=2 6 4 8 9 14 15 20 19 28 27 12 -8 16 18 -2 -7 24 -4 -3 -5 22 25 -14 26 -11 -12 -6 -1 -22
right_child=1 3 5 7 10 13 11 -9 -10 21 17 -13 23 -15 -16 -17 -18 -19 -20 -21 29 -23 -24 -25 -26 -27 -28 -29 -30 -31
leaf_value=-2.0823078024921791 2.0993362648676177 6.3979037846704392 -0.37383141080596077 6.0347415861791491 -1.4228056069050745 0.72752104449911648 9.0371656348488543 12.11687613775266 4.8558950479518757 -1.3853959978774724 -0.79740497365477081 3.1232402949694142 3.9344873437804559 4.6106925538608001 1.5925655071029539 2.9218637901602218 1.3875794879908028 1.9014044013023377 0.10663549547796754 7.9167598171977254 9.9703723913478104 -2.0953274517687088 -1.8710422688503998 5.1608959812502704 -1.4098171269984778 -0.42858902769997442 -0.25798430278118362 -1.0566703330571354 -2.6054799570807656 8.2047904228302357
leaf_weight=1926 1914 561 4567 48 3806 2261 43 148 336 2148 4304 501 619 55 189 1033 1820 59 3016 307 253 1446 1669 371 698 325 989 3176 1533 165
leaf_count=1926 1914 561 4567 48 3806 2261 43 148 336 2148 4304 501 619 55 189 1033 1820 59 3016 307 253 1446 1669 371 698 325 989 3176 1533 165
internal_value=-0.00587641 4.29082 -0.80231 7.51292 -1.3866 0.281071 2.98219 9.74892 6.36549 -1.91014 -1.02304 4.12035 4.60046 1.07098 -0.139374 2.38855 1.02215 -0.75353 -0.182746 6.94359 8.97253 -1.65924 -1.50654 4.39882 -0.779989 -1.25988 -0.696682 -1.25643 -2.31486 9.29468
internal_weight=40286 6299 33987 1818 22079 11908 4481 614 1204 9047 13032 1534 1033 4136 7772 2947 4081 6050 7583 868 466 5588 4142 990 5991 2473 5293 6982 3459 418
internal_count=40286 6299 33987 1818 22079 11908 4481 614 1204 9047 13032 1534 1033 4136 7772 2947 4081 6050 7583 868 466 5588 4142 990 5991 2473 5293 6982 3459 418
is_linear=0
shrinkage=0.03


Tree=11
num_leaves=31
num_cat=0
split_feature=9 24 9 9 24 24 24 14 24 9 24 1 24 9 24 16 24 13 24 6 9 18 23 9 14 1 11 18 4 16
split_gain=1.46096e+08 3.06059e+07 2.04444e+07 4.76969e+06 4.55005e+06 4.36887e+06 4.0843e+06 1.35084e+06 1.09218e+06 1.08564e+06 1.00238e+06 831635 608578 568086 560220 532813 532526 442005 429390 425661 402749 394782 306683 292968 277060 257248 247388 245940 243027 225149
threshold=187.91500000000002 368.47500000000008 91.52500000000002 273.01000000000005 466.00500000000005 131.85500000000005 52.585000000000008 640.34000000000003 301.8300000000001 14.426250000000001 218.00500000000002 3.5000000000000004 138.84250000000003 321.3250000000001 644.96000000000015 5653.9389137593607 158.05500000000004 268.29500000000007 76.495000000000019 2.3182819383259923 110.00250000000001 1.0000000180025095e-35 4.5000000000000009 447.81000000000006 421.93000000000006 1.0000000180025095e-35 60.175000000000004 1.0000000180025095e-35 228.50000000000003 5443.1499480642615
decision_type=10 10 10 10 10 10 8 10 10 10 10 2 10 10 10 10 10 10 10 2 10 2 2 10 10 2 10 2 2 10
left_child=2 3 6 10 11 20 9 19 16 21 -2 24 15 -5 -9 18 -7 -13 -8 -6 -4 -1 -18 -21 -3 -12 -11 -20 -16 -22
right_child=1 4 5 13 7 8 12 14 -10 26 25 17 -14 -15 28 -17 22 -19 27 23 29 -23 -24 -25 -26 -27 -28 -29 -30 -31
leaf_value=-1.9787064923174569 1.7307279688110195 5.1895925145453594 -0.4558797097426896 3.6440780379840301 10.813924199546255 0.52748721068049065 -1.1134741961822365 9.5681146276319353 4.7218551978958185 -1.6744092491396836 3.5891300574574672 3.5021694324977362 0.51205994633621854 4.7773043443654712 9.5454798386736606 -1.5358709932508439 1.3582299496427352 5.7667069913299986 -0.58192501774500571 5.5058502052307121 0.060639621668781132 -2.6228476072978046 0.41608839820903332 7.8913696574502517 7.1328223413507983 2.584123799465754 -1.2455172829247259 -1.1213547138242823 13.108902578353881 -0.64349989164907195
leaf_weight=2467 1767 93 4296 850 40 2165 4880 295 66 4864 283 133 243 797 40 1467 1782 212 3384 74 3224 1338 378 215 469 1421 1634 983 95 467
leaf_count=2467 1767 93 4296 850 40 2165 4880 295 66 4864 283 133 243 797 40 1467 1782 212 3384 74 3224 1338 378 215 469 1421 1634 983 95 467
internal_value=0.000150293 4.01591 -0.80983 2.86526 7.5469 0.159448 -1.37414 9.26688 0.919472 -1.80298 2.23326 6.09895 -0.970781 4.19502 10.399 -1.00446 0.86037 4.90636 -0.919993 7.76014 -0.258451 -2.20584 1.19362 7.30164 6.82104 2.75304 -1.56677 -0.703578 12.131 -0.0286011
internal_weight=40422 6784 33638 5118 1666 12378 21260 759 4391 10303 3471 907 10957 1647 430 10714 4325 345 9247 329 7987 3805 2160 289 562 1704 6498 4367 135 3691
internal_count=40422 6784 33638 5118 1666 12378 21260 759 4391 10303 3471 907 10957 1647 430 10714 4325 345 9247 329 7987 3805 2160 289 562 1704 6498 4367 135 3691
is_linear=0
shrinkage=0.03


Tree=12
num_leaves=31
num_cat=0
split_feature=9 9 9 9 9 9 14 1 11 1 1 11 9 1 11 9 14 9 2 10 1 11 11 7 9 16 9 9 11 9
split_gain=1.37246e+08 2.5455e+07 2.12402e+07 5.27997e+06 4.77551e+06 4.16311e+06 2.21593e+06 1.63165e+06 1.07491e+06 1.04521e+06 1.00048e+06 886985 732139 587994 555062 528741 483960 477927 450114 435802 382562 381117 380876 353364 345010 343634 318815 299589 294934 291041
threshold=212.00500000000002 103.20625000000001 354.05500000000006 50.245000000000012 570.0150000000001 147.09500000000003 398.82500000000005 3.5000000000000004 33.258750000000006 1.0000000180025095e-35 1.0000000180025095e-35 81.528750000000016 427.87500000000006 1.0000000180025095e-35 311.17500000000007 287.36000000000007 240.27500000000003 173.28000000000003 8.5000000000000018 189.90500000000003 1.5000000000000002 446.94500000000005 250.00500000000002 7.0225694444444473 128.86500000000004 6083.9910851169288 72.980000000000018 2.7150000000000003 125.30125000000001 466.00500000000005
decision_type=10 10 10 10 10 10 10 2 8 2 2 10 10 2 10 10 10 10 2 10 2 10 10 2 10 10 10 10 10 10
left_child=1 3 6 8 7 13 15 12 27 14 22 26 -4 19 -8 -2 25 -12 -16 -3 28 -6 -7 29 -15 -13 -5 -1 -10 -9
right_child=2 5 4 11 21 10 9 23 20 -11 17 16 -14 24 18 -17 -18 -19 -20 -21 -22 -23 -24 -25 -26 -27 -28 -29 -30 -31
leaf_value=-2.404199207261962 2.4569317472517063 0.65170377284670111 6.3109789690764053 -1.2247980153963622 8.3484097119381548 1.9699436677283928 4.3763293206910872 5.0431594562530515 -1.2725522422750921 3.8948609625060784 0.72264134779272293 -0.47201070851742027 8.1354688937847435 -0.2118936513619811 10.203799519538878 3.5645792859755532 1.9023613725105921 1.3949937098345191 5.7801565757393831 3.6988158384958902 -1.6682209512599289 11.161197041149796 3.798613184706805 3.2354784530639646 0.29466327397659314 -1.126927275064483 -0.84435518732979842 -1.8938509182548764 -0.069991768207123037 6.5433283396838187
leaf_weight=1632 2166 709 413 4011 75 365 67 424 2247 768 1786 4633 441 3957 47 480 71 2046 47 44 3382 231 145 74 1742 854 3947 2954 200 186
leaf_count=1632 2166 709 413 4011 75 365 67 424 2247 768 1786 4633 441 3957 47 480 71 2046 47 44 3382 231 145 74 1742 854 3947 2954 200 186
internal_value=0.0140839 -0.678898 4.45402 -1.22439 7.06889 0.530485 3.10366 6.37962 -1.73202 4.36556 1.24856 -0.833118 7.26155 0.0471222 6.57296 2.65914 -0.542157 1.0819 8.0761 0.834425 -1.46112 10.5012 2.49628 5.2695 -0.0570311 -0.574129 -1.03624 -2.07595 -1.17433 5.51055
internal_weight=40144 34725 5419 23931 1844 10794 3575 1538 10415 929 4342 13516 854 6452 161 2646 5558 3832 94 753 5829 306 510 684 5699 5487 7958 4586 2447 610
internal_count=40144 34725 5419 23931 1844 10794 3575 1538 10415 929 4342 13516 854 6452 161 2646 5558 3832 94 753 5829 306 510 684 5699 5487 7958 4586 2447 610
is_linear=0
shrinkage=0.03


Tree=13
num_leaves=31
num_cat=0
split_feature=24 9 9 24 24 9 24 9 9 1 4 12 4 24 1 7 9 18 18 18 24 24 9 13 10 24 7 11 11 12
split_gain=1.2902e+08 2.39881e+07 2.17706e+07 4.45441e+06 4.39752e+06 4.04113e+06 3.40276e+06 1.2405e+06 950494 947896 921005 729523 711007 686480 673824 554648 525890 471003 428891 381525 367740 364220 351019 337856 305466 288793 216748 208790 204790 202278
threshold=200.00500000000002 368.71000000000009 99.445000000000007 59.105000000000011 494.88000000000005 149.22500000000002 295.01500000000004 24.695000000000004 237.215 4.5000000000000009 244.50000000000003 302.37062500000008 232.50000000000003 119.80500000000002 2.5000000000000004 7.7343750000000009 74.891250000000014 1.0000000180025095e-35 1.0000000180025095e-35 1.0000000180025095e-35 427.87500000000006 123.72500000000001 178.01500000000001 434.09500000000008 -2.4362499999999998 644.96000000000015 7.5086805555555571 60.175000000000004 410.13500000000005 302.37062500000008
decision_type=10 10 10 10 10 10 10 8 10 2 2 10 2 10 2 2 10 2 2 2 10 10 10 10 10 10 2 8 10 10
left_child=2 6 3 7 14 13 8 17 18 15 12 22 -6 26 -3 20 19 -1 -2 21 -8 -5 -7 28 -19 -14 -4 -9 -16 -10
right_child=1 4 5 16 10 11 9 27 29 -11 -12 -13 25 -15 23 -17 -18 24 -20 -21 -22 -23 -24 -25 -26 -27 -28 -29 -30 -31
leaf_value=-1.783757347421878 2.1405083363090887 6.9841737859430708 -0.18764326559979699 -0.93802324747063492 8.8358899559773203 0.82838726590094647 4.7165314735118171 -1.4781700226935792 2.7677872870685687 2.4281388664031271 7.4203776294954356 3.4168933314085006 10.07826946512858 0.31086831649634172 4.8671020664305864 2.964181031109411 -0.61573950345279183 -4.855525271097819 0.99434509955029537 -1.4726717797673654 6.8634896561988556 0.54659331993133786 1.4189074013452809 8.1554266673762612 -2.325702563706709 13.062497432314116 -0.7842406111314707 -1.1063048844410914 6.1657074383812791 3.7037846077706691
leaf_weight=3384 1403 406 3688 3899 212 2031 744 4844 1061 218 185 125 89 3054 477 157 5975 44 375 1301 85 154 1645 40 1714 86 643 1914 169 273
leaf_count=3384 1403 406 3688 3899 212 2031 744 4844 1061 218 185 125 89 3054 477 157 5975 44 375 1301 85 154 1645 40 1714 86 643 1914 169 273
internal_value=-0.00493703 4.062 -0.711712 -1.2353 7.1215 0.375594 2.88106 -1.64065 2.35573 4.23583 9.25954 1.17026 10.1173 -0.033518 5.99412 4.63264 -0.809413 -1.99205 1.89946 -1.02539 4.94467 -0.881492 1.09296 5.39886 -2.39174 11.6107 -0.276377 -1.37303 5.21583 2.96197
internal_weight=40395 5980 34415 23229 1664 11186 4316 11900 3112 1204 572 3801 387 7385 1092 986 11329 5142 1778 5354 829 4053 3676 686 1758 175 4331 6758 646 1334
internal_count=40395 5980 34415 23229 1664 11186 4316 11900 3112 1204 572 3801 387 7385 1092 986 11329 5142 1778 5354 829 4053 3676 686 1758 175 4331 6758 646 1334
is_linear=0
shrinkage=0.03


Tree=14
num_leaves=31
num_cat=0
split_feature=24 24 9 9 24 9 9 24 24 24 12 14 7 9 18 4 16 24 14 24 11 24 23 16 25 7 11 4 24 16
split_gain=1.21051e+08 2.66904e+07 1.70621e+07 4.5113e+06 3.7653e+06 3.49243e+06 3.23041e+06 1.2243e+06 945357 795992 693466 611376 547163 503832 494599 476651 433173 427567 416674 396732 366777 348434 308807 286283 268717 265901 237882 231816 221636 218523
threshold=185.00500000000002 368.47500000000008 93.305000000000021 267.38500000000005 466.00500000000005 44.047500000000007 132.57750000000001 644.96000000000015 1.6725000000000001 68.69250000000001 218.8979166666667 237.02000000000001 6.9288194444444464 295.38000000000005 1.0000000180025095e-35 244.50000000000003 3340.3833811088048 221.02000000000001 387.40500000000003 108.13875000000002 77.055000000000021 155.87000000000003 5.5000000000000009 6947.3405515896293 628.70145833333345 7.7343750000000009 117.28500000000001 327.50000000000006 410.77500000000003 6323.1626330021836
decision_type=10 10 10 10 10 10 10 10 8 10 10 10 2 10 2 2 10 10 10 10 10 10 2 10 10 2 10 2 10 10
left_child=2 3 5 11 12 8 19 15 -1 -7 21 22 18 -5 16 -6 20 -13 -3 -4 -10 -8 27 26 -9 -15 -11 -2 -20 -21
right_child=1 4 6 13 7 9 10 24 14 23 -12 17 -14 25 -16 -17 -18 -19 28 29 -22 -23 -24 -25 -26 -27 -28 -29 -30 -31
leaf_value=-2.2679509498491464 1.7902644756935302 3.561627716755166 -0.42688932640637101 3.0472683473934237 8.6207641649807201 -1.1735333015818923 0.45560046276266847 9.1000416166886033 -1.3454379018767746 -0.67883617843985 2.0234905697996655 1.7638340788309987 3.7380295920372011 4.3526534871971956 -1.9160613475610169 6.7943241785483925 -1.7324710014688105 2.5491498062956266 5.5296020956382801 0.10853383396726513 -0.60774379710216642 1.017017355047247 0.42586896886579861 -1.2546219795848914 12.120795299695885 2.9228623870035984 0.0039031724364008056 -0.20014390342194457 6.6864013818725123 -0.62743777582875215
leaf_weight=2016 662 67 4015 525 339 5882 2487 68 2427 5176 377 1149 128 1032 2146 258 1901 1401 344 2902 812 1661 261 717 91 142 504 57 363 414
leaf_count=2016 662 67 4015 525 339 5882 2487 68 2427 5176 377 1149 128 1032 2146 258 1901 1401 344 2902 812 1661 261 717 91 142 504 57 363 414
internal_value=-0.00560898 3.61587 -0.751609 2.56336 6.93175 -1.25388 0.162688 8.49908 -1.69238 -0.921586 0.792907 1.95107 5.61014 3.8336 -1.53283 7.84413 -1.37249 2.19613 5.91452 -0.226364 -1.16075 0.680602 1.31184 -0.689775 10.8939 4.18235 -0.618265 1.63241 6.13215 0.0164869
internal_weight=40324 6887 33437 5229 1658 21581 11856 756 9302 12279 4525 3530 902 1699 7286 597 5140 2550 774 7331 3239 4148 980 6397 159 1174 5680 719 707 3316
internal_count=40324 6887 33437 5229 1658 21581 11856 756 9302 12279 4525 3530 902 1699 7286 597 5140 2550 774 7331 3239 4148 980 6397 159 1174 5680 719 707 3316
is_linear=0
shrinkage=0.03


Tree=15
num_leaves=31
num_cat=0
split_feature=9 9 9 9 9 9 9 1 18 1 25 9 25 1 11 11 11 16 1 11 11 9 11 9 9 16 7 7 11 1
split_gain=1.14393e+08 2.51306e+07 1.49898e+07 4.03559e+06 3.12676e+06 3.08304e+06 2.73126e+06 1.4837e+06 755429 732360 719573 690302 653540 648480 604428 452414 412964 400096 380784 350876 339770 335537 315836 307373 304328 240711 239509 230306 221779 220590
threshold=182.80500000000004 354.05500000000006 86.007500000000007 570.0150000000001 130.00500000000002 267.38500000000005 38.005000000000003 3.5000000000000004 1.0000000180025095e-35 1.0000000180025095e-35 186.80062500000003 427.87500000000006 228.61104166666669 1.0000000180025095e-35 73.50500000000001 80.971250000000012 446.94500000000005 6711.4942210718118 4.5000000000000009 102.70500000000001 135.21500000000003 -7.7899999999999991 410.13500000000005 215.00500000000002 160.49500000000003 3340.3833811088048 6.383680555555558 7.3072916666666687 266.86500000000007 1.5000000000000002
decision_type=10 10 10 10 10 10 8 2 2 2 10 10 10 2 10 10 10 10 2 8 10 10 10 10 10 10 2 2 10 2
left_child=2 5 6 7 10 12 8 11 15 -7 17 -3 23 28 -8 25 -5 19 -11 -4 26 -10 27 -2 -15 -1 -16 -9 -6 -14
right_child=1 3 4 16 13 9 14 22 21 18 -12 -13 29 24 20 -17 -18 -19 -20 -21 -22 -23 -24 -25 -26 -27 -28 -29 -30 -31
leaf_value=-1.4582650274864211 1.3663305450919767 5.7336680585322997 -0.41297727489716685 7.4412442759724406 1.4955595819791159 5.4863862140362079 -1.1490662980071766 4.5537064814891943 -3.7371542739868162 3.6667526355772782 1.642031332822407 7.5021001482645664 3.0184993428100975 0.3590166451753744 -0.60330155176243716 -0.9813063191386675 10.269833777011968 -0.90287168464752965 2.6091831902336535 -0.0047314764185975534 0.13164745548906834 -2.039850488356612 5.7919251044037248 2.0359652219548532 0.91662661058864325 -1.927147965326315 -1.0819589449513378 2.2465938748704626 3.6983046250757963 2.1568640183088061
leaf_weight=2573 1455 403 5015 76 449 155 7016 440 110 900 169 449 477 2571 2503 1214 233 972 486 3045 401 2550 207 1088 1341 1628 1513 46 45 652
leaf_count=2573 1455 403 5015 76 449 155 7016 440 110 900 169 449 477 2571 2503 1214 233 972 486 3045 401 2550 207 1088 1341 1628 1513 46 45 652
internal_value=-0.00189271 3.4628 -0.741367 6.46197 0.0228816 2.39511 -1.27441 5.82849 -1.69684 3.52159 -0.291812 6.67333 1.92154 0.67997 -0.975934 -1.49283 9.60038 -0.328174 3.29807 -0.258765 -0.700731 -2.11142 4.78169 1.65352 0.550346 -1.64039 -0.783857 4.3404 1.70328 2.52325
internal_weight=40182 7067 33115 1854 13607 5213 19508 1545 8075 1541 9201 852 3672 4406 11433 5415 309 9032 1386 8060 4417 2660 693 2543 3912 4201 4016 486 494 1129
internal_count=40182 7067 33115 1854 13607 5213 19508 1545 8075 1541 9201 852 3672 4406 11433 5415 309 9032 1386 8060 4417 2660 693 2543 3912 4201 4016 486 494 1129
is_linear=0
shrinkage=0.03


Tree=16
num_leaves=31
num_cat=0
split_feature=24 24 9 9 24 9 9 1 17 6 12 9 4 22 24 24 18 24 4 9 0 12 12 1 24 9 1 1 24 24
split_gain=1.06814e+08 2.30648e+07 1.53237e+07 4.24373e+06 3.17638e+06 3.0994e+06 3.08346e+06 965769 899711 852523 639679 564848 510947 508778 547253 497070 468569 453802 379431 359557 328463 317993 256946 255796 252675 241218 232663 223829 223255 218938
threshold=187.48500000000004 381.02500000000003 93.305000000000021 267.38500000000005 51.945000000000007 524.65000000000009 138.00500000000002 4.5000000000000009 5425.3945700000013 1.6548458149779737 218.8979166666667 344.27500000000003 244.50000000000003 1.0000000180025095e-35 232.25500000000002 115.68375000000002 1.0000000180025095e-35 83.985000000000014 232.50000000000003 427.87500000000006 18.500000000000004 61.669791666666676 343.15729166666671 1.5000000000000002 14.426250000000001 49.715000000000011 1.0000000180025095e-35 4.5000000000000009 123.72500000000001 153.90500000000003
decision_type=10 10 10 10 8 10 8 2 10 2 10 10 2 2 10 10 2 10 2 10 2 10 10 2 10 8 2 2 10 10
left_child=2 3 4 13 8 7 15 9 21 -3 29 27 18 14 -2 -4 17 -6 -7 -11 -9 -1 -12 -21 -10 -18 -16 -5 -19 -8
right_child=1 5 6 11 16 12 10 20 24 19 22 -13 -14 -15 26 -17 25 28 -20 23 -22 -23 -24 -25 -26 -27 -28 -29 -30 -31
leaf_value=-1.476308671085155 1.6440387812965616 9.8907797527313228 -0.35240709050752872 3.5272860006903701 -0.87585367613503784 8.3495241396940205 0.47373186290523839 2.5040732865314932 -2.1504956088166725 5.3631168515836034 1.6463244153132857 4.4257443939945258 6.9028174959571613 -0.15596768056580779 3.1199878776564316 0.14667535655355871 -1.6305668434778204 -0.49608698941175522 10.703787646107859 7.9771806460293853 5.2145507925033572 -0.9847210001848008 3.8028064310752736 6.1518339628822236 -1.5751762339662341 -0.99907687267592649 2.1802753075539441 2.5645525466114378 0.42570177039747625 0.93890657645785403
leaf_weight=5274 2126 55 5174 900 5633 157 1792 95 2247 464 352 600 102 108 339 2750 740 2637 153 109 74 1539 58 325 1013 2100 862 306 259 1859
leaf_count=5274 2126 55 5174 900 5633 157 1792 95 2247 464 352 600 102 108 339 2750 740 2637 153 109 74 1539 58 325 1013 2100 862 306 259 1859
internal_value=0.00233803 3.43688 -0.693859 2.48903 -1.17406 6.67153 0.165283 5.84346 -1.562 6.21669 0.837343 3.66645 8.90702 1.8691 1.93487 -0.179205 -0.830243 -0.71894 9.54215 5.98091 3.7146 -1.36542 1.9599 6.62756 -1.97226 -1.16414 2.4479 3.28534 -0.41353 0.71078
internal_weight=40202 6775 33427 5241 21442 1534 11985 1122 10073 953 4061 1806 412 3435 3327 7924 11369 8529 310 898 169 6813 410 434 3260 2840 1201 1206 2896 3651
internal_count=40202 6775 33427 5241 21442 1534 11985 1122 10073 953 4061 1806 412 3435 3327 7924 11369 8529 310 898 169 6813 410 434 3260 2840 1201 1206 2896 3651
is_linear=0
shrinkage=0.03


Tree=17
num_leaves=31
num_cat=0
split_feature=9 9 9 9 9 9 9 1 1 11 1 11 9 25 5 1 14 9 9 25 9 0 14 11 1 16 9 9 10 9
split_gain=1.00972e+08 1.85049e+07 1.57958e+07 3.47769e+06 3.06602e+06 3.04791e+06 2.41604e+06 1.27531e+06 1.06278e+06 733708 690939 672754 566624 539951 527798 490206 399695 378882 359340 353411 341656 333714 320453 293288 291792 258785 250706 242763 229297 223772
threshold=195.28500000000003 354.05500000000006 93.305000000000021 570.0150000000001 39.925000000000004 138.00500000000002 273.01000000000005 3.5000000000000004 1.0000000180025095e-35 17.225000000000005 1.0000000180025095e-35 78.86875000000002 427.87500000000006 186.80062500000003 66756.250000000015 1.0000000180025095e-35 327.42500000000007 218.37500000000003 166.71000000000001 131.61145833333336 116.09500000000001 5.5000000000000009 125.84000000000002 446.94500000000005 4.5000000000000009 6003.9556622892405 466.00500000000005 62.185000000000009 208.12500000000003 295.38000000000005
decision_type=10 10 10 10 8 10 10 2 2 8 2 10 10 10 2 2 10 10 10 10 10 2 10 10 2 10 10 10 10 10
left_child=2 6 4 7 9 13 15 12 14 -1 16 27 -3 20 -8 21 -7 -17 -12 25 -4 -2 -11 -5 29 -13 -9 -6 -15 -10
right_child=1 3 5 23 11 10 8 26 24 22 18 19 -14 28 -16 17 -18 -19 -20 -21 -22 -23 -24 -25 -26 -27 -28 -29 -30 -31
leaf_value=-1.9499587571239032 1.3371694530084215 5.417568467835248 -0.32362445785686028 7.1557702973014425 -1.1989325761727438 1.6161958049084038 4.7311704062540594 4.0808775206133721 2.8251046727293279 -1.4604978082126598 0.46326495133392215 -0.52655065716206462 7.034579435455715 0.88454474146235473 8.8669594336719051 1.3992130184886249 4.4590381113052366 2.1288484719217089 1.0515466019327238 0.5031011963345623 0.086976045687144246 3.4837078996945396 -0.77907329922596069 9.6234479803247837 2.5568076800580921 -1.1191285703452478 5.4117351796443645 -0.87107804064998395 3.4127289626853803 3.9037979265135156
leaf_weight=3097 86 412 5004 75 3611 445 108 479 278 4618 2190 3803 426 145 40 1057 49 1664 1633 261 2869 293 722 222 430 804 194 4698 41 538
leaf_count=3097 86 412 5004 75 3611 445 108 479 278 4618 2190 3803 426 145 40 1057 49 1664 1633 261 2869 293 722 222 430 804 194 4698 41 538
internal_value=0.000434042 3.4879 -0.646251 6.05041 -1.13561 0.208401 2.45584 5.45987 3.4936 -1.58216 0.851555 -0.849585 6.24699 -0.136184 5.90096 1.98821 1.90662 1.84603 0.71476 -0.569333 -0.174005 3.00143 -1.36853 9.0264 3.20316 -0.630186 4.47197 -1.01369 1.4571 3.54021
internal_weight=40292 6302 33990 1808 21614 12376 4494 1511 1394 8437 4317 13177 838 8059 148 3100 494 2721 3823 4868 7873 379 5340 297 1246 4607 673 8309 186 816
internal_count=40292 6302 33990 1808 21614 12376 4494 1511 1394 8437 4317 13177 838 8059 148 3100 494 2721 3823 4868 7873 379 5340 297 1246 4607 673 8309 186 816
is_linear=0
shrinkage=0.03


Tree=18
num_leaves=31
num_cat=0
split_feature=24 24 24 24 24 14 13 12 24 24 14 1 1 17 12 12 16 4 0 14 24 24 4 4 24 24 14 1 12 13
split_gain=9.66931e+07 1.71076e+07 1.65462e+07 3.40564e+06 3.05828e+06 2.6154e+06 2.36497e+06 1.37343e+06 836944 828265 649588 637671 623219 622700 619452 559394 552786 435340 432320 356952 311920 306849 262404 298150 260338 249974 247905 237424 235647 234519
threshold=205.80625000000003 381.02500000000003 101.63500000000001 24.703750000000003 146.31500000000003 640.34000000000003 240.94000000000003 61.256875000000015 266.72500000000008 524.65000000000009 387.40500000000003 1.5000000000000002 4.5000000000000009 5060.8558900000016 302.37062500000008 175.86458333333337 6003.9556622892405 190.50000000000003 17.500000000000004 101.82000000000001 83.985000000000014 175.00625000000002 244.50000000000003 233.50000000000003 125.75250000000001 321.17000000000002 428.82000000000005 4.5000000000000009 105.06604166666669 258.71000000000009
decision_type=10 10 10 8 10 10 10 10 10 10 10 2 2 10 10 10 10 2 2 10 10 10 2 2 10 10 10 2 10 10
left_child=2 6 3 13 16 10 8 18 27 -7 -3 17 -10 19 21 20 24 -12 -5 -1 28 -6 23 -11 -4 -8 -19 -2 -9 -13
right_child=1 5 4 7 14 9 25 15 12 22 11 29 -14 -15 -16 -17 -18 26 -20 -21 -22 -23 -24 -25 -26 -27 -28 -29 -30 -31
leaf_value=-1.6065298751801382 2.0484297364293735 2.785058448489119 -0.054181932028256857 -1.2794229507214412 0.72304946226102396 6.3660080106925019 3.4954114542509376 -0.82925155106454462 3.2414389639913037 8.0522039740855291 9.6415083197660234 3.8056941424682735 1.347731710017654 -1.9872736453077242 3.2205487561858859 0.92937599617636424 -0.70723667437792626 4.7621432188559663 -0.78955275661874158 -0.96055724449541857 -0.4166862836648258 1.2528521469645386 6.6984821192423496 10.288876133320494 0.36498809029279639 4.5152720914974189 6.8034911774722007 1.2723052682976197 -0.24894028369527488 5.3390253512098651
leaf_weight=2147 1668 81 3764 5279 2155 189 531 5406 894 126 42 127 192 2702 112 211 892 87 2350 1210 3848 1820 53 160 2064 408 219 459 714 466
leaf_count=2147 1668 81 3764 5279 2155 189 531 5406 894 126 42 127 192 2702 112 211 892 87 2350 1210 3848 1820 53 160 2064 408 219 459 714 466
internal_value=0.0029185 3.62287 -0.592456 -1.03343 0.381421 6.31183 2.61777 -0.82431 2.2294 8.03478 5.41471 5.63787 2.90819 -1.6478 1.02844 -0.596125 -0.0121793 6.67743 -1.12865 -1.37405 -0.628506 0.96588 8.9437 9.33498 0.0943053 3.94288 6.24051 1.88162 -0.7616 5.0176
internal_weight=40376 5702 34674 23867 10807 1550 4152 17808 3213 528 1022 941 1086 6059 4087 10179 6720 348 7629 3357 9968 3975 339 286 5828 939 306 2127 6120 593
internal_count=40376 5702 34674 23867 10807 1550 4152 17808 3213 528 1022 941 1086 6059 4087 10179 6720 348 7629 3357 9968 3975 339 286 5828 939 306 2127 6120 593
is_linear=0
shrinkage=0.03


Tree=19
num_leaves=31
num_cat=0
split_feature=24 24 9 9 24 9 9 24 14 24 16 24 18 24 9 9 9 23 18 24 9 23 14 4 5 4 4 5 16 14
split_gain=9.09269e+07 1.62615e+07 1.61926e+07 3.58849e+06 3.55126e+06 2.77333e+06 1.76703e+06 861870 752301 588923 581019 536479 492299 504758 419262 349220 334680 326347 322905 300211 284959 267268 413648 237195 226613 225089 214745 207351 206275 186785
threshold=205.80625000000003 410.77500000000003 103.20625000000001 295.38000000000005 57.005000000000003 160.49500000000003 570.0150000000001 1.6725000000000001 387.40500000000003 129.48000000000005 6711.4942210718118 83.985000000000014 1.0000000180025095e-35 255.00500000000002 279.52000000000004 30.118750000000002 344.27500000000003 6.5000000000000009 1.0000000180025095e-35 137.21000000000001 192.98500000000004 2.5000000000000004 428.82000000000005 244.50000000000003 57205.250000000007 350.50000000000006 233.50000000000003 50154.875000000007 5519.7222734008838 101.82000000000001
decision_type=10 10 10 10 10 10 10 8 10 8 10 10 2 10 10 8 10 2 2 10 10 2 10 2 2 2 2 2 10 10
left_child=2 3 4 12 7 9 8 -1 -3 -4 11 -6 13 -2 28 29 -5 21 19 -13 -14 -10 -23 26 -12 -15 -8 -24 -7 -9
right_child=1 6 5 16 10 14 23 15 17 -11 24 18 20 25 -16 -17 -18 -19 -20 -21 -22 22 27 -25 -26 -27 -28 -29 -30 -31
leaf_value=-1.8959194418269656 1.919733166914479 2.4181823558807376 -0.11825419119435301 3.3533301158757784 -0.77666971212373881 1.1139603312030353 7.7892471566567041 -1.6140533840020894 6.0078900571224061 0.43614859720815824 -1.5267143166498398 -0.2990816027383621 0.091162981268045673 2.9461169481945264 2.6355807356646768 -1.0930431109596925 4.2793262051456162 4.2778427025269377 -0.81380484899034489 0.85448078012633544 1.6519096704992728 4.6456524034908835 7.2978890523043543 6.575705959056986 -0.76197806510677191 0.79241889134049415 9.9422775782709536 10.319417875336438 -0.21917262836333809 -1.1528514560161478
leaf_weight=2345 1457 54 4612 657 5915 2935 103 2592 631 2753 865 3981 136 838 161 5314 838 87 1119 213 467 41 87 57 590 47 137 40 108 1157
leaf_count=2345 1457 54 4612 657 5915 2935 103 2592 631 2753 865 3981 136 838 161 5314 838 87 1119 213 467 41 87 57 590 47 137 40 108 1157
internal_value=0.00710316 3.52617 -0.569374 2.6776 -0.998854 0.409585 6.56734 -1.38291 5.9159 0.0890099 -0.653326 -0.580134 2.0687 2.26581 1.14623 -1.24997 3.8749 6.12612 -0.361224 -0.240306 1.30063 6.32177 7.45815 8.60237 -1.21735 2.83276 9.05442 8.32274 1.06659 -1.47206
internal_weight=40337 5677 34660 4440 24091 10569 1237 11408 940 7365 12683 11228 2945 2342 3204 9063 1495 886 5313 4194 603 799 168 297 1455 885 240 127 3043 3749
internal_count=40337 5677 34660 4440 24091 10569 1237 11408 940 7365 12683 11228 2945 2342 3204 9063 1495 886 5313 4194 603 799 168 297 1455 885 240 127 3043 3749
is_linear=0
shrinkage=0.03


Tree=20
num_leaves=31
num_cat=0
split_feature=24 9 9 24 24 9 9 24 1 18 1 24 9 12 24 24 7 24 23 16 11 16 4 9 16 7 7 16 0 7
split_gain=8.47129e+07 1.99271e+07 1.0836e+07 3.94404e+06 2.3988e+06 2.33257e+06 1.94611e+06 808908 667339 647818 625594 601318 524342 467657 429435 421455 384556 376720 335621 330634 311117 243361 232327 231335 208048 207775 207505 204292 194881 194436
threshold=177.44500000000002 344.27500000000003 90.945000000000007 494.88000000000005 255.00500000000002 38.005000000000003 133.83000000000001 644.96000000000015 4.5000000000000009 1.0000000180025095e-35 1.5000000000000002 68.69250000000001 215.00500000000002 218.8979166666667 427.87500000000006 311.45500000000004 5.3871527777777795 107.31500000000001 5.5000000000000009 3340.3833811088048 53.245000000000012 6405.513246383126 242.50000000000003 1.6725000000000001 6323.1626330021836 7.8975694444444464 7.3072916666666687 7408.5596776926459 5.5000000000000009 8.8940972222222268
decision_type=10 10 10 10 10 8 10 10 2 2 2 10 10 10 10 10 2 10 2 10 10 10 2 10 10 2 2 10 2 2
left_child=2 4 5 10 12 9 17 22 15 19 -3 -7 18 21 26 -6 28 25 -2 20 -1 29 -5 -11 -19 -4 -12 -13 -17 -8
right_child=1 3 6 7 8 11 13 -9 -10 23 14 27 -14 -15 -16 16 -18 24 -20 -21 -22 -23 -24 -25 -26 -27 -28 -29 -30 -31
leaf_value=-1.3243423534344798 1.3955833435883478 5.8232476177523207 -0.3145838945290832 7.5192540821516181 2.7411909695963064 -1.0092442802743489 0.62459881566073794 9.5331986201204213 1.6267149542687258 -2.2862816759448528 4.0582086476047774 -0.53827199498651213 1.9572757886846182 1.7407460311681819 5.2766959008919567 2.9026327513106938 2.9191192438226938 0.11134837506539116 0.4196717042749829 -1.5703193156781332 -0.72946880162957628 -0.44000269062472463 5.9554565318475161 -1.6671192122840253 -0.58216444492021979 -0.95029708320328166 2.4335372619019 -1.1149207804198988 4.9603770200480586 -0.43473945289850235
leaf_weight=2014 1763 309 3926 250 962 6767 3297 150 331 781 688 5425 1465 301 284 57 249 3110 388 2126 1311 226 179 1876 444 524 85 616 229 163
leaf_count=2014 1763 309 3926 250 962 6767 3297 150 331 781 688 5425 1465 301 284 57 249 3110 388 2126 1311 226 179 1876 444 524 85 616 229 163
internal_value=-0.00317114 2.8994 -0.654988 5.50528 1.96755 -1.06716 0.0640026 7.58419 2.85339 -1.46538 4.61921 -0.814984 1.51906 0.60543 4.26205 3.12336 3.80414 -0.205738 1.21982 -1.27764 -1.09008 0.512273 6.88213 -1.84991 0.0245687 -0.389638 3.88293 -0.597248 4.56181 0.574582
internal_weight=40296 7389 32907 1945 5444 20916 11991 579 1828 8108 1366 12808 3616 3987 1057 1497 535 8004 2151 5451 3325 3686 429 2657 3554 4450 773 6041 286 3460
internal_count=40296 7389 32907 1945 5444 20916 11991 579 1828 8108 1366 12808 3616 3987 1057 1497 535 8004 2151 5451 3325 3686 429 2657 3554 4450 773 6041 286 3460
is_linear=0
shrinkage=0.03


Tree=21
num_leaves=31
num_cat=0
split_feature=24 24 24 24 12 24 24 24 17 12 6 12 16 4 16 6 4 4 12 11 1 13 16 12 1 22 12 24 24 22
split_gain=8.04368e+07 1.4948e+07 1.36795e+07 2.8145e+06 2.79947e+06 2.49405e+06 1.36337e+06 783193 780602 712332 657404 494864 469890 418377 396391 374706 356335 410021 350478 336777 336702 566787 282737 278369 264133 259907 259246 249097 236371 226594
threshold=205.80625000000003 410.77500000000003 101.63500000000001 44.055000000000007 302.37062500000008 146.31500000000003 570.0150000000001 272.60500000000008 4447.3172450000011 87.368645833333332 1.1993392070484583 302.37062500000008 4426.7642726832573 352.50000000000006 5591.6571550569597 17.911894273127761 244.50000000000003 233.50000000000003 78.507343750000004 102.00625000000001 3.5000000000000004 229.99000000000004 6405.513246383126 175.86458333333337 4.5000000000000009 1.0000000180025095e-35 302.37062500000008 331.43000000000006 120.53500000000001 1.0000000180025095e-35
decision_type=10 10 10 8 10 10 10 10 10 10 2 10 10 2 10 2 2 2 10 10 2 10 10 10 2 2 10 10 10 2
left_child=2 4 3 8 7 12 10 29 18 14 -3 22 28 -9 19 24 17 -8 -1 -5 27 -22 25 -11 26 -7 -12 -6 -4 -2
right_child=1 6 5 9 20 11 16 13 -10 23 15 -13 -14 -15 -16 -17 -18 -19 -20 -21 21 -23 -24 -25 -26 -27 -28 -29 -30 -31
leaf_value=-1.2414208419554216 1.7360351880515905 9.3209919973861339 -0.077592425404724552 -0.79722353688885916 3.4527771238708325 0.96820870763557065 7.0168384331151055 2.8675282683134076 -1.7149481221454244 -0.39616084709138871 2.8202446177601814 2.9668718145574839 -0.54947384253097276 -0.12569124273459115 -1.2746105822820879 5.9776762834135253 5.9511593446823259 9.6968106836304617 -0.59827684390961722 -0.17205330052523077 0.16620783016366777 3.4312749778119525 -0.29922960487787015 0.83076740828310625 2.5194625273529363 -0.79597585966447726 5.3235430798037298 4.6932843979320467 0.31464876533363006 -0.3627776274085045
leaf_weight=4886 2134 42 2926 8312 276 3715 113 899 3385 3865 47 104 1188 44 1440 504 77 132 907 856 52 614 175 173 48 76 289 361 2620 47
leaf_count=4886 2134 42 2926 8312 276 3715 113 899 3385 3865 47 104 1188 44 1440 504 77 132 907 856 52 614 175 173 48 76 289 361 2620 47
internal_value=0.00344516 3.31242 -0.539307 -0.940834 2.4929 0.346107 6.20588 2.00453 -1.35275 -0.68263 5.60922 0.932309 -0.00827662 2.72788 -0.811715 5.42337 7.90646 8.49429 -1.14085 -0.738878 3.66137 3.17698 0.878223 -0.343403 4.68222 0.932641 4.98279 4.16205 0.107731 1.69066
internal_weight=40307 5679 34628 23824 4427 10804 1252 3124 9178 14646 930 4070 6734 943 10608 888 322 245 5793 9168 1303 666 3966 4038 384 3791 336 637 5546 2181
internal_count=40307 5679 34628 23824 4427 10804 1252 3124 9178 14646 930 4070 6734 943 10608 888 322 245 5793 9168 1303 666 3966 4038 384 3791 336 637 5546 2181
is_linear=0
shrinkage=0.03


Tree=22
num_leaves=31
num_cat=0
split_feature=9 24 24 9 9 24 9 24 24 24 1 24 1 16 23 18 7 7 9 16 16 13 13 24 24 11 22 24 11 1
split_gain=7.45386e+07 1.4159e+07 1.23169e+07 4.26794e+06 2.96169e+06 1.71618e+06 1.26894e+06 926533 655775 516505 466749 461544 458355 440321 423046 351653 339095 315857 291324 291230 257347 251762 239976 226122 218140 218098 188540 217823 174833 173132
threshold=212.00500000000002 115.68375000000002 427.87500000000006 59.115000000000002 311.79500000000002 172.82875000000004 570.0150000000001 14.426250000000001 82.173750000000013 344.32500000000005 3.5000000000000004 245.45500000000001 3.5000000000000004 6083.9910851169288 4.5000000000000009 1.0000000180025095e-35 6.9600694444444464 7.0225694444444473 135.11500000000004 6152.0542361005291 6711.4942210718118 99.515000000000015 351.34500000000008 466.00500000000005 -1.0000000180025095e-35 102.70500000000001 1.0000000180025095e-35 250.00500000000002 446.94500000000005 4.5000000000000009
decision_type=10 10 10 10 10 10 10 8 10 10 2 8 2 10 2 2 2 2 10 10 10 10 10 10 10 10 2 10 10 2
left_child=1 3 4 7 11 13 10 24 21 14 16 -2 -6 18 26 19 23 22 -3 25 -10 -5 -14 -4 -1 -9 27 -7 -8 -13
right_child=2 5 6 8 12 9 28 15 20 -11 -12 29 17 -15 -16 -17 -18 -19 -20 -21 -22 -23 -24 -25 -26 -27 -28 -29 -30 -31
leaf_value=-1.9837896782125004 1.6472659953479396 0.14119460772324183 5.3903281984329219 -0.73950682539820678 4.2504056499913441 1.2728703905745447 6.1214609225291126 -0.92545745406523838 -0.23824820976496716 3.6622283718824389 4.4338132987343704 2.5642725864847842 3.216738699981549 -0.48178975062799168 0.30070364236208047 -1.390850692481898 3.4402627913157144 1.7468758374597968 0.59240670558116426 -1.4412595345212058 -0.80349472829633772 0.26653219017938806 5.0931886799694741 6.8594619992868786 -1.4941563102935391 -0.20223688992338568 -0.63989671878178012 2.5480789436652107 8.3908126965840655 1.6483805852896205
leaf_weight=1198 1462 2568 179 6818 694 1901 52 4514 6516 74 239 1161 567 614 453 2386 44 122 2584 944 815 231 72 301 2698 410 43 129 224 230
leaf_count=1198 1462 2568 179 6818 694 1901 52 4514 6516 74 239 1161 567 614 453 2386 44 122 2584 944 815 231 72 301 2698 410 43 129 224 230
internal_value=-0.0049589 -0.510385 3.29307 -0.849722 2.58487 0.565684 6.22415 -1.26367 -0.499908 1.20541 5.57689 2.02187 3.68668 0.277059 1.13202 -1.08341 6.08882 3.16769 0.367572 -0.958179 -0.301189 -0.706505 3.4358 6.32394 -1.64519 -0.865291 1.31345 1.35512 7.9869 2.41412
internal_weight=40243 34896 5347 26530 4308 8366 1039 12150 14380 2600 763 2853 1455 5766 2526 8254 524 761 5152 5868 7331 7049 639 480 3896 4924 2073 2030 276 1391
internal_count=40243 34896 5347 26530 4308 8366 1039 12150 14380 2600 763 2853 1455 5766 2526 8254 524 761 5152 5868 7331 7049 639 480 3896 4924 2073 2030 276 1391
is_linear=0
shrinkage=0.03


Tree=23
num_leaves=31
num_cat=0
split_feature=9 9 9 9 9 14 14 18 1 1 11 1 11 6 17 1 14 0 8 7 11 14 4 4 14 0 9 12 7 18
split_gain=7.05291e+07 1.32606e+07 1.08912e+07 2.86904e+06 2.15666e+06 2.05948e+06 1.91706e+06 757744 647715 581292 561256 515324 483435 459484 455327 441163 396699 361772 337798 327266 319738 309877 308507 292085 287556 258257 248239 244786 243434 221669
threshold=212.00500000000002 103.20625000000001 397.09500000000008 54.955000000000005 149.22500000000002 398.82500000000005 640.34000000000003 1.0000000180025095e-35 1.5000000000000002 1.0000000180025095e-35 427.30000000000007 1.5000000000000002 107.77125000000002 0.92334801762114538 6165.7617800000016 1.0000000180025095e-35 130.01000000000002 5.5000000000000009 466.13750000000005 7.2413194444444464 272.75500000000005 249.99875000000003 351.50000000000006 244.50000000000003 196.57500000000002 5.5000000000000009 178.01500000000001 364.06333333333345 8.6857638888888911 1.0000000180025095e-35
decision_type=10 10 10 10 8 10 10 2 2 2 10 2 10 2 10 2 10 2 2 2 10 10 2 2 10 2 10 10 2 2
left_child=1 3 5 7 15 20 11 14 13 25 -8 -4 19 -7 16 24 17 -1 -9 29 -2 -14 -22 -12 -3 -6 -11 -15 -17 -5
right_child=2 4 6 12 9 8 10 18 -10 26 23 -13 21 27 -16 28 -18 -19 -20 -21 22 -23 -24 -25 -26 -27 -28 -29 -30 -31
leaf_value=-1.2843710959022772 1.7170553032364488 0.40932831171654471 6.081780571371822 -0.4604176635159456 0.72983859657140615 7.4051639890670771 5.3008890675243574 -1.4068583710168452 2.9252220301866529 0.54954762237308841 7.966775379363721 4.2230929527551329 -0.18576412907620909 3.3585099654059323 -1.4261998648731979 0.010195714031573181 -0.04819889315671283 -0.77081656489075556 -2.0676827840091594 -0.99750790971721137 2.7137759921216702 2.1208217680454253 1.031805713016446 5.5883053978629738 1.7965818636448576 2.2899675584606927 1.0399434035541919 4.980737133026123 -0.74366400138540079 -0.77734631845897395
leaf_weight=2102 1886 621 176 5928 131 41 151 2869 899 1938 312 678 1793 223 2104 5426 445 3010 928 1934 636 53 118 68 171 364 1792 149 414 2993
leaf_count=2102 1886 621 176 5928 131 41 151 2869 899 1938 312 678 1793 223 2104 5426 445 3010 928 1934 636 53 118 68 171 364 1792 149 414 2993
internal_value=0.00312188 -0.486552 3.21535 -0.877909 0.384297 2.41201 5.50425 -1.22211 3.38396 0.913954 6.92656 4.61281 -0.567321 4.37303 -1.05007 0.0467851 -0.907423 -0.982195 -1.56887 -0.643641 1.92788 -0.118428 2.45227 7.55694 0.710737 1.87939 0.785364 4.01988 -0.0433639 -0.566823
internal_weight=40353 35016 5337 24159 10857 3952 1385 11458 1312 4225 531 854 12701 413 7661 6632 5557 5112 3797 10855 2640 1846 754 380 792 495 3730 372 5840 8921
internal_count=40353 35016 5337 24159 10857 3952 1385 11458 1312 4225 531 854 12701 413 7661 6632 5557 5112 3797 10855 2640 1846 754 380 792 495 3730 372 5840 8921
is_linear=0
shrinkage=0.03


Tree=24
num_leaves=31
num_cat=0
split_feature=24 24 9 9 24 9 14 24 24 14 1 4 7 22 24 14 7 11 24 14 9 8 11 1 5 13 5 4 7 11
split_gain=6.70954e+07 1.33495e+07 1.12823e+07 2.84261e+06 2.49752e+06 2.17753e+06 1.52468e+06 667038 613580 487824 539581 516330 464708 446490 485078 437685 393505 353551 334529 232067 228920 227370 215707 203587 200057 199207 199030 197788 196909 181852
threshold=200.00500000000002 410.77500000000003 99.445000000000007 295.38000000000005 53.317500000000003 145.34500000000003 640.34000000000003 1.6725000000000001 644.96000000000015 387.40500000000003 1.5000000000000002 205.50000000000003 6.383680555555558 1.0000000180025095e-35 236.93500000000003 256.90500000000003 8.0295138888888911 95.357500000000016 124.77000000000002 98.045000000000016 397.09500000000008 217.18125000000001 353.44500000000005 3.5000000000000004 53651.375000000007 229.99000000000004 52106.250000000007 242.50000000000003 7.4739583333333348 272.75500000000005
decision_type=10 10 10 10 8 10 10 10 10 10 2 2 2 2 10 10 2 10 10 10 10 2 10 2 2 10 2 2 2 10
left_child=2 3 4 13 7 18 9 -1 27 -3 11 -11 17 14 -2 -7 22 -6 -4 26 -13 -21 -5 28 -14 -17 -9 -8 29 -16
right_child=1 6 5 16 12 15 8 19 -10 10 -12 20 24 -15 23 25 -18 -19 -20 21 -22 -23 -24 -25 -26 -27 -28 -29 -30 -31
leaf_value=-1.6786787419816194 1.3906245019686669 1.8641063080430029 -0.18341059905150908 3.1851880541487652 -0.5702481502095228 0.62846686211971903 6.6909083362335853 -1.3558826906357628 8.6971357449007716 9.0588400626182555 4.382028451029039 3.964206263851112 -1.0303632834032996 -0.35027169710205441 2.235874249118234 1.1881750548016494 1.7359706787441087 -0.088544265236326608 0.25935868285438929 -0.69098285351892685 6.2581155669787698 -1.1811933519471294 4.0337063957834589 1.6299331331845544 -0.61689499950468307 2.5313914922121405 -0.9223854812609692 4.8986045435573278 1.469649258617391 3.149746160315547
leaf_weight=2308 1570 49 4903 951 6423 2942 281 3474 141 47 452 70 2455 92 590 1043 137 1744 2235 1891 120 1559 408 502 1856 110 1328 88 187 310
leaf_count=2308 1570 49 4903 951 6423 2942 281 3474 141 47 452 70 2455 92 590 1043 137 1744 2235 1891 120 1559 408 502 1856 110 1328 88 187 310
internal_value=0.00433126 2.93203 -0.507879 2.20532 -0.887953 0.271631 5.69222 -1.2275 6.96244 4.8062 5.01243 6.19124 -0.600523 1.7064 1.76639 0.823002 3.28767 -0.467407 -0.0447569 -1.10112 5.43817 -0.912779 3.44271 2.13656 -0.852539 1.3184 -1.23622 6.27787 2.36881 2.5538
internal_weight=40266 5995 34271 4747 23038 11233 1248 10560 510 738 689 237 12478 3251 3159 4095 1496 8167 7138 8252 190 3450 1359 1589 4311 1153 4802 369 1087 900
internal_count=40266 5995 34271 4747 23038 11233 1248 10560 510 738 689 237 12478 3251 3159 4095 1496 8167 7138 8252 190 3450 1359 1589 4311 1153 4802 369 1087 900
is_linear=0
shrinkage=0.03


Tree=25
num_leaves=31
num_cat=0
split_feature=9 9 9 9 9 11 14 14 1 18 1 11 9 11 1 16 11 1 7 11 9 8 7 9 12 4 7 13 25 18
split_gain=6.28209e+07 1.19153e+07 9.98995e+06 2.33158e+06 2.10443e+06 2.06955e+06 1.28711e+06 968208 774314 618373 565559 500747 378340 365102 351231 330225 318893 309225 306864 332774 279039 268117 266849 242110 238100 229182 210166 195734 191330 179110
threshold=212.00500000000002 100.00125000000001 368.71000000000009 44.047500000000007 143.97500000000005 427.30000000000007 421.93000000000006 693.2650000000001 1.0000000180025095e-35 1.0000000180025095e-35 1.0000000180025095e-35 72.132500000000007 287.36000000000007 320.91500000000002 1.0000000180025095e-35 3340.3833811088048 77.055000000000021 3.5000000000000004 6.8489583333333348 142.59125000000003 168.81000000000003 0.38125000000000003 6.9288194444444464 2.7150000000000003 126.31166666666668 209.50000000000003 7.0850694444444473 351.34500000000008 258.53812500000009 1.0000000180025095e-35
decision_type=10 10 10 8 10 10 10 10 2 2 2 10 10 10 2 10 10 2 2 10 10 2 2 10 10 2 2 10 10 2
left_child=1 3 6 9 14 17 12 22 13 15 21 -5 -2 -8 24 16 -1 -4 19 -13 -12 -6 25 -11 -3 -7 -16 -19 -23 -14
right_child=2 4 5 11 10 7 8 -9 -10 23 20 18 29 -15 26 -17 -18 27 -20 -21 -22 28 -24 -25 -26 -27 -28 -29 -30 -31
leaf_value=-1.0294603662156452 1.6548896977599179 0.2659968312638249 4.5541181344193067 -0.78793896979259337 1.1207225773211669 6.9094949278397992 3.3846820312499997 7.7955970330044151 2.8177558595378436 -1.9970953662990159 0.41618161607160498 -0.35805249237462616 2.8977491899218757 6.8999346650165059 0.0023457692907266092 -1.3349033546908704 -0.37758301229276553 3.0858903713318262 -0.74335010764871667 0.82559353977541561 0.91724552873514731 1.970104931534314 3.289860335436734 -1.4044896715502726 1.4276935856331376 5.2475241980408178 -0.43708085211034942 4.6464542617011313 3.9442095454403607 1.857248896592322
leaf_weight=2949 2170 587 432 7293 295 109 49 220 682 873 1780 4712 387 68 4889 2312 878 375 2021 223 2291 182 54 2224 217 395 1224 96 60 256
leaf_count=2949 2170 587 432 7293 295 109 49 220 682 873 1780 4712 387 68 4889 2312 878 375 2021 223 2291 182 54 2224 217 395 1224 96 60 256
internal_value=-0.00671421 -0.467271 3.03911 -0.854966 0.322757 4.94933 2.14898 6.08708 3.21232 -1.22625 0.819355 -0.614235 1.84592 5.46889 -0.00813962 -1.05154 -0.880043 3.96342 -0.432029 -0.30441 0.698317 1.73394 5.40073 -1.57213 0.580923 5.61993 -0.0856973 3.41314 2.47377 2.48702
internal_weight=40303 35010 5293 23485 11525 1681 3612 778 799 9236 4608 14249 2813 117 6917 6139 3827 903 6956 4935 4071 537 558 3097 804 504 6113 471 242 643
internal_count=40303 35010 5293 23485 11525 1681 3612 778 799 9236 4608 14249 2813 117 6917 6139 3827 903 6956 4935 4071 537 558 3097 804 504 6113 471 242 643
is_linear=0
shrinkage=0.03


Tree=26
num_leaves=31
num_cat=0
split_feature=9 9 9 9 9 9 9 1 1 18 1 1 11 5 18 12 25 25 17 7 11 7 9 10 7 4 7 1 18 8
split_gain=5.9942e+07 1.17576e+07 9.18247e+06 2.16367e+06 1.90267e+06 1.80091e+06 1.41637e+06 787834 711915 512844 463029 447743 428850 414158 358691 333316 308764 300390 293053 262794 252914 246592 246100 240187 229052 225985 219496 195518 195466 194933
threshold=195.28500000000003 354.05500000000006 90.945000000000007 494.88000000000005 132.57750000000001 38.005000000000003 273.01000000000005 3.5000000000000004 1.0000000180025095e-35 1.0000000180025095e-35 1.5000000000000002 1.0000000180025095e-35 98.557500000000019 65656.250000000015 1.0000000180025095e-35 513.26479166666684 218.8979166666667 186.80062500000003 6559.3091150000018 8.8940972222222268 524.47500000000002 7.0225694444444473 160.49500000000003 232.04000000000005 5.4913194444444473 244.50000000000003 7.8107638888888911 4.5000000000000009 1.0000000180025095e-35 616.08750000000009
decision_type=10 10 10 10 10 8 10 2 2 2 2 2 10 2 2 10 10 10 10 2 10 2 10 10 2 2 2 2 2 2
left_child=2 6 5 7 14 9 16 20 13 18 -5 23 21 -8 17 -12 -2 -4 24 22 -3 28 -13 -6 -1 -17 -16 -10 -7 -11
right_child=1 3 4 10 11 12 8 -9 27 29 15 19 -14 -15 26 25 -18 -19 -20 -21 -22 -23 -24 -25 -26 -27 -28 -29 -30 -31
leaf_value=-0.59980262564184994 1.213167645366352 4.3689481163318726 -0.054863726818556002 8.1595365738044396 1.1675554516021693 -0.55723749826157087 3.579694926003429 3.1161201265121985 2.6774136658501195 -1.4591954663091455 4.8561758460019879 0.33059480367286997 -0.26583485338915386 7.2252853963433239 -0.34426346961158111 6.8246862954711913 1.813266881680067 1.3521200015928063 -1.3766431704203126 -0.42861375917783257 5.9831326078331983 -1.0080703282503893 0.79798413697200254 3.1799370415210721 -1.0945170870462584 4.2401894294383915 -1.1884613210565431 1.8830153481733232 -0.86111557856746646 -2.1624983253076984
leaf_weight=1365 1685 567 5571 93 524 5552 106 564 829 2280 228 2160 2064 40 2131 249 1443 139 1797 262 114 2376 1914 59 2219 42 318 440 2910 426
leaf_count=1365 1685 567 5571 93 524 5552 106 564 829 2280 228 2160 2064 40 2131 249 1443 139 1797 262 114 2376 1914 59 2219 42 318 440 2910 426
internal_value=0.00680098 2.67044 -0.493667 4.68127 0.130293 -0.882437 1.84764 3.95685 2.63554 -1.23345 6.1461 0.596259 -0.66234 4.62084 -0.150673 5.77032 1.49049 -0.0203824 -1.06361 0.491084 4.64754 -0.73782 0.55032 1.37631 -0.90632 6.46746 -0.454322 2.40367 -0.661828 -1.57067
internal_weight=40467 6400 34067 1857 13078 20989 4543 1245 1415 8087 612 4919 12902 146 8159 519 3128 5710 5381 4336 681 10838 4074 583 3584 291 2449 1269 8462 2706
internal_count=40467 6400 34067 1857 13078 20989 4543 1245 1415 8087 612 4919 12902 146 8159 519 3128 5710 5381 4336 681 10838 4074 583 3584 291 2449 1269 8462 2706
is_linear=0
shrinkage=0.03


Tree=27
num_leaves=31
num_cat=0
split_feature=9 9 9 9 9 9 9 1 1 11 5 18 25 1 10 1 16 1 11 1 9 11 16 7 0 9 1 18 7 10
split_gain=5.62939e+07 1.05107e+07 8.91887e+06 2.50857e+06 1.90499e+06 1.38826e+06 1.08104e+06 723733 698567 670939 468222 426966 445108 389769 393388 349804 320381 294465 283234 276723 256289 248052 236607 224421 223354 214359 205747 189158 187173 173797
threshold=212.00500000000002 107.59500000000001 368.71000000000009 57.018750000000004 570.0150000000001 156.75500000000002 273.01000000000005 3.5000000000000004 1.0000000180025095e-35 22.308750000000003 68762.500000000015 1.0000000180025095e-35 180.92000000000004 1.0000000180025095e-35 192.24500000000003 1.0000000180025095e-35 5653.9389137593607 2.5000000000000004 110.03500000000001 4.5000000000000009 311.79500000000002 427.30000000000007 6323.1626330021836 7.2760416666666687 5.5000000000000009 77.825000000000003 1.5000000000000002 1.0000000180025095e-35 9.5295138888888928 320.97000000000008
decision_type=10 10 10 10 10 10 10 2 2 8 2 2 10 2 10 2 10 2 10 2 10 10 10 2 2 10 2 2 2 10
left_child=1 3 6 9 7 13 27 21 10 -1 -8 12 25 14 -3 24 17 18 -11 20 -10 -4 -15 -9 -7 -5 -6 29 -17 -2
right_child=2 5 4 11 26 15 8 23 19 16 -12 -13 -14 22 -16 28 -18 -19 -20 -21 -22 -23 -24 -25 -26 -27 -28 -29 -30 -31
leaf_value=-1.3939207906850839 1.7156909806137122 0.61152266179616577 4.220092754032712 -0.56753890419135233 8.8094539111593502 0.65283230402769932 3.4919398660659788 3.5464656423494194 2.206695306470682 -0.71476949571388604 7.226746430064356 -0.7300684073505268 1.5179343528832707 0.10855030254531262 3.6400397824514199 0.80789785320368668 -1.3010049983998939 -1.0383294029419585 0.24494041489040264 1.7976563447498177 3.2262681076589939 5.340797425837029 -0.54365813906118932 1.3719546813624246 2.1591758244437771 -0.26758406471859902 6.3858434794826575 1.1596378726621894 -0.43253374041989445 3.5871021536563306
leaf_weight=4000 1487 679 402 3531 45 130 119 570 463 3039 42 4121 111 4944 40 3024 1565 2972 304 455 451 380 556 48 285 5467 268 651 113 46
leaf_count=4000 1487 679 402 3531 45 130 119 570 463 3039 42 4121 111 4944 40 3024 1565 2972 304 455 451 380 556 48 285 5467 268 651 113 46
internal_value=0.00620672 -0.43604 2.84822 -0.760887 4.63875 0.398759 2.02135 4.15974 2.63337 -1.07732 4.50483 -0.476686 -0.361986 0.128463 0.784829 0.871834 -0.916447 -0.820954 -0.62745 2.41015 2.71276 4.77081 0.0425311 3.38006 1.69001 -0.385342 6.76123 1.59159 0.763092 1.77415
internal_weight=40308 34881 5427 25110 1713 9771 3714 1400 1530 11880 161 13230 9109 6219 719 3552 7880 6315 3343 1369 914 782 5500 618 415 8998 313 2184 3137 1533
internal_count=40308 34881 5427 25110 1713 9771 3714 1400 1530 11880 161 13230 9109 6219 719 3552 7880 6315 3343 1369 914 782 5500 618 415 8998 313 2184 3137 1533
is_linear=0
shrinkage=0.03


Tree=28
num_leaves=31
num_cat=0
split_feature=12 24 24 24 24 24 24 12 12 7 4 4 17 13 1 23 16 0 24 16 1 4 24 24 24 12 18 4 5 5
split_gain=5.1275e+07 1.01507e+07 8.42898e+06 2.02497e+06 1.67043e+06 1.43104e+06 1.42807e+06 758228 513810 450636 430593 464596 409706 387986 434439 360312 355904 313163 272421 247895 215842 207224 200089 190837 188867 186980 183575 176637 188247 170866
threshold=194.48875000000001 381.02500000000003 101.63500000000001 24.703750000000003 255.00500000000002 146.31500000000003 524.65000000000009 69.349479166666683 302.37062500000008 6.4079861111111134 244.50000000000003 232.50000000000003 4447.3172450000011 258.71000000000009 4.5000000000000009 4.5000000000000009 4426.7642726832573 17.500000000000004 175.00625000000002 3826.7297173231022 5.5000000000000009 350.50000000000006 311.45500000000004 410.77500000000003 644.96000000000015 111.31937500000002 1.0000000180025095e-35 197.50000000000003 52253.125000000007 60156.250000000007
decision_type=10 10 10 8 8 10 10 10 10 2 2 2 10 10 2 2 10 2 10 10 2 2 10 10 10 10 2 2 2 2
left_child=2 4 3 12 8 16 9 17 -2 20 11 -8 -1 14 22 18 -4 19 -7 26 23 -20 -6 -3 -13 -9 -5 -16 -29 -18
right_child=1 6 5 7 13 15 10 25 -10 -11 -12 24 -14 -15 27 -17 29 -19 21 -21 -22 -23 -24 -25 -26 -27 -28 28 -30 -31
leaf_value=-1.015376828408151 1.1873067998397819 3.6404946784550334 0.090095786931801258 -0.69859380073660937 2.1380643066093845 0.57175143458652355 5.4565312775219876 -0.46362789016296224 2.5071769706022775 2.7686616753529161 4.5398282383970523 6.5491570866572388 -1.513145344975483 3.0575571879823418 1.820768658360256 0.085312742805824834 -0.78059634911331122 -0.53065624572249392 1.1983983233667503 -1.2555074923675902 2.5968657749065986 -0.73428748084662054 3.0202575886481986 4.7714505373143981 8.9481801932198657 -0.070947051543165274 -1.1005290338386047 -0.67226713414375605 1.6862447916984558 -0.042462959281008711
leaf_weight=3176 2448 202 5373 3673 714 1534 162 6981 298 213 132 76 2821 679 132 662 706 2800 1514 1457 64 51 358 573 83 1294 1424 77 49 470
leaf_count=3176 2448 202 5373 3673 714 1534 162 6981 298 213 132 76 2821 679 132 662 706 2800 1514 1457 64 51 358 573 83 1294 1424 77 49 470
internal_value=-0.00101957 2.4935 -0.46123 -0.77355 1.81319 0.254474 4.64028 -0.611498 1.3314 4.02576 6.05538 6.66257 -1.24974 2.47073 2.16907 0.720785 -0.0133904 -0.796556 0.856461 -0.910056 4.34123 1.13499 2.43522 4.48174 7.84958 -0.402239 -0.81108 1.05806 0.250987 -0.485881
internal_weight=40196 6260 33936 23626 4755 10310 1505 17629 2746 1052 453 321 5997 2009 1330 3761 6549 9354 3099 6554 839 1565 1072 775 159 8275 5097 258 126 1176
internal_count=40196 6260 33936 23626 4755 10310 1505 17629 2746 1052 453 321 5997 2009 1330 3761 6549 9354 3099 6554 839 1565 1072 775 159 8275 5097 258 126 1176
is_linear=0
shrinkage=0.03


Tree=29
num_leaves=31
num_cat=0
split_feature=9 24 24 24 9 24 9 4 24 4 24 16 23 18 24 0 9 10 13 18 1 5 5 0 1 16 16 18 4 16
split_gain=4.9506e+07 1.07385e+07 7.32684e+06 1.95328e+06 1.90575e+06 1.45622e+06 1.27047e+06 607821 477212 459284 444134 385237 345293 339377 283232 268308 258587 252763 223390 281959 215506 199893 198351 180276 174936 172099 169277 163384 156102 154421
threshold=187.91500000000002 381.02500000000003 83.985000000000014 129.48000000000005 287.36000000000007 466.00500000000005 31.235000000000003 244.50000000000003 240.54000000000005 232.50000000000003 344.32500000000005 6323.1626330021836 4.5000000000000009 1.0000000180025095e-35 170.16000000000003 5.5000000000000009 64.903750000000016 -2.4362499999999998 258.71000000000009 1.0000000180025095e-35 2.5000000000000004 57402.125000000007 53503.250000000007 17.500000000000004 4.5000000000000009 6152.0542361005291 6083.9910851169288 1.0000000180025095e-35 350.50000000000006 7408.5596776926459
decision_type=10 10 10 10 10 10 8 2 10 2 10 10 2 2 10 2 10 10 10 2 2 2 2 2 2 10 10 2 2 10
left_child=2 4 6 11 8 20 13 9 -2 -7 12 22 14 26 25 -11 27 -15 19 -6 -3 -13 -4 -21 -10 -5 -1 -8 -16 -18
right_child=1 5 3 10 18 7 16 -9 24 15 -12 21 -14 17 28 -17 29 -19 -20 23 -22 -23 -24 -25 -26 -27 -28 -29 -30 -31
leaf_value=-0.94288332596847668 1.1120815269541697 4.1678168036142988 -0.24059666637600696 0.50389395787155888 2.6369829380830692 5.37629328657599 -0.71674985398472935 4.4090341109344635 1.9924894569255043 5.0571611768145885 3.4065110844246882 -1.0870692975929814 -0.034013637021753536 -3.6248851638793944 1.0419310394154051 8.0466546376546209 -0.50525988466677663 -1.4566816883225442 2.9564326938387659 0.92393546022045669 3.1127431527832887 -0.32838702354326987 0.084806305091899736 2.7535609090328212 1.0197810375109755 -0.32650177010641684 -1.3911047190223562 -1.0466922642133305 -0.80440342692441713 -1.0677324745518231
leaf_weight=3275 2621 359 6033 2620 495 271 4224 290 1017 42 46 635 967 49 1183 143 5711 2166 775 190 384 617 2339 65 203 245 995 1998 42 476
leaf_count=3275 2621 359 6033 2620 495 271 4224 290 1017 42 46 635 967 49 1183 143 5711 2166 775 190 384 617 2339 65 203 245 995 1998 42 476
internal_value=0.000586005 2.32395 -0.47318 0.0284486 1.6979 4.57743 -0.864158 5.51748 1.34104 6.21122 0.502865 -0.223131 0.475785 -1.20449 0.596295 7.3988 -0.686217 -1.50626 2.59524 2.21858 3.62745 -0.713742 -0.149685 1.39924 1.8316 0.432794 -1.04763 -0.822852 0.978024 -0.5487
internal_weight=40476 6855 33621 14727 5366 1489 18894 746 3841 456 5103 9624 5057 6485 4090 185 12409 2215 1525 750 743 1252 8372 255 1220 2865 4270 6222 1225 6187
internal_count=40476 6855 33621 14727 5366 1489 18894 746 3841 456 5103 9624 5057 6485 4090 185 12409 2215 1525 750 743 1252 8372 255 1220 2865 4270 6222 1225 6187
is_linear=0
shrinkage=0.03


Tree=30
num_leaves=31
num_cat=0
split_feature=24 24 9 9 24 9 24 24 1 18 18 12 11 24 18 8 7 16 9 9 6 12 7 7 25 5 6 16 11 7
split_gain=4.73009e+07 1.15001e+07 6.12486e+06 1.81725e+06 1.61215e+06 1.38062e+06 1.25146e+06 551226 437801 374911 368067 320566 320161 293915 288801 287356 286369 283347 282519 256164 246440 224719 221305 220961 220530 201921 184050 175204 176017 174474
threshold=177.44500000000002 368.47500000000008 83.291250000000019 261.09500000000008 466.00500000000005 128.86500000000004 21.268750000000001 644.96000000000015 3.5000000000000004 1.0000000180025095e-35 1.0000000180025095e-35 218.8979166666667 93.655000000000015 240.54000000000005 1.0000000180025095e-35 404.72500000000008 6.9913194444444464 2896.0343152156129 311.79500000000002 160.49500000000003 2.5006607929515425 477.00062500000007 8.8940972222222268 7.6163194444444473 628.70145833333345 39056.250000000007 18.082819383259924 6323.1626330021836 124.29500000000002 8.3454861111111143
decision_type=10 10 10 10 10 10 8 10 2 2 2 10 10 10 2 2 2 10 10 10 2 10 2 2 10 2 2 10 8 2
left_child=2 3 6 10 8 14 15 16 -3 12 13 22 17 -2 27 -1 20 -8 -5 -12 -6 25 -7 -16 -9 -10 -22 28 -4 -15
right_child=1 4 5 18 7 11 9 24 21 -11 19 -13 -14 29 23 -17 -18 -19 -20 -21 26 -23 -24 -25 -26 -27 -28 -29 -30 -31
leaf_value=-1.0385301159628566 1.1422573464321497 3.9803904831053289 -0.12742656151987186 1.926819095377005 7.2748224830627439 0.39750198728579733 -0.57445974079624551 5.5140841862734629 0.71103089469671243 -0.94477548704846659 -0.62244874705777586 1.3144644427221841 -0.23849421850835933 2.0137971724340549 -0.3608464949436459 -1.4914364479340601 2.6092549922514934 -0.996434552613369 2.6750288182021036 0.818569708693344 4.0044814771198363 4.6098138135274249 -0.54630604591550702 -1.1074416690839708 8.0640992266632789 2.6823781189285678 5.2872645461590917 -0.52655296649891703 0.30950614264161963 0.54947012316479404
leaf_weight=2851 2376 568 4972 943 47 3995 6005 67 59 3752 132 330 1869 623 2488 2283 48 1884 910 677 165 44 236 416 85 242 376 802 995 84
leaf_count=2851 2376 568 4972 943 47 3995 6005 67 59 3752 132 330 1869 623 2488 2283 48 1884 910 677 165 44 236 416 85 242 376 802 995 84
internal_value=0.0053106 2.16421 -0.483674 1.5222 4.33039 -0.015045 -0.841434 5.3277 3.46473 -0.689824 1.15352 0.415176 -0.591707 1.303 -0.217924 -1.24018 4.92164 -0.675347 2.29551 0.582969 5.10566 2.60671 0.344741 -0.468141 6.98347 2.2996 4.90414 -0.110524 -0.0545282 1.84084
internal_weight=40324 7446 32878 5745 1701 14234 18644 788 913 13510 3892 4561 9758 3083 9673 5134 636 7889 1853 809 588 345 4231 2904 152 301 541 6769 5967 707
internal_count=40324 7446 32878 5745 1701 14234 18644 788 913 13510 3892 4561 9758 3083 9673 5134 636 7889 1853 809 588 345 4231 2904 152 301 541 6769 5967 707
is_linear=0
shrinkage=0.03


Tree=31
num_leaves=31
num_cat=0
split_feature=9 24 24 9 24 9 9 7 25 24 7 25 7 24 7 7 23 4 16 9 18 24 7 24 24 23 9 13 18 4
split_gain=4.35008e+07 8.96765e+06 7.18285e+06 2.05433e+06 1.64066e+06 1.4763e+06 889195 418919 408820 399255 391077 367668 320682 309466 299737 275012 273388 249514 218155 192444 189227 188184 186802 183978 173308 170660 151797 137568 137236 135993
threshold=197.85500000000005 410.77500000000003 91.465000000000018 295.38000000000005 140.05500000000004 43.255000000000003 570.0150000000001 6.602430555555558 344.72041666666672 1.6725000000000001 7.9392361111111134 332.98166666666674 7.7725694444444464 224.58500000000004 7.5781250000000009 7.0225694444444473 6.5000000000000009 198.50000000000003 3705.3720670662406 110.00250000000001 1.0000000180025095e-35 70.405000000000015 8.3454861111111143 321.17000000000002 164.11750000000004 4.5000000000000009 -23.451249999999998 75.985000000000014 1.0000000180025095e-35 252.50000000000003
decision_type=10 10 10 10 10 8 10 2 10 8 2 10 2 8 2 2 2 2 10 10 2 10 2 10 10 2 10 10 2 2
left_child=2 3 5 13 10 9 7 8 -3 26 19 14 23 -2 24 21 17 -10 20 -4 -11 27 -15 -5 -6 -26 -1 -7 -12 -13
right_child=1 6 4 12 11 15 -8 -9 16 18 28 29 -14 22 -16 -17 -18 -19 -20 -21 -22 -23 -24 -25 25 -27 -28 -29 -30 -31
leaf_value=-2.5508152717014525 1.0237343708156981 7.427569353921073 -0.16604015955435328 2.4055152590192281 0.44234155467157882 -0.63444565090121841 6.1346606566100164 2.6944418874445897 3.1437038689381196 -0.70230447265001983 -0.39919501881638231 3.7608045640102654 1.356486337473616 1.7218316494372969 -0.046314533847821651 -0.81600666937183564 2.3373808942522318 4.7547612553659606 -1.2005426359194411 0.14065087962341424 -1.1359452333684774 -0.32492766714003551 0.77106492898318657 3.1035540287594761 0.97878319670427893 0.23901335492730139 -1.3756927742742386 -0.052126404124591026 -1.0993093961035156 1.2818254182396864
leaf_weight=105 1543 41 4088 649 1690 5181 286 147 113 3058 826 42 159 1551 619 2844 62 543 2168 3349 1293 4070 214 785 1676 338 1910 393 363 40
leaf_count=105 1543 41 4088 649 1690 5181 286 147 113 3058 826 42 159 1551 619 2844 62 543 2168 3349 1293 4070 214 785 1676 338 1910 393 363 40
internal_value=-0.00383185 2.33054 -0.421571 1.76229 0.131826 -0.764597 4.66355 4.1929 4.47919 -1.06873 -0.108733 0.602814 2.64744 1.33536 0.564692 -0.556694 4.30073 4.48245 -0.954331 -0.0279319 -0.831402 -0.480147 1.60706 2.78953 0.666787 0.854811 -1.43816 -0.593405 -0.613683 2.58156
internal_weight=40146 6093 34053 4901 13031 21022 1192 906 759 8534 8626 4405 1593 3308 4323 12488 718 656 6519 7437 4351 9644 1765 1434 3704 2014 2015 5574 1189 82
internal_count=40146 6093 34053 4901 13031 21022 1192 906 759 8534 8626 4405 1593 3308 4323 12488 718 656 6519 7437 4351 9644 1765 1434 3704 2014 2015 5574 1189 82
is_linear=0
shrinkage=0.03


Tree=32
num_leaves=31
num_cat=0
split_feature=24 24 9 9 24 9 9 1 17 14 9 16 22 12 24 14 7 18 18 11 7 5 24 5 7 11 1 11 9 24
split_gain=4.18901e+07 8.39271e+06 7.06531e+06 1.62698e+06 1.5867e+06 1.2062e+06 869121 586169 569309 436702 388668 364950 320643 314641 300171 285783 273101 266211 249005 284167 227881 216405 185445 182151 178651 169505 166664 162076 159509 156150
threshold=200.00500000000002 410.77500000000003 98.891250000000014 295.38000000000005 59.105000000000011 145.34500000000003 570.0150000000001 2.5000000000000004 5425.3945700000013 428.82000000000005 311.79500000000002 5721.6617484452063 1.0000000180025095e-35 343.15729166666671 236.93500000000003 101.82000000000001 8.0295138888888911 1.0000000180025095e-35 1.0000000180025095e-35 110.94500000000001 8.8940972222222268 42451.000000000007 494.88000000000005 56831.250000000007 7.5086805555555571 191.69250000000002 1.5000000000000002 124.29500000000002 397.09500000000008 14.426250000000001
decision_type=10 10 10 10 10 10 10 2 10 10 10 10 2 10 10 8 2 2 2 10 2 2 10 2 2 10 2 10 10 10
left_child=2 3 4 12 8 17 7 9 15 -3 -11 18 14 20 -2 21 25 27 19 -6 -7 -1 -12 -13 -19 -5 -16 -4 -9 -10
right_child=1 6 5 16 11 13 -8 28 29 10 22 23 -14 -15 26 -17 -18 24 -20 -21 -22 -23 -24 -25 -26 -27 -28 -29 -30 -31
leaf_value=-1.1753257840826392 1.1158008393745007 2.3709743674596147 -0.019025804277335079 0.76232771773157371 -0.36314933016781065 0.63806530466131839 5.9428862160565901 1.7723315119445324 -1.4158519388122757 7.9155263202134956 4.2430265936292244 -1.1310017860469395 -0.40081615031420526 2.589977609713872 2.0852542002693362 -0.54779121342369363 1.24144354628329 -0.18766319636882295 -0.6584667353767466 0.20992529799179827 -0.42458219642843559 -0.79236746902361277 5.6768339209748593 -0.46549884418363674 -0.96564564781948448 2.7433254924335508 1.450022613831482 0.34223082733544197 3.4896833048673237 -0.98490262481394475
leaf_weight=2066 1568 62 3460 41 6558 3830 293 59 2276 42 242 954 90 71 628 2563 132 1863 2200 883 190 3760 148 608 309 1323 952 1650 407 1152
leaf_count=2066 1568 62 3460 41 6558 3830 293 59 2276 42 242 954 90 71 628 2563 132 1863 2200 883 190 3760 148 608 309 1323 952 1650 407 1152
internal_value=0.00242936 2.31813 -0.400735 1.7396 -0.702955 0.210993 4.50078 4.05492 -0.945466 4.7811 5.12072 -0.447091 1.36083 0.623121 1.4113 -0.812161 2.55798 -0.0205931 -0.378097 -0.295125 0.587748 -0.928349 4.80027 -0.872422 -0.298736 2.68438 1.70367 0.0976668 3.27651 -1.27136
internal_weight=40380 5987 34393 4734 23020 11373 1253 960 11817 494 432 11203 3238 4091 3148 8389 1496 7282 9641 7441 4020 5826 390 1562 2172 1364 1580 5110 466 3428
internal_count=40380 5987 34393 4734 23020 11373 1253 960 11817 494 432 11203 3238 4091 3148 8389 1496 7282 9641 7441 4020 5826 390 1562 2172 1364 1580 5110 466 3428
is_linear=0
shrinkage=0.03


Tree=33
num_leaves=31
num_cat=0
split_feature=24 24 9 9 24 24 9 6 7 7 9 11 1 5 7 12 17 7 4 11 1 4 11 6 10 4 7 12 7 24
split_gain=3.95607e+07 9.13011e+06 5.65354e+06 2.14257e+06 1.16088e+06 1.10986e+06 933655 657873 417892 383897 368868 339377 280394 278207 265648 262992 250490 237698 189210 269710 184564 190894 181447 173077 168825 165300 149801 146252 144887 141231
threshold=185.00500000000002 410.77500000000003 90.945000000000007 295.38000000000005 22.395000000000003 129.48000000000005 570.0150000000001 1.1993392070484583 6.4079861111111134 6.1996527777777795 229.01000000000002 83.195000000000007 4.5000000000000009 52400.500000000007 7.3697916666666687 218.8979166666667 4498.0345450000013 7.3072916666666687 350.50000000000006 250.00500000000002 1.5000000000000002 188.50000000000003 331.02500000000003 23.582819383259917 427.46000000000009 259.50000000000006 8.6302083333333375 186.55645833333335 8.8940972222222268 66.695000000000007
decision_type=10 10 10 10 8 8 10 2 2 2 10 10 2 2 2 10 10 2 2 10 2 2 10 2 10 2 2 10 2 10
left_child=2 3 4 10 16 17 7 -3 20 11 12 29 18 26 22 28 -1 27 19 -2 24 -22 -5 -8 -9 -10 -11 -4 -7 -6
right_child=1 6 5 14 9 15 23 8 25 13 -12 -13 -14 -15 -16 -17 -18 -19 -20 -21 21 -23 -24 -25 -26 -27 -28 -29 -30 -31
leaf_value=-0.90277488175583076 1.021921319973591 7.7052817788965449 -0.081282794410835843 2.3716578248406583 -0.69382799327281952 0.44240913198941667 5.234484854793549 4.2580979667275631 3.1581012377142903 -0.85383805351373521 1.5531444547714433 -0.16982460726363088 0.35597488702280183 -0.55114908002178098 1.5201228842359746 1.3233018645012016 -1.3123223832655579 -0.49595793556593609 -0.30858102211846578 1.9295227063508307 1.8664836398983489 3.9178524136327511 3.0960119112824724 6.8833612344203852 6.1975273895263667 1.1806298238083497 -1.3400017596300968 0.76754743098955036 -0.32041360502859123 -0.41467112263698136
leaf_weight=2729 1558 40 6467 825 4058 3915 174 176 95 2747 1644 2455 524 2745 219 296 2675 1334 78 365 48 441 534 116 62 66 725 187 237 2738
leaf_count=2729 1558 40 6467 825 4058 3915 174 176 95 2747 1644 2455 524 2745 219 296 2675 1334 78 365 48 441 534 116 62 66 725 187 237 2738
internal_value=0.00449508 2.0605 -0.425483 1.55995 -0.727165 0.0808631 4.41908 3.94561 3.76778 -0.594852 1.20307 -0.472235 0.97462 -0.777202 2.50145 0.460606 -1.10571 -0.130622 1.13637 1.1951 4.07593 3.72071 2.65835 5.91542 4.78714 2.35975 -0.955712 -0.057316 0.3988 -0.581438
internal_weight=40273 6965 33308 5747 20872 12436 1218 928 888 15468 4169 9251 2525 6217 1578 4448 5404 7988 2001 1923 727 489 1359 290 238 161 3472 6654 4152 6796
internal_count=40273 6965 33308 5747 20872 12436 1218 928 888 15468 4169 9251 2525 6217 1578 4448 5404 7988 2001 1923 727 489 1359 290 238 161 3472 6654 4152 6796
is_linear=0
shrinkage=0.03


Tree=34
num_leaves=31
num_cat=0
split_feature=9 9 9 9 14 9 25 18 1 1 16 18 25 11 8 11 16 7 9 11 7 9 6 11 11 7 1 14 4 1
split_gain=3.63341e+07 7.56178e+06 5.48122e+06 2.00849e+06 993082 971612 794794 571861 489021 428548 361734 337291 365014 328900 287913 282576 271913 258370 218904 199741 199326 197904 197352 196151 196102 172315 166735 181821 158803 158461
threshold=218.37500000000003 115.08500000000002 410.90500000000003 60.295000000000009 398.82500000000005 570.0150000000001 170.86473958333337 1.0000000180025095e-35 2.5000000000000004 1.5000000000000002 2896.0343152156129 1.0000000180025095e-35 180.92000000000004 104.79875000000001 412.13125000000008 331.02500000000003 6232.4303678495135 5.5329861111111134 -23.451249999999998 100.09500000000001 8.8246527777777803 154.68500000000003 9.0984581497797361 159.33500000000004 410.13500000000005 5.0607638888888902 1.5000000000000002 735.36000000000001 260.50000000000006 4.5000000000000009
decision_type=10 10 10 10 10 10 10 2 2 2 10 2 10 10 2 10 10 2 10 8 2 10 2 10 10 2 2 10 2 2
left_child=1 3 4 7 23 8 16 10 -4 17 13 12 19 -1 -9 29 20 25 -16 -5 21 -3 -12 -2 -10 -6 -7 -28 -17 -8
right_child=2 6 5 11 9 26 15 14 24 -11 22 -13 -14 -15 18 28 -18 -19 -20 -21 -22 -23 -24 -25 -26 -27 27 -29 -30 -31
leaf_value=-0.64478956844669477 0.6201163013408213 0.21930740584524247 4.4888902126214445 -0.35407154862715973 3.3959869346251854 7.2037579396085913 0.920384580257951 -0.99214052064048885 2.5068484387473493 2.0824904357367209 -0.42077654205467435 -0.56317202954469381 1.2670601473580783 0.21701475393551878 -3.4367299472161057 3.3865993847281244 -0.38015686739093335 2.2388064114875101 -1.453093747839564 -0.04978880097574289 -0.48073464154013656 0.60459238037613217 -1.0896416289108259 1.5244228628712466 3.6525118523362008 5.4395111476158604 4.2991304893348046 5.9765575496128625 1.2832815373717965 0.30031316390903345
leaf_weight=5081 242 3701 350 6671 233 52 1890 3034 304 1016 472 4284 141 432 52 58 573 165 1153 2739 276 1776 2557 2155 263 48 130 139 76 463
leaf_count=5081 242 3701 350 6671 233 52 1890 3034 304 1016 472 4284 141 432 52 58 573 165 1153 2739 276 1776 2557 2155 263 48 130 139 76 463
internal_value=0.000397403 -0.340337 2.36843 -0.592531 1.81038 4.10505 0.421293 -0.863664 3.59962 2.42702 -0.722133 -0.34201 -0.242762 -0.577231 -1.14862 0.875569 0.242589 3.20546 -1.54147 -0.265518 0.30467 0.344329 -0.985588 1.43342 3.04375 3.76311 5.53324 5.18483 2.21202 0.798552
internal_weight=40526 35429 5097 26616 3859 1238 8813 12781 917 1462 8542 13835 9551 5513 4239 2487 6326 446 1205 9410 5753 5477 3029 2397 567 281 321 269 134 2353
internal_count=40526 35429 5097 26616 3859 1238 8813 12781 917 1462 8542 13835 9551 5513 4239 2487 6326 446 1205 9410 5753 5477 3029 2397 567 281 321 269 134 2353
is_linear=0
shrinkage=0.03


Tree=35
num_leaves=31
num_cat=0
split_feature=24 24 24 12 24 24 24 7 12 24 7 5 12 5 7 1 0 22 24 1 2 12 2 8 7 12 5 7 11 1
split_gain=3.46104e+07 8.46687e+06 4.58286e+06 1.46689e+06 1.10939e+06 1.01896e+06 858402 463086 405503 372834 354470 317384 285494 294500 256224 248875 231116 230262 256200 206810 202986 196263 190650 187077 173852 167029 163272 146533 146100 146100
threshold=177.44500000000002 381.02500000000003 82.173750000000013 246.2154166666667 644.96000000000015 131.85500000000005 12.505000000000001 6.9600694444444464 61.256875000000015 466.00500000000005 8.237847222222225 40600.562500000007 351.38812500000012 43906.250000000007 8.1822916666666696 1.5000000000000002 17.500000000000004 1.0000000180025095e-35 236.93500000000003 1.5000000000000002 8.5000000000000018 105.06604166666669 9.5000000000000018 344.53125000000006 6.9913194444444464 228.61104166666669 54656.250000000007 6.0607638888888902 272.75500000000005 2.5000000000000004
decision_type=10 10 10 10 10 10 8 2 10 10 2 2 10 2 2 2 2 2 10 2 2 10 2 2 2 10 2 2 10 2
left_child=2 3 6 14 7 10 23 9 16 11 26 20 13 22 17 -6 -8 18 -2 -13 -3 -10 28 -1 25 -7 27 -4 -5 -11
right_child=1 4 5 12 15 24 8 -9 21 29 -12 19 -14 -15 -16 -17 -18 -19 -20 -21 -22 -23 -24 -25 -26 -27 -28 -29 -30 -31
leaf_value=-0.88154316698794222 0.93425014921210747 2.7648269029413717 -0.097535055407187737 0.55010799194291493 8.3052943856375556 0.45203160407743814 -0.85734411012343148 2.0040987169067814 -0.5052686706696643 4.8519747098068606 -0.67083858060678847 4.3650251101735815 2.4338907834692081 1.8952348754448227 0.23617986850498257 5.4092059956222283 -0.48518017873924774 -0.41346767597376033 1.5449194695127615 3.1021974431363279 0.30319390296936033 -0.023256854591741209 -0.71863161122798924 -1.2907868959965902 0.00054029605924510037 1.4788706135511398 0.09318326389224281 -0.40989782977696448 2.2461405526023159 3.8202836448566555
leaf_weight=1817 2334 88 4866 117 41 2978 5808 158 5435 272 1117 200 731 1236 386 121 2032 93 846 328 46 884 59 2285 779 149 2661 1871 75 291
leaf_count=1817 2334 88 4866 117 41 2978 5808 158 5435 272 1117 200 731 1236 386 121 2032 93 846 328 46 884 59 2285 779 149 2661 1871 75 291
internal_value=0.00809081 1.85732 -0.411909 1.33737 3.833 -0.0121427 -0.727592 3.5528 -0.616801 3.75075 -0.16584 3.25537 1.94615 1.70491 0.967912 6.18862 -0.760959 1.05411 1.09715 3.58789 1.92829 -0.437852 0.763895 -1.10977 0.40155 0.501417 -0.105754 -0.184332 1.22083 4.32644
internal_weight=40104 7422 32682 5877 1545 14421 18261 1383 14159 1225 10515 662 2218 1487 3659 162 7840 3273 3180 528 134 6319 251 4102 3906 3127 9398 6737 192 563
internal_count=40104 7422 32682 5877 1545 14421 18261 1383 14159 1225 10515 662 2218 1487 3659 162 7840 3273 3180 528 134 6319 251 4102 3906 3127 9398 6737 192 563
is_linear=0
shrinkage=0.03


Tree=36
num_leaves=31
num_cat=0
split_feature=24 9 9 24 9 24 24 16 24 1 11 1 5 7 24 10 16 5 5 7 7 7 24 0 11 8 16 7 13 7
split_gain=3.19573e+07 7.36084e+06 4.54047e+06 1.68713e+06 1.09944e+06 852023 729747 392901 384422 346197 319172 273629 272048 257073 283183 228899 210253 209273 203396 192631 191901 176534 169643 154938 146590 146335 138545 131943 128955 125740
threshold=182.27375000000004 344.27500000000003 83.291250000000019 494.88000000000005 125.10125000000001 12.505000000000001 240.54000000000005 3705.3720670662406 644.96000000000015 4.5000000000000009 83.195000000000007 1.5000000000000002 57205.250000000007 7.1753472222222241 301.8300000000001 202.42250000000004 9048.6774027464398 54305.500000000007 51689.000000000007 8.0295138888888911 8.6857638888888911 8.3975694444444482 427.87500000000006 5.5000000000000009 117.28500000000001 344.53125000000006 5377.0269443274292 8.2968750000000018 229.99000000000004 7.1128472222222241
decision_type=10 10 10 10 10 8 10 10 10 2 10 2 2 2 10 10 10 2 2 2 2 2 10 2 10 2 10 2 10 2
left_child=2 6 5 11 16 25 19 10 -5 13 27 -3 -9 14 -8 20 17 29 -11 -2 26 24 -13 28 -12 -1 -6 -7 -16 -4
right_child=1 3 4 8 15 7 9 12 -10 18 21 22 -14 -15 23 -17 -18 -19 -20 -21 -22 -23 -24 -25 -26 -27 -28 -29 -30 -31
leaf_value=-0.8857284999759879 1.0030400731989091 3.6328583514690398 -0.19580149271186639 4.3091399530264045 0.37821906521680554 -0.56499547270318839 1.6814754296432324 -1.0058418447716255 6.1557313778593734 0.30195137259023014 -0.24649781160077908 2.364919107917677 -0.32032812305912373 1.0967885336835632 0.34060408401489256 0.91579035269002051 -0.74634071427184967 0.080551705894913728 1.6392305007832391 0.23408549677823912 -0.48338743735224965 -0.88364967286259777 3.2292805014586041 2.8869216670614044 0.36893838705585968 -1.2601879006447207 -0.23943347086711378 -0.96451511677259627 2.2924163990862225 -0.58922270939048005
leaf_weight=1645 2555 311 5406 402 4033 7907 966 2850 147 248 1834 771 639 368 44 571 582 2398 174 332 278 318 294 370 429 2234 355 823 101 845
leaf_count=1645 2555 311 5406 402 4033 7907 966 2850 147 248 1834 771 639 368 44 571 582 2398 174 332 278 318 294 370 429 2234 355 823 101 845
internal_value=-0.00598739 1.823 -0.396856 3.40573 0.00210175 -0.705857 1.23176 -0.602052 4.81388 1.63422 -0.516116 2.84082 -0.88042 1.8113 1.98798 0.349268 -0.194872 -0.157681 0.855913 0.914723 0.279758 -0.222914 2.60634 2.55853 -0.129717 -1.10166 0.328206 -0.602765 1.70653 -0.249069
internal_weight=40230 7083 33147 1925 14468 18679 5158 14800 549 2271 11311 1376 3489 1849 1481 5237 9231 8649 422 2887 4666 2581 1065 515 2263 3879 4388 8730 145 6251
internal_count=40230 7083 33147 1925 14468 18679 5158 14800 549 2271 11311 1376 3489 1849 1481 5237 9231 8649 422 2887 4666 2581 1065 515 2263 3879 4388 8730 145 6251
is_linear=0
shrinkage=0.03


Tree=37
num_leaves=31
num_cat=0
split_feature=24 24 9 12 24 9 24 4 4 16 1 11 2 7 9 12 5 9 0 7 22 11 9 7 24 7 11 1 1 16
split_gain=3.08249e+07 7.06995e+06 4.34249e+06 1.1026e+06 1.09844e+06 1.04471e+06 791758 479891 381627 373823 330981 317577 270951 251055 246184 237590 231841 230230 221574 214715 213987 252020 188358 178928 174171 169693 177213 149268 141046 139143
threshold=182.27375000000004 368.47500000000008 82.858750000000015 246.2154166666667 466.00500000000005 128.86500000000004 12.505000000000001 244.50000000000003 232.50000000000003 3868.7818918809912 1.5000000000000002 83.195000000000007 7.5000000000000009 8.1336805555555589 344.27500000000003 218.8979166666667 56831.250000000007 295.38000000000005 5.5000000000000009 7.6927083333333348 1.0000000180025095e-35 272.75500000000005 368.71000000000009 8.8246527777777803 104.38500000000001 7.9392361111111134 135.21500000000003 3.5000000000000004 1.0000000180025095e-35 2927.6437134969487
decision_type=10 10 10 10 10 10 8 2 2 10 2 10 2 2 10 10 2 10 2 2 2 10 10 2 10 2 10 2 2 10
left_child=2 3 6 13 10 19 -1 8 27 11 12 -8 -3 20 -14 23 -11 -5 -10 24 21 29 -12 -7 -4 26 -13 -6 -23 -2
right_child=1 4 5 17 7 15 9 -9 18 16 22 25 14 -15 -16 -17 -18 -19 -20 -21 -22 28 -24 -25 -26 -27 -28 -29 -30 -31
leaf_value=-1.0672020237660502 1.0182623934105548 4.7498289539875129 -0.22312608475159562 1.4724303161031604 4.6696000389554602 0.35122689433409038 -0.58666157394752017 3.369040341734296 3.9555177081714969 -0.9877593708937551 1.046152568112972 -0.18629267301040645 1.2883132752918063 0.21316600691258292 3.6095577131618151 1.1027440008792009 -0.35495459177482586 2.1153659460346583 6.5981782929102577 -0.52956565275982215 -0.56028504521846767 2.6687911159709348 2.584682284415893 -0.4627217046743215 0.055661833410992886 -0.77961218938192767 0.7347241899346193 3.0810540240309958 1.3875330290690926 0.095372977482885882
leaf_weight=3882 2366 116 5348 951 200 4241 8743 302 43 2674 85 1873 62 387 131 362 649 1094 143 1315 74 117 529 257 3237 384 208 85 241 157
leaf_count=3882 2366 116 5348 951 200 4241 8743 302 43 2674 85 1873 62 387 131 362 649 1094 143 1315 74 117 529 257 3237 384 208 85 241 157
internal_value=0.00434144 1.80075 -0.379266 1.26852 3.48955 0.00410823 -0.686564 4.3263 4.93165 -0.584809 2.78486 -0.501871 3.59147 0.932301 2.87436 0.364291 -0.864313 1.81724 6.01166 -0.172728 1.02638 1.06731 2.37374 0.304628 -0.118014 -0.201016 -0.0939266 4.20825 1.81254 0.960894
internal_weight=40256 7083 33173 5387 1696 14760 18413 773 471 14531 923 11208 309 3342 193 4860 3323 2045 186 9900 2955 2881 614 4498 8585 2465 2081 285 358 2523
internal_count=40256 7083 33173 5387 1696 14760 18413 773 471 14531 923 11208 309 3342 193 4860 3323 2045 186 9900 2955 2881 614 4498 8585 2465 2081 285 358 2523
is_linear=0
shrinkage=0.03


Tree=38
num_leaves=31
num_cat=0
split_feature=24 24 9 9 9 9 14 6 18 24 22 24 18 7 1 10 18 14 24 16 17 14 1 7 7 7 1 7 16 5
split_gain=2.85731e+07 6.53372e+06 4.45639e+06 1.69479e+06 935581 898042 634760 419613 346338 334037 294256 288590 284525 261758 246374 226012 218789 204740 200851 198015 185185 205371 176025 173423 168348 166445 161862 154054 149236 146201
threshold=190.00500000000002 427.87500000000006 90.945000000000007 302.15000000000003 33.445000000000007 138.00500000000002 640.34000000000003 1.8845814977973572 1.0000000180025095e-35 644.96000000000015 1.0000000180025095e-35 240.54000000000005 1.0000000180025095e-35 7.3072916666666687 1.5000000000000002 -2.4362499999999998 1.0000000180025095e-35 256.90500000000003 90.885000000000005 5933.8543461697782 7815.8407700000016 125.84000000000002 1.5000000000000002 7.9392361111111134 6.3593750000000027 8.8246527777777803 4.5000000000000009 8.1336805555555589 6323.1626330021836 39350.937500000007
decision_type=10 10 10 10 8 10 10 2 2 10 2 10 2 2 2 10 2 10 10 10 10 10 2 2 2 2 2 2 10 2
left_child=2 3 4 10 8 16 7 -3 19 -8 11 -2 18 22 -11 -10 28 25 23 20 21 -1 -5 -6 29 -7 -15 -18 -4 -9
right_child=1 6 5 13 12 17 9 24 15 14 -12 -13 -14 26 -16 -17 27 -19 -20 -21 -22 -23 -24 -25 -26 -27 -28 -29 -30 -31
leaf_value=-0.60181285132924101 0.88681806879013625 6.1463433405410406 0.064261207612834631 3.019612041095078 -0.36623448106123657 0.39031824607883703 4.2220179699841198 1.5227538753137355 -3.256212298210631 8.0121444095203334 -0.47918373032105627 1.4135946403002917 -0.67583735784114984 1.7567448950365738 5.0854010215759278 -1.1482524205355404 -0.24233221685877349 0.85245141662965884 0.097007310902072111 -1.0923539921437802 -0.93861080690170917 0.18769298035457643 2.1942905742432646 -0.74830575265918675 1.9698127212524412 -0.50437051465463389 -0.077279456883668884 -1.0017174524406738 -0.40290019868521643 3.4837885366870611
leaf_weight=2092 2276 42 5258 316 7244 3180 353 40 46 42 108 1601 4368 161 99 2394 2279 876 726 1163 1258 345 1004 1255 114 198 59 268 696 383
leaf_count=2092 2276 42 5258 316 7244 3180 353 40 46 42 108 1601 4368 161 99 2394 2279 876 726 1163 1258 345 1004 1255 114 198 59 268 696 383
internal_value=0.000256284 1.80524 -0.353744 1.38872 -0.623512 0.0881139 3.94663 3.26039 -0.897516 4.74274 1.06162 1.10466 -0.476346 2.2339 6.00748 -1.18931 -0.0899613 0.443909 -0.381825 -0.750744 -0.642956 -0.490013 2.394 -0.422734 3.02367 0.337743 1.26677 -0.322598 0.00959333 3.30238
internal_weight=40244 6598 33646 5525 20891 12755 1073 579 7298 494 3985 3877 13593 1540 141 2440 8501 4254 9225 4858 3695 2437 1320 8499 537 3378 220 2547 5954 423
internal_count=40244 6598 33646 5525 20891 12755 1073 579 7298 494 3985 3877 13593 1540 141 2440 8501 4254 9225 4858 3695 2437 1320 8499 537 3378 220 2547 5954 423
is_linear=0
shrinkage=0.03


Tree=39
num_leaves=31
num_cat=0
split_feature=12 24 24 9 9 4 4 24 24 12 7 4 16 7 1 23 5 24 16 24 14 7 24 7 23 2 4 8 9 1
split_gain=2.75767e+07 5.28217e+06 5.01671e+06 1.67205e+06 1.0705e+06 659143 632402 563239 496601 475486 284653 281335 279453 271268 259222 243701 242579 233325 228497 208435 207498 206554 205456 155966 153918 174171 147288 137304 136964 134520
threshold=207.81663043478264 117.84750000000001 410.77500000000003 64.903750000000016 311.79500000000002 244.50000000000003 233.50000000000003 172.82875000000004 1.6725000000000001 296.20833333333337 9.1284722222222232 199.50000000000003 5591.6571550569597 6.6545138888888902 2.5000000000000004 4.5000000000000009 40089.375000000007 228.77000000000001 4265.4523151426392 644.96000000000015 117.75875000000001 7.2760416666666687 79.981250000000017 7.8975694444444464 2.5000000000000004 11.500000000000002 318.50000000000006 278.3562500000001 494.88000000000005 1.0000000180025095e-35
decision_type=10 10 10 10 10 2 2 10 8 10 2 2 10 2 2 2 2 8 10 10 10 2 10 2 2 2 2 2 10 2
left_child=1 3 4 8 17 6 9 18 -1 -4 22 -11 14 16 20 24 -7 -2 -3 -8 -10 -6 -5 29 -9 26 -26 -16 -13 -19
right_child=2 7 5 10 21 13 19 15 12 11 -12 28 -14 -15 27 -17 -18 23 -20 -21 -22 -23 -24 -25 25 -27 -28 -29 -30 -31
leaf_value=-1.1576939667492721 0.88584358615423275 0.2779343012296438 6.5085782306671138 -0.38648212377817365 2.3555140589687387 0.93035920683930551 4.8068923988342283 0.69025621990934316 -0.53933818040917936 2.2420360208776864 -0.87875843643373353 3.1431305679288402 -0.98214162664383975 1.3802291226448471 -0.64126020134151951 0.096210965624537542 3.4198764974623916 2.3013868346521931 -0.27046997150918645 6.9167838995797295 -0.049362683175215076 1.294492374433944 -0.14016482424881965 0.70408228731319566 1.214528383860527 -0.62634545004645059 2.848227026419206 -0.99057530398650961 4.4618815509568552 1.4246743954917511
leaf_weight=2191 1361 4483 49 5096 1139 40 119 1483 3456 142 658 144 2041 96 3386 450 363 185 806 83 1004 198 7585 235 595 42 54 1453 175 1176
leaf_count=2191 1361 4483 49 5096 1139 40 119 1483 3456 142 658 144 2041 96 3386 450 363 185 806 83 1004 198 7585 235 595 42 54 1453 175 1176
internal_value=0.0037161 -0.308548 1.97644 -0.509167 1.49487 3.68134 4.27058 0.372668 -0.744128 3.69293 -0.270786 3.38021 -0.664128 2.83372 -0.594231 0.731928 3.17569 1.17565 0.194327 5.70363 -0.429075 2.19947 -0.239173 1.42208 0.863411 1.2335 1.35463 -0.746332 3.87827 1.54545
internal_weight=40288 34783 5505 26870 4294 1211 712 7913 13531 510 13339 461 11340 499 9299 2624 403 2957 5289 202 4460 1337 12681 1596 2174 691 649 4839 319 1361
internal_count=40288 34783 5505 26870 4294 1211 712 7913 13531 510 13339 461 11340 499 9299 2624 403 2957 5289 202 4460 1337 12681 1596 2174 691 649 4839 319 1361
is_linear=0
shrinkage=0.03


Tree=40
num_leaves=31
num_cat=0
split_feature=9 9 9 9 14 11 1 14 18 6 18 16 11 7 1 10 11 16 1 8 11 11 4 4 5 6 14 8 16 8
split_gain=2.58679e+07 5.31523e+06 3.86791e+06 1.29111e+06 1.11143e+06 725575 571438 477702 438559 409838 283389 264655 261141 241069 229805 256293 210931 205982 205895 203938 179892 179177 174812 210644 158090 155198 154790 151117 147151 141547
threshold=218.37500000000003 109.24500000000002 427.87500000000006 57.79375000000001 398.82500000000005 149.51875000000004 1.5000000000000002 640.34000000000003 1.0000000180025095e-35 0.68281938325991198 1.0000000180025095e-35 3340.3833811088048 138.215 8.1336805555555589 1.0000000180025095e-35 208.12500000000003 77.055000000000021 5169.6188181769603 2.5000000000000004 616.08750000000009 184.24875000000003 524.47500000000002 244.50000000000003 233.50000000000003 51339.125000000007 6.8319383259911906 168.10000000000002 0.11250000000000002 6711.4942210718118 0.11250000000000002
decision_type=10 10 10 10 10 10 2 10 2 2 2 10 10 2 2 10 10 10 2 2 10 10 2 2 2 2 8 2 10 2
left_child=1 3 4 8 20 17 9 18 11 -6 12 16 28 14 15 -7 -1 24 -4 -10 -2 -11 23 -9 -3 -13 -14 -17 -5 -25
right_child=2 5 7 10 6 13 -8 22 19 21 -12 25 26 -15 -16 27 -18 -19 -20 -21 -22 -23 -24 29 -26 -27 -28 -29 -30 -31
leaf_value=-0.59527023900285081 0.63523388612588727 0.010572996114744489 3.878430662568594 -0.21729782230162772 5.9483464967913742 0.8307659144987859 1.816178665096938 3.8991583363510864 -0.91725876903513048 2.5323576089370099 -0.51665108715849595 -0.0022798876712719599 0.042407371425214974 -0.039491155818271798 0.58436958075491652 1.1142050592228769 -0.15413641023639296 -0.38657289114063403 2.5961128989669016 -1.5829903429039451 1.3008246092681999 4.3205262659416821 2.9436937164366244 4.206380621511725 0.34457013279278825 -0.91688909887656367 1.0979351053133453 2.8528673373041924 -0.62446201744956087 6.0254381502085721
leaf_weight=4061 453 2848 172 7838 40 481 1119 227 3532 394 4178 179 352 445 2881 79 1285 704 372 471 1958 60 79 78 2309 2486 193 110 889 115
leaf_count=4061 453 2848 172 7838 40 481 1119 227 3532 394 4178 179 352 445 2881 79 1285 704 372 471 1958 60 79 78 2309 2486 193 110 889 115
internal_value=0.00309223 -0.284489 2.00742 -0.513452 1.58473 0.306991 2.19445 3.63513 -0.739473 3.04589 -0.311522 -0.611198 -0.219044 0.618657 0.701122 1.20154 -0.489285 0.0944295 3.00792 -0.995966 1.17608 2.77766 4.31152 4.56119 0.160155 -0.855481 0.417526 2.13581 -0.258842 5.31575
internal_weight=40388 35321 5067 25464 4024 9857 1613 1043 12014 494 13450 8011 9272 3996 3551 670 5346 5861 544 4003 2411 454 499 420 5157 2665 545 189 8727 193
internal_count=40388 35321 5067 25464 4024 9857 1613 1043 12014 494 13450 8011 9272 3996 3551 670 5346 5861 544 4003 2411 454 499 420 5157 2665 545 189 8727 193
is_linear=0
shrinkage=0.03


Tree=41
num_leaves=31
num_cat=0
split_feature=14 14 9 9 11 17 1 11 0 14 0 11 13 1 5 16 7 17 9 14 14 9 7 5 9 1 1 1 16 13
split_gain=2.38034e+07 5.31167e+06 3.41884e+06 1.32891e+06 901802 616810 610912 574553 427305 376055 374630 326506 286553 274653 257173 255177 237422 236070 234097 208309 192859 182566 172787 166799 166490 160399 152136 151174 143998 143550
threshold=243.49875000000003 421.93000000000006 79.996250000000018 494.88000000000005 126.56500000000001 5572.7882200000013 1.0000000180025095e-35 194.55875000000003 5.5000000000000009 131.75250000000003 9.5000000000000018 446.94500000000005 155.99500000000003 1.5000000000000002 42451.000000000007 5856.2550862081252 7.0850694444444473 9413.4509300000009 302.15000000000003 735.36000000000001 96.010000000000005 158.81500000000003 10.085069444444448 54810.625000000007 -2.4362499999999998 1.0000000180025095e-35 1.5000000000000002 1.0000000180025095e-35 4089.7144226249366 64.030000000000015
decision_type=10 10 10 10 8 10 2 10 2 10 2 10 10 2 2 8 2 10 10 10 10 10 2 2 10 2 2 2 10 10
left_child=2 7 5 6 16 9 8 17 -3 14 -10 12 -8 -5 20 -16 23 29 22 -15 -1 -6 25 28 -7 -9 -11 -17 -4 -2
right_child=1 3 4 13 21 24 11 18 10 26 -12 -13 -14 19 15 27 -18 -19 -20 -21 -22 -23 -24 -25 -26 -27 -28 -29 -30 -31
leaf_value=-0.94266008222931574 1.4538314930679368 1.3708205366134643 -0.13311553998223685 5.4661017698990664 0.18141646162458816 -1.5941796092839338 0.20120001562903908 1.7706253523908109 6.921539235331795 0.38721628553026 3.6382154603858492 3.0086144033887168 2.0147358300952676 3.2190150907756276 -0.14179319201611787 -0.28411161119680034 -0.47100945248656467 -0.91088567717062241 1.8413817812141495 4.5795954844317857 -0.53949603082541975 0.55857716016294201 -0.18823459910935367 0.11678587950633716 -0.90146125412132394 1.0675367250989736 -0.29389015974639215 -0.63571110162733735 -0.62902300532051392 0.56571621568585229
leaf_weight=2438 182 53 5780 94 2931 346 84 350 43 478 133 296 1230 345 1612 1393 1868 90 511 157 1910 1907 86 2363 3324 1842 768 5286 579 1611
leaf_count=2438 182 53 5780 94 2931 346 84 350 43 478 133 296 1230 345 1612 1393 1868 90 511 157 1910 1907 86 2363 3324 1842 768 5286 579 1611
internal_value=0.00439265 1.57907 -0.334947 2.71491 -0.00913415 -0.621267 2.31353 0.986618 3.76562 -0.529772 4.47496 2.10478 1.89904 3.94746 -0.578789 -0.480676 -0.164159 0.581261 1.25999 3.65279 -0.765722 0.330167 1.12882 -0.0983942 -0.967186 1.18056 -0.0324979 -0.562434 -0.178361 0.656625
internal_weight=40090 7107 32983 2435 15428 17555 1839 4672 229 13885 176 1610 1314 596 12639 8291 10590 1883 2789 502 4348 4838 2278 8722 3670 2192 1246 6679 6359 1793
internal_count=40090 7107 32983 2435 15428 17555 1839 4672 229 13885 176 1610 1314 596 12639 8291 10590 1883 2789 502 4348 4838 2278 8722 3670 2192 1246 6679 6359 1793
is_linear=0
shrinkage=0.03


Tree=42
num_leaves=31
num_cat=0
split_feature=14 24 24 24 24 9 9 4 1 17 4 16 12 22 12 18 10 5 6 7 16 8 18 5 16 7 1 5 11 14
split_gain=2.29905e+07 5.50853e+06 3.2498e+06 1.03666e+06 914783 652131 583591 407156 350613 298176 293756 268685 234839 218576 217217 204646 209775 202383 200748 226751 190984 184054 180700 180215 235509 162655 157050 146687 142451 136795
threshold=243.49875000000003 344.32500000000005 79.443750000000009 466.00500000000005 130.51000000000002 229.01000000000002 24.695000000000004 244.50000000000003 3.5000000000000004 6048.3069400000031 231.50000000000003 12861.586714732328 351.38812500000012 1.0000000180025095e-35 477.00062500000007 1.0000000180025095e-35 -2.4362499999999998 45105.812500000007 7.7504405286343632 6.9600694444444464 5519.7222734008838 0.11250000000000002 1.0000000180025095e-35 54962.937500000007 4089.7144226249366 8.7517361111111125 3.5000000000000004 40089.375000000007 155.02500000000001 145.47000000000003
decision_type=10 8 10 10 10 10 8 2 2 10 2 10 10 2 10 2 10 2 2 2 10 2 2 2 10 2 2 2 10 10
left_child=2 5 6 8 11 9 15 10 27 -2 26 23 17 20 -10 -1 -17 -7 29 -20 22 -12 28 24 25 -4 -5 -3 -6 -8
right_child=1 3 4 7 13 12 18 -9 14 -11 21 -13 -14 -15 -16 16 -18 -19 19 -21 -22 -23 -24 -25 -26 -27 -28 -29 -30 -31
leaf_value=-0.73486166791046581 0.7599308100028429 1.6805263299942017 -0.12495791733064397 4.1118563855915529 0.34438355951048172 0.52755906409555409 -0.33711290957041745 2.8642532349192855 1.4414364021448689 -0.77942978343042002 3.9311350234567302 -1.0063406261922179 1.9271474408463569 -0.792355910854316 3.3735996380790332 -3.0641906407414647 -1.0685129688431274 1.3433539228026694 -0.47175917160333308 -0.8134433932350944 -0.26665980122821181 5.9961974302660517 0.076418966233715899 0.05690495891056415 -0.65949005497133395 -0.86246832104797522 2.4720890236347914 2.9260112057121641 0.74303592688445463 0.32853701281640679
leaf_weight=3652 2431 104 6399 204 1716 325 2117 297 411 118 72 333 530 151 60 48 1825 1795 7161 2316 395 118 1032 2953 955 280 79 628 1527 319
leaf_count=3652 2431 104 6399 204 1716 325 2117 297 411 118 72 333 530 151 60 48 1825 1795 7161 2316 395 118 1032 2953 955 280 79 628 1527 319
internal_value=0.00385703 1.54394 -0.329086 2.89328 -0.0165803 1.03142 -0.611162 3.75456 2.33935 0.688392 4.30637 -0.168536 1.36098 0.327576 1.6942 -0.866033 -1.12126 1.2186 -0.492896 -0.555337 0.36395 5.23833 0.422265 -0.142091 -0.219064 -0.156001 3.66443 2.75159 0.532264 -0.249845
internal_weight=40351 7172 33179 1973 15741 5199 17438 770 1203 2549 473 10920 2650 4821 471 5525 1873 2120 11913 9477 4670 190 4275 10587 7634 6679 283 732 3243 2436
internal_count=40351 7172 33179 1973 15741 5199 17438 770 1203 2549 473 10920 2650 4821 471 5525 1873 2120 11913 9477 4670 190 4275 10587 7634 6679 283 732 3243 2436
is_linear=0
shrinkage=0.03


Tree=43
num_leaves=31
num_cat=0
split_feature=24 24 24 9 24 9 12 1 16 6 1 7 7 9 11 0 16 4 1 4 9 0 15 12 12 6 16 7 25 24
split_gain=2.10683e+07 3.79312e+06 3.70572e+06 799183 796514 775076 565433 369461 249531 233713 230391 216904 207981 195647 185625 175825 162668 161420 165170 155013 150919 148089 146422 145675 143944 138402 134842 132352 134869 123777
threshold=200.00500000000002 368.47500000000008 91.465000000000018 38.005000000000003 138.84250000000003 524.65000000000009 246.2154166666667 2.5000000000000004 6232.4303678495135 15.468281938325992 2.5000000000000004 9.1284722222222232 6.9010416666666687 -7.7899999999999991 62.086250000000014 6.5000000000000009 4049.6517849450261 350.50000000000006 1.0000000180025095e-35 243.50000000000003 368.71000000000009 5.5000000000000009 513.26479166666684 61.256875000000015 343.15729166666671 2.1011013215859031 1814.1202278216213 8.0746527777777803 302.37062500000008 272.60500000000008
decision_type=10 10 10 8 10 10 10 2 10 2 2 2 2 10 8 2 10 2 2 2 10 2 10 10 10 2 8 2 10 10
left_child=2 6 3 10 8 7 17 12 -4 -7 23 14 15 26 -5 -3 24 18 21 -11 -9 -2 25 -1 -6 -17 -12 -8 -29 -23
right_child=1 5 4 11 16 9 27 20 -10 19 13 -13 -14 -15 -16 22 -18 -19 -20 -21 -22 29 -24 -25 -26 -27 -28 28 -30 -31
leaf_value=-0.67392936354547817 0.25814015596065409 1.9788605182389822 -0.00099468784417372827 -0.48674680766518819 0.46702806896936361 2.2330540183094829 1.6367371689632351 0.79270648904641472 -0.47830953274503663 4.6053495658084902 -3.4271024098603617 -0.87736661541484851 1.3772019933427082 -0.89745082490985184 -0.25755782610714778 4.8510213920048306 -0.11796700366191161 -0.093708684692514657 0.78034391441171336 3.0283830752605345 2.1371560030322558 1.3011807348253519 4.670399767474124 -0.086374999881823122 1.9867348664685298 2.9560703317230117 -1.2774724133512867 1.2143455059323991 -0.64910500824451445 2.4639713580729601
leaf_weight=3160 85 97 7539 6091 3990 64 1702 89 1133 278 45 796 67 4025 6665 41 441 151 1737 81 544 295 75 432 56 347 66 174 43 117
leaf_count=3160 85 97 7539 6091 3990 64 1702 89 1133 278 45 796 67 4025 6665 41 441 151 1737 81 544 295 75 432 56 347 66 174 43 117
internal_value=-0.00567712 1.63675 -0.291242 -0.535946 0.104492 2.84409 1.16409 2.46715 -0.063404 3.95842 -0.779411 -0.397064 2.98564 -0.932167 -0.367025 3.17528 0.428924 0.855026 0.919166 4.25894 1.94967 1.4018 3.42113 -0.60331 0.488548 3.16827 -2.17176 1.54756 0.843807 1.63656
internal_weight=40426 5987 34439 21280 13159 1683 4304 1260 8672 423 7728 13552 627 4136 12756 560 4487 2385 2234 359 633 497 463 3592 4046 388 111 1919 217 412
internal_count=40426 5987 34439 21280 13159 1683 4304 1260 8672 423 7728 13552 627 4136 12756 560 4487 2385 2234 359 633 497 463 3592 4046 388 111 1919 217 412
is_linear=0
shrinkage=0.03


Tree=44
num_leaves=31
num_cat=0
split_feature=14 24 24 24 14 9 24 7 16 14 8 7 1 12 16 1 0 18 1 16 13 14 9 14 6 1 6 7 0 24
split_gain=2.0392e+07 4.69334e+06 2.91347e+06 823561 792007 755387 544396 332713 321781 290443 288789 265140 300165 228333 224359 212422 199722 192209 182395 176959 234888 176940 169857 152350 157999 148726 141928 141682 139996 135934
threshold=243.49875000000003 381.02500000000003 82.173750000000013 255.00500000000002 640.34000000000003 120.00125000000001 12.505000000000001 8.0295138888888911 5653.9389137593607 115.84000000000002 0.11250000000000002 6.9600694444444464 1.5000000000000002 302.37062500000008 12861.586714732328 1.0000000180025095e-35 17.500000000000004 1.0000000180025095e-35 1.5000000000000002 7.807258156655684 75.155000000000015 438.64000000000004 311.79500000000002 428.82000000000005 14.151541850220266 4.5000000000000009 7.6627753303964772 8.1336805555555589 5.5000000000000009 120.53500000000001
decision_type=10 8 10 10 10 10 8 2 10 10 2 2 2 10 10 2 2 2 2 10 10 10 10 10 2 2 2 2 2 10
left_child=2 3 6 13 11 14 -1 22 9 16 -6 12 23 19 17 28 -8 29 -12 20 -2 -9 25 -3 -25 -5 -11 -17 -7 -4
right_child=1 4 5 7 10 15 8 21 -10 26 18 -13 -14 -15 -16 27 -18 -19 -20 -21 -22 -23 -24 24 -26 -27 -28 -29 -30 -31
leaf_value=-0.8711222295927209 2.1518401492445158 2.2132227019804072 -0.10873006101236746 1.5646522787100989 2.8429528106246864 -0.0049098273767874791 -0.59408743245112905 0.85225948685752639 -0.82819663695203871 0.25902913386097903 5.793116135052272 1.2164169795266513 2.1841287606256601 1.5699533128979231 -0.96380020579101577 0.25012485205296275 -0.25538820918593852 -0.40606428191131899 3.9919742071505673 0.12082430625979143 0.72940585181860562 -1.2677467745195987 2.0060404635027744 5.1942802107961557 3.2844464141785061 0.56212726403800939 -0.27047028490559083 -0.2897533967632277 0.98581240684602067 0.38019680405406803
leaf_weight=4119 108 82 6306 901 180 168 6575 202 2034 539 69 144 537 296 310 4566 2060 1957 290 415 2709 42 771 56 172 158 2919 483 543 556
leaf_count=4119 108 82 6306 901 180 168 6575 202 2034 539 69 144 537 296 310 4566 2060 1957 290 415 2709 42 771 56 172 158 2919 483 543 556
internal_value=-0.000293975 1.45476 -0.313516 1.05223 2.92696 -0.00210039 -0.567621 1.52668 -0.479074 -0.420289 3.85511 2.41877 2.62151 0.772961 -0.17183 0.266886 -0.513325 -0.143885 4.35329 0.699506 0.784684 0.483655 1.66541 3.36971 3.77416 1.41575 -0.187886 0.198432 0.75204 -0.0690647
internal_weight=40267 7132 33135 5602 1530 14889 18246 2074 14127 12093 539 991 847 3528 9129 5760 8635 8819 359 3232 2817 244 1830 310 228 1059 3458 5049 711 6862
internal_count=40267 7132 33135 5602 1530 14889 18246 2074 14127 12093 539 991 847 3528 9129 5760 8635 8819 359 3232 2817 244 1830 310 228 1059 3458 5049 711 6862
is_linear=0
shrinkage=0.03


Tree=45
num_leaves=31
num_cat=0
split_feature=14 24 24 9 24 17 4 4 14 11 16 0 1 18 16 9 12 8 16 17 12 23 14 0 23 10 14 7 4 11
split_gain=1.86793e+07 4.46905e+06 2.7379e+06 1.22415e+06 760932 505949 401951 324357 317183 301570 227510 217327 205452 199317 204183 182690 175626 159130 157725 147816 147787 152608 337192 179069 145188 173023 142805 142003 140679 154141
threshold=243.49875000000003 427.87500000000006 79.443750000000009 295.38000000000005 125.75250000000001 5812.881580000002 244.50000000000003 233.50000000000003 115.84000000000002 161.08500000000004 13338.190524353833 16.500000000000004 1.5000000000000002 1.0000000180025095e-35 5377.0269443274292 410.90500000000003 44.237916666666671 0.11250000000000002 7785.5933181508526 9413.4509300000009 417.90270833333335 1.5000000000000002 508.52000000000004 17.500000000000004 3.5000000000000004 -7.7899999999999991 398.82500000000005 6.0815972222222241 350.50000000000006 155.02500000000001
decision_type=10 10 10 10 10 10 2 2 10 10 10 2 2 2 10 10 8 2 10 10 10 2 10 2 2 10 10 2 2 10
left_child=2 3 5 9 10 8 7 -3 11 19 27 16 -5 14 28 -8 -1 -9 -10 -2 21 -14 23 26 -7 -26 -23 -4 29 -6
right_child=1 6 4 12 13 24 15 17 18 -11 -12 -13 20 -15 -16 -17 -18 -19 -20 -21 -22 22 -24 -25 25 -27 -28 -29 -30 -31
leaf_value=-0.80094697945847038 0.47759657773277531 3.216562567008169 -0.05775902713342549 2.3479887548036467 0.31121123994412481 -0.74314351026748848 1.1322880655183241 3.5654217775244463 -0.16210478667474332 0.95227694079840408 -1.0139329671001305 -0.31854422263626858 1.7485048101035146 -0.043100470784276521 -0.24021551069184097 2.764926854741022 -0.51375352026977428 5.4673309976328968 -0.8937846779669153 -0.79340529664357495 2.1971711674217991 -0.041270642431023026 -1.5895341002068868 2.2214225962899978 -3.0036249667947938 -1.077866127279578 1.2962877373076691 -0.29326006297304563 -0.51893874033024678 0.71110858671599997
leaf_weight=3363 980 436 6532 403 1980 2425 77 75 3107 3259 275 2562 562 1340 429 355 4479 114 289 89 272 103 40 125 43 1126 236 3560 129 1547
leaf_count=3363 980 436 6532 403 1980 2425 77 75 3107 3259 275 2562 562 1340 429 355 4479 114 289 89 272 103 40 125 43 1126 236 3560 129 1547
internal_value=-0.000197397 1.39329 -0.299453 1.07941 -0.01347 -0.559082 3.1928 3.68267 -0.476447 0.808856 -0.164109 -0.558619 1.75114 0.274374 0.3785 2.47721 -0.637001 4.73534 -0.224616 0.371136 1.56975 1.40775 1.02506 1.25339 -0.876156 -1.15121 0.890965 -0.140854 0.451147 0.486765
internal_weight=40312 7126 33186 6069 15792 17394 1057 625 13800 4328 10367 10404 1741 5425 4085 432 7842 189 3396 1069 1338 1066 504 464 3594 1169 339 10092 3656 3527
internal_count=40312 7126 33186 6069 15792 17394 1057 625 13800 4328 10367 10404 1741 5425 4085 432 7842 189 3396 1069 1338 1066 504 464 3594 1169 339 10092 3656 3527
is_linear=0
shrinkage=0.03


Tree=46
num_leaves=31
num_cat=0
split_feature=9 9 9 9 14 11 11 5 4 18 4 1 25 18 18 10 5 7 9 11 16 7 11 10 7 5 4 1 4 0
split_gain=1.84667e+07 3.40134e+06 3.15216e+06 750654 716051 592619 550586 508541 356387 313369 281164 233526 229151 218213 208422 231797 204232 225543 222231 197258 190478 178075 169461 162002 157741 156949 153737 153686 152139 144951
threshold=200.01375000000004 397.09500000000008 98.891250000000014 44.047500000000007 421.93000000000006 427.30000000000007 140.98375000000001 68762.500000000015 244.50000000000003 1.0000000180025095e-35 223.50000000000003 4.5000000000000009 332.98166666666674 1.0000000180025095e-35 1.0000000180025095e-35 202.42250000000004 44005.562500000007 7.6545138888888911 321.3250000000001 145.54500000000004 2896.0343152156129 7.0225694444444473 60.175000000000004 -2.4362499999999998 8.9635416666666696 44300.437500000007 361.50000000000006 1.0000000180025095e-35 215.50000000000003 17.500000000000004
decision_type=10 10 10 8 10 10 10 2 2 2 2 2 10 2 2 10 2 2 10 10 10 2 10 8 2 2 2 2 2 2
left_child=2 4 3 9 16 -3 21 11 10 20 28 -6 -13 19 15 -8 29 18 27 24 22 -4 -1 -11 -5 -10 -21 -18 -7 -2
right_child=1 5 6 13 7 8 14 -9 25 23 -12 12 -14 -15 -16 -17 17 -19 -20 26 -22 -23 -24 -25 -26 -27 -28 -29 -30 -31
leaf_value=-0.56796514612431837 0.041090171894880644 2.1601199955895409 0.059297597341880087 -0.24140725500924062 1.913289698534435 3.61150636644303 0.44384947415420034 4.8038515927353682 1.3160801597663334 -2.7181376953125 4.7141655755149943 1.4719305506088287 -0.50286276378310635 -0.50336666926449214 0.023812622586075138 1.2088723923623579 1.7737679458058933 0.4579347868500469 2.0333176992127768 0.69675411929027176 -0.75681283541352395 -0.32442453492576223 -0.14002097280334011 -0.89943041815853886 -0.7582998224485803 2.9649827856141693 -1.2633069782286155 0.96615538769159237 1.7020345720979901 1.1659886108020254
leaf_weight=2343 357 677 6096 8523 797 157 2630 48 69 44 222 165 77 4385 881 412 237 534 227 299 2487 1324 1293 3017 566 244 40 2097 53 144
leaf_count=2343 357 677 6096 8523 797 157 2630 48 69 44 222 165 77 4385 881 412 237 534 227 299 2487 1324 1293 3017 566 244 40 2097 53 144
internal_value=0.0038309 1.52403 -0.266468 -0.468323 1.1334 2.80878 0.142781 1.80819 3.39455 -0.678524 3.95794 1.66531 0.844104 -0.328525 0.430182 0.547825 0.928974 1.01994 1.1369 -0.247161 -0.554449 -0.00920699 -0.415864 -0.926452 -0.273676 2.60684 0.462443 1.04889 3.13994 0.366093
internal_weight=40445 6105 34340 22997 4683 1422 11343 1087 745 9184 432 1039 242 13813 3923 3042 3596 3095 2561 9428 6123 7420 3636 3061 9089 313 339 2334 210 501
internal_count=40445 6105 34340 22997 4683 1422 11343 1087 745 9184 432 1039 242 13813 3923 3042 3596 3095 2561 9428 6123 7420 3636 3061 9089 313 339 2334 210 501
is_linear=0
shrinkage=0.03


Tree=47
num_leaves=31
num_cat=0
split_feature=9 24 24 9 9 2 24 25 5 24 9 7 5 24 16 16 11 5 16 7 7 11 0 7 8 5 16 11 23 6
split_gain=1.72103e+07 3.76682e+06 2.6829e+06 1.06289e+06 483613 481699 442064 368589 350637 305188 291567 264809 251877 221939 210525 203706 199388 193556 192211 188587 167915 163772 154507 150839 145764 127183 121380 118785 118498 117463
threshold=224.94000000000003 116.76125000000002 410.77500000000003 60.295000000000009 321.3250000000001 8.5000000000000018 164.11750000000004 628.70145833333345 61206.250000000007 2.7150000000000003 494.88000000000005 7.6163194444444473 39651.750000000007 279.07500000000005 12602.077733753902 6546.5259529426867 77.055000000000021 54305.500000000007 4049.6517849450261 6.3072916666666687 9.7170138888888911 149.51875000000004 17.500000000000004 7.4392361111111134 7.3812500000000005 39206.250000000007 4004.8406881361257 343.72000000000008 4.5000000000000009 8.0006607929515443
decision_type=10 10 10 10 10 2 10 10 2 8 10 2 2 10 10 10 10 2 10 2 2 10 2 2 2 2 10 10 2 2
left_child=1 3 4 9 21 7 20 8 10 -1 -4 13 -7 28 17 16 -11 18 22 -14 26 -2 -5 27 -9 -15 -3 -6 -8 -18
right_child=2 6 5 14 23 12 11 24 -10 15 -12 -13 19 25 -16 -17 29 -19 -20 -21 -22 -23 -24 -25 -26 -27 -28 -29 -30 -31
leaf_value=-0.91916081113129888 0.19021778977666226 0.23212130534837708 2.2535201918012215 -0.30269169674091539 1.6400278983782719 -0.034280588286263604 0.69320049239220727 3.5449642140524724 5.8509750761782247 -0.54968222859338278 3.673935454290683 -0.037945169525010369 2.7335735913117727 0.24226988877568928 -0.98155034715512191 -0.84355997130532889 0.39204482537833435 -0.029476264009911341 -0.64323743227611707 1.2570286399646868 -0.7011511429709395 1.1091696384421763 -0.014855273313264127 0.81936043453050977 6.0251712411733767 2.1598182243153565 -0.17746596347858276 2.3029998053177532 0.19944673023544823 -0.29500995584805972
leaf_weight=2240 190 4109 284 6556 654 41 2487 41 40 6840 253 565 368 41 321 1601 260 4006 1138 102 208 2210 2256 134 64 132 773 407 532 1581
leaf_count=2240 190 4109 284 6556 654 41 2487 41 40 6840 253 565 368 41 321 1601 260 4006 1138 102 208 2210 2256 134 64 132 773 407 532 1581
internal_value=0.00399943 -0.222852 1.69257 -0.40004 1.28286 2.9251 0.313863 3.44926 3.1407 -0.601771 2.92831 0.560655 2.22016 0.666589 -0.223077 -0.532543 -0.475093 -0.205563 -0.276447 2.41648 0.131628 1.03653 -0.229011 1.7763 5.09929 1.70937 0.167246 1.89627 0.606287 -0.197819
internal_weight=40434 35646 4788 26799 3595 1193 8847 682 577 12522 537 3757 511 3192 14277 10282 8681 13956 9950 470 5090 2400 8812 1195 105 173 4882 1061 3019 1841
internal_count=40434 35646 4788 26799 3595 1193 8847 682 577 12522 537 3757 511 3192 14277 10282 8681 13956 9950 470 5090 2400 8812 1195 105 173 4882 1061 3019 1841
is_linear=0
shrinkage=0.03


Tree=48
num_leaves=31
num_cat=0
split_feature=14 24 24 13 17 24 4 11 1 5 4 14 0 5 7 5 1 7 7 4 24 5 7 17 5 10 13 17 7 14
split_gain=1.59858e+07 3.67161e+06 2.35925e+06 850091 520360 501790 448757 414522 311793 404262 383340 303695 275380 243334 205182 192136 188430 182224 178576 174847 186596 155429 154565 152893 150036 160499 133488 183873 130645 125037
threshold=243.49875000000003 410.77500000000003 88.305000000000021 258.71000000000009 4447.3172450000011 150.00500000000002 244.50000000000003 194.55875000000003 1.0000000180025095e-35 48303.937500000007 199.50000000000003 115.84000000000002 16.500000000000004 39651.750000000007 6.4322916666666687 48703.625000000007 1.5000000000000002 6.5503472222222241 6.821180555555558 352.50000000000006 266.72500000000008 57756.250000000007 7.5434027777777795 9587.5107050000024 44903.125000000007 -7.7899999999999991 64.030000000000015 9493.8044750000026 7.7343750000000009 650.50000000000011
decision_type=10 10 10 10 10 10 2 10 2 2 2 10 2 2 2 2 2 2 2 2 10 2 2 10 2 10 10 8 2 10
left_child=2 3 4 7 11 14 8 23 9 -3 -10 12 15 -8 -4 18 19 -15 -1 20 -9 -16 -7 26 25 -6 27 -2 -13 -12
right_child=1 6 5 -5 24 22 13 16 10 -11 29 28 -14 17 21 -17 -18 -19 -20 -21 -22 -23 -24 -25 -26 -27 -28 -29 -30 -31
leaf_value=-0.59108389503450753 0.64948385246949536 3.2151304431188672 0.026913703292563002 1.7669565571773342 -2.7808638369242349 0.4758474315821366 -0.047498881004073401 1.051454940578159 1.6678150419608966 7.1335872832366398 2.827623323349576 -0.12150409050787442 -0.23294336023871717 2.608903057410799 -0.40789120440618876 -0.39836183225900107 0.868626121295616 1.1394127454089396 -1.0213823145332317 -0.46291007836659748 1.8990559218534344 0.045178342183570343 -0.12219731274429806 -0.74342917996845881 -0.64117583890373786 -0.95596151392256845 0.44062971381477406 2.6212814601775136 -0.62370461728391069 3.8913451718735965
leaf_weight=3747 139 62 7037 1024 44 2475 43 489 147 41 189 3728 2958 376 2151 3447 1989 98 1133 44 457 997 461 88 2842 1489 1631 61 532 260
leaf_count=3747 139 62 7037 1024 44 2475 43 489 147 41 189 3728 2958 376 2151 3447 1989 98 1133 44 457 997 461 88 2842 1489 1631 61 532 260
internal_value=0.0022522 1.28959 -0.275888 0.980962 -0.481621 0.036463 2.7906 0.816311 3.28841 4.8285 3.01462 -0.400231 -0.4817 2.11249 -0.0631529 -0.570027 1.03782 2.30812 -0.691176 1.37654 1.46249 -0.264431 0.381935 0.472078 -0.770655 -1.01012 0.530871 1.26093 -0.184352 3.45087
internal_weight=40179 7138 33041 5922 19920 13121 1216 4898 699 103 596 15545 11285 517 10185 8327 2979 474 4880 990 946 3148 2936 1919 4375 1533 1831 200 4260 449
internal_count=40179 7138 33041 5922 19920 13121 1216 4898 699 103 596 15545 11285 517 10185 8327 2979 474 4880 990 946 3148 2936 1919 4375 1533 1831 200 4260 449
is_linear=0
shrinkage=0.03


Tree=49
num_leaves=31
num_cat=0
split_feature=12 11 11 12 14 14 7 0 14 1 13 8 8 12 13 6 14 1 0 5 5 14 5 23 1 25 14 12 15 23
split_gain=1.51034e+07 2.88461e+06 2.43942e+06 846655 777683 509767 490405 383388 370350 334674 338762 319856 292100 267377 233294 225519 206898 206022 201739 200645 176286 185630 161272 157904 154986 149316 143786 139866 231916 138117
threshold=207.81663043478264 110.94500000000001 353.44500000000005 57.028750000000002 640.34000000000003 398.82500000000005 8.1336805555555589 17.500000000000004 173.73500000000004 1.5000000000000002 272.55000000000007 0.11250000000000002 378.71875000000006 87.368645833333332 213.14000000000001 4.8218061674008821 508.52000000000004 1.0000000180025095e-35 5.5000000000000009 57756.250000000007 50050.312500000007 97.020000000000024 68762.500000000015 2.5000000000000004 2.5000000000000004 344.72041666666672 387.40500000000003 364.06333333333345 458.07729166666678 4.5000000000000009
decision_type=10 10 10 10 10 10 2 2 10 2 10 2 2 10 10 2 10 2 2 2 2 10 2 2 2 8 10 10 10 2
left_child=1 3 5 7 9 25 8 20 -3 15 16 -6 13 -5 23 -4 -11 18 -10 -8 21 -1 -16 -7 -13 26 -2 28 -17 -14
right_child=2 6 4 12 11 14 19 -9 17 10 -12 24 29 -15 22 27 -18 -19 -20 -21 -22 -23 -24 -25 -26 -27 -28 -29 -30 -31
leaf_value=-0.89254092035120158 0.86686941579569576 0.081365995079066319 4.7556450023207555 -0.30561786879808567 2.3652181465746991 1.1975292343812831 -0.61340095638304715 -0.26667864193464713 -0.051878304620728878 1.3080470330813037 2.1068970944767527 4.6550519426857546 -0.37562178902820009 -0.01802781346040332 1.5994980189260057 2.6560233331855234 -0.4677902069262096 0.41437980105723743 1.2390958871995355 0.13541757593622289 -0.46449757326587471 -0.53548452013789882 2.9267729311404018 -0.43547630754800942 3.2680150709512095 -0.87100596733392199 -0.38548465215882588 3.2216928639147016 0.75280648191769906 -0.81143866363373629
leaf_weight=4087 2331 3284 42 6489 176 169 773 2460 136 200 466 163 2333 5274 973 168 83 3752 545 551 2217 1938 91 77 158 47 85 134 89 911
leaf_count=4087 2331 3284 42 6489 176 169 773 2460 136 200 466 163 2333 5274 973 168 83 3752 545 551 2217 1938 91 77 158 47 85 134 89 911
internal_value=0.000787434 -0.229547 1.46867 -0.391632 2.4198 1.04488 0.231351 -0.595493 0.322868 1.99796 1.61006 3.41704 -0.246221 -0.176688 1.5231 2.66369 0.787405 0.501715 0.981582 -0.301903 -0.693591 -0.777798 1.71566 0.686692 3.98461 0.790008 0.822668 2.42742 2.00241 -0.498223
internal_weight=40202 34750 5452 25709 1679 3773 9041 10702 7717 1182 749 497 15007 11763 1310 433 283 4433 681 1324 8242 6025 1064 246 321 2463 2416 391 257 3244
internal_count=40202 34750 5452 25709 1679 3773 9041 10702 7717 1182 749 497 15007 11763 1310 433 283 4433 681 1324 8242 6025 1064 246 321 2463 2416 391 257 3244
is_linear=0
shrinkage=0.03


Tree=50
num_leaves=31
num_cat=0
split_feature=10 11 11 7 12 13 1 0 7 1 10 12 8 0 7 17 12 6 16 4 25 11 5 4 11 4 4 4 1 1
split_gain=1.42415e+07 2.5329e+06 2.47246e+06 863693 833715 465091 442622 400906 381745 370708 348108 322513 274498 222499 219583 198727 195772 189508 189163 182987 176685 172577 172819 170823 159376 175040 153776 165728 148389 142430
threshold=202.42250000000004 117.28500000000001 367.71000000000009 6.4809027777777795 61.256875000000015 258.71000000000009 1.5000000000000002 17.500000000000004 8.1336805555555589 4.5000000000000009 396.7050000000001 302.37062500000008 412.13125000000008 16.500000000000004 7.5086805555555571 9676.9243400000032 92.705625000000012 10.308810572687227 5653.9389137593607 272.50000000000006 246.2154166666667 570.0150000000001 53651.375000000007 244.50000000000003 157.18000000000004 356.50000000000006 68.500000000000014 186.50000000000003 4.5000000000000009 4.5000000000000009
decision_type=10 10 10 2 10 10 2 2 2 2 10 10 2 2 2 10 10 2 10 2 10 10 2 2 10 2 2 2 2 2
left_child=1 4 5 6 7 9 21 15 11 20 -8 24 14 17 16 18 -6 -11 28 -5 -2 22 -4 -12 -3 -26 -7 -28 -1 -25
right_child=2 8 3 19 12 26 10 -9 -10 13 23 -13 -14 -15 -16 -17 -18 -19 -20 -21 -22 -23 -24 29 25 -27 27 -29 -30 -31
leaf_value=-0.42311808736362805 0.82919147944201821 0.1726359312405186 2.7835351338303149 1.6166411217302084 -0.21514908786746295 2.6281466917667924 1.3710615438142699 -0.2420773654463424 -0.28030209859623095 0.53746419007953938 3.1798685945378193 2.0124279541898478 -0.48793701579847271 0.96161301793892995 -0.46630528221457374 -1.0057011275038208 0.052112564000318135 -0.38067798267273428 -0.88510496652349924 0.24953070105327402 1.3765962855696237 4.8287151878110821 4.664832015498992 2.6144380630502821 0.5177722404535593 -0.69807129271932544 0.46930862517519428 1.6450905179858488 -0.72972170425260718 1.051050935112513
leaf_weight=4362 1231 3667 192 255 5871 115 222 2823 1071 450 371 100 2776 441 1755 1230 4253 366 1630 135 943 92 61 178 2765 110 131 638 2112 77
leaf_count=4362 1231 3667 192 255 5871 115 222 2823 1071 450 371 100 2776 441 1755 1230 4253 366 1630 135 943 92 61 178 2765 110 131 638 2112 77
internal_value=-0.00121947 -0.23397 1.36104 2.37496 -0.371787 0.988605 2.77566 -0.555455 0.245096 0.830067 2.40121 0.329844 -0.219398 0.419492 -0.156608 -0.650197 -0.102881 0.125689 -0.596122 1.14526 1.06716 3.68645 3.25371 2.76376 0.303821 0.471026 1.60229 1.44566 -0.523238 2.14831
internal_weight=40423 34525 5898 1583 26812 4315 1193 12157 7713 3431 848 6642 14655 1257 11879 9334 10124 816 8104 390 2174 345 253 626 6542 2875 884 769 6474 255
internal_count=40423 34525 5898 1583 26812 4315 1193 12157 7713 3431 848 6642 14655 1257 11879 9334 10124 816 8104 390 2174 345 253 626 6542 2875 884 769 6474 255
is_linear=0
shrinkage=0.03


Tree=51
num_leaves=31
num_cat=0
split_feature=12 24 24 9 12 24 1 10 12 1 7 16 1 24 5 10 1 7 16 6 12 24 16 0 8 0 12 7 6 6
split_gain=1.33949e+07 2.68502e+06 2.57819e+06 664229 498628 462548 322241 307098 265240 226292 209703 200697 188671 175230 171977 170700 170655 231616 169729 149473 158476 139926 128483 124946 121162 117283 116246 110595 109173 106421
threshold=207.81663043478264 103.62000000000002 410.77500000000003 43.255000000000003 302.37062500000008 158.05500000000004 2.5000000000000004 524.65000000000009 552.14062500000011 2.5000000000000004 8.1336805555555589 11653.267558709189 1.0000000180025095e-35 71.646250000000023 43906.250000000007 -7.7899999999999991 3.5000000000000004 7.0503472222222241 4673.1035098204702 1.8845814977973572 364.06333333333345 245.45500000000001 8825.5725816356517 5.5000000000000009 404.72500000000008 16.500000000000004 109.91265625000001 10.085069444444448 7.5850220264317185 23.957488986784146
decision_type=10 10 8 8 10 10 2 10 10 2 2 10 2 10 2 8 2 2 10 2 10 10 10 2 2 2 10 2 2 2
left_child=1 3 4 9 14 18 7 19 -8 22 12 13 23 28 24 -11 -6 25 27 -4 -21 -16 -1 -7 -2 -18 -25 -3 -5 -23
right_child=2 5 6 11 16 10 8 -9 -10 15 -12 -13 -14 -15 21 -17 17 -19 -20 20 -22 29 -24 26 -26 -27 -28 -29 -30 -31
leaf_value=-0.37378172980434893 0.42857782833542757 0.1269565567868336 4.5104097201607445 -0.1431345416766984 1.8311044699854628 0.061739631044237235 1.710650389531563 4.6856933641433711 3.0982011430384069 -2.4374446888689723 -0.21602440209787438 -0.92054658561731573 0.41660193060677242 -0.15266223611044194 0.6837586967399818 -0.72215675535223212 1.118343294346408 -0.51748269315975814 -0.28927844551826515 1.6796474846688711 2.9719175997376439 1.0826945087892816 -0.89934082963529383 0.2755975086667708 -1.1103786003139784 2.0522808650583029 1.3572361702693085 -0.72655676131402802 -0.41896466166157659 2.649750712586612
leaf_weight=3577 351 5709 43 1662 687 113 434 95 177 52 369 418 2491 7540 1303 4650 532 66 1169 122 328 1103 474 111 52 159 472 139 5813 40
leaf_count=3577 351 5709 43 1662 687 113 434 95 177 52 369 418 2491 7540 1303 4650 532 66 1169 122 328 1103 474 111 52 159 472 139 5813 40
internal_value=0.000619046 -0.21693 1.37728 -0.391257 1.03333 0.181849 2.60688 3.11145 2.11701 -0.600013 0.460534 -0.272828 0.538912 -0.254736 0.802654 -0.741641 1.48759 1.17384 0.040574 2.79922 2.62607 0.897244 -0.435483 0.975435 0.227746 1.3359 1.15212 0.106549 -0.357664 1.1398
internal_weight=40251 34759 5492 24186 4293 10573 1199 588 611 8753 3556 15433 3187 15015 2849 4702 1444 757 7017 493 450 2446 4051 696 403 691 583 5848 7475 1143
internal_count=40251 34759 5492 24186 4293 10573 1199 588 611 8753 3556 15433 3187 15015 2849 4702 1444 757 7017 493 450 2446 4051 696 403 691 583 5848 7475 1143
is_linear=0
shrinkage=0.03


Tree=52
num_leaves=31
num_cat=0
split_feature=24 9 24 24 6 24 9 9 8 9 18 22 7 5 7 11 7 11 5 7 0 7 7 11 7 12 7 5 8 9
split_gain=1.27145e+07 2.70261e+06 2.18449e+06 761434 437707 436779 377585 342047 321709 218238 194771 179185 170840 190676 154359 151054 138483 135991 133525 131330 134712 126694 121787 148148 119848 116384 105815 103479 114066 102615
threshold=218.00500000000002 112.62500000000001 410.77500000000003 63.522500000000008 1.4325991189427314 644.96000000000015 302.15000000000003 160.49500000000003 423.16250000000008 494.88000000000005 1.0000000180025095e-35 1.0000000180025095e-35 7.9392361111111134 42202.750000000007 7.2760416666666687 117.28500000000001 6.9288194444444464 83.195000000000007 46103.687500000007 6.602430555555558 5.5000000000000009 7.8975694444444464 7.8975694444444464 301.68500000000006 5.1197916666666687 396.69062500000013 7.4739583333333348 45400.437500000007 344.53125000000006 -7.7899999999999991
decision_type=10 10 10 8 2 10 10 10 2 10 2 2 2 2 2 10 2 10 2 2 2 2 2 10 2 10 2 2 2 10
left_child=1 3 6 8 -4 9 11 16 12 19 15 22 13 -1 -8 24 -3 -15 -16 20 -6 -12 23 27 -5 26 -9 28 -2 -10
right_child=2 7 4 10 5 -7 14 25 29 -11 21 -13 -14 17 18 -17 -18 -19 -20 -21 -22 -23 -24 -25 -26 -27 -28 -29 -30 -31
leaf_value=-0.5437882949627153 0.5960900804334488 0.16321186093214732 5.4468899752298992 -0.054858337601671067 0.78870959301789589 3.9000779438172617 1.6072410492212561 0.50020517548496768 -1.3741306133828264 2.7320539886134694 -0.31744186443872824 -0.5797089817546881 -0.69424537828308919 -0.31274256224188451 -0.82192581252353947 0.16104682286465641 -0.20833632501793212 0.14315132807890066 1.0812302642190053 0.8371332252706799 2.2101881440407625 -0.83801041143753474 0.35501391170072483 1.5009954809643251 -0.28101165702852404 2.0282722900594985 0.027915608524458436 0.97010840560614453 -1.0076679520827272 -0.72273581358658712
leaf_weight=3258 304 4399 44 3910 71 154 1123 3278 234 396 2494 77 1785 3837 40 1384 1135 695 177 104 446 506 337 387 4579 41 491 1305 45 3224
leaf_count=3258 304 4399 44 3910 71 154 1123 3278 234 396 2494 77 1785 3837 40 1384 1135 695 177 104 446 506 337 387 4579 41 491 1305 45 3224
internal_value=0.00125073 -0.199751 1.41524 -0.357508 2.52211 2.40766 1.06029 0.23762 -0.519146 2.17806 -0.193834 0.838591 -0.42949 -0.368743 1.46555 -0.129485 0.086985 -0.242813 0.728257 1.82096 2.01687 -0.405494 0.88474 0.97199 -0.176865 0.456336 0.438702 0.847381 0.387014 -0.7672
internal_weight=40260 35250 5010 25906 1215 1171 3795 9344 13033 1017 12873 2455 9575 7790 1340 9873 5534 4532 217 621 517 3000 2378 2041 8489 3810 3769 1654 349 3458
internal_count=40260 35250 5010 25906 1215 1171 3795 9344 13033 1017 12873 2455 9575 7790 1340 9873 5534 4532 217 621 517 3000 2378 2041 8489 3810 3769 1654 349 3458
is_linear=0
shrinkage=0.03


Tree=53
num_leaves=31
num_cat=0
split_feature=9 9 9 9 10 25 18 1 16 7 14 9 18 10 1 0 1 1 16 4 5 7 1 5 0 25 17 7 14 17
split_gain=1.17495e+07 2.81538e+06 1.62094e+06 505403 387702 359499 347394 322367 263863 229654 224237 194723 191880 199188 187730 204518 187045 178616 178336 173572 169308 156100 155971 145066 140646 133553 116595 116363 114227 112254
threshold=175.55500000000004 354.05500000000006 76.50500000000001 570.0150000000001 131.92500000000004 246.2154166666667 1.0000000180025095e-35 3.5000000000000004 3308.3079123229354 7.2413194444444464 170.62125000000003 7.4775 1.0000000180025095e-35 202.42250000000004 3.5000000000000004 6.5000000000000009 1.5000000000000002 1.0000000180025095e-35 12602.077733753902 186.50000000000003 54810.625000000007 7.2760416666666687 1.0000000180025095e-35 70856.250000000015 17.500000000000004 352.82791666666679 11980.262590000004 8.4496527777777803 102.74500000000002 10541.741270000002
decision_type=10 10 10 10 10 10 2 2 10 2 10 8 2 10 2 2 2 2 10 2 2 2 2 2 2 10 10 2 10 10
left_child=2 5 6 7 16 -2 8 19 10 14 22 -8 13 -6 15 -7 -4 23 -18 -3 -10 24 28 -17 -9 -11 -12 29 -1 -24
right_child=1 3 4 -5 12 9 11 21 20 25 26 -13 -14 -15 -16 17 18 -19 -20 -21 -22 -23 27 -25 -26 -27 -28 -29 -30 -31
leaf_value=-0.22174705877040318 0.5700426760979268 1.3462474193237721 0.079455233021169913 3.2184469252586365 0.31667890369570378 0.9827270257680798 -1.0009185458464929 1.2168449972684299 -0.6867558764172077 0.70905302896653077 0.87732324344101953 -0.55703700732743633 -0.054259347368855994 1.4206499008464204 0.75201720633851887 2.1440848345489978 -0.16602391521293947 1.4557050358976318 -1.0813151573317543 2.4597112043561604 -0.15570705036105242 -0.036079041481018065 -0.28476405301667673 4.1927009624388161 2.2131823330733082 -0.65668117448687546 -0.27212803054051315 -0.76698572761736461 0.26016128795306914 -0.76547584155509152
leaf_weight=1477 3843 159 3265 299 2361 440 1116 429 2689 302 228 4417 1382 156 480 160 8587 380 195 695 677 64 4484 40 185 81 121 622 631 484
leaf_count=1477 3843 159 3265 299 2361 440 1116 429 2689 302 228 4417 1382 156 480 160 8587 380 195 695 677 64 4484 40 185 81 121 622 631 484
internal_value=-0.00226384 1.06437 -0.24735 2.08812 -0.030241 0.736697 -0.451633 1.86556 -0.357001 1.07634 -0.263652 -0.646732 0.229743 0.385638 1.24372 1.47415 -0.114397 1.84462 -0.186468 2.25422 -0.580025 1.37342 -0.297386 2.57263 1.52015 0.419258 0.479164 -0.3803 -0.0774396 -0.331741
internal_weight=40449 7557 32892 1831 15946 5726 16946 1532 11413 1883 8047 5533 3899 2517 1500 1020 12047 580 8782 854 3366 678 7698 200 614 383 349 5590 2108 4968
internal_count=40449 7557 32892 1831 15946 5726 16946 1532 11413 1883 8047 5533 3899 2517 1500 1020 12047 580 8782 854 3366 678 7698 200 614 383 349 5590 2108 4968
is_linear=0
shrinkage=0.03


Tree=54
num_leaves=31
num_cat=0
split_feature=14 24 24 9 11 4 17 4 9 5 14 5 18 16 17 16 1 24 4 4 5 0 16 14 5 5 5 1 0 16
split_gain=1.13689e+07 2.70654e+06 1.67862e+06 639686 446335 401866 360471 340919 390914 244356 236175 208568 198654 198511 197260 165911 164606 158095 144997 145384 137106 136284 131362 129050 149620 126873 119779 118163 228109 114348
threshold=243.49875000000003 410.77500000000003 79.443750000000009 295.38000000000005 124.29500000000002 244.50000000000003 6979.342455 222.50000000000003 287.36000000000007 42950.750000000007 115.84000000000002 40600.562500000007 1.0000000180025095e-35 6873.0933375130089 3142.4653600000011 8096.4845241757812 3.5000000000000004 644.96000000000015 188.50000000000003 215.50000000000003 49101.000000000007 17.500000000000004 3384.0407013402018 560.49500000000012 45903.437500000007 39206.250000000007 59750.562500000007 1.0000000180025095e-35 5.5000000000000009 5591.6571550569597
decision_type=10 8 10 10 8 2 10 2 10 2 10 2 2 10 10 10 2 10 2 2 2 2 8 10 2 2 2 2 2 10
left_child=2 3 6 14 13 7 10 8 -3 -7 11 -1 29 25 27 20 -5 -9 -10 -20 -12 23 -13 24 -18 -4 -15 28 -2 -6
right_child=1 5 4 16 12 9 -8 17 18 -11 15 22 -14 26 -16 -17 21 -19 19 -21 -22 -23 -24 -25 -26 -27 -28 -29 -30 -31
leaf_value=-0.6485123720375453 0.13174564205714173 5.0582406274865308 -0.34976259658372061 1.6485645026646534 0.38459198873047606 0.32725570028132578 -0.72999315607078852 3.1240699808278554 0.96573115825653078 2.0274743503613486 -0.23314085250372199 -0.044751237222630587 -0.086457741609049871 -0.74286667244370586 -0.4591831334007197 -0.84018013594710095 0.048104569055298536 4.6903590456644695 2.6511011979869892 0.90622451356479095 0.17857803128161198 1.708740524810094 -0.40488234327567363 1.6833840237061182 1.07364009228275 -0.028110463827974132 -0.12105280081415253 0.6096603155602357 1.5555201548501987 -0.11306451022947578
leaf_weight=3065 147 40 1283 771 3503 93 3014 212 101 428 2187 1053 1432 686 144 293 234 89 221 55 1090 207 6799 125 282 7860 470 3643 326 471
leaf_count=3065 147 40 1283 771 3503 93 3014 212 101 428 2187 1053 1432 686 144 293 234 89 221 55 1090 207 6799 125 282 7860 470 3643 326 471
internal_value=0.00378943 1.0917 -0.22944 0.82288 -0.00427142 2.36556 -0.43149 2.82718 2.26121 1.72519 -0.36934 -0.438607 0.216451 -0.120139 0.629705 -0.157462 1.33047 3.60119 1.95185 2.30792 -0.0961817 1.03966 -0.356598 0.821263 0.609564 -0.0732799 -0.490376 0.667903 1.11425 0.325596
internal_weight=40324 7118 33206 5879 15705 1239 17501 718 417 521 14487 10917 5406 10299 4260 3570 1619 301 377 276 3277 848 7852 641 516 9143 1156 4116 473 3974
internal_count=40324 7118 33206 5879 15705 1239 17501 718 417 521 14487 10917 5406 10299 4260 3570 1619 301 377 276 3277 848 7852 641 516 9143 1156 4116 473 3974
is_linear=0
shrinkage=0.03


Tree=55
num_leaves=31
num_cat=0
split_feature=14 24 24 24 17 11 11 14 5 4 4 7 7 22 18 0 16 5 4 5 17 5 16 4 12 1 7 7 4 4
split_gain=1.04214e+07 2.58673e+06 1.58021e+06 517023 426908 304840 303570 261727 225589 212505 349908 195888 191361 163943 163373 163546 146582 142264 141175 159766 139150 137082 133868 125881 131308 122941 112591 104952 98868.8 121409
threshold=243.49875000000003 344.32500000000005 91.465000000000018 494.88000000000005 4447.3172450000011 145.54500000000004 194.55875000000003 98.045000000000016 41155.625000000007 242.50000000000003 237.50000000000003 5.9739583333333348 5.8281250000000027 1.0000000180025095e-35 1.5000000000000002 15.500000000000002 5653.9389137593607 45718.750000000007 259.50000000000006 45903.437500000007 9413.4509300000009 45718.750000000007 5591.6571550569597 357.50000000000006 302.37062500000008 1.5000000000000002 5.8489583333333348 9.9565972222222268 94.500000000000014 180.50000000000003
decision_type=10 8 10 10 10 8 10 10 2 2 2 2 2 2 2 2 10 2 2 2 10 2 8 2 10 2 2 2 2 2
left_child=2 6 4 11 7 12 20 8 -1 10 26 14 -4 25 28 -16 21 -6 -13 -20 -2 -9 -10 24 -8 -7 -5 -14 -3 -30
right_child=1 3 5 9 17 13 23 16 22 -11 -12 18 27 -15 15 -17 -18 -19 19 -21 -22 -23 -24 -25 -26 -27 -28 -29 29 -31
leaf_value=-0.69915992366105717 0.44940245549039215 3.2204418133045061 0.072077754859843898 2.998331541274045 -0.84274960536841748 0.59797558046668353 0.78184921807565366 -0.25880689287049014 0.015330703799415873 1.9958412169203583 5.0516168912251791 1.5144139215338774 -0.16492056744637551 -0.60859030470945108 -0.26645213034845167 2.1623748537472318 -0.52515480446359653 -0.49827781045897879 -1.166335069916465 0.95779030525735731 -0.75187296501882783 0.0026490275453380893 -0.39324336612684468 -0.60313302604911423 1.2403421499793594 0.20536964039781885 1.5295798028799203 -0.7904338918695083 0.73835338160395625 2.0253160276746396
leaf_weight=2080 1924 57 5354 221 1828 1104 2405 4086 836 246 71 261 3398 171 61 41 1032 2651 43 115 90 3232 5276 51 739 2054 64 259 74 748
leaf_count=2080 1924 57 5354 221 1828 1104 2405 4086 836 246 71 261 3398 171 61 41 1032 2651 43 115 90 3232 5276 51 739 2054 64 259 74 748
internal_value=0.00252119 1.03661 -0.221022 1.95293 -0.37921 0.0484579 0.684126 -0.308827 -0.429301 2.68946 3.16182 1.63454 -0.0421773 0.29373 1.86703 0.721356 -0.190596 -0.639023 1.08705 0.376006 0.395374 -0.14335 -0.337365 0.865964 0.889979 0.342766 2.67501 -0.209425 1.999 1.9105
internal_weight=40572 7211 33361 2002 21021 12340 5209 16542 8192 602 356 1400 9011 3329 981 102 8350 4479 419 158 2014 7318 6112 3195 3144 3158 285 3657 879 822
internal_count=40572 7211 33361 2002 21021 12340 5209 16542 8192 602 356 1400 9011 3329 981 102 8350 4479 419 158 2014 7318 6112 3195 3144 3158 285 3657 879 822
is_linear=0
shrinkage=0.03


Tree=56
num_leaves=31
num_cat=0
split_feature=10 24 24 11 14 24 24 22 5 7 12 7 7 15 4 5 16 1 1 25 13 7 0 16 8 1 16 1 13 8
split_gain=1.02155e+07 1.94761e+06 1.84361e+06 433502 410999 406238 261614 256907 251486 225930 205579 204710 195729 184882 185925 171767 217756 166772 152991 239292 156800 149005 147579 145523 143146 142465 138041 137717 136244 129949
threshold=202.42250000000004 427.87500000000006 90.885000000000005 145.54500000000004 421.93000000000006 19.311250000000005 644.96000000000015 1.0000000180025095e-35 43906.250000000007 9.1284722222222232 302.37062500000008 7.8975694444444464 7.3385416666666687 272.38666666666671 188.50000000000003 49202.937500000007 3384.0407013402018 1.5000000000000002 1.5000000000000002 461.83645833333338 170.73000000000005 6.7656250000000027 17.500000000000004 6477.5529211865151 11.618750000000002 1.5000000000000002 4174.9269599850368 1.0000000180025095e-35 258.71000000000009 348.43750000000006
decision_type=10 8 10 8 10 8 10 2 2 2 10 2 2 10 2 2 10 2 2 10 10 2 2 8 2 2 10 2 10 2
left_child=2 4 5 11 8 29 13 10 22 15 25 26 27 -3 -15 16 -7 -8 19 24 -20 -16 -2 -17 -6 -5 -4 -10 -29 -1
right_child=1 6 3 7 18 9 17 -9 12 -11 -12 -13 -14 14 21 23 -18 -19 20 -21 -22 -23 -24 -25 -26 -27 -28 28 -30 -31
leaf_value=-0.4531816130178617 -0.10504479925707809 3.8695158863067625 0.069653894293987856 0.57282501979658917 1.6629136110364264 -0.26860169740811124 5.0285602633158364 -0.93387882459422811 1.5696530620276348 -0.71136577957431102 1.733631719712055 -0.40545390928983727 0.4005472211258862 0.20398208309412003 2.2679340806680504 0.10903507371728348 -0.63348892859175399 2.8024153972623731 -0.44573801361597498 -0.22403476704911487 1.2525847693121717 1.0090870225310324 0.93903313686836976 -0.22787784344317058 3.0980420889420941 0.19727182333388471 -0.2728743318471929 0.82010793643966884 1.8628755254095251 -0.75085805294967001
leaf_weight=2704 450 51 7149 1520 158 6551 44 137 308 1089 98 1164 688 49 695 1554 1899 118 51 40 987 99 166 4474 109 2264 1242 1827 120 2592
leaf_count=2704 450 51 7149 1520 158 6551 44 137 308 1089 98 1164 688 49 695 1554 1899 118 51 40 987 99 166 4474 109 2264 1242 1827 120 2592
internal_value=0.00349926 1.15014 -0.194976 0.0771514 0.898142 -0.372025 2.31843 0.338518 0.728935 -0.294778 0.383651 -0.0328078 0.844282 2.11263 2.00188 -0.263396 -0.350669 3.43419 1.34501 1.93507 1.16879 2.11244 0.17738 -0.141019 2.25816 0.34824 0.0189279 0.979427 0.8853 -0.598986
internal_weight=40397 5960 34437 13574 4904 20863 1056 4019 3559 15567 3882 9555 2943 894 843 14478 8450 162 1345 307 1038 794 616 6028 267 3784 8391 2255 1947 5296
internal_count=40397 5960 34437 13574 4904 20863 1056 4019 3559 15567 3882 9555 2943 894 843 14478 8450 162 1345 307 1038 794 616 6028 267 3784 8391 2255 1947 5296
is_linear=0
shrinkage=0.03


Tree=57
num_leaves=31
num_cat=0
split_feature=14 24 11 7 9 24 7 11 14 1 10 18 16 1 9 10 2 16 7 6 24 4 6 15 4 11 6 17 13 17
split_gain=9.38436e+06 2.19294e+06 1.38706e+06 518693 478300 376594 322603 276587 214328 196888 256551 193310 181217 178068 166234 157082 156933 151874 140243 131050 125434 122819 152285 118460 117923 114966 107102 106191 148556 162633
threshold=243.49875000000003 344.32500000000005 97.355000000000004 6.9913194444444464 59.845000000000006 466.00500000000005 8.237847222222225 199.40500000000003 170.62125000000003 1.5000000000000002 320.97000000000008 1.0000000180025095e-35 7696.0931347021024 1.5000000000000002 -23.451249999999998 427.46000000000009 7.5000000000000009 5591.6571550569597 7.8107638888888911 5.7764317180616755 410.77500000000003 259.50000000000006 7.4938325991189432 164.08375000000004 350.50000000000006 343.72000000000008 10.730616740088111 6110.6999150000011 64.030000000000015 5941.1943850000007
decision_type=10 10 10 2 8 10 2 10 10 2 10 2 10 2 10 10 2 10 2 2 10 2 2 10 2 10 2 10 10 8
left_child=2 7 4 5 11 13 8 27 23 10 -7 17 19 16 -13 -11 20 -1 25 -6 -3 -5 -23 -4 -15 -9 -8 28 29 -2
right_child=1 3 6 21 12 9 26 18 -10 15 -12 14 -14 24 -16 -17 -18 -19 -20 -21 -22 22 -24 -25 -26 -27 -28 -29 -30 -31
leaf_value=-0.33179185121047894 0.56887942764651156 2.2873033424310907 0.036169106222789661 1.3098704221046398 0.076350111016547859 1.2717702151453771 -0.089771328306579218 0.86317219812457402 0.30417107446937142 0.64502119450615003 3.9623177595722749 -2.1784739861637354 -0.6646666940774909 1.4718848497550332 -0.63438565050083673 2.4130624820548259 1.6713624138796506 -0.68492232630497063 0.3701148840749115 -0.22219609671691734 4.2770056961476808 1.2224907295053655 -0.7854702681939254 -0.77038972962890151 -0.055761232566833498 1.509107171539416 -0.5996424287594555 -0.49376182581734868 0.37152656542957885 2.4181816880599309
leaf_weight=5940 115 85 5415 111 1556 42 738 2272 3785 51 150 63 735 619 3776 470 200 1345 471 8831 47 54 88 168 49 280 745 112 1875 68
leaf_count=5940 115 85 5415 111 1556 42 738 2272 3785 51 150 63 735 619 3776 470 200 1345 471 8831 47 54 88 168 49 280 745 112 1875 68
internal_value=-0.000200879 0.984585 -0.213237 1.83775 -0.348871 2.02498 0.0648372 0.661297 0.129927 2.55335 3.3834 -0.487962 -0.209723 1.64608 -0.660286 2.24156 2.21606 -0.397074 0.846807 -0.17747 3.02259 0.567069 -0.0186704 0.011765 1.35991 0.934606 -0.346142 0.402595 0.451592 1.26546
internal_weight=40256 7159 33097 1966 22246 1713 10851 5193 9368 713 192 11124 11122 1000 3839 521 332 7285 3023 10387 132 253 142 5583 668 2552 1483 2170 2058 183
internal_count=40256 7159 33097 1966 22246 1713 10851 5193 9368 713 192 11124 11122 1000 3839 521 332 7285 3023 10387 132 253 142 5583 668 2552 1483 2170 2058 183
is_linear=0
shrinkage=0.03


Tree=58
num_leaves=31
num_cat=0
split_feature=10 24 24 6 24 17 24 14 7 5 4 7 4 4 25 16 7 25 5 16 5 8 16 5 14 14 5 5 18 7
split_gain=9.07223e+06 1.8651e+06 1.61932e+06 501414 388144 362237 334543 278697 232323 271849 208931 195448 176618 186265 164003 158098 151633 148656 138890 135762 135143 125313 121609 119001 135688 118505 116595 115438 114752 114362
threshold=202.42250000000004 410.77500000000003 88.305000000000021 1.1993392070484583 135.76500000000001 4664.2238650000008 295.01500000000004 640.34000000000003 5.5329861111111134 48206.250000000007 355.50000000000006 8.0295138888888911 244.50000000000003 237.50000000000003 461.83645833333338 6323.1626330021836 6.7934027777777795 302.37062500000008 54656.250000000007 6232.4303678495135 51689.000000000007 0.11250000000000002 5377.0269443274292 51339.125000000007 481.94000000000005 421.93000000000006 59563.500000000007 39805.437500000007 1.0000000180025095e-35 7.6545138888888911
decision_type=10 8 10 2 10 10 10 10 2 2 2 2 2 2 10 8 2 10 2 10 2 2 10 2 10 10 2 2 2 2
left_child=2 6 5 -3 19 8 23 14 27 -10 17 -8 13 -9 16 -11 25 22 -13 20 -4 -15 28 24 -2 -5 -21 -1 -6 -25
right_child=1 3 4 7 10 -7 11 12 9 15 -12 18 -14 21 -16 -17 -18 -19 -20 26 -22 -23 -24 29 -26 -27 -28 -29 -30 -31
leaf_value=-0.33642702714437245 0.36687489792355338 5.34257283942644 -0.1031089266541601 0.78214387261661988 0.37642179930865799 -0.60280919313771752 1.3239011054763825 2.4019403385105065 -0.57872584367122371 0.28770072736378227 -0.99425229396799508 -1.2866622713633944 1.2535737492238417 2.5984086067199708 0.64570396146553699 -0.29904492990553899 0.7388897719281784 1.2650552864441567 0.73411664617272598 -0.61735430093113464 0.15960144736260035 4.6890477136884412 -0.276160893304155 0.93676631611609595 1.5079644182589973 2.2626938108115193 -0.018682749279463083 -0.085563177055803588 -0.01755343535481629 0.35589321396768553
leaf_weight=2490 1343 42 5260 57 3788 4326 1273 282 4027 461 115 41 78 49 126 3935 93 137 112 676 2649 69 345 1428 100 397 516 4898 807 390
leaf_count=2490 1343 42 5260 57 3788 4326 1273 282 4027 461 115 41 78 49 126 3935 93 137 112 676 2649 69 345 1428 100 397 516 4898 807 390
internal_value=-0.000232268 1.08872 -0.186232 2.14744 0.057972 -0.359559 0.818844 2.02631 -0.29297 -0.400668 0.264928 1.20222 2.58233 2.83766 1.62816 -0.237463 1.85287 0.29364 0.187762 -0.0601099 -0.015109 3.85003 0.26645 0.650882 0.446942 2.07894 -0.358431 -0.170147 0.307241 0.812421
internal_weight=40310 5880 34430 1193 14293 20137 4687 1151 15811 8423 5192 1426 478 400 673 4396 547 5077 153 9101 7909 118 4940 3261 1443 454 1192 7388 4595 1818
internal_count=40310 5880 34430 1193 14293 20137 4687 1151 15811 8423 5192 1426 478 400 673 4396 547 5077 153 9101 7909 118 4940 3261 1443 454 1192 7388 4595 1818
is_linear=0
shrinkage=0.03


Tree=59
num_leaves=31
num_cat=0
split_feature=10 24 14 0 11 13 12 5 17 7 1 7 14 7 7 1 4 4 5 5 7 22 7 4 8 7 14 12 13 7
split_gain=8.24267e+06 1.58055e+06 1.55726e+06 465241 431264 323551 304877 296872 241381 219477 209129 207187 177137 158120 148707 147157 141623 258400 164091 137322 123327 119266 130724 116068 130404 108006 107909 135585 107794 107536
threshold=202.42250000000004 427.87500000000006 131.75250000000003 17.500000000000004 125.30125000000001 258.71000000000009 44.237916666666671 45400.437500000007 5872.9387100000013 6.3593750000000027 1.5000000000000002 8.2968750000000018 421.93000000000006 8.4496527777777803 8.9635416666666696 1.0000000180025095e-35 242.50000000000003 237.50000000000003 40205.312500000007 52556.250000000007 8.5086805555555589 1.0000000180025095e-35 8.1336805555555589 259.50000000000006 605.73125000000016 6.5052083333333348 438.64000000000004 351.38812500000012 37.180000000000007 5.4253472222222241
decision_type=10 10 10 2 10 10 8 2 10 2 2 2 10 2 2 2 2 2 2 2 2 2 2 2 2 2 10 10 10 2
left_child=2 5 3 6 8 7 19 11 14 16 29 23 13 15 -4 -9 17 -3 -18 -1 -8 22 -12 24 -2 -5 27 -7 -23 -6
right_child=1 9 4 25 10 26 20 12 -10 -11 21 -13 -14 -15 -16 -17 18 -19 -20 -21 -22 28 -24 -25 -26 -27 -28 -29 -30 -31
leaf_value=-0.65322691559846313 0.64363393299398619 2.3180552277131827 0.035262423720142995 0.01790330484900186 0.72819443446784249 1.3163572591317276 -0.28745409507367381 1.4663166588061296 -0.45273758867268654 1.0432694304144228 0.23586713034608967 -1.8822948208669337 1.6190741117375018 0.16948697186031048 -0.59498899451007004 0.7524219853457369 0.16974450781941414 4.2222073643024149 2.0685484544846786 -0.23133874227786702 -0.65272658785815263 0.40453261554394293 -0.33908396682320691 -0.25423505998842538 -0.98607951700687402 -0.25987458158340576 1.1068521740680695 2.8776827749339016 -1.4153447174444431 0.2904174593898855
leaf_weight=5000 572 429 6291 3098 1048 154 9053 301 1250 153 3051 40 233 358 355 1937 47 77 328 808 916 45 402 243 47 2122 866 76 81 978
leaf_count=5000 572 429 6291 3098 1048 154 9053 301 1250 153 3051 40 233 358 355 1937 47 77 328 808 916 45 402 243 47 2122 866 76 81 978
internal_value=-0.00222944 1.03782 -0.178953 -0.340572 0.0724071 0.809497 -0.421796 0.676043 -0.070447 2.10189 0.273628 0.201842 0.827113 0.755436 0.00151273 0.849049 2.28435 2.61557 1.83165 -0.594584 -0.321079 0.135689 0.168852 0.300622 0.518501 -0.0950453 1.26277 1.8425 -0.767321 0.517116
internal_weight=40359 5861 34498 20997 13501 4827 15777 3731 7896 1034 5605 902 2829 2596 6646 2238 881 506 375 5808 9969 3579 3453 862 619 5220 1096 230 126 2026
internal_count=40359 5861 34498 20997 13501 4827 15777 3731 7896 1034 5605 902 2829 2596 6646 2238 881 506 375 5808 9969 3579 3453 862 619 5220 1096 230 126 2026
is_linear=0
shrinkage=0.03


Tree=60
num_leaves=31
num_cat=0
split_feature=9 11 24 9 14 14 7 7 1 24 1 25 6 16 1 0 16 16 10 2 7 1 0 13 0 1 6 12 1 14
split_gain=8.10714e+06 1.87671e+06 1.19954e+06 481406 393433 283959 215502 193964 232458 192601 188132 187212 165461 166766 147007 245398 146926 144277 135305 164669 244613 129362 129038 122012 117958 131375 157175 109487 107717 105487
threshold=229.01000000000002 102.00625000000001 447.81000000000006 62.185000000000009 170.62125000000003 421.93000000000006 9.1284722222222232 6.1527777777777803 1.5000000000000002 -1.0000000180025095e-35 1.5000000000000002 461.83645833333338 5.7764317180616755 4998.1266131817802 1.0000000180025095e-35 5.5000000000000009 11457.166931245074 5653.9389137593607 224.38500000000002 7.5000000000000009 5.571180555555558 2.5000000000000004 6.5000000000000009 378.59000000000009 16.500000000000004 4.5000000000000009 11.86629955947137 302.37062500000008 1.5000000000000002 103.69000000000001
decision_type=10 10 10 10 10 10 2 2 2 8 2 10 2 10 2 2 10 10 10 2 2 2 2 10 2 2 2 10 2 10
left_child=1 3 5 9 16 24 14 8 -4 -1 11 18 -5 -14 15 -6 22 21 -7 20 -20 29 -3 -12 25 -2 -27 -26 -24 -11
right_child=2 4 7 12 6 10 -8 -9 -10 17 23 -13 13 -15 -16 -17 -18 -19 19 -21 -22 -23 28 -25 27 26 -28 -29 -30 -31
leaf_value=-0.79931577762560635 0.77072734162980616 -0.3247935726256711 3.2760960182871846 0.090883605448747087 -0.13391784669199119 1.1343229378146285 -0.4822148272437109 1.1953767800217221 2.0498401522652667 -0.32980129988217233 0.97869541219815726 0.09123804053664207 -0.17306659295432672 -0.56638769023818247 0.30307644387006039 1.0384294601366817 -0.57692467540723125 -0.63892643515267478 5.0913603349165477 1.7810223796963691 2.0605409439943605 -0.4537290879496485 0.28452232877306383 2.2457227663413897 0.87431122733798705 0.48748263259788055 -0.73155900446095856 1.9305501356095074 -0.025727643953803551 -0.0092048699243216289
leaf_weight=1187 832 820 192 1879 217 101 283 156 549 2852 1044 49 8917 1088 5047 616 398 1840 43 143 58 4808 1565 73 825 334 132 99 2822 1366
leaf_count=1187 832 820 192 1879 217 101 283 156 549 2852 1044 49 8917 1088 5047 616 398 1840 43 143 58 4808 1565 73 825 334 132 99 2822 1366
internal_value=0.0027711 -0.150398 1.18373 -0.302894 0.159791 0.946573 0.325194 2.16857 2.37156 -0.436481 1.26405 1.82866 -0.167383 -0.215891 0.36413 0.733234 -0.0221041 -0.396775 2.07445 2.45738 3.38815 -0.347346 0.0204065 1.06343 0.730212 0.545054 0.141348 0.989444 0.0849892 -0.226003
internal_weight=40335 35705 4630 23937 11768 3733 6163 897 741 12053 1511 394 11884 10005 5880 833 5605 10866 345 244 101 9026 5207 1117 2222 1298 466 924 4387 4218
internal_count=40335 35705 4630 23937 11768 3733 6163 897 741 12053 1511 394 11884 10005 5880 833 5605 10866 345 244 101 9026 5207 1117 2222 1298 466 924 4387 4218
is_linear=0
shrinkage=0.03


Tree=61
num_leaves=31
num_cat=0
split_feature=10 24 11 24 7 9 7 22 11 1 24 6 16 24 7 0 16 0 6 1 2 2 18 7 1 1 11 1 7 9
split_gain=7.39777e+06 1.37738e+06 1.36136e+06 410296 323220 294545 226808 208967 199634 188784 185799 184141 175691 138848 149675 136433 120927 117839 142166 115025 194556 167095 107647 101786 101425 99633.4 108580 98521.7 102936 96695.5
threshold=202.42250000000004 410.77500000000003 99.80125000000001 64.123750000000015 6.2204861111111134 321.3250000000001 6.3593750000000027 1.0000000180025095e-35 199.40500000000003 4.5000000000000009 644.96000000000015 8.08149779735683 7408.5596776926459 -1.0000000180025095e-35 6.383680555555558 6.5000000000000009 12861.586714732328 17.500000000000004 15.548458149779739 1.5000000000000002 6.5000000000000009 7.5000000000000009 1.0000000180025095e-35 7.9843750000000027 2.5000000000000004 1.5000000000000002 272.75500000000005 3.5000000000000004 7.0503472222222241 494.88000000000005
decision_type=10 8 10 8 2 10 2 2 10 2 10 2 10 10 2 2 10 2 2 2 2 2 2 2 2 2 10 2 2 10
left_child=2 5 3 11 8 9 10 16 -4 23 15 -1 -5 -13 -15 -3 22 18 -11 21 -21 -17 -6 25 -12 26 -2 -7 29 -29
right_child=1 6 4 12 7 27 -8 -9 -10 17 24 13 -14 14 -16 19 -18 -19 -20 20 -22 -23 -24 -25 -26 -27 -28 28 -30 -31
leaf_value=-0.1549385525256681 0.83562844070689135 1.0088020297623614 0.17209024083638097 -0.12321047843269152 0.073975416660159624 1.5007144275453259 0.94565820306121384 -1.0652411415601641 0.67057172170092649 0.33208578013585288 3.9778658417273647 -0.75955383864823056 -0.56816274722018001 -0.33946105744207766 -0.59467750687009135 4.1755300342335415 -0.65096495461385495 0.77685010520262376 -0.58669450396481815 -0.19311047908736437 1.9799850868899374 2.1755056709033802 -0.3133775014489889 0.30159769958215099 2.2721237230627502 0.71716510625692931 1.6615393749672174 0.93574517782194067 -0.036777006649765479 2.2004277823817344
leaf_weight=2072 346 133 6076 9635 2970 480 195 192 820 668 65 1263 870 6237 3099 50 284 349 195 40 479 171 824 349 72 1374 249 497 86 61
leaf_count=2072 346 133 6076 9635 2970 480 195 192 820 668 65 1263 870 6237 3099 50 284 349 195 40 479 171 824 349 72 1374 249 497 86 61
internal_value=0.000440535 0.985614 -0.167661 -0.298764 0.104456 0.751268 1.88934 -0.100649 0.231453 0.616279 2.07042 -0.413693 -0.160111 -0.464258 -0.424232 1.9048 -0.0549842 0.312507 0.124043 2.06426 1.81245 2.64477 -0.0102122 0.774907 3.10438 0.858604 1.18347 1.17429 0.929036 1.07769
internal_weight=40201 5859 34342 23176 11166 4654 1205 4270 6896 3530 1010 12671 10505 10599 9336 873 4078 1212 863 740 519 221 3794 2318 137 1969 595 1124 644 558
internal_count=40201 5859 34342 23176 11166 4654 1205 4270 6896 3530 1010 12671 10505 10599 9336 873 4078 1212 863 740 519 221 3794 2318 137 1969 595 1124 644 558
is_linear=0
shrinkage=0.03


Tree=62
num_leaves=31
num_cat=0
split_feature=24 24 24 12 14 8 4 4 16 14 5 7 16 1 5 12 7 24 1 13 25 24 8 0 18 10 16 7 5 12
split_gain=6.84578e+06 1.85609e+06 949695 427191 256393 253793 222246 263131 202831 237881 166701 166671 165206 160636 150635 147346 139866 132302 122999 138368 213018 122368 109998 109192 104131 121181 99741 117170 94495.2 94035.1
threshold=170.16000000000003 427.87500000000006 74.867500000000021 246.2154166666667 166.64500000000001 451.33125000000007 244.50000000000003 222.50000000000003 5856.2550862081252 115.84000000000002 40205.312500000007 8.0295138888888911 13691.345580477189 1.0000000180025095e-35 58115.937500000007 296.20833333333337 5.8072916666666687 286.86500000000007 3.5000000000000004 262.4500000000001 296.20833333333337 644.96000000000015 644.01875000000007 11.500000000000002 1.0000000180025095e-35 -0.51624999999999988 4089.7144226249366 9.2795138888888911 40906.250000000007 315.7247916666667
decision_type=10 10 10 10 10 2 2 2 10 10 2 2 10 2 2 10 2 10 2 10 10 10 2 2 2 10 10 2 2 10
left_child=2 3 5 11 12 8 7 15 9 23 -8 13 14 17 16 -3 -4 -2 -5 20 -20 -9 -21 -1 -7 -26 27 -6 -15 -12
right_child=1 6 4 18 26 24 10 21 -10 -11 29 -13 -14 28 -16 -17 -18 -19 19 22 -22 -23 -24 -25 25 -27 -28 -29 -30 -31
leaf_value=-0.40527955856082304 0.69551565284258876 3.4557894924210335 -0.048530817019475148 1.0948477529609693 0.23739038867315862 -0.45269607120902838 -0.24157922594218839 2.5320183039456605 -0.55740399843741162 0.0098617724912923189 0.23841552554107293 -0.092898247630828656 -0.80612813261012406 -0.096386600746773174 0.12054820694532993 1.5216318047003952 -0.29271434322910822 1.7479292274283287 0.7841695302631706 1.1645527720080995 -0.32387648690165954 3.9154822994315106 -0.29098231893319348 -0.17375958420571488 -2.1580517938047912 -0.72843480912664815 -0.25101782085397578 -0.70308823219886629 0.44950865230643849 1.7781611467525362
leaf_weight=5004 580 40 5359 1419 3935 2197 48 191 2163 2611 40 505 294 319 2462 313 3483 132 447 514 239 91 51 2897 55 1287 473 122 2682 359
leaf_count=5004 580 40 5359 1419 3935 2197 48 191 2163 2611 40 505 294 319 2462 313 3483 132 447 514 239 91 51 2897 55 1287 473 122 2682 359
internal_value=0.000572422 0.788051 -0.193503 0.60642 -0.0304999 -0.35563 1.94268 2.3048 -0.292872 -0.238393 1.42428 0.418286 -0.105254 0.487818 -0.0869555 1.74994 -0.144741 0.892804 0.90336 0.685456 0.398221 2.99071 1.03289 -0.320423 -0.580254 -0.788589 0.160871 0.208943 0.391468 1.62478
internal_weight=40312 7970 32342 6888 16128 16214 1082 635 12675 10512 447 4218 11598 3713 11304 353 8842 712 2670 1251 686 282 565 7901 3539 1342 4530 4057 3001 399
internal_count=40312 7970 32342 6888 16128 16214 1082 635 12675 10512 447 4218 11598 3713 11304 353 8842 712 2670 1251 686 282 565 7901 3539 1342 4530 4057 3001 399
is_linear=0
shrinkage=0.03


Tree=63
num_leaves=31
num_cat=0
split_feature=10 24 14 6 0 11 6 5 1 14 24 13 0 14 17 18 5 6 16 4 4 23 13 4 16 11 13 1 13 0
split_gain=6.82233e+06 1.38343e+06 1.23715e+06 454218 382457 333698 264838 259668 240456 223054 213881 210372 193743 192722 185620 168259 163896 132578 129226 122308 143215 114436 111206 131726 109829 107588 107141 93772.4 88791.6 87165.6
threshold=202.42250000000004 410.77500000000003 131.75250000000003 0.92334801762114538 17.500000000000004 118.31500000000001 17.811453744493395 49804.687500000007 4.5000000000000009 96.010000000000005 295.01500000000004 351.34500000000008 16.500000000000004 650.50000000000011 5872.9387100000013 1.0000000180025095e-35 53651.375000000007 22.632378854625554 2927.6437134969487 242.50000000000003 237.50000000000003 2.5000000000000004 61.230000000000011 359.50000000000006 12861.586714732328 199.40500000000003 304.53000000000003 1.0000000180025095e-35 35.430000000000007 17.500000000000004
decision_type=10 8 10 2 2 10 2 2 2 10 10 10 2 10 10 2 2 2 10 2 2 2 10 2 10 10 10 2 10 2
left_child=2 8 4 -3 7 14 21 9 10 28 -2 12 16 29 27 22 -10 -12 -11 20 -15 26 -7 25 -9 -24 -5 -4 -1 -8
right_child=1 3 5 6 -6 15 13 24 11 18 17 -13 -14 19 -16 -17 -18 -19 -20 -21 -22 -23 23 -25 -26 -27 -28 -29 -30 -31
leaf_value=-0.66574221572987335 0.68012609598686791 4.8949152454941762 0.37822945254109441 1.9051680670105493 -0.081540856197683892 0.54525937068334629 1.3357768810980568 -0.18197637107996376 -0.15850985414979618 -0.25675092627591645 1.0904878473305406 2.2348819292230266 0.8276123485238569 2.4313989240686658 -0.41247259440213763 -0.076590104559542918 0.59577189643332296 2.1461413429604201 -0.60617643278237054 1.2924538007695625 4.0805989837646486 0.28969477660126153 0.15498897332899891 -1.0240344652891158 -0.77313791986081415 0.54619746285300375 0.78516415838314135 -0.042971377553047585 -0.27528320806862111 2.1756872079066505
leaf_weight=4207 1872 42 520 181 5186 1288 258 5279 669 4193 970 55 541 141 1218 1311 422 121 1233 46 78 107 2699 74 298 826 137 5471 601 207
leaf_count=4207 1872 42 520 181 5186 1288 258 5279 669 4193 970 55 541 141 1218 1311 422 121 1233 46 78 107 2699 74 298 826 137 5471 601 207
internal_value=-0.000354621 0.946963 -0.161375 1.85621 -0.305122 0.063756 1.74158 -0.378447 0.712556 -0.468197 0.875361 0.426261 0.363978 2.08876 -0.0750189 0.225153 0.133526 1.20943 -0.336251 2.73824 3.03466 1.14174 0.306099 0.220381 -0.213697 0.246788 1.42662 -0.00635545 -0.617002 1.71354
internal_weight=40251 5847 34404 1197 20997 13407 1155 15811 4650 10234 2963 1687 1632 730 7209 6198 1091 1091 5426 265 219 425 4887 3599 5577 3525 318 5991 4808 465
internal_count=40251 5847 34404 1197 20997 13407 1155 15811 4650 10234 2963 1687 1632 730 7209 6198 1091 1091 5426 265 219 425 4887 3599 5577 3525 318 5991 4808 465
is_linear=0
shrinkage=0.03


Tree=64
num_leaves=31
num_cat=0
split_feature=11 24 9 17 9 15 7 5 4 24 7 5 11 16 5 10 16 1 9 1 4 4 4 4 9 15 7 8 5 9
split_gain=6.37214e+06 1.41885e+06 1.14223e+06 388130 341343 326539 292467 273570 213803 206972 198016 176910 163247 157120 144560 142231 141221 139959 133316 105160 151583 101815 164216 85976.4 85132 84698.7 83717.1 96133.9 83399.7 80748.7
threshold=199.40500000000003 410.77500000000003 110.00250000000001 6165.7617800000016 295.38000000000005 258.53812500000009 7.9392361111111134 39206.250000000007 355.50000000000006 644.96000000000015 7.4392361111111134 56255.875000000007 83.195000000000007 3601.6418528115087 51339.125000000007 208.12500000000003 1931.646435152257 1.5000000000000002 410.90500000000003 1.5000000000000002 186.50000000000003 228.50000000000003 242.50000000000003 239.50000000000003 -2.4362499999999998 458.07729166666678 7.2760416666666687 685.99375000000009 44300.437500000007 466.00500000000005
decision_type=10 8 10 10 10 10 2 2 2 10 2 2 10 8 2 10 10 2 10 2 2 2 2 2 10 10 2 2 2 10
left_child=2 4 3 6 8 -3 7 16 17 18 14 -8 13 -9 -4 -16 -1 -2 25 -20 -21 -11 -23 -22 -5 -7 27 29 -12 -6
right_child=1 5 10 24 26 9 11 12 -10 21 28 -13 -14 -15 15 -17 -18 -19 19 20 23 22 -24 -25 -26 -27 -28 -29 -30 -31
leaf_value=-0.24555316218057607 0.83660136639456706 4.2254421614870736 0.06705624082635453 -0.99139939959622547 1.1335473871280244 1.1685097885756073 -0.62312427943636672 0.045767684141069895 -0.37285712751936401 1.3838037436774799 -0.88269426879170654 -0.17277732983852043 0.034827174387359598 -0.24976374298995235 0.25469957151695605 0.81562408970660916 -0.60881272615472004 0.41682332355592727 2.3514828864028376 -0.03985037381832416 2.04566730109301 4.1802084092660374 1.8755039452181921 1.3049163405213615 -0.49363150675315609 -0.33735519094900651 0.50278507315650656 0.0068223759027627798 -0.13209648051865755 2.1354363673699055
leaf_weight=2752 1110 48 4120 340 1128 147 2216 2147 234 41 153 1217 5235 6580 3225 465 1483 2018 185 51 281 65 53 302 3458 43 220 64 992 78
leaf_count=2752 1110 48 4120 340 1128 147 2216 2147 234 41 153 1217 5235 6580 3225 465 1483 2018 185 51 281 65 53 302 3458 43 220 64 992 78
internal_value=0.00203836 0.898245 -0.156148 -0.258758 0.668338 1.8143 -0.209626 -0.161695 0.500568 1.71168 0.135214 -0.463573 -0.0976174 -0.177061 0.189231 0.325587 -0.372872 0.566005 1.55017 1.71655 1.52787 2.72057 3.1695 1.66484 -0.538441 0.827727 1.0463 1.13998 -0.233077 1.20006
internal_weight=40451 6068 34383 25428 4852 1216 21630 18197 3362 1168 8955 3433 13962 8727 7810 3690 4235 3128 1009 819 634 159 118 583 3798 190 1490 1270 1145 1206
internal_count=40451 6068 34383 25428 4852 1216 21630 18197 3362 1168 8955 3433 13962 8727 7810 3690 4235 3128 1009 819 634 159 118 583 3798 190 1490 1270 1145 1206
is_linear=0
shrinkage=0.03


Tree=65
num_leaves=31
num_cat=0
split_feature=14 11 14 7 0 5 14 12 24 5 7 4 17 24 16 5 13 4 5 0 18 4 25 18 25 11 2 7 16 8
split_gain=5.94835e+06 1.41793e+06 910620 383917 360843 250526 239146 232496 224758 214871 228860 189381 165933 147010 140222 127586 129501 121148 124343 117450 128627 111054 104008 101482 98346.1 112072 102878 95929.9 95547.5 95204.8
threshold=243.49875000000003 353.44500000000005 131.75250000000003 6.5746527777777795 17.500000000000004 49804.687500000007 89.798750000000013 302.37062500000008 466.00500000000005 59155.437500000007 6.9913194444444464 202.50000000000003 9587.5107050000024 644.96000000000015 2927.6437134969487 51081.250000000007 75.985000000000014 272.50000000000006 55506.250000000007 17.500000000000004 1.0000000180025095e-35 68.500000000000014 246.2154166666667 1.0000000180025095e-35 444.56375000000008 524.47500000000002 8.5000000000000018 9.9565972222222268 12861.586714732328 719.03750000000014
decision_type=10 10 10 2 2 2 10 10 10 2 2 2 10 10 10 2 10 2 2 2 2 2 10 2 10 10 2 2 10 2
left_child=2 7 4 8 5 6 -1 15 24 10 12 -10 19 -13 23 -2 -17 -5 -19 20 -4 -9 -18 -8 25 -3 -26 -12 -7 -23
right_child=1 3 9 17 -6 28 14 21 11 -11 27 13 -14 -15 -16 16 22 18 -20 -21 -22 29 -24 -25 26 -27 -28 -29 -30 -31
leaf_value=-0.63228023110336629 0.23666080859890135 1.4306506273381574 0.11426430139943262 1.0485442826037223 -0.071858437497581626 -0.16988350497914786 -0.14792428894804674 1.8128939676710536 3.8064696391969917 0.2719417850911186 -0.2449332311884716 1.7327988472892069 -0.40014834117815856 2.8943400031463664 -0.59963297016607098 1.5816990465142511 0.39381688102114648 -1.4475462881266707 0.57188845124589383 0.30229031222364688 -0.20285632948432963 0.88120228213433704 0.819278868360238 -0.4292880390087338 1.3284060878613417 2.7927056528988383 -0.34084752686457198 -0.87631290480694857 -0.72473356895300289 -0.39325328768364015
leaf_weight=3935 1690 547 3704 259 5181 5302 2966 111 59 2708 1593 430 698 131 1386 109 1651 40 82 1692 1669 1049 755 1889 84 61 54 250 294 55
leaf_count=3935 1690 547 3704 259 5181 5302 2966 111 59 2708 1593 430 698 131 1386 109 1651 40 82 1692 1669 1049 755 1889 84 61 54 250 294 55
internal_value=0.000125332 0.784006 -0.168771 1.52708 -0.289093 -0.360444 -0.44911 0.544258 1.76195 0.0359696 -0.0305741 2.18563 0.0407848 2.0087 -0.333537 0.438455 0.573906 0.682562 -0.096607 0.0843981 0.0157386 0.909773 0.527611 -0.257464 1.40738 1.57167 0.677467 -0.331008 -0.199158 0.817412
internal_weight=40434 7167 33267 1747 20953 15772 10176 5420 1366 12314 9606 620 7763 561 6241 4205 2515 381 122 7065 5373 1215 2406 4855 746 608 138 1843 5596 1104
internal_count=40434 7167 33267 1747 20953 15772 10176 5420 1366 12314 9606 620 7763 561 6241 4205 2515 381 122 7065 5373 1215 2406 4855 746 608 138 1843 5596 1104
is_linear=0
shrinkage=0.03


Tree=66
num_leaves=31
num_cat=0
split_feature=9 11 9 9 7 0 14 1 18 14 18 25 7 16 12 8 4 23 0 0 25 18 6 7 0 1 6 9 14 23
split_gain=5.62937e+06 1.26954e+06 803448 383882 345409 228210 222258 201302 196384 165858 158062 147282 136595 128543 126555 121830 119862 119433 161569 104096 158990 102204 106791 98404.1 89208.5 89034.7 88551.6 87816.9 86199.3 109644
threshold=221.41500000000002 110.94500000000001 447.81000000000006 64.903750000000016 9.3663194444444482 17.500000000000004 421.93000000000006 1.5000000000000002 1.0000000180025095e-35 168.10000000000002 1.0000000180025095e-35 461.83645833333338 7.2031250000000018 7408.5596776926459 417.90270833333335 654.63750000000005 126.50000000000001 2.5000000000000004 5.5000000000000009 16.500000000000004 384.48208333333338 1.0000000180025095e-35 12.111674008810576 5.4253472222222241 6.5000000000000009 1.0000000180025095e-35 11.017180616740092 321.3250000000001 100.56125000000002 2.5000000000000004
decision_type=10 10 10 10 2 2 10 2 2 10 2 10 2 10 10 2 2 2 2 2 10 2 2 2 2 2 2 10 10 2
left_child=1 3 6 10 8 14 19 11 9 24 13 -8 25 28 26 -12 -17 -11 -19 20 21 -2 -23 -13 -3 -5 -4 -21 -1 -30
right_child=2 4 5 12 -6 -7 7 -9 -10 17 15 23 -14 -15 -16 16 -18 18 -20 27 -22 22 -24 -25 -26 -27 -28 -29 29 -31
leaf_value=-0.32062950824460756 0.68625198333611037 -0.38145226090840112 1.1553064548341851 0.20171209027442125 -0.49978678340205573 2.3934467543054505 1.8835686544566577 0.8226981615230351 -0.046691114876717218 0.32507076746696567 -0.45677948371850852 1.4302869442105293 -0.35240522764361026 -0.58288971202067574 1.5888752249768285 -2.264950045569468 -0.78776809338066311 -0.024232064320952915 0.96476915744052094 0.70247130455274664 -0.99698168403177112 0.41020051668572233 -0.59557309843017714 -0.42429040297865867 0.16419984502533147 -0.11116147671880458 -0.67456644589217696 1.450486549675112 -0.21023342750263124 0.23258803610335024
leaf_weight=4593 921 303 56 892 665 323 347 997 2081 3330 4033 55 2049 1130 494 58 323 195 624 906 66 368 127 47 2389 9833 40 168 2265 646
leaf_count=4593 921 303 56 892 665 323 347 997 2081 3330 4033 55 2049 1130 494 58 323 195 624 906 66 368 127 47 2389 9833 40 168 2265 646
internal_value=-0.00341961 -0.135489 0.947877 -0.244941 0.159308 1.75073 0.764326 1.06169 0.208485 0.286103 -0.359387 1.58936 -0.128021 -0.28467 1.39541 -0.50544 -1.01798 0.40507 0.72955 0.595749 0.432271 0.499545 0.151473 0.579904 0.102665 -0.0851234 0.393765 0.82072 -0.23969 -0.111918
internal_weight=40324 35409 4915 25822 9587 913 4002 1446 8922 6841 13048 449 12774 8634 590 4414 381 4149 819 2556 1482 1416 495 102 2692 10725 96 1074 7504 2911
internal_count=40324 35409 4915 25822 9587 913 4002 1446 8922 6841 13048 449 12774 8634 590 4414 381 4149 819 2556 1482 1416 495 102 2692 10725 96 1074 7504 2911
is_linear=0
shrinkage=0.03


Tree=67
num_leaves=31
num_cat=0
split_feature=9 11 24 24 11 18 15 8 1 10 16 10 16 16 14 14 15 14 1 0 8 13 6 1 9 6 2 8 8 8
split_gain=5.47627e+06 1.28547e+06 777305 407612 237104 201467 193271 193051 175152 165453 163504 148800 121545 121148 120247 109882 124240 102044 123876 89015 88096.8 111918 89791 86688 93363.7 85629.7 83983 132029 172524 80917.3
threshold=229.01000000000002 117.28500000000001 466.00500000000005 63.522500000000008 320.91500000000002 1.0000000180025095e-35 258.53812500000009 265.86875000000003 2.5000000000000004 205.40500000000003 5519.7222734008838 320.97000000000008 7980.2843478406494 4673.1035098204702 98.045000000000016 735.36000000000001 552.14062500000011 116.42125000000001 1.0000000180025095e-35 10.500000000000002 526.26875000000018 88.265000000000015 19.546255506607931 1.0000000180025095e-35 -7.7899999999999991 6.2090308370044065 8.5000000000000018 13.787500000000003 171.35625000000002 0.11250000000000002
decision_type=10 10 10 8 10 2 10 2 2 10 10 10 10 10 10 10 10 10 2 2 2 10 2 2 10 2 2 2 2 2
left_child=1 3 4 7 25 9 -6 12 11 13 17 -4 14 -3 19 -10 -17 -5 -19 -1 21 22 -7 -9 -25 -2 27 -13 -29 -8
right_child=2 5 8 10 6 20 29 23 15 -11 -12 26 -14 -15 -16 16 -18 18 -20 -21 -22 -23 -24 24 -26 -27 -28 28 -30 -31
leaf_value=-0.41012019875058703 0.87873549896976777 0.27212211848541529 0.62286803926740364 -0.17293615466874904 3.0746160334547361 -0.43840714047389157 0.76755590116393246 -0.16685473884247162 1.0710054320426883 0.6550789862818448 -0.38095865210294849 1.8447393733531237 -0.57533391409751078 -0.10970958198173056 -0.06222503244507973 3.0700572910308837 1.1381723048314452 0.37445927113117816 -0.039311774022452846 -0.11750304099069402 -0.91186229510818206 0.18370925549456218 0.27068804571943539 -1.3567212002541198 -0.51360779243915577 0.51170553309243805 1.8330431668038636 5.1060181277138845 2.7252274279160931 1.2633881691668138
leaf_weight=2814 874 4993 41 5081 44 676 500 655 270 884 1750 74 928 879 2915 64 59 726 6244 1403 104 1088 210 121 4273 1677 105 41 98 752
leaf_count=2814 874 4993 41 5081 44 676 500 655 270 884 1750 74 928 879 2915 64 59 726 6244 1403 104 1088 210 121 4273 1677 105 41 98 752
internal_value=0.00458577 -0.120798 0.978897 -0.223876 0.806073 0.193187 1.13665 -0.343671 1.86076 0.272633 -0.11007 2.34186 -0.252499 0.214955 -0.210418 1.41646 2.16003 -0.0707046 0.00383444 -0.312817 -0.0651143 -0.0200643 -0.270221 -0.489136 -0.537128 0.637749 2.56084 2.90937 3.45893 1.06614
internal_weight=40343 35744 4599 26910 3847 8834 1296 13109 752 6756 13801 359 8060 5872 7132 393 123 12051 6970 4217 2078 1974 886 5049 4394 2551 318 213 139 1252
internal_count=40343 35744 4599 26910 3847 8834 1296 13109 752 6756 13801 359 8060 5872 7132 393 123 12051 6970 4217 2078 1974 886 5049 4394 2551 318 213 139 1252
is_linear=0
shrinkage=0.03


Tree=68
num_leaves=31
num_cat=0
split_feature=10 12 9 0 1 18 1 10 24 7 8 16 4 13 7 8 5 0 7 6 16 12 11 6 4 10 9 17 7 7
split_gain=4.8701e+06 912030 892352 333161 295581 236022 204215 201689 198505 171908 170898 168628 146769 143442 131141 128722 121637 112662 120109 111970 111426 107783 106975 106379 105641 95995 183542 89580.9 95008.2 88945.7
threshold=202.42250000000004 87.368645833333332 397.09500000000008 17.500000000000004 4.5000000000000009 1.0000000180025095e-35 1.5000000000000002 130.56500000000003 301.8300000000001 5.5121527777777795 567.66875000000016 3705.3720670662406 186.50000000000003 329.49500000000006 8.1822916666666696 644.01875000000007 40205.312500000007 17.500000000000004 6.5503472222222241 6.9343612334801774 7696.0931347021024 302.37062500000008 118.31500000000001 10.524669603524233 2.5000000000000004 286.9550000000001 302.15000000000003 8618.9152150000027 4.8489583333333348 6.9600694444444464
decision_type=10 10 10 2 2 2 2 10 10 2 2 10 2 10 2 2 2 2 2 2 10 10 10 2 2 10 10 10 2 2
left_child=1 3 4 5 8 11 13 23 -2 25 16 22 -8 -4 21 -7 29 18 -14 -13 -5 -9 27 24 -3 26 -10 28 -1 -6
right_child=2 7 6 20 10 15 12 14 9 -11 -12 19 17 -15 -16 -17 -18 -19 -20 -21 -22 -23 -24 -25 -26 -27 -28 -29 -30 -31
leaf_value=-0.032683988750124592 0.59324598611252 -1.4026465041296718 1.6904372402158649 -0.0049280376633128418 0.021720766437193045 -0.45519107070832904 0.17255545149652324 0.23398172064804931 3.8126554012511455 0.65280772041825175 -0.88909221450123221 0.096312685795004585 1.3139465568664093 3.2024005232145498 -0.24769543097216629 -1.025272807041907 0.48656442054289162 1.8750325594278834 0.011153171410163244 -0.51686677763187727 -0.42990718296373326 1.428999083560446 0.29307220964931624 -0.1268738328894172 0.11155512419313317 1.2300862231930727 1.3981114839001705 -0.47535545506633559 -0.26492717575708902 -1.4447134254422298
leaf_weight=2780 2014 41 164 4626 277 4792 97 4561 41 425 108 300 619 90 526 385 1146 309 71 2491 630 68 408 4925 3294 435 94 962 3689 42
leaf_count=2780 2014 41 164 4626 277 4792 97 4561 41 425 108 300 619 90 526 385 1146 309 71 2491 630 68 408 4925 3294 435 94 962 3689 42
internal_value=-0.00311781 -0.139732 0.790799 -0.262864 0.590847 -0.331661 1.46851 0.0536056 0.765035 1.11181 0.257366 -0.250721 1.28862 2.23663 0.200832 -0.497776 0.342432 1.39671 1.1801 -0.450946 -0.0559394 0.251841 -0.179385 -0.0382905 0.0925249 1.45231 2.15406 -0.205361 -0.165143 -0.175263
internal_weight=40410 34478 5932 21063 4582 15807 1350 13415 3009 995 1573 10630 1096 254 5155 5177 1465 999 690 2791 5256 4629 7839 8260 3335 570 135 7431 6469 319
internal_count=40410 34478 5932 21063 4582 15807 1350 13415 3009 995 1573 10630 1096 254 5155 5177 1465 999 690 2791 5256 4629 7839 8260 3335 570 135 7431 6469 319
is_linear=0
shrinkage=0.03


Tree=69
num_leaves=31
num_cat=0
split_feature=10 14 11 7 1 11 17 7 7 10 14 16 4 0 1 8 14 14 10 1 8 5 5 16 9 4 8 15 14 14
split_gain=4.57589e+06 886251 845438 355665 315222 301600 242164 208203 168233 166987 161733 154596 139521 138550 138799 124934 136101 142625 243097 117030 132894 116885 111639 103452 98269 94453.3 118451 95619.5 92344.7 158771
threshold=202.42250000000004 131.75250000000003 367.71000000000009 6.4809027777777795 1.5000000000000002 53.245000000000012 6751.1758950000012 8.7517361111111125 7.3385416666666687 396.7050000000001 183.26375000000004 12861.586714732328 272.50000000000006 6.5000000000000009 1.0000000180025095e-35 0.11250000000000002 428.82000000000005 481.94000000000005 427.46000000000009 3.5000000000000004 281.24375000000003 54151.125000000007 44300.437500000007 8730.5353614482865 9.6012500000000021 164.50000000000003 1.0000000180025095e-35 158.40666666666669 602.50000000000011 451.89500000000004
decision_type=10 10 10 2 2 8 10 2 2 10 10 10 2 2 2 2 10 10 10 2 2 2 2 10 10 2 2 10 10 10
left_child=1 5 8 4 15 24 7 10 19 -6 -3 13 -5 -7 -15 -4 -17 -18 -19 25 -21 -14 -10 -12 -1 28 -27 -28 29 -2
right_child=2 6 3 12 9 11 -8 -9 22 -11 23 -13 21 14 -16 16 17 18 -20 20 -22 -23 -24 -25 -26 26 27 -29 -30 -31
leaf_value=-0.5564274002415367 0.51869398808462908 0.03062957520477614 1.338401470969363 0.98690519658923148 0.57656880552757461 -0.31422548127852418 -0.35579482252346989 -0.3729897440969015 -1.1216336772325686 1.554709903089071 0.27690800090793055 -0.68541268665921984 -1.5504255218040652 0.17443667604776253 -0.13457314952696428 1.3813556027566565 4.2526183312589465 1.3920266789749816 3.9349404188844019 0.60600507915603974 -0.0091811094490239515 0.37274129709889808 0.24264121712484168 -0.79179588974958437 -0.33016337303990539 0.67950010650937864 0.26299936399329454 1.5232352707329182 -0.66721311513115367 2.1090315237256791
leaf_weight=2368 658 6624 81 249 211 2959 1178 801 58 633 4765 482 40 1614 6888 57 65 80 60 1463 403 92 635 82 6420 469 63 408 50 61
leaf_count=2368 658 6624 81 249 211 2959 1178 801 58 633 4765 482 40 1614 6888 57 65 80 60 1463 403 92 635 82 6420 469 63 408 50 61
internal_value=-0.00219664 -0.13476 0.774104 1.36971 1.62563 -0.257798 0.05489 0.0943378 0.555019 1.31115 0.127 -0.159622 0.570219 -0.137451 -0.0758978 2.39339 2.71322 3.07504 2.50203 0.637929 0.47321 -0.217312 0.127008 0.258668 -0.391188 0.817399 1.01934 1.35558 0.569547 0.65636
internal_weight=40017 34181 5836 1568 1187 20731 13450 12272 4268 844 11471 11943 381 11461 8502 343 262 205 140 3575 1866 132 693 4847 8788 1709 940 471 769 719
internal_count=40017 34181 5836 1568 1187 20731 13450 12272 4268 844 11471 11943 381 11461 8502 343 262 205 140 3575 1866 132 693 4847 8788 1709 940 471 769 719
is_linear=0
shrinkage=0.03


Tree=70
num_leaves=31
num_cat=0
split_feature=11 14 12 22 11 0 18 7 8 11 14 16 25 7 7 16 15 14 25 13 11 1 25 1 6 25 15 11 16 8
split_gain=4.46377e+06 1.2366e+06 547081 336650 333432 275218 199530 186675 169811 167441 158778 150995 127374 109830 109796 109187 106808 106171 105235 130936 103467 106602 131011 103072 96754.8 95465.6 94244.3 93647.4 93574.9 92852.4
threshold=161.08500000000004 421.93000000000006 86.420260416666693 1.0000000180025095e-35 465.51500000000004 17.500000000000004 1.0000000180025095e-35 7.8107638888888911 310.48750000000007 279.11000000000007 650.50000000000011 3705.3720670662406 444.56375000000008 5.5538194444444455 9.4496527777777803 4089.7144226249366 628.70145833333345 115.84000000000002 296.20833333333337 268.29500000000007 320.91500000000002 1.0000000180025095e-35 373.22166666666675 3.5000000000000004 7.2182819383259931 365.13833333333338 477.00062500000007 570.0150000000001 7696.0931347021024 633.26875000000007
decision_type=10 10 10 2 10 2 2 2 2 10 10 10 10 2 2 10 10 10 10 10 10 2 10 2 2 10 10 10 10 2
left_child=2 3 5 7 13 6 11 9 14 -2 12 17 25 20 -4 -10 -12 -1 -15 23 -3 -22 -23 -20 -13 -6 -24 -27 -7 -8
right_child=1 4 8 -5 10 28 29 -9 15 -11 16 24 -14 18 -16 -17 -18 -19 19 -21 21 22 26 -25 -26 27 -28 -29 -30 -31
leaf_value=-0.24573070918438478 0.4304836890237127 0.81962652574938077 0.083544544936286491 -0.62931538709245172 0.99854394481215669 -0.015077999930986829 -0.43542079730510747 0.034087943852935704 -0.16219370741404654 0.92509232426951038 2.7839404776640104 0.061760712093085916 0.88146007558463302 1.592369116343809 -0.47568281808777185 -0.92080371234384739 1.2599494150268324 0.0036462034024245869 0.31296247588173182 0.81335366155129185 2.4035832450242647 0.57889138430840259 1.7377872161469059 -1.2297259606164077 -0.50340347085537984 1.8382846290223738 0.32146191387176509 3.5480380556800148 -0.4163508956591514 -0.9038550186257075
leaf_weight=5480 4209 519 8626 282 70 4378 4652 904 2231 722 170 308 210 88 327 184 58 2135 118 343 82 184 333 57 2359 101 49 43 593 415
leaf_count=5480 4209 519 8626 282 70 4378 4652 904 2231 722 170 308 210 88 327 184 58 2135 118 343 82 184 333 57 2359 101 49 43 593 415
internal_value=0.000261863 0.608867 -0.163811 0.381486 1.18204 -0.257043 -0.319871 0.430437 0.00284544 0.503077 1.76247 -0.243899 1.41295 0.967714 0.0630684 -0.22035 2.40345 -0.175822 0.638275 0.473434 1.13809 1.3915 1.2409 -0.193645 -0.438136 1.92798 1.55743 2.36978 -0.0630207 -0.473958
internal_weight=40230 8542 31688 6117 2425 20320 15349 5835 11368 4931 652 10282 424 1773 8953 2415 228 7615 606 518 1167 648 566 175 2667 214 382 144 4971 5067
internal_count=40230 8542 31688 6117 2425 20320 15349 5835 11368 4931 652 10282 424 1773 8953 2415 228 7615 606 518 1167 648 566 175 2667 214 382 144 4971 5067
is_linear=0
shrinkage=0.03


Tree=71
num_leaves=31
num_cat=0
split_feature=10 14 11 24 16 5 5 1 1 25 18 4 0 16 8 0 10 11 4 14 13 4 1 16 8 25 14 15 13 4
split_gain=4.14636e+06 1.18433e+06 571055 368431 211575 204309 202571 180567 175833 251453 173001 167018 153694 145287 163259 132872 123754 121946 148854 118177 111088 113283 149205 100134 98881.1 96870.6 95894.1 93022.7 87297.4 87060.6
threshold=165.86750000000004 421.93000000000006 83.895000000000024 466.00500000000005 7696.0931347021024 49202.937500000007 43066.312500000007 2.5000000000000004 1.5000000000000002 444.56375000000008 1.0000000180025095e-35 205.50000000000003 6.5000000000000009 3670.9450785532295 616.08750000000009 10.500000000000002 524.65000000000009 124.29500000000002 361.50000000000006 735.36000000000001 258.71000000000009 352.50000000000006 1.0000000180025095e-35 6323.1626330021836 605.73125000000016 316.57312500000006 89.798750000000013 552.14062500000011 170.73000000000005 8.5000000000000018
decision_type=10 10 8 10 10 2 2 2 2 10 2 2 2 10 2 2 10 10 2 10 10 2 2 8 2 10 10 10 10 2
left_child=2 6 5 8 10 13 24 11 9 12 17 -5 -3 14 26 -14 -13 -4 -19 -9 21 22 -8 -7 -2 -23 -1 -21 -10 -25
right_child=1 3 4 7 -6 23 20 19 28 -11 -12 16 15 -15 -16 -17 -18 18 -20 27 -22 25 -24 29 -26 -27 -28 -29 -30 -31
leaf_value=-0.38794297726246824 0.063108412709356423 0.86804148395474146 0.015692263186365511 3.9101979577287715 -0.34235866267617904 0.044613480485442877 0.89267255688131142 0.92611144716923055 -0.32354255398707604 0.011240470676586544 -0.1764547048211651 1.5799512593166249 3.8028040202828337 -0.53138925041974339 -0.63548551570711254 1.905749275417967 2.9860005306443078 0.27380021589345582 -0.92467428216710679 2.8397153170658989 1.2542510029595151 0.16728483397513627 0.39132225032721241 0.30543486290114402 -1.2549842690428097 -1.2515852549095308 -0.16166944221150645 1.1460517139886988 0.79414328471284545 -0.23667221099862437
leaf_weight=2460 995 103 5961 46 1484 2032 620 272 66 86 2658 221 42 2692 1025 178 78 3330 95 64 151 143 3867 282 53 61 5360 57 1153 4649
leaf_count=2460 995 103 5961 46 1484 2032 620 272 66 86 2658 221 42 2692 1025 178 78 3330 95 64 151 143 3867 282 53 61 5360 57 1153 4649
internal_value=0.00189984 0.60133 -0.152632 1.16813 -0.00449247 -0.260952 0.373486 1.72436 0.915082 1.45342 0.0371626 2.22665 1.83619 -0.338402 -0.279612 2.28348 1.95548 0.0976688 0.240298 1.27889 0.455321 0.429342 0.460781 -0.132595 -0.00468367 -0.261021 -0.232891 2.05781 0.733413 -0.205614
internal_weight=40284 8256 32028 2366 13528 18500 5890 738 1628 409 12044 345 323 11537 8845 220 299 9386 3425 393 4842 4691 4487 6963 1048 204 7820 121 1219 4931
internal_count=40284 8256 32028 2366 13528 18500 5890 738 1628 409 12044 345 323 11537 8845 220 299 9386 3425 393 4842 4691 4487 6963 1048 204 7820 121 1219 4931
is_linear=0
shrinkage=0.03


Tree=72
num_leaves=31
num_cat=0
split_feature=14 14 24 24 5 5 7 7 1 10 8 7 5 25 1 10 24 13 10 13 22 16 16 9 24 16 14 16 1 6
split_gain=4.11951e+06 954234 580910 251183 193350 185738 225622 172493 167579 175491 162294 137728 144441 114008 193440 184891 144923 116788 111671 111788 109552 108547 105956 102795 102686 102551 109605 102370 102106 109154
threshold=243.49875000000003 421.93000000000006 76.495000000000019 466.00500000000005 50802.187500000007 61654.437500000007 6.383680555555558 6.9600694444444464 2.5000000000000004 320.97000000000008 605.73125000000016 8.6857638888888911 51689.000000000007 444.56375000000008 1.5000000000000002 208.12500000000003 410.77500000000003 281.36500000000007 279.11000000000007 75.985000000000014 1.0000000180025095e-35 2896.0343152156129 2668.3972387839162 -23.451249999999998 153.90500000000003 5721.6617484452063 179.53500000000003 11284.474023714241 1.5000000000000002 18.801982378854635
decision_type=10 10 10 10 2 2 2 2 2 10 2 2 2 10 2 10 10 10 10 10 2 10 10 10 10 8 10 10 2 2
left_child=2 11 4 13 7 6 22 10 9 -5 21 12 -2 14 15 -3 -17 -15 19 -14 27 -1 24 -12 -4 -6 -27 -8 29 -11
right_child=1 3 5 8 25 -7 20 -9 -10 28 23 -13 18 17 -16 16 -18 -19 -20 -21 -22 -23 -24 -25 -26 26 -28 -29 -30 -31
leaf_value=-0.15210624886614921 0.24614012665476867 0.67720221128800639 0.01864591942004213 0.35468356356024738 0.14921515130789123 0.1958705082912694 -0.16700663266833382 -0.56573267035943964 1.1538856941414877 4.2196379086583153 -1.6403977762048061 -0.1835147314551657 1.4786289145282863 -0.76723752941404066 0.82213713713432202 1.5841112044751644 3.1185095949992534 0.70095891985063719 0.96907501687109465 0.43175493143952859 -0.95613932403795265 -0.3979246500768428 -0.21043035123322013 -0.51579765360903729 0.32741059122621902 -0.20813192073716213 0.69061780191603162 -0.71576374558170341 1.7838702099053363 2.3470534910791767
leaf_weight=5572 1869 137 6714 47 1065 3085 3548 2305 382 42 77 338 96 62 1078 199 79 216 559 1790 187 2278 1519 1249 1132 4010 125 334 158 103
leaf_count=5572 1869 137 6714 47 1065 3085 3548 2305 382 42 77 338 96 62 1078 199 79 216 559 1790 187 2278 1519 1249 1132 4010 125 334 158 103
internal_value=0.00059858 0.653466 -0.140118 1.1257 -0.264991 -0.0140119 -0.0622205 -0.333725 1.59364 2.06894 -0.27539 0.399195 0.444882 0.931498 1.03537 1.58595 2.02976 0.371943 0.59664 0.485798 -0.248708 -0.223482 0.0188244 -0.582289 0.0632297 -0.113197 -0.180803 -0.214393 2.33281 2.91464
internal_weight=40355 7155 33200 2503 16681 16519 13434 11481 732 350 9176 4652 4314 1771 1493 415 278 278 2445 1886 4069 7850 9365 1326 7846 5200 4135 3882 303 145
internal_count=40355 7155 33200 2503 16681 16519 13434 11481 732 350 9176 4652 4314 1771 1493 415 278 278 2445 1886 4069 7850 9365 1326 7846 5200 4135 3882 303 145
is_linear=0
shrinkage=0.03


Tree=73
num_leaves=31
num_cat=0
split_feature=11 24 12 22 0 5 18 7 24 7 2 5 25 25 14 8 8 12 25 12 0 8 25 2 8 7 8 13 13 14
split_gain=3.81692e+06 767020 708224 291664 271416 214260 199684 181193 184555 170616 141132 144620 136266 130534 118806 118549 113949 106581 105932 103478 99781.2 103150 96609.3 133934 95381 92794.8 88421.6 84746.7 84074.2 122643
threshold=199.40500000000003 427.87500000000006 87.752083333333346 1.0000000180025095e-35 16.500000000000004 50955.312500000007 1.0000000180025095e-35 7.2413194444444464 286.86500000000007 7.4392361111111134 8.5000000000000018 40089.375000000007 444.56375000000008 628.70145833333345 115.84000000000002 654.63750000000005 8.9562500000000025 12.43125 170.86473958333337 315.7247916666667 5.5000000000000009 254.21875000000003 352.82791666666679 8.5000000000000018 416.06250000000011 6.2413194444444473 654.63750000000005 32.480000000000011 220.01500000000001 508.52000000000004
decision_type=10 8 10 2 2 2 2 2 10 2 2 2 10 10 10 2 2 10 10 10 2 2 10 2 2 2 2 10 10 10
left_child=2 3 4 7 6 9 14 8 26 24 13 -12 -10 28 20 -8 -15 -17 -7 -13 -1 -22 -9 -24 -4 -6 -2 -5 -3 -30
right_child=1 10 5 27 25 18 15 22 12 -11 11 19 -14 16 -16 17 -18 -19 -20 -21 21 -23 23 -25 -26 -27 -28 -29 29 -31
leaf_value=-0.4412144078436247 0.55298080944818129 2.6456476723064073 0.044943050352690479 0.45779640307793246 0.04462169493357266 0.11916208902630951 -0.41597087548799178 0.34371819338142123 1.0613051915602314 -0.51367108272167028 -0.60972248490651448 -0.24209070035389491 0.15281642314353408 1.4752821104119462 -0.061110858056268889 -2.4373704800954679 3.6393212413787839 -0.79753529895472042 0.4365546009229555 1.3376740369957345 -0.071050852254805563 -0.35472287146141329 0.463591520800477 -1.4654456709036185 -0.23862274355803512 -0.19011081058018153 -0.47007837033818789 -0.80691705613628606 0.33561656339892321 1.6094578527801364
leaf_weight=2501 2222 54 5102 64 3338 4942 4563 894 1252 680 44 41 169 40 2912 40 54 297 1170 385 2427 2199 62 66 1349 2775 78 180 83 392
leaf_count=2501 2222 54 5102 64 3338 4942 4563 894 1252 680 44 41 169 40 2912 40 54 297 1170 385 2427 2199 62 66 1349 2775 78 180 83 392
internal_value=0.000590211 0.69329 -0.122232 0.535342 -0.230356 0.049654 -0.299259 0.587391 0.684561 -0.0620592 1.4128 1.01643 0.953442 1.70973 -0.222593 -0.456252 2.74368 -0.99881 0.179981 1.18542 -0.288555 -0.205944 0.233284 -0.534718 -0.0143826 -0.0619489 0.518097 -0.474674 1.52117 1.38804
internal_weight=40375 6080 34295 4987 21052 13243 14939 4743 3721 7131 1093 470 1421 623 10039 4900 94 337 6112 426 7127 4626 1022 128 6451 6113 2300 244 529 475
internal_count=40375 6080 34295 4987 21052 13243 14939 4743 3721 7131 1093 470 1421 623 10039 4900 94 337 6112 426 7127 4626 1022 128 6451 6113 2300 244 529 475
is_linear=0
shrinkage=0.03


Tree=74
num_leaves=31
num_cat=0
split_feature=12 11 24 12 17 7 5 7 14 5 9 5 1 2 5 1 12 5 0 2 7 2 16 9 14 15 23 1 12 11
split_gain=3.64283e+06 985648 523814 557103 313012 255906 219376 195511 145997 143161 121253 114819 112299 112104 104994 109449 99591.2 196141 97288.5 94193.8 91751.6 91563.6 91339.1 88756.8 87908.8 85198.4 85085.5 81922.5 121913 78689
threshold=237.64000000000001 124.29500000000002 410.77500000000003 296.20833333333337 4447.3172450000011 5.8489583333333348 50154.875000000007 7.6545138888888911 640.34000000000003 40906.250000000007 397.09500000000008 56831.250000000007 1.5000000000000002 6.5000000000000009 40906.250000000007 1.0000000180025095e-35 351.38812500000012 46103.687500000007 5.5000000000000009 8.5000000000000018 8.6302083333333375 6.5000000000000009 7497.9230040573084 -23.451249999999998 196.57500000000002 364.06333333333345 4.5000000000000009 1.0000000180025095e-35 74.991510416666685 465.51500000000004
decision_type=10 10 8 10 10 2 2 2 10 2 10 2 2 2 2 2 10 2 2 2 2 2 8 10 10 10 2 2 10 10
left_child=1 4 16 -4 5 9 20 14 10 -1 -5 -9 -12 -14 -3 18 17 21 -16 -10 -7 -2 -8 26 -20 -23 -6 28 -25 -18
right_child=2 7 3 8 23 6 22 11 19 -11 12 -13 13 -15 15 -17 29 -19 24 -21 -22 25 -24 27 -26 -27 -28 -29 -30 -31
leaf_value=-0.18912465643183424 0.57491562616026826 -0.023446994492220222 4.78448330266135 -0.05944330332071885 -0.63319833000937664 -0.32001028725947822 0.21511614330611717 -0.36983796503170457 1.8665044352709885 0.026118197678516464 1.8682966249234918 0.1555499825885896 -0.55112522983551016 1.0434542356959839 -0.33598477451070663 0.25140482965493688 0.81886416582610633 0.66844126175017116 0.40367200030966105 0.84806012734770775 -0.65119285380921155 -0.63907252226823141 -0.15183579888869686 -0.22991558975337639 0.98518439784802625 0.58128271003267662 -2.2798288473061152 -0.42015893265880061 0.93214440449606628 2.0140858197212217
leaf_weight=4072 139 980 41 91 90 4403 716 771 384 8767 136 726 44 357 92 4755 922 1582 490 107 909 223 4112 528 451 66 41 4214 95 52
leaf_count=4072 139 980 41 91 90 4403 716 771 384 8767 136 726 44 357 92 4755 922 1582 490 107 909 223 4112 528 451 66 41 4214 95 52
internal_value=0.0037149 -0.0927139 0.846169 1.38707 -0.177829 -0.131135 -0.24378 0.195077 1.25843 -0.0421573 0.952693 -0.115107 1.124 0.867552 0.263693 0.312306 0.635505 0.514383 0.592127 1.64674 -0.376795 -0.055287 -0.097383 -0.393738 0.683128 -0.359332 -1.16192 -0.372697 -0.0515056 0.884675
internal_weight=40356 36212 4144 1160 27947 22979 10140 8265 1119 12839 628 1497 537 401 6768 5788 2984 2010 1033 491 5312 428 4828 4968 941 289 131 4837 623 974
internal_count=40356 36212 4144 1160 27947 22979 10140 8265 1119 12839 628 1497 537 401 6768 5788 2984 2010 1033 491 5312 428 4828 4968 941 289 131 4837 623 974
is_linear=0
shrinkage=0.03


Tree=75
num_leaves=31
num_cat=0
split_feature=10 14 14 0 1 0 12 5 7 1 10 5 7 4 7 1 12 25 18 10 6 15 15 8 13 1 23 0 12 4
split_gain=3.43146e+06 617580 612327 333191 224709 233581 195507 194592 202752 187491 171209 162441 160740 274057 156643 132812 153317 129506 118643 114779 114684 113577 112524 109933 136071 105432 105344 131815 127268 99944.5
threshold=202.42250000000004 147.17500000000004 421.93000000000006 17.500000000000004 3.5000000000000004 5.5000000000000009 628.70145833333345 57205.250000000007 5.7656250000000018 1.5000000000000002 427.46000000000009 40906.250000000007 6.5746527777777795 259.50000000000006 9.9565972222222268 1.5000000000000002 296.20833333333337 444.56375000000008 1.0000000180025095e-35 -0.51624999999999988 6.3138766519823806 159.81479166666671 406.63729166666673 462.75625000000008 345.17000000000002 1.5000000000000002 2.5000000000000004 5.5000000000000009 246.2154166666667 190.50000000000003
decision_type=10 10 10 2 2 2 10 2 2 2 10 2 2 2 2 2 10 10 2 10 2 10 10 2 10 2 2 2 10 2
left_child=1 3 11 7 5 -4 12 8 18 26 15 29 17 -14 -13 16 -7 22 -1 -20 -11 -10 23 24 -6 -12 28 -28 -3 -2
right_child=2 9 4 -5 6 10 -8 -9 21 20 25 14 13 -15 -16 -17 -18 -19 19 -21 -22 -23 -24 -25 -26 -27 27 -29 -30 -31
leaf_value=-0.12792238198248723 0.22995928547808617 0.082279373655980523 0.59276098663292143 -0.0039575923546843663 0.76381162084558085 2.9634891787513356 2.2404964065551756 -0.048381445084355303 -0.41906603282555127 0.22946253374360126 2.8457498487559234 0.53213724568959198 0.71311138335042279 -1.7474894537676626 -0.50584114358434118 0.70805087238550179 1.2823572567914054 -0.017159797829624852 -1.7671281753305126 -0.33204287761430556 -0.066791230327110915 -1.4392545740604401 2.1478427388668058 -0.11090355581045151 2.1075893981116161 1.7072612477501352 -0.021075244105110566 0.734852318252325 0.93280247097888769 -0.77928748151999994
leaf_weight=5588 216 1872 329 6148 367 60 68 3250 6134 1503 98 3028 103 66 136 284 268 151 50 3283 5392 99 64 94 83 330 287 749 172 148
leaf_count=5588 216 1872 329 6148 367 60 68 3250 6134 1503 98 3028 103 66 136 284 268 151 50 3283 5392 99 64 94 83 330 287 749 172 148
internal_value=-9.92368e-05 -0.114301 0.66891 -0.195171 1.04236 1.29195 0.698357 -0.259043 -0.304217 0.0847494 1.51235 0.418343 0.583065 -0.25246 0.487376 1.18682 1.59795 0.769192 -0.212454 -0.354095 -0.00218873 -0.435498 0.964194 0.821256 1.01579 1.97397 0.27931 0.525622 0.154271 -0.181405
internal_weight=40420 34527 5893 24552 2365 1369 996 18404 15154 9975 1040 3528 928 169 3164 612 328 759 8921 3333 6895 6233 608 544 450 428 3080 1036 2044 364
internal_count=40420 34527 5893 24552 2365 1369 996 18404 15154 9975 1040 3528 928 169 3164 612 328 759 8921 3333 6895 6233 608 544 450 428 3080 1036 2044 364
is_linear=0
shrinkage=0.03


Tree=76
num_leaves=31
num_cat=0
split_feature=10 11 14 15 7 0 7 17 5 16 14 8 25 5 4 14 7 5 22 17 11 5 2 12 25 4 5 7 8 16
split_gain=3.21084e+06 604513 601113 397470 242511 234978 179565 175354 161264 155792 146890 138019 123184 121768 125077 111010 109438 104915 102342 98191.1 98010.9 91247.5 104022 89849.3 88244.8 110796 87519.9 85198.9 84705.7 74771.1
threshold=202.42250000000004 320.91500000000002 131.75250000000003 258.53812500000009 5.5538194444444455 16.500000000000004 8.2968750000000018 4781.872980000001 57205.250000000007 2927.6437134969487 75.593750000000014 0.11250000000000002 628.70145833333345 57205.250000000007 54.500000000000007 602.50000000000011 7.6163194444444473 48802.812500000007 1.0000000180025095e-35 13652.565010000002 465.51500000000004 39805.437500000007 8.5000000000000018 302.37062500000008 444.56375000000008 94.500000000000014 59155.437500000007 8.1822916666666696 567.66875000000016 5721.6617484452063
decision_type=10 10 10 10 2 2 2 10 2 10 10 2 10 2 2 10 2 2 2 10 10 2 2 10 10 2 2 2 2 10
left_child=2 13 5 -3 11 8 7 17 9 10 19 -5 -13 16 -15 21 -2 18 -4 -1 -17 22 -6 29 25 -16 -8 28 -12 -19
right_child=1 3 6 4 15 -7 26 -9 -10 -11 27 12 -14 14 24 20 -18 23 -20 -21 -22 -23 -24 -25 -26 -27 -28 -29 -30 -31
leaf_value=-0.45921261714283923 0.34043078392062009 3.5490195178985595 0.044614165331034371 0.75768841384463215 0.5831379474372399 -0.048613186145433578 -0.46697040035061899 -0.21516947261887584 -0.054149734008010174 -0.48466446631501864 -0.11248227889118871 1.3497366448248347 2.5655274037473341 0.2388106750572721 1.4133856085378949 0.58334825925303224 -0.38946410901276624 0.23845414994754274 -1.1533070640701515 -1.9296253141335078 1.9441998954007498 0.56461966892739068 -1.5439042324732455 1.4704320481244255 -0.4406342873096466 0.68420044725434737 0.12327684436759521 -0.58634617096449171 -0.40092184915955437 -0.15670280332327077
leaf_weight=1697 1897 55 5128 345 40 6089 838 1540 2581 3490 5548 761 84 539 245 98 204 5106 64 41 94 643 41 50 49 813 309 450 1097 470
leaf_count=1697 1897 55 5128 345 40 6089 838 1540 2581 3490 5548 761 84 539 245 98 204 5106 64 41 94 643 41 50 49 813 309 450 1097 470
internal_value=0.00546204 0.651626 -0.105213 1.05116 0.984271 -0.205651 0.0509168 0.0842508 -0.269801 -0.31496 -0.247861 1.26678 1.47349 0.420986 0.614182 0.616282 0.269409 0.126891 0.0296286 -0.49499 1.25622 0.445076 -0.499211 0.216629 0.796571 0.854232 -0.30799 -0.187263 -0.160153 0.205124
internal_weight=40406 5908 34498 2161 2106 20993 13505 12358 14904 12323 8833 1190 845 3747 1646 916 2101 10818 5192 1738 192 724 81 5626 1107 1058 1147 7095 6645 5576
internal_count=40406 5908 34498 2161 2106 20993 13505 12358 14904 12323 8833 1190 845 3747 1646 916 2101 10818 5192 1738 192 724 81 5626 1107 1058 1147 7095 6645 5576
is_linear=0
shrinkage=0.03


Tree=77
num_leaves=31
num_cat=0
split_feature=11 11 11 22 7 7 15 5 13 9 7 4 7 8 4 5 1 4 11 15 17 8 4 9 5 15 5 5 4 25
split_gain=2.8351e+06 852832 370911 303175 300815 260045 223288 172733 152655 133430 130982 127796 127325 134830 121597 115683 110792 105474 104604 102520 100268 96180.5 92523.8 137836 88952.8 87542.1 82292.9 77948 77028.8 99935.1
threshold=161.08500000000004 343.72000000000008 63.455000000000005 1.0000000180025095e-35 6.4079861111111134 7.5781250000000009 284.98812500000003 52106.250000000007 202.49000000000004 524.65000000000009 8.0295138888888911 316.50000000000006 6.0607638888888902 600.33125000000018 242.50000000000003 39206.250000000007 1.5000000000000002 237.50000000000003 524.47500000000002 196.84062500000002 8002.3428800000011 728.91250000000014 122.50000000000001 -7.7899999999999991 40456.250000000007 458.07729166666678 57578.062500000007 57205.250000000007 180.50000000000003 444.56375000000008
decision_type=10 10 8 2 2 2 10 2 10 10 2 2 2 2 2 2 2 2 10 10 10 2 2 10 2 10 2 2 2 10
left_child=2 3 7 8 6 15 -3 12 10 16 11 24 13 -1 17 -4 18 -11 25 -10 -17 -21 23 -15 -2 -8 -7 -12 -18 -30
right_child=1 4 5 -5 -6 26 9 -9 19 14 27 -13 -14 22 -16 20 28 -19 -20 21 -22 -23 -24 -25 -26 -27 -28 -29 29 -31
leaf_value=-0.18034701915598567 -0.097272707516759899 3.2836768787540493 -0.18659623657185581 -0.77459862965819504 0.43575508610270647 -0.40383823509057654 1.3732600141807301 -0.068662546200262686 1.3823639040753757 1.7028304040431976 -0.50202543116304821 0.76850440119770547 -0.47550801872963211 -2.6344532526371092 0.93433565508402305 0.057508797298875869 -0.37836009227499667 3.1821648811903156 2.4026904307437849 0.58559084474472434 -0.41705431882184052 -0.89240474049637952 -0.41643156266132042 -0.68720568887837286 0.33205058699405154 -0.10626963340958882 -0.079728259874133692 0.17070281827496764 1.1370175583118742 0.29955240342766043
leaf_weight=5631 503 47 2349 219 547 2062 245 3450 144 176 278 537 3075 42 129 12477 48 60 78 1314 413 40 1083 142 3163 42 1072 348 395 191
leaf_count=5631 503 47 2349 219 547 2062 245 3450 144 176 278 537 3075 42 129 12477 48 60 78 1314 413 40 1083 142 3163 42 1072 348 395 191
internal_value=-0.00165755 0.484859 -0.13179 0.320459 1.03404 -0.0442056 1.2655 -0.251661 0.358479 1.19361 0.276304 0.336593 -0.314953 -0.243322 1.68573 0.0069838 1.0123 2.09077 1.42914 0.623019 0.0422725 0.541301 -0.522842 -1.14352 0.273134 1.15713 -0.293036 -0.128373 0.770446 0.865031
internal_weight=40300 8504 31796 6546 1958 18373 1411 13423 6327 1364 4829 4203 9973 6898 365 15239 999 236 365 1498 12890 1354 1267 184 3666 287 3134 626 634 586
internal_count=40300 8504 31796 6546 1958 18373 1411 13423 6327 1364 4829 4203 9973 6898 365 15239 999 236 365 1498 12890 1354 1267 184 3666 287 3134 626 634 586
is_linear=0
shrinkage=0.03


Tree=78
num_leaves=31
num_cat=0
split_feature=10 14 11 7 1 9 0 6 7 6 18 0 6 25 13 12 11 4 10 7 8 4 13 4 9 10 16 10 0 16
split_gain=2.83131e+06 726777 417041 247049 221747 194916 181223 150162 148818 137981 136107 270553 131574 130163 126007 146870 113498 110075 101563 94404.1 120011 89562.9 88620.3 88402.2 139756 87281.6 85725.2 78460.9 71518 70172.1
threshold=165.86750000000004 421.93000000000006 63.455000000000005 6.4565972222222241 1.5000000000000002 494.88000000000005 5.5000000000000009 6.2090308370044065 10.085069444444448 8.809030837004407 1.0000000180025095e-35 17.500000000000004 12.897356828193836 214.18333333333337 329.49500000000006 296.20833333333337 116.27500000000002 355.50000000000006 311.23000000000008 5.8906250000000027 600.33125000000018 206.50000000000003 268.29500000000007 134.50000000000003 -7.7899999999999991 236.68500000000003 11653.267558709189 410.50500000000005 6.5000000000000009 14040.386736227545
decision_type=10 10 8 2 2 10 2 2 2 2 2 2 2 10 10 10 10 2 10 2 2 2 10 2 10 10 10 10 2 10
left_child=2 8 7 16 6 -6 -3 -1 10 29 25 12 -12 -14 15 -8 -4 26 -13 20 -9 -17 -23 24 -22 -2 28 -16 -11 -5
right_child=1 4 3 9 5 -7 14 19 -10 17 11 18 13 -15 27 21 -18 -19 -20 -21 23 22 -24 -25 -26 -27 -28 -29 -30 -31
leaf_value=0.021560069202667075 0.35141029322696465 0.54649510203243845 -0.017994467326117716 0.090100644423908319 0.56648561204293679 1.2483911112513806 2.7706213223121381 -0.16654911897453728 -0.49888731506696116 -0.44565775163262561 0.13046554976589109 0.48291504356378157 -0.17441454993040001 -1.2506106700527835 1.8651278039813042 0.35226112442357199 0.17901805855877451 -1.0554860862493514 1.4877566321819038 -0.4001465007655981 -2.4922470302184423 1.9709149234698098 0.6382586388077055 -0.35724677712854841 -0.6574597655871639 0.66546098009991517 -0.63259441259215354 3.7334518895830424 -0.13292085960184064 -0.53873889696800092
leaf_weight=1558 2478 153 8909 1634 1265 539 65 5910 194 854 859 503 353 141 47 83 3734 159 110 4483 44 135 69 1084 229 1177 475 41 2865 176
leaf_count=1558 2478 153 8909 1634 1265 539 65 5910 194 854 859 503 353 141 47 83 3734 159 110 4483 44 135 69 1084 229 1177 475 41 2865 176
internal_value=0.000454436 0.497521 -0.126664 -0.0357166 0.937017 0.770804 1.44051 -0.255173 0.316227 -0.191438 0.344443 0.143061 -0.0938915 -0.483494 1.74944 1.48774 0.040201 -0.282954 0.665359 -0.291865 -0.225021 1.18858 1.52548 -0.479366 -0.961193 0.452697 -0.253422 2.76777 -0.204836 0.0286901
internal_weight=40326 8212 32114 18806 2397 1804 593 13308 5815 6163 5621 1966 1353 494 440 352 12643 4353 613 11750 7267 287 204 1357 273 3655 4194 88 3719 1810
internal_count=40326 8212 32114 18806 2397 1804 593 13308 5815 6163 5621 1966 1353 494 440 352 12643 4353 613 11750 7267 287 204 1357 273 3655 4194 88 3719 1810
is_linear=0
shrinkage=0.03


Tree=79
num_leaves=31
num_cat=0
split_feature=11 24 12 4 6 4 0 4 1 25 6 1 2 7 0 22 12 4 0 10 16 4 4 16 6 6 1 17 7 13
split_gain=2.78715e+06 630049 518295 255693 468159 408293 226877 182456 176625 180460 151341 143907 142622 136378 134818 124073 111939 110878 108702 108506 105736 102658 100228 90429.5 89810.7 87011 86343.8 96121.4 80327.8 76577.2
threshold=199.40500000000003 311.45500000000004 87.368645833333332 244.50000000000003 3.6354625550660802 222.50000000000003 16.500000000000004 215.50000000000003 4.5000000000000009 332.98166666666674 10.875110132158591 2.5000000000000004 5.5000000000000009 7.1753472222222241 5.5000000000000009 1.0000000180025095e-35 458.07729166666678 259.50000000000006 5.5000000000000009 -7.7899999999999991 3114.1481194819844 2.5000000000000004 68.500000000000014 7408.5596776926459 9.2546255506607942 28.970704845814982 1.0000000180025095e-35 7139.9820100000006 6.383680555555558 37.180000000000007
decision_type=10 8 10 2 2 2 2 2 2 10 2 2 2 2 2 2 10 2 2 8 10 2 2 10 2 2 2 10 2 10
left_child=2 15 6 4 -3 7 11 12 14 -10 21 20 16 26 -5 -2 22 -11 -7 -13 -1 -4 -6 -8 -21 -14 -12 -28 -26 -17
right_child=1 3 10 8 5 18 23 -9 9 17 13 19 25 -15 -16 29 -18 -19 -20 24 -22 -23 -24 -25 28 -27 27 -29 -30 -31
leaf_value=-0.077716282577488319 0.39134148465553598 4.3357055814252341 -1.2728245811462402 -0.26218364515574649 1.8357950108465941 1.0749284790953 0.0004960897734030828 -0.36811007351960451 1.478698173789091 0.38631143387626199 0.40649573397482869 -1.6716025782498445 1.0786055990770234 -0.37346469112209035 0.93255528695440848 0.33946051714032194 -1.0126631523066378 -1.3658288860374261 2.3015022376670937 -0.1548303399267098 -0.34187299140147598 0.16566654730625538 0.17705060317726998 -0.35518028173213456 -0.31628176154338705 2.3612176115107983 0.015797986601678301 -0.36457282793144374 -0.54761337936809074 -0.81910033888438194
leaf_weight=4669 3443 42 44 95 45 89 5365 104 42 50 443 54 565 1001 777 85 46 90 272 1932 1926 5935 115 730 4322 52 5297 673 1970 127
leaf_count=4669 3443 42 44 95 45 89 5365 104 42 50 443 54 565 1001 777 85 46 90 272 1932 1926 5935 115 730 4322 52 5297 673 1970 127
internal_value=0.00126621 0.595587 -0.103201 0.974933 1.25159 1.14773 -0.196316 0.812902 0.62498 -0.224068 0.0425838 -0.259485 0.962408 -0.0479773 0.802243 0.347956 0.277243 -0.741763 2.00291 -0.342778 -0.154901 0.154869 0.652077 -0.0421547 -0.33385 1.19035 0.00287804 -0.0271352 -0.388786 -0.35517
internal_weight=40400 6039 34361 2384 1330 1288 20968 927 1054 182 13393 14873 823 7414 872 3655 206 140 361 8278 6595 5979 160 6095 8224 617 6413 5970 6292 212
internal_count=40400 6039 34361 2384 1330 1288 20968 927 1054 182 13393 14873 823 7414 872 3655 206 140 361 8278 6595 5979 160 6095 8224 617 6413 5970 6292 212
is_linear=0
shrinkage=0.03


Tree=80
num_leaves=31
num_cat=0
split_feature=14 11 15 14 1 14 0 16 8 0 23 12 14 4 5 14 5 7 7 16 13 4 12 4 13 4 15 4 14 25
split_gain=2.57675e+06 618209 447199 403580 275195 236126 201438 167653 169331 159880 132739 157608 182588 124210 119132 106326 101367 131240 98049.8 109169 205839 103637 120319 169162 162237 128513 109156 97232.6 99262.5 108903
threshold=243.49875000000003 320.91500000000002 258.53812500000009 115.84000000000002 1.0000000180025095e-35 640.34000000000003 16.500000000000004 5519.7222734008838 521.76875000000007 5.5000000000000009 6.5000000000000009 443.54708333333343 508.52000000000004 272.50000000000006 52400.500000000007 75.593750000000014 47700.375000000007 8.2968750000000018 7.4739583333333348 7.807258156655684 75.155000000000015 321.50000000000006 343.15729166666671 182.50000000000003 190.41000000000005 164.50000000000003 284.98812500000003 180.50000000000003 294.89000000000004 444.56375000000008
decision_type=10 10 10 10 2 10 2 10 2 2 2 10 10 2 2 10 2 2 2 10 10 2 10 2 10 2 10 2 10 10
left_child=3 18 -3 6 9 10 14 8 16 -5 27 12 -12 -7 15 -1 17 -6 19 20 -2 22 23 25 -25 -22 -23 -4 -29 -30
right_child=1 2 5 4 7 13 -8 -9 -10 -11 11 -13 -14 -15 -16 -17 -18 -19 -20 -21 21 26 -24 24 -26 -27 -28 28 29 -31
leaf_value=-0.50278310479294352 1.7967862074046406 3.6861565304834105 0.23054844272878328 -0.13920710200032821 -0.032009461554852285 1.5512823090372665 -0.053310130244096893 -0.30738648268623431 -0.32587121705258182 0.47954428767802293 0.29282562023246445 1.345717573080744 -1.5555054956930023 -0.031512863105535506 -0.12906708676636747 -0.2717526179024794 0.11475318768814292 -0.71801151976917565 -0.025902742661278823 -0.062283281304221602 0.30467755554825343 0.87680225092952502 0.76967204326376215 0.056797500852196703 -1.1177109287242133 1.1116759960636495 0.023708835098849131 -0.070417113740529336 1.1663153541091789 0.39994753002333389
leaf_weight=2618 96 51 217 502 5500 494 4798 1998 1381 1490 153 69 69 49 3201 5705 5744 262 608 449 1604 641 446 635 126 199 171 83 808 212
leaf_count=2618 96 51 217 502 5500 494 4798 1998 1381 1490 153 69 69 49 3201 5705 5744 262 608 449 1604 641 446 635 126 199 171 83 808 212
internal_value=0.00115134 0.516434 0.934489 -0.110302 -0.00743597 0.867657 -0.216659 -0.0517589 -0.0121057 0.323622 0.684549 0.104144 -0.286055 1.40866 -0.284658 -0.344475 0.0255789 -0.0633214 0.330995 0.380679 0.431445 0.39669 0.315364 0.236069 -0.138879 0.394314 0.697398 0.812326 0.92647 1.00758
internal_weight=40379 7180 2205 33199 16877 2154 16322 14885 12887 1992 1611 291 222 543 11524 8323 11506 5762 4975 4367 3918 3822 3010 2564 761 1803 812 1320 1103 1020
internal_count=40379 7180 2205 33199 16877 2154 16322 14885 12887 1992 1611 291 222 543 11524 8323 11506 5762 4975 4367 3918 3822 3010 2564 761 1803 812 1320 1103 1020
is_linear=0
shrinkage=0.03


Tree=81
num_leaves=31
num_cat=0
split_feature=10 11 9 1 7 16 8 0 0 14 7 5 1 25 11 4 10 22 16 1 14 5 8 4 7 1 5 5 11 13
split_gain=2.31746e+06 485776 406676 175133 172412 168628 169941 164552 158361 130895 123149 115550 102354 100976 99731.9 109216 136535 90471.2 87308.8 84405.8 80960 80344.9 135254 128655 86768.4 72332.4 71761.8 70512.7 69084.5 68446.1
threshold=202.42250000000004 94.975000000000009 427.87500000000006 1.5000000000000002 6.5746527777777795 6323.1626330021836 481.96875000000006 5.5000000000000009 17.500000000000004 115.84000000000002 6.4809027777777795 59750.562500000007 1.5000000000000002 373.22166666666675 311.17500000000007 212.50000000000003 286.9550000000001 1.0000000180025095e-35 11653.267558709189 3.5000000000000004 47.195 45400.437500000007 595.52500000000009 259.50000000000006 6.7100694444444464 1.0000000180025095e-35 58306.250000000007 37403.812500000007 199.40500000000003 6.1237500000000011
decision_type=10 10 10 2 2 10 2 2 2 10 2 2 2 10 10 2 10 2 10 2 8 2 2 2 2 2 2 2 10 10
left_child=1 5 3 7 12 6 9 -2 13 20 14 17 28 -4 -9 16 -16 18 -6 -8 -1 22 23 -5 -25 -11 -7 -22 -3 -13
right_child=2 4 8 21 11 26 19 10 -10 25 -12 29 -14 -15 15 -17 -18 -19 -20 -21 27 -23 -24 24 -26 -27 -28 -29 -30 -31
leaf_value=-0.47964750353420316 0.090097390634455085 0.2105148539569407 -0.082800670175841362 0.431254688646317 -0.10793851549124275 -0.47631896890379516 -0.20160536468548665 0.8211487488730026 1.5768811492417609 0.35528231041671166 0.47217981655039998 0.69213058457536214 0.057174061826042295 0.95257755344211692 3.5485303404808044 1.1978231256066456 1.2012767310034145 -0.8643569009768014 -0.68889486145300627 -0.50100742363319384 -0.32685261689396583 0.42341911466805437 -1.0782727229670632 -0.012509854658495021 -1.1723367641111471 -0.023884532057863322 -0.067524801993829389 -0.11012266692403233 0.59786385323658586 0.051257328929483585
leaf_weight=708 253 2437 98 716 2482 2162 1845 277 371 495 302 176 5501 620 49 183 43 175 256 1570 1630 2607 78 236 76 5199 471 7886 499 984
leaf_count=708 253 2437 98 716 2482 2162 1845 277 371 495 302 176 5501 620 49 183 43 175 256 1570 1630 2607 78 236 76 5199 471 7886 499 984
internal_value=0.00102533 -0.0930629 0.549905 0.431443 0.0561546 -0.178043 -0.147353 0.76256 1.07335 -0.106143 0.961441 -0.104121 0.133532 0.81134 1.22778 1.63291 2.47616 -0.204936 -0.162489 -0.339358 -0.170338 0.332544 0.118149 0.209888 -0.297875 0.00913441 -0.403246 -0.147277 0.276529 0.149006
internal_weight=40385 34476 5909 4820 12510 21966 19333 1107 1089 15918 854 4073 8437 718 552 275 92 2913 2738 3415 10224 3713 1106 1028 312 5694 2633 9516 2936 1160
internal_count=40385 34476 5909 4820 12510 21966 19333 1107 1089 15918 854 4073 8437 718 552 275 92 2913 2738 3415 10224 3713 1106 1028 312 5694 2633 9516 2936 1160
is_linear=0
shrinkage=0.03


Tree=82
num_leaves=31
num_cat=0
split_feature=11 11 14 22 15 14 1 8 0 0 5 7 8 13 7 1 8 14 7 5 9 25 13 7 7 14 15 17 17 10
split_gain=2.18038e+06 740624 298060 244203 232157 240492 173996 189828 165842 120981 120727 131456 124969 118735 118687 113489 113643 112734 112187 105949 96674.9 107289 91428.9 87216.3 87065.8 84355.4 121657 84150.7 82321.2 79058.6
threshold=155.02500000000001 353.44500000000005 115.84000000000002 1.0000000180025095e-35 277.52729166666671 602.50000000000011 1.0000000180025095e-35 259.94375000000008 16.500000000000004 5.5000000000000009 47504.500000000007 8.2968750000000018 616.08750000000009 298.67500000000001 9.4496527777777803 2.5000000000000004 0.11250000000000002 196.57500000000002 5.4913194444444473 49706.250000000007 321.3250000000001 461.83645833333338 60.520000000000003 7.8975694444444464 5.9114583333333348 735.36000000000001 552.14062500000011 14658.218295000004 2028.1355000000005 494.7000000000001
decision_type=10 10 10 2 10 10 2 2 2 2 2 2 2 10 2 2 2 10 2 2 10 10 10 2 2 10 10 8 10 10
left_child=2 3 8 10 -3 18 9 14 19 -4 11 12 13 -2 -8 16 -7 -11 -6 24 22 -22 27 -24 28 -17 -27 -12 -1 -18
right_child=1 4 6 -5 5 15 7 -9 -10 17 20 -13 -14 -15 -16 25 29 -19 -20 -21 21 -23 23 -25 -26 26 -28 -29 -30 -31
leaf_value=-0.16816129141110556 0.15672548887285156 3.1893370914459229 -0.11806278268180259 -0.72478337293412065 0.94095103531339708 0.98248631569317413 0.034749456607165677 -0.23694554662036732 -0.053863369636883693 0.36421452020059303 0.27058354213181451 -0.99500843546787887 -0.77554740012954859 0.94325065694200361 -0.50112435641676878 0.55121237061917783 1.7096897843778134 1.4038161557742528 0.35270395571375501 -0.14571556145954348 0.89885189747787075 -0.46662748917423447 0.3527126763504152 -0.059416618810296258 -0.46387560025881008 2.3877244871358076 0.55512473965604459 1.05380882550607 -0.44808280005125928 2.9733248193731789
leaf_weight=3137 1911 40 451 212 586 104 9584 3728 4583 904 216 89 117 189 386 181 119 104 584 4140 511 57 3029 545 2889 71 61 290 1354 78
leaf_count=3137 1911 40 451 212 586 104 9584 3728 4583 904 216 89 117 189 386 181 119 104 584 4140 511 57 3029 545 2889 71 61 290 1354 78
internal_value=0.00176382 0.413473 -0.116648 0.27602 0.953043 0.901143 -0.0211625 -0.054342 -0.206518 0.290172 0.30663 0.12909 0.174645 0.227928 0.0139543 1.3819 1.79873 0.47276 0.647882 -0.267238 0.394666 0.761244 0.343458 0.289868 -0.33538 0.976607 1.55138 0.720661 -0.252636 2.2225
internal_weight=40250 8990 31260 7166 1824 1784 15157 13698 16103 1459 6954 2306 2217 2100 9970 614 301 1008 1170 11520 4648 568 4080 3574 7380 313 132 506 4491 197
internal_count=40250 8990 31260 7166 1824 1784 15157 13698 16103 1459 6954 2306 2217 2100 9970 614 301 1008 1170 11520 4648 568 4080 3574 7380 313 132 506 4491 197
is_linear=0
shrinkage=0.03


Tree=83
num_leaves=31
num_cat=0
split_feature=11 14 17 7 5 1 6 5 22 14 16 14 7 7 11 12 11 6 17 4 16 5 8 0 1 25 12 7 14 4
split_gain=2.15635e+06 627265 280001 241893 220691 181999 276814 171435 172321 151728 126870 127873 123480 104491 101570 169883 95007 93388.1 95715.9 104782 78438.2 73256.2 80165.6 70922.8 96326.3 67947.1 109249 90545.4 223345 107904
threshold=155.02500000000001 421.93000000000006 4498.0345450000013 8.9635416666666696 40906.250000000007 1.5000000000000002 0.39052863436123347 35821.687500000007 1.0000000180025095e-35 640.34000000000003 3271.2638164972695 166.64500000000001 8.0295138888888911 5.2656250000000009 524.47500000000002 364.06333333333345 279.11000000000007 31.153744493392079 14452.339930000002 126.50000000000001 3488.4247647492866 46400.687500000007 297.09375000000006 5.5000000000000009 1.0000000180025095e-35 461.83645833333338 417.90270833333335 6.3072916666666687 508.52000000000004 222.50000000000003
decision_type=10 10 10 2 2 2 2 2 2 10 8 10 2 2 10 10 10 2 10 2 8 2 2 2 2 10 10 2 10 2
left_child=2 7 3 4 13 6 -3 -2 12 25 -6 23 16 -1 -8 -16 21 18 20 -20 -4 22 -9 -12 -25 26 27 29 -29 -7
right_child=1 5 17 -5 10 9 14 8 -10 -11 11 -13 -14 -15 15 -17 -18 -19 19 -21 -22 -23 -24 24 -26 -27 -28 28 -30 -31
leaf_value=-0.095798430183868827 -0.68920925981365133 3.4514495281130073 -0.20705648507466878 -0.39176668420546046 0.16420402649957253 0.0086272416260492601 0.8599074211163088 0.23120259474492566 -0.447403329106909 1.1021183955103275 -0.2267526504802162 0.15882016880073324 -0.021519079528087692 -0.34206718939947434 0.38284894487437077 2.576935434716471 0.68268145696679627 0.18467671473194094 -1.9738153346776963 -0.59314136943190676 -0.46096051546456873 0.39425967369456638 -0.4054408652870588 0.17114619288991412 -0.08445449563130969 -0.29134469648624989 1.0300615767585981 0.42930324130531011 -1.8161153653751718 0.82352086229113974
leaf_weight=3476 167 47 2556 2052 3458 223 462 1084 278 507 2335 2464 844 2800 50 88 747 308 59 293 1919 3203 212 1586 8099 93 310 144 54 424
leaf_count=3476 167 47 2556 2052 3458 223 462 1084 278 507 2335 2464 844 2800 50 88 747 308 59 293 1919 3203 212 1586 8099 93 310 144 54 424
internal_value=-0.0017124 0.409416 -0.118718 -0.0791067 -0.0525998 0.823891 1.25413 0.25697 0.281887 0.664653 0.000964546 -0.0380169 0.315246 -0.205707 1.07656 1.79045 0.369421 -0.321307 -0.353625 -0.829497 -0.316016 0.317268 0.126828 -0.0783767 -0.0425844 0.486192 0.548997 0.371503 -0.189133 0.5431
internal_weight=40342 8937 31405 26270 24218 2402 647 6535 6368 1755 17942 14484 6090 6276 600 138 5246 5135 4827 352 4475 4499 1296 12020 9685 1248 1155 845 198 647
internal_count=40342 8937 31405 26270 24218 2402 647 6535 6368 1755 17942 14484 6090 6276 600 138 5246 5135 4827 352 4475 4499 1296 12020 9685 1248 1155 845 198 647
is_linear=0
shrinkage=0.03


Tree=84
num_leaves=31
num_cat=0
split_feature=11 11 15 11 14 7 22 6 7 16 25 7 8 17 14 17 16 1 14 2 11 8 23 1 12 14 18 0 2 14
split_gain=2.00049e+06 589657 320507 275181 267661 204396 201803 122254 119681 119436 113546 133877 107354 94854.1 90063.2 89947.6 89933.7 96461.5 86349.4 85115.4 81179.3 79412 77002.7 82861.8 72105.1 87284.4 72943.9 107647 78618.3 68328.6
threshold=161.08500000000004 320.91500000000002 258.53812500000009 58.285000000000004 640.34000000000003 8.9635416666666696 1.0000000180025095e-35 6.2090308370044065 8.0295138888888911 6711.4942210718118 461.83645833333338 6.4079861111111134 0.11250000000000002 9413.4509300000009 81.520000000000024 15045.638720000001 3670.9450785532295 1.0000000180025095e-35 155.64000000000001 10.500000000000002 570.0150000000001 178.96250000000003 2.5000000000000004 3.5000000000000004 343.15729166666671 693.2650000000001 1.0000000180025095e-35 17.500000000000004 6.5000000000000009 451.89500000000004
decision_type=10 10 10 8 10 2 2 2 2 10 10 2 2 10 10 10 10 2 10 2 10 2 2 2 10 10 2 2 2 10
left_child=3 6 -3 7 10 9 8 -1 19 13 11 20 -6 18 15 -9 17 -16 -5 24 -4 -19 23 -14 26 -26 -2 28 -28 -13
right_child=1 2 4 5 12 -7 -8 14 -10 -11 -12 29 22 -15 16 -17 -18 21 -20 -21 -22 -23 -24 -25 25 -27 27 -29 -30 -31
leaf_value=0.043556143539636452 0.31006150217339529 3.0433977393100133 0.79298245640689435 -0.020034400051478763 0.80809800917940111 -0.38128151945982441 -0.72440340382153867 -0.35977756173282194 -0.075033625871681178 -0.25187175902667869 -0.25906213045453846 0.48366080336987449 1.7577106223475765 -0.4797773007000255 0.26480640373388642 -1.7412017966425695 -0.39507927926550018 -0.046660980190557914 0.1342906812366918 0.58340639791222004 1.9456570985761739 -0.28538222702423466 2.7572196502055761 0.47717414253950119 0.82776642600695294 -0.40272901826095381 -0.021188932854507191 0.45952044988394652 -0.7894113601916809 -0.25152201000336677
leaf_weight=1392 2918 56 948 11517 203 1453 182 3616 722 1687 133 429 212 343 491 42 1545 2328 4552 1016 58 2719 52 59 359 60 446 308 163 154
leaf_count=1392 2918 56 948 11517 203 1453 182 3616 722 1687 133 429 212 343 491 42 1545 2328 4552 1016 58 2719 52 59 359 60 446 308 163 154
internal_value=0.000804275 0.41009 0.819561 -0.108718 0.762835 -0.039069 0.257177 -0.220944 0.287107 -0.0115764 0.581316 0.651775 1.35485 0.0131375 -0.255223 -0.37611 -0.192747 -0.136239 0.0236882 0.336726 0.861305 -0.1753 1.69492 1.4817 0.277686 0.651022 0.236738 0.00332996 -0.227762 0.289363
internal_weight=40163 8478 2304 31685 2248 19552 6174 12133 5992 18099 1722 1589 526 16412 10741 3658 7083 5538 16069 5270 1006 5047 323 271 4254 419 3835 917 609 583
internal_count=40163 8478 2304 31685 2248 19552 6174 12133 5992 18099 1722 1589 526 16412 10741 3658 7083 5538 16069 5270 1006 5047 323 271 4254 419 3835 917 609 583
is_linear=0
shrinkage=0.03


Tree=85
num_leaves=31
num_cat=0
split_feature=10 11 15 11 6 16 7 6 18 6 22 4 25 14 25 0 23 18 7 0 12 14 14 12 25 25 4 16 16 4
split_gain=1.91805e+06 644227 320330 251252 219467 183553 140377 126028 121969 102801 98472.6 98659.8 97802.5 93911.4 99328.8 93525.8 151368 86284.1 112895 79734.5 76851.9 85256.9 95168.1 85036.9 88430.9 72722.2 140308 70881.5 70272 68987.2
threshold=150.00500000000002 320.91500000000002 258.53812500000009 58.285000000000004 17.72004405286344 12861.586714732328 8.1822916666666696 5.2376651982378855 1.0000000180025095e-35 6.2090308370044065 1.0000000180025095e-35 317.50000000000006 146.77458333333337 602.50000000000011 444.56375000000008 5.5000000000000009 1.5000000000000002 1.0000000180025095e-35 4.5954861111111134 6.5000000000000009 343.15729166666671 387.40500000000003 421.93000000000006 458.07729166666678 409.80145833333341 332.98166666666674 245.50000000000003 1453.3641100064501 4265.4523151426392 190.50000000000003
decision_type=10 10 10 8 2 10 2 2 2 2 2 2 10 10 10 2 2 2 2 2 10 10 10 10 10 10 2 8 10 2
left_child=3 6 -3 9 17 8 10 -8 15 -1 11 20 -13 14 -6 -5 -17 18 -4 -14 21 28 29 24 -22 -19 -27 -11 -2 -23
right_child=1 2 4 5 13 -7 7 -9 -10 27 -12 12 19 -15 -16 16 -18 25 -20 -21 23 22 -24 -25 -26 26 -28 -29 -30 -31
leaf_value=0.028075701522810213 0.26266240554874143 3.081787042834542 1.1061606222441356 -0.12858604793247133 1.0101904321879389 -0.54987301222556961 0.69703247379239008 -0.36295120974695505 -0.17121729454716189 -0.10872775949389317 -0.82587046682834619 -0.38902096564682676 0.23326347278941145 1.3740476087155389 0.053048188447952269 -0.0069813529573296276 0.25998294238352415 0.91532978232949969 0.37104930785300666 0.84008491517654771 0.64274177498806018 -0.10808243952299419 0.24646925509885978 -0.20081121624811835 2.0710717306137085 0.67995271528440138 -1.1718706705020023 -0.296008921607956 -0.24315333077357013 -1.5098787339419535
leaf_weight=1297 4442 54 266 3259 459 633 122 563 4257 2333 71 88 282 489 124 8249 2487 47 642 637 312 56 130 91 44 61 90 8277 261 72
leaf_count=1297 4442 54 266 3259 459 633 122 563 4257 2333 71 88 282 489 124 8249 2487 47 642 637 312 56 130 91 44 61 90 8277 261 72
internal_value=-0.00158664 0.373408 0.818398 -0.116108 0.760892 -0.0480574 0.234808 -0.173425 -0.0306247 -0.224025 0.277942 0.290286 0.562862 1.06673 0.807052 0.01215 0.0548795 0.46376 0.587381 0.654334 0.239436 0.205403 -0.324689 0.615852 0.824584 -0.103253 -0.424231 -0.254842 0.234546 -0.902185
internal_weight=40195 9403 2232 30792 2178 18885 7171 685 18252 11907 6486 6415 1007 1072 583 13995 10736 1106 908 919 5408 4961 258 447 356 198 151 10610 4703 128
internal_count=40195 9403 2232 30792 2178 18885 7171 685 18252 11907 6486 6415 1007 1072 583 13995 10736 1106 908 919 5408 4961 258 447 356 198 151 10610 4703 128
is_linear=0
shrinkage=0.03


Tree=86
num_leaves=31
num_cat=0
split_feature=10 14 17 7 1 6 25 4 25 14 7 18 0 6 25 6 14 16 18 0 0 10 8 0 1 16 6 17 4 10
split_gain=1.73931e+06 500520 257022 201700 188564 163353 153625 135141 132651 130147 124841 115057 191528 108259 99067.7 97870.4 96029.1 94335.6 86333.9 102791 75923.6 74888.9 74771.8 73920 97978.1 68003.5 67946.7 72690.9 106062 67943.6
threshold=150.00500000000002 421.93000000000006 4447.3172450000011 5.5329861111111134 1.5000000000000002 8.809030837004407 628.70145833333345 355.50000000000006 444.56375000000008 640.34000000000003 9.7170138888888911 1.0000000180025095e-35 17.500000000000004 12.368722466960355 214.18333333333337 3.0158590308370052 142.04500000000004 4265.4523151426392 1.0000000180025095e-35 6.5000000000000009 16.500000000000004 447.30500000000006 6.6000000000000014 5.5000000000000009 1.0000000180025095e-35 6477.5529211865151 32.259691629955952 15045.638720000001 126.50000000000001 311.23000000000008
decision_type=10 10 10 2 2 2 10 2 10 10 2 2 2 2 10 2 10 10 2 2 2 10 2 2 2 8 2 10 2 10
left_child=2 10 3 16 6 25 8 18 15 -6 11 17 13 -13 -15 -3 20 23 19 -7 -1 -10 -17 -2 -25 -5 27 -4 -29 -14
right_child=1 4 26 5 9 7 -8 -9 21 -11 -12 12 29 14 -16 22 -18 -19 -20 -21 -22 -23 -24 24 -26 -27 -28 28 -30 -31
leaf_value=-0.087440919666882444 0.11191729896608017 2.7449857514403586 -0.29759980320264046 0.2769781704694681 0.41381233902708175 -0.31779884370760769 2.9181949579438498 -0.87115229062338317 0.12001596594756504 0.98401712125838725 -0.35863943026568285 0.10298810803191781 0.38047315504981943 -0.18661345475934671 -1.0586287474042022 0.68803174270021494 0.15055088425818844 -0.26796077939001628 -0.3453990124754493 -0.05696652754553775 0.10812768194976416 1.49635093751161 1.6098534011608754 0.76764883808072815 0.35837953455308991 -0.050156548804049982 0.24271461423883581 -2.1886453897612435 -0.54752263188645056 1.2434918742807288
leaf_weight=6770 773 42 4640 688 1301 2010 42 280 158 499 312 1006 622 494 153 144 3409 214 2671 4201 2426 45 182 652 2746 3364 196 41 236 94
leaf_count=6770 773 42 4640 688 1301 2010 42 280 158 499 312 1006 622 494 153 144 3409 214 2671 4201 2426 45 182 652 2746 3364 196 41 236 94
internal_value=-0.00081237 0.354701 -0.109766 -0.0712767 0.727668 -0.153167 1.18208 -0.223308 1.0495 0.572344 0.22725 0.254364 0.0858536 -0.0917131 -0.39414 1.38862 0.0145758 0.345362 -0.202789 -0.141414 -0.0358418 0.430954 1.20602 0.376886 0.437112 0.00544317 -0.304073 -0.325914 -0.797432 0.495351
internal_weight=40411 9479 30932 25819 2413 13214 613 9162 571 1800 7066 6754 2369 1653 647 368 12605 4385 8882 6211 9196 203 326 4171 3398 4052 5113 4917 277 716
internal_count=40411 9479 30932 25819 2413 13214 613 9162 571 1800 7066 6754 2369 1653 647 368 12605 4385 8882 6211 9196 203 326 4171 3398 4052 5113 4917 277 716
is_linear=0
shrinkage=0.03


Tree=87
num_leaves=31
num_cat=0
split_feature=11 14 14 1 15 18 16 14 25 22 8 7 11 15 5 8 9 16 4 7 8 15 5 7 4 8 2 12 12 24
split_gain=1.74415e+06 370750 338414 253956 311137 165128 149410 139604 134203 126696 121693 115544 109455 105928 98948.3 83000.8 78726.5 76029.8 77137.3 74484.8 70586.6 70045.2 69311.2 95151.1 113490 68113.8 66724.6 66179 63885.1 62708
threshold=199.40500000000003 153.08500000000004 421.93000000000006 1.5000000000000002 258.53812500000009 1.0000000180025095e-35 4089.7144226249366 640.34000000000003 628.70145833333345 1.0000000180025095e-35 132.24375000000003 9.2065972222222268 86.938750000000013 159.81479166666671 51339.125000000007 8.9562500000000025 -23.451249999999998 1264.6618308729244 8.5000000000000018 6.8732638888888902 268.89375000000007 331.09791666666672 46400.687500000007 7.1406250000000027 144.50000000000003 526.26875000000018 3.5000000000000004 83.088593750000015 302.37062500000008 260.5800000000001
decision_type=10 10 10 2 10 2 10 10 10 2 2 2 8 10 2 2 8 8 2 2 2 10 2 2 2 2 2 10 10 10
left_child=1 5 9 4 -4 12 11 26 15 22 19 14 17 -14 27 -6 -12 -1 -19 -7 -8 -9 25 24 28 -2 -5 -3 -24 -29
right_child=2 6 3 7 8 10 20 21 -10 -11 16 -13 13 -15 -16 -17 -18 18 -20 -21 -22 -23 23 -25 -26 -27 -28 29 -30 -31
leaf_value=0.065645417087015517 0.16379996943950331 0.56869835694443505 3.2306705286686235 -0.77426277824612555 0.5039438310885429 -0.087689578376312458 -0.1196383614757926 -0.2020808341886316 2.6989456687322475 -0.39292139046255187 -1.4771884921243634 -0.49169674466878294 0.044861305584090488 -0.73091287463812005 0.26795518414863806 1.2476206410396535 -0.36994876906851631 0.43868899965739766 -0.18180337809956246 -0.34122040791681252 -0.7164674124240874 1.0870354187746174 0.252628986534014 0.14787679856718833 0.7867207894480811 -1.0018503398820757 0.4303288873584758 0.037416128374116273 1.3549973609447479 -1.0889681781927742
leaf_weight=1423 752 211 64 42 249 3857 863 41 40 226 58 258 5626 162 3580 300 3157 183 9195 1429 224 463 908 835 853 47 1180 3873 49 44
leaf_count=1423 752 211 64 42 249 3857 863 41 40 226 58 258 5626 162 3580 300 3157 183 9195 1429 224 463 908 835 853 47 1180 3873 49 44
internal_value=0.00522448 -0.0779621 0.474698 0.753358 1.25714 -0.137343 0.0866066 0.562144 1.03759 0.293907 -0.244849 0.131632 -0.0822405 0.0230257 0.152557 0.911854 -0.390377 -0.138647 -0.16965 -0.15628 -0.243173 0.981974 0.339079 0.413029 0.535201 0.0940657 0.388328 0.0524366 0.310428 0.0244886
internal_weight=40192 34143 6049 2379 653 25090 9053 1726 589 3670 8501 7966 16589 5788 7708 549 3215 10801 9378 5286 1087 504 3444 2645 1810 799 1222 4128 957 3917
internal_count=40192 34143 6049 2379 653 25090 9053 1726 589 3670 8501 7966 16589 5788 7708 549 3215 10801 9378 5286 1087 504 3444 2645 1810 799 1222 4128 957 3917
is_linear=0
shrinkage=0.03


Tree=88
num_leaves=31
num_cat=0
split_feature=12 11 24 18 6 1 14 1 12 25 10 13 17 10 8 4 23 8 13 15 9 8 6 5 25 14 12 5 4 25
split_gain=1.61204e+06 450988 324936 156126 149724 140886 108766 137428 103166 101383 148706 98764.5 98345.7 85815 84125.9 78622.3 95173.7 124964 88385.4 79511.6 77280 72208.9 110286 102591 76349.4 159149 107649 111066 183047 102785
threshold=237.64000000000001 99.80125000000001 466.00500000000005 1.0000000180025095e-35 7.6627753303964772 1.5000000000000002 75.593750000000014 1.0000000180025095e-35 112.52760416666668 461.83645833333338 447.30500000000006 139.51500000000001 13935.830234999999 427.46000000000009 222.76875000000004 348.50000000000006 2.5000000000000004 0.11250000000000002 94.075000000000017 296.20833333333337 160.49500000000003 673.72500000000002 21.058810572687229 45903.437500000007 444.56375000000008 602.50000000000011 417.90270833333335 56456.250000000007 267.50000000000006 296.20833333333337
decision_type=10 10 10 2 2 2 10 2 10 10 10 10 10 10 2 2 2 2 10 10 8 2 2 2 10 10 10 2 2 10
left_child=1 4 11 15 -1 9 12 8 -8 -4 -11 -2 -6 -7 -9 16 19 -18 -19 -3 -5 22 24 -23 25 26 27 28 -13 -30
right_child=2 3 5 20 6 13 7 14 -10 10 -12 21 -14 -15 -16 -17 17 18 -20 -21 -22 23 -24 -25 -26 -27 -28 -29 29 -31
leaf_value=0.022709486422418608 1.4800781390480697 0.0943039153157611 2.8926019548599062 -0.2181206501249866 -0.29705069068577256 -0.281890552846285 0.071131715532883041 -0.10721016007604256 1.2816199243881485 0.44827981263399125 2.4812390261989528 0.36642337834435657 -1.7080618480841316 1.0033554593689231 -0.25920035921914497 -0.2335775350075629 0.063310428731241597 0.38597186120743182 0.98001524220813407 0.95908923560388615 0.094794105342051363 -1.1793854783792963 0.94192437170424936 0.38810586108845108 -0.17950048075639641 1.8055114653043141 1.2611451819539068 0.53723051429150115 -0.10482455304146862 -1.2376196626222358
leaf_weight=4176 79 7155 57 1979 4051 51 1593 7937 65 73 58 831 44 514 5585 485 896 948 296 96 1107 60 354 97 203 72 119 1239 226 105
leaf_count=4176 79 7155 57 1979 4051 51 1593 7937 65 73 58 831 44 514 5585 485 896 948 296 96 1107 60 354 97 203 72 119 1239 226 105
internal_value=0.00211806 -0.0616512 0.563145 0.0803553 -0.140142 1.12653 -0.175424 -0.138394 0.119331 1.83776 1.36035 0.437522 -0.312625 0.887049 -0.170001 0.138554 0.157795 0.333555 0.527993 0.105884 -0.105879 0.412169 0.443477 -0.214608 0.380032 0.423906 0.383731 0.339737 0.128875 -0.466816
internal_weight=40551 36413 4138 12962 23451 753 19275 15180 1658 188 131 3385 4095 565 13522 9876 9391 2140 1244 7251 3086 3306 3149 157 2795 2592 2520 2401 1162 331
internal_count=40551 36413 4138 12962 23451 753 19275 15180 1658 188 131 3385 4095 565 13522 9876 9391 2140 1244 7251 3086 3306 3149 157 2795 2592 2520 2401 1162 331
is_linear=0
shrinkage=0.03


Tree=89
num_leaves=31
num_cat=0
split_feature=12 11 24 17 5 16 6 18 1 13 12 10 1 0 16 23 4 4 13 5 5 10 0 16 8 15 12 13 4 16
split_gain=1.59032e+06 448947 233458 182748 143836 158102 138860 120863 107692 117648 98847.2 90976.4 105471 88487.7 96101.2 85672.5 95245.7 80178.6 77756.3 120473 76987.2 100646 76538.1 69656.7 68978.7 68638.9 75081 67319.5 63206.3 63170
threshold=237.64000000000001 117.28500000000001 466.00500000000005 4447.3172450000011 39206.250000000007 4049.6517849450261 2.1011013215859031 1.0000000180025095e-35 1.5000000000000002 139.51500000000001 86.420260416666693 410.50500000000005 1.5000000000000002 5.5000000000000009 4300.3608812364073 2.5000000000000004 344.50000000000006 357.50000000000006 293.64000000000004 42950.750000000007 44300.437500000007 -7.7899999999999991 17.500000000000004 3229.8507425844905 7.3812500000000005 277.52729166666671 302.37062500000008 89.110000000000028 24.500000000000004 2896.0343152156129
decision_type=10 10 8 10 2 8 2 2 2 10 10 10 2 2 10 2 2 2 10 2 2 10 2 8 2 10 10 10 2 10
left_child=1 3 8 4 29 -6 -4 13 9 -2 -7 -8 24 -3 15 -15 28 18 19 -10 21 -5 27 -22 -13 26 -21 -9 -17 -1
right_child=2 7 6 20 5 10 11 22 17 -11 -12 12 -14 14 -16 16 -18 -19 -20 25 23 -23 -24 -25 -26 -27 -28 -29 -30 -31
leaf_value=-0.172920502135607 2.3035338081632339 -0.061680843075567877 2.7465057828513584 -1.9364501845182442 0.1256149952625317 -0.14803645992291864 0.10357108081921491 -0.50406294265655194 -0.22212402047873916 0.66942510597488303 0.026635141210767366 0.93855252620650498 0.89626482825185494 0.20406823633848925 -0.070729854775234233 1.2436094726373752 -0.62231230080127709 -0.95833567212267612 0.66674396594536711 0.38633687225558266 -0.091959393356942407 -0.42709152963551711 0.15223642013729974 -0.36178939072130445 2.5568750422734481 0.13497796747415944 0.97664433785863081 -0.060973480300336176 0.48069938531571349 -0.4346801065899431
leaf_weight=3390 41 1153 40 40 3759 9437 100 470 346 783 4219 40 495 3854 846 107 65 40 637 705 1960 1429 824 1536 64 570 268 896 1088 1099
leaf_count=3390 41 1153 40 40 3759 9437 100 470 346 783 4219 40 495 3854 846 107 65 40 637 705 1960 1429 824 1536 64 570 268 896 1088 1099
internal_value=0.00292081 -0.0607556 0.560636 -0.122944 -0.0856871 -0.0466499 1.04364 0.118852 0.455068 0.753428 -0.0940739 0.942408 1.08204 0.178847 0.225381 0.27437 0.489071 0.359002 0.380233 0.283316 -0.287261 -0.46948 -0.0759981 -0.210581 1.94931 0.396725 0.549765 -0.213685 0.549993 -0.237087
internal_weight=40301 36172 4129 26869 21904 17415 739 9303 3390 824 13656 699 599 7113 5960 5114 1260 2566 2526 1889 4965 1469 2190 3496 104 1543 973 1366 1195 4489
internal_count=40301 36172 4129 26869 21904 17415 739 9303 3390 824 13656 699 599 7113 5960 5114 1260 2566 2526 1889 4965 1469 2190 3496 104 1543 973 1366 1195 4489
is_linear=0
shrinkage=0.03


Tree=90
num_leaves=31
num_cat=0
split_feature=12 14 24 17 5 17 4 13 15 13 22 12 4 4 14 24 14 8 6 6 4 5 12 4 15 5 5 2 4 5
split_gain=1.51586e+06 426623 272121 133224 143772 118952 118401 101444 95286.9 93392.1 84340.6 82688.7 73716.3 153035 66478.6 66450.9 65448.4 61966.8 85608.2 81905.8 88423.1 170118 110663 69874.9 100113 81337.4 66498.2 60741.5 116519 161950
threshold=237.64000000000001 147.17500000000004 466.00500000000005 4447.3172450000011 39206.250000000007 4781.872980000001 202.50000000000003 139.51500000000001 159.81479166666671 32.480000000000011 1.0000000180025095e-35 113.06953125000003 223.50000000000003 242.50000000000003 44.935000000000009 644.96000000000015 96.010000000000005 693.6812500000002 22.086784140969169 6.2090308370044065 272.50000000000006 54962.937500000007 296.20833333333337 176.50000000000003 246.2154166666667 38901.812500000007 46300.125000000007 1.5000000000000002 94.500000000000014 63889.937500000007
decision_type=10 10 8 10 2 10 2 10 10 10 2 10 2 2 10 10 10 2 2 2 2 2 10 2 10 2 2 2 2 2
left_child=1 3 7 4 16 9 -4 -2 14 -3 11 -11 -8 15 -6 -14 -1 18 19 27 23 22 -22 24 -21 -25 -19 -9 29 -29
right_child=2 5 6 -5 8 -7 12 17 -10 10 -12 -13 13 -15 -16 -17 -18 26 -20 20 21 -23 -24 25 -26 -27 -28 28 -30 -31
leaf_value=-0.40919005455525265 1.5103509366357482 0.35364881179447089 2.1598263841867444 -0.29016748316655722 -0.37392092647995773 -0.19169191421634352 0.30593751005230158 0.055595323853915732 -0.70719446836205402 -0.13381864198515578 -0.49195275027889079 0.1385652865145974 1.3458988944637149 0.6726052490467257 -0.040095128234020463 2.5132238776304505 -0.1639481136277689 -0.98765083969153211 0.90832238923770237 0.6200027166739851 -0.1766527939609745 0.4633237197528402 -1.534830924783434 0.23950198189950134 -0.15513321952223777 0.87657834961786307 0.32419743723910427 0.89134345645187818 0.50185998307399549 2.9930464315414431
leaf_weight=1579 76 1375 79 3934 555 1202 136 154 201 1154 219 7632 151 322 15639 65 2583 57 310 249 152 248 83 331 374 398 86 162 631 41
leaf_count=1579 76 1375 79 3934 555 1202 136 154 201 1154 219 7632 151 322 15639 65 2583 57 310 249 152 248 83 331 374 398 86 162 631 41
internal_value=0.00287433 -0.0592925 0.549052 -0.130239 -0.0996207 0.0907273 1.06419 0.433047 -0.059639 0.123447 0.088261 0.102778 0.932762 1.09035 -0.0515584 1.70714 -0.257065 0.407601 0.435478 0.38325 0.264438 -0.0838555 -0.660821 0.388836 0.155169 0.58804 -0.201935 0.603427 0.704398 1.32842
internal_weight=40178 36073 4105 24491 20557 11582 753 3352 16395 10380 9005 8786 674 538 16194 216 4162 3276 3133 2823 1835 483 235 1352 623 729 143 988 834 203
internal_count=40178 36073 4105 24491 20557 11582 753 3352 16395 10380 9005 8786 674 538 16194 216 4162 3276 3133 2823 1835 483 235 1352 623 729 143 988 834 203
is_linear=0
shrinkage=0.03


Tree=91
num_leaves=31
num_cat=0
split_feature=10 11 15 11 16 6 18 5 11 13 4 8 16 5 8 4 4 4 0 1 2 14 13 0 13 12 13 25 14 12
split_gain=1.33522e+06 328245 303856 283558 161475 139292 125084 116532 84098.9 89864.3 85905 82815.2 87499.9 80121.2 77672.6 80921.8 76824.1 120556 85449.7 76448.7 102569 109502 92388.3 73737.6 77302.6 68016.9 114937 71496 68928.4 65481.2
threshold=195.00250000000003 320.91500000000002 258.53812500000009 72.867500000000021 11653.267558709189 21.058810572687229 1.0000000180025095e-35 49202.937500000007 124.29500000000002 60.520000000000003 359.50000000000006 220.01250000000002 2036.1035561376414 47700.375000000007 685.99375000000009 267.50000000000006 222.50000000000003 215.50000000000003 17.500000000000004 3.5000000000000004 8.5000000000000018 534.45000000000016 351.34500000000008 17.500000000000004 69.916250000000019 331.09791666666672 250.07500000000002 277.52729166666671 291.46500000000009 272.38666666666671
decision_type=10 10 10 10 10 2 2 2 10 10 2 2 8 2 2 2 2 2 2 2 2 10 10 2 10 10 10 10 10 10
left_child=3 13 -3 7 6 19 8 11 -5 -10 -11 12 -1 14 15 -2 17 -7 -18 25 22 -22 -21 24 -8 27 -27 28 -4 -17
right_child=1 2 5 4 -6 16 23 -9 9 10 -12 -13 -14 -15 -16 29 18 -19 -20 20 21 -23 -24 -25 -26 26 -28 -29 -30 -31
leaf_value=0.039191739226153724 0.2322148246362763 2.8830572146603037 0.13620359177076363 0.014030179109824733 -0.41262109478227366 0.96844611429654326 -0.38532291748917608 -0.061603976044102664 0.34747849985537055 0.10014695332640798 -0.92769652175903317 -0.33253714752329949 -0.22581827506906901 0.33841644358695216 -0.92903448532609378 -0.11753259538075862 0.94414107411594705 -0.46431032307331377 2.0016553311775889 0.29118300131304148 0.27113227414966029 -0.86726449912887504 1.6773591157368251 0.056705563209533433 -0.060317568984214566 2.2116348686126561 0.72029231748734668 0.0036929958297646248 1.3305856697125868 -1.2776063903353903
leaf_weight=1518 1050 55 78 8516 788 289 1242 5952 1685 3028 74 4112 4287 2769 67 233 176 64 116 140 213 117 62 1391 1402 51 472 231 98 53
leaf_count=1518 1050 55 78 8516 788 289 1242 5952 1685 3028 74 4112 4287 2769 67 233 176 64 116 140 213 117 62 1391 1402 51 472 231 98 53
internal_value=0.000554671 0.400425 0.700366 -0.0739594 0.00711126 0.642049 0.0262105 -0.166555 0.0705887 0.171181 0.0753361 -0.229532 -0.156524 0.244861 0.0601069 0.11037 1.00925 0.708105 1.36965 0.479469 0.192149 -0.133882 0.72281 -0.120081 -0.213074 0.643446 0.869663 0.351335 0.805017 -0.336214
internal_weight=40329 6334 2162 33995 18126 2107 17338 15869 13303 4787 3102 9917 5805 4172 1403 1336 645 353 292 1462 532 330 202 4035 2644 930 523 407 176 286
internal_count=40329 6334 2162 33995 18126 2107 17338 15869 13303 4787 3102 9917 5805 4172 1403 1336 645 353 292 1462 532 330 202 4035 2644 930 523 407 176 286
is_linear=0
shrinkage=0.03


Tree=92
num_leaves=31
num_cat=0
split_feature=12 14 0 1 1 0 6 14 2 14 18 12 8 0 16 8 6 6 7 8 13 0 8 12 9 2 14 12 8 0
split_gain=1.22431e+06 400266 198167 180566 177077 157800 148793 281703 157833 170851 123696 110872 110737 110196 105586 103785 100219 100319 95753.5 94543.8 90107 88060.1 111311 85870.5 84464.2 82993.7 76699.9 151868 75668.9 72202.2
threshold=246.2154166666667 147.17500000000004 16.500000000000004 1.0000000180025095e-35 3.5000000000000004 5.5000000000000009 0.39052863436123347 451.89500000000004 5.5000000000000009 602.50000000000011 1.0000000180025095e-35 628.70145833333345 0.11250000000000002 5.5000000000000009 4174.9269599850368 281.24375000000003 19.967180616740091 6.8319383259911906 10.085069444444448 521.76875000000007 37.180000000000007 5.5000000000000009 186.80000000000004 458.07729166666678 -23.451249999999998 9.5000000000000018 463.79500000000007 373.12250000000006 0.26875000000000004 17.500000000000004
decision_type=10 10 2 2 2 2 2 10 2 10 2 10 2 2 10 2 2 2 2 2 10 2 2 10 8 2 10 10 2 2
left_child=1 2 10 5 6 -3 7 -2 23 26 21 15 -11 -12 18 16 17 -6 19 20 -5 -1 -23 -8 -15 -19 28 -28 -10 -14
right_child=4 3 -4 14 11 -7 8 -9 9 12 13 -13 29 24 -16 -17 -18 25 -20 -21 -22 22 -24 -25 -26 -27 27 -29 -30 -31
leaf_value=-0.23444421592583664 0.1309719298828802 -0.1461377544805281 0.0099538565515575501 0.363810037419042 0.61480319277780771 0.58421853172010196 0.31307896686656461 3.6321448630787603 0.43971324609830642 0.68429149307694626 -0.11330870378432276 1.6111330336657437 1.3061985366067219 -1.4417542921073401 -0.22402197537273361 -0.17160948382241881 1.1062307711422443 0.25135555602728915 -0.57275035265103058 -0.20220604795473288 0.083259359740644162 0.068060838861872155 -0.16449644621524773 -0.87864511809311807 -0.36608600441683414 -0.51207653755970417 -0.36173664127301891 0.70712919481239223 1.1348497720281867 2.3549909486881524
leaf_weight=3982 40 353 7125 1202 456 1078 363 42 265 193 2072 54 214 66 1166 410 149 438 198 886 7187 3368 4114 63 3759 180 191 317 305 85
leaf_count=3982 40 353 7125 1202 456 1078 363 42 265 193 2072 54 214 66 1166 410 149 438 198 886 7187 3368 4114 63 3759 180 191 317 305 85
internal_value=-0.000514799 -0.053572 -0.123267 0.087814 0.514518 0.404078 0.699873 1.94641 0.647713 0.786605 -0.177938 0.285924 1.24973 -0.289585 0.045241 0.241143 0.379542 0.27779 0.0784038 0.0923647 0.123496 -0.120488 -0.0598164 0.135193 -0.385019 0.0285287 0.574274 0.305331 0.813008 1.61121
internal_weight=40321 36556 24486 12070 3765 1431 2078 82 1996 1570 17361 1687 492 5897 10639 1633 1223 1074 9473 9275 8389 11464 7482 426 3825 618 1078 508 570 299
internal_count=40321 36556 24486 12070 3765 1431 2078 82 1996 1570 17361 1687 492 5897 10639 1633 1223 1074 9473 9275 8389 11464 7482 426 3825 618 1078 508 570 299
is_linear=0
shrinkage=0.03


Tree=93
num_leaves=31
num_cat=0
split_feature=10 14 5 7 8 16 5 4 6 4 4 4 4 4 25 7 5 10 14 0 12 15 8 16 24 23 16 0 14 16
split_gain=1.26816e+06 381239 188726 164467 146619 143759 140817 138851 622246 245170 240835 153836 128879 143427 120785 109900 101524 94589.9 91715.9 83258.7 81590.4 80947.8 74816.4 74737.4 71271.1 70270.3 70229.2 64619.8 64288.8 70401.1
threshold=150.00500000000002 421.93000000000006 46400.687500000007 6.383680555555558 222.76875000000004 13338.190524353833 40456.250000000007 272.50000000000006 2.8458149779735691 222.50000000000003 275.50000000000006 242.50000000000003 215.50000000000003 186.50000000000003 444.56375000000008 9.3663194444444482 40089.375000000007 -23.451249999999998 602.50000000000011 15.500000000000002 351.38812500000012 272.38666666666671 336.30625000000003 1931.646435152257 644.96000000000015 1.5000000000000002 6623.8205469421846 15.500000000000002 147.17500000000004 6546.5259529426867
decision_type=10 10 2 2 2 10 2 2 2 2 2 2 2 2 10 2 2 10 10 2 10 10 2 10 10 2 8 2 10 8
left_child=2 6 3 4 23 19 -2 8 -3 12 -9 24 13 21 18 -8 -16 -6 20 22 -13 -10 28 -1 -11 -15 -21 -19 29 -4
right_child=1 7 5 -5 17 -7 15 10 9 11 -12 14 -14 25 16 -17 -18 27 -20 26 -22 -23 -24 -25 -26 -27 -28 -29 -30 -31
leaf_value=0.0188774405952126 -0.16929717915968417 4.4139089490582304 0.11382106983715537 -0.35068913732124513 -1.6623438843091327 -0.48801755397799412 0.27549008040979117 -1.963746723106929 0.69816325523331757 1.27725665634816 0.3949493629367401 1.75547838306427 -0.60971665372622419 1.0934360819043665 -1.0351252784838691 -0.24421461022589971 0.51072212628735836 -0.40235790968467039 1.9480106885433197 0.23782404478346533 0.43616208663917477 -0.3764532408252429 -0.17806421402255582 -0.18644838515770251 2.355639840208966 0.36427598816114215 0.0096707794401547798 -0.11150206481307452 0.12786955267533978 -0.12577438084508083
leaf_weight=5198 847 40 1513 3536 44 582 5829 41 89 327 539 54 115 276 53 390 130 1572 74 1850 186 210 3197 2301 68 211 3530 1223 2289 4073
leaf_count=5198 847 40 1513 3536 44 582 5829 41 89 327 539 54 115 276 53 390 130 1572 74 1850 186 210 3197 2301 68 211 3530 1223 2289 4073
internal_value=0.00113409 0.304674 -0.0919636 -0.1741 -0.113672 -0.025058 0.193442 0.630179 0.758155 0.674184 0.225121 1.02654 0.324594 0.461895 0.673137 0.242865 0.0598252 -0.297251 1.02925 -0.00865179 0.739061 -0.0553231 -0.0556947 -0.0441414 1.46838 0.77891 0.0881546 -0.275174 -0.00600031 -0.0608698
internal_weight=40387 9479 30908 13874 10338 17034 7066 2413 1833 1793 580 892 901 786 497 6219 183 2839 314 16452 240 299 11072 7499 395 487 5380 2795 7875 5586
internal_count=40387 9479 30908 13874 10338 17034 7066 2413 1833 1793 580 892 901 786 497 6219 183 2839 314 16452 240 299 11072 7499 395 487 5380 2795 7875 5586
is_linear=0
shrinkage=0.03


Tree=94
num_leaves=31
num_cat=0
split_feature=10 11 15 6 7 11 7 7 5 2 16 5 5 14 1 11 13 1 16 0 13 15 0 11 1 0 0 14 25 5
split_gain=1.19491e+06 431679 258427 171164 202072 151306 133931 115639 103636 83900.8 83171.3 82218.5 81970.9 80258.1 75244.1 94992.5 72954 69683.1 68028.4 67383.8 62426.4 64645.1 87889.3 59258.3 58215.4 63456.3 62313.1 56792.4 98085.2 97823
threshold=148.35750000000004 320.91500000000002 258.53812500000009 7.7504405286343632 6.383680555555558 23.505000000000006 5.4913194444444473 8.237847222222225 40906.250000000007 11.500000000000002 2668.3972387839162 47504.500000000007 54962.937500000007 693.2650000000001 1.5000000000000002 524.47500000000002 298.67500000000001 1.0000000180025095e-35 14424.655102311159 6.5000000000000009 293.64000000000004 513.26479166666684 17.500000000000004 100.09500000000001 1.0000000180025095e-35 4.5000000000000009 20.500000000000004 602.50000000000011 397.21708333333339 43500.187500000007
decision_type=10 10 10 2 2 8 2 2 2 2 10 2 2 10 2 10 10 2 10 2 10 10 2 10 2 2 2 10 10 2
left_child=3 7 -3 -1 5 -5 14 8 19 11 17 -6 -9 16 15 -4 24 -7 23 -2 -16 -22 -23 -13 25 -10 -27 28 -8 -30
right_child=1 2 6 4 9 10 27 12 13 -11 -12 18 -14 -15 20 -17 -18 -19 -20 -21 21 22 -24 -25 -26 26 -28 -29 29 -31
leaf_value=0.056137741540076933 0.13783014202523128 2.5537059853900046 0.91095469433948772 -0.229441695187799 -0.32145017394969372 0.20204850412636466 0.44800153529519832 -0.62635124298589306 -0.1362275015378217 -0.6041434321152046 -0.17437487344038607 -0.16836994519104875 0.057553680457294115 -0.94938469756394628 0.33020116274425615 2.0883633935672266 0.95484210485198961 -0.013125162876680512 -0.62660738369583024 -0.34529455835626488 1.105383685322707 0.050103200015922389 1.6114049177510397 0.10718067407026305 0.22843890708128853 0.82303416079241931 0.050976706875626707 0.79787216332325561 -1.1068719313400133 0.16496733255155624
leaf_weight=5820 683 62 276 3934 3738 1593 539 246 108 559 2460 2366 436 47 324 80 141 9016 223 418 341 143 41 998 4723 437 120 194 83 154
leaf_count=5820 683 62 276 3934 3738 1593 539 246 108 559 2460 2366 436 47 324 80 141 9016 223 418 341 143 41 998 4723 437 120 194 83 154
internal_value=0.00099737 0.293189 0.658054 -0.0903197 -0.124571 -0.0663534 0.602868 0.182203 0.220211 -0.2501 -0.0172472 -0.223003 -0.189689 0.272722 0.814048 1.18065 0.283281 0.0192004 -0.120351 -0.0457374 0.659118 0.861093 0.404832 -0.0866146 0.265532 0.528241 0.657092 0.339957 0.224599 -0.283224
internal_weight=40303 9596 2237 30707 24887 17003 2175 7359 6677 7884 13069 7325 682 5576 1205 356 5529 10609 3587 1101 849 525 184 3364 5388 665 557 970 776 237
internal_count=40303 9596 2237 30707 24887 17003 2175 7359 6677 7884 13069 7325 682 5576 1205 356 5529 10609 3587 1101 849 525 184 3364 5388 665 557 970 776 237
is_linear=0
shrinkage=0.03


Tree=95
num_leaves=31
num_cat=0
split_feature=14 11 0 18 14 0 23 0 9 14 16 14 0 4 11 4 12 9 24 6 15 14 5 8 5 6 16 5 5 9
split_gain=1.06744e+06 249600 223088 197154 148324 140150 104313 106868 98538.2 93320.4 88543.7 85261.9 78173.3 77685.2 77326.2 68085.6 65208.6 65072 64926.2 60831.8 59795.7 95940.7 115057 54667.3 53838.6 51830.9 51097.5 47122.1 46430.7 46342.1
threshold=243.49875000000003 427.30000000000007 16.500000000000004 1.0000000180025095e-35 115.84000000000002 5.5000000000000009 2.5000000000000004 5.5000000000000009 -23.451249999999998 602.50000000000011 7696.0931347021024 577.68000000000018 5.5000000000000009 357.50000000000006 245.00500000000002 16.500000000000004 36.013958333333342 117.12875000000001 103.62000000000002 9.630616740088108 458.07729166666678 463.79500000000007 52851.375000000007 382.32500000000005 38302.187500000007 28.020484581497797 9591.4219230577237 73006.250000000015 57001.187500000007 -0.068749999999999992
decision_type=10 10 2 2 10 2 2 2 8 10 10 10 2 2 10 2 10 10 10 2 10 10 2 2 2 2 10 2 2 10
left_child=2 13 3 4 12 -5 23 -8 -7 11 17 20 18 14 -2 16 -14 -4 -1 -10 -3 22 -22 26 -11 27 -6 -16 -12 -9
right_child=1 9 10 5 6 8 7 29 19 24 28 -13 15 -15 25 -17 -18 -19 -20 -21 21 -23 -24 -25 -26 -27 -28 -29 -30 -31
leaf_value=-0.27287706705097148 0.17708499299112068 0.90215161655924703 0.023631357651556033 -0.075849622520148652 0.039711142157333401 -1.5658303579081922 -0.09397635520935059 -0.38617481563772477 -0.15790694612443237 0.057482378981834233 -0.39172295378339594 -0.49323248973664113 1.4060311539629671 -0.7365738412684627 0.32585783393735962 -0.11456982343055527 0.15884231518377964 0.20114602257722838 -1.4769132071588096 -0.39772015454605963 1.9609382739967227 -0.34137433246847076 -0.11438665956258773 -0.18706728926153865 1.1861547482871462 1.3423422352005454 -0.36994140156274852 0.72149645154959241 0.028554647241779908 0.50689203460407106
leaf_weight=2609 3491 310 5984 2677 5293 58 499 55 1318 42 584 67 46 69 2207 4608 193 2695 40 3445 48 114 47 1470 413 50 288 309 397 852
leaf_count=2609 3491 310 5984 2677 5293 58 499 55 1318 42 584 67 46 69 2207 4608 193 2695 40 3445 48 114 47 1470 413 50 288 309 397 852
internal_value=-0.001243 0.330684 -0.0730977 -0.123074 -0.063433 -0.249944 0.0226894 0.258539 -0.34658 0.759987 0.0482279 0.508291 -0.160586 0.25762 0.269065 -0.0889343 0.403745 0.07877 -0.291609 -0.331407 0.638282 0.244464 0.943702 -0.0243701 1.08232 0.394085 0.0185091 0.374715 -0.221785 0.452371
internal_weight=40278 7167 33111 23451 15953 7498 8457 1406 4821 1041 9660 586 7496 6126 6057 4847 239 8679 2649 4763 519 209 95 7051 455 2566 5581 2516 981 907
internal_count=40278 7167 33111 23451 15953 7498 8457 1406 4821 1041 9660 586 7496 6126 6057 4847 239 8679 2649 4763 519 209 95 7051 455 2566 5581 2516 981 907
is_linear=0
shrinkage=0.03


Tree=96
num_leaves=31
num_cat=0
split_feature=11 11 6 7 11 22 7 7 0 16 4 7 6 1 1 14 12 6 4 1 0 9 4 0 0 0 14 11 14 6
split_gain=945309 302746 180297 198176 156291 153565 127154 95131.6 91532.2 87225.9 80540.9 76589.6 70794 67255.6 61547.8 59922.1 97856.9 56998.1 61954.9 56430.7 56163.4 55978.1 101215 52955.8 47211.1 47014.2 45885.1 66855.9 46966.1 45659.2
threshold=161.08500000000004 343.72000000000008 6.5372246696035257 6.1527777777777803 22.308750000000003 1.0000000180025095e-35 6.4079861111111134 7.8107638888888911 17.500000000000004 2668.3972387839162 317.50000000000006 10.085069444444448 11.165859030837005 5.5000000000000009 1.0000000180025095e-35 451.89500000000004 406.63729166666673 11.942731277533044 351.50000000000006 3.5000000000000004 7.5000000000000009 -23.451249999999998 134.50000000000003 6.5000000000000009 5.5000000000000009 16.500000000000004 640.34000000000003 644.96000000000015 650.50000000000011 21.799779735682826
decision_type=10 10 2 2 10 2 2 2 2 10 2 2 2 2 2 10 8 2 2 2 2 10 2 2 2 2 10 10 10 2
left_child=2 5 -1 4 21 7 8 10 13 14 -2 17 -9 24 -6 -8 -17 18 23 -18 -12 22 -4 -5 -3 -16 -26 28 -28 -10
right_child=1 6 3 11 9 -7 15 12 29 -11 20 -13 -14 -15 25 16 19 -19 -20 -21 -22 -23 -24 -25 26 -27 27 -29 -30 -31
leaf_value=0.090519815914483312 0.2014058656514173 0.21296884550661829 -2.0333774477243423 -0.22492994744852979 0.20939783392262556 -0.59434397605580402 0.46340442061873088 0.11577192819555393 0.81078332802175346 -0.1655553021236072 0.16361324979364872 -0.49489125855036753 -0.44356423474606599 -0.45916981740639756 -0.036534325043326134 -0.85456946527256683 1.0928164222483572 -0.26016327893508451 -0.63947872619577906 -0.23304631281707244 0.68007181399884697 -0.20140520266163034 -0.0066493958979845051 0.0087494596115913481 0.59762392301051337 0.10987240151679459 2.0655324519319196 -0.024262848031230088 1.0249071511706789 1.4498966604890531
leaf_weight=4772 4593 181 41 1404 1549 223 331 572 211 2394 279 824 315 51 6844 101 56 4943 186 58 595 3692 47 2304 548 2773 55 40 147 202
leaf_count=4772 4593 181 41 1404 1549 223 331 572 211 2394 279 824 315 51 6844 101 56 4943 186 58 595 3692 47 2304 548 2773 55 40 147 202
internal_value=-0.00407745 0.275758 -0.0794569 -0.1095 -0.0488288 0.177779 0.600797 0.204967 0.748994 -0.00127053 0.251718 -0.218379 -0.0831407 0.595641 0.0339639 0.210649 -0.178821 -0.192542 -0.10666 0.422094 0.515582 -0.219389 -0.963158 -0.0797679 0.651458 0.00568815 0.751526 1.09614 1.31703 1.12612
internal_weight=40331 8558 31773 27001 17340 6577 1981 6354 1435 13560 5467 9661 887 1022 11166 546 215 8837 3894 114 874 3780 88 3708 971 9617 790 242 202 413
internal_count=40331 8558 31773 27001 17340 6577 1981 6354 1435 13560 5467 9661 887 1022 11166 546 215 8837 3894 114 874 3780 88 3708 971 9617 790 242 202 413
is_linear=0
shrinkage=0.03


Tree=97
num_leaves=31
num_cat=0
split_feature=12 14 1 0 1 0 0 13 13 14 14 1 14 10 25 8 1 5 6 13 6 12 0 2 0 11 4 8 8 4
split_gain=987406 300480 158736 157027 136581 159553 123190 160878 122988 132763 175935 111146 103506 103225 93283.4 86194.1 84845.4 78890.3 78805.4 77227.1 78990.3 79928.9 68581.9 63839.6 61109.4 60219.7 59165.2 58388 58116 54469.4
threshold=237.64000000000001 147.17500000000004 1.5000000000000002 16.500000000000004 1.0000000180025095e-35 5.5000000000000009 6.5000000000000009 329.49500000000006 293.64000000000004 640.34000000000003 508.52000000000004 4.5000000000000009 75.593750000000014 -23.451249999999998 157.58687500000002 274.88750000000005 1.0000000180025095e-35 56656.250000000007 18.082819383259924 177.25000000000003 1.6548458149779737 364.06333333333345 18.500000000000004 1.5000000000000002 5.5000000000000009 494.55500000000006 199.50000000000003 284.77500000000003 222.76875000000004 22.500000000000004
decision_type=10 10 2 2 2 2 2 10 10 10 10 2 10 8 10 2 2 2 2 10 2 10 2 2 2 10 2 2 2 2
left_child=1 3 6 12 5 -3 -2 19 9 10 17 -12 13 -1 16 25 24 -4 27 -8 -21 -22 -20 -19 -14 -6 -23 -10 -18 -7
right_child=2 4 8 -5 15 29 7 -9 18 -11 11 -13 14 -15 -16 -17 28 23 22 20 21 26 -24 -25 -26 -27 -28 -29 -30 -31
leaf_value=-1.5957703211572434 0.24091315979056438 -0.20587039766996576 0.063746664972322453 0.012398656270291707 0.081152482788250019 1.5522531913674396 1.469475165950981 2.2363441652391689 0.39681450803991419 1.5782144834565333 -0.076956217020750048 -1.5920017402905684 -0.15372886569842809 -0.27410908383950111 -1.4949508289857343 -0.12022232916033668 -0.094178351376279362 -0.17692946923391545 0.63290377663994979 1.8177139719242745 0.19924201684354415 0.11419669952798396 1.3587778309083753 0.58075771744606852 0.20502404691927412 1.0773448867479509 1.3793920960582671 -0.79048212166603016 -0.23689246670504321 0.49351943331008186
leaf_weight=53 273 341 954 7150 7918 45 131 82 417 60 99 77 664 3751 43 2305 7765 117 500 46 270 46 154 675 1195 54 121 40 3838 1008
leaf_count=53 273 341 954 7150 7918 45 131 82 417 60 99 77 664 3751 43 2305 7765 117 500 46 270 46 154 675 1195 54 121 40 3838 1008
internal_value=0.0037535 -0.0461089 0.447163 -0.10587 0.0791317 0.357675 0.782142 0.993784 0.341999 0.200198 0.156381 -0.745038 -0.154723 -0.292938 -0.115772 0.0413181 -0.111256 0.24762 0.594563 0.824473 0.64686 0.519744 0.805642 0.468745 0.0768705 0.0880347 1.03365 0.291395 -0.141401 0.540194
internal_weight=40192 36130 4062 24459 11671 1394 969 696 3093 1982 1922 176 17309 3804 13505 10277 13462 1746 1111 614 483 437 654 792 1859 7972 167 457 11603 1053
internal_count=40192 36130 4062 24459 11671 1394 969 696 3093 1982 1922 176 17309 3804 13505 10277 13462 1746 1111 614 483 437 654 792 1859 7972 167 457 11603 1053
is_linear=0
shrinkage=0.03


Tree=98
num_leaves=31
num_cat=0
split_feature=11 11 6 22 14 1 4 4 15 1 0 14 4 4 17 0 14 17 6 4 25 15 1 0 25 14 15 6 15 11
split_gain=861283 261749 168212 141142 128507 116364 108387 224145 132314 110202 102759 90583.1 88955.5 98294.4 87290.2 76782.5 88634.7 69374.6 66429.2 68475.5 60147.5 99713.3 59029.2 117678 76515 65610.4 58989.8 58575 58574.4 61583.7
threshold=145.54500000000004 320.91500000000002 6.9343612334801774 1.0000000180025095e-35 96.010000000000005 1.0000000180025095e-35 242.50000000000003 223.50000000000003 272.38666666666671 3.5000000000000004 16.500000000000004 534.45000000000016 215.50000000000003 180.50000000000003 2201.2753200000011 5.5000000000000009 196.57500000000002 15045.638720000001 9.5513215859030876 52.500000000000007 409.80145833333341 373.12250000000006 4.5000000000000009 16.500000000000004 332.98166666666674 470.46000000000004 128.41630208333336 30.33392070484582 284.98812500000003 250.00500000000002
decision_type=10 10 2 2 10 2 2 2 10 2 2 10 2 2 10 2 10 10 2 2 10 10 2 2 10 10 10 2 10 10
left_child=2 3 -1 18 10 15 7 8 -3 -8 17 -11 13 -10 -7 -6 -17 -4 19 26 21 -15 -20 24 25 -24 -2 -16 29 -21
right_child=1 6 4 -5 5 14 9 -9 12 11 -12 -13 -14 20 27 16 -18 -19 22 28 -22 -23 23 -25 -26 -27 -28 -29 -30 -31
leaf_value=0.083785939069698792 0.82006045600946642 2.1572905030192397 -0.2552358510397425 -0.62566383573263884 -0.15449985735403732 -0.043821265413408937 0.52163356560728613 1.4557150808419101 0.071451574925579783 0.27732629106392687 -0.042577511575083569 -0.67793380893468858 -0.28774126784956972 0.80358720986602405 -0.24876650043621154 0.23693950889661256 1.3916525654849552 -1.226338083784082 0.16526929894133863 0.35725471331191988 0.49475502291767615 2.3435559861274324 -0.38237060698236036 0.31255036874087505 -1.4038220570641087 0.61612996499108907 0.049482766081047541 0.16783060690644616 -0.047617119186628261 0.78450745891444862
leaf_weight=4940 96 40 6195 199 469 11283 765 287 254 220 2643 149 137 155 3385 1213 62 66 3082 1333 253 50 462 372 57 67 1145 333 237 394
leaf_count=4940 96 40 6195 199 469 11283 765 287 254 220 2643 149 137 155 3385 1213 62 66 3082 1333 253 50 462 372 57 67 1145 333 237 394
internal_value=0.0017717 0.247229 -0.0765034 0.160616 -0.107377 -0.0584046 0.526147 0.727915 0.491584 0.31645 -0.199459 -0.109192 0.41066 0.545258 -0.0853718 0.173469 0.294137 -0.265667 0.182297 0.284273 0.807296 1.18874 0.101347 -0.104256 -0.368931 -0.254983 0.109705 -0.211419 0.394466 0.455126
internal_weight=40343 9754 30589 7444 25649 16745 2310 1176 889 1134 8904 369 849 712 15001 1744 1275 6261 7245 3205 458 205 4040 958 586 529 1241 3718 1964 1727
internal_count=40343 9754 30589 7444 25649 16745 2310 1176 889 1134 8904 369 849 712 15001 1744 1275 6261 7245 3205 458 205 4040 958 586 529 1241 3718 1964 1727
is_linear=0
shrinkage=0.03


Tree=99
num_leaves=31
num_cat=0
split_feature=10 14 1 0 1 13 0 15 0 9 8 10 10 5 12 15 5 0 5 23 0 4 9 13 12 15 12 15 14 4
split_gain=940318 192737 166573 208377 158186 155394 140341 399156 113799 97262.1 84616.8 81024 79275.3 77667.7 76585.3 84086.5 71809.3 65913.4 61584.5 61557.4 109014 58916 56038.1 64122 70818.2 66786.3 104163 54797.7 50616.1 50265.7
threshold=202.42250000000004 115.84000000000002 1.5000000000000002 5.5000000000000009 1.5000000000000002 329.49500000000006 8.5000000000000018 258.53812500000009 16.500000000000004 494.88000000000005 494.80000000000007 105.00125000000001 410.50500000000005 39056.250000000007 302.37062500000008 233.41687500000003 48006.250000000007 20.500000000000004 46201.687500000007 2.5000000000000004 5.5000000000000009 2.5000000000000004 -0.068749999999999992 58.785000000000004 92.237291666666678 142.67291666666668 120.83364583333334 105.17520833333334 96.010000000000005 255.50000000000003
decision_type=10 10 2 2 2 10 2 10 2 10 2 10 10 2 10 10 2 2 2 2 2 2 10 10 10 10 10 10 10 2
left_child=1 8 3 29 19 6 7 -5 16 10 13 -6 -7 -4 -15 -16 27 -8 -12 -3 -21 -13 -22 24 -24 -25 -27 28 -1 -2
right_child=2 4 9 5 11 12 17 -9 -10 -11 18 21 -14 14 15 -17 -18 -19 -20 20 22 -23 23 25 -26 26 -28 -29 -30 -31
leaf_value=-0.30216680107471311 0.20476874227162264 0.066449409052013214 -0.12647378454079111 4.0982338622139727 -0.12440674211454147 1.0643056476522574 0.73061346296292662 0.53199765878338967 -0.0091131157270770077 0.65694111605786021 -0.67298648297402164 -1.09427581157003 2.8770075401663782 0.21545137594552785 1.1868849360346794 0.41304919518458988 -0.097575218899908583 0.090605036174363801 0.12064117275616701 -0.087873892206283194 -0.50578807255317426 0.032859691205347936 0.48698486806842622 0.55313845089181768 1.2035031955961424 -1.118112711123566 0.19519071705406532 -0.77113355954177676 -0.12925023198558955 -0.65183178097971017
leaf_weight=3878 182 3119 414 40 6218 43 623 92 4757 511 154 41 47 2318 149 821 4984 189 203 537 57 6683 626 304 155 66 287 175 2513 92
leaf_count=3878 182 3119 414 40 6218 43 623 92 4757 511 154 41 47 2318 149 821 4984 189 203 537 57 6683 626 304 155 66 287 175 2513 92
internal_value=0.0021107 -0.0578105 0.352739 0.651184 0.00960506 0.845939 0.730816 1.63536 -0.132606 0.267197 0.217981 -0.0463579 2.03215 0.26052 0.309271 0.533017 -0.183462 0.581941 -0.222632 0.150195 0.278644 0.0258252 0.410267 0.446904 0.630545 0.227977 -0.052821 -0.248631 -0.234205 -0.0841734
internal_weight=40278 34400 5878 1308 18093 1034 944 132 16307 4570 4059 12942 90 3702 3288 970 11550 812 357 5151 2032 6724 1495 1438 781 657 353 6566 6391 274
internal_count=40278 34400 5878 1308 18093 1034 944 132 16307 4570 4059 12942 90 3702 3288 970 11550 812 357 5151 2032 6724 1495 1438 781 657 353 6566 6391 274
is_linear=0
shrinkage=0.03


Tree=100
num_leaves=31
num_cat=0
split_feature=12 11 11 16 8 15 5 7 7 24 13 5 25 24 2 7 22 5 4 4 7 25 18 11 6 7 16 12 25 4
split_gain=847124 242533 143166 140545 136564 122518 121200 106426 99663.5 90205.7 104377 82931.4 101732 104166 89328.5 100309 81024.3 80395.6 79413.4 90884.9 70763.6 68640.8 67229.2 58958.4 56553.4 55232.3 54040.1 55291 53474.3 117992
threshold=237.64000000000001 124.29500000000002 367.71000000000009 7408.5596776926459 494.80000000000007 315.7247916666667 39206.250000000007 8.8940972222222268 5.1197916666666687 644.96000000000015 153.28500000000003 56831.250000000007 444.56375000000008 410.77500000000003 9.5000000000000018 4.9670138888888902 1.0000000180025095e-35 57578.062500000007 223.50000000000003 211.50000000000003 6.7656250000000027 296.20833333333337 1.0000000180025095e-35 353.44500000000005 13.254845814977976 7.9392361111111134 2006.577378497801 89.961614583333358 444.56375000000008 240.50000000000003
decision_type=10 10 10 10 2 10 2 2 2 10 10 2 10 10 2 2 2 2 2 2 2 10 2 10 2 2 8 10 10 2
left_child=1 3 11 4 6 -4 25 26 -3 10 -7 14 13 -13 18 -16 -10 -5 19 -2 28 -17 -6 -18 -20 -1 -8 -28 -12 -30
right_child=2 8 5 17 22 9 7 -9 16 -11 20 12 -14 -15 15 21 23 -19 24 -21 -22 -23 -24 -25 -26 -27 27 -29 29 -31
leaf_value=-0.15271844048635844 0.17744987994363545 0.22886451755118895 2.0966374848870668 -0.38450408761271615 -0.14484997240929756 1.8186836510559297 0.13134520459369561 -0.28681703533966929 0.041624595556655215 1.3038183167372663 0.76597965065037477 0.45045161475438467 -0.58017508430778975 1.5799513408371919 0.22756381635243692 -0.4352974835102047 -0.81966342426748839 -0.030448586174320533 -0.074767459854483603 -1.2077625705401103 -0.10446320028397543 -1.8034840830430692 -0.42174765074585641 0.27713041392713789 0.9579901718712196 -0.68380427597009619 -0.046186257990180404 0.091266657071380236 0.7098049842197387 -0.21342003334190043
leaf_weight=4240 810 3225 50 2060 2452 52 3184 1080 4839 145 517 1098 79 78 143 104 169 802 63 44 173 48 1164 59 194 183 9164 3695 304 210
leaf_count=4240 810 3225 50 2060 2452 52 3184 1080 4839 145 517 1098 79 78 143 104 169 802 63 44 173 48 1164 59 194 183 9164 3695 304 210
internal_value=0.00222048 -0.0439929 0.410275 -0.0861643 -0.0634997 0.649956 -0.0348628 0.00130284 0.0985247 0.596867 0.51428 0.279386 0.456567 0.526646 0.121022 -0.342256 0.0155383 -0.285335 0.244232 0.104752 0.456481 -0.87632 -0.234076 -0.535873 0.705515 -0.174842 0.0207155 -0.0066855 0.550617 0.33293
internal_weight=40428 36316 4112 28024 25162 1451 21546 17123 8292 1401 1256 2661 1255 1176 1406 295 5067 2862 1111 854 1204 152 3616 228 257 4423 16043 12859 1031 514
internal_count=40428 36316 4112 28024 25162 1451 21546 17123 8292 1401 1256 2661 1255 1176 1406 295 5067 2862 1111 854 1204 152 3616 228 257 4423 16043 12859 1031 514
is_linear=0
shrinkage=0.03


Tree=101
num_leaves=31
num_cat=0
split_feature=12 14 0 1 6 16 7 6 13 7 17 15 15 13 4 1 1 0 0 15 15 15 14 1 18 14 15 6 0 13
split_gain=853591 236124 151154 130574 214916 120839 141904 119649 108345 107109 102206 99107.5 110273 118443 80859.5 77680.2 73721.3 127530 70115.9 68588.3 82994.3 80591.1 65795.5 96252 65738.3 64374.4 86492.7 63134 61452.5 61009.1
threshold=246.2154166666667 166.64500000000001 16.500000000000004 1.5000000000000002 0.39052863436123347 4089.7144226249366 9.1284722222222232 8.08149779735683 329.49500000000006 5.2482638888888902 8311.881115000002 164.08375000000004 196.84062500000002 272.55000000000007 134.50000000000003 2.5000000000000004 1.0000000180025095e-35 5.5000000000000009 17.500000000000004 277.52729166666671 406.63729166666673 458.07729166666678 371.3250000000001 4.5000000000000009 1.5000000000000002 493.88000000000005 513.26479166666684 17.811453744493395 14.500000000000002 304.53000000000003
decision_type=10 10 2 2 2 10 2 2 10 2 10 10 10 10 2 2 2 2 2 10 10 10 10 2 2 10 10 2 2 10
left_child=1 2 7 4 -2 6 16 -1 -6 10 -9 -5 15 19 24 -13 17 -3 25 -14 22 -22 -21 -24 -12 29 -27 -20 -10 -15
right_child=3 5 -4 11 8 -7 -8 9 28 -11 14 12 13 18 -16 -17 -18 -19 27 20 21 -23 23 -25 -26 26 -28 -29 -30 -31
leaf_value=0.015456699667191823 2.4275681467851005 -0.18604877334861261 0.023617043308902144 -0.84122426837682718 0.47976146267144942 -0.27906015018772079 -0.45159732882033055 -0.040619542626922335 0.86096763857653436 -0.24776887695954194 -0.53950104816120215 0.21518558561201054 0.30230365316314889 0.27766308815914736 -0.20246271043583589 1.5455703241260428 0.11162364277813615 0.57719315715160679 0.28763019304017762 0.073593456645380265 1.4129106706380843 -0.20804556714404712 -0.20118124958830219 -1.4023905792443647 -1.6488335739882265 0.7258157183536712 -0.035683667295874806 1.1672271430571521 2.2596386710166931 -0.68161489739481895
leaf_weight=3926 62 264 7853 63 767 742 373 6336 70 7844 237 61 718 205 962 113 7120 771 110 232 55 54 174 91 60 526 180 225 49 83
leaf_count=3926 62 264 7853 63 767 742 373 6336 70 7844 237 61 718 205 962 113 7120 771 110 232 55 54 174 91 60 526 180 225 49 83
internal_value=0.00190628 -0.0428621 -0.0873992 0.427421 0.732881 0.0879002 0.119858 -0.132418 0.611688 -0.17002 -0.0896995 0.327003 0.353325 0.305074 -0.33647 1.08307 0.146047 0.382519 0.505045 0.104119 -0.130805 0.615277 -0.29534 -0.617393 -0.76839 0.377878 0.53189 0.88012 1.45092 -0.000197423
internal_weight=40326 36488 27218 3838 948 9270 8528 19365 886 15439 7595 2890 2827 2653 1259 174 8155 1035 1329 1324 606 109 497 265 297 994 706 335 119 288
internal_count=40326 36488 27218 3838 948 9270 8528 19365 886 15439 7595 2890 2827 2653 1259 174 8155 1035 1329 1324 606 109 497 265 297 994 706 335 119 288
is_linear=0
shrinkage=0.03


Tree=102
num_leaves=31
num_cat=0
split_feature=10 14 18 1 6 5 0 17 23 10 7 16 10 14 2 0 0 1 0 9 25 2 25 2 5 16 16 15 14 15
split_gain=755943 260403 152977 150290 221129 111717 105518 148149 119763 101716 98113.1 94954.4 79899.5 79749.9 70847.1 68589.1 102618 65171 65387.8 64639.9 59442.1 55880.9 53858.7 95652.9 67901 53639.8 48255.7 54048.3 45859.9 75079.8
threshold=150.00500000000002 421.93000000000006 1.0000000180025095e-35 1.5000000000000002 0.39052863436123347 40089.375000000007 5.5000000000000009 3885.6781000000005 1.5000000000000002 494.7000000000001 7.4739583333333348 2668.3972387839162 -2.4362499999999998 89.798750000000013 3.5000000000000004 17.500000000000004 4.5000000000000009 1.0000000180025095e-35 5.5000000000000009 494.88000000000005 461.83645833333338 7.5000000000000009 365.13833333333338 7.5000000000000009 49804.687500000007 9591.4219230577237 6152.0542361005291 89.011875000000018 142.56500000000003 159.81479166666671
decision_type=10 10 2 2 2 2 2 10 2 10 2 8 8 10 2 2 2 2 2 10 10 2 10 2 2 10 8 8 10 10
left_child=2 5 6 4 -3 -2 13 8 26 20 17 -9 -4 -1 -5 16 -14 18 -7 -16 22 -22 -6 24 -24 -15 -8 -28 29 -10
right_child=1 3 12 14 9 10 7 11 28 -11 -12 -13 15 25 19 -17 -18 -19 -20 -21 21 -23 23 -25 -26 -27 27 -29 -30 -31
leaf_value=-0.33659824345810219 -0.19269043916980713 2.9956170732493317 -1.3551579894739036 -0.67206374682878189 0.39139114175649248 -0.13167165417256563 0.1340665006448484 -0.0010635756507992465 0.21821371014856153 2.1800634841567703 -0.058043137112616744 -0.30178651935415418 -0.032858509209612655 -0.050995107622259318 0.28710794243590698 -0.018884687457484516 -0.28249003431267811 0.20283579310599845 0.65648639546079646 0.69125718781176115 -0.72835955217480663 0.54426323419775469 1.0152667410780742 0.65158779578527493 2.7726815584094022 -0.58153161731678671 -0.10365870812227609 0.066453877696222546 0.55224359826946801 -0.80774710682305417
leaf_weight=1362 783 42 50 56 152 114 2241 1922 2394 41 1189 1858 2095 4111 1237 2228 5067 4410 551 501 47 87 40 144 42 178 3704 3076 362 65
leaf_count=1362 783 42 50 56 152 114 2241 1922 2394 41 1189 1858 2095 4111 1237 2228 5067 4410 551 501 47 87 40 144 42 178 3704 3076 362 65
internal_value=0.00193956 0.236778 -0.0702155 0.507391 0.92034 0.144978 -0.0256116 0.0145752 0.0667715 0.757601 0.187211 -0.14892 -0.170717 -0.13669 0.369996 -0.164266 -0.209484 0.24467 0.521379 0.403939 0.639665 0.0958067 0.8317 1.12481 1.93797 -0.0731436 0.0134117 -0.0264824 0.237341 0.190777
internal_weight=40149 9436 30713 2389 595 7047 21273 15622 11842 553 6264 3780 9440 5651 1794 9390 7162 5075 665 1738 512 134 378 226 82 4289 9021 6780 2821 2459
internal_count=40149 9436 30713 2389 595 7047 21273 15622 11842 553 6264 3780 9440 5651 1794 9390 7162 5075 665 1738 512 134 378 226 82 4289 9021 6780 2821 2459
is_linear=0
shrinkage=0.03


Tree=103
num_leaves=31
num_cat=0
split_feature=11 11 6 8 7 22 5 8 16 7 5 23 10 0 23 12 5 4 12 5 8 13 16 12 4 13 16 16 4 13
split_gain=636534 228395 143550 135503 132950 130016 108919 106708 98526.5 92874.3 89502.2 84739.2 137076 74257.7 76907.8 94479.4 73450.7 107128 84453.8 67502.3 66628.6 64861.5 58695 55045.8 54151.2 52129.9 51967.5 49866.6 49688.3 49329.2
threshold=131.25750000000002 320.91500000000002 0.39052863436123347 363.69375000000008 8.8940972222222268 1.0000000180025095e-35 38600.500000000007 0.11250000000000002 8286.8877197121856 8.0295138888888911 56456.250000000007 4.5000000000000009 -0.51624999999999988 18.500000000000004 5.5000000000000009 443.54708333333343 47906.250000000007 54.500000000000007 458.07729166666678 60751.500000000007 572.10625000000016 345.17000000000002 2701.4663113076654 396.69062500000013 180.50000000000003 298.67500000000001 1884.1720727700733 2864.8073259881512 201.50000000000003 60.520000000000003
decision_type=10 10 2 2 2 2 2 2 10 2 2 2 10 2 2 10 2 2 10 2 2 10 10 10 2 10 8 10 2 10
left_child=3 5 -3 4 6 9 27 -4 26 16 -11 22 -13 14 24 -16 20 -18 25 -10 23 -15 -5 -2 -9 29 -8 -1 -26 -19
right_child=1 2 7 11 -6 -7 8 13 19 10 -12 12 -14 21 15 -17 17 18 -20 -21 -22 -23 -24 -25 28 -27 -28 -29 -30 -31
leaf_value=-0.10125171291341332 0.062720424752075996 1.9838225879644353 0.13658979415988803 -0.072715334388314679 -0.28393745778695717 -0.60110221017626198 0.14930541332849714 -0.041889113138616083 -0.36950814455496372 -0.45338614402080629 0.10707282104638473 -1.9936652550490008 -0.33350258392674798 0.7311064894944429 -0.83511845607310531 0.82296878581144373 0.035762309324340082 0.61415815030613741 -0.86929337957326103 0.14063506310745594 -0.52428826392495209 1.7449343684001972 -0.33053789868344402 0.72224119028373923 1.1366236441171373 1.1097404980659484 0.0063592148138084314 -0.34561468723570654 0.52697496877743188 0.28993227030104241
leaf_weight=2952 2665 53 791 3460 1902 219 2786 124 948 439 614 45 1735 239 83 48 1489 504 50 309 167 75 1031 118 144 81 12808 1008 744 2621
leaf_count=2952 2665 53 791 3460 1902 219 2786 124 948 439 614 45 1735 239 83 48 1489 504 50 309 167 75 1031 118 144 81 12808 1008 744 2621
internal_value=-0.00362139 0.187704 0.454271 -0.078006 -0.0439179 0.119257 -0.021969 0.417344 0.0113045 0.137358 -0.126793 -0.201443 -0.376569 0.569566 0.456596 -0.225943 0.173516 0.246587 0.342959 -0.244091 0.05594 0.978034 -0.131964 0.0909337 0.545085 0.36213 0.0319057 -0.163525 0.627004 0.342403
internal_weight=40252 11268 2301 28984 22713 8967 20811 2248 16851 8748 1053 6271 1780 1457 1143 131 7695 4745 3256 1257 2950 314 4491 2783 1012 3206 15594 3960 888 3125
internal_count=40252 11268 2301 28984 22713 8967 20811 2248 16851 8748 1053 6271 1780 1457 1143 131 7695 4745 3256 1257 2950 314 4491 2783 1012 3206 15594 3960 888 3125
is_linear=0
shrinkage=0.03


Tree=104
num_leaves=31
num_cat=0
split_feature=12 14 5 24 16 16 16 15 13 18 4 25 4 17 4 5 15 15 1 13 25 14 25 4 4 4 14 1 4 15
split_gain=730080 208198 135005 132029 131117 130811 126676 110443 103912 103986 94086 102498 92851.5 87233.2 81540.7 87249.4 80635.6 85786.1 81610.8 167582 159086 131347 90747.6 80209.3 107873 118130 79969.8 76182 70746 69508.5
threshold=246.2154166666667 166.64500000000001 57956.250000000007 447.81000000000006 5653.9389137593607 13691.345580477189 4089.7144226249366 272.38666666666671 64.030000000000015 1.0000000180025095e-35 270.50000000000006 146.77458333333337 199.50000000000003 10280.866165000001 349.50000000000006 38156.250000000007 156.12083333333337 196.84062500000002 4.5000000000000009 351.34500000000008 332.98166666666674 470.46000000000004 444.56375000000008 202.50000000000003 222.50000000000003 242.50000000000003 602.50000000000011 2.5000000000000004 348.50000000000006 296.20833333333337
decision_type=10 10 2 8 10 8 10 10 10 2 2 10 2 10 2 2 10 10 2 10 10 10 10 2 2 2 10 2 2 8
left_child=1 2 4 16 13 -4 8 -5 9 10 -3 -12 -9 14 15 -1 -2 27 22 20 -20 -22 26 -14 -25 -26 -19 -18 29 -10
right_child=3 6 5 7 -6 -7 -8 12 28 -11 11 -13 23 -15 -16 -17 17 18 19 -21 21 -23 -24 24 25 -27 -28 -29 -30 -31
leaf_value=-0.19211035896762685 -0.76581222460383458 0.33910380869848089 0.24276107422822879 2.1968202392445053 -0.2912305521755133 -0.070660429751437256 -0.28961082452068482 -0.4679304866865277 0.064671761186584964 -0.096851089142800606 0.35525032173032345 1.6103600697146085 2.0185965547329041 -0.32206021146707642 -0.45870505111199478 -0.022589338331359447 0.27581676284801593 0.42244796491318937 0.16470251908872438 1.3608812616192376 -0.039910560382737055 -1.5165900139226154 -0.20637889404703932 -0.060765941510726874 1.3460686101410384 0.49357705619503206 1.5405319983065129 1.4185574881115863 -0.47790543914946354 0.60459229013152616
leaf_weight=3386 62 1004 2071 42 3160 2842 751 63 6454 387 114 121 40 1279 462 14142 97 1536 574 77 107 109 204 153 241 375 59 115 208 221
leaf_count=3386 62 1004 2071 42 3160 2842 751 63 6454 387 114 121 40 1279 462 14142 97 1536 574 77 107 109 204 153 241 375 59 115 208 221
internal_value=0.00205247 -0.0393055 -0.0809437 0.394743 -0.112142 0.0614801 0.0836351 0.709567 0.116608 0.33223 0.466223 1.00558 0.635499 -0.0827595 -0.0657295 -0.0553459 0.296661 0.319808 0.273395 0.0342367 -0.0966262 -0.788642 0.38857 0.721899 0.651916 0.828742 0.464746 0.899449 0.0656295 0.0826357
internal_weight=40456 36602 27342 3854 22429 4913 9260 914 8509 1626 1239 235 872 19269 17990 17528 2940 2878 2666 867 790 216 1799 809 769 616 1595 212 6883 6675
internal_count=40456 36602 27342 3854 22429 4913 9260 914 8509 1626 1239 235 872 19269 17990 17528 2940 2878 2666 867 790 216 1799 809 769 616 1595 212 6883 6675
is_linear=0
shrinkage=0.03


Tree=105
num_leaves=31
num_cat=0
split_feature=11 5 7 7 17 7 11 11 15 7 6 15 11 4 4 4 0 25 4 11 14 14 5 12 18 4 12 15 4 14
split_gain=682082 195631 188495 131267 116330 95730.9 96343.4 94979.1 199041 82694.1 82570.2 74825.1 91184.8 62329.2 58168.2 62353.4 60199.9 69062.7 99773.2 62227.5 62219.6 57226.3 55420.1 53894.3 52629.4 61329.5 52102.6 50503.8 49554.8 51289.3
threshold=235.99500000000003 49202.937500000007 5.7656250000000018 6.4809027777777795 1754.8409150000002 9.3663194444444482 103.355 367.71000000000009 302.37062500000008 8.5086805555555589 4.9786343612334809 272.38666666666671 311.17500000000007 122.50000000000001 350.50000000000006 180.50000000000003 16.500000000000004 444.56375000000008 242.50000000000003 524.47500000000002 640.34000000000003 215.80500000000004 35821.687500000007 44.237916666666671 1.5000000000000002 176.50000000000003 207.81663043478264 443.54708333333343 52.500000000000007 179.53500000000003
decision_type=10 2 2 2 10 2 10 10 10 2 2 10 10 2 2 2 2 10 2 10 10 10 2 10 2 2 10 10 2 10
left_child=1 2 4 7 22 6 -3 11 -9 -4 -5 12 -2 -6 15 -10 17 19 20 27 -19 -11 -1 -8 25 -13 -27 -17 -25 -30
right_child=3 5 9 10 13 -7 23 8 14 21 -12 24 -14 -15 -16 16 -18 18 -20 -21 -22 -23 -24 28 -26 26 -28 -29 29 -31
leaf_value=-0.13178434720955906 0.43497346337109483 -0.00088454908488750023 -0.17777499624005044 0.74309975433815267 -0.54138647365041681 -0.20606139854126429 0.62833038519961493 2.6458805348656393 -0.42319405373870106 -0.40490319941928937 0.01539700213448191 -0.31311791549921036 1.6474535761177538 -0.1370893358002494 -0.48508667447350245 0.92657558066404866 0.98149961837472555 -0.24087934570065858 -0.30434660614771253 1.8941335589980537 0.87660710934330432 -1.3587478844374417 0.057396922055071929 0.022603036992310609 -0.39047262157560614 -0.34453925554399134 0.47428635851396372 0.068508237329396329 0.076915762024491768 0.30729889041233083
leaf_weight=1701 840 8793 6373 159 391 1307 209 43 48 1077 1142 149 59 2769 43 213 382 57 168 43 203 59 7692 2083 146 80 522 87 1541 1998
leaf_count=1701 840 8793 6373 159 391 1307 209 43 48 1077 1142 149 59 2769 43 213 382 57 168 43 203 59 7692 2083 146 80 522 87 1541 1998
internal_value=0.00438492 -0.0386512 -0.100975 0.357643 -0.0298473 0.0398344 0.0618236 0.464257 0.660973 -0.21986 0.104835 0.323003 0.516289 -0.18727 0.590292 0.629166 0.673305 0.519534 0.264388 0.836214 0.631635 -0.455594 0.0231273 0.15637 0.128928 0.230288 0.365081 0.67879 0.138716 0.207032
internal_weight=40377 35993 20062 4384 12553 15931 14624 3083 1287 7509 1301 1796 899 3160 1244 1201 1153 771 428 343 260 1136 9393 5831 897 751 602 300 5622 3539
internal_count=40377 35993 20062 4384 12553 15931 14624 3083 1287 7509 1301 1796 899 3160 1244 1201 1153 771 428 343 260 1136 9393 5831 897 751 602 300 5622 3539
is_linear=0
shrinkage=0.03


Tree=106
num_leaves=31
num_cat=0
split_feature=10 7 5 13 17 7 5 7 16 5 4 7 11 0 4 5 11 12 13 14 15 14 4 16 13 12 12 7 8 13
split_gain=602451 157020 172326 134727 127733 99457.9 84665.3 84392.4 83589.5 70669.4 69798.9 69733.1 75010.6 67093.9 66693.1 60922.2 53703.9 53247.9 91741.2 51363.4 70557.7 69602 60715.5 50711.7 66910.7 49646.5 94050.6 46534.5 45305.3 49644.1
threshold=202.42250000000004 5.4913194444444473 56831.250000000007 293.64000000000004 3993.3687650000006 8.6302083333333375 43800.312500000007 6.9288194444444464 8286.8877197121856 37254.187500000007 164.50000000000003 10.220486111111114 524.47500000000002 17.500000000000004 355.50000000000006 45200.312500000007 163.09000000000003 406.63729166666673 281.36500000000007 493.88000000000005 513.26479166666684 438.64000000000004 244.50000000000003 14424.655102311159 6.1237500000000011 458.07729166666678 477.00062500000007 5.8072916666666687 340.43125000000003 3.3500000000000001
decision_type=10 2 2 10 10 2 2 2 10 2 2 2 10 2 2 2 10 10 10 10 10 10 2 10 10 10 10 2 2 10
left_child=1 4 5 6 9 8 7 -2 14 -1 -6 12 17 19 15 -3 -11 -8 -19 21 25 -5 -22 24 -4 -21 -27 -15 29 -17
right_child=3 2 23 13 10 -7 11 -9 -10 16 -12 -13 -14 27 -16 28 -18 18 -20 20 22 -23 -24 -25 -26 26 -28 -29 -30 -31
leaf_value=-0.10227463364115907 0.047775098919926005 -0.17067232470949356 0.37008343533888616 0.98809838816523554 -0.31931572351090987 -0.36571533620450786 0.28668472084481639 -0.85462759244695019 -0.37338023641663226 0.062414089773404881 -0.041599383546015896 -0.41972568777411479 1.0159817976576666 1.2455952464496891 -0.64289460118011665 0.23641339625517241 0.26639119689775359 -1.5086755979061126 0.23791536017507312 1.0578335006663513 0.46256383375583154 -0.32334579547509451 -0.52780816459450219 -0.38052465440276773 0.022383837193911165 -0.44575064044249685 0.77183015223078677 0.51127739779492642 -0.17320973274551313 -0.02613716409068037
leaf_weight=2141 776 4486 573 47 1317 1971 3379 105 1162 10461 2133 128 123 180 201 864 1306 40 79 231 154 150 86 238 3769 75 231 140 1216 2585
leaf_count=2141 776 4486 573 47 1317 1971 3379 105 1162 10461 2133 128 123 180 201 864 1306 40 79 231 154 150 86 238 3769 75 231 140 1216 2585
internal_value=0.00025756 -0.0478351 -0.112453 0.279674 0.0156948 -0.17019 0.20396 -0.0606228 -0.133505 0.0562281 -0.147676 0.266136 0.29049 0.550216 -0.103663 -0.09175 0.0850739 0.264696 -0.356854 0.425627 0.535197 -0.00705299 0.106963 0.0449399 0.0683433 0.726031 0.472924 0.926925 -0.0158357 0.0396832
internal_weight=40347 34423 17065 5924 17358 12485 4630 881 10514 13908 3450 3749 3621 1294 9352 9151 11767 3498 119 974 777 197 240 4580 4342 537 306 320 4665 3449
internal_count=40347 34423 17065 5924 17358 12485 4630 881 10514 13908 3450 3749 3621 1294 9352 9151 11767 3498 119 974 777 197 240 4580 4342 537 306 320 4665 3449
is_linear=0
shrinkage=0.03


Tree=107
num_leaves=31
num_cat=0
split_feature=10 11 1 7 8 10 7 6 25 0 23 8 1 16 6 16 12 6 22 8 13 13 25 0 2 25 12 25 25 1
split_gain=527062 166416 133374 111220 118446 114441 98790.1 94336.2 101760 83240.3 79785.6 69268.7 102517 70719.9 68955.6 68317.8 67197.6 61771.5 55140.8 50816.8 51636.9 49703 70734.5 47553.8 47134.7 46582.8 45666.6 54287 45358.2 44945.2
threshold=150.00500000000002 367.71000000000009 1.5000000000000002 7.9843750000000027 521.76875000000007 -7.7899999999999991 8.0295138888888911 4.5411894273127764 352.82791666666679 5.5000000000000009 2.5000000000000004 438.80000000000007 4.5000000000000009 2668.3972387839162 23.582819383259917 6323.1626330021836 26.085208333333338 22.632378854625554 1.0000000180025095e-35 396.99375000000003 345.17000000000002 298.67500000000001 444.56375000000008 8.5000000000000018 9.5000000000000018 284.98812500000003 57.468750000000007 93.401666666666685 40.351041666666674 3.5000000000000004
decision_type=10 10 2 2 2 10 2 2 10 2 2 2 2 10 2 10 10 2 2 2 10 10 10 2 2 10 10 10 8 2
left_child=2 6 9 4 15 -6 11 -8 23 26 -11 13 17 18 29 -4 24 -13 21 20 -16 22 -2 -9 -12 -14 27 -1 -18 -3
right_child=1 14 3 -5 5 -7 7 8 -10 10 16 12 25 -15 19 -17 28 -19 -20 -21 -22 -23 -24 -25 -26 -27 -28 -29 -30 -31
leaf_value=-0.21378951753039707 0.23817073898223898 0.48270117336715979 -0.025835069315566273 -0.27096336587925557 -1.6670133735812627 -0.24313052839106267 0.6921242675546444 -0.5983987222476439 -1.7475918543629529 -0.014153728549031805 -0.11939932490741006 -0.041315580733492972 -0.30313565773042767 -0.13624732605711429 0.83075309250427742 -0.23309017951204133 0.85439187738947242 0.73772693574047554 -0.52337049576727779 0.54188738818371551 2.0124769001187022 0.62964680535731643 -0.7579160568416119 -0.045228491106682367 0.43347533149245593 -1.1537816944259864 -0.0040222303832008295 -1.1229960836682999 0.24358002435767118 0.096452024841789025
leaf_weight=978 5308 863 14605 3030 51 2275 98 197 40 3546 797 299 230 500 97 1586 114 131 84 234 52 289 64 477 167 77 1337 62 2340 396
leaf_count=978 5308 863 14605 3030 51 2275 98 197 40 3546 797 299 230 500 97 1586 114 131 84 234 52 289 64 477 167 77 1337 62 2340 396
internal_value=-0.00150487 0.194716 -0.0614528 -0.102497 -0.0749169 -0.275054 0.136853 -0.176179 -0.296159 0.0332247 0.0855443 0.173278 -0.101672 0.205737 0.46912 -0.04615 0.18895 0.197182 0.235519 0.821403 1.25383 0.246871 0.226165 -0.207559 -0.0232713 -0.519543 -0.12003 -0.269019 0.272292 0.361385
internal_weight=40324 9436 30888 21547 18517 2326 7794 812 714 9341 6964 6982 737 6245 1642 16191 3418 430 5745 383 149 5661 5372 674 964 307 2377 1040 2454 1259
internal_count=40324 9436 30888 21547 18517 2326 7794 812 714 9341 6964 6982 737 6245 1642 16191 3418 430 5745 383 149 5661 5372 674 964 307 2377 1040 2454 1259
is_linear=0
shrinkage=0.03


Tree=108
num_leaves=31
num_cat=0
split_feature=10 11 16 6 7 11 15 4 7 6 7 1 8 25 4 6 16 4 1 25 8 16 15 12 7 14 1 6 4 6
split_gain=481817 186588 116626 118134 119169 96282.9 95227.4 90284.5 74229.4 76858.8 64597.5 63404.7 99536.4 58759.4 74396.7 71323.6 55109.7 52555.6 48125.5 47314.5 46264.3 45382.8 48935.9 47334.3 43980.7 43651.6 42974.9 42796.4 44825.9 39971.1
threshold=148.35750000000004 367.71000000000009 12602.077733753902 8.5720264317180632 5.2309027777777795 24.565000000000001 302.37062500000008 355.50000000000006 5.7239583333333348 5.2376651982378855 6.1527777777777803 3.5000000000000004 435.14375000000007 284.98812500000003 272.50000000000006 10.597577092511015 2701.4663113076654 10.500000000000002 5.5000000000000009 397.21708333333339 367.24375000000003 6477.5529211865151 112.68156250000001 72.546875000000014 8.2968750000000018 256.90500000000003 1.0000000180025095e-35 1.1993392070484583 180.50000000000003 22.221806167400889
decision_type=10 10 10 2 2 10 10 2 2 2 2 2 2 10 2 2 10 2 2 10 2 8 10 10 2 10 2 2 2 2
left_child=2 8 3 21 5 -5 -3 20 11 -10 27 17 25 -12 -15 -16 26 -2 -14 24 -6 23 -23 -1 -11 -13 -7 -8 -29 -19
right_child=1 6 -4 4 7 16 10 -9 9 19 13 12 18 14 15 -17 -18 29 -20 -21 -22 22 -24 -25 -26 -27 -28 28 -30 -31
leaf_value=0.44437896565035462 1.3612527322769163 1.5201201639652253 -0.3937138136747339 -0.15754864859096776 -0.10271636716827377 0.2424496599754721 -0.39312404768807546 -0.69162636885984563 0.29736657189079219 0.033963546004295492 0.71347719381800145 0.021710782445150421 -0.095228286409378055 0.18976457711802247 -0.032130478656291962 -1.7285792708106158 -0.17630934030970549 0.24666018430823847 -0.83123269660704169 -0.74729467054893228 -0.24907305266761409 -0.043911276247647776 0.18914448788020732 0.10219735864920072 -0.26238411004270829 0.30613534574334328 0.039697970153828026 -0.33355277390583699 0.62786504301696344 0.64398559647146614
leaf_weight=464 41 74 904 2920 9212 1109 41 266 686 1919 117 934 199 271 49 40 915 2118 133 86 2464 3548 1050 1677 588 1011 6179 45 1021 255
leaf_count=464 41 74 904 2920 9212 1109 41 266 686 1919 117 934 199 271 49 40 915 2118 133 86 2464 3548 1050 1677 588 1011 6179 45 1021 255
internal_value=-0.000147593 0.185013 -0.0582057 -0.0480164 -0.0803001 -0.00964099 0.474479 -0.146107 0.124743 0.0152262 0.424701 0.201275 0.0876548 0.132485 -0.0577903 -0.805314 0.0430221 0.308367 -0.391684 -0.0595023 -0.133621 0.0624738 0.00933893 0.176528 -0.0356197 0.169634 0.0705793 0.550382 0.587005 0.28961
internal_weight=40336 9628 30708 29804 23065 11123 1658 11942 7970 3279 1584 4691 2277 477 360 89 8203 2414 332 2593 11676 6739 4598 2141 2507 1945 7288 1107 1066 2373
internal_count=40336 9628 30708 29804 23065 11123 1658 11942 7970 3279 1584 4691 2277 477 360 89 8203 2414 332 2593 11676 6739 4598 2141 2507 1945 7288 1107 1066 2373
is_linear=0
shrinkage=0.03


Tree=109
num_leaves=31
num_cat=0
split_feature=11 5 7 11 15 8 16 22 16 15 1 4 4 14 7 8 14 6 25 11 12 4 5 24 0 8 7 11 16 0
split_gain=504773 170637 165678 120759 205956 113029 121704 97663.6 86873.8 78435.5 71439 90473.7 155590 86077.9 106226 79594.2 96401.8 71223 65391 62823.8 67011.5 61397.6 114652 58119 54111.1 51419 48053.8 49169.5 45286.7 45154
threshold=199.40500000000003 50578.187500000007 7.5434027777777795 367.71000000000009 284.98812500000003 637.96875000000011 2668.3972387839162 1.0000000180025095e-35 12861.586714732328 146.06291666666667 3.5000000000000004 239.50000000000003 231.50000000000003 534.45000000000016 5.4913194444444473 0.11250000000000002 640.34000000000003 17.6330396475771 397.21708333333339 94.975000000000009 44.237916666666671 122.50000000000001 41706.250000000007 260.5800000000001 16.500000000000004 728.91250000000014 5.4913194444444473 24.565000000000001 6323.1626330021836 17.500000000000004
decision_type=10 2 2 10 10 2 10 2 10 10 2 2 2 10 2 2 10 2 10 10 10 2 2 10 2 2 2 10 8 2
left_child=1 2 5 7 -5 6 23 25 19 -4 15 12 18 14 -13 -6 24 -15 -12 28 -21 22 -7 26 -17 -2 27 -1 -3 -18
right_child=3 8 9 4 10 21 -8 -9 -10 -11 11 13 -14 17 -16 16 29 -19 -20 20 -22 -23 -24 -25 -26 -27 -28 -29 -30 -31
leaf_value=-0.094217534856746804 0.2147818758771757 0.11901913130060898 -0.26970645338970095 2.5465492406913208 0.16221172059404437 -2.0964459141716358 -0.17995679226125394 -0.48586729281879582 -0.32922596914947683 -0.87107921493108531 0.760191221857071 1.1235067483828618 1.9165157554405077 -1.5939181485014446 -0.60585258651347385 0.27146584091222153 0.93076993916778872 -0.17143862332616533 -0.41685124257693484 0.58582706639628734 0.11153781703724422 -0.2454190113315867 -0.39635895488249673 -1.0843216986276885 0.86853628890971601 -0.73497826585402848 -0.083045058441231737 0.080073192033070964 -0.04644563280557383 1.8394795064138223
leaf_weight=1822 4095 2091 2375 41 347 47 4320 193 540 212 74 64 55 58 62 367 168 69 97 282 5123 1154 142 43 218 51 3712 7252 5161 72
leaf_count=1822 4095 2091 2375 41 347 47 4320 193 540 212 74 64 55 58 62 367 168 69 97 282 5123 1154 142 43 218 51 3712 7252 5161 72
internal_value=0.00301022 -0.0415245 -0.0944861 0.256079 0.470999 -0.0630187 -0.0422529 0.172182 0.0430697 -0.319305 0.417945 0.108969 0.543999 -0.280247 0.274482 0.544024 0.704226 -0.828452 0.0939705 0.0589781 0.136387 -0.327952 -0.827941 0.0041275 0.495066 0.202924 0.00787253 0.0450702 0.00127336 1.20988
internal_weight=40307 34276 21079 6031 1692 18492 17149 4339 13197 2587 1651 479 226 253 126 1172 825 127 171 12657 5405 1343 189 12829 585 4146 12786 9074 7252 240
internal_count=40307 34276 21079 6031 1692 18492 17149 4339 13197 2587 1651 479 226 253 126 1172 825 127 171 12657 5405 1343 189 12829 585 4146 12786 9074 7252 240
is_linear=0
shrinkage=0.03


Tree=110
num_leaves=31
num_cat=0
split_feature=11 5 7 11 15 16 17 4 1 11 7 4 17 5 4 5 4 17 7 4 11 1 4 1 15 4 4 14 1 13
split_gain=455548 147293 142019 127119 142977 98408.9 94469.7 75446 75160.3 61892.6 56491.9 55852.4 53923.4 53104.2 52364.4 108107 106038 50085.9 50061.2 47962.5 59987.1 47256.5 45962.9 45594.5 45123.2 42733.1 118806 74895.9 78623.7 41863.3
threshold=199.40500000000003 47802.937500000007 6.8732638888888902 367.71000000000009 284.98812500000003 12602.077733753902 1662.7514100000005 357.50000000000006 1.0000000180025095e-35 107.77125000000002 5.446180555555558 122.50000000000001 3331.9433500000005 35206.250000000007 272.50000000000006 51081.250000000007 261.50000000000006 13935.830234999999 4.3975694444444455 20.500000000000004 124.29500000000002 2.5000000000000004 110.50000000000001 2.5000000000000004 146.06291666666667 242.50000000000003 237.50000000000003 534.45000000000016 3.5000000000000004 54.787500000000009
decision_type=10 2 2 10 10 10 10 2 2 10 2 2 8 2 2 2 2 10 2 2 10 2 2 2 10 2 2 10 2 10
left_child=1 2 6 7 -5 8 13 18 19 12 25 17 -10 -1 16 -16 -12 -8 23 20 -3 -13 -15 -2 -4 26 -6 -27 -29 -23
right_child=3 5 24 4 10 -7 11 -9 9 -11 14 21 -14 22 15 -17 -18 -19 -20 -21 -22 29 -24 -25 -26 27 -28 28 -30 -31
leaf_value=-0.17161378857218795 0.55481368176246948 0.31114835618428849 -0.25144768173082988 2.1912247884699276 0.5902241394416089 -0.3363181515912696 -0.40835404198449643 -0.46779290454196076 0.091659274283074979 0.10235523465859785 0.2517349517977599 0.022773550224789815 -0.074783874870982078 -0.19983589782564104 -1.5691653808733312 0.15889100307115475 1.840494817248205 -1.440108055686578 0.11973539405006285 0.14509227430708355 1.3580139777335252 -0.20067410152020634 0.030106458675370998 0.16087288544448144 -0.66984044130473752 0.84368633934837611 2.0250628839508957 0.40641684971880493 -0.6890555206934611 -0.7286522576273704
leaf_weight=1749 531 198 2862 41 453 660 378 167 2330 4455 494 895 7050 862 40 158 40 47 3090 2122 65 1710 8373 528 252 166 58 170 89 146
leaf_count=1749 531 198 2862 41 453 660 378 167 2330 4455 494 895 7050 862 40 158 40 47 3090 2122 65 1710 8373 528 252 166 58 170 89 146
internal_value=0.00190042 -0.0405289 -0.102112 0.242387 0.461314 0.0224941 -0.0617628 0.155612 0.0371142 0.0102957 0.417505 -0.205839 -0.0334339 -0.0200884 0.219641 -0.196342 0.373961 -0.525567 0.180811 0.192615 0.574043 -0.156272 0.0086242 0.358738 -0.28551 0.571845 0.75672 0.348305 0.028778 -0.242577
internal_weight=40179 34154 17274 6025 1709 16880 14160 4316 16220 13835 1668 3176 9380 10984 732 198 534 425 4149 2385 263 2751 9235 1059 3114 936 511 425 259 1856
internal_count=40179 34154 17274 6025 1709 16880 14160 4316 16220 13835 1668 3176 9380 10984 732 198 534 425 4149 2385 263 2751 9235 1059 3114 936 511 425 259 1856
is_linear=0
shrinkage=0.03


Tree=111
num_leaves=31
num_cat=0
split_feature=10 0 14 7 16 23 0 11 6 7 8 14 8 8 23 13 25 15 23 25 3 0 14 25 13 17 9 2 25 6
split_gain=389826 124957 116848 97478.3 92066.8 82443.3 124429 73369.1 61133.9 59433.6 57120.7 52816.2 51406 50728.8 59573.1 54934.7 75815.5 50677.1 48833.2 59584.3 55482 56498.4 52767.9 68237.6 53677.3 52005.3 44720.1 43585.9 42921.2 42446.3
threshold=208.12500000000003 16.500000000000004 97.020000000000024 7.3072916666666687 9182.2801412618628 4.5000000000000009 4.5000000000000009 343.72000000000008 6.732158590308372 5.196180555555558 0.11250000000000002 348.72500000000008 382.32500000000005 530.45625000000007 5.5000000000000009 298.67500000000001 444.56375000000008 284.98812500000003 1.5000000000000002 242.03625000000002 1.0000000180025095e-35 5.5000000000000009 196.57500000000002 165.09020833333338 60.520000000000003 8311.881115000002 -0.068749999999999992 8.5000000000000018 628.70145833333345 7.8328193832599124
decision_type=10 2 10 2 10 2 2 10 2 2 2 10 2 2 2 10 10 10 2 10 2 2 10 10 10 10 10 2 10 2
left_child=1 2 29 7 5 18 -7 13 11 -3 -9 -5 28 15 -15 16 -2 -16 25 20 21 -20 23 26 -24 -4 -23 -14 -12 -1
right_child=3 9 4 8 -6 6 -8 10 -10 -11 12 -13 27 14 17 -17 -18 -19 19 -21 -22 22 24 -25 -26 -27 -28 -29 -30 -31
leaf_value=-0.026121866975192549 0.21730581841979016 0.15051408329262253 0.013814242394983895 -0.039371108657951598 -0.34808274462426964 0.10889148980354876 -0.24063430114333895 0.18911292125821352 -0.21855443582205258 -0.0043319767755899468 0.67069163388650122 0.80451830196098006 0.48509190091237814 0.28687540030793141 -0.1898507906896312 0.64685693254296694 -0.96241388168334963 -1.4149279290741803 0.0077445935960346402 -0.65769344826539355 -0.31298072495839885 -0.2425047920679762 1.3598908361574498 -0.95744212907988846 0.40437164893785082 -0.21934143579368148 0.35906841854104493 -0.2624891813605239 1.6462306753342801 -0.21012641459695455
leaf_weight=1390 2595 3491 9096 157 797 1330 2945 496 628 6177 636 115 270 113 81 266 49 48 762 80 195 125 81 40 153 950 964 94 43 5999
leaf_count=1390 2595 3491 9096 157 797 1330 2945 496 628 6177 636 115 270 113 81 266 49 48 762 80 195 125 81 40 153 950 964 94 43 5999
internal_value=-0.00236101 -0.0399458 -0.0754777 0.230031 -0.0332726 -0.0182474 -0.131893 0.284889 -0.0559015 0.0515909 0.454661 0.31906 0.58064 0.201878 -0.214796 0.236591 0.195087 -0.653071 0.0207954 0.142343 0.170202 0.214668 0.33026 0.244859 0.739508 -0.00825376 0.289858 0.291845 0.734801 -0.17552
internal_weight=40166 34575 24907 5591 17518 16721 4275 4691 900 9668 1539 272 1043 3152 242 2910 2644 129 12446 2400 2320 2125 1363 1129 234 10046 1089 364 679 7389
internal_count=40166 34575 24907 5591 17518 16721 4275 4691 900 9668 1539 272 1043 3152 242 2910 2644 129 12446 2400 2320 2125 1363 1129 234 10046 1089 364 679 7389
is_linear=0
shrinkage=0.03


Tree=112
num_leaves=31
num_cat=0
split_feature=10 11 1 15 1 7 8 5 7 14 7 7 15 6 10 11 14 5 14 8 16 2 5 14 14 12 7 16 14 15
split_gain=391100 171692 114332 117204 107705 88287.1 92193.2 80313.7 73196.4 72650.2 68834.9 63393.6 70241.6 67913.7 61241.4 57489 53726.3 47460.8 46548.5 44845.4 44735 56210.9 44655.4 43558.7 43220.9 41495.7 41295.5 40586.7 39854.4 47181.4
threshold=143.30500000000004 367.71000000000009 1.5000000000000002 331.09791666666672 1.5000000000000002 7.5781250000000009 257.11875000000003 40343.750000000007 8.5711805555555589 52.095000000000006 7.5086805555555571 5.1197916666666687 396.69062500000013 4.6784140969162999 -7.7899999999999991 570.0150000000001 451.89500000000004 60954.062500000007 602.50000000000011 14.868750000000002 3384.0407013402018 9.5000000000000018 45612.750000000007 481.94000000000005 55.310000000000009 458.07729166666678 7.6163194444444473 6003.9556622892405 318.98000000000008 194.16479166666667
decision_type=10 10 2 10 2 2 2 2 2 10 2 2 10 2 10 10 10 2 10 2 10 2 2 10 10 10 2 10 10 10
left_child=4 7 3 -3 9 6 27 10 15 -1 16 28 13 -13 -8 23 19 -7 -17 -2 24 -22 -16 -5 -11 26 -15 -6 -9 -30
right_child=1 2 -4 8 5 17 14 11 -10 20 -12 12 -14 25 22 18 -18 -19 -20 -21 21 -23 -24 -25 -26 -27 -28 -29 29 -31
leaf_value=-0.32062100098553697 -0.043516952674211413 2.3242595664943968 0.26564316923148734 0.92449656688560866 -0.00061958781158119537 -0.27349108512246639 -1.1485665449970646 0.17767602902104451 -0.28278158162254841 0.89765257821497269 -1.1024347076748238 0.33353815182951557 -0.85823196743449115 0.10267493264093892 -0.25979120840823466 0.82740287386003086 0.35009655814400703 0.01415654408749974 2.0977772490832267 -0.51580919344886766 -0.17052696339775877 0.17105763573272315 -0.081438936956356414 0.22765159445290534 0.081903707710046403 -0.90638720337734668 -0.13739872929868358 -0.18147741375181328 0.92720188086920408 0.3202772066370651
leaf_weight=501 685 41 1102 176 10840 3106 56 2310 63 58 60 769 72 2189 2247 60 222 619 48 245 1475 613 2888 150 6473 42 913 1244 136 745
leaf_count=501 685 41 1102 176 10840 3106 56 2310 63 58 60 769 72 2189 2247 60 222 619 48 245 1475 613 2888 150 6473 42 913 1244 136 745
internal_value=-0.00183986 0.160427 0.441072 0.799248 -0.0558675 -0.0932514 -0.06468 0.105509 0.669028 0.0302144 -0.120296 0.143659 0.0638421 0.0810233 -0.170408 0.807526 -0.0682308 -0.2257 1.40608 -0.168358 0.0506424 -0.0702099 -0.159519 0.605539 0.0892845 0.0191736 0.0319934 -0.0192517 0.243284 0.414913
internal_weight=40148 10028 1640 538 30120 21000 17275 8388 497 9120 1212 7176 3985 3913 5191 434 1152 3725 108 930 8619 2088 5135 326 6531 3144 3102 12084 3191 881
internal_count=40148 10028 1640 538 30120 21000 17275 8388 497 9120 1212 7176 3985 3913 5191 434 1152 3725 108 930 8619 2088 5135 326 6531 3144 3102 12084 3191 881
is_linear=0
shrinkage=0.03


Tree=113
num_leaves=31
num_cat=0
split_feature=12 0 18 0 24 6 0 17 23 13 2 7 7 10 7 8 8 4 4 0 6 6 4 2 0 15 10 6 16 7
split_gain=396686 153890 147156 132747 103832 162412 96783.5 152789 104110 87025.3 76063.9 73980.2 73661.8 71181.2 70952.7 70515 66928 110324 62839.1 55800.4 49547.5 47567.3 78261.3 64349.4 49988 45146.4 44255.1 41967.1 48737.1 40211.4
threshold=237.64000000000001 16.500000000000004 1.0000000180025095e-35 3.5000000000000004 466.00500000000005 2.5006607929515425 5.5000000000000009 3729.119075000001 2.5000000000000004 139.51500000000001 10.500000000000002 8.8940972222222268 5.7031250000000018 396.7050000000001 5.196180555555558 673.72500000000002 660.88125000000014 126.50000000000001 350.50000000000006 5.5000000000000009 9.630616740088108 6.2090308370044065 272.50000000000006 11.500000000000002 16.500000000000004 443.54708333333343 138.87500000000003 10.524669603524233 7696.0931347021024 7.9392361111111134
decision_type=10 2 2 2 10 2 2 10 2 10 2 2 2 10 2 2 2 2 2 2 2 2 2 2 2 10 10 2 10 2
left_child=1 2 6 29 9 -6 11 8 25 10 -2 -1 15 -7 -3 -11 -5 -18 20 -15 26 -14 24 -24 -23 -8 -10 -16 -29 -4
right_child=4 14 3 16 5 13 7 -9 18 12 -12 -13 21 19 27 -17 17 -19 -20 -21 -22 22 23 -25 -26 -27 -28 28 -30 -31
leaf_value=-0.089135543987453422 2.0646056172251699 0.16771804814159755 0.095148686234449886 -0.21891493183524671 2.2508407432079314 -0.33166543194027831 0.030969446066941828 -0.15343964130387563 0.38185058337192312 0.33464440593527101 0.2301818849400776 -0.4735061961860379 0.27197884679043649 -0.26615992290598733 0.11208530277501846 -0.35124356514986221 -1.7233932897315094 -0.40146017943202533 -0.51179347791842045 0.68607590983042843 0.21140819701442662 -0.18028901241010142 -1.1473547095115033 -0.041947545400437186 0.38932067270148291 1.029594124177607 0.93920184910297388 -0.009176259013473893 -0.30382609028349888 -0.31479940022221736
leaf_weight=5764 41 3788 1635 5665 49 85 6553 3083 450 1973 40 488 366 61 2233 144 66 382 83 554 1155 377 108 84 218 40 180 3966 578 247
leaf_count=5764 41 3788 1635 5665 49 85 6553 3083 450 1973 40 488 366 61 2233 144 66 382 83 554 1155 377 108 84 218 40 180 3966 578 247
internal_value=-0.00113371 -0.0326833 -0.0721863 -0.17909 0.278566 0.597719 -0.0241515 0.0273354 0.0932161 0.207073 1.17257 -0.119209 0.182806 0.478954 0.0637483 0.287846 -0.246909 -0.599614 0.290855 0.591348 0.328442 -0.0101378 -0.141517 -0.666462 0.0287114 0.0371834 0.54233 0.00561833 -0.0467145 0.0412071
internal_weight=40456 36356 25791 7995 4100 749 17796 11544 8461 3351 81 6252 3270 700 10565 2117 6113 448 1868 615 1785 1153 787 192 595 6593 630 6777 4544 1882
internal_count=40456 36356 25791 7995 4100 749 17796 11544 8461 3351 81 6252 3270 700 10565 2117 6113 448 1868 615 1785 1153 787 192 595 6593 630 6777 4544 1882
is_linear=0
shrinkage=0.03


Tree=114
num_leaves=31
num_cat=0
split_feature=11 14 16 7 6 0 8 7 0 11 15 4 6 12 14 9 15 4 4 4 12 16 4 6 14 14 8 6 12 6
split_gain=398871 133393 120197 111866 70956.6 69615.4 69559.8 68210.3 67166.5 65647.1 124204 77471.2 57571.6 43844.5 52670.8 88525.4 44615.3 42681 171053 90421.7 49050.1 42045.4 43751.9 41533.9 41245.7 40765 40165.3 42111 39135.4 37694.8
threshold=235.99500000000003 116.42125000000001 5721.6617484452063 6.4809027777777795 5.5189427312775337 6.5000000000000009 605.73125000000016 8.6857638888888911 15.500000000000002 343.72000000000008 284.98812500000003 180.50000000000003 17.277753303964761 45.749375000000008 183.26375000000004 81.611250000000013 203.73687500000003 271.50000000000006 285.50000000000006 269.50000000000006 107.69708333333335 3155.0080740941848 10.500000000000002 16.833259911894277 47.195 438.64000000000004 248.00625000000002 21.675110132158597 71.809202898550737 1.1993392070484583
decision_type=10 10 10 2 2 2 2 2 2 10 10 2 2 10 10 10 10 2 2 2 10 10 2 2 8 10 2 2 10 2
left_child=1 8 6 5 -5 -2 7 13 24 -7 -11 -12 -9 -3 -15 -16 21 19 -19 23 -20 22 -17 25 -1 -6 27 28 -4 -13
right_child=3 2 26 4 17 9 -8 12 -10 10 11 29 -14 14 15 16 -18 18 20 -21 -22 -23 -24 -25 -26 -27 -28 -29 -30 -31
leaf_value=-0.34464599047783973 0.093319952725009481 0.4491368065465321 -0.42797091116302444 0.6001063737630844 -0.012761917555742072 0.29466608804072619 -0.17154307037555666 -0.12553923509328369 -0.0082943601600660583 2.0743489776134489 -0.48979290466154779 -0.27176633169484693 -1.0152374998883653 0.026061823772363366 0.67537641571680629 0.77421569950274516 -0.039834335752591293 -1.9866447961076779 0.88377621980600574 1.4702195990158289 -0.18738710622074173 -0.1611768576273678 0.17023153526304782 0.39552280408143997 -0.1201567501461418 -0.7881819554116275 -0.47999822208596787 0.45499037445604223 -0.083876532590793224 0.63986609742471312
leaf_weight=794 626 281 398 174 348 1222 1206 726 5546 49 61 42 71 9125 265 110 1291 46 42 40 365 338 4046 179 10095 73 365 102 1172 1018
leaf_count=794 626 281 398 174 348 1222 1206 726 5546 49 61 42 71 9125 265 110 1291 46 42 40 365 338 4046 179 10095 73 365 102 1172 1018
internal_value=0.00230642 -0.0303233 0.0227485 0.27586 0.0392419 0.375149 0.0481953 0.0645098 -0.0932773 0.448836 0.609469 0.543646 -0.20597 0.0784698 0.0715769 0.14021 0.115582 -0.0505118 -0.273026 0.107167 -0.0749542 0.160228 0.1864 0.0140012 -0.136556 -0.148766 -0.195271 -0.132865 -0.171322 0.603523
internal_weight=40216 35931 19496 4285 1267 3018 17459 16253 16435 2392 1170 1121 797 15456 15175 6050 5785 1093 453 640 407 4494 4156 600 10889 421 2037 1672 1570 1060
internal_count=40216 35931 19496 4285 1267 3018 17459 16253 16435 2392 1170 1121 797 15456 15175 6050 5785 1093 453 640 407 4494 4156 600 10889 421 2037 1672 1570 1060
is_linear=0
shrinkage=0.03


Tree=115
num_leaves=31
num_cat=0
split_feature=12 5 7 8 7 7 7 13 4 18 10 10 13 13 4 13 0 18 0 4 12 15 11 21 7 4 25 4 15 23
split_gain=394095 139814 121626 94725.9 94310.2 76727.5 97531.5 64643.9 60725.7 92980.4 59089.6 58718.6 60433.9 55625.7 83299.8 53214.2 53120.1 58170.7 90605 51866.3 49702.7 44951.9 43502.3 41655.4 40928.3 38777.3 38665.1 36760.7 65244.8 35705.2
threshold=246.2154166666667 49202.937500000007 5.7656250000000018 637.96875000000011 10.085069444444448 5.8072916666666687 5.7447916666666687 153.28500000000003 122.50000000000001 1.5000000000000002 524.65000000000009 127.14625000000002 60.520000000000003 6.1237500000000011 10.500000000000002 170.73000000000005 16.500000000000004 1.0000000180025095e-35 5.5000000000000009 322.50000000000006 140.89843750000003 373.12250000000006 110.94500000000001 1.0000000180025095e-35 8.5086805555555589 2.5000000000000004 198.52375000000004 348.50000000000006 315.7247916666667 5.5000000000000009
decision_type=10 2 2 2 2 2 2 10 2 2 10 10 10 8 2 10 2 2 2 2 10 10 10 2 2 2 10 2 10 2
left_child=1 2 3 16 11 6 10 21 9 -5 26 13 20 14 -3 -9 17 -1 -19 24 -13 -7 -16 25 -4 -15 -2 28 -14 -28
right_child=5 4 19 8 -6 7 -8 15 -10 -11 -12 12 27 23 22 -17 -18 18 -20 -21 -22 -23 -24 -25 -26 -27 29 -29 -30 -31
leaf_value=0.025642038499494629 0.94246328086917652 0.84434775905528403 -0.12993668441546977 -0.33574118287943372 -0.28085954010627889 0.30189677742336479 1.8075574233504228 -0.94563796073198314 -0.20081992023130613 -1.883956664835031 0.73189353393913625 0.31951389062025071 0.10957574967488735 -0.83645229654773223 0.041214160933430541 0.075414642296122186 0.10738437611918532 0.065773887668908085 -0.26045826022730689 -0.58842663074324597 1.1166573767238352 1.5347844810377467 0.39102000975492712 0.45522637708385177 -0.33070205160500377 -0.022398782335952959 0.34762958601246546 -0.33764720598649645 1.211637438742482 0.047352874473808634
leaf_weight=5129 82 143 6362 108 790 69 42 47 808 51 341 476 3704 52 1896 1069 3139 1235 2016 261 82 43 384 163 1067 8337 1611 161 48 458
leaf_count=5129 82 143 6362 108 790 69 42 47 808 51 341 476 3704 52 1896 1069 3139 1235 2016 261 82 43 384 163 1067 8337 1611 161 48 458
internal_value=0.00331816 -0.0268868 -0.0796197 -0.02181 0.0386436 0.295599 0.38989 0.100868 -0.306844 -0.84101 0.365281 0.055002 0.146632 0.0176636 0.144518 0.0316052 0.00214261 -0.0372872 -0.136546 -0.173468 0.438445 0.784631 0.100274 -0.0182902 -0.158813 -0.0275439 0.306849 0.104918 0.123994 0.281214
internal_weight=40174 36412 20176 12486 16236 3762 2534 1228 967 159 2492 15446 4471 10975 2423 1116 11519 8380 3251 7690 558 112 2280 8552 7429 8389 2151 3913 3752 2069
internal_count=40174 36412 20176 12486 16236 3762 2534 1228 967 159 2492 15446 4471 10975 2423 1116 11519 8380 3251 7690 558 112 2280 8552 7429 8389 2151 3913 3752 2069
is_linear=0
shrinkage=0.03


Tree=116
num_leaves=31
num_cat=0
split_feature=10 11 15 18 0 1 7 10 6 17 8 5 7 0 7 4 4 22 12 7 4 4 4 4 8 1 4 15 25 12
split_gain=349728 132927 94341.9 93128.3 79707.1 88493.1 77524.4 75802.5 71193 67398.1 61903.5 54376.3 53122 51640.3 51195.3 47952 47414.2 46475.5 45328.3 44947 44450.6 43670.2 48454.3 43015 51380.1 62369.1 70671.2 47316.1 46152.8 43933.5
threshold=143.30500000000004 367.71000000000009 296.20833333333337 1.0000000180025095e-35 5.5000000000000009 1.0000000180025095e-35 7.3385416666666687 -2.4362499999999998 4.5411894273127764 4310.2226650000002 129.43750000000003 38901.812500000007 6.9288194444444464 6.5000000000000009 8.2968750000000018 8.5000000000000018 259.50000000000006 1.0000000180025095e-35 62.537916666666668 5.5329861111111134 10.500000000000002 156.50000000000003 361.50000000000006 52.500000000000007 435.14375000000007 3.5000000000000004 158.50000000000003 85.56750000000001 284.98812500000003 242.03625000000002
decision_type=10 10 10 2 2 2 2 8 2 10 2 2 2 2 2 2 2 2 10 2 2 2 2 2 2 2 2 10 10 10
left_child=3 6 -3 4 18 -6 11 -5 -8 15 12 16 -9 14 -10 -7 -2 20 -1 -4 -13 -17 -23 27 29 26 -26 -22 -27 -25
right_child=1 2 19 7 5 9 8 10 13 -11 -12 17 -14 -15 -16 21 -18 -19 -20 -21 23 22 -24 24 25 28 -28 -29 -30 -31
leaf_value=-0.22070816831352172 0.031490199881362479 1.6681252865931566 0.49144486045960512 -1.3205145897716284 0.16155138221846579 0.41734863120586352 0.40897094539458478 -0.0094751816208256835 -0.023960013009848135 -0.14639980373752498 -0.22317639993588179 0.86986334102494378 -0.21778563564366865 -0.089223148094638952 -0.92541797376237811 -0.061592489766791693 -0.5285746218551669 -0.53500072452989289 -0.045422751311821281 0.16976226108548323 0.64959453423507518 0.084859098725995202 -0.49776215103878213 0.18593824876214204 -0.094192063962338396 -0.08700499653502515 0.81712329685688012 -0.045480646682341523 -0.83959642011107816 0.39377238680526394
leaf_weight=2195 665 50 931 47 3083 265 212 4221 92 2837 3565 83 1490 988 147 4264 170 81 3360 676 95 4823 131 2813 182 284 131 1076 98 1359
leaf_count=2195 665 50 931 47 3083 265 212 4221 92 2837 3565 83 1490 988 147 4264 170 81 3360 676 95 4823 131 2813 182 284 131 1076 98 1359
internal_value=-0.00134197 0.151208 0.396882 -0.0523933 -0.0173014 0.0178343 0.103139 -0.131269 -0.0974452 -0.0181401 -0.125102 0.144165 -0.063852 -0.185205 -0.579959 0.0202424 -0.0830308 0.174761 -0.114712 0.356316 0.18424 0.00878227 0.0693553 0.174672 0.213942 -0.0248468 0.288609 0.011415 -0.281766 0.253717
internal_weight=40414 10133 1657 30281 20958 15403 8476 9323 1439 12320 9276 7037 5711 1227 239 9483 835 6202 5555 1607 6121 9218 4954 6038 4867 695 313 1171 382 4172
internal_count=40414 10133 1657 30281 20958 15403 8476 9323 1439 12320 9276 7037 5711 1227 239 9483 835 6202 5555 1607 6121 9218 4954 6038 4867 695 313 1171 382 4172
is_linear=0
shrinkage=0.03


Tree=117
num_leaves=31
num_cat=0
split_feature=14 16 0 1 0 0 0 9 9 23 6 7 6 7 17 4 12 5 8 24 12 24 24 7 16 4 6 4 14 8
split_gain=299338 116234 104207 136638 128116 106167 90292.3 89256.1 88441 81403.4 131935 76764.9 73776.7 71929.2 73944.8 72814.9 71169.5 70645.8 60449 51058.3 50463.1 76203.1 45803.6 44842.2 43528.3 42690 69158.8 45317.1 42025 40493
threshold=172.18000000000004 4089.7144226249366 16.500000000000004 4.5000000000000009 5.5000000000000009 5.5000000000000009 16.500000000000004 85.001250000000013 321.3250000000001 2.5000000000000004 2.6726872246696041 9.2795138888888911 7.6627753303964772 5.9739583333333348 9676.9243400000032 124.50000000000001 246.2154166666667 42202.750000000007 685.99375000000009 344.32500000000005 383.62437500000004 396.99500000000006 214.95500000000001 5.9739583333333348 1716.5851665198377 272.50000000000006 7.7504405286343632 222.50000000000003 463.79500000000007 7.3812500000000005
decision_type=10 10 2 2 2 2 2 10 10 2 2 2 2 2 10 2 10 2 2 10 10 10 10 2 10 2 2 2 10 2
left_child=6 2 3 5 23 7 12 -2 -4 16 -11 -9 -1 14 24 17 -7 -16 19 28 21 -12 -20 -5 -14 27 -27 -10 -6 -29
right_child=1 -3 8 4 18 9 -8 11 25 10 20 -13 13 -15 15 -17 -18 -19 22 -21 -22 -23 -24 -25 -26 26 -28 29 -30 -31
leaf_value=0.030536285850385654 0.67213708354532709 -0.28189498440591526 0.19628690270199017 0.35713254926472726 -0.21616159607987062 0.092865971915526313 0.028610308839282325 -0.030004293932553442 0.45211939575285887 2.1621993684352829 0.51456619302791595 -1.0701703645085745 0.0024686637218047161 -0.20070919741270399 -1.8187371972266664 -0.17982451736528099 0.38802541634140747 -0.49997410624093092 -0.51690113752556499 -0.84536557904077236 1.459885001386084 -0.44060737241185116 -1.7159528866836002 -0.12404703296889039 -0.14495055823065117 0.46780820878652424 -0.86747793547312413 0.4544086531862136 0.480788563319615 1.2382243163104762
leaf_weight=3708 159 609 2584 506 1076 2249 8160 1968 357 42 489 65 6364 5944 46 976 1092 171 95 108 40 88 41 265 2514 155 44 92 83 175
leaf_count=3708 159 609 2584 506 1076 2249 8160 1968 357 42 489 65 6364 5944 46 976 1092 171 95 108 40 88 41 265 2514 155 44 92 83 175
internal_value=-0.000809095 0.121933 0.142844 0.0858681 -0.118707 0.157702 -0.0553174 -0.0101084 0.282685 0.249641 0.554172 -0.0637707 -0.0900405 -0.117958 -0.0691027 -0.290758 0.189426 -0.786588 -0.289357 -0.22442 0.441389 0.36838 -0.888267 0.1918 -0.0392879 0.553383 0.169708 0.675274 -0.165879 0.970849
internal_weight=40265 12382 11773 8366 2174 6192 27883 2192 3407 4000 659 2033 19723 16015 10071 1193 3341 217 1403 1267 617 577 136 771 8878 823 199 624 1159 267
internal_count=40265 12382 11773 8366 2174 6192 27883 2192 3407 4000 659 2033 19723 16015 10071 1193 3341 217 1403 1267 617 577 136 771 8878 823 199 624 1159 267
is_linear=0
shrinkage=0.03


Tree=118
num_leaves=31
num_cat=0
split_feature=10 5 11 15 7 1 2 4 14 7 17 4 7 8 1 13 25 8 5 1 0 7 6 9 15 6 4 6 3 4
split_gain=279906 98719.9 92767.6 114997 90363.1 90074.3 115832 130674 121469 95528.5 81964.7 64561.3 64432.3 59169.9 60757.4 60181 66944.8 58649.2 55029.3 51367.5 63882.3 46641.1 55020.7 46636.5 44137.5 43063.9 40012.5 57149.8 44969 57010.7
threshold=165.86750000000004 46400.687500000007 343.72000000000008 277.52729166666671 6.383680555555558 3.5000000000000004 8.5000000000000018 218.50000000000003 534.45000000000016 5.4913194444444473 1754.8409150000002 180.50000000000003 10.085069444444448 517.38125000000014 5.5000000000000009 298.67500000000001 444.56375000000008 0.11250000000000002 37713.500000000007 1.0000000180025095e-35 5.5000000000000009 7.8107638888888911 4.5411894273127764 -1.0000000180025095e-35 396.69062500000013 17.6330396475771 164.50000000000003 10.524669603524233 1.0000000180025095e-35 8.5000000000000018
decision_type=10 2 10 10 2 2 2 2 10 2 10 2 2 2 2 10 10 2 2 2 2 2 2 10 10 2 2 2 2 2
left_child=1 4 13 -4 10 11 7 24 9 -8 -1 -5 19 15 -15 16 18 -13 -2 20 -3 -20 -23 -22 -7 -10 27 28 29 -21
right_child=2 12 3 5 -6 6 8 -9 25 -11 -12 17 -14 14 -16 -17 -18 -19 21 26 23 22 -24 -25 -26 -27 -28 -29 -30 -31
leaf_value=-0.015699015808025775 -0.22700138701320582 -0.25060347264109734 1.6505709260085533 -0.18385715797269608 -0.23209599047818863 0.3319832392313431 0.99185511815903793 1.1485038619761059 -1.5314011130245677 -0.53958029433532995 -0.21998279292576772 0.18687073027241533 -0.26371095340446155 -0.030588892359509425 -0.82036537719078551 0.54843020533591935 -0.94090341424942014 0.65295831851085484 0.17322065329534878 0.31371835248938629 -0.15835389746710998 0.52940078606208163 -0.20814669393513607 0.23744683564315783 -0.5906043103933335 -0.44995188462532171 0.051868026517794215 -0.15722136599626954 -0.73320589596890429 -0.014851744070247284
leaf_weight=8398 401 341 57 135 3627 96 66 122 80 80 2238 353 780 350 116 283 54 786 4429 524 306 107 579 2118 89 58 5963 2913 72 5017
leaf_count=8398 401 341 57 135 3627 96 66 122 80 80 2238 353 780 350 116 283 54 786 4429 524 306 107 579 2118 89 58 5963 2913 72 5017
internal_value=-0.004012 -0.0438331 0.152036 0.334493 -0.102807 0.293407 -0.0127169 0.39063 -0.44857 0.15475 -0.0587005 0.435314 0.00281233 0.096495 -0.228521 0.122406 0.100667 0.508799 0.111032 0.0148756 0.133344 0.137572 -0.0925033 0.187437 -0.112645 -1.08339 -0.00773983 -0.0494302 0.00652869 0.0162714
internal_weight=40538 32297 8241 1922 14263 1865 591 307 284 146 10636 1274 18034 6319 466 5853 5570 1139 5516 17254 2765 5115 686 2424 185 138 14489 8526 5613 5541
internal_count=40538 32297 8241 1922 14263 1865 591 307 284 146 10636 1274 18034 6319 466 5853 5570 1139 5516 17254 2765 5115 686 2424 185 138 14489 8526 5613 5541
is_linear=0
shrinkage=0.03


Tree=119
num_leaves=31
num_cat=0
split_feature=12 5 1 16 1 0 10 17 10 9 16 12 25 13 6 4 4 4 0 4 6 12 4 12 4 14 25 4 13 12
split_gain=295224 127432 93568.1 91947.2 90297 107941 78802.1 69348.3 64765.4 62175.6 57888.4 55754.4 123616 58456 59680.9 80517.8 68579.6 75757.2 73312.6 74199.9 60468.4 54975.6 52383.2 60521.2 51807.4 60521.8 48188.9 60463.5 46577.6 49617
threshold=246.2154166666667 46400.687500000007 3.5000000000000004 14040.386736227545 1.0000000180025095e-35 5.5000000000000009 410.50500000000005 1712.59826 86.003750000000011 -0.068749999999999992 2197.7786589771381 628.70145833333345 444.56375000000008 345.17000000000002 6.732158590308372 267.50000000000006 223.50000000000003 258.50000000000006 17.500000000000004 190.50000000000003 0.92334801762114538 284.98812500000003 260.50000000000006 57.028750000000002 350.50000000000006 196.57500000000002 184.94062500000004 331.50000000000006 159.25000000000003 250.48604166666669
decision_type=10 2 2 10 2 2 10 10 10 10 8 10 10 10 2 2 2 2 2 2 2 10 2 10 2 10 10 2 10 10
left_child=1 7 6 4 5 -3 28 10 -6 -7 -1 12 13 14 20 16 18 -18 19 -16 -4 -17 23 -12 25 -11 -27 -28 -2 -30
right_child=2 3 11 -5 8 9 -8 -9 -10 24 22 -13 -14 -15 15 21 17 -19 -20 -21 -22 -23 -24 -25 -26 26 27 -29 29 -31
leaf_value=0.080331719923006556 1.0223579738040764 -0.26782272514980937 -0.43659479113984595 -0.38275423788510993 -0.054211714053699601 -0.22703782092587185 0.69633916496861414 -0.22299631323717903 0.06248067657446213 0.24079690373056845 -0.1709204473241063 0.99315365189212856 -0.70437547815845192 0.78665624312865423 0.020561604914457902 -0.053580169265920463 1.5086795911788942 0.077393673627000101 0.5522581864051197 -0.87342186431773006 0.50288888734860093 -0.98482110042031856 -0.21206794773072027 0.0040989370749872798 -0.30339336092787561 1.3874750925245738 0.37840845058858391 1.5409090276211499 0.96734721758589148 0.19875306992245725
leaf_weight=2174 71 426 72 491 8474 231 544 2907 8648 1971 2639 58 172 116 275 109 59 75 137 119 402 119 2422 5447 127 62 399 44 79 1404
leaf_count=2174 71 426 72 491 8474 231 544 2907 8648 1971 2639 58 172 116 275 109 59 75 137 119 402 119 2422 5447 127 62 399 44 79 1404
internal_value=0.000297249 -0.0259648 0.251502 0.0225034 0.0322843 0.17697 0.385779 -0.090859 0.00472762 0.243901 -0.0605549 0.0869178 0.0545779 0.143017 0.0878649 -0.0565924 0.110328 0.714094 -0.0430902 -0.250976 0.359564 -0.541801 -0.0897078 -0.0530356 0.285765 0.316095 0.608923 0.497082 0.276685 0.240321
internal_weight=40273 36462 3811 20873 20382 3260 2098 15589 17122 2834 12682 1713 1655 1483 1367 893 665 134 531 394 474 228 10508 8086 2603 2476 505 443 1554 1483
internal_count=40273 36462 3811 20873 20382 3260 2098 15589 17122 2834 12682 1713 1655 1483 1367 893 665 134 531 394 474 228 10508 8086 2603 2476 505 443 1554 1483
is_linear=0
shrinkage=0.03


Tree=120
num_leaves=31
num_cat=0
split_feature=12 0 18 0 14 0 1 13 24 4 4 11 7 13 14 4 15 0 8 4 15 0 8 14 17 0 4 12 24 17
split_gain=254297 128206 141665 140500 86380.6 75231.9 58082 121264 124454 60579.1 71907.2 57671.3 51827.3 51809.9 75099.3 60001.5 48742.2 48727.4 48683.2 77431.2 48141.4 47385.9 46598.5 54805.9 45540.1 45179.2 53940.8 67413.7 52116.8 45099.6
threshold=302.37062500000008 16.500000000000004 1.0000000180025095e-35 4.5000000000000009 115.84000000000002 16.500000000000004 4.5000000000000009 378.59000000000009 266.72500000000008 170.50000000000003 68.500000000000014 145.54500000000004 4.9253472222222241 47.150000000000013 165.07875000000004 352.50000000000006 513.26479166666684 5.5000000000000009 673.72500000000002 126.50000000000001 6.7772916666666676 2.5000000000000004 477.91250000000008 463.79500000000007 8618.9152150000027 5.5000000000000009 16.500000000000004 36.013958333333342 103.62000000000002 8205.0688650000029
decision_type=10 2 2 2 10 2 2 10 10 2 2 10 2 10 10 2 10 2 2 2 10 2 2 10 10 2 2 10 10 10
left_child=1 2 4 -4 25 6 9 8 -8 10 -2 12 -3 14 20 29 -7 -11 -5 -20 -6 -10 -19 -24 -22 28 27 -27 -1 -15
right_child=5 11 3 18 13 16 7 -9 21 17 -12 -13 -14 15 -16 -17 -18 22 19 -21 24 -23 23 -25 -26 26 -28 -29 -30 -31
leaf_value=-0.17375282758829302 0.47816213052323525 0.1364570995080116 0.029795716101289983 -0.21774184514464032 1.004277606010437 0.43331711323946293 0.24527695107036057 1.2369973540306092 0.084847391408223366 0.092278804155570618 -1.0966272753275046 0.18190391446965606 -0.026530824450512639 0.021348653181850363 0.38888985877382226 -0.53204063723510819 1.1036311485560546 0.65810562934369254 -1.4978199000927535 -0.37610822526789345 0.098159384115814124 -0.94521834325981646 0.9484989428520203 -0.090505972746759644 -0.2222840883253468 1.4540818982124328 -0.058793267166943039 0.15757679105932648 -1.2394392538922172 -0.42916080620646185
leaf_weight=2602 46 2535 2427 5379 47 642 238 55 51 424 58 2766 5707 6854 800 189 115 510 65 353 2472 186 59 191 475 44 4569 184 41 205
leaf_count=2602 46 2535 2427 5379 47 642 238 55 51 424 58 2766 5707 6854 800 189 115 510 65 353 2472 186 59 191 475 44 4569 184 41 205
internal_value=-0.00305507 -0.0227522 -0.0582635 -0.161837 -0.01217 0.28533 0.18052 -0.0837113 -0.238913 0.289229 -0.402166 0.0633977 0.02361 0.0410665 0.130869 -0.00595252 0.53647 0.350247 -0.242058 -0.553696 0.0618184 -0.724133 0.493856 0.157501 0.0464521 -0.0911752 -0.0362859 0.413037 -0.190747 0.0082065
internal_weight=40289 37714 26706 8224 18482 2575 1818 530 475 1288 104 11008 8242 11042 3794 7248 757 1184 5797 418 2994 237 760 250 2947 7440 4797 228 2643 7059
internal_count=40289 37714 26706 8224 18482 2575 1818 530 475 1288 104 11008 8242 11042 3794 7248 757 1184 5797 418 2994 237 760 250 2947 7440 4797 228 2643 7059
is_linear=0
shrinkage=0.03


Tree=121
num_leaves=31
num_cat=0
split_feature=12 0 18 0 0 8 23 1 8 8 13 6 14 25 14 6 13 5 2 12 15 2 5 13 8 14 11 12 4 25
split_gain=277882 122327 114054 109348 76200.1 121298 73993.1 71171.2 104670 213501 74424.8 69215.4 59135.1 55500.2 54524.3 104830 53347.8 61292.1 65841.6 69336.2 54544.1 67548.4 64021.7 51233.6 51163.5 50719.6 48434.3 47438.2 61723 45455.6
threshold=246.2154166666667 16.500000000000004 1.0000000180025095e-35 3.5000000000000004 5.5000000000000009 228.45625000000004 2.5000000000000004 1.5000000000000002 8.1375000000000011 32.631250000000009 329.49500000000006 32.259691629955952 144.92000000000004 198.52375000000004 451.89500000000004 18.615198237885469 293.64000000000004 50154.875000000007 9.5000000000000018 296.20833333333337 277.52729166666671 2.5000000000000004 74725.000000000015 177.25000000000003 494.80000000000007 82.641250000000014 161.08500000000004 396.69062500000013 222.50000000000003 242.03625000000002
decision_type=10 2 2 2 2 2 2 2 2 2 10 2 10 10 10 2 10 2 2 10 10 2 2 10 2 10 10 10 2 10
left_child=1 2 4 -4 25 6 -6 8 -2 -10 14 26 -8 -9 15 23 17 18 27 -20 21 -19 -22 -11 -18 -1 -3 28 -15 -27
right_child=7 11 3 -5 5 -7 12 13 9 10 -12 -13 -14 16 -16 -17 24 20 19 -21 22 -23 -24 -25 -26 29 -28 -29 -30 -31
leaf_value=-0.29141417751611914 0.14338585328138789 0.017505416308372455 0.041945994587879606 -0.21885149225743625 0.062595368048183234 -0.076642990552650822 0.19170418531433198 0.80134300177087303 2.8522089004916387 1.2631840004616006 1.5292316395416856 0.7010028217380514 0.64331607932982215 -0.1188088544794073 0.050018945397890133 2.0995877499026911 0.39711905828226279 -0.37630803721566353 -0.25591550657694989 -1.6360608721004342 -0.21695330143708624 0.50773476327147293 0.79231452240185296 0.029996023656836211 -0.11219660524464301 -0.052728795867130987 0.18516110079539302 -1.0126072061934122 0.80119613330673289 -0.63642528843316359
leaf_weight=1092 454 8622 1890 6167 4675 5558 927 118 40 42 63 147 363 345 183 41 910 92 87 52 395 481 65 103 220 5073 1890 40 80 122
leaf_count=1092 454 8622 1890 6167 4675 5558 927 118 40 42 63 147 363 345 183 41 910 92 87 52 395 481 65 103 220 5073 1890 40 80 122
internal_value=-0.00334645 -0.0287829 -0.0640247 -0.157676 -0.0216516 0.0241848 0.11813 0.24039 0.46912 0.781467 0.583588 0.056739 0.319186 0.166837 0.41844 0.778712 0.139498 0.0300068 -0.209851 -0.780227 0.17032 0.365386 -0.07293 0.393401 0.297949 -0.105652 0.0476637 -0.0380426 0.0558428 -0.0665562
internal_weight=40337 36526 25867 8057 17810 11523 5965 3811 926 472 432 10659 1290 2885 369 186 2767 1637 604 139 1033 573 460 145 1130 6287 10512 465 425 5195
internal_count=40337 36526 25867 8057 17810 11523 5965 3811 926 472 432 10659 1290 2885 369 186 2767 1637 604 139 1033 573 460 145 1130 6287 10512 465 425 5195
is_linear=0
shrinkage=0.03


Tree=122
num_leaves=31
num_cat=0
split_feature=10 13 6 16 4 13 5 0 4 4 4 24 13 14 15 0 13 14 23 15 14 14 4 8 4 16 5 0 14 17
split_gain=234242 99089.3 82913.7 96539 80296.4 73086.2 72077.7 65308.3 57387.9 69359.1 53947.1 52544.7 52452.8 67079.4 53930.9 47686 62219.5 49084.1 47181.8 44879.6 59043.5 50894.1 43543.5 41519 41318.6 41171.7 40747 40684.6 40308.8 41504
threshold=150.00500000000002 293.64000000000004 6.9343612334801774 3705.3720670662406 354.50000000000006 20.050000000000004 40456.250000000007 17.500000000000004 258.50000000000006 248.50000000000003 154.50000000000003 295.01500000000004 64.030000000000015 283.66500000000002 513.26479166666684 15.500000000000002 40.267500000000005 181.84500000000003 6.5000000000000009 513.26479166666684 493.88000000000005 438.64000000000004 240.50000000000003 8.9562500000000025 223.50000000000003 11653.267558709189 55331.250000000007 6.5000000000000009 44.935000000000009 10981.174205000001
decision_type=10 10 2 10 2 8 2 2 2 2 2 10 10 10 10 2 10 10 2 10 10 10 2 2 2 10 2 2 10 10
left_child=2 6 5 4 10 -1 8 19 9 22 28 -10 13 -8 -14 18 17 -17 -12 20 21 -3 -2 -9 -25 26 -5 -20 -4 -30
right_child=1 7 3 25 -6 -7 12 23 11 -11 15 -13 14 -15 -16 16 -18 -19 27 -21 -22 -23 -24 24 -26 -27 -28 -29 29 -31
leaf_value=0.31818071147052768 -0.026597301095269272 0.7987884435653686 -0.34952571638549368 -0.17206885889481927 -0.43514182506210686 0.017545108214322605 0.28661819140987721 0.37907370282180847 -0.29331852138924353 0.94538392605842092 0.020787006601352652 -1.3000082763310137 0.088994987262406275 1.4250365570783616 0.95764281957424602 0.18949636179769633 -0.032796782420534194 0.91463806339624254 0.0096745339960364971 -0.10292469951217292 0.53194535944617904 -0.35433122359976477 -1.0107277097258456 0.52119375104182641 1.4671625464424796 -0.35483332524411459 0.075933672157505946 -0.25880659115078669 -0.050779702473623858 -0.40085408948924178
leaf_weight=895 687 44 476 4069 433 3877 703 154 244 63 6141 57 6332 49 64 1899 1530 87 884 243 526 146 42 75 97 921 698 1193 7361 317
leaf_count=895 687 44 476 4069 433 3877 703 154 244 63 6141 57 6332 49 64 1899 1530 87 884 243 526 146 42 75 97 921 698 1193 7361 317
internal_value=-0.000720026 0.129274 -0.040953 -0.0620433 -0.0314608 0.0739849 0.0910415 0.374206 -0.135758 -0.00158343 -0.0226505 -0.487628 0.125735 0.362591 0.0978352 0.0185377 0.110981 0.221707 -0.0210219 0.249042 0.368471 -0.084509 -0.0846031 0.740517 1.06007 -0.171278 -0.135747 -0.144588 -0.0819173 -0.0652835
internal_weight=40307 9526 30781 26009 20321 4772 8241 1285 1093 792 19888 301 7148 752 6396 11734 3516 1986 8218 959 716 190 729 326 172 5688 4767 2077 8154 7678
internal_count=40307 9526 30781 26009 20321 4772 8241 1285 1093 792 19888 301 7148 752 6396 11734 3516 1986 8218 959 716 190 729 326 172 5688 4767 2077 8154 7678
is_linear=0
shrinkage=0.03


Tree=123
num_leaves=31
num_cat=0
split_feature=11 1 6 7 6 7 11 4 11 25 7 5 13 8 8 13 14 14 25 6 1 16 13 6 4 4 0 18 15 15
split_gain=255655 113748 329619 108352 116054 92766.6 80420.6 79174.8 75827.6 64152.4 63950.3 69437.1 62095.8 56782.2 52737.3 62658.4 70266.2 104417 67474 49801.7 47241.1 46433.1 42197.5 37665.3 37141.2 40474.4 36891.6 36591.8 35557.5 58396
threshold=235.99500000000003 1.5000000000000002 0.39052863436123347 5.2135416666666687 7.2182819383259931 7.0850694444444473 23.505000000000006 354.50000000000006 570.0150000000001 296.20833333333337 10.57465277777778 39206.250000000007 20.050000000000004 228.45625000000004 382.32500000000005 293.64000000000004 640.34000000000003 508.52000000000004 373.22166666666675 21.937885462555069 3.5000000000000004 2495.6496371025328 304.53000000000003 30.33392070484582 2.5000000000000004 8.5000000000000018 4.5000000000000009 1.5000000000000002 406.63729166666673 364.06333333333345
decision_type=10 2 2 2 2 2 10 2 10 10 2 2 10 2 2 10 10 10 10 2 2 10 10 2 2 2 2 2 10 10
left_child=3 2 -2 6 12 8 -1 10 26 -7 11 -6 27 -13 15 16 17 -3 -19 22 -16 -8 -17 -23 -14 -26 -4 -5 29 -22
right_child=1 14 5 4 7 9 21 -9 -10 -11 -12 13 24 -15 20 19 -18 18 -20 -21 28 23 -24 -25 25 -27 -28 -29 -30 -31
leaf_value=-0.10182495521840368 2.9413881474603776 0.1112900854377589 -0.09380642414093017 0.40181341285538419 -0.22664313607128636 0.19730350306460803 0.086504984484427005 -0.57385294563191946 1.3007153103221207 -0.71917278023064135 -0.41502115031818615 -0.012138586868272336 -0.8057669930167648 -0.15018879774922156 0.13867002856966695 0.73810490412915009 1.1148345870897174 -1.548168799398975 -0.24373831761284517 0.91305952811856628 -0.34884729751762544 -0.11529087596308178 0.14717909555835648 0.73856370672583582 0.41057786753214082 -0.0037199231956827048 0.48398807980868563 -0.13924955690608304 0.10356983194612476 -1.5682084711352173
leaf_weight=3205 45 1506 113 661 2628 219 11534 321 95 99 553 8302 48 3960 227 140 55 54 103 137 130 1494 479 47 228 2897 811 135 72 48
leaf_count=3205 45 1506 113 661 2628 219 11534 321 95 99 553 8302 48 3960 227 140 55 54 103 137 130 1494 479 47 228 2897 811 135 72 48
internal_value=0.00173584 0.219421 0.443938 -0.0244609 -0.0717244 0.357745 0.0328282 -0.108229 0.497228 -0.0893746 -0.0985141 -0.0867322 0.0732549 -0.0567304 0.114161 0.169846 0.0696026 0.0343847 -0.699355 0.397254 -0.174401 0.0658402 0.281804 -0.0887865 0.0137868 0.0266289 0.413302 0.309991 -0.45809 -0.684588
internal_weight=40346 4333 1382 36013 19733 1337 16280 15764 1019 318 15443 14890 3969 12262 2951 2474 1718 1663 157 756 477 13075 619 1541 3173 3125 924 796 250 178
internal_count=40346 4333 1382 36013 19733 1337 16280 15764 1019 318 15443 14890 3969 12262 2951 2474 1718 1663 157 756 477 13075 619 1541 3173 3125 924 796 250 178
is_linear=0
shrinkage=0.03


Tree=124
num_leaves=31
num_cat=0
split_feature=12 7 5 1 1 6 15 8 0 12 6 8 15 15 15 13 13 25 16 1 7 17 22 8 15 5 15 17 16 7
split_gain=230337 108385 111515 86592.1 77863.9 182512 78050.2 73023.6 72752 72746.8 81673.2 72160.4 67138.9 113250 62512.9 66020.5 60048.8 58367.1 56869.8 55943.6 45417 51042.7 45385.3 44313.9 43663.3 43130.8 41395 40008.6 37916 37341.4
threshold=246.2154166666667 10.085069444444448 40755.687500000007 1.0000000180025095e-35 1.5000000000000002 0.39052863436123347 513.26479166666684 231.28125000000003 5.5000000000000009 110.33458333333336 22.491409691629961 673.72500000000002 164.08375000000004 196.84062500000002 458.07729166666678 281.36500000000007 177.25000000000003 170.86473958333337 11653.267558709189 2.5000000000000004 6.8732638888888902 123.15368500000001 1.0000000180025095e-35 7.3812500000000005 65.081250000000011 75364.500000000015 443.54708333333343 8713.327390000004 1502.8577996016963 5.6267361111111134
decision_type=10 2 2 2 2 2 10 2 2 10 2 2 10 10 10 10 10 10 10 2 2 10 2 2 10 2 10 10 10 2
left_child=1 2 11 8 5 -2 14 18 -4 17 25 20 -6 19 15 16 -7 27 26 -14 21 -1 -15 -8 -23 -11 -5 -10 -9 -18
right_child=4 -3 3 7 12 6 23 28 9 10 -12 -13 13 22 -16 -17 29 -19 -20 -21 -22 24 -24 -25 -26 -27 -28 -29 -30 -31
leaf_value=-0.038948042070573168 2.0912739246467065 -0.31446744316140185 -0.17537991567563174 0.033818477986469746 -0.82407909030006044 0.80259656933981516 0.35833937271340532 -0.041494307633410409 0.17160107286647056 0.25017939782826881 1.1897698548355617 -0.73777195450663569 0.13144756668806076 0.13213452953103086 -0.72510611883525189 1.1881788083385019 0.18510452464222907 -1.0101303971686013 -0.28781301465019049 1.2590724137523135 -0.29385464875481743 -0.19642090348744728 -0.86218461939266744 1.4006565606192256 -0.79006776959620983 1.1245744174556298 0.89841613578200341 -0.18067741814355356 -0.18761257479946719 -0.46996495397705018
leaf_weight=5431 57 1118 577 15568 62 118 64 5121 2466 682 110 164 59 2584 57 67 374 40 501 121 975 794 41 88 129 54 49 328 2323 98
leaf_count=5431 57 1118 577 15568 62 118 64 5121 2466 682 110 164 59 2584 57 67 374 40 501 121 975 794 41 88 129 54 49 328 2323 98
internal_value=-0.000627168 -0.0237858 -0.014574 0.0130954 0.221924 0.461451 0.351888 -0.00940402 0.1376 0.186707 0.430683 -0.117289 0.144677 0.166376 0.219772 0.302725 0.200333 0.11375 0.0264879 0.89223 -0.103306 -0.0740251 0.116282 0.966997 -0.280155 0.315772 0.0365886 0.130196 -0.0871115 0.0483883
internal_weight=40220 36430 35312 27819 3790 923 866 23562 4257 3680 846 7493 2867 2805 714 657 590 2834 16118 180 7329 6354 2625 152 923 736 15617 2794 7444 472
internal_count=40220 36430 35312 27819 3790 923 866 23562 4257 3680 846 7493 2867 2805 714 657 590 2834 16118 180 7329 6354 2625 152 923 736 15617 2794 7444 472
is_linear=0
shrinkage=0.03


Tree=125
num_leaves=31
num_cat=0
split_feature=10 5 7 5 4 8 4 15 5 4 16 16 4 11 5 4 5 15 13 8 7 8 4 18 7 4 2 4 13 4
split_gain=255706 98711 105403 87674.8 86219.2 86109.3 83886 94548.1 72929.6 72671.5 66092.5 56194.8 52897.1 81925.2 385117 79201.8 76318.8 58580.2 53354.2 52123.4 46700.8 44367.8 44276.9 75183.2 43393.8 43164.6 69240.2 50009.9 79522.7 52627
threshold=255.00500000000002 49400.625000000007 5.7447916666666687 46103.687500000007 259.50000000000006 644.01875000000007 222.50000000000003 477.00062500000007 38302.187500000007 215.50000000000003 13338.190524353833 2668.3972387839162 272.50000000000006 320.91500000000002 61654.437500000007 180.50000000000003 72108.125000000015 315.7247916666667 197.26500000000001 222.76875000000004 10.085069444444448 610.68750000000011 122.50000000000001 1.5000000000000002 6.5052083333333348 144.50000000000003 11.500000000000002 10.500000000000002 8.5800000000000018 2.5000000000000004
decision_type=10 2 2 2 2 2 2 10 2 2 10 10 2 10 2 2 2 10 10 2 2 2 2 2 2 2 2 2 8 2
left_child=1 2 5 4 6 11 9 -8 -9 21 25 -1 13 -5 15 18 17 -14 -15 -17 -4 -2 23 -7 -6 27 -27 28 -3 -30
right_child=3 10 20 12 24 22 7 8 -10 -11 -12 -13 16 14 -16 19 -18 -19 -20 -21 -22 -23 -24 -25 -26 26 -28 -29 29 -31
leaf_value=0.039250389669795077 0.15267456641243132 0.76159036666154856 -0.13778048271269375 0.2210099410146816 -0.2348191217157278 -0.29845527967387298 0.76806955863967386 -0.90343407654762264 0.35585348541015072 -0.86296575103487283 -0.29833595407671715 -0.13826086470993906 0.23072739695445182 0.50738132090751942 3.5090761034663127 1.0879539272817405 0.63952140754387699 -0.3235438538170739 -0.66352261032517024 0.47176548021269216 -0.51594467650149378 -0.78925762145519263 -0.19463541781017554 -1.7071447739481926 -1.1646423102732075 0.1795346038592148 -0.043484441077709809 -0.016916341263726289 -0.51387556808326262 0.17715141251068697
leaf_weight=9732 450 188 7540 654 177 109 306 64 113 90 523 1921 464 64 40 184 242 271 75 382 305 49 799 49 60 3965 1831 8804 115 684
leaf_count=9732 450 188 7540 654 177 109 306 64 113 90 523 1921 464 64 40 184 242 271 75 382 305 49 799 49 60 3965 1831 8804 115 684
internal_value=0.00153484 -0.0224721 -0.0662148 0.239689 0.0424915 -0.0124977 0.157041 0.449672 -0.102 -0.0832823 0.033069 0.00997826 0.348267 0.466531 0.681477 0.516303 0.178618 0.0262015 -0.124628 0.673647 -0.152547 0.0587867 -0.285904 -0.743316 -0.474122 0.0442072 0.109086 0.00579364 0.208178 0.0771739
internal_weight=40250 36565 20455 3685 1309 12610 1072 483 177 589 16110 11653 2376 1399 745 705 977 735 139 566 7845 499 957 158 237 15587 5796 9791 987 799
internal_count=40250 36565 20455 3685 1309 12610 1072 483 177 589 16110 11653 2376 1399 745 705 977 735 139 566 7845 499 957 158 237 15587 5796 9791 987 799
is_linear=0
shrinkage=0.03


Tree=126
num_leaves=31
num_cat=0
split_feature=12 0 18 0 0 8 4 6 6 24 4 0 23 4 6 14 6 16 18 13 7 7 14 7 18 13 15 4 4 6
split_gain=211708 101713 95100.8 99325.8 73496.7 109387 67326.2 449417 178842 112300 102866 99454.8 65696.8 60210.9 51026.9 50902 50335.6 50231.2 47856.7 46381.2 45734.9 45307.6 43112.7 42336.2 41361.2 50317.2 47580.9 70079.6 48240.4 45910.2
threshold=246.2154166666667 16.500000000000004 1.0000000180025095e-35 2.5000000000000004 5.5000000000000009 231.28125000000003 272.50000000000006 0.39052863436123347 11.557268722466961 272.60500000000008 269.50000000000006 17.500000000000004 2.5000000000000004 350.50000000000006 1.0000000180025095e-35 129.78250000000003 32.259691629955952 3050.087290097526 1.5000000000000002 293.64000000000004 4.5954861111111134 10.220486111111114 96.010000000000005 9.2065972222222268 1.5000000000000002 315.09000000000009 246.2154166666667 176.50000000000003 58.500000000000007 5.5189427312775337
decision_type=10 2 2 2 2 2 2 2 2 10 2 2 2 2 2 10 2 10 2 10 2 2 10 2 2 10 10 2 2 2
left_child=1 2 4 -4 22 12 7 -2 14 -10 11 24 -6 15 -8 -14 21 -7 19 -13 -16 -3 -1 -24 26 -26 28 29 -9 -28
right_child=6 16 3 -5 5 17 8 10 9 -11 -12 18 13 -15 20 -17 -18 -19 -20 -21 -22 -23 23 -25 25 -27 27 -29 -30 -31
leaf_value=-0.2276609990639154 3.3780292122864299 0.061051127639915111 0.088384474342587602 -0.18687335446955627 0.066161236232060397 -0.020850320163601943 -0.57623892787396913 -0.12673958967626092 -0.12573642081372877 -1.6978974266722797 1.5703138049290728 0.18566320813754025 0.21180125950818482 -0.49498799560801127 0.49704982836083667 0.6085316004802237 0.62228591184956683 -0.24911178143356333 1.1415788452371076 0.74662917345888535 0.063848477748156246 -0.2900085325854046 -0.030142174702802546 -0.47533458594611577 -0.50782677747063576 0.44926645050920982 0.34270474729537964 0.20910451246532516 0.73554740558820875 -0.51031296343621557
leaf_weight=1662 41 10181 1433 6664 4644 4448 74 79 84 79 51 305 813 79 366 454 139 1077 101 235 546 341 4420 200 181 67 74 1026 220 235
leaf_count=1662 41 10181 1433 6664 4644 4448 74 79 84 79 51 305 813 79 366 454 139 1077 101 235 546 341 4420 200 181 67 74 1026 220 235
internal_value=0.00124634 -0.0208148 -0.052924 -0.138154 -0.014142 0.0308877 0.215447 0.299524 0.0240044 -0.893411 0.249195 0.221878 0.119681 0.304149 0.176418 0.354328 0.0571712 -0.0653828 0.544328 0.430716 0.238053 0.0496474 -0.0966737 -0.0495133 0.111823 -0.248491 0.166628 0.0898348 0.508056 -0.305584
internal_weight=40319 36555 25894 8097 17797 11515 3764 2615 1149 163 2574 2523 5990 1346 986 1267 10661 5525 641 540 912 10522 6282 4620 1882 248 1634 1335 299 309
internal_count=40319 36555 25894 8097 17797 11515 3764 2615 1149 163 2574 2523 5990 1346 986 1267 10661 5525 641 540 912 10522 6282 4620 1882 248 1634 1335 299 309
is_linear=0
shrinkage=0.03


Tree=127
num_leaves=31
num_cat=0
split_feature=10 1 14 13 25 1 6 8 10 7 8 10 8 13 7 6 4 0 25 25 16 6 1 14 1 14 15 4 8 4
split_gain=202591 83794 73094.2 75827.9 81342.9 70503.9 243818 83650.1 69195 67700.5 66361.5 75258.2 50895.3 53734.9 47946.6 48885.5 45957.4 43548.7 46916.2 41860.9 41805.2 41765.5 40570.7 38941.2 111934 37150.4 36912.8 37258.3 36383.8 36334
threshold=202.42250000000004 1.5000000000000002 117.75875000000001 58.785000000000004 140.89843750000003 1.5000000000000002 0.39052863436123347 0.11250000000000002 447.30500000000006 10.390625000000002 517.38125000000014 -7.7899999999999991 287.53125000000006 293.64000000000004 5.3489583333333348 6.4207048458149787 330.50000000000006 5.5000000000000009 97.953333333333333 484.18229166666674 2802.2975868308417 28.020484581497797 3.5000000000000004 508.52000000000004 4.5000000000000009 640.34000000000003 54.599375000000002 260.50000000000006 0.11250000000000002 190.50000000000003
decision_type=10 2 10 10 10 2 2 2 10 2 2 10 2 10 2 2 2 2 10 10 10 2 2 10 2 10 10 2 2 2
left_child=1 2 17 4 26 6 -2 -8 19 10 14 -12 13 23 20 -16 -17 18 -1 -9 -3 22 -14 -7 25 -25 27 -4 -15 -24
right_child=5 9 3 -5 -6 12 7 8 -10 -11 11 -13 21 28 15 16 -18 -19 -20 -21 -22 -23 29 24 -26 -27 -28 -29 -30 -31
leaf_value=-0.14149482748339812 2.3336995038721295 0.040499617579370775 0.61460727460378284 0.013026925872729014 0.76138830529804891 0.12923957495759164 -0.019068089495712551 0.4707708528139054 1.4342265742165701 -0.36735243732541578 -1.4525076493408 -0.17192279653573025 0.10233011780808399 0.20731543070634567 0.064161358800359392 -0.08459164273099852 -0.34971203614492707 0.014936964413061929 -0.91033630385651787 -0.3334249342588278 -0.14562373820891122 0.46898119408393574 -0.066753971945614582 -0.19781151531071497 -1.4137602078092508 0.85675166308879847 0.13157982801018608 -0.11789211789518594 0.63081365307385018 -0.57468144877888683
leaf_weight=1204 53 8463 293 2628 246 2676 512 583 62 620 41 2572 322 438 1907 8759 630 3819 75 64 1245 106 247 86 57 45 1832 79 314 260
leaf_count=1204 53 8463 293 2628 246 2676 512 583 62 620 41 2572 322 438 1907 8759 630 3819 75 64 1245 106 247 86 57 45 1832 79 314 260
internal_value=-0.000120596 -0.0278168 0.0444269 0.124977 0.245007 0.16348 0.360668 0.273185 0.483963 -0.0581491 -0.0500166 -0.192564 0.108212 0.159219 -0.0322747 -0.0742915 -0.102417 -0.0358164 -0.187255 0.39083 0.0166177 -0.0890099 -0.160836 0.0998873 -0.316387 0.168189 0.187052 0.459151 0.384751 -0.327848
internal_weight=40238 34413 10176 5078 2450 5825 1274 1221 709 24237 23617 2613 4551 3616 21004 11296 9389 5098 1279 647 9708 935 829 2864 188 131 2204 372 752 507
internal_count=40238 34413 10176 5078 2450 5825 1274 1221 709 24237 23617 2613 4551 3616 21004 11296 9389 5098 1279 647 9708 935 829 2864 188 131 2204 372 752 507
is_linear=0
shrinkage=0.03


Tree=128
num_leaves=31
num_cat=0
split_feature=14 13 0 6 14 10 25 1 1 1 4 13 14 15 4 13 22 24 15 4 2 25 15 23 6 4 15 13 4 11
split_gain=190680 80131.8 69875.1 57018 55751.4 80970.4 53893.2 51197.4 50115 46796.1 59408.3 79751.2 71789.1 80273.5 58700.4 44796.4 54943.3 56012.5 44040.6 41838 78449.6 105858 77165 71279.8 61265.9 69635.3 69792.1 48902.4 67473.6 55740.5
threshold=166.64500000000001 293.64000000000004 15.500000000000002 33.845154185022039 75.593750000000014 -23.451249999999998 148.67416666666671 1.0000000180025095e-35 2.5000000000000004 2.5000000000000004 223.50000000000003 304.53000000000003 481.94000000000005 513.26479166666684 242.50000000000003 31.040000000000003 1.0000000180025095e-35 15.297500000000001 159.81479166666671 307.50000000000006 9.5000000000000018 284.98812500000003 315.7247916666667 2.5000000000000004 18.708810572687231 281.50000000000006 149.78520833333337 77.27000000000001 323.50000000000006 245.00500000000002
decision_type=10 10 2 2 10 8 10 2 2 2 2 10 10 10 2 10 2 8 10 2 2 10 10 2 2 2 10 10 2 10
left_child=2 3 4 15 5 -1 7 18 -5 14 11 -11 -12 -14 -3 -2 17 -17 -6 20 -19 24 27 -24 25 26 -22 28 -21 -29
right_child=1 9 -4 8 6 -7 -8 -9 -10 10 12 -13 13 -15 -16 16 -18 19 -20 22 21 -23 23 -25 -26 -27 -28 29 -30 -31
leaf_value=-1.3984296048417382 0.24775801342886039 0.8287992955420328 0.020832823051709408 1.4398726379170137 0.12061702706210303 -0.17021804374036245 -0.73231882423162453 -0.071908858211882379 0.039523515327032223 0.74489188125258998 -0.61555856830195377 -0.35713815179422387 0.71975610778510568 -0.20355771517753601 0.014351537312026572 -0.77067576508264279 -0.51191903424130958 0.064911431074544251 -0.75672716856283961 1.5389943070099001 -0.27008698871058806 -1.0444542469680309 0.044048353190449148 -0.93264288783073424 -0.67645795817416288 -0.13768222076154732 0.99561187220944292 0.1125524321341535 0.13133802085119808 0.51767980829953553
leaf_weight=48 1061 275 9063 50 1826 3542 104 12632 42 75 56 265 374 109 112 73 157 7022 52 60 61 119 219 96 144 740 107 1269 62 402
leaf_count=48 1061 275 9063 50 1826 3542 104 12632 42 75 56 265 374 109 112 73 157 7022 52 60 61 119 219 96 144 740 107 1269 62 402
internal_value=-0.00221114 0.0925725 -0.0472288 0.0679925 -0.081113 -0.187025 -0.0550843 -0.0501801 0.807882 0.31919 0.197777 -0.112572 0.39339 0.511399 0.593738 0.0620512 0.0433195 0.051771 0.0959344 0.0576737 0.0269966 -0.200224 0.176834 -0.255619 -0.103825 -0.0123673 0.537164 0.252909 0.830512 0.210267
internal_weight=40217 12950 27267 11684 18204 3590 14614 14510 92 1266 879 340 539 483 387 11592 10531 10374 1878 10301 8193 1171 2108 315 1052 908 168 1793 122 1671
internal_count=40217 12950 27267 11684 18204 3590 14614 14510 92 1266 879 340 539 483 387 11592 10531 10374 1878 10301 8193 1171 2108 315 1052 908 168 1793 122 1671
is_linear=0
shrinkage=0.03


Tree=129
num_leaves=31
num_cat=0
split_feature=10 1 6 8 16 14 17 1 0 8 5 8 10 14 4 14 5 14 6 14 24 7 4 4 6 5 4 6 24 7
split_gain=193882 126221 237149 91294.9 85739.1 94893.8 71805.5 69085.4 72139.5 59475.6 58134 58042.4 53612.5 73772.6 46698.7 46263.8 44056.9 43870.7 42827.6 42240.8 53536.3 41078.1 41268.3 45659 38846.1 37922 37765.6 36872.8 35435.8 33899.2
threshold=236.68500000000003 1.5000000000000002 0.39052863436123347 0.11250000000000002 6947.3405515896293 96.010000000000005 15045.638720000001 1.0000000180025095e-35 4.5000000000000009 385.96250000000003 59563.500000000007 287.53125000000006 447.30500000000006 470.46000000000004 350.50000000000006 508.52000000000004 38756.250000000007 179.53500000000003 19.071585903083704 421.93000000000006 396.99500000000006 10.085069444444448 2.5000000000000004 8.5000000000000018 23.413876651982381 51456.250000000007 222.50000000000003 15.139427312775332 208.77000000000004 3.4843750000000009
decision_type=10 2 2 2 10 10 10 2 2 2 2 2 10 10 2 10 2 10 2 10 10 2 2 2 2 2 2 2 10 2
left_child=4 2 -2 -4 5 6 16 8 28 21 17 18 13 19 -10 -15 -1 -6 -3 20 -5 22 -9 -24 -13 26 29 -23 -7 -26
right_child=1 11 3 12 10 7 -8 9 14 -11 -12 24 -14 15 -16 -17 -18 -19 -20 -21 -22 27 23 -25 25 -27 -28 -29 -30 -31
leaf_value=-0.23939510467143543 2.6051234209602292 0.11668370814389986 0.0033929106523002306 0.79361837228258203 -0.20741122678250701 -0.060006646826660084 -1.2629879880902615 -0.83594321104944957 0.26235019410720545 -0.100948202234675 0.04102989473468565 -0.33692668446941443 1.4644751087789023 -0.84988566745320959 -0.51991212032787815 0.32610896534317141 -0.057133595923601274 -0.83029650269462818 0.44164512661407729 1.2840335198639348 -0.32019679125617534 -0.17385288684566816 0.35929691384750184 0.028298478222515872 0.48060557261109349 0.8176891281775065 0.47858105046284755 -1.1116063244640826 -0.87246211558018094 -0.49842180596043667
leaf_weight=1428 45 2278 331 166 2636 549 46 48 2193 3986 947 389 62 44 70 90 7254 105 434 100 50 179 383 16157 40 55 85 47 52 143
leaf_count=1428 45 2278 331 166 2636 549 46 48 2193 3986 947 389 62 44 70 90 7254 105 434 100 50 179 383 16157 40 55 85 47 52 143
internal_value=-0.00181695 0.188283 0.506802 0.391838 -0.0245408 -0.00893395 -0.0934769 0.0222507 0.160362 0.00322698 -0.161577 0.105552 0.642465 0.526214 0.237934 -0.0634736 -0.0871358 -0.231566 0.168831 0.775683 0.535503 0.0279277 0.033411 0.0359843 -0.135373 0.107656 -0.0405574 -0.37291 -0.131635 -0.282978
internal_weight=40392 4312 888 843 36080 32392 8728 23664 2864 20800 3688 3424 512 450 2263 134 8682 2741 2712 316 216 16814 16588 16540 712 323 268 226 601 183
internal_count=40392 4312 888 843 36080 32392 8728 23664 2864 20800 3688 3424 512 450 2263 134 8682 2741 2712 316 216 16814 16588 16540 712 323 268 226 601 183
is_linear=0
shrinkage=0.03


Tree=130
num_leaves=31
num_cat=0
split_feature=14 7 13 22 0 5 11 7 16 15 8 23 15 14 10 16 0 23 16 2 14 13 5 12 10 13 4 4 4 25
split_gain=143923 77576 77457.3 73965 68260.8 60418.6 54188.6 55803.6 53089.3 50507.3 50028.2 55704.5 57998.3 46616.7 91407.3 41985.5 41726.2 40935.4 40408 39723.5 36174.9 45353.3 35320.4 34818.3 33923.5 33490.9 31605.2 41410.7 79562.1 52985.7
threshold=147.17500000000004 5.5121527777777795 33.81750000000001 1.0000000180025095e-35 15.500000000000002 60751.500000000007 320.91500000000002 5.4079861111111134 5591.6571550569597 159.81479166666671 427.26875000000007 4.5000000000000009 284.98812500000003 75.593750000000014 -23.451249999999998 13691.345580477189 16.500000000000004 1.5000000000000002 3868.7818918809912 3.5000000000000004 481.94000000000005 240.94000000000003 45718.750000000007 90.972760416666674 286.9550000000001 71.88000000000001 180.50000000000003 242.50000000000003 237.50000000000003 461.83645833333338
decision_type=10 2 10 2 2 2 10 2 10 10 2 2 10 10 8 10 2 2 10 2 10 10 2 10 10 10 2 2 2 8
left_child=4 6 8 5 9 16 10 26 22 13 -2 18 -13 14 -1 -15 17 19 -12 -4 25 -22 -3 -10 -18 -19 -8 28 -28 -29
right_child=1 2 3 -5 -6 -7 7 -9 23 -11 11 12 -14 15 -16 -17 24 20 -20 -21 21 -23 -24 -25 -26 -27 27 29 -30 -31
leaf_value=-1.5019458316493295 0.13282038847819522 0.077815611822717998 -0.34452343227272386 -0.73009007499755718 0.023733508654959413 0.12164058920407313 -0.33886815416316191 1.3725354097021181 -0.25229735666770114 -0.67605259037576615 0.091807001432078705 -0.24474518751251628 -1.4284009162443025 -0.043167546376162963 -0.15575238945470651 -0.45760235015236372 -0.040938460944755548 -0.58330476543110488 -0.85921081066131588 0.016744656155040866 -1.5319601247621617 -0.16406755868778672 0.60219880581671126 0.6437856715917587 0.29833033398335052 -0.16039357235085172 0.36775739896104076 0.293402320789239 1.5229573475122451 -0.37783726581867705
leaf_weight=45 6338 168 348 137 8184 1729 71 42 208 127 944 337 41 12377 3549 223 1085 211 41 1273 45 42 372 47 350 829 523 424 59 140
leaf_count=45 6338 168 348 137 8184 1729 71 42 208 127 944 337 41 12377 3549 223 1085 211 41 1273 45 42 372 47 350 829 523 424 59 140
internal_value=-0.00144942 0.0691358 -0.0069153 -0.043517 -0.0469729 -0.0274861 0.127221 0.309622 0.271285 -0.0824272 0.0973646 -0.0674824 -0.376561 -0.0777302 -0.173021 -0.0505381 -0.0891404 -0.157591 0.0513902 -0.0609778 -0.296376 -0.880967 0.439503 -0.0852673 0.0419602 -0.246674 0.271843 0.309942 0.487277 0.126409
internal_weight=40309 15804 6844 6049 24505 5912 8960 1259 795 16321 7701 1363 378 16194 3594 12600 4183 2748 985 1621 1127 87 540 255 1435 1040 1217 1146 582 564
internal_count=40309 15804 6844 6049 24505 5912 8960 1259 795 16321 7701 1363 378 16194 3594 12600 4183 2748 985 1621 1127 87 540 255 1435 1040 1217 1146 582 564
is_linear=0
shrinkage=0.03


Tree=131
num_leaves=31
num_cat=0
split_feature=14 5 7 12 6 4 16 4 15 6 14 14 15 12 4 4 4 16 14 15 15 17 1 25 7 7 4 12 12 4
split_gain=197346 110231 113534 80858.2 430552 65524.2 60401.6 55972 109665 62487.3 83404.3 74036.3 79844.1 63608 83824.7 89006.1 58189.2 55724.4 58688.3 75017 52433.5 51663.4 49138.8 53361.2 49086.4 48947 64548.4 62349.4 47164.4 45733.3
threshold=421.93000000000006 50802.187500000007 5.7656250000000018 296.20833333333337 5.2376651982378855 122.50000000000001 13338.190524353833 186.50000000000003 272.38666666666671 1.1993392070484583 438.64000000000004 602.50000000000011 458.07729166666678 458.07729166666678 242.50000000000003 237.50000000000003 202.50000000000003 2036.1035561376414 371.3250000000001 351.38812500000012 373.12250000000006 9587.5107050000024 1.0000000180025095e-35 384.48208333333338 9.9565972222222268 6.3593750000000027 258.50000000000006 406.63729166666673 302.37062500000008 20.500000000000004
decision_type=10 2 2 10 2 2 10 2 10 2 10 10 10 10 2 2 2 10 10 10 10 10 2 10 2 2 2 10 10 2
left_child=1 2 5 4 -2 21 22 8 -5 -9 -11 12 25 -13 15 16 -15 18 -7 -20 -6 -1 23 29 -4 -12 -27 -28 -24 -3
right_child=3 6 24 7 20 17 -8 9 -10 10 11 13 -14 14 -16 -17 -18 -19 19 -21 -22 -23 28 -25 -26 26 27 -29 -30 -31
leaf_value=-0.11228956550578502 3.5860985464475506 0.56479829317269226 -0.12383082296581344 0.59578288643458566 -0.13991673580540173 0.067543939670557385 -0.27457150250428403 -0.40468247216481429 -0.58928213377342076 1.1044285863451659 0.3339611592433217 1.1864378347133215 -0.43968841170072559 1.273045021115609 -0.14208244542333673 1.4461974260567323 0.17325840515270829 -0.09585398344538569 -1.1830677994251251 0.34956225613330272 0.93630231142044062 -0.63709504748063694 0.030196442405272774 -0.80930797013830635 -0.4423399897371621 0.60666954517364502 -1.3858894699703563 0.14596534634745398 0.53778725648410386 0.15828725669396673
leaf_weight=1838 40 287 8235 108 131 9162 501 116 197 111 685 103 199 52 187 91 239 2704 74 46 58 185 12264 46 459 49 54 42 166 1857
leaf_count=1838 40 287 8235 108 131 9162 501 116 197 111 685 103 199 52 187 91 239 2704 74 46 58 185 12264 46 459 49 54 42 166 1857
internal_value=0.00319632 -0.0137467 -0.0555421 0.263395 0.799143 -0.00268956 0.0490052 0.208119 -0.169077 0.267846 0.311099 0.258712 0.0985881 0.50339 0.377881 0.632124 0.373471 0.0239693 0.0588823 -0.597526 0.193541 -0.160573 0.0601116 0.19111 -0.140695 0.228019 -0.271328 -0.721107 0.0370179 0.212942
internal_weight=40286 37824 22703 2462 229 14009 15121 2233 305 1928 1812 1701 1029 672 569 382 291 11986 9282 120 189 2023 14620 2190 8694 830 145 96 12430 2144
internal_count=40286 37824 22703 2462 229 14009 15121 2233 305 1928 1812 1701 1029 672 569 382 291 11986 9282 120 189 2023 14620 2190 8694 830 145 96 12430 2144
is_linear=0
shrinkage=0.03


Tree=132
num_leaves=31
num_cat=0
split_feature=11 6 9 24 7 6 7 6 17 4 4 0 23 4 0 4 11 4 4 13 14 8 4 9 4 1 14 25 1 12
split_gain=149615 82963.7 149946 360029 76911.4 84488.8 66757.8 63682.5 56902.6 56648.3 47545.5 46015.1 55069 45596 44816.9 43377.2 38446.2 43304.1 38194.2 37002.5 70094.5 36811.2 47620.7 63772.6 36222.7 35839.1 47391.2 35976.5 35759.2 35590.7
threshold=245.00500000000002 5.5189427312775337 279.52000000000004 279.07500000000005 5.196180555555558 9.2546255506607942 5.446180555555558 0.39052863436123347 9587.5107050000024 351.50000000000006 134.50000000000003 16.500000000000004 1.5000000000000002 154.50000000000003 15.500000000000002 96.500000000000014 123.20500000000001 178.50000000000003 321.50000000000006 151.20500000000004 481.94000000000005 290.56250000000006 240.50000000000003 241.01750000000001 108.50000000000001 1.0000000180025095e-35 101.54000000000001 40.963854166666671 2.5000000000000004 91.553697916666678
decision_type=10 2 10 10 2 2 2 2 10 2 2 2 2 2 2 2 10 2 2 10 10 2 2 10 2 2 10 10 2 10
left_child=4 2 3 -2 8 -6 24 -4 13 14 -10 12 15 25 -7 -8 -15 -18 19 -19 -21 22 -14 -24 -3 26 -1 -28 -17 -27
right_child=1 6 7 -5 5 9 11 -9 10 -11 -12 -13 21 16 -16 28 17 18 -20 20 -22 -23 23 -25 -26 29 27 -29 -30 -31
leaf_value=-0.082764973299991759 0.45874517750259097 -0.17489680121282497 -0.51268988851706188 3.6210376877978789 0.031665072367179234 -0.13724082040359756 -0.50869714220364881 0.37626382394075397 -0.51701117888895365 -0.51493393816837463 -0.068771902330465789 0.16079897356940487 0.058388080207982675 0.056799037668206757 -0.025140740276917581 0.39436376183209093 0.5718431299643254 0.15286905072145707 0.45464861315690053 -0.58683330197513772 0.59696624498213491 -1.1572300300721463 -0.19846149728254034 -1.5509286956603709 0.29183691323589916 -0.12550203436907351 1.1339808853192532 0.26297264454666497 -0.11537940018304338 0.036082973144274895
leaf_weight=431 133 165 89 42 6470 7787 116 374 259 289 1180 716 142 6936 5461 241 253 1235 310 164 61 57 80 51 1548 2617 46 482 253 2308
leaf_count=431 133 165 89 42 6470 7787 116 374 259 289 1180 716 142 6936 5461 241 253 1235 310 164 61 57 80 51 1548 2617 46 482 253 2308
internal_value=0.001103 0.175042 0.488472 1.23396 -0.0181075 -0.0575058 0.115559 0.204648 0.030305 -0.100124 -0.149752 -0.0202707 -0.158216 0.0477701 -0.0910371 0.0108218 0.0903783 0.205422 0.152753 0.0883851 -0.264671 -0.469769 -0.322533 -0.732755 0.246804 -0.0171097 0.150582 0.340856 0.133595 -0.0497866
internal_weight=40296 4007 638 175 36289 20007 3369 463 16282 13537 1439 1656 940 14843 13248 610 8959 2023 1770 1460 225 330 273 131 1713 5884 959 528 494 4925
internal_count=40296 4007 638 175 36289 20007 3369 463 16282 13537 1439 1656 940 14843 13248 610 8959 2023 1770 1460 225 330 273 131 1713 5884 959 528 494 4925
is_linear=0
shrinkage=0.03


Tree=133
num_leaves=31
num_cat=0
split_feature=14 16 7 0 13 4 14 12 13 14 5 14 5 4 4 4 25 25 18 0 25 4 4 15 14 14 15 12 14 4
split_gain=139296 87683 90676 68426.8 65096.4 92623.6 82519.1 60447.1 77232 56939.9 54347.5 52784.6 50094.3 49770.5 108894 101901 52873.8 49055.4 48825.9 70670.1 64852.9 44978 75498.9 47776.6 76061.4 50472.7 51566.6 46265.3 44414.4 43944.2
threshold=183.26375000000004 3960.3736148627045 8.0295138888888911 15.500000000000002 64.030000000000015 270.50000000000006 227.77750000000003 343.15729166666671 225.04500000000004 470.46000000000004 47601.437500000007 451.89500000000004 48303.937500000007 244.50000000000003 223.50000000000003 215.50000000000003 444.56375000000008 384.48208333333338 1.0000000180025095e-35 3.5000000000000004 170.86473958333337 316.50000000000006 355.50000000000006 302.37062500000008 387.40500000000003 318.98000000000008 194.16479166666667 277.52729166666671 602.50000000000011 108.50000000000001
decision_type=10 10 2 2 10 2 10 10 10 10 2 10 2 2 2 2 10 10 2 2 10 2 2 10 10 10 10 10 10 2
left_child=3 2 4 18 5 12 -7 9 -9 11 -4 17 29 14 15 -10 28 21 20 -20 -1 23 -23 24 25 -6 -27 -25 -15 -2
right_child=1 -3 10 -5 7 6 -8 8 13 -11 -12 -13 -14 16 -16 -17 -18 -19 19 -21 -22 22 -24 27 -26 26 -28 -29 -30 -31
leaf_value=-0.030398946710861893 -0.67998724825680257 -0.30470431580826579 -0.64235893579045544 0.02983666203399326 0.013187614429863182 0.48348363872339478 1.7616753443649837 1.2049944043812686 0.24949379720960879 -0.47939566449637999 -0.063735733706130351 1.1108228802680968 0.52527436521205106 0.091291606480266616 0.72694403829188015 -0.80625274027547533 -0.36334413072665528 -0.5252771344926298 0.038449729333742237 -0.19387597948854968 -1.0819723309211011 0.3362822355479233 -0.56355668342793763 0.7919584856973011 -0.57642434168768963 0.79532600511257578 0.12202886174814598 0.029716475441100749 0.9743717769102046 0.14897810497825925
leaf_weight=12947 63 487 180 9659 4337 133 69 72 714 170 759 43 321 512 413 92 224 122 1566 4756 52 965 91 146 183 151 315 140 56 571
leaf_count=12947 63 487 180 9659 4337 133 69 72 714 170 759 43 321 512 413 92 224 122 1566 4756 52 965 91 146 183 151 315 140 56 571
internal_value=-0.000490368 0.0887007 0.106398 -0.0353592 0.133116 0.344507 0.926621 0.105115 0.246135 0.0609988 -0.175219 0.0752191 0.220538 0.211223 0.331444 0.128137 0.0260017 0.068144 -0.0679519 -0.13633 -0.0346885 0.079666 0.258279 0.0438468 0.022177 0.0450996 0.341436 0.420237 0.179915 0.0656635
internal_weight=40309 11329 10842 28980 9903 1157 202 8746 2083 6663 939 6493 955 2011 1219 806 792 6450 19321 6322 12999 6328 1056 5272 4986 4803 466 286 568 634
internal_count=40309 11329 10842 28980 9903 1157 202 8746 2083 6663 939 6493 955 2011 1219 806 792 6450 19321 6322 12999 6328 1056 5272 4986 4803 466 286 568 634
is_linear=0
shrinkage=0.03


Tree=134
num_leaves=31
num_cat=0
split_feature=11 7 16 8 6 6 18 4 14 9 6 24 25 7 15 13 15 22 1 14 25 13 25 12 14 15 25 12 14 15
split_gain=150829 72745.3 71769.9 77294.6 69616.4 63818.4 55499.2 64084.1 55275.3 77569.3 52966.6 76910.6 117079 60587.4 59735.5 49418.4 47381.3 47054.1 43206.4 43465.1 59024.9 41660.5 41349.1 94798.5 46866.1 53066.1 39881.7 37689.3 43302.3 37096.9
threshold=235.99500000000003 7.5434027777777795 3868.7818918809912 633.26875000000007 10.665638766519828 31.153744493392079 1.5000000000000002 126.50000000000001 183.26375000000004 81.611250000000013 6.2090308370044065 466.00500000000005 444.56375000000008 5.446180555555558 315.7247916666667 20.555000000000003 203.73687500000003 1.0000000180025095e-35 1.0000000180025095e-35 101.54000000000001 40.963854166666671 298.67500000000001 444.56375000000008 417.90270833333335 577.68000000000018 417.90270833333335 397.21708333333339 373.12250000000006 451.89500000000004 159.81479166666671
decision_type=10 2 10 2 2 2 2 2 10 10 2 10 10 2 10 10 10 2 2 10 10 10 10 10 10 10 10 10 10 10
left_child=1 2 3 8 -3 10 -5 -8 18 -10 11 14 -13 -12 -2 -15 -11 22 19 -1 -21 -18 23 26 -24 -26 27 28 -17 -6
right_child=5 4 -4 6 29 -7 7 -9 9 16 13 12 -14 15 -16 17 21 -19 -20 20 -22 -23 24 -25 25 -27 -28 -29 -30 -31
leaf_value=-0.0012192624167449051 0.42947614905142772 -0.0091608336131041822 -0.10771801385608196 -0.089674907253468189 -0.18068114332762505 1.2234862093364491 -1.456513696041974 -0.33412875039032341 0.61757242289185521 0.14007264042746204 0.22776765368867696 2.309014046544378 0.21103296385871037 0.77544456978342424 -0.17800692067444324 0.065456604684394293 -0.11081838482330743 -0.61524120276689531 -0.011706436604134791 0.81142891349075552 0.16843406286378237 0.71293485443139892 -1.0699376342846798 1.0536447368413211 -0.95726228944460545 0.27961656093597409 -0.52232416185880859 0.69435431852936746 -0.55919390894073462 -0.54713681412185289
leaf_weight=1425 538 2936 4663 1408 2826 50 54 280 264 4163 1754 43 53 66 199 922 1170 124 14906 142 1278 57 64 79 44 101 123 74 111 272
leaf_count=1425 538 2936 4663 1408 2826 50 54 280 264 4163 1754 43 53 66 199 922 1170 124 14906 142 1278 57 64 79 44 101 123 74 111 272
internal_value=0.00137479 -0.0188615 0.000367946 0.0204138 -0.113846 0.16828 -0.172318 -0.519398 0.0347653 0.116446 0.155714 0.370358 1.16487 0.103975 0.265429 -0.0232098 0.0917908 -0.055764 0.00874352 0.115855 0.233259 -0.0720017 -0.00968741 0.0529669 -0.400485 -0.099698 -0.012108 0.045003 -0.00214049 -0.213022
internal_weight=40189 35844 29810 25147 6034 4345 1742 334 23405 5654 4295 833 96 3462 737 1708 5390 1642 17751 2845 1420 1227 1518 1309 209 145 1230 1107 1033 3098
internal_count=40189 35844 29810 25147 6034 4345 1742 334 23405 5654 4295 833 96 3462 737 1708 5390 1642 17751 2845 1420 1227 1518 1309 209 145 1230 1107 1033 3098
is_linear=0
shrinkage=0.03


Tree=135
num_leaves=31
num_cat=0
split_feature=10 1 25 0 5 12 8 16 0 4 1 16 1 0 25 12 1 0 14 4 10 4 4 4 14 6 5 16 10 11
split_gain=155621 95362.9 284656 318612 82917.8 74568.2 61567.9 63717.7 60564.1 57347.6 51252.6 49340.7 47328.1 47776.6 48870.6 67799.4 45064.8 67821.4 44893.8 42990.9 42571.3 42411.7 41871.9 46514.4 42620.7 43844.1 41570.6 41019.3 40142.2 39797.1
threshold=279.11000000000007 1.5000000000000002 332.98166666666674 18.500000000000004 50466.187500000007 417.90270833333335 673.72500000000002 3340.3833811088048 16.500000000000004 322.50000000000006 5.5000000000000009 13691.345580477189 4.5000000000000009 2.5000000000000004 316.57312500000006 477.00062500000007 1.0000000180025095e-35 4.5000000000000009 735.36000000000001 110.50000000000001 -23.451249999999998 180.50000000000003 144.50000000000003 334.50000000000006 428.82000000000005 10.524669603524233 38302.187500000007 8825.5725816356517 380.28000000000003 524.47500000000002
decision_type=10 2 8 2 2 10 2 10 2 2 2 10 2 2 10 10 2 2 10 2 10 2 2 2 10 2 2 8 10 10
left_child=4 2 3 -2 6 -4 7 9 12 19 18 16 21 -14 -15 -16 17 -6 -10 -1 -8 28 24 -24 25 -18 -21 -25 -3 -7
right_child=1 8 5 -5 11 29 20 -9 10 -11 -12 -13 13 14 15 -17 22 -19 -20 26 -22 -23 23 27 -26 -27 -28 -29 -30 -31
leaf_value=-0.12941562169865012 3.9727237624900282 0.053052130715702389 0.037331791103737695 0.35286759662887318 -0.25889701915222785 0.48124260420228038 -1.0752398736696493 -0.14035161058088103 0.15102163058550652 -0.38278833488027519 0.81185167566398897 -0.26790744050572662 0.42875597306742119 -0.044872306566218476 -0.89602475451024544 0.23846914279460904 0.029195401656646334 0.2381512168147242 1.1033140600216575 -0.072596817104204014 -0.23116306735836459 0.2598130068237211 0.17471717178614771 0.14893561592888441 -0.87066433420548073 -0.13849688822612163 0.044561310911238237 -0.15664527246833126 -0.87388613891894695 1.5618933483958244
leaf_weight=2182 42 135 349 45 283 89 56 4583 630 370 162 457 103 358 178 64 6161 1906 47 3700 985 761 2789 684 51 1816 10343 934 60 47
leaf_count=2182 42 135 349 45 283 89 56 4583 630 370 162 457 103 358 178 64 6161 1906 47 3700 985 761 2789 684 51 1816 10343 934 60 47
internal_value=0.00132622 0.206601 0.555686 2.12567 -0.0155742 0.270265 -0.0524237 -0.0413447 0.126476 -0.0139954 0.33403 0.0387166 0.0213729 -0.16535 -0.267882 -0.596247 0.0483162 0.173803 0.218663 -0.00556224 -0.277558 0.15871 0.026214 0.100503 -0.0145748 -0.00899308 0.0136899 -0.0274505 -0.235163 0.863377
internal_weight=40370 3070 572 87 37300 485 22219 21178 2498 16595 839 15081 1659 703 600 242 14624 2189 677 16225 1041 956 12435 4407 8028 7977 14043 1618 195 136
internal_count=40370 3070 572 87 37300 485 22219 21178 2498 16595 839 15081 1659 703 600 242 14624 2189 677 16225 1041 956 12435 4407 8028 7977 14043 1618 195 136
is_linear=0
shrinkage=0.03


Tree=136
num_leaves=31
num_cat=0
split_feature=11 7 5 6 8 6 7 1 8 10 16 1 0 4 3 6 10 23 16 14 5 14 7 8 23 10 15 5 1 8
split_gain=121425 79500.5 68459.5 66833.7 55471 57960.1 49877.9 48001.2 79697 57959.9 48517.8 47373.8 47041.8 46320.5 62194.7 45932 40169.5 39803.6 38703.3 40770.9 36416.2 49680 35014 34140.8 33001.2 38265.5 31817.2 30761.8 29884.3 32755.2
threshold=126.56500000000001 5.7031250000000018 57205.250000000007 31.153744493392079 605.73125000000016 25.39185022026432 10.085069444444448 3.5000000000000004 281.24375000000003 447.30500000000006 2668.3972387839162 5.5000000000000009 16.500000000000004 10.500000000000002 1.0000000180025095e-35 1.0000000180025095e-35 72.980000000000018 1.5000000000000002 5519.7222734008838 57.045000000000009 57756.250000000007 179.53500000000003 7.6163194444444473 0.11250000000000002 4.5000000000000009 -0.018749999999999999 458.07729166666678 36593.750000000007 1.0000000180025095e-35 222.76875000000004
decision_type=10 2 2 2 2 2 2 2 2 10 10 2 2 2 2 2 10 2 10 10 2 10 2 2 2 10 10 2 2 2
left_child=4 3 12 7 5 6 13 9 10 15 -9 -10 17 14 -1 -2 -4 -3 19 -15 21 -20 -19 -11 -6 -26 -18 -21 -29 -30
right_child=1 2 16 -5 24 -7 -8 8 11 23 -12 -13 -14 18 -16 -17 26 22 20 27 -22 -23 -24 -25 25 -27 -28 28 29 -31
leaf_value=0.26649656453529136 0.9092771414586821 -0.075748894175570736 0.60365581656359646 0.94997314035487568 -0.10860352309549601 0.20000206896847131 -0.26607152880702584 0.16215604360490929 -0.1112230355785085 0.011525815208865838 -0.42459073329947011 -0.72624488181837143 0.034659708994130289 -0.19097223917857326 -0.6054526841419714 0.1542373480438535 0.10785646495267169 -0.23640943092604477 -0.15492300413063234 -0.10913038761038801 0.056947653668596956 -1.0140356525971042 -0.68974650953870231 0.79548875239244254 -1.1423709175046886 -0.29601809332877149 -0.63753979774016256 0.1101459827803996 0.021307055622917941 -0.078757645196836798
leaf_weight=813 73 994 145 91 1538 1009 791 1891 415 65 135 154 1349 1130 80 3737 1886 548 2723 2270 787 61 213 216 52 540 52 2253 10290 4123
leaf_count=813 73 994 145 91 1538 1009 791 1891 415 65 135 154 1349 1130 80 3737 1886 548 2723 2270 787 61 213 216 52 540 52 2253 10290 4123
internal_value=-0.00106471 0.079124 -0.00927232 0.146772 -0.034776 -0.02286 -0.0317482 0.1357 0.0347528 0.199709 0.122869 -0.278661 -0.0985424 -0.0241817 0.187793 0.168939 0.123738 -0.200891 -0.0321976 -0.0160005 -0.123182 -0.174104 -0.364035 0.614829 -0.181995 -0.372161 0.0875377 -0.00554954 0.00856443 -0.00732105
internal_weight=40424 11964 5187 6777 28460 26330 25321 6686 2595 4091 2026 569 3104 24530 893 3810 2083 1755 23637 20066 3571 2784 761 281 2130 592 1938 18936 16666 14413
internal_count=40424 11964 5187 6777 28460 26330 25321 6686 2595 4091 2026 569 3104 24530 893 3810 2083 1755 23637 20066 3571 2784 761 281 2130 592 1938 18936 16666 14413
is_linear=0
shrinkage=0.03


Tree=137
num_leaves=31
num_cat=0
split_feature=11 5 7 6 4 17 4 4 18 0 0 13 12 4 4 13 25 6 7 6 4 0 25 24 24 11 5 13 25 11
split_gain=145566 87556.8 95984.1 75870.4 336942 60218.9 70451.8 58351.2 58989.9 58195.7 86110 54136.1 66351.6 61112.4 57269.8 54968.6 114305 48079.4 47275.2 46936.4 39282.8 37896.9 37739.2 33301.8 33237.7 32646.6 48346.3 32071.4 30769.9 29669
threshold=279.11000000000007 52400.500000000007 8.237847222222225 0.39052863436123347 346.50000000000006 14865.901655000003 126.50000000000001 110.50000000000001 1.0000000180025095e-35 18.500000000000004 3.5000000000000004 6.1237500000000011 86.157447916666669 10.500000000000002 2.5000000000000004 60.520000000000003 133.98562500000003 31.153744493392079 5.1579861111111134 6.8319383259911906 357.50000000000006 16.500000000000004 157.58687500000002 86.003750000000011 260.5800000000001 570.0150000000001 47906.250000000007 56.561250000000008 126.31166666666668 181.48000000000005
decision_type=10 2 2 2 2 10 2 2 2 2 2 8 10 2 2 10 10 2 2 2 2 2 10 10 10 10 2 10 10 10
left_child=1 2 5 4 -2 7 -7 23 18 10 -10 13 28 -3 -14 16 -16 21 29 -15 -20 -5 -4 -1 -12 -23 -27 -25 -13 -9
right_child=3 11 22 17 -6 6 -8 8 9 -11 24 12 14 19 15 -17 -18 -19 20 -21 -22 25 -24 27 -26 26 -28 -29 -30 -31
leaf_value=-0.07830766318160555 2.9895415557990237 0.77586227219143211 -0.22074896201504071 0.079518435402879006 -0.63874127848148343 -1.5567445763044581 -0.26091628982324139 0.067472677067556136 0.10347455133075083 0.10008300143607414 -0.17623721893038771 -0.062350816275075389 -0.94210124045002208 0.46131689143204058 0.13724477338329294 0.057584448623397323 1.0284717474532563 1.148199808994929 -0.023033082967711185 0.058891810322797784 -0.95486892002384838 0.24008090953774669 -0.78688528410233227 -0.51162365001643795 -0.89986243628222362 0.22713581713406661 1.3681522528069916 -0.15752552094405092 -0.81871441111272691 0.29296665294597979
leaf_weight=1958 42 154 1757 1867 49 42 316 6075 1184 1320 4114 4060 48 336 618 6279 163 44 5900 1156 40 872 112 372 57 75 60 605 48 574
leaf_count=1958 42 154 1757 1867 49 42 316 6075 1184 1320 4114 4060 48 336 618 6279 163 44 5900 1156 40 872 112 372 57 75 60 605 48 574
internal_value=0.00102202 -0.0151773 -0.0485354 0.201705 1.05014 -0.0314115 -0.416854 -0.025177 -0.0061889 -0.0782776 -0.122254 0.0481713 0.0245848 0.20878 0.0800522 0.0871341 0.324327 0.174895 0.0320375 0.149767 -0.0294677 0.1596 -0.255077 -0.149762 -0.186339 0.307847 0.740585 -0.292736 -0.0713857 0.0869804
internal_weight=40297 37288 24426 3009 91 22557 358 22199 19264 6675 5355 12862 11216 1646 7108 7060 781 2918 12589 1492 5940 2874 1869 2935 4171 1007 135 977 4108 6649
internal_count=40297 37288 24426 3009 91 22557 358 22199 19264 6675 5355 12862 11216 1646 7108 7060 781 2918 12589 1492 5940 2874 1869 2935 4171 1007 135 977 4108 6649
is_linear=0
shrinkage=0.03


Tree=138
num_leaves=31
num_cat=0
split_feature=11 15 0 8 7 14 9 10 6 8 0 23 12 14 14 10 14 13 4 15 8 14 7 2 14 6 12 8 10 25
split_gain=110614 186658 77051 65306.2 66410.6 47210.9 55719 45738.6 44489.3 41221.9 49186.4 55118.1 44237.1 57369.9 40061.1 37192.8 35632.7 48741.3 73930.6 43302.5 33718.5 33347.7 31913 29470.2 29213.1 28708.7 41752.3 41762.9 26610.8 26225.4
threshold=320.91500000000002 258.53812500000009 15.500000000000002 454.82500000000005 8.1336805555555589 97.020000000000024 48.195000000000007 89.975000000000009 12.726872246696038 0.11250000000000002 18.500000000000004 5.5000000000000009 443.54708333333343 470.46000000000004 154.01625000000004 380.28000000000003 209.59625000000003 60.520000000000003 279.50000000000006 164.08375000000004 94.412500000000009 650.50000000000011 5.4913194444444473 10.500000000000002 220.38000000000002 4.5411894273127764 157.21750000000003 0.63125000000000009 380.28000000000003 444.56375000000008
decision_type=10 10 2 2 2 10 10 10 2 2 2 2 10 10 10 10 10 10 2 10 2 10 2 2 10 2 10 2 10 10
left_child=2 -2 3 4 5 -1 14 -4 25 29 11 20 13 -13 -7 -5 19 18 -18 -8 -11 -12 28 24 -10 -6 -27 -28 -9 -3
right_child=1 9 7 15 8 6 16 22 23 10 21 12 -14 -15 -16 -17 17 -19 -20 -21 -22 -23 -24 -25 -26 26 27 -29 -30 -31
leaf_value=-0.083106784871818482 1.8409123805604997 0.11285059418164534 -0.014191839929802537 -0.14278552920326223 0.23582358578036366 0.13496800736941336 -0.014900032644419961 0.15891787909941535 -0.41012134589263682 0.52826812063599682 0.44259580940008164 -0.094522022885084156 0.32573559451103207 -1.617464386878944 0.59497016916866419 -0.85618696860413046 0.25250651387152118 0.049760174113176563 1.5842030343142424 -0.35174260516760236 0.13736934751891391 1.2559877221835287 0.041495932817897173 0.00079502249149967445 -1.1427774228368486 -0.080094546774349545 -0.85512524957498082 0.023711749131862931 0.81901065089872904 -0.244894965593244
leaf_weight=4733 60 525 5505 3731 212 1526 8472 3183 421 272 235 49 49 40 191 66 259 3432 43 357 733 56 3711 138 55 1589 131 77 55 283
leaf_count=4733 60 525 5505 3731 212 1526 8472 3183 421 272 235 49 49 40 191 66 259 3432 43 357 733 56 3711 138 55 1589 131 77 55 283
internal_value=0.00153677 0.203404 -0.0107337 -0.0406711 -0.0205291 -0.00100377 0.0262126 0.0504016 -0.162006 0.15878 0.255286 0.166338 -0.393923 -0.789357 0.186455 -0.155408 0.00429891 0.0819768 0.446722 -0.0285585 0.243585 0.60289 0.101567 -0.385295 -0.496995 -0.0936054 -0.132579 -0.53123 0.170379 -0.0125967
internal_weight=40189 2302 37887 25433 21636 19013 14280 12454 2623 2242 1434 1143 138 89 1717 3797 12563 3734 302 8829 1005 291 6949 614 476 2009 1797 208 3238 808
internal_count=40189 2302 37887 25433 21636 19013 14280 12454 2623 2242 1434 1143 138 89 1717 3797 12563 3734 302 8829 1005 291 6949 614 476 2009 1797 208 3238 808
is_linear=0
shrinkage=0.03


Tree=139
num_leaves=31
num_cat=0
split_feature=14 7 5 5 0 7 17 14 1 0 10 14 14 0 15 15 12 14 25 12 7 2 0 10 17 16 25 24 1 10
split_gain=151886 89881.4 91422.9 79965.9 373572 53246.7 52355.4 55778.2 47676 70356.6 47081.1 43047.8 55262.1 51581.8 48795.2 55513.9 43321.8 41224.4 40392.8 53385.1 39678.4 50657.8 38348.2 37647.1 37730.4 36991.2 45657.5 35512.2 34503 34419
threshold=421.93000000000006 10.085069444444448 48006.250000000007 68762.500000000015 8.5000000000000018 5.7656250000000018 1662.7514100000005 371.3250000000001 1.0000000180025095e-35 5.5000000000000009 380.28000000000003 438.64000000000004 640.34000000000003 6.5000000000000009 628.70145833333345 331.09791666666672 272.38666666666671 117.75875000000001 461.83645833333338 417.90270833333335 5.2309027777777795 9.5000000000000018 14.500000000000002 107.30500000000002 3435.6155000000003 11653.267558709189 75.67687500000001 272.60500000000008 3.5000000000000004 644.96000000000015
decision_type=10 2 2 2 2 2 10 10 2 2 10 10 10 2 10 10 10 10 10 10 2 2 2 10 8 8 10 10 2 10
left_child=1 2 5 11 -5 6 7 -1 9 -4 -6 13 18 -2 15 -14 -15 -11 19 20 -13 27 -18 24 25 26 -10 -22 -9 -17
right_child=3 -3 8 4 10 -7 -8 28 23 17 -12 12 14 16 -16 29 22 -19 -20 -21 21 -23 -24 -25 -26 -27 -28 -29 -30 -31
leaf_value=0.033566773350157973 -0.077843750467461142 -0.26844822834307897 -0.21830095712527556 3.3623128854065407 -0.54574839676510212 -0.11606167839399777 -0.12570729578630246 -0.026615947619080545 0.28947456359095264 0.087562729414767615 0.50419726266525688 0.13435638052828988 -0.51375675477654381 0.10572926311169641 -0.32472242835336002 0.46351562259167783 1.6176115086628839 0.33163730643166955 -0.42198578563146294 0.419352745610588 0.6591593384027481 -0.87122320175170898 0.60216302174168657 0.080698600177740956 -0.050946166637139724 -0.20103539570472961 0.0070762836216017597 -0.22137080199540929 -1.1332574381530285 1.1625630977943344
leaf_weight=8747 88 1170 387 40 54 6728 2692 44 940 1185 127 532 45 58 77 381 64 1314 159 317 49 93 73 6397 6694 343 1139 234 59 76
leaf_count=8747 88 1170 387 40 54 6728 2692 44 940 1185 127 532 45 58 77 381 64 1314 159 317 49 93 73 6397 6694 343 1139 234 59 76
internal_value=0.00515716 -0.00971537 -0.00145287 0.233184 0.776468 -0.048988 -0.00988311 0.0253586 0.0457491 0.15769 0.189676 0.179405 0.129383 0.5247 0.375205 0.482997 0.795627 0.215981 0.026346 0.0848344 -0.0322852 -0.267796 1.08482 0.024915 -0.0142348 0.0872086 0.134838 -0.0671274 -0.665319 0.582053
internal_weight=40306 37839 36669 2467 221 18270 11542 8850 18399 2886 181 2246 1963 283 579 502 195 2499 1384 1225 908 376 137 15513 9116 2422 2079 283 103 457
internal_count=40306 37839 36669 2467 221 18270 11542 8850 18399 2886 181 2246 1963 283 579 502 195 2499 1384 1225 908 376 137 15513 9116 2422 2079 283 103 457
is_linear=0
shrinkage=0.03


Tree=140
num_leaves=31
num_cat=0
split_feature=10 5 4 11 1 10 7 7 15 7 14 12 12 1 25 14 13 12 15 4 12 15 24 4 4 14 4 11 24 4
split_gain=107613 67535.4 56395.1 51936.1 47950 57818.9 47868.4 86233.1 44275 41625.8 40311.3 39799.1 43840.7 41748.7 36574.5 38788.9 48968.4 68538.6 49600.3 41520.8 34995.8 34802.9 38654.8 36614 33493.5 33231.4 31631 36483.3 31605.1 32671.9
threshold=140.07500000000002 39056.250000000007 259.50000000000006 320.91500000000002 1.5000000000000002 -7.7899999999999991 5.5329861111111134 5.3871527777777795 284.98812500000003 8.8940972222222268 52.095000000000006 302.37062500000008 443.54708333333343 1.0000000180025095e-35 31.561510416666668 117.75875000000001 23.740000000000006 91.553697916666678 54.599375000000002 110.50000000000001 30.175000000000001 477.00062500000007 381.02500000000003 223.50000000000003 172.50000000000003 184.99500000000003 22.500000000000004 272.75500000000005 200.00500000000002 272.50000000000006
decision_type=10 2 2 10 2 8 2 2 10 2 10 10 10 2 8 10 10 10 10 2 10 10 10 2 2 8 2 10 10 2
left_child=4 2 21 8 10 -6 7 -5 11 -7 -1 13 24 26 20 -16 17 18 19 -17 -12 23 -23 -2 -13 -25 -3 -28 -8 -30
right_child=1 3 -4 6 5 9 28 -9 -10 -11 14 12 -14 -15 15 16 -18 -19 -20 -21 -22 22 -24 25 -26 -27 27 -29 29 -31
leaf_value=-0.23397583579974363 -0.10648395695325513 1.0134248595356943 -0.54105101955331059 0.32520588193278072 -0.98376304365694522 -0.038417799712331419 0.89229727083589971 1.682296432825652 -0.18694827983680679 -0.19339688771795163 0.1641050309528907 0.79246043899044483 -0.54686681713570251 0.045820240775178184 -0.041491882102427123 1.1931733408996037 0.0069201563684782776 0.86554186465966443 0.068494395332711358 0.3192194284436054 0.77406278074094925 0.21787468084267206 -0.92873918784807796 -0.40879840276342755 0.24654517158906275 0.46686801742284723 0.16683218604781877 0.95273333183650299 0.16478636064098529 -0.24849865585445396
leaf_weight=496 502 49 241 1042 59 19048 40 43 542 1698 674 160 43 5516 3963 62 2370 136 1084 225 96 41 72 46 276 233 649 57 562 247
leaf_count=496 502 49 241 1042 59 19048 40 43 542 1698 674 160 43 5516 3963 62 2370 136 1084 225 96 41 72 46 276 233 649 57 562 247
internal_value=0.000188263 0.0835068 -0.134779 0.110373 -0.0286746 -0.0538031 0.248549 0.380489 0.073696 -0.0511111 0.0287375 0.0946494 0.357952 0.0744836 0.0438971 0.0245049 0.091959 0.225603 0.161538 0.511505 0.241057 -0.0247766 -0.514449 0.0466396 0.448236 0.321549 0.283559 0.231541 0.0796838 0.0384532
internal_weight=40272 10361 1135 9226 29911 20805 1934 1085 7292 20746 9106 6750 479 6271 8610 7840 3877 1507 1371 287 770 894 113 781 436 279 755 706 849 809
internal_count=40272 10361 1135 9226 29911 20805 1934 1085 7292 20746 9106 6750 479 6271 8610 7840 3877 1507 1371 287 770 894 113 781 436 279 755 706 849 809
is_linear=0
shrinkage=0.03


Tree=141
num_leaves=31
num_cat=0
split_feature=11 5 8 16 6 8 4 4 13 7 4 6 4 5 12 6 4 4 4 5 7 8 4 6 0 23 16 4 12 16
split_gain=101524 76447.6 67614.4 56525.8 53677.7 53132 52148.2 54987.4 82205.2 44048 43615.9 174313 97300.5 74243.2 109172 49065.5 45478.8 122871 93413.8 59631.2 42913 42333.7 39057.2 38821.8 37929.7 36958.7 42396.3 33790.1 38883.4 33563.5
threshold=272.75500000000005 40906.250000000007 772.06250000000011 11653.267558709189 31.153744493392079 274.88750000000005 348.50000000000006 162.50000000000003 3.3500000000000001 8.7517361111111125 272.50000000000006 2.8458149779735691 269.50000000000006 53156.250000000007 284.98812500000003 1.0000000180025095e-35 222.50000000000003 242.50000000000003 211.50000000000003 36943.750000000007 6.8732638888888902 6.6000000000000014 176.50000000000003 6.1121145374449357 14.500000000000002 2.5000000000000004 4673.1035098204702 237.50000000000003 552.14062500000011 1502.8577996016963
decision_type=10 2 2 10 2 2 2 2 10 2 2 2 2 2 10 2 2 2 2 2 2 2 2 2 2 2 10 2 10 8
left_child=1 2 20 5 10 6 7 25 -9 -10 11 -2 16 14 -12 -15 18 27 22 -19 21 -1 -13 -8 -23 -3 -27 28 -18 -25
right_child=4 3 -4 -5 -6 -7 23 8 9 -11 13 12 -14 15 -16 -17 17 19 -20 -21 -22 24 -24 29 -26 26 -28 -29 -30 -31
leaf_value=-0.012219735656140283 2.1355011750225508 -0.0345738718016897 -1.0315892206197199 -0.2033697710914896 1.1781233206423727 -0.049475539429312966 0.063264287544547451 0.31092465777980383 0.086274529643827799 -0.25036548080108556 -0.04735339765839798 -0.037234468633792671 1.3651454901255544 -0.59623477677504222 -1.3079455884160667 0.22866559202761674 0.83468979325890535 -0.85041527040302756 -0.58493745680898424 0.13435988204458085 -0.26277211862298971 -0.30598753803019929 0.32285687535726276 0.25746433061010698 -0.040956040547451049 0.10803187260030808 -0.18925392870311133 1.1848483866063233 0.077400346684455862 -0.38132897792399895
leaf_weight=4804 41 6592 68 1089 45 7847 433 1538 6137 370 214 542 60 71 86 660 159 63 185 408 1091 1006 541 84 940 4073 482 106 99 586
leaf_count=4804 41 6592 68 1089 45 7847 433 1538 6137 370 214 542 60 71 86 660 159 63 185 408 1091 1006 541 84 940 4073 482 106 99 586
internal_value=0.000345176 -0.0137859 -0.0965249 0.00860328 0.160309 0.0168129 0.0424442 0.0539753 0.113744 0.067097 0.145791 0.221103 0.183845 -0.0152647 -0.411868 0.14784 0.149509 0.321287 0.0362267 0.00111571 -0.0882851 -0.0600481 0.142777 -0.158061 -0.178053 0.010833 0.0765391 0.734436 0.545523 -0.300977
internal_weight=40420 37140 7909 29231 3280 28142 20295 19192 8045 6507 3235 2204 2163 1031 300 731 2103 835 1268 471 7841 6750 1083 1103 1946 11147 4555 364 258 670
internal_count=40420 37140 7909 29231 3280 28142 20295 19192 8045 6507 3235 2204 2163 1031 300 731 2103 835 1268 471 7841 6750 1083 1103 1946 11147 4555 364 258 670
is_linear=0
shrinkage=0.03


Tree=142
num_leaves=31
num_cat=0
split_feature=14 13 5 2 5 7 7 4 15 0 14 2 17 13 7 4 4 4 25 1 4 4 4 17 14 11 13 25 22 14
split_gain=107086 95448.3 299596 121118 72010.5 78030.2 67324.4 62965.9 71136.8 58890.8 58813.1 91014 53901 53054.3 50918.8 47737.7 77540.1 120994 54454.5 43125.5 41128.1 39414 48172.5 41129.6 38538.6 38338.7 38104.7 38555.7 37252 37194.3
threshold=421.93000000000006 225.04500000000004 63451.812500000007 9.5000000000000018 54656.250000000007 8.6302083333333375 5.2864583333333348 186.50000000000003 272.38666666666671 15.500000000000002 371.3250000000001 6.5000000000000009 1851.6775300000002 6.1237500000000011 5.1753472222222241 244.50000000000003 222.50000000000003 211.50000000000003 444.56375000000008 3.5000000000000004 162.50000000000003 20.500000000000004 80.500000000000014 4256.9302400000006 438.64000000000004 570.0150000000001 50.983750000000008 145.41166666666669 1.0000000180025095e-35 184.99500000000003
decision_type=10 10 2 2 2 2 2 2 10 2 10 2 10 8 2 2 2 2 10 2 2 2 2 8 10 10 10 10 2 10
left_child=4 2 3 -2 5 9 -5 8 -3 10 12 -12 14 21 -1 16 17 24 -17 -20 -11 -6 -23 -24 -9 -21 27 -14 -16 -7
right_child=1 7 -4 6 13 29 -8 15 -10 20 11 -13 26 -15 28 18 -18 -19 19 25 -22 22 23 -25 -26 -27 -28 -29 -30 -31
leaf_value=0.035735481506740358 0.73927477733001989 0.41630801573961596 2.9676011921344108 0.065013523708129753 0.70098091859395473 -0.18215963277308711 -1.3143164285204627 1.0763354991163525 -0.6654197925308396 -0.041298997032508326 0.29331118505963916 -1.1233688486347329 -0.13951775858394033 0.030223087743375607 -0.070633073725810194 0.16629675741453429 0.60964408544892834 -0.65511558623313892 -0.063717321598244281 -1.415554640018023 0.098288340776849809 -0.020495440499014275 0.68951437003939386 0.12989119695290924 0.22462173969354202 -0.214024674160325 -0.46782653944923025 0.56764111911746806 -0.51690317098460448 -0.62437131622587916
leaf_weight=6624 254 78 42 115 148 1601 43 55 178 3155 64 110 3120 9949 6301 554 429 149 166 51 4772 525 225 249 334 45 318 70 172 191
leaf_count=6624 254 78 42 115 148 1601 43 55 178 3155 64 110 3120 9949 6301 554 429 149 166 51 4772 525 225 249 334 45 318 70 172 191
internal_value=0.000977604 0.191345 0.58425 0.334689 -0.0116511 -0.0385189 -0.316279 0.103618 -0.335493 -0.0246494 -0.0564842 -0.603593 -0.0507151 0.0525086 -0.0227368 0.166818 0.3093 0.0691201 -0.00220327 -0.357775 0.0427334 0.245617 0.177522 0.396427 0.347495 -0.86035 -0.155135 -0.123827 -0.0825693 -0.229615
internal_weight=40087 2493 454 412 37594 26498 158 2039 256 24706 16779 174 16605 11096 13097 1783 967 538 816 262 7927 1147 999 474 389 96 3508 3190 6473 1792
internal_count=40087 2493 454 412 37594 26498 158 2039 256 24706 16779 174 16605 11096 13097 1783 967 538 816 262 7927 1147 999 474 389 96 3508 3190 6473 1792
is_linear=0
shrinkage=0.03


Tree=143
num_leaves=31
num_cat=0
split_feature=14 7 16 13 14 6 5 0 22 10 1 15 24 13 6 2 6 25 0 1 15 13 1 25 0 0 25 7 17 12
split_gain=96991.4 80385.1 88989 70258.6 67060.5 78946.3 53392.9 49634.2 47289.9 42896.1 78079.9 305666 64011.6 45461.9 42240.8 44086.5 38781.9 36839.9 36831.6 51571.9 38806.1 59048.3 66577.7 59027.8 46197.9 36119.6 32834.7 32631.7 42185.5 42243.9
threshold=183.26375000000004 8.0295138888888911 3155.0080740941848 60.520000000000003 283.66500000000002 16.934361233480178 47400.812500000007 15.500000000000002 1.0000000180025095e-35 279.11000000000007 1.5000000000000002 258.53812500000009 410.77500000000003 315.09000000000009 5.6420704845814988 4.5000000000000009 7.6627753303964772 302.37062500000008 16.500000000000004 5.5000000000000009 513.26479166666684 378.59000000000009 4.5000000000000009 365.13833333333338 7.5000000000000009 12.500000000000002 115.51354166666668 4.7725694444444455 10175.220345000003 12.43125
decision_type=10 2 10 10 10 2 2 2 2 10 2 10 10 10 2 2 2 10 2 2 10 10 2 10 2 2 10 2 10 10
left_child=7 2 3 4 14 -6 -3 16 9 12 11 -11 17 -13 -2 -16 -1 -5 20 -20 21 22 -12 -24 -25 -15 -4 28 -18 -30
right_child=1 6 26 8 5 -7 -8 -9 -10 10 18 13 -14 25 15 -17 27 -19 19 -21 -22 -23 23 24 -26 -27 -28 -29 29 -31
leaf_value=0.028497014620809769 1.0413303508297089 -0.63800659155561812 0.28018626349067294 0.046729978486791106 2.0875115013122558 0.21913200769482591 -0.077166445344738904 0.025824427453220396 -0.55546016989946367 2.7592722444802522 0.23109906817855025 0.12671465567997475 -0.87426163142377666 0.32793590929533817 -0.24666371781123825 0.32382705827252373 0.0051600878944723831 0.37365799195770072 0.17125191386416552 0.80866417348647202 -0.38579704939291393 0.66650322852174304 -0.07549941480060858 -0.14775116931308399 -1.464132247794758 1.4089081938827739 -0.33670575529545044 -0.11316062492594953 -1.0987698167283089 -0.17726736509688362
leaf_weight=3809 61 188 90 5443 41 40 799 9719 99 49 630 361 65 63 145 744 5343 328 589 141 173 142 451 43 54 50 536 9457 47 680
leaf_count=3809 61 188 90 5443 41 40 799 9719 99 49 630 361 65 63 145 744 5343 328 589 141 173 142 451 43 54 50 536 9457 47 680
internal_value=-0.000452194 0.0740165 0.0987162 0.121069 0.355098 1.17878 -0.184531 -0.02948 0.0932366 0.100784 0.198542 0.528009 0.0547593 0.292027 0.283702 0.230605 -0.057278 0.0653727 0.120827 0.295306 0.0353753 0.0908247 0.020924 -0.220681 -0.888044 0.814405 -0.24771 -0.0783203 -0.0240297 -0.238269
internal_weight=40380 11325 10338 9712 1031 81 987 29055 8681 8582 2746 523 5836 474 950 889 19336 5771 2223 730 1493 1320 1178 548 97 113 626 15527 6070 727
internal_count=40380 11325 10338 9712 1031 81 987 29055 8681 8582 2746 523 5836 474 950 889 19336 5771 2223 730 1493 1320 1178 548 97 113 626 15527 6070 727
is_linear=0
shrinkage=0.03


Tree=144
num_leaves=31
num_cat=0
split_feature=6 24 0 7 4 4 4 17 13 0 0 13 10 18 1 10 16 14 13 14 18 15 11 24 0 0 5 4 14 14
split_gain=93834.1 150269 320049 97783.9 73712.4 65212.3 53861 51760.4 50721.6 47628.9 46765.4 46103.2 37476.9 37142.7 34643.3 40174.1 35232.3 34092.1 60668.7 36948.8 31700 31699 30517 56218.5 30466.7 28835.7 31848.3 31617.8 93650.6 47075.4
threshold=6.2090308370044065 410.77500000000003 8.5000000000000018 5.1753472222222241 164.50000000000003 339.50000000000006 306.50000000000006 7356.9659700000002 20.050000000000004 17.500000000000004 16.500000000000004 345.17000000000002 -23.451249999999998 1.0000000180025095e-35 2.5000000000000004 465.86000000000007 2769.9801891181837 172.18000000000004 82.220000000000013 269.8300000000001 1.5000000000000002 115.84229166666667 161.08500000000004 179.98250000000004 6.5000000000000009 1.5000000000000002 50154.875000000007 272.50000000000006 387.40500000000003 577.68000000000018
decision_type=2 10 2 2 2 2 2 10 8 2 2 10 10 2 2 10 10 10 10 8 2 10 10 10 2 2 2 2 10 10
left_child=1 8 -3 4 7 6 9 -2 20 25 14 -12 -9 17 15 -6 -16 -8 -19 24 -1 -18 23 -11 -20 -5 27 29 -29 -27
right_child=3 2 -4 5 10 -7 13 12 -10 22 11 -13 -14 -15 16 -17 21 18 19 -21 -22 -23 -24 -25 -26 26 -28 28 -30 -31
leaf_value=0.42601848503451911 -0.014279262610755173 3.2566334044933316 0.2609282631135505 0.021339334460546856 0.11397781151952503 -0.28920243886240793 0.096408918203069044 -1.0893003744860086 0.052758165910171455 -0.017245116331736428 0.17743557877585608 0.88924306743285231 -0.22881872203951942 -0.1301772513547505 0.024257597778649071 0.95528752846213483 -0.1310690677297531 1.2742534536766734 -0.088650589325400278 -0.082944137785636196 -0.1291115522810391 -0.77417046269466139 0.14331975501005992 -1.0725848910601243 0.86285628840005213 -0.14176664541348069 -0.04225885592186953 -0.24892540830051826 -1.6370488772703251 0.47428301911605031
leaf_weight=545 4654 41 137 1539 2973 1087 755 48 5369 3667 2302 84 670 388 3999 51 336 65 42 141 111 86 1206 45 106 5487 3301 912 45 113
leaf_count=545 4654 41 137 1539 2973 1087 755 48 5369 3667 2302 84 670 388 3999 51 336 65 42 141 111 86 1206 45 106 5487 3301 912 45 113
internal_value=0.00136107 0.108679 0.965289 -0.0181622 0.038476 -0.0637234 -0.0499478 -0.0508809 0.0832156 -0.0657516 0.0873039 0.202857 -0.287779 0.122218 0.0502488 0.128478 -0.00327741 0.21056 0.45306 0.264605 0.332033 -0.263648 0.0122775 -0.0303243 0.594051 -0.0994206 -0.118274 -0.156529 -0.315838 -0.129253
internal_weight=40305 6203 178 34102 15203 18899 17812 5372 6025 16315 9831 2386 718 1497 7445 3024 4421 1109 354 289 656 422 4918 3712 148 11397 9858 6557 957 5600
internal_count=40305 6203 178 34102 15203 18899 17812 5372 6025 16315 9831 2386 718 1497 7445 3024 4421 1109 354 289 656 422 4918 3712 148 11397 9858 6557 957 5600
is_linear=0
shrinkage=0.03


Tree=145
num_leaves=31
num_cat=0
split_feature=5 8 14 13 14 4 16 4 8 14 17 16 5 24 13 15 15 1 6 11 1 5 24 4 4 6 2 12 5 5
split_gain=82530 66918.7 63596.7 77994.4 76932.6 50016.1 51293.8 45522 53846.5 47653.8 44144.6 83005.5 49239.1 43831.9 39959.4 57554.1 51459.1 39938.9 39827 47484.5 39155.7 51178.7 35907.7 35850.1 36302.6 61559.7 67492.6 50464.8 51004.7 66788.2
threshold=40755.687500000007 772.06250000000011 172.18000000000004 64.030000000000015 283.66500000000002 357.50000000000006 4133.6936167023368 259.50000000000006 3.7937500000000006 96.010000000000005 2408.4116300000005 13691.345580477189 76137.500000000015 295.01500000000004 293.64000000000004 513.26479166666684 458.07729166666678 1.0000000180025095e-35 28.970704845814982 131.25750000000002 2.5000000000000004 65412.500000000007 66.001250000000013 6.5000000000000009 52.500000000000007 14.047577092511016 9.5000000000000018 406.63729166666673 68762.500000000015 69712.500000000015
decision_type=2 2 10 10 10 2 10 2 2 10 8 8 2 10 10 10 10 2 2 10 2 2 8 2 2 2 2 10 2 2
left_child=1 7 10 4 -4 6 14 8 9 -1 11 12 22 -9 15 16 18 -12 23 -20 -16 -22 -2 -5 -25 27 -27 28 -26 -30
right_child=2 -3 3 5 -6 -7 -8 13 -10 -11 17 -13 -14 -15 20 -17 -18 -19 19 -21 21 -23 -24 24 25 26 -28 -29 29 -31
leaf_value=-0.13978448966673265 0.19506457488292653 -1.008894069365891 0.23903039713087562 0.84690690822601322 1.2162802769127605 -0.52486323088796727 -0.29140795091161931 -0.19069698572003263 -0.16923296551870232 0.075234129417899295 0.073105460569468386 -0.24637984742619026 1.1315907300972357 -0.95006057831148305 0.53613597759344045 0.9694570267005046 -0.50408998879573197 -0.058037922825953089 -0.05565792548245397 1.1135015140927356 0.039988349139760619 1.0710296520527374 0.035020220171643301 -0.080923743521533059 0.12764749963068442 0.039125287754791085 -0.3718376280990644 -0.45795779077946636 1.4618054942952261 0.3334606608271945
leaf_weight=1295 1887 69 1267 49 76 133 360 1409 2107 3263 2505 718 40 71 308 60 150 12592 57 68 556 46 3805 1697 3131 1553 467 118 53 386
leaf_count=1295 1887 69 1267 49 76 133 360 1409 2107 3263 2505 718 40 71 308 60 150 12592 57 68 556 46 3805 1697 3131 1553 467 118 53 386
internal_value=-0.000396741 -0.0852403 0.0213279 0.0817306 0.295197 0.0505134 0.0590178 -0.0772927 -0.0438553 0.0141267 -0.00820736 0.0574821 0.0955807 -0.227743 0.0735517 0.0515561 0.044306 -0.0362743 0.0552246 0.584154 0.261556 0.120418 0.0881027 0.0462776 0.040866 0.0770822 -0.0560214 0.149982 0.170198 0.472697
internal_weight=40296 8214 32082 10535 1343 9192 9059 8145 6665 4558 21547 6450 5732 1480 8699 7789 7729 15097 7579 125 910 602 5692 7454 7405 5708 2020 3688 3570 439
internal_count=40296 8214 32082 10535 1343 9192 9059 8145 6665 4558 21547 6450 5732 1480 8699 7789 7729 15097 7579 125 910 602 5692 7454 7405 5708 2020 3688 3570 439
is_linear=0
shrinkage=0.03


Tree=146
num_leaves=31
num_cat=0
split_feature=10 17 7 7 7 13 6 13 1 8 14 15 6 18 13 22 7 25 11 25 12 12 13 25 14 14 14 6 16 12
split_gain=94116 44791.3 46820 43803.8 61197.9 43740.3 42998.1 59526.6 42609.5 58166.9 41546.1 41639.1 36714.7 35494.5 34638 35454.7 33795.1 30592.1 42265.8 30013.6 43025.2 33988.6 28722.9 35462.3 45214.1 32087.9 62260.1 28544.3 26326.2 29751.3
threshold=130.56500000000003 14452.339930000002 4.4531250000000009 5.7656250000000018 5.7447916666666687 351.34500000000008 6.8319383259911906 20.050000000000004 3.5000000000000004 378.71875000000006 76.625000000000014 113.22250000000001 31.153744493392079 1.5000000000000002 33.81750000000001 1.0000000180025095e-35 10.390625000000002 284.98812500000003 301.68500000000006 461.83645833333338 417.90270833333335 513.26479166666684 153.28500000000003 198.52375000000004 318.98000000000008 463.79500000000007 560.49500000000012 3.3264317180616745 5653.9389137593607 124.22145833333335
decision_type=10 10 2 2 2 10 2 8 2 2 10 10 2 2 10 2 2 10 10 10 10 10 10 10 10 10 10 2 10 10
left_child=1 2 -1 4 5 8 7 13 12 22 -3 -12 -2 -4 -5 19 28 -11 -19 20 27 -21 -10 24 -24 -25 -27 -16 -8 -30
right_child=3 10 6 14 -6 -7 16 -9 9 17 11 -13 -14 -15 15 -17 -18 18 -20 21 -22 -23 23 25 -26 26 -28 -29 29 -31
leaf_value=0.040186275529320761 0.15419307545223598 -1.2049083554891999 0.38750262521170631 0.25922676038036085 1.1378546924748509 0.4377317155208908 -0.038366883956157435 -0.016054392806809911 -0.019651311386645998 -0.14367505882365603 -0.071747481993863868 -0.78197281767820059 0.94274218526151443 -0.15251408923306126 0.22860545142299749 -0.6095628911780786 -0.28670734146475513 -1.3785014741822164 -0.25811260373127165 -0.83429811991840952 0.557736334502697 0.049336243033409118 0.28656853034823054 -0.061709018967872703 1.2324691957661082 0.70919450733356348 -0.2246815941918571 -0.040576252299394183 -0.12322425529244134 -0.90899187931960279
leaf_weight=7852 3522 42 608 428 52 356 13451 2460 1375 354 342 94 53 133 395 90 595 48 81 82 122 74 248 505 55 163 105 3386 3161 43
leaf_count=7852 3522 42 608 428 52 356 13451 2460 1375 354 342 94 53 133 395 90 595 48 81 82 122 74 248 505 55 163 105 3386 3161 43
internal_value=0.00203043 -0.026951 -0.0220815 0.0745959 0.122231 0.114373 -0.0459895 0.0549789 0.0966228 0.0118855 -0.31463 -0.226308 0.166144 0.290502 0.00259701 -0.0239323 -0.0647278 -0.28867 -0.682399 -0.0108002 0.00555778 -0.417494 0.0712074 0.187224 0.461756 0.0791562 0.343835 -0.0124019 -0.0567809 -0.13405
internal_weight=40275 28781 28303 11494 6917 6865 20451 3201 6509 2934 478 436 3575 741 4577 4149 17250 483 129 4059 3903 156 2451 1076 303 773 268 3781 16655 3204
internal_count=40275 28781 28303 11494 6917 6865 20451 3201 6509 2934 478 436 3575 741 4577 4149 17250 483 129 4059 3903 156 2451 1076 303 773 268 3781 16655 3204
is_linear=0
shrinkage=0.03


Tree=147
num_leaves=31
num_cat=0
split_feature=5 7 11 15 17 4 4 25 16 4 5 11 4 0 1 12 15 4 10 25 24 4 24 17 10 6 25 11 4 4
split_gain=83756.8 68995.2 66192.6 91216.1 53074.9 47727.9 50150 47133.2 46701.6 45981.9 45121.9 41648.9 38568.7 37378.7 50191.7 44057.8 57577.7 43573.2 36806.7 36325 34223.8 33113.5 31519.9 28690.9 28597 28575.9 28369.3 27617.8 26731.2 31973.4
threshold=47504.500000000007 8.2968750000000018 343.72000000000008 284.98812500000003 2144.9437750000011 180.50000000000003 346.50000000000006 444.56375000000008 14040.386736227545 202.50000000000003 35821.687500000007 524.47500000000002 110.50000000000001 6.5000000000000009 1.0000000180025095e-35 302.37062500000008 233.41687500000003 10.500000000000002 -23.451249999999998 628.70145833333345 102.28500000000001 322.50000000000006 195.18500000000003 1754.8409150000002 214.73000000000005 23.775770925110134 145.41166666666669 53.245000000000012 8.5000000000000018 154.50000000000003
decision_type=2 2 10 10 10 2 2 10 10 2 2 10 2 2 2 10 10 2 10 10 10 2 10 8 10 2 10 10 2 2
left_child=1 4 8 -4 10 -5 7 11 13 -9 -1 24 20 -2 17 28 -17 27 -6 -11 -12 -14 -8 -19 -7 -20 -3 -15 -16 -30
right_child=2 26 3 5 18 6 22 9 -10 19 12 -13 21 14 15 16 -18 23 25 -21 -22 -23 -24 -25 -26 -27 -28 -29 29 -31
leaf_value=-0.12305443901581518 -0.047406485162507228 -0.22048053861439376 1.6363304381924015 -0.23165803461289794 -0.86990308022401375 -0.21492649022035482 0.71536797585875489 1.0560617416245597 -0.26634609805570636 -0.25550334854754148 -0.039463006898441857 1.4230429537807192 0.042287370027073105 0.12452683566910465 0.23600166281706889 0.93278909212097938 0.1219368765121553 0.3909115824650507 -0.1810086763725216 0.58989851788395919 -0.39084923426082852 -0.37851399944539654 -0.16609156823232155 0.10706841782945087 0.63918959589607083 0.019169942062356529 -0.70589911250305959 1.1111234121024609 -0.027747561133557516 0.068625703491177206
leaf_weight=2460 3865 994 41 182 60 40 42 41 469 166 840 55 10702 40 515 108 286 383 2326 62 354 170 241 1948 273 886 121 71 6877 5637
leaf_count=2460 3865 994 41 182 60 40 42 41 469 166 840 55 10702 40 515 108 286 383 2326 62 354 170 241 1948 273 886 121 71 6877 5637
internal_value=0.00104446 -0.0449226 0.0417801 0.26378 -0.030573 0.211277 0.299058 0.446498 0.0292053 0.143886 -0.00598203 0.666711 0.0178948 0.036244 0.0566245 0.0338581 0.346 0.1817 -0.139709 -0.0240413 -0.143883 0.0356733 -0.033216 0.153854 0.529701 -0.125803 -0.273744 0.759879 0.024393 0.0156663
internal_weight=40255 18913 21342 1143 17798 1102 920 637 20199 269 14526 368 12066 19730 15865 13423 394 2442 3272 228 1194 10872 283 2331 313 3212 1115 111 13029 12514
internal_count=40255 18913 21342 1143 17798 1102 920 637 20199 269 14526 368 12066 19730 15865 13423 394 2442 3272 228 1194 10872 283 2331 313 3212 1115 111 13029 12514
is_linear=0
shrinkage=0.03


Tree=148
num_leaves=31
num_cat=0
split_feature=11 6 0 18 0 0 6 16 23 25 10 1 7 4 4 4 4 4 25 14 1 11 12 4 4 10 15 10 7 6
split_gain=99400.6 202724 61707.7 67669.3 97398.6 66701.3 65369.6 49591.2 40579.6 39558.9 37076.4 42699.7 36920.2 34440.3 34061.1 37105.1 63451.2 73056.3 42803.6 71797 58725.2 41947.1 39898.1 33776.3 32374 31905.3 34977.8 31426.7 30898.3 29314.2
threshold=320.91500000000002 0.39052863436123347 15.500000000000002 1.0000000180025095e-35 5.5000000000000009 5.5000000000000009 10.079955947136567 2927.6437134969487 1.5000000000000002 332.98166666666674 89.975000000000009 5.5000000000000009 9.2065972222222268 354.50000000000006 180.50000000000003 207.50000000000003 222.50000000000003 242.50000000000003 444.56375000000008 602.50000000000011 3.5000000000000004 465.51500000000004 331.09791666666672 154.50000000000003 215.50000000000003 -2.4362499999999998 40.963854166666671 311.23000000000008 7.5434027777777795 18.529515418502211
decision_type=10 2 2 2 2 2 2 10 2 10 10 2 2 2 2 2 2 2 10 8 2 10 10 2 2 8 10 10 2 2
left_child=2 -2 3 5 28 12 8 13 -7 25 -4 -12 -1 23 -3 21 24 -18 19 -19 -20 22 -16 -8 -17 -6 -27 -13 -5 -22
right_child=1 14 10 4 9 6 7 -9 -10 -11 11 27 -14 -15 15 16 17 18 20 -21 29 -23 -24 -25 -26 26 -28 -29 -30 -31
leaf_value=-0.060900413152304746 2.1029484309316899 -0.15322095191722754 -0.013928103307849368 0.067797335085457766 -0.97553103701273602 0.091750804001335479 -0.064461033220507016 -0.16492261275157338 0.332217710312882 -0.98202388407928609 0.0579948484811263 0.22199461314747246 -0.35893754169120257 -0.75395812525749206 1.1058651856046458 0.019320950454566627 0.62979443655908096 0.11344904743974626 0.07965483788927287 1.0571322222440329 -1.4242928151751673 1.3493333182958041 0.18768355918303131 0.090737675801295006 -0.67535779252130057 -0.052645445801721279 -0.22504922436165101 0.90805247593671079 -0.19532925265718182 -0.31965305928950721
leaf_weight=6243 48 286 5565 2542 44 2837 1931 1486 812 55 5898 1024 397 49 51 127 299 700 183 80 42 43 239 3639 114 1522 3487 63 476 45
leaf_count=6243 48 286 5565 2542 44 2837 1931 1486 812 55 5898 1024 397 49 51 127 299 700 183 80 42 43 239 3639 114 1522 3487 63 476 45
internal_value=0.000848311 0.194242 -0.0106219 -0.0374059 -0.108872 -0.00401431 0.0421469 -0.0108628 0.145337 -0.188695 0.0438409 0.0898614 -0.0787712 0.0299019 0.151834 0.19726 0.136775 0.21689 0.0988234 0.211467 -0.22617 0.48479 0.352402 0.0369317 -0.310715 -0.179867 -0.172685 0.262555 0.026246 -0.863053
internal_weight=40327 2257 38070 25520 8126 17394 10754 7105 3649 5108 12550 6985 6640 5619 2209 1923 1590 1349 1050 780 270 333 290 5570 241 5053 5009 1087 3018 87
internal_count=40327 2257 38070 25520 8126 17394 10754 7105 3649 5108 12550 6985 6640 5619 2209 1923 1590 1349 1050 780 270 333 290 5570 241 5053 5009 1087 3018 87
is_linear=0
shrinkage=0.03


Tree=149
num_leaves=31
num_cat=0
split_feature=6 24 15 16 1 4 14 6 0 4 24 4 13 0 0 1 13 15 24 14 13 13 25 25 6 25 25 25 6 5
split_gain=79331.6 126852 402169 74908.8 56731.2 76224.4 74942.3 56694.7 49748.1 64851 49959.7 48960 70281.3 44698.5 62842 62741.3 44535.9 43146.1 62866.6 44248.9 55299 43467.4 40626.4 38496.6 37301.1 37098.3 36314.6 35018.4 34668.5 43544
threshold=6.2090308370044065 410.77500000000003 284.98812500000003 3705.3720670662406 3.5000000000000004 108.50000000000001 602.50000000000011 33.845154185022039 5.5000000000000009 246.50000000000003 260.5800000000001 10.500000000000002 -0.044999999999999991 2.5000000000000004 16.500000000000004 5.5000000000000009 20.050000000000004 513.26479166666684 396.99500000000006 188.25875000000005 65.180000000000021 76.517500000000013 155.63750000000002 124.22145833333335 1.1993392070484583 159.98604166666669 444.56375000000008 140.89843750000003 21.937885462555069 60557.125000000007
decision_type=2 10 10 10 2 2 10 2 2 2 10 2 10 2 2 2 8 10 10 10 10 10 10 10 2 10 10 10 2 2
left_child=1 16 -3 4 5 11 7 8 9 -7 -11 12 -2 -6 -15 -16 -1 18 19 22 25 -22 27 28 -4 -21 -8 -10 29 -5
right_child=3 2 24 23 13 6 26 -9 17 10 -12 -13 -14 14 15 -17 -18 -19 -20 20 21 -23 -24 -25 -26 -27 -28 -29 -30 -31
leaf_value=0.30668137018548741 1.4511712598800659 3.4542851041044504 -0.65767937805594456 -0.14718528834517441 0.11497134572017918 0.057326209363077724 1.0471766611876394 0.83496665197260234 0.062159516622242589 -0.19888141973855647 -1.256036508509091 -0.10625893094966529 0.10004924777224661 -0.11861243947351781 -0.050983085804978588 0.21884856334097402 0.046653161159403211 0.93038147662444548 -0.36849164686081082 0.3390397248191841 -0.26152616348639129 0.20766915883262019 -0.62332465707481677 -0.38303161175460165 0.4154353901991934 1.0162714406148246 0.33312086089391851 0.71442594438791274 0.13048241059436747 0.11454700648487269
leaf_weight=666 41 41 40 4628 1378 1769 77 84 6102 986 41 3478 199 7019 2394 1146 5335 54 263 203 199 1602 76 435 100 114 372 74 574 652
leaf_count=666 41 41 40 4628 1378 1769 77 84 6102 986 41 3478 199 7019 2394 1146 5335 54 263 203 199 1602 76 435 100 114 372 74 574 652
internal_value=0.000397167 0.0992353 0.879528 -0.0175975 0.00364511 0.0410592 0.0777883 0.0630056 0.0572863 -0.0527644 -0.242266 -0.0776326 0.33593 -0.0456692 -0.0666425 0.0364063 0.0755578 0.0927093 0.0873625 0.101728 0.220209 0.155709 0.0615617 -0.111049 0.106341 0.585017 0.457631 0.0700893 -0.0907761 -0.11485
internal_weight=40142 6182 181 33960 27671 15734 12016 11567 11483 2796 1027 3718 240 11937 10559 3540 6001 8687 8633 8370 2118 1801 6252 6289 140 317 449 6176 5854 5280
internal_count=40142 6182 181 33960 27671 15734 12016 11567 11483 2796 1027 3718 240 11937 10559 3540 6001 8687 8633 8370 2118 1801 6252 6289 140 317 449 6176 5854 5280
is_linear=0
shrinkage=0.03


Tree=150
num_leaves=31
num_cat=0
split_feature=1 10 15 9 8 8 7 12 13 6 10 24 25 13 6 4 13 4 12 4 5 15 7 16 4 4 4 4 25 24
split_gain=75216.5 124704 222954 273092 95316.1 72210.1 59227 50041.7 143350 41128.5 39321.8 39224.1 39177.1 47413.4 37618.7 34087.3 60252.6 41197.3 38888.7 37963 43141.6 36045.5 34852.3 31562 31417.9 30850.1 30781.4 30557.3 36892.8 30496.7
threshold=1.5000000000000002 260.67000000000007 258.53812500000009 279.52000000000004 8.9562500000000025 521.76875000000007 7.2413194444444464 179.27020833333339 75.985000000000014 23.775770925110134 447.30500000000006 381.02500000000003 198.52375000000004 202.49000000000004 11.408590308370046 20.500000000000004 3.3500000000000001 110.50000000000001 40.351041666666674 350.50000000000006 51806.250000000007 30.175000000000001 4.9843750000000018 1286.682671943182 22.500000000000004 223.50000000000003 323.50000000000006 254.50000000000003 484.18229166666674 22.395000000000003
decision_type=2 10 10 10 2 2 2 10 10 2 10 10 10 10 2 2 10 2 10 2 2 10 2 8 2 2 2 2 10 10
left_child=1 15 3 -3 27 6 7 -2 -9 12 11 -6 13 26 -8 16 29 18 -17 20 22 -20 -19 -18 -23 -11 -10 28 -4 -1
right_child=5 2 4 -5 10 -7 14 8 9 25 -12 -13 -14 -15 -16 17 23 19 21 -21 -22 24 -24 -25 -26 -27 -28 -29 -30 -31
leaf_value=0.33802576519722161 -0.0048466483787883517 3.2124870936075847 0.50086679008095825 -0.012657178903464227 1.047319770732396 -0.16045577888147877 -0.023302584842914975 1.8788038304956949 0.12565183560085885 0.25007732064763372 1.3324049660617656 0.21916037078381206 0.018911599975546606 1.0015372117770753 -0.17964402963514953 -0.29404350332241552 0.93766622381966291 0.13132185537354821 0.59008721113031692 -0.22808597638075415 0.24320681568699332 -0.82957804343917152 -0.018355433849025316 0.073835990228716217 -0.019787954369769267 1.0729036214238121 0.75899182601978898 -0.50285152877174966 -0.43317305260221473 1.4306768910952334
leaf_weight=42 16313 53 93 42 70 3023 3171 40 766 120 54 190 2827 68 2459 546 40 2532 85 369 1251 43 3130 536 2159 62 75 126 63 52
leaf_count=42 16313 53 93 42 70 3023 3171 40 766 120 54 190 2827 68 2459 546 40 2532 85 369 1251 43 3130 536 2159 62 75 126 63 52
internal_value=0.00405235 0.0690351 0.459433 1.80135 0.242877 -0.021732 -0.00553543 0.0183732 0.114051 0.0955598 0.601592 0.445285 0.074029 0.245236 -0.0916072 0.0439818 0.251051 0.0302425 -0.0668094 0.0680036 0.0838389 -0.0124545 0.0485904 0.135345 -0.0359707 0.534712 0.182967 -0.157257 0.123302 0.951168
internal_weight=40400 11476 691 95 596 28924 25901 20271 3958 3918 314 260 3736 909 5630 10785 670 10115 2833 7282 6913 2287 5662 576 2202 182 841 282 156 94
internal_count=40400 11476 691 95 596 28924 25901 20271 3958 3918 314 260 3736 909 5630 10785 670 10115 2833 7282 6913 2287 5662 576 2202 182 841 282 156 94
is_linear=0
shrinkage=0.03


Tree=151
num_leaves=31
num_cat=0
split_feature=5 10 1 15 13 8 7 16 4 1 0 11 8 5 4 4 0 14 4 14 4 13 25 4 15 13 13 14 14 15
split_gain=76000.7 73824.2 73606.3 287102 80373.2 69277.5 62299 46786 43384.5 40184.5 63104.3 37752.9 36135.3 45361 36804.2 37650.3 35818.6 34595.6 34592 39654.4 34569.2 34470.4 34106.6 34045.7 48519 38703.5 33703.8 32300.4 87022.2 31741.7
threshold=45903.437500000007 279.11000000000007 1.5000000000000002 258.53812500000009 329.49500000000006 719.03750000000014 8.2968750000000018 13691.345580477189 122.50000000000001 1.0000000180025095e-35 5.5000000000000009 380.06500000000005 124.81875000000001 35821.687500000007 110.50000000000001 259.50000000000006 12.500000000000002 215.80500000000004 164.50000000000003 438.64000000000004 348.50000000000006 3.3500000000000001 384.48208333333338 20.500000000000004 74.281875000000014 29.035000000000004 0.21500000000000002 421.93000000000006 438.64000000000004 443.54708333333343
decision_type=2 10 2 10 10 2 2 10 2 2 2 10 2 2 2 2 2 10 2 10 2 10 10 2 10 10 10 10 10 10
left_child=5 7 3 -3 11 6 12 9 -7 10 -2 22 13 -1 -15 -16 -14 -8 19 -11 21 26 -5 24 -12 -26 -20 -23 -29 -22
right_child=1 2 -4 4 -6 8 17 -9 -10 18 23 -13 16 14 15 -17 -18 -19 20 -21 29 27 -24 -25 25 -27 -28 28 -30 -31
leaf_value=-0.11232827399978668 -0.21112084035257017 2.6701794783157458 0.11236067837709891 0.099263177091505991 1.2261966669697029 -1.1943027547509408 -0.22763680793784608 -0.25456311255196956 -0.31269639053525033 -0.025532048013128868 -0.069149806861788385 0.32773773610118834 -0.23534921093476191 -0.16693753875852846 0.094672603855741055 -0.060969569559181126 -0.044436848197300635 -0.89348114634489084 0.12992587616168511 -0.9491767009454114 -0.14815831618992908 0.038620865370850764 -0.92128902065304086 0.13922235756315035 1.5801649090449015 0.51644695826828513 0.51490699976734222 1.4504293423891066 -0.036094512241677597 0.58039630108414908
leaf_weight=2417 453 50 1552 66 64 59 822 558 318 10617 81 188 1268 734 5570 1867 2921 76 705 41 971 5571 52 2716 44 103 288 53 103 56
leaf_count=2417 453 50 1552 66 64 59 822 558 318 10617 81 188 1268 734 5570 1867 2921 76 705 41 971 5571 52 2716 44 103 288 53 103 56
internal_value=-0.00146135 0.0319655 0.207878 0.559731 0.268107 -0.0521294 -0.0424486 0.0164426 -0.453461 0.0233901 0.118177 0.0643803 -0.0276953 0.00181519 0.0355887 0.0555969 -0.102268 -0.28492 0.00588985 -0.0291739 0.0541267 0.078902 -0.354434 0.168901 0.520295 0.843364 0.241988 0.0505874 0.474964 -0.107906
internal_weight=40384 24332 1972 420 370 16052 15675 22360 377 21802 3397 306 14777 10588 8171 7437 4189 898 18405 10658 7747 6720 118 2944 228 147 993 5727 156 1027
internal_count=40384 24332 1972 420 370 16052 15675 22360 377 21802 3397 306 14777 10588 8171 7437 4189 898 18405 10658 7747 6720 118 2944 228 147 993 5727 156 1027
is_linear=0
shrinkage=0.03


Tree=152
num_leaves=31
num_cat=0
split_feature=6 24 8 16 14 17 13 13 15 22 12 14 2 15 14 13 15 12 2 15 14 13 13 5 1 15 15 6 12 15
split_gain=69060.1 69542.3 93104.8 65516.7 51223.3 49528 44300 42637.9 54149.9 42854.8 40958.9 49334 37090.6 59723.6 41994.6 38078.7 49982.9 45524.5 32109.6 50437.1 43990.3 37428.9 32843.4 31057.1 30602.5 37044.8 38781.2 30602.3 30425.9 31844.9
threshold=6.2090308370044065 466.00500000000005 14.868750000000002 3340.3833811088048 96.010000000000005 14658.218295000004 20.050000000000004 18.685000000000006 141.38572916666669 1.0000000180025095e-35 343.15729166666671 493.88000000000005 6.5000000000000009 272.38666666666671 438.64000000000004 250.07500000000002 406.63729166666673 364.06333333333345 8.5000000000000018 373.12250000000006 493.88000000000005 304.53000000000003 315.09000000000009 45400.437500000007 1.0000000180025095e-35 105.17520833333334 90.550156250000029 15.723568281938331 86.157447916666669 364.06333333333345
decision_type=2 10 2 10 10 10 8 10 10 2 10 10 2 10 10 10 10 10 2 10 10 10 10 2 2 10 10 2 10 10
left_child=1 6 -3 4 5 -2 -1 8 24 10 11 -9 13 -12 -14 16 -16 -17 20 -20 21 -19 -22 -10 27 26 -26 -6 -8 -30
right_child=3 2 -4 -5 7 -7 28 9 23 -11 12 -13 14 -15 15 17 -18 18 19 -21 22 -23 -24 -25 25 -27 -28 -29 29 -31
leaf_value=0.30802767562926109 -0.062230857441326892 1.9076474558765237 -0.0028250003712517874 -0.099132875238246515 0.47649876158176496 -1.0722301030734722 -0.072996434575251859 -0.0038343007952116232 0.052312100090618645 -0.35922003169495698 0.35183908468339503 -0.87321882223678837 0.89702640700984648 -0.73622009973315627 0.074550414270306203 -0.61502418994903563 1.1295185063034296 0.13379950109281039 0.6000464209121994 -0.2517152172485459 1.0774971590800717 -0.83155275496109471 0.30806686007181233 0.66254876317736155 0.034234974477039187 -0.19179374874333169 0.31942721471958241 0.10774351000100249 0.10684654861652784 -0.36337451655584485
leaf_weight=680 6443 43 48 6880 307 43 1336 13554 111 288 81 58 73 101 82 73 79 113 78 300 54 52 570 232 2891 535 503 594 4002 133
leaf_count=680 6443 43 48 6880 307 43 1336 13554 111 288 81 58 73 101 82 73 79 113 78 300 54 52 570 232 2891 535 503 594 4002 133
internal_value=0.000367082 0.0921005 0.910849 -0.0164294 0.00448109 -0.0690911 0.0798415 0.0275037 0.102107 0.00269024 0.00954002 -0.00760258 0.150368 -0.252698 0.200274 0.163355 0.595982 0.106749 0.152386 -0.0748354 0.261202 -0.173609 0.37627 0.465793 0.0761885 0.0399993 0.0765829 0.233779 0.0514288 0.0916379
internal_weight=40337 6242 91 34095 27215 6486 6151 20729 5173 15556 15268 13612 1656 182 1474 1401 161 1240 1167 378 789 165 624 343 4830 3929 3394 901 5471 4135
internal_count=40337 6242 91 34095 27215 6486 6151 20729 5173 15556 15268 13612 1656 182 1474 1401 161 1240 1167 378 789 165 624 343 4830 3929 3394 901 5471 4135
is_linear=0
shrinkage=0.03


Tree=153
num_leaves=31
num_cat=0
split_feature=5 10 8 7 5 4 6 13 13 6 22 16 13 15 4 6 4 4 25 12 7 25 4 6 25 12 15 8 25 15
split_gain=71538.5 72161.7 60064.3 54216.9 54912 46453.5 116008 56738.4 54518.5 64619.5 45236.1 41925.9 43501.2 90819.8 64855.3 52483.4 44470.5 57724.7 40750.6 39301.5 38881.5 37970.4 37095.4 37922.3 70368.6 53683.8 43456.1 40700.1 36769 36001.2
threshold=45903.437500000007 240.31000000000003 154.15625000000003 8.2968750000000018 35821.687500000007 348.50000000000006 0.39052863436123347 130.76000000000002 94.075000000000017 8.954185022026433 1.0000000180025095e-35 11653.267558709189 18.685000000000006 141.38572916666669 10.500000000000002 6.732158590308372 222.50000000000003 353.50000000000006 201.19645833333334 92.237291666666678 9.0468750000000018 37.054635416666677 342.50000000000006 21.058810572687229 444.56375000000008 315.7247916666667 417.90270833333335 265.86875000000003 518.99125000000015 169.68729166666668
decision_type=2 10 2 2 2 2 2 10 10 2 2 10 8 10 2 2 2 2 10 10 2 8 2 2 10 10 10 2 10 10
left_child=2 11 3 4 -1 6 -3 8 -8 -10 -6 12 13 14 -2 -16 -17 -18 -9 29 -7 -14 23 24 25 -20 -26 28 -25 -15
right_child=1 5 -4 -5 10 20 7 18 9 -11 -12 -13 21 19 15 16 17 -19 22 -21 -22 -23 -24 27 26 -27 -28 -29 -30 -31
leaf_value=-0.12330119424398139 0.54930891727816455 1.3849693407744168 -0.1420852951741495 -0.2848595933641791 0.04499211789738445 -0.030085999478246563 -0.067964011549073111 0.61858280474571758 0.16515890900361335 1.4390975076462094 -0.73766449530956457 -0.18224378351928033 0.25578373101390822 0.73521956005050526 0.32463118989894679 -0.045605847163436755 0.21942516997196873 -0.3298128037132097 -0.073550670400680015 0.99569717456088502 -1.0114424104370721 -0.015348536145668992 0.55421834888738519 0.37036142271497974 -1.200489598436524 0.36512993190787796 -0.04472685511295612 0.14335860497577757 1.5156394005984795 -0.14169378044675376
leaf_weight=2423 236 74 4542 624 8343 320 67 147 58 94 66 942 480 83 536 3540 1326 197 881 128 40 13856 150 68 68 350 51 365 40 84
leaf_count=2423 236 74 4542 624 8343 320 67 147 58 94 66 942 480 83 536 3540 1326 197 881 128 40 13856 150 68 68 350 51 365 40 84
internal_value=-0.00056643 0.0319933 -0.0497795 -0.0131735 0.00250241 0.175961 0.223381 0.186055 0.644714 0.957246 0.0387623 0.0133378 0.0223484 0.0892279 0.0632106 0.0426269 0.0127141 0.148211 0.138393 0.60189 -0.141625 -0.00625324 0.102321 0.0648546 -0.0161885 0.0513709 -0.709663 0.295708 0.804552 0.295919
internal_weight=40179 24181 15998 11456 10832 2773 2413 2339 219 152 8409 21408 20466 6130 5835 5599 5063 1523 2120 295 360 14336 1973 1823 1350 1231 119 473 108 167
internal_count=40179 24181 15998 11456 10832 2773 2413 2339 219 152 8409 21408 20466 6130 5835 5599 5063 1523 2120 295 360 14336 1973 1823 1350 1231 119 473 108 167
is_linear=0
shrinkage=0.03


Tree=154
num_leaves=31
num_cat=0
split_feature=11 6 1 15 17 7 6 0 1 4 24 11 12 15 15 5 4 16 0 11 15 11 6 4 25 14 2 25 11 16
split_gain=67355.9 59347.1 127786 253744 45172.6 46644.3 42680.3 41714.6 42366.4 45333.8 46455.7 71717.2 56109.4 52828.3 40863.7 39938.1 45063.1 47827.3 37393.8 35714.6 35275.3 36899.1 34538.9 33085.5 32387.3 60505.8 36494.9 34113.3 31181.7 30463.6
threshold=250.00500000000002 6.2090308370044065 1.0000000180025095e-35 277.52729166666671 3382.1315400000003 4.9079861111111134 1.1993392070484583 17.500000000000004 4.5000000000000009 96.500000000000014 396.99500000000006 524.47500000000002 373.12250000000006 458.07729166666678 364.06333333333345 37403.812500000007 330.50000000000006 14040.386736227545 2.5000000000000004 644.96000000000015 513.26479166666684 465.51500000000004 31.153744493392079 355.50000000000006 189.57125000000002 266.50500000000005 9.5000000000000018 186.80062500000003 106.96625000000002 13691.345580477189
decision_type=10 2 2 10 10 2 2 2 2 2 10 10 10 10 10 2 2 8 2 10 10 8 2 2 8 10 2 10 10 10
left_child=4 2 3 -2 5 -1 14 8 9 -3 11 13 -12 23 -4 -7 24 -18 -10 -9 21 -14 -6 -11 25 27 -26 29 -27 -17
right_child=1 7 6 -5 22 15 -8 19 18 10 12 -13 20 -15 -16 16 17 -19 -20 -21 -22 -23 -24 -25 26 28 -28 -29 -30 -31
leaf_value=0.05498896512500609 2.8139114162888168 -0.37795817628522049 0.11378270972520113 0.026214170247983577 -0.10099820257659615 -0.15195556916838587 0.31534100867903181 0.17617661356261027 0.28692183250933884 0.35168328062494186 -0.63591380369807793 1.3965183045877061 0.072193752735444941 -0.39133871038913726 -1.0483684462308884 0.014829557678301838 0.035162189775190068 -0.30363984607945993 -0.44246346525966607 0.8498378795617586 -0.23802982585730953 0.84789825611017844 0.21972534198348984 -0.21021732711927457 -0.042841843612824421 -0.26574976388467247 -0.40602400227017432 0.5240247309554753 0.64672878769174891 -0.25299896904772129
leaf_weight=10927 52 193 71 66 5761 1930 468 901 79 672 133 45 218 124 43 13930 641 902 305 76 213 73 318 109 963 40 335 115 198 392
leaf_count=10927 52 193 71 66 5761 1930 468 901 79 672 133 45 218 124 43 13930 641 902 305 76 213 73 318 109 963 40 335 115 198 392
internal_value=0.00304693 0.12252 0.372115 1.26801 -0.00954517 0.00539636 0.188609 0.0667952 -0.0066875 0.0550037 0.107862 0.240674 -0.0902758 0.181724 -0.329877 -0.0224719 -0.00819684 -0.162962 -0.292052 0.229396 0.0546862 0.269024 -0.0841874 0.273093 0.00676277 0.0194707 -0.136816 0.0116324 0.492901 0.00748181
internal_weight=40293 3841 700 118 36452 30373 582 3141 2164 1780 1587 950 637 905 114 19446 17516 1543 384 977 504 291 6079 781 15973 14675 1298 14437 238 14322
internal_count=40293 3841 700 118 36452 30373 582 3141 2164 1780 1587 950 637 905 114 19446 17516 1543 384 977 504 291 6079 781 15973 14675 1298 14437 238 14322
is_linear=0
shrinkage=0.03


Tree=155
num_leaves=31
num_cat=0
split_feature=8 6 1 6 24 4 16 4 4 6 25 13 23 14 16 12 4 14 25 4 4 25 9 12 25 25 12 25 6 25
split_gain=65453.6 68398 55631.1 50899.5 78356.5 261909 54306.2 53075.6 47890.5 44749.8 43142.9 40136 38666.5 36218.9 35112.8 33522.6 32433.3 31474.2 29471.8 33282 30166.1 30114.5 29201.2 27956.8 51350.6 31753.1 61830.3 33081.4 31774.1 36985.9
threshold=385.96250000000003 23.084801762114541 3.5000000000000004 6.2090308370044065 410.77500000000003 338.50000000000006 2896.0343152156129 350.50000000000006 112.50000000000001 32.259691629955952 284.98812500000003 20.050000000000004 1.5000000000000002 50.052500000000002 755.24954927381407 15.325208333333336 100.50000000000001 428.82000000000005 124.22145833333335 32.500000000000007 6.5000000000000009 133.98562500000003 60.295000000000009 343.15729166666671 344.72041666666672 302.37062500000008 277.52729166666671 272.38666666666671 11.408590308370046 246.2154166666667
decision_type=2 2 2 2 10 2 10 2 2 2 10 8 2 10 10 10 2 10 10 2 2 10 10 10 10 10 10 10 2 10
left_child=1 3 9 4 11 -6 7 8 12 14 -4 -1 17 -14 16 -15 -2 -5 19 20 -8 -20 -21 24 25 26 27 28 29 -10
right_child=2 -3 10 6 5 -7 18 -9 23 -11 -12 -13 13 15 -16 -17 -18 -19 21 22 -22 -23 -24 -25 -26 -27 -28 -29 -30 -31
leaf_value=0.28481052613686492 -0.20095700974800826 0.20399479135488427 -0.14682935830812588 -0.10236957743195288 2.6831000481446585 0.040025340645806866 -0.53583467306061217 -0.23308425201870786 0.1193750882135306 0.48043932498426911 -0.58009271597648404 0.038590619064207042 -0.37133847181421481 0.79184389791098131 -0.14847645367698631 0.059894004016155647 0.085826344354710565 -0.66264353400276554 -0.86046395587274827 -0.029541043407513325 0.30210348905147782 -0.19966751400930471 -0.17164843538638286 0.21492202325180024 -0.55297649384064729 0.51332238601932989 -0.54395473260362193 0.83766157411038866 0.02101448245487772 0.7824883078611814
leaf_weight=669 426 1679 2887 3091 44 135 43 756 2619 160 222 5388 172 57 1431 1951 2102 92 82 2883 322 250 2372 908 128 130 158 47 8876 77
leaf_count=669 426 1679 2887 3091 44 135 43 756 2619 160 222 5388 172 57 1431 1951 2102 92 82 2883 322 250 2372 908 128 130 158 47 8876 77
internal_value=-0.00042377 0.0175211 -0.0821673 0.00749602 0.0841704 0.701016 -0.0116215 0.0130797 0.0232579 -0.00985034 -0.177943 0.0658283 -0.0521167 0.0452079 -0.0297813 0.0810553 0.0374394 -0.118767 -0.090719 -0.0744557 0.202193 -0.36497 -0.0937059 0.0544914 0.0423706 0.0488165 0.0436459 0.0516825 0.0484181 0.138597
internal_weight=40157 32929 7228 31250 6236 179 25014 19062 18306 4119 3109 6057 5363 2180 3959 2008 2528 3183 5952 5620 365 332 5255 12943 12035 11907 11777 11619 11572 2696
internal_count=40157 32929 7228 31250 6236 179 25014 19062 18306 4119 3109 6057 5363 2180 3959 2008 2528 3183 5952 5620 365 332 5255 12943 12035 11907 11777 11619 11572 2696
is_linear=0
shrinkage=0.03


Tree=156
num_leaves=31
num_cat=0
split_feature=0 18 0 0 8 23 6 13 24 6 15 10 15 4 16 24 7 12 8 4 4 13 25 7 4 7 10 24 8 16
split_gain=62420.9 61861.8 108942 69256.1 101401 61599.3 118524 52227.6 82581.3 39677.1 38510.2 35029.9 34998.6 31701.8 30748.2 30018.8 31481.5 28912.8 26620.3 25904.7 29522.7 27993.8 51283.7 25800.7 25310.8 24896 25862.2 25635.4 24475.4 24324.5
threshold=15.500000000000002 1.0000000180025095e-35 2.5000000000000004 5.5000000000000009 184.20625000000004 2.5000000000000004 0.39052863436123347 378.59000000000009 295.01500000000004 31.153744493392079 40.963854166666671 380.28000000000003 443.54708333333343 337.50000000000006 586.20871876387764 410.77500000000003 8.7517361111111125 150.60333333333335 385.96250000000003 2.5000000000000004 78.500000000000014 68.520000000000024 80.14562500000001 4.5954861111111134 108.50000000000001 11.881944444444448 83.985000000000014 410.77500000000003 679.98125000000016 9318.1049316519293
decision_type=2 2 2 2 2 2 2 10 10 2 10 10 10 2 10 8 2 10 2 2 2 10 10 2 2 2 10 10 2 10
left_child=1 3 -3 15 5 12 -7 8 10 11 -4 25 23 -8 24 16 29 -18 -13 -12 -21 22 -22 -5 -6 26 -2 -28 -23 -1
right_child=9 2 7 4 14 6 13 -9 -10 -11 19 18 -14 -15 -16 -17 17 -19 -20 20 21 28 -24 -25 -26 -27 27 -29 -30 -31
leaf_value=-0.03358655333633502 -0.018381073144911081 0.13121265664077617 -0.026086563683894788 0.17708397306604962 -0.10429590975806609 1.7307446446785559 0.31702425333968032 0.89465378265048179 -0.75654865014362116 0.38757700297674075 -0.82034916812357928 0.35239115098286744 0.55921993533733982 -0.21704681165315007 -0.12912703460941721 -0.59922503001987937 -0.18800419002460259 -0.78551106177527319 -0.1546125926155793 -0.041760745687374895 -0.2010873660793108 -0.090626557848113562 -0.55450779773794301 0.02085144103180768 0.063970350892606651 -0.44872838579551172 0.076263690478453813 -0.48871946233592617 -0.55549826706810423 -0.32675164420801894
leaf_weight=6019 4774 1547 1991 1415 1157 51 1037 42 198 308 56 518 136 110 2162 95 457 86 113 1106 1343 1402 510 2900 2635 95 7482 72 109 265
leaf_count=6019 4774 1547 1991 1415 1157 51 1037 42 198 308 56 518 136 110 2162 95 457 86 113 1106 1343 1402 510 2900 2635 95 7482 72 109 265
internal_value=-0.00140081 -0.0277855 -0.0958204 0.00271528 0.0475165 0.138554 0.329423 -0.147811 -0.154463 0.051574 -0.136057 0.0436172 0.0871191 0.265661 -0.0388666 -0.0723787 -0.0649608 -0.283907 0.261496 -0.184417 -0.176269 -0.220466 -0.298606 0.0721133 0.0126157 0.0325304 0.036275 0.0708146 -0.124507 -0.0459995
internal_weight=40191 26829 8304 18525 11603 5649 1198 6757 6715 13362 6517 13054 4451 1147 5954 6922 6827 543 631 4526 4470 3364 1853 4315 3792 12423 12328 7554 1511 6284
internal_count=40191 26829 8304 18525 11603 5649 1198 6757 6715 13362 6517 13054 4451 1147 5954 6922 6827 543 631 4526 4470 3364 1853 4315 3792 12423 12328 7554 1511 6284
is_linear=0
shrinkage=0.03


Tree=157
num_leaves=31
num_cat=0
split_feature=5 10 1 4 7 8 16 15 25 4 16 13 15 4 16 15 25 4 10 1 17 4 6 14 4 6 24 5 4 8
split_gain=67123.7 63478.5 71321.8 239711 59230.6 57829.5 46049.8 44749.4 49202.9 37737.9 36054.7 32690.6 74187.6 54959.4 45791.3 68028.8 43685.8 45120.7 41044.3 33133.7 32947.9 32327.3 35669.4 31100.2 33717.7 30329.6 34575.3 30248.5 31083 31975.8
threshold=48006.250000000007 279.11000000000007 1.5000000000000002 94.500000000000014 8.237847222222225 654.63750000000005 2896.0343152156129 513.26479166666684 344.72041666666672 322.50000000000006 14040.386736227545 18.685000000000006 139.77625000000003 10.500000000000002 6623.8205469421846 108.36333333333336 37.054635416666677 348.50000000000006 99.395000000000024 2.5000000000000004 3227.8261850000004 84.500000000000014 8.08149779735683 215.80500000000004 272.50000000000006 23.775770925110134 48.195000000000007 38156.250000000007 112.50000000000001 161.51250000000002
decision_type=2 10 2 2 2 2 10 10 10 2 10 8 10 2 8 10 8 2 10 2 10 2 2 10 2 2 10 2 2 2
left_child=4 10 3 -3 5 6 9 8 -5 27 11 12 13 -2 15 20 -13 18 -18 -14 -15 -16 -23 -6 -25 26 -8 -1 -29 -30
right_child=1 2 -4 7 23 -7 25 -9 -10 -11 -12 16 19 14 21 -17 17 -19 -20 -21 -22 22 -24 24 -26 -27 -28 28 29 -31
leaf_value=-0.053564815426957575 0.53926053194135848 2.1134206296946552 0.11660368177185503 0.7860748313864071 -0.18643702448102592 -0.25094687603459559 -0.04019231405545956 0.96935378807895578 -0.25490355207185655 -0.42363854162054398 -0.23483231001274213 0.30519365110829366 0.83523250848054886 0.39420238599273888 -0.19570202573624662 -0.24088141740994018 -0.0498670717111208 -0.23285333071124356 0.059734303988467158 0.17826244479718328 0.11789992358292316 0.3797130865759441 -0.026352753442928232 0.035383443766977732 -1.0180356955597567 0.15133637315925066 -0.22634692208901042 -0.098484879021102062 0.11246889368700444 -0.0060795567636629817
leaf_weight=3681 211 73 1353 53 1152 961 1886 52 167 174 473 426 168 662 833 329 5600 726 6818 118 941 231 1210 40 85 384 1714 1160 5319 3329
leaf_count=3681 211 73 1353 53 1152 961 1886 52 167 174 473 426 168 662 833 329 5600 726 6818 118 941 231 1210 40 85 384 1714 1160 5319 3329
internal_value=0.00123363 0.0394034 0.214994 0.599402 -0.0380092 -0.0244391 -0.0120907 0.186813 -0.00170025 0.0140798 0.0234879 0.0301871 0.0983381 0.0679527 0.0441863 0.15154 0.00656223 -0.00313896 0.0103086 0.565741 0.232181 -0.0470485 0.03896 -0.235573 -0.683336 -0.101823 -0.128861 0.0197571 0.0472779 0.0668389
internal_weight=40329 20444 1698 345 19885 18608 17647 272 220 13663 18746 18273 4703 4417 4206 1932 13570 13144 12418 286 1603 2274 1441 1277 125 3984 3600 13489 9808 8648
internal_count=40329 20444 1698 345 19885 18608 17647 272 220 13663 18746 18273 4703 4417 4206 1932 13570 13144 12418 286 1603 2274 1441 1277 125 3984 3600 13489 9808 8648
is_linear=0
shrinkage=0.03


Tree=158
num_leaves=31
num_cat=0
split_feature=11 6 8 6 17 12 5 1 14 1 16 22 25 13 13 13 14 14 13 23 13 11 11 12 15 13 13 1 13 6
split_gain=62134.9 172807 47206 46070 45309.9 44707.4 41780.6 41485.3 41054.5 33902.6 33389.7 35082.2 49426.2 32770.8 30381.6 75729 39764.2 42446.2 39176.4 30236.6 50001.9 36140 27168.3 46060.2 44594.8 37901.4 80875.8 28722.3 27002.3 25806.1
threshold=320.91500000000002 0.39052863436123347 637.96875000000011 23.775770925110134 2363.9040300000011 155.59437500000004 37254.187500000007 1.5000000000000002 693.2650000000001 2.5000000000000004 1884.1720727700733 1.0000000180025095e-35 112.99098958333336 298.67500000000001 293.64000000000004 304.53000000000003 640.34000000000003 470.46000000000004 250.07500000000002 4.5000000000000009 -29.089999999999996 184.24875000000003 570.0150000000001 364.06333333333345 443.54708333333343 126.51000000000002 100.17750000000002 1.0000000180025095e-35 268.29500000000007 28.970704845814982
decision_type=10 2 2 2 10 10 2 2 10 2 8 2 10 10 10 10 10 10 10 2 10 10 10 10 10 10 10 2 10 2
left_child=2 -2 3 4 6 -3 -1 22 10 29 -8 13 -13 -12 16 -16 17 -9 -19 -4 -21 -22 24 -24 25 26 -7 -26 -29 -5
right_child=1 5 19 9 -6 7 8 14 -10 -11 11 12 -14 -15 15 -17 -18 18 -20 20 21 -23 23 -25 27 -27 -28 28 -30 -31
leaf_value=-0.092845106118278328 1.9135769142909924 1.0943887117432385 -0.075232659958297518 0.18787594785460016 -0.09704251595220717 0.10459426366724074 0.12927741907853532 -0.056810243259522185 -0.85063938916945936 0.028887059602645048 0.011500144978571649 -0.05313588222205639 -0.63921068460600716 0.48738171189852797 0.89415626056054054 0.020857265153861146 0.6660614436163621 -1.3365526125393807 -0.32303590966701506 -1.3305672090394156 -0.16749179660384619 -0.93175899580475829 0.034482909772131178 1.2187355744927677 -0.79171336999479325 0.18903714367718089 1.704858122238746 0.58846259423816683 -0.33535412713008766 0.58673680617233337
leaf_weight=3558 48 40 1365 824 4692 63 2235 470 48 1359 22363 499 174 130 101 722 50 47 124 41 487 62 53 66 52 305 51 48 67 177
leaf_count=3558 48 40 1365 824 4692 63 2235 470 48 1359 22363 499 174 130 101 722 50 47 124 41 487 62 53 66 52 305 51 48 67 177
internal_value=-0.000194844 0.150943 -0.00937083 -0.00158468 -0.0105598 0.112659 0.00343194 0.0944777 0.0168955 0.126524 0.0185683 0.00788218 -0.205385 0.0142721 0.00591501 0.128985 -0.140639 -0.204504 -0.607756 -0.152908 -0.332184 -0.25534 0.28439 0.695978 0.199765 0.364743 0.829101 -0.21387 0.0519878 0.258919
internal_weight=40321 2307 38014 36059 33699 2259 29007 2219 25449 2360 25401 23166 673 22493 1514 823 691 641 171 1955 590 549 705 119 586 419 114 167 115 1001
internal_count=40321 2307 38014 36059 33699 2259 29007 2219 25449 2360 25401 23166 673 22493 1514 823 691 641 171 1955 590 549 705 119 586 419 114 167 115 1001
is_linear=0
shrinkage=0.03


Tree=159
num_leaves=31
num_cat=0
split_feature=5 7 14 4 1 8 4 10 25 4 2 4 4 4 14 0 1 25 2 13 0 7 7 10 16 8 1 5 11 12
split_gain=65578.4 55073.8 53335.4 60789.6 98108.2 267604 51169.8 71782.9 47490.7 42777.9 36672.4 58682.2 47587.2 35096.2 60134.9 34461.2 50690.9 32650.2 55394.7 29980.9 29841.4 25837.2 25454.8 22792.3 22691.2 35963.3 31093.3 26306.7 34801.8 22733.2
threshold=47504.500000000007 6.383680555555558 318.98000000000008 272.50000000000006 1.0000000180025095e-35 48.85625000000001 122.50000000000001 -2.4362499999999998 316.57312500000006 265.50000000000006 1.5000000000000002 68.500000000000014 80.500000000000014 272.50000000000006 209.59625000000003 6.5000000000000009 1.0000000180025095e-35 284.98812500000003 10.500000000000002 193.02000000000001 9.5000000000000018 4.5364583333333348 4.5746527777777795 236.68500000000003 2701.4663113076654 382.32500000000005 1.0000000180025095e-35 37254.187500000007 427.30000000000007 47.308697916666667
decision_type=2 2 10 2 2 2 2 10 10 2 2 2 2 2 10 2 2 10 2 10 2 2 2 10 10 2 2 2 10 10
left_child=1 6 8 4 5 -4 7 -1 15 10 -6 -12 -13 -3 -15 -2 20 21 -19 -7 -17 -5 -20 -22 25 27 -27 28 29 -8
right_child=2 13 3 17 9 19 24 -9 -10 -11 11 12 -14 14 -16 16 -18 18 22 -21 23 -23 -24 -25 -26 26 -28 -29 -30 -31
leaf_value=-1.215195528551152 -0.064951912132681255 -0.084827422427841651 3.0843802092424251 0.77248981006443496 -0.34309230091540432 0.72541665529662913 -0.18057755464972419 -0.13201807020719863 -0.9907265850475856 1.1219017283482984 0.72215184704732083 -0.36969662009605336 0.22116526053649338 -0.1763211560634089 -0.74583671310750566 0.40573033926996416 0.014727634894304661 -1.0445122894698924 0.15297164138219291 -0.20255037549138069 0.098840624069155683 0.10225267372396604 -0.23447050670666669 0.62491327870975832 -0.078542474999458531 0.25648945505595616 -0.1224363273142704 0.089534105533964764 -0.79513625222903028 0.038530233450906962
leaf_weight=56 3554 3474 40 63 113 65 549 1641 41 43 176 146 742 966 201 384 12823 54 290 59 2018 273 320 76 2289 216 1917 5745 51 1892
leaf_count=56 3554 3474 40 63 113 65 549 1641 41 43 176 146 742 966 201 384 12823 54 290 59 2018 273 320 76 2289 216 1917 5745 51 1892
internal_value=-0.00234735 -0.0428612 0.0338204 0.167503 0.2962 0.982934 -0.0138149 -0.168457 0.0169464 0.203155 0.168666 0.223288 0.123712 -0.132688 -0.274967 0.01919 0.0387368 -0.0107311 -0.132629 0.285796 0.162922 0.229841 -0.0503278 0.118223 0.00692725 0.025799 -0.0839619 0.0542287 -0.0271669 -0.0108026
internal_weight=40277 18997 21280 2384 1384 164 14356 1697 18896 1220 1177 1064 888 4641 1167 18855 15301 1000 664 124 2478 336 610 2094 12659 10370 2133 8237 2492 2441
internal_count=40277 18997 21280 2384 1384 164 14356 1697 18896 1220 1177 1064 888 4641 1167 18855 15301 1000 664 124 2478 336 610 2094 12659 10370 2133 8237 2492 2441
is_linear=0
shrinkage=0.03


Tree=160
num_leaves=31
num_cat=0
split_feature=0 18 0 0 17 23 6 10 13 25 4 14 12 6 25 10 14 11 1 24 4 4 4 1 13 6 13 1 24 6
split_gain=59783.6 51637.8 104013 57957.9 75692.5 57566.5 132865 48610.5 43673.6 102679 38519.2 36238.8 34931.7 34176.3 32417.7 31652.8 31476.3 31401.1 28161.1 27506.8 29067 25828.1 25345.7 24665.4 23464.9 22958.1 22301.3 22219.7 22182.1 21943.7
threshold=16.500000000000004 1.0000000180025095e-35 5.5000000000000009 5.5000000000000009 4310.2226650000002 2.5000000000000004 0.39052863436123347 380.28000000000003 378.59000000000009 365.13833333333338 154.50000000000003 470.46000000000004 406.63729166666673 30.33392070484582 62.492916666666666 90.308750000000018 232.05000000000004 181.48000000000005 5.5000000000000009 396.99500000000006 236.50000000000003 8.5000000000000018 350.50000000000006 2.5000000000000004 69.916250000000019 12.026211453744496 27.268750000000001 5.5000000000000009 143.18500000000003 18.529515418502211
decision_type=2 2 2 2 10 2 2 10 8 10 2 10 10 2 10 10 10 10 2 8 2 2 2 2 10 2 10 2 10 2
left_child=1 3 16 19 5 10 -7 11 9 14 21 13 -11 15 26 -2 17 -3 25 29 -21 -5 -8 -15 -16 -17 -4 -28 -6 -1
right_child=7 2 8 4 28 6 22 -9 -10 12 -12 -13 -14 23 24 18 -18 -19 -20 20 -22 -23 -24 -25 -26 -27 27 -29 -30 -31
leaf_value=-0.082997303783968468 -0.024572829525905577 0.027722003522041121 -0.14260803501139818 0.31439193325522152 -0.086179421966089659 1.8332599742909272 0.20715570719343451 0.31904477615433968 0.73901567265391355 -0.54690011008580519 0.10212914120952732 -0.55594670213656605 -1.7412254896569757 0.67662368970908571 -0.33224335174212405 0.12588625983707108 0.26709345823012798 -0.61634116326059618 0.22972487461791669 -0.11739379655231127 -1.0928420916199684 -0.050683197076174823 -0.31979571568563059 0.125019858709948 -0.1550999891688247 -7.1022698116237059e-05 -0.08819611725931048 0.20402301886553867 -0.75771045040463403 0.069140401048713024
leaf_weight=5855 4477 2548 1798 183 2811 44 1897 592 47 44 4285 90 46 127 1114 2247 514 69 955 65 47 3348 85 171 1707 3096 547 408 44 998
leaf_count=5855 4477 2548 1798 183 2811 44 1897 592 47 44 4285 90 46 127 1114 2247 514 69 955 65 47 3348 85 171 1707 3096 547 408 44 998
internal_value=-0.00256394 -0.0260407 -0.0862493 0.00103812 0.0391855 0.0786357 0.221103 0.0543608 -0.162426 -0.170035 0.0416829 0.0402967 -1.16976 0.0451927 -0.153686 0.0364098 0.0527052 0.0105117 0.079757 -0.0684992 -0.532782 -0.0316789 0.184407 0.361576 -0.225146 0.052914 -0.0804059 0.0367301 -0.0967904 -0.0608347
internal_weight=40259 28504 8842 19662 12697 9842 2026 11755 5711 5664 7816 11163 90 11073 5574 10775 3131 2617 6298 6965 112 3531 1982 298 2821 5343 2753 955 2855 6853
internal_count=40259 28504 8842 19662 12697 9842 2026 11755 5711 5664 7816 11163 90 11073 5574 10775 3131 2617 6298 6965 112 3531 1982 298 2821 5343 2753 955 2855 6853
is_linear=0
shrinkage=0.03


Tree=161
num_leaves=31
num_cat=0
split_feature=7 14 5 13 4 15 4 7 13 17 4 18 4 12 14 13 13 13 4 14 18 12 7 4 14 4 1 10 4 15
split_gain=54741.9 58599.9 53676.8 38782.1 37575.2 39778.6 37349.7 35507.1 35488.2 34788.1 52037.9 43854.8 30587.2 32229.5 28906.5 60512.7 28793.8 40043.5 77365.7 46263.7 39056.2 33587.7 28217.9 27788.2 27271.2 40634.1 78148.5 91297.3 64505.5 88529.7
threshold=5.5329861111111134 181.84500000000003 60356.250000000007 6.1237500000000011 330.50000000000006 443.54708333333343 306.50000000000006 8.0746527777777803 -1.0000000180025095e-35 9676.9243400000032 128.50000000000003 1.5000000000000002 271.50000000000006 162.16973958333338 159.40500000000003 82.220000000000013 0.85125000000000017 60.520000000000003 268.50000000000006 225.02000000000001 1.5000000000000002 150.60333333333335 10.085069444444448 20.500000000000004 318.98000000000008 242.50000000000003 1.0000000180025095e-35 286.9550000000001 222.50000000000003 214.00083333333336
decision_type=2 10 2 10 2 10 2 2 10 10 2 2 2 10 10 10 10 10 2 10 2 10 2 2 10 2 2 10 2 10
left_child=1 9 4 23 6 -6 7 -2 -3 -1 11 -11 -9 22 -8 -16 20 18 21 -20 -10 -18 -14 -4 -19 26 27 -26 29 -28
right_child=2 8 3 -5 5 -7 14 12 16 10 -12 -13 13 -15 15 -17 17 24 19 -21 -22 -23 -24 -25 25 -27 28 -29 -30 -31
leaf_value=0.015040610954110731 -0.036700797547106624 0.57716008311793421 0.79805923401992374 0.032227957980181625 -0.28115850931720637 0.63253460176785781 -0.0018739684970963373 -0.10967269906473162 -0.64868300818423874 -0.35386694749778036 -0.058369371683391576 -1.4090142619745298 -0.14930308637471251 -0.98455648817799302 1.0253477169538654 0.13215950874210206 0.32680374708811977 0.028027104292073467 0.43776486286750205 1.7209952216423474 0.3629203801616453 -0.24752153134126154 -0.72221815546353652 0.20331990056738411 1.9368044927891563 0.021686037353902975 0.73799611970292101 0.40257899272598718 0.61383251084625712 -0.050442414100630287
leaf_weight=12975 10329 141 93 3592 943 44 670 2301 101 189 1036 43 358 65 85 333 369 3370 51 51 51 121 98 290 50 1082 151 113 249 817
leaf_count=12975 10329 141 93 3592 943 44 670 2301 101 189 1036 43 358 65 85 333 369 3370 51 51 51 121 98 290 50 1082 151 113 249 817
internal_value=0.0013067 0.0348291 -0.0352866 0.0628719 -0.0609149 -0.239828 -0.0484973 -0.0624746 0.107866 0.000379569 -0.149535 -0.554641 -0.156765 -0.364138 0.120352 0.315802 0.0977177 0.10739 0.342285 1.08986 -0.30911 0.184765 -0.27374 0.349437 0.0834919 0.15937 0.267229 0.88214 0.184213 0.0731822
internal_weight=40161 20960 19201 3975 15226 987 14239 13151 6717 14243 1268 232 2822 521 1088 418 6576 6424 592 102 152 490 456 383 5832 2462 1380 163 1217 968
internal_count=40161 20960 19201 3975 15226 987 14239 13151 6717 14243 1268 232 2822 521 1088 418 6576 6424 592 102 152 490 456 383 5832 2462 1380 163 1217 968
is_linear=0
shrinkage=0.03


Tree=162
num_leaves=31
num_cat=0
split_feature=7 14 7 6 8 13 7 6 25 4 25 24 5 8 6 24 8 11 23 9 15 25 13 4 4 12 6 8 4 5
split_gain=54619.6 62322.6 71274 54667.6 43744 42103.3 34414 34124.4 33203.3 27395.5 38610.4 26321.2 24671.6 31952.4 33282.2 24199.1 23508.6 49754.1 33349.1 27126.8 28460.2 27279.6 33742.2 25860.1 48358.8 104636 40039.7 29437.8 34002.4 30994.3
threshold=5.7656250000000018 181.84500000000003 5.7447916666666687 10.665638766519828 0.11250000000000002 -1.0000000180025095e-35 10.57465277777778 31.153744493392079 316.57312500000006 164.50000000000003 49.406666666666673 168.12500000000003 35821.687500000007 220.01250000000002 19.646696035242297 321.17000000000002 231.28125000000003 644.96000000000015 5.5000000000000009 75.297500000000014 48.726458333333333 83.736406250000016 0.85125000000000017 52.500000000000007 94.500000000000014 272.38666666666671 1.1993392070484583 1.0000000180025095e-35 108.50000000000001 35821.687500000007
decision_type=2 10 2 2 2 10 2 2 10 2 10 10 2 2 2 10 2 10 2 10 10 10 10 2 2 10 2 2 2 2
left_child=1 9 5 4 8 -3 12 16 -2 -1 -11 -9 -5 14 -14 -10 17 19 -18 -7 -21 -22 -23 -24 25 -25 -26 -28 -29 -30
right_child=3 2 -4 6 -6 7 -8 11 15 10 -12 -13 13 -15 -16 -17 18 -19 -20 20 21 22 23 24 26 -27 27 28 29 -31
leaf_value=-0.045906725176543241 -0.017755739044036288 0.63016615576416479 1.1912742999858326 -0.24070537550418422 0.11612136909808163 0.77790873886841649 -0.34834770914367824 0.11980004614858485 -1.0732937394295419 0.14151848665490932 -0.0028743514567995676 0.95129194974899289 -0.047294130605762902 -0.13348016011782141 0.15300233891250434 -0.23625841523610774 0.062464472862857529 0.92618809759172038 -0.215449006628505 -0.63944232485395802 0.5979632725673063 -0.51496813531275143 -0.04978442658467587 0.19432500303268432 -0.53603928607563633 1.4869662315796499 0.045842970756728357 -0.60189780942229332 -0.44808300611045621 0.28708015869095138
leaf_weight=6864 4689 130 53 726 2817 52 426 66 41 2241 6495 71 4478 3214 895 123 1573 66 515 46 97 80 817 249 85 72 1959 42 53 1232
leaf_count=6864 4689 130 53 726 2817 52 426 66 41 2241 6495 71 4478 3214 895 123 1573 66 515 46 97 80 817 249 85 72 1959 42 53 1232
internal_value=0.00223861 0.0327302 0.105347 -0.0377964 0.0221068 0.097195 -0.0849709 0.0873143 -0.0324781 -0.00106 0.0341779 0.55449 -0.0728872 -0.0586725 -0.0139078 -0.450754 0.0780107 0.114238 -0.00615252 0.102845 0.0952641 0.102611 0.0920127 0.102894 0.136684 0.487981 0.103097 0.119788 0.228834 0.256433
internal_weight=40267 22858 7258 17409 7670 7205 9739 7075 4853 15600 8736 137 9313 8587 5373 164 6938 4850 2088 4784 4732 4686 4589 4509 3692 321 3371 3286 1327 1285
internal_count=40267 22858 7258 17409 7670 7205 9739 7075 4853 15600 8736 137 9313 8587 5373 164 6938 4850 2088 4784 4732 4686 4589 4509 3692 321 3371 3286 1327 1285
is_linear=0
shrinkage=0.03


Tree=163
num_leaves=31
num_cat=0
split_feature=5 8 4 25 1 14 5 25 4 4 10 25 4 14 4 25 1 8 5 6 16 6 6 13 4 8 8 25 25 14
split_gain=54482.3 51757.8 51420.2 49659.1 49162 219893 260506 44827.8 43130.6 39477.1 34635.2 40046.8 35385.1 42813.2 38041.2 39772.7 34965.6 33530 35465.6 32445.8 31559.1 34094.3 31254.8 30970.5 29220.5 26764.6 44326.8 27395.3 25779.2 24788
threshold=45200.312500000007 772.06250000000011 259.50000000000006 157.58687500000002 1.0000000180025095e-35 463.79500000000007 51201.000000000007 352.82791666666679 220.50000000000003 136.50000000000003 82.173750000000013 37.054635416666677 52.500000000000007 398.82500000000005 62.500000000000007 173.00874999999999 2.5000000000000004 117.11250000000001 34554.750000000007 10.875110132158591 4265.4523151426392 0.68281938325991198 9.2546255506607942 58.785000000000004 110.50000000000001 1.0000000180025095e-35 99.225000000000009 302.37062500000008 42.728750000000012 237.02000000000001
decision_type=2 2 2 10 2 10 2 8 2 2 10 10 2 10 2 10 2 2 2 2 10 2 2 10 2 2 2 10 10 10
left_child=1 2 8 29 5 7 -7 25 17 -3 -6 -12 13 -13 15 -14 -17 18 -1 -5 21 -16 -22 -21 -20 -2 -27 -28 -23 -4
right_child=4 9 3 19 10 6 -8 -9 -10 -11 11 12 14 -15 20 16 -18 -19 24 23 22 28 -24 -25 -26 26 27 -29 -30 -31
leaf_value=-0.17274831663649079 -0.0040954976193354744 -1.3323564867779265 -0.11298007036949009 0.015181106356057255 -0.035688912174481377 0.2704710416123271 3.3477003894201141 -0.4390129913794143 0.088174617949053333 -0.30171730628237126 0.32647936935295591 -0.044952228212421959 0.15997046947353336 -1.0096963964189802 -0.43435127281397579 0.25898088855990048 1.2940351453519636 -0.13101059526092981 -0.14214445128061515 0.13675694189573587 0.073970606026931354 -0.5602934754522223 -0.26580721922479977 -0.61503736739004322 0.057139773085803224 0.38942590508480268 0.073152599082351874 0.8312375944717364 0.08020906007078038 0.32654187798500062
leaf_weight=952 1255 42 2176 131 8953 63 40 139 2957 155 428 2913 330 41 119 57 61 2753 781 56 442 56 541 393 4322 602 1743 43 7476 121
leaf_count=952 1255 42 2176 131 8953 63 40 139 2957 155 428 2913 330 41 119 57 61 2753 781 56 442 56 541 393 4322 602 1743 43 7476 121
internal_value=0.000369904 -0.0452667 -0.0387488 -0.152413 0.0271354 0.125305 1.48621 0.087859 -0.0109428 -0.527067 0.00932254 0.0416549 0.0315003 -0.0586795 0.0608353 0.33007 0.800429 -0.0442245 -0.0047508 -0.400216 0.0468287 0.0673895 -0.113108 -0.521177 0.026618 0.108077 0.167006 0.0918593 0.0753732 -0.0896952
internal_weight=40141 14839 14642 2877 25302 3885 103 3782 11765 197 21417 12464 12036 2954 9082 448 118 8808 6055 580 8634 7651 983 449 5103 3643 2388 1786 7532 2297
internal_count=40141 14839 14642 2877 25302 3885 103 3782 11765 197 21417 12464 12036 2954 9082 448 118 8808 6055 580 8634 7651 983 449 5103 3643 2388 1786 7532 2297
is_linear=0
shrinkage=0.03


Tree=164
num_leaves=31
num_cat=0
split_feature=6 11 9 7 4 10 13 16 4 25 12 16 6 13 4 4 15 15 1 7 8 6 3 14 4 11 12 4 6 18
split_gain=52259.5 75146.5 336552 65560.1 51479.5 51449 38634.4 38414.4 35112.6 32043.1 40295.9 31785.7 32701.8 30638.4 44749.4 47088.1 31062.9 37465.9 32103 27741.1 32458.8 27214.2 27019.2 26538.7 26457.1 28285.1 26089.3 25687.2 24995.5 24959.6
threshold=6.2090308370044065 320.91500000000002 295.38000000000005 5.2309027777777795 122.50000000000001 -23.451249999999998 20.050000000000004 1528.6792452707598 351.50000000000006 277.52729166666671 246.2154166666667 11457.166931245074 11.408590308370046 351.34500000000008 242.50000000000003 237.50000000000003 458.07729166666678 406.63729166666673 1.5000000000000002 8.1822916666666696 637.96875000000011 0.92334801762114538 1.0000000180025095e-35 493.88000000000005 100.50000000000001 570.0150000000001 86.157447916666669 10.500000000000002 31.153744493392079 1.5000000000000002
decision_type=2 10 10 2 2 10 8 10 2 10 10 10 2 10 2 2 10 10 2 2 2 2 2 10 2 10 10 2 2 2
left_child=1 6 -3 4 5 -2 29 13 11 10 -7 12 -5 16 15 -15 17 -6 -19 20 24 -4 26 -18 -14 -26 -8 -28 -9 -1
right_child=3 2 21 8 7 9 22 28 -10 -11 -12 -13 19 14 -16 -17 23 18 -20 -21 -22 -23 -24 -25 25 -27 27 -29 -30 -31
leaf_value=0.36065286873959124 -1.1218693827092647 2.905884134669019 -0.49831476391486396 0.022311105152327038 0.07643074820093311 -0.07152897896008982 -0.0762917346467612 -0.056724883668644102 -0.26433623856657756 -0.86835721241818231 0.59112631147048056 -0.20780747356887155 -0.18943396623280884 0.33929042019829248 -0.308877648831833 1.3603479935906151 0.30848944748387391 -0.065394950397312634 0.83492109909239742 -0.18450837330384015 -0.2814052363066748 0.27198254810935035 -0.60790787082607456 -0.52919792979283442 -0.021879995752695745 0.51296761683622993 0.32480362186908895 0.053003179730303406 0.40245795516951666 -0.12355531697758498
leaf_weight=538 41 45 52 5886 9134 2920 1345 2753 678 43 84 1011 876 160 62 54 45 53 107 1515 499 186 58 132 7935 89 342 3580 110 116
leaf_count=538 41 45 52 5886 9134 2920 1345 2753 678 43 84 1011 876 160 62 54 45 53 107 1515 499 186 58 132 7935 89 342 3580 110 116
internal_value=0.000279695 0.0799479 0.556763 -0.014315 0.0307703 -0.0789954 0.0572898 0.0576545 -0.052594 -0.0645991 -0.0528088 -0.0445194 -0.0346811 0.0860308 0.39706 0.602069 0.0769259 0.0844363 0.538138 -0.0654167 -0.0462031 0.102301 0.0305401 -0.31569 -0.0329857 -0.0158844 0.0376848 0.076781 -0.0389481 0.274711
internal_weight=40449 6262 283 34187 15698 3088 5979 12610 18489 3047 3004 17811 16800 9747 276 214 9471 9294 160 10914 9399 238 5325 177 8900 8024 5267 3922 2863 654
internal_count=40449 6262 283 34187 15698 3088 5979 12610 18489 3047 3004 17811 16800 9747 276 214 9471 9294 160 10914 9399 238 5325 177 8900 8024 5267 3922 2863 654
is_linear=0
shrinkage=0.03


Tree=165
num_leaves=31
num_cat=0
split_feature=5 8 6 8 14 4 6 6 4 4 5 24 6 4 4 24 8 15 4 2 5 12 11 14 3 4 15 1 0 25
split_gain=58815.8 49541.3 45553.1 49269.2 56345.7 79877.6 232444 55065.6 45245 49782.7 47985.1 42800.6 40441.4 33594.4 36190.6 33360 33037.9 31471.6 82399.2 53737.7 44183.3 36287.6 31078.4 28734.3 28550.8 37079.5 29699 40660.1 25697.1 25176
threshold=40600.562500000007 772.06250000000011 31.153744493392079 378.71875000000006 318.98000000000008 272.50000000000006 0.92334801762114538 12.111674008810576 348.50000000000006 112.50000000000001 73006.250000000015 311.45500000000004 0.39052863436123347 259.50000000000006 263.50000000000006 162.09500000000003 14.868750000000002 250.48604166666669 180.50000000000003 1.5000000000000002 50154.875000000007 458.07729166666678 139.70375000000004 96.010000000000005 1.0000000180025095e-35 10.500000000000002 112.68156250000001 1.0000000180025095e-35 13.500000000000002 316.57312500000006
decision_type=2 2 2 2 10 2 2 2 2 2 2 10 2 2 2 10 2 10 2 2 2 10 10 10 2 2 8 2 2 10
left_child=1 13 3 4 8 6 -6 12 9 24 -11 -9 -7 16 15 -15 23 19 21 -8 -20 -19 -4 -1 25 26 27 -2 -18 -10
right_child=2 -3 22 -5 5 7 17 11 29 10 -12 -13 -14 14 -16 -17 28 18 20 -21 -22 -23 -24 -25 -26 -27 -28 -29 -30 -31
leaf_value=-0.11150484222582632 0.94806383033593489 -0.87875809997320176 0.18486523522913453 -0.062328192771549773 2.2457198826803104 -0.55087684200360221 -0.22740182062424719 -0.17546993181109427 -0.12646783690478833 0.067569852773934819 1.0281916306881194 -1.3067468135454217 0.11305578811603677 -0.30007870516516577 -0.13949781030635103 -1.1655056412102747 -0.27062039129242133 -0.085675086278681922 0.27603814411488797 0.64725057919908846 1.1401195062621166 -0.93489416342861242 0.78348660113233504 0.053514585805014267 -0.40474957115334625 -0.031732438557498854 -0.066032306797311646 0.19341105127004043 -0.046260350677607295 -0.86439697274461735
leaf_weight=1329 71 67 374 6148 53 90 79 79 1327 11299 46 48 891 120 1260 60 806 313 565 307 58 52 98 3320 169 9280 351 608 1068 42
leaf_count=1329 71 67 374 6148 53 90 79 79 1327 11299 46 48 891 120 1260 60 806 313 565 307 58 52 98 3320 169 9280 351 608 1068 42
internal_value=0.000260253 -0.0724057 0.0183004 0.0139633 0.0321958 0.166455 0.314764 -0.0246639 0.0175146 0.0280116 0.0715551 -0.609908 0.0516456 -0.0655116 -0.196608 -0.5934 -0.0365454 0.238701 0.148689 0.468116 0.358181 -0.208884 0.310549 0.00632699 -0.0191328 -0.0127732 0.157909 0.2736 -0.14285 -0.149721
internal_weight=40378 8030 32348 31876 25728 2535 1427 1108 23193 21824 11345 127 981 7963 1440 180 6523 1374 988 386 623 365 472 4649 10479 10310 1030 679 1874 1369
internal_count=40378 8030 32348 31876 25728 2535 1427 1108 23193 21824 11345 127 981 7963 1440 180 6523 1374 988 386 623 365 472 4649 10479 10310 1030 679 1874 1369
is_linear=0
shrinkage=0.03


Tree=166
num_leaves=31
num_cat=0
split_feature=0 18 0 6 14 6 0 17 13 24 13 15 4 7 24 12 15 9 15 12 13 4 4 4 0 11 14 13 13 23
split_gain=49242.3 55988.3 97794.2 53371.6 324589 42530.8 37934 52983.6 35719.7 56109.6 35458.4 43545.9 38140.1 33057.9 32259.5 27898.1 26700.6 28654.5 26270.7 24346.7 35869.6 29995.6 29233.4 23857.7 32139.6 26269.6 26023.7 37871.3 31640.8 32323.4
threshold=15.500000000000002 1.0000000180025095e-35 3.5000000000000004 0.68281938325991198 463.79500000000007 32.259691629955952 5.5000000000000009 3486.5200400000008 378.59000000000009 295.01500000000004 18.685000000000006 196.84062500000002 20.500000000000004 8.7517361111111125 644.96000000000015 150.60333333333335 40.963854166666671 -7.7899999999999991 164.08375000000004 111.31937500000002 61.870000000000012 148.50000000000003 261.50000000000006 221.50000000000003 20.500000000000004 494.55500000000006 470.46000000000004 293.64000000000004 100.17750000000002 2.5000000000000004
decision_type=2 2 2 2 10 2 2 10 8 10 10 10 2 2 10 10 10 10 10 10 10 2 2 2 2 10 10 8 10 2
left_child=1 3 -3 4 -1 14 13 10 9 16 11 12 -8 -5 23 -15 17 -4 -9 -12 22 -22 -21 26 25 -25 28 -28 -2 -30
right_child=5 2 8 6 -6 -7 7 18 -10 -11 19 -13 -14 15 -16 -17 -18 -19 -20 20 21 -23 -24 24 -26 -27 27 -29 29 -31
leaf_value=0.070096949281580653 -0.014078686008460855 0.091328554837322176 -0.64839566097330692 -0.037354818634402528 2.8763959866616786 0.45762327292760213 0.68438927739858624 -0.070532443230802336 0.68727774012347931 -0.6653392753581846 -0.03028290166517689 0.99001996368169776 0.12075597234555281 -0.18773914285174947 0.64997192121469061 -0.77754517419393676 -0.1776388397933103 -0.016125522032198015 -0.82673885413578574 0.27155978515973456 -0.050358664022316237 0.13608022556714602 1.1557663259298905 0.13382888555549682 -0.0089122854894509197 0.61265069489027857 -0.94441581209500625 0.00025217608225588896 0.026142923750626552 0.30614496838632405
leaf_weight=390 6593 2087 66 6188 40 224 113 2704 45 185 2951 56 2096 457 77 85 4196 1738 41 129 1258 2027 45 2921 1813 106 62 97 943 611
leaf_count=390 6593 2087 66 6188 40 224 113 2704 45 185 2951 56 2096 457 77 85 4196 1738 41 129 1258 2027 45 2921 1813 106 62 97 943 611
internal_value=0.00174627 -0.0216885 -0.0863764 0.00727105 0.337216 0.0486191 -0.000563983 0.0327297 -0.145911 -0.152083 0.0690778 0.171084 0.149885 -0.0570558 0.0416564 -0.281498 -0.13615 -0.0396038 -0.0821243 0.0330123 0.087005 0.0646893 0.505532 0.0380441 0.0909801 0.150793 0.00719048 -0.371709 0.0146299 0.13636
internal_weight=40344 26897 8317 18580 430 13447 18150 11420 6230 6185 8675 2265 2209 6730 13223 542 6000 1804 2745 6410 3459 3285 174 13146 4840 3027 8306 159 8147 1554
internal_count=40344 26897 8317 18580 430 13447 18150 11420 6230 6185 8675 2265 2209 6730 13223 542 6000 1804 2745 6410 3459 3285 174 13146 4840 3027 8306 159 8147 1554
is_linear=0
shrinkage=0.03


Tree=167
num_leaves=31
num_cat=0
split_feature=16 8 5 4 10 9 5 13 4 5 4 4 14 5 4 15 4 5 4 13 4 15 14 23 1 4 25 7 15 15
split_gain=46077 39922.8 44648.5 48842 45090.6 38467.8 116824 37302 53335.2 36170.8 39065.6 36033.9 33834.2 37630.1 31980.8 31640.4 33733.9 53413.4 33418.2 31381.3 31305.9 33558.6 32736.1 45352.1 31175.3 27690.5 27016.7 25741.8 31548.5 29367.1
threshold=7696.0931347021024 521.76875000000007 37403.812500000007 348.50000000000006 311.23000000000008 279.52000000000004 60356.250000000007 3.5600000000000005 267.50000000000006 53156.250000000007 162.50000000000003 257.50000000000006 193.83125000000004 64601.437500000007 258.50000000000006 196.84062500000002 272.50000000000006 59750.562500000007 222.50000000000003 121.26500000000001 222.50000000000003 477.00062500000007 183.26375000000004 6.5000000000000009 2.5000000000000004 242.50000000000003 302.37062500000008 4.5156250000000009 17.516145833333336 315.7247916666667
decision_type=10 2 2 2 10 10 2 8 2 2 2 2 10 2 2 10 2 2 2 10 2 10 10 2 2 2 10 2 8 10
left_child=1 2 14 4 7 6 26 8 9 10 -4 24 13 -2 20 -7 18 -18 -17 -13 -1 22 -22 -24 -3 -20 -6 -9 -29 -30
right_child=12 11 3 -5 5 15 -8 27 -10 -11 -12 19 -14 -15 -16 16 17 -19 25 -21 21 -23 23 -25 -26 -27 -28 28 29 -31
leaf_value=-0.096157664778141611 -0.1345487583836722 0.037931206253540781 -0.040678541770281268 -0.13699016757756924 0.63908288946565317 0.77562805362369702 1.9948050120898655 0.064259429040490326 0.35041114102279625 0.28652899010029442 0.14060457669095519 -0.26726568768421805 -0.61954324425639296 0.18032372880150294 -0.2687782802597703 0.039602295475838559 -0.97035124246403581 0.038323572498533222 0.63473326311014489 -1.1938316817496988 0.043110016819646976 -0.60880034190416332 0.16375490756951411 1.0491804908789122 -0.13423565941727569 0.18672084352422144 -0.31799512581578615 0.25143801903398022 -0.022727985615946324 0.30345336400944251
leaf_weight=2335 2572 1643 2525 1460 48 68 41 6105 672 588 1855 134 113 393 645 606 59 222 208 43 634 54 158 77 2231 309 57 405 13728 252
leaf_count=2335 2572 1643 2525 1460 48 68 41 6105 672 588 1855 134 113 393 645 606 59 222 208 43 634 54 158 77 2231 309 57 405 13728 252
internal_value=-0.000775361 0.00846468 0.0193416 0.0320767 0.040977 0.194613 0.657504 0.0314566 0.0997696 0.0658027 0.0361123 -0.0804207 -0.112301 -0.0927668 -0.0759455 0.148286 0.117371 -0.176152 0.190909 -0.497806 -0.0376988 0.110134 0.155457 0.457089 -0.0612271 0.367843 0.121428 0.0126491 -0.00925726 -0.016827
internal_weight=40240 37162 33111 29208 27748 1618 146 26130 5640 4968 4380 4051 3078 2965 3903 1472 1404 281 1123 177 3258 923 869 235 3874 517 105 20490 14385 13980
internal_count=40240 37162 33111 29208 27748 1618 146 26130 5640 4968 4380 4051 3078 2965 3903 1472 1404 281 1123 177 3258 923 869 235 3874 517 105 20490 14385 13980
is_linear=0
shrinkage=0.03


Tree=168
num_leaves=31
num_cat=0
split_feature=6 24 0 7 16 4 5 8 4 4 14 4 7 0 13 3 6 6 11 14 13 14 6 14 13 15 13 14 14 11
split_gain=49669 92775 283594 51597.6 48025.1 38325.1 34344.5 32488.7 32037.7 31995.1 35083.8 30966.2 28066.3 26381.5 24349.2 28165 24239.2 21574.4 21297.2 34242.4 20810.8 57447.6 25528.8 24647.5 21391.2 30034.5 26713.4 22196 22701.9 20706.8
threshold=5.2376651982378855 410.77500000000003 8.5000000000000018 5.2135416666666687 997.71621929074684 351.50000000000006 37403.812500000007 228.45625000000004 122.50000000000001 124.50000000000001 428.82000000000005 162.50000000000003 11.432291666666668 15.500000000000002 20.050000000000004 1.0000000180025095e-35 1.8845814977973572 12.629295154185025 279.11000000000007 307.29000000000008 39.705000000000005 130.76500000000001 13.883039647577098 181.84500000000003 94.075000000000017 166.03687500000004 83.075000000000003 172.18000000000004 183.26375000000004 367.71000000000009
decision_type=2 10 2 2 10 2 2 2 2 2 10 2 2 2 8 2 2 2 10 10 10 10 2 10 10 10 10 10 10 10
left_child=1 14 -3 4 8 6 -5 9 -2 10 -8 -6 18 -10 -1 -16 -4 -9 19 20 21 -11 23 -23 25 26 27 -22 -29 -7
right_child=3 2 16 5 11 29 7 17 13 12 -12 -13 -14 -15 15 -17 -18 -19 -20 -21 24 22 -24 -25 -26 -27 -28 28 -30 -31
leaf_value=0.27604670398520165 -0.035188775489337035 2.9488446577910969 -0.50590309933821354 -0.1630398368507408 -0.17151966627465565 -0.34219099205678111 -0.043581742371861923 0.032204222063035741 0.053450069782871555 0.042368822443105615 -0.66146441808768675 -0.0038855986801388529 -0.40198475411342033 0.16916431695657319 0.050502439568143535 -0.65185694894251911 0.38409528133734849 -0.12561693137999444 0.2324179815309112 -0.32509662019500951 -0.018169973427429795 0.43186353865551624 0.22576743349147169 1.1652119163739478 0.12718747557996493 -0.47346890727813173 -0.26827469003337195 0.82475950968676592 0.1124312472599211 0.061814918071031566
leaf_weight=440 2535 40 44 1814 1436 576 5399 986 6338 2460 83 3201 123 2462 4367 51 70 3716 548 225 1235 145 364 58 737 147 337 57 133 142
leaf_count=440 2535 40 44 1814 1436 576 5399 986 6338 2460 83 3201 123 2462 4367 51 70 3716 548 225 1235 145 364 58 737 147 337 57 133 142
internal_value=-0.00181493 0.0865435 0.809082 -0.0143777 0.0255004 -0.0474047 -0.0390803 -0.0256491 0.0587714 0.000448667 -0.0530557 -0.0558248 0.0451007 0.0858393 0.063477 0.0422489 0.039175 -0.0925223 0.0536929 0.0370504 0.0514685 0.105176 0.377121 0.646076 -0.00998947 -0.0629877 -0.028493 0.0283617 0.329329 -0.262315
internal_weight=40269 5012 154 35257 15972 19285 18567 16753 11335 12051 5482 4637 6569 8800 4858 4418 114 4702 6446 5898 5673 3027 567 203 2646 1909 1762 1425 190 718
internal_count=40269 5012 154 35257 15972 19285 18567 16753 11335 12051 5482 4637 6569 8800 4858 4418 114 4702 6446 5898 5673 3027 567 203 2646 1909 1762 1425 190 718
is_linear=0
shrinkage=0.03


Tree=169
num_leaves=31
num_cat=0
split_feature=1 11 6 8 7 12 25 13 13 13 9 8 17 23 6 9 16 4 6 25 16 9 4 3 25 12 11 11 0 7
split_gain=46613.4 76659.8 219078 45295.4 39517.6 33191.3 49478 41729 52917.3 45944.2 40257 33176.2 45452.8 38209.4 31902.3 28123.1 27209.1 32928.4 24375.4 40010.2 33917 45984.5 30915.3 27899.6 24187.1 23170.2 22754.7 22054.1 20423 20180.2
threshold=1.5000000000000002 311.17500000000007 2.1011013215859031 274.88750000000005 11.432291666666668 364.06333333333345 409.80145833333341 179.78500000000005 98.15000000000002 126.51000000000002 381.02500000000003 0.11250000000000002 4552.3320700000013 2.5000000000000004 19.967180616740091 -23.451249999999998 879.60054601839636 150.50000000000003 9.2546255506607942 37.054635416666677 3155.0080740941848 64.903750000000016 24.500000000000004 1.0000000180025095e-35 444.56375000000008 302.37062500000008 570.0150000000001 410.13500000000005 15.500000000000002 6.8732638888888902
decision_type=2 10 2 2 2 10 10 10 10 10 10 2 10 2 2 10 8 2 2 8 10 10 2 2 8 10 10 10 2 2
left_child=1 11 -3 4 14 6 7 8 27 -10 -7 24 13 25 18 -5 17 -15 19 -2 29 -22 -23 -21 -1 -13 -12 -4 -8 -20
right_child=3 2 5 15 -6 10 28 -9 9 -11 26 12 -14 16 -16 -17 -18 -19 20 23 21 22 -24 -25 -26 -27 -28 -29 -30 -31
leaf_value=-0.02337165049198147 0.24945094603165421 2.4435965308972767 -0.58050580392078477 -0.75062799560396287 -0.35829403048340269 1.1399875861589723 -0.81670867972159333 -0.22155710882663726 1.3226652146063422 0.33426484617762842 0.064008584649567185 0.021151434850580294 -0.067702891921402997 1.1997314545346631 0.10807762182961091 -0.08147535366127126 0.18559696565392503 0.19022236230934503 0.016778339168602021 0.020060978739880518 -0.021041228553641277 0.46842707975430692 -0.31986504341065441 -0.37810539670012611 -0.73811833586803699 0.72443335703639089 0.78769304859638212 0.35094609774129332 0.026463727729265078 -0.090230247820707488
leaf_weight=4730 694 41 48 56 272 64 66 124 72 103 136 2167 1483 53 2396 7063 2165 64 6558 7096 1361 46 1007 161 42 42 54 42 42 2091
leaf_count=4730 694 41 48 56 272 64 66 124 72 103 136 2167 1483 53 2396 7063 2165 64 6558 7096 1361 46 1007 161 42 42 54 42 42 2091
internal_value=-0.000780406 0.050168 0.334818 -0.0211919 0.000366983 0.216595 0.0736703 0.23146 0.443474 0.746126 0.494869 0.0291596 0.0762659 0.123811 0.00494006 -0.0868438 0.209879 0.653813 -0.00806156 0.032003 -0.0368563 -0.136259 -0.285017 0.0111766 -0.0298157 0.0348448 0.272735 -0.146748 -0.491574 -0.00909972
internal_weight=40339 11538 792 28801 21682 751 497 389 265 175 254 10746 5974 4491 21410 7119 2282 117 19014 7951 11063 2414 1053 7257 4772 2209 190 90 108 8649
internal_count=40339 11538 792 28801 21682 751 497 389 265 175 254 10746 5974 4491 21410 7119 2282 117 19014 7951 11063 2414 1053 7257 4772 2209 190 90 108 8649
is_linear=0
shrinkage=0.03


Tree=170
num_leaves=31
num_cat=0
split_feature=5 4 4 24 14 15 5 15 4 4 17 17 15 15 14 4 13 3 16 16 15 5 14 10 25 11 10 4 13 13
split_gain=38599 39043.8 53594.7 52709.7 34510.4 35154 47579 31106.1 30536.5 42963.5 32743.1 30508.6 31506.3 38486.7 29609.4 29510.3 45419.6 33271.1 31039.8 30235.8 30131.9 42397.1 28971.3 27773 36572 49802.6 29714 27521.6 26930.4 32325.2
threshold=47906.250000000007 257.50000000000006 222.50000000000003 266.72500000000008 183.26375000000004 513.26479166666684 38302.187500000007 406.63729166666673 84.500000000000014 348.50000000000006 15717.936815000003 285.0715350000001 396.69062500000013 513.26479166666684 164.33500000000004 20.500000000000004 4.1987500000000013 1.0000000180025095e-35 11892.515016354124 15452.278173638399 36.013958333333342 55156.250000000007 193.83125000000004 494.7000000000001 444.56375000000008 524.47500000000002 380.28000000000003 110.50000000000001 272.55000000000007 29.927500000000006
decision_type=2 2 2 10 10 10 2 10 2 2 10 10 10 10 10 2 8 2 10 8 8 2 10 10 10 10 10 2 10 10
left_child=1 2 11 -3 14 28 -7 -5 15 10 23 12 27 -14 -4 16 -2 19 -17 22 -21 -22 -18 24 25 -10 -26 -1 29 -6
right_child=8 3 4 7 5 6 -8 -9 9 -11 -12 -13 13 -15 -16 18 17 -19 -20 20 21 -23 -24 -25 26 -27 -28 -29 -30 -31
leaf_value=-0.1186475868534124 0.52571933850165331 -0.08780637748672987 0.052014034620020536 -0.71264797317622297 0.53080705031172415 -0.99795078492164613 0.14498731312068749 0.026179499253630636 0.081533895309708546 -0.091945243372754226 -0.40535042651237979 -0.12145884926681776 -0.6488821216944991 0.22679802161726081 -0.46101623809773401 -0.035067152424938498 0.31440513019864685 -0.60189063134944243 -0.35651370008535521 0.38086640636892927 -0.7342470947846218 -0.02371617550585586 -0.22581389693386641 0.46205814196884287 -0.72253225529971321 1.050411097155884 0.057248425609925213 0.020201779156514783 0.55673310852737334 0.052387605483452102
leaf_weight=1567 185 4037 2259 198 182 44 120 69 9401 1523 123 3218 144 65 105 6563 547 70 281 148 80 1131 106 172 91 47 84 7112 276 417
leaf_count=1567 185 4037 2259 198 182 44 120 69 9401 1523 123 3218 144 65 105 6563 547 70 281 148 80 1131 106 172 91 47 84 7112 276 417
internal_value=-0.00506814 -0.0349458 -0.0127575 -0.114877 0.092412 0.236429 -0.165844 -0.52233 0.0237355 0.0563662 0.0791478 -0.0423259 -0.0136645 -0.376758 0.0290419 -0.0172419 0.0765476 0.0364023 -0.0483152 0.0588973 -0.0217438 -0.0712217 0.226501 0.0852726 0.0784907 0.0864643 -0.350039 -0.00487836 0.31193 0.198393
internal_weight=40365 19813 15509 4304 3403 1039 164 267 20552 11441 9918 12106 8888 209 2364 9111 2267 2082 6844 2012 1359 1211 653 9795 9623 9448 175 8679 875 599
internal_count=40365 19813 15509 4304 3403 1039 164 267 20552 11441 9918 12106 8888 209 2364 9111 2267 2082 6844 2012 1359 1211 653 9795 9623 9448 175 8679 875 599
is_linear=0
shrinkage=0.03


Tree=171
num_leaves=31
num_cat=0
split_feature=8 7 5 11 5 9 4 13 4 24 25 4 4 16 13 5 14 4 13 14 9 12 1 25 7 9 13 5 12 12
split_gain=42084 42875.5 34262.1 37047.1 73785.5 329916 38058.7 67904.4 34423.5 39738.3 32940.2 33491 30802.9 30114.4 33210.2 56262.5 41198.6 32271.8 30242.7 30131.4 28328.1 27033.7 26905.2 34398.3 35135.1 27556 26442.4 24852.5 37193.6 24402.8
threshold=521.76875000000007 4.5156250000000009 35821.687500000007 311.17500000000007 68762.500000000015 279.52000000000004 272.50000000000006 83.075000000000003 176.50000000000003 396.99500000000006 461.83645833333338 348.50000000000006 289.50000000000006 11653.267558709189 3.5600000000000005 48500.625000000007 165.07875000000004 162.50000000000003 0.21500000000000002 106.84125000000002 103.20625000000001 396.69062500000013 3.5000000000000004 284.98812500000003 4.1927083333333348 -23.451249999999998 225.04500000000004 58306.250000000007 67.327291666666682 87.368645833333332
decision_type=2 2 2 10 2 10 2 10 2 10 10 2 2 10 10 2 10 2 10 10 10 10 2 10 2 10 10 2 10 10
left_child=1 -1 -3 10 6 -6 8 -8 26 -10 11 13 -9 14 15 17 18 -4 -17 -15 -18 29 -2 25 -25 -24 -5 -13 -29 -16
right_child=22 2 3 4 5 -7 7 12 9 -11 -12 27 -14 19 21 16 20 -19 -20 -21 -22 -23 23 24 -26 -27 -28 28 -30 -31
leaf_value=0.063536652918411596 -0.023379150112365559 -0.14040537498606243 -0.078624133424727696 0.093724900723287929 2.8775755659760311 -0.024561602848936132 0.44936911042441019 -1.1898576677196167 0.57184685540124469 0.10292748801271955 -0.82051293683052051 -0.32948344217904374 -0.32794446093974439 -0.0043114803422270101 -0.060106922060920005 0.079417377178336065 1.3340998524427414 0.097960498229181486 0.37267034903145868 -0.3300032997234022 0.36182231766931139 0.69629499696195118 -0.87848550243811174 0.021958396371740563 -0.95025714911750903 -0.11728692085072674 -0.53857721310374984 0.4088671162533899 -0.19908515335171137 0.015510635047653543
leaf_weight=10076 2395 1678 1849 151 46 141 87 50 238 511 44 495 144 537 6698 896 47 1875 489 487 64 47 43 51 96 1616 97 128 303 9002
leaf_count=10076 2395 1678 1849 151 46 141 87 50 238 511 44 495 144 537 6698 896 47 1875 489 487 64 47 43 51 96 1616 97 128 303 9002
internal_value=0.000537585 0.0109744 -0.009316 -0.000305138 0.14591 0.700842 0.0642265 -0.243582 0.151138 0.252494 -0.00964017 -0.00804758 -0.55505 -0.000601705 0.00715989 0.0727294 0.228057 0.010287 0.18315 -0.159377 0.781743 -0.0145791 -0.0893279 -0.176724 -0.615089 -0.137534 -0.154757 -0.184684 -0.0180047 -0.0167514
internal_weight=40381 36180 26104 24426 1465 187 1278 281 997 749 22961 22917 194 21991 20967 5220 1496 3724 1385 1024 111 15747 4201 1806 147 1659 248 926 431 15700
internal_count=40381 36180 26104 24426 1465 187 1278 281 997 749 22961 22917 194 21991 20967 5220 1496 3724 1385 1024 111 15747 4201 1806 147 1659 248 926 431 15700
is_linear=0
shrinkage=0.03


Tree=172
num_leaves=31
num_cat=0
split_feature=1 6 11 8 10 17 8 7 6 24 10 4 12 13 4 4 4 0 6 8 18 25 1 14 4 6 24 8 6 8
split_gain=39857 63811.8 162897 47740.4 50003.4 43085.6 33263.4 33664.5 31409.7 40274.4 38862.1 41824.9 29508.5 66999.9 31069.5 61230.4 30126.9 29946.2 26362.7 35176.6 32579 24975.6 23986.5 27074.5 22807.9 39341.4 83805.8 21431.8 20359.5 21559.3
threshold=1.5000000000000002 0.39052863436123347 286.91500000000002 0.11250000000000002 427.46000000000009 4200.2153000000008 228.45625000000004 10.57465277777778 31.153744493392079 410.77500000000003 236.68500000000003 134.50000000000003 179.27020833333339 82.220000000000013 42.500000000000007 66.500000000000014 70.500000000000014 11.500000000000002 27.654185022026436 783.81250000000011 1.5000000000000002 159.98604166666669 5.5000000000000009 209.59625000000003 272.50000000000006 11.789427312775333 301.8300000000001 0.38125000000000003 23.775770925110134 572.10625000000016
decision_type=2 2 10 2 10 10 2 2 2 8 10 2 10 10 2 2 2 2 2 2 2 10 2 10 2 2 8 2 2 2
left_child=1 2 -1 -3 5 8 7 12 9 10 -5 -12 17 -14 -15 -16 -17 21 19 -8 -21 -2 -19 -24 -18 -26 27 -27 -7 -30
right_child=6 3 -4 4 -6 28 18 -9 -10 -11 11 -13 13 14 15 16 24 22 -20 20 -22 -23 23 -25 25 26 -28 -29 29 -31
leaf_value=0.14579703300935881 -0.033866074008104367 -0.034941972576838273 2.2088353621959684 0.11279268829613254 0.83487502977903938 -0.12929665279136193 -0.079587100566130178 -0.24106750225939549 0.95125464587722242 -0.3232060710787773 -0.0548582744572697 0.75025174367712455 1.1725846426963806 -0.15080934858114287 0.68519332282051637 -0.70737499155781491 0.16395060091588279 0.011366880253775483 0.085070925844463741 -0.25643230976893544 -1.1513804710686206 -0.2927861001027442 0.12997169920553764 0.82981150864551845 0.066256391431383121 -0.33157041572456092 -1.4200454486791905 0.32365689552693555 0.35503285353973746 -0.060072838853123367
leaf_weight=174 9963 4874 42 4342 79 1079 7060 508 40 179 86 177 49 508 153 43 1543 4862 861 140 49 346 1178 51 1238 105 51 77 188 278
leaf_count=174 9963 4874 42 4342 79 1079 7060 508 40 179 86 177 49 508 153 43 1543 4862 861 140 49 346 1178 51 1238 105 51 77 188 278
internal_value=-0.00142815 0.0456797 0.555274 0.0359095 0.0894628 0.0800872 -0.0203115 -0.000112564 0.124239 0.117127 0.13431 0.487773 0.00596866 0.0816747 0.0669861 0.10149 0.0720613 -0.0114246 -0.0717987 -0.0904401 -0.493295 -0.0425837 0.0413106 0.159664 0.0834122 -0.00112223 -0.357879 -0.0541051 -0.0577616 0.107796
internal_weight=40323 11538 216 11322 6448 6369 28785 20675 4824 4784 4605 263 20167 3767 3718 3210 3057 16400 8110 7249 189 10309 6091 1229 3014 1471 233 182 1545 466
internal_count=40323 11538 216 11322 6448 6369 28785 20675 4824 4784 4605 263 20167 3767 3718 3210 3057 16400 8110 7249 189 10309 6091 1229 3014 1471 233 182 1545 466
is_linear=0
shrinkage=0.03


Tree=173
num_leaves=31
num_cat=0
split_feature=0 8 5 4 10 1 13 24 23 11 4 5 4 3 24 13 4 13 1 25 5 8 14 14 11 16 1 13 11 24
split_gain=42906 38457.1 32509.2 32925.8 28225.6 39676.2 28641.5 27899.4 26841.2 28432 26563.3 50994.7 121360 36297.3 26772.8 26135.8 24944.6 37066.3 34379 23850.9 28615.7 23480 23411.4 22151.3 21574.2 24952.5 21560.3 20946.8 20324.2 24058
threshold=15.500000000000002 378.71875000000006 35821.687500000007 348.50000000000006 279.11000000000007 5.5000000000000009 177.25000000000003 381.02500000000003 4.5000000000000009 184.24875000000003 84.500000000000014 71712.500000000015 333.50000000000006 1.0000000180025095e-35 331.43000000000006 -29.089999999999996 20.500000000000004 3.3500000000000001 1.5000000000000002 105.41375000000001 73551.500000000015 673.72500000000002 735.36000000000001 438.64000000000004 184.24875000000003 9182.2801412618628 1.0000000180025095e-35 81.385000000000005 465.51500000000004 466.00500000000005
decision_type=2 2 2 2 10 2 10 10 2 10 2 2 2 2 10 10 2 10 2 10 2 2 10 10 10 8 2 10 10 10
left_child=1 2 7 10 23 6 -6 -1 -3 15 13 28 -13 16 -14 -10 17 18 -4 24 26 -11 -8 -2 25 27 -21 -5 29 -12
right_child=4 8 3 19 5 -7 22 -9 9 21 11 12 14 -15 -16 -17 -18 -19 -20 20 -22 -23 -24 -25 -26 -27 -28 -29 -30 -31
leaf_value=-0.092830605745617842 0.029155715493364792 -0.056772593363748035 1.204825160819657 0.25726740652141533 0.47843079706536062 0.59122744449357079 -0.011117634461409254 -0.76418229132106419 -0.79206691916051664 -0.32767954946485989 0.031878969028262608 1.9543107092593399 0.49960118279263777 -0.70646254155784838 -0.33506167529981867 -0.13442598928058797 -0.064673793492922654 0.038522191616999921 0.073565089337679801 -0.87370093355005662 0.35217419607639311 -1.134874346923828 0.52156224432054954 -0.66100657440322841 0.61057778535887242 -0.26464362824732368 -0.30234505305561837 -0.36277626758530024 0.34029001583291596 -0.48693478235491999
leaf_weight=2513 12191 3819 48 221 157 178 786 56 56 96 11726 41 73 71 64 1216 4327 1345 48 73 49 49 81 41 42 323 315 62 190 80
leaf_count=2513 12191 3819 48 221 157 178 786 56 56 96 11726 41 73 71 64 1216 4327 1345 48 73 49 49 81 41 42 323 315 62 190 80
internal_value=-0.0033557 -0.0252195 -0.0075855 0.00589413 0.0404276 0.179086 0.106937 -0.107757 -0.0981753 -0.209642 0.0155651 0.0407943 0.543422 -0.0370345 0.110083 -0.163978 -0.0286733 0.0793981 0.645785 -0.154528 -0.325539 -0.606361 0.0391918 0.0267885 -0.0388771 -0.0848206 -0.411812 0.120628 0.0332915 0.0283224
internal_weight=40337 26903 21667 19098 13434 1202 1024 2569 5236 1417 18013 12174 178 5839 137 1272 5768 1441 96 1085 437 145 867 12232 648 606 388 283 11996 11806
internal_count=40337 26903 21667 19098 13434 1202 1024 2569 5236 1417 18013 12174 178 5839 137 1272 5768 1441 96 1085 437 145 867 12232 648 606 388 283 11996 11806
is_linear=0
shrinkage=0.03


Tree=174
num_leaves=31
num_cat=0
split_feature=7 5 14 7 13 4 25 14 13 15 2 15 18 25 4 5 4 17 4 8 5 15 25 19 13 13 4 12 18 25
split_gain=43465.2 45152.9 41297.9 66151.7 49977.1 33715.8 69059.3 32260.1 31696.5 31169.3 29613.3 26983.1 26576 25195.4 33679.8 25470.1 25844.8 35669.8 24487.5 24334 25802.4 32539.8 45940.3 23790.1 23723.5 38881.2 65343.3 36203.9 32753.4 29579.2
threshold=5.7656250000000018 51956.250000000007 181.84500000000003 5.7447916666666687 -0.0062499999999999995 272.50000000000006 159.98604166666669 371.3250000000001 6.1237500000000011 36.776875000000011 8.5000000000000018 458.07729166666678 1.0000000180025095e-35 49.406666666666673 170.50000000000003 42202.750000000007 122.50000000000001 10909.725185000001 84.500000000000014 575.71875000000011 35821.687500000007 315.7247916666667 397.21708333333339 1.0000000180025095e-35 0.42500000000000004 60.520000000000003 268.50000000000006 150.60333333333335 1.5000000000000002 146.77458333333337
decision_type=2 2 8 2 8 2 10 10 10 10 2 10 2 8 2 2 2 10 2 2 2 10 10 2 8 8 2 10 2 10
left_child=2 5 13 4 10 18 12 -8 -3 -10 -4 -11 -7 14 15 16 17 -1 -2 20 -20 -22 -23 24 28 26 27 -26 -6 -28
right_child=1 8 3 -5 23 6 7 -9 9 11 -12 -13 -14 -15 -16 -17 -18 -19 19 -21 21 22 -24 -25 25 -27 29 -29 -30 -31
leaf_value=-0.22625877473990177 -0.18994046811470425 0.15402412200307422 -0.040529512357204513 1.160999271343736 -0.573625952786049 -0.012586161889793241 -0.41656004305100514 -1.1570659079721994 0.2567895329623453 -0.019157775370796697 0.8603825011535694 -0.59953635736687538 -0.24250408747601473 -0.027340950043595394 0.14683615315679779 0.070472697712577179 -0.03986764785808538 -1.1851476203450342 -0.19181404655080611 -0.21539523972820335 -0.0093515918062646933 0.66062727609304372 -0.015981170485841065 -0.63862162612205331 0.29941073723533485 0.054514961142576771 0.48755171500146388 -0.25365006738088386 0.33153507373243007 1.4161625747931632
leaf_weight=241 964 1283 46 50 112 1155 352 62 371 5835 113 72 743 10807 2060 1471 963 40 634 571 5118 161 204 42 394 6279 71 145 52 56
leaf_count=241 964 1283 46 50 112 1155 352 62 371 5835 113 72 743 10807 2060 1471 963 40 634 571 5118 161 204 42 394 6279 71 145 52 56
internal_value=-0.00149347 -0.0370659 0.0256802 0.0842404 0.0767177 -0.0790105 -0.179383 -0.529978 0.0182123 -0.00956286 0.601117 -0.0263322 -0.102671 -0.00198383 0.0553993 -0.0140067 -0.113878 -0.366474 -0.048664 -0.0282753 -0.0107759 0.0101887 0.283458 0.0649754 0.0692215 0.0776581 0.295441 0.150434 -0.286354 0.904883
internal_weight=40467 17525 22942 7360 7310 9964 2312 414 7561 6278 159 5907 1898 15582 4775 2715 1244 281 7652 6688 6117 5483 365 7151 7109 6945 666 539 164 127
internal_count=40467 17525 22942 7360 7310 9964 2312 414 7561 6278 159 5907 1898 15582 4775 2715 1244 281 7652 6688 6117 5483 365 7151 7109 6945 666 539 164 127
is_linear=0
shrinkage=0.03


Tree=175
num_leaves=31
num_cat=0
split_feature=7 11 15 6 6 8 6 6 8 9 13 4 6 25 16 7 5 24 8 6 13 3 14 4 4 4 14 8 8 4
split_gain=45646.8 46844.1 90893.1 391600 44950.9 33812.7 32941.6 27197 28685.5 26998.5 26162.2 45670.4 24312.4 31743.2 31281.6 31683.5 38203.2 31011.1 35045.2 27026.6 25075.4 24917.3 24191.9 23277.3 34805.3 22741 22321.5 22254.5 39777.5 28922.1
threshold=10.390625000000002 272.75500000000005 258.53812500000009 3.6354625550660802 0.39052863436123347 719.03750000000014 27.005726872246697 31.153744493392079 772.06250000000011 -23.451249999999998 213.14000000000001 313.50000000000006 9.7850220264317205 40.351041666666674 2927.6437134969487 6.4809027777777795 36766.687500000007 47.411250000000003 245.31875000000002 19.646696035242297 -0.086249999999999979 1.0000000180025095e-35 81.520000000000024 330.50000000000006 306.50000000000006 120.50000000000001 68.13000000000001 0.11250000000000002 189.23750000000004 272.50000000000006
decision_type=2 10 10 2 2 2 2 2 2 10 10 2 2 8 10 2 2 8 2 2 10 2 10 2 2 2 10 2 2 2
left_child=1 5 3 -3 -4 6 12 8 27 -7 11 -5 13 26 15 -14 -17 -16 19 -19 -18 -15 -2 24 -22 -23 -1 -6 -29 -30
right_child=22 2 4 10 7 9 -8 -9 -10 -11 -12 -13 14 21 17 16 20 18 -20 -21 23 25 -24 -25 -26 -27 -28 28 29 -31
leaf_value=-0.013990579956087606 -0.013891268062405288 3.2970680075670993 -0.59653549289703367 -0.36398765214957479 -0.023281710058471902 -0.83866377691052996 0.16503448925682371 0.7781786885619163 -0.71563270900307629 -0.1412706939819699 0.57973769387268292 0.65404356759230964 0.01945931224124569 0.020161376106870181 -0.011369232249015303 -0.44420992298621281 0.28081543240813828 -0.16629901845349299 -0.41118245769958506 0.070981912100012992 -0.090451550437195175 -0.70120252825589069 -0.32854304833821363 -0.41344212547838033 0.2296825031199774 -0.0088810181949193472 0.25926024878043208 0.30807776894320088 0.077261716761989188 -0.45286004139778185
leaf_weight=391 359 41 89 120 1053 52 1072 49 40 891 97 58 13398 10298 2679 241 189 1828 407 565 2743 82 567 171 343 88 861 779 733 105
leaf_count=391 359 41 89 120 1053 52 1072 49 40 891 97 58 13398 10298 2679 241 189 1828 407 565 2743 82 567 171 343 88 861 779 733 105
internal_value=0.00138439 0.00627227 0.116962 0.598856 0.0633024 -0.00337898 0.00135209 0.0847959 0.0719763 -0.180575 0.186088 -0.0304689 -0.00377063 0.0312814 -0.0219777 -0.00197289 -0.0798384 -0.0843462 -0.154141 -0.110269 -0.0542342 0.0141992 -0.206703 -0.073757 -0.0548067 -0.344972 0.173981 0.0840392 0.153898 0.0103778
internal_weight=40389 39463 3164 316 2848 36299 35356 2759 2710 943 275 178 34284 11720 22564 17085 3687 5479 2800 2393 3446 10468 926 3257 3086 170 1252 2670 1617 838
internal_count=40389 39463 3164 316 2848 36299 35356 2759 2710 943 275 178 34284 11720 22564 17085 3687 5479 2800 2393 3446 10468 926 3257 3086 170 1252 2670 1617 838
is_linear=0
shrinkage=0.03


Tree=176
num_leaves=31
num_cat=0
split_feature=0 8 6 14 9 14 5 4 4 4 7 6 6 25 13 14 13 18 12 0 6 4 7 13 4 11 9 0 0 18
split_gain=41081.6 37496 34218.8 32035.2 37963.7 36349.3 28354 63828.7 25620.2 28659.4 29715.2 30661.2 26211.8 24961.5 54359.1 47879.7 23130.4 22531.9 28836.1 22227.5 27838 29091.9 27022.7 22678.2 21533.3 21181.5 27386.8 19618.7 19005.8 24777.1
threshold=14.500000000000002 526.26875000000018 31.153744493392079 75.593750000000014 36.005000000000003 130.01000000000002 41706.250000000007 128.50000000000003 2.5000000000000004 8.5000000000000018 7.8107638888888911 17.11607929515419 2.5006607929515425 444.56375000000008 281.36500000000007 602.50000000000011 298.67500000000001 1.5000000000000002 48.726458333333333 22.500000000000004 14.239647577092514 110.50000000000001 6.5052083333333348 -0.011249999999999998 242.50000000000003 494.55500000000006 447.81000000000006 20.500000000000004 1.5000000000000002 1.0000000180025095e-35
decision_type=2 2 2 8 8 10 2 2 2 2 2 2 2 10 10 10 10 2 10 2 2 2 2 8 2 10 10 2 2 2
left_child=1 3 19 -1 5 -5 7 -3 -6 -10 13 12 -12 15 -15 16 25 18 -7 20 23 -22 -23 -2 -16 26 28 -25 -11 -30
right_child=2 6 -4 4 8 17 -8 -9 9 10 11 -13 -14 14 24 -17 -18 -19 -20 -21 21 22 -24 27 -26 -27 -28 -29 29 -31
leaf_value=-0.10342624469637682 0.40493147664070128 -1.5218529391870266 0.31695670941363113 0.05740326598522303 -0.63959845515173241 1.0685710193855422 -0.10272368100759585 -0.23046215191077102 0.26098047793310669 0.075111999609009536 0.51321335341109608 -0.56736773487759962 -0.12006185397562712 -0.97414869480753596 0.088201543836265189 0.7736950847506523 0.29529604080357941 -0.24099721486569617 0.32893645341456668 -0.072799615532365289 -0.17880318764390796 0.059346009900161256 -0.081174376501194842 0.1161541433141751 -0.38374151301549542 0.64316455028454467 -0.77367077358193848 -0.0047202035301749457 0.0070123217902811506 -0.086939034573445387
leaf_weight=3098 199 40 382 2074 58 55 2096 219 335 2175 60 134 1667 72 244 71 231 49 325 1685 712 4781 1658 4029 134 44 41 1726 8399 3612
leaf_count=3098 199 40 382 2074 58 55 2096 219 335 2175 60 134 1667 72 244 71 231 49 325 1685 712 4781 1658 4029 134 44 41 1726 8399 3612
internal_value=-0.00202129 -0.0254775 0.0369886 -0.0137414 0.00030976 0.109479 -0.139435 -0.434991 -0.0155115 -0.0133723 -0.018831 -0.131875 -0.0977761 -0.00481956 -0.224631 0.00198295 -0.00184835 0.36052 0.438512 0.0297365 0.0429249 0.0030254 0.023156 0.0908372 -0.0796721 -0.00667848 -0.00873332 0.0799078 -0.00646814 -0.021246
internal_weight=40405 25233 15172 22878 19780 2503 2355 259 17277 17219 16884 1861 1727 15023 450 14573 14502 429 380 14790 13105 7151 6439 5954 378 14271 14227 5755 14186 12011
internal_count=40405 25233 15172 22878 19780 2503 2355 259 17277 17219 16884 1861 1727 15023 450 14573 14502 429 380 14790 13105 7151 6439 5954 378 14271 14227 5755 14186 12011
is_linear=0
shrinkage=0.03


Tree=177
num_leaves=31
num_cat=0
split_feature=6 24 4 7 4 17 13 16 4 25 14 13 14 15 14 13 4 23 10 14 5 13 14 25 13 6 15 14 4 5
split_gain=41959.3 76623.9 247285 53823.7 43149.5 46415.1 34540.2 33436.9 28465 31163.9 35801.1 35578.4 51335.1 34150.3 58354.3 32863.4 24843.9 34071 28309.7 40581.9 24597.8 23301.9 63997.4 22913.7 49287.4 22895.4 22672.2 38010 35958.7 42946.8
threshold=6.2090308370044065 410.77500000000003 339.50000000000006 5.4079861111111134 122.50000000000001 14279.171179999999 20.050000000000004 586.20871876387764 339.50000000000006 444.56375000000008 602.50000000000011 329.49500000000006 470.46000000000004 417.90270833333335 577.68000000000018 258.71000000000009 306.50000000000006 6.5000000000000009 232.04000000000005 294.89000000000004 46201.687500000007 82.220000000000013 172.18000000000004 277.52729166666671 208.00000000000003 1.4325991189427314 315.7247916666667 387.40500000000003 186.50000000000003 44300.437500000007
decision_type=2 10 2 2 2 10 8 10 2 10 10 10 10 10 10 10 2 2 10 10 2 10 10 10 10 2 10 10 2 2
left_child=1 6 -3 4 5 23 -1 20 9 10 11 12 16 -11 -15 -14 26 18 21 -20 -6 22 -18 24 -2 -4 27 -5 -28 -30
right_child=3 2 25 8 7 -7 -8 -9 -10 13 -12 -13 15 14 -16 -17 17 -19 19 -21 -22 -23 -24 -25 -26 -27 28 -29 29 -31
leaf_value=0.26009344959601427 -0.064560002751533938 2.6067763665119807 -0.55077071896621166 -0.048757714502803105 0.042539167866722807 -1.0288686101039251 0.028576796439059929 -0.01141273839278943 -0.20317328089706846 -1.0608855589078021 0.72130448833107941 0.76855335094490829 -1.0440261343040982 -0.98453898569633203 0.1561961613844772 -0.15057666104482978 0.12036187742836774 -0.25852620586371894 1.2943668336868286 -0.010170894009726388 0.14733066371948697 -0.074587424105346786 1.1160003279754891 -0.61647838450395143 0.75770482911992421 0.29603696733221901 -0.10767014143230437 -0.56030354527333248 0.09874445236753672 1.0832914973860202
leaf_weight=648 3164 44 41 13694 4883 44 5456 5156 1037 51 55 48 73 57 132 75 635 219 44 41 3434 403 63 64 66 90 171 131 95 68
leaf_count=648 3164 44 41 13694 4883 44 5456 5156 1037 51 55 48 73 57 132 75 635 219 44 41 3434 403 63 64 66 90 171 131 95 68
internal_value=-0.000232374 0.0709962 0.688136 -0.013426 0.0246877 -0.0718588 0.0531932 0.0486111 -0.0509123 -0.0410656 -0.0359038 -0.038592 -0.0411065 -0.379648 -0.191206 -0.595314 -0.0357986 0.0844839 0.147987 0.672318 0.085819 0.106934 0.211694 -0.058767 -0.047529 0.0288409 -0.0477394 -0.0536451 0.196141 0.513577
internal_weight=40182 6279 175 33903 16811 3338 6104 13473 17092 16055 15815 15760 15712 240 189 148 15564 1405 1186 85 8317 1101 698 3294 3230 131 14159 13825 334 163
internal_count=40182 6279 175 33903 16811 3338 6104 13473 17092 16055 15815 15760 15712 240 189 148 15564 1405 1186 85 8317 1101 698 3294 3230 131 14159 13825 334 163
is_linear=0
shrinkage=0.03


Tree=178
num_leaves=31
num_cat=0
split_feature=7 5 24 15 11 0 25 16 14 15 13 15 1 13 25 24 15 9 14 7 17 4 4 14 13 2 13 5 25 4
split_gain=40799.2 37770.5 70456.3 317082 32551.2 51304.3 31841.9 31779.7 30848.9 35022.4 28950.8 28802.2 28131.6 34508.2 70513.3 28921.8 29116.7 26790.1 25627 25547.1 21234.6 23441 25082.9 27468.5 31750 55992.3 22967 32178.8 22253.2 52604.5
threshold=4.4739583333333348 62056.250000000007 410.77500000000003 296.20833333333337 570.0150000000001 11.500000000000002 32.143125000000005 10530.608477091942 70.535000000000011 4.0881250000000007 11.983750000000002 96.201875000000015 2.5000000000000004 0.015000000000000001 119.63979166666668 524.65000000000009 443.54708333333343 -7.7899999999999991 493.88000000000005 10.085069444444448 1.47244 330.50000000000006 303.50000000000006 159.40500000000003 80.015000000000015 10.500000000000002 46.035000000000004 49000.062500000007 444.56375000000008 246.50000000000003
decision_type=2 2 10 10 10 2 8 10 8 8 8 10 2 8 10 10 10 10 10 2 10 2 2 10 10 2 10 2 10 2
left_child=12 4 10 -4 6 -6 11 8 -8 -10 -3 -2 15 14 17 16 -1 -14 -5 20 21 22 28 -24 25 -25 -23 -28 -11 -30
right_child=1 2 3 18 5 -7 7 -9 9 19 -12 -13 13 -15 -16 -17 -18 -19 -20 -21 -22 26 23 24 -26 -27 27 -29 29 -31
leaf_value=0.09843030866387667 0.054734981392836002 0.28103942926290287 2.9426454185712627 -0.72815104552290655 1.246774925338725 0.067347521153278647 -0.18076572877046035 -0.22812191131741669 0.73577229417719936 -0.012851465264995017 0.013849432319612326 -0.43134583804591564 -0.85105133745728467 0.035588883006044729 -1.327035178623416 0.60053242234622728 -0.54577315677062865 -0.067939901471007008 0.22571125310659407 -0.27360067259799686 -0.10365520372758004 0.079781559667196772 -0.02945036915021065 -0.27536124702099019 0.14309542063890762 1.0169198142851774 -0.85387778531014913 -0.18689255918514086 -0.10029397779816969 -1.1604404908061028
leaf_weight=4837 3777 400 40 43 44 127 1395 892 52 11830 4064 112 40 5761 43 101 63 966 59 399 2995 231 584 42 529 103 74 502 269 49
leaf_count=4837 3777 400 40 43 44 127 1395 892 52 11830 4064 112 40 5761 43 101 63 966 59 399 2995 231 584 42 529 103 74 502 269 49
internal_value=-0.000462075 -0.0198264 0.0588555 0.714353 -0.0349248 0.37631 -0.0378908 -0.0532016 -0.0450012 -0.0342667 0.0378488 0.040629 0.0464454 0.00676591 -0.15141 0.100466 0.090038 -0.0998917 -0.179573 -0.0365826 -0.0310713 -0.01577 -0.00631132 0.121153 0.251496 0.643282 -0.172696 -0.273913 -0.0195199 -0.266776
internal_weight=40423 28612 4606 142 24006 171 23835 19946 19054 17659 4464 3889 11811 6810 1049 5001 4900 1006 102 17607 17208 14213 13406 1258 674 145 807 576 12148 318
internal_count=40423 28612 4606 142 24006 171 23835 19946 19054 17659 4464 3889 11811 6810 1049 5001 4900 1006 102 17607 17208 14213 13406 1258 674 145 807 576 12148 318
is_linear=0
shrinkage=0.03


Tree=179
num_leaves=31
num_cat=0
split_feature=5 8 6 4 4 6 5 17 4 8 4 15 15 4 13 15 24 23 14 13 1 25 16 25 3 4 5 15 6 6
split_gain=38908.3 41228.4 47944.3 41171.9 54637.5 379119 34427.2 33082.6 36550.2 38424.9 36005.1 32737.2 60310.4 53459.3 32182.3 31018.1 29037 45431.6 35373.5 34369.6 28648.8 53645.7 28148.7 28023.4 28002.9 33220.4 27108.3 26412.6 57888.2 25184.9
threshold=50578.187500000007 673.72500000000002 23.775770925110134 84.500000000000014 334.50000000000006 1.1993392070484583 74725.000000000015 285.0715350000001 259.50000000000006 435.14375000000007 84.500000000000014 315.7247916666667 458.07729166666678 198.50000000000003 -2.1199999999999997 169.68729166666668 160.00375000000003 2.5000000000000004 256.90500000000003 110.90000000000002 1.0000000180025095e-35 159.98604166666669 9318.1049316519293 102.38500000000001 1.0000000180025095e-35 10.500000000000002 36201.750000000007 246.2154166666667 5.884801762114539 11.627973568281943
decision_type=2 2 2 2 2 2 2 10 2 2 2 10 10 2 10 10 10 2 10 10 2 10 8 10 2 2 2 10 2 2
left_child=1 2 7 14 5 -5 22 8 10 16 -1 27 13 -13 -2 -9 18 29 -10 -20 21 -4 -6 -3 25 -16 -19 -7 -29 -18
right_child=3 23 20 4 6 11 -8 15 9 -11 -12 12 -14 -15 24 -17 17 26 19 -21 -22 -23 -24 -25 -26 -27 -28 28 -30 -31
leaf_value=-0.15084222982890294 0.78169730985294217 -0.11081683196449431 0.18753343474621381 2.7424106130838397 0.094602556496515777 0.11527941403693633 0.42026576876741006 -0.097913598193184334 -0.048789430583835752 -0.57042227361718534 0.032939320049456079 0.25466046851594004 -0.14380058992695022 1.4152117858847526 0.15817213702845778 -0.9175215424810137 0.3439004083784451 -1.0393081421511514 1.0040108846873044 0.096748975307905466 0.068509127672992304 1.1796399278342724 -0.1196500717589403 -0.44730382721624429 -0.68259833886687238 -0.030710685829508144 -0.33547586293264464 0.58500235203065365 -0.53764514422179843 -0.13760916846013077
leaf_weight=1053 45 853 272 49 814 4664 147 4097 3101 141 10690 71 90 72 943 41 132 55 55 115 2216 59 1709 301 55 7465 433 56 150 368
leaf_count=1053 45 853 272 49 814 4664 147 4097 3101 141 10690 71 90 72 943 41 132 55 55 115 2216 59 1709 301 55 7465 433 56 150 368
internal_value=0.000294268 -0.0240261 -0.0151778 0.03601 0.0856856 0.142756 -0.0244482 -0.0305864 -0.0111848 -0.0849203 0.0164481 0.117261 0.463932 0.844764 -0.00966493 -0.106254 -0.0687169 -0.21116 -0.025641 0.39443 0.10748 0.367395 -0.0505153 -0.198895 -0.0139647 -0.00951023 -0.416764 0.100583 -0.231108 -0.0100579
internal_weight=40312 23982 22828 16330 7822 5152 2670 20281 16143 4400 11743 5103 233 143 8508 4138 4259 988 3271 170 2547 331 2523 1154 8463 8408 488 4870 206 500
internal_count=40312 23982 22828 16330 7822 5152 2670 20281 16143 4400 11743 5103 233 143 8508 4138 4259 988 3271 170 2547 331 2523 1154 8463 8408 488 4870 206 500
is_linear=0
shrinkage=0.03


Tree=180
num_leaves=31
num_cat=0
split_feature=6 6 11 13 7 4 17 6 1 4 25 13 14 14 25 14 15 14 13 5 10 11 5 13 7 3 7 14 17 13
split_gain=38778.9 35073.1 50027 413844 33444.9 39546.5 55092.3 32310.1 30796 28766.6 34408.1 39771.9 28987.6 42941 28240.8 28199.2 25653.5 45339.3 25643.1 25131.7 22618.9 21012 20731.7 23914.4 37063.1 20176 17242.8 20346.9 16767.7 22420.3
threshold=32.259691629955952 5.5189427312775337 320.91500000000002 229.99000000000004 5.4913194444444473 122.50000000000001 14279.171179999999 1.1993392070484583 2.5000000000000004 351.50000000000006 444.56375000000008 329.49500000000006 602.50000000000011 470.46000000000004 277.52729166666671 318.98000000000008 417.90270833333335 577.68000000000018 20.050000000000004 36766.687500000007 54.125000000000007 465.51500000000004 40906.250000000007 351.34500000000008 3.9461805555555567 1.0000000180025095e-35 11.432291666666668 81.520000000000024 10981.174205000001 3.3500000000000001
decision_type=2 2 10 10 2 2 10 2 2 2 10 10 10 10 10 10 10 10 8 2 10 10 2 10 2 2 2 10 10 10
left_child=1 2 18 -4 5 6 14 -5 20 10 11 12 13 19 15 -3 -12 -18 -1 -6 -2 -11 -7 28 -25 -20 -21 -28 29 -24
right_child=8 4 3 7 9 22 -8 -9 -10 21 16 -13 -14 -15 -16 -17 17 -19 25 26 -22 -23 23 24 -26 -27 27 -29 -30 -31
leaf_value=0.25885144614172922 0.23437372591588401 -0.063456100315057551 3.1620138039699821 -0.60853677630869307 -0.16458066849244729 -0.014213364027554385 -1.0933012144362673 0.18308915630421624 0.024296775023783405 -0.29302414163590429 -1.0307415951788423 0.7517675203701546 0.75189649019922522 -0.56811665263684352 -0.64393675840268394 0.40048577633793236 -0.92356742748192378 0.1359384417304626 0.032481955718796827 -0.016900493452920141 0.94683405376713847 0.24962200434257589 0.16499850410500488 -0.03372283101081848 0.73853364955156275 -0.50398021555971351 0.067929406055145802 -0.39630736222514856 -0.079377295846803878 0.042670712516758233
leaf_weight=464 76 3526 42 66 1203 4695 46 150 154 610 47 57 41 135 72 121 55 103 4475 14438 86 71 1702 107 116 63 134 230 757 6483
leaf_count=464 76 3526 42 66 1203 4695 46 150 154 610 47 57 41 135 72 121 55 103 4475 14438 86 71 1702 107 116 63 134 230 757 6483
internal_value=-0.0018364 -0.00445494 0.0677327 0.47429 -0.0153837 0.0136264 -0.0725818 -0.0604862 0.328667 -0.0452416 -0.0373204 -0.0324305 -0.0352393 -0.0372853 -0.0596661 -0.0479579 -0.422611 -0.236366 0.0466721 -0.0327726 0.616082 -0.236166 0.037048 0.0633065 0.369493 0.024925 -0.0220498 -0.225689 0.0556303 0.0681248
internal_weight=40325 40009 5260 258 34749 17625 3765 216 316 17124 16443 16238 16181 16140 3719 3647 205 158 5002 16005 162 681 13860 9165 223 4538 14802 364 8942 8185
internal_count=40325 40009 5260 258 34749 17625 3765 216 316 17124 16443 16238 16181 16140 3719 3647 205 158 5002 16005 162 681 13860 9165 223 4538 14802 364 8942 8185
is_linear=0
shrinkage=0.03


Tree=181
num_leaves=31
num_cat=0
split_feature=0 6 1 10 18 0 0 6 5 17 14 10 25 0 1 14 6 7 10 6 14 11 4 24 4 25 7 14 9 25
split_gain=38027.7 35880.8 34713.4 38176.9 31389 77793.5 48735.1 93853.4 312867 41923.9 25909.5 24180.3 26511.3 23579.7 49547.6 29265.7 28600.1 23127.8 22385.7 21854 21845.5 29598.6 21372.8 22858.2 22547.8 22872.4 23834 39104.7 20305.9 37400.2
threshold=15.500000000000002 32.259691629955952 5.5000000000000009 143.30500000000004 1.0000000180025095e-35 4.5000000000000009 5.5000000000000009 0.39052863436123347 72556.250000000015 4394.0388100000009 735.36000000000001 -7.7899999999999991 80.14562500000001 20.500000000000004 1.0000000180025095e-35 133.72750000000002 14.047577092511016 7.5434027777777795 380.28000000000003 14.605286343612338 227.77750000000003 176.66500000000002 223.50000000000003 396.99500000000006 10.500000000000002 365.13833333333338 3.9687500000000009 318.98000000000008 494.88000000000005 384.48208333333338
decision_type=2 2 2 10 2 2 2 2 2 10 10 10 10 2 2 10 2 2 10 2 10 10 2 8 2 10 2 10 10 10
left_child=4 2 10 -4 6 17 18 8 -8 22 13 -7 -13 14 15 -2 -16 20 19 -1 21 -6 23 24 -9 26 27 -26 29 -14
right_child=1 -3 3 -5 5 11 7 9 -10 -11 -12 12 28 -15 16 -17 -18 -19 -20 -21 -22 -23 -24 -25 25 -27 -28 -29 -30 -31
leaf_value=-0.092821207671075073 0.10656844152990204 0.43241994244852461 0.067422749973635315 0.36243162091901548 0.080285160611982778 -0.82430642028649648 3.0206959763423695 0.3191950239319058 0.067210265111689468 -0.080762081451564216 0.57877786059085634 -0.073156262417471848 -0.19902173495491052 -0.043540866521647369 0.087535561588273247 0.41390377225001945 -0.047323420202526112 -0.14123789136605383 -0.48399375935664046 0.020131639025933026 0.31081935895466245 -0.72555721010480601 0.11739847769763713 -0.27297832102830716 0.087200324599104151 0.67972753085909365 -0.021783467279620078 0.7948828737616539 0.35818802025701318 -0.93023647175843893
leaf_weight=4542 744 207 1352 557 1771 44 40 238 152 2498 72 3398 2096 4296 2447 446 3354 405 110 2333 383 41 3402 226 1123 46 3820 74 55 64
leaf_count=4542 744 207 1352 557 1771 44 40 238 152 2498 72 3398 2096 4296 2447 446 3354 405 110 2333 383 41 3402 226 1123 46 3820 74 55 64
internal_value=0.000318216 0.0414429 0.0353109 0.153644 -0.020313 -0.0689881 0.00129293 0.0389396 0.694983 0.0278567 0.0154121 -0.131408 -0.125831 0.0117674 0.0457559 0.222005 0.00956859 0.066822 -0.0613259 -0.0544938 0.105258 0.0616613 0.0582498 0.0218277 0.0344454 0.0209996 0.0148256 0.131577 -0.206568 -0.221108
internal_weight=40336 13475 13268 1909 26861 8257 18604 11619 192 11427 11359 5657 5613 11287 6991 1190 5801 2600 6985 6875 2195 1812 8929 5527 5301 5063 5017 1197 2215 2160
internal_count=40336 13475 13268 1909 26861 8257 18604 11619 192 11427 11359 5657 5613 11287 6991 1190 5801 2600 6985 6875 2195 1812 8929 5527 5301 5063 5017 1197 2215 2160
is_linear=0
shrinkage=0.03


Tree=182
num_leaves=31
num_cat=0
split_feature=11 15 6 7 6 4 4 14 10 14 13 25 13 10 13 14 10 1 0 4 16 14 15 21 16 15 6 14 7 25
split_gain=52660.1 175599 44720 35674.9 35121.5 42232.1 29085.6 39571.4 66549.1 29979.6 43361.6 29331.7 28183.2 23187.3 28086 22963.4 33889.6 26791.8 25641 24566.7 22728.8 22171.1 20874.8 20665.3 20780 27880.7 21386.6 20378.5 19628.5 30095
threshold=320.91500000000002 258.53812500000009 0.68281938325991198 4.4357638888888902 6.2090308370044065 339.50000000000006 306.50000000000006 294.89000000000004 232.04000000000005 172.18000000000004 80.015000000000015 32.143125000000005 20.050000000000004 410.50500000000005 298.67500000000001 75.593750000000014 -0.51624999999999988 1.0000000180025095e-35 4.5000000000000009 321.50000000000006 11457.166931245074 150.69000000000003 4.0881250000000007 1.0000000180025095e-35 2668.3972387839162 113.22250000000001 28.020484581497797 44.935000000000009 5.4670138888888902 397.21708333333339
decision_type=10 10 2 2 2 2 2 10 8 10 10 10 8 10 10 8 10 2 2 2 10 10 10 2 10 10 2 10 2 10
left_child=3 -2 -3 15 12 6 11 8 9 -8 -11 -6 21 14 20 16 -1 18 -17 23 22 -5 -13 24 -19 26 -26 -24 -4 -30
right_child=1 2 28 4 5 -7 7 -9 -10 10 -12 13 -14 -15 -16 17 -18 19 -20 -21 -22 -23 27 -25 25 -27 -28 -29 29 -31
leaf_value=-0.93752782198515805 1.8170548020276156 -0.77741092759020192 0.20577083086816259 0.19126766480384208 0.037069862247892889 -0.23032906361839967 0.018110799788233257 -0.33461486110453442 1.0813809149852023 0.96207381406387715 0.16181019494914123 0.46925401511399639 0.022926379654629271 -0.52536022969609808 0.51636922907519656 -0.10752145578001629 -0.074849645871094508 0.021696348849806077 0.24533223318267239 0.19550009062415677 -0.24974355955829766 0.87098642273152127 -0.39829581575066436 0.32878821746152348 -0.15771983285711422 -0.69594272004626689 0.56852426255621558 -0.050350620816083068 0.15721458132716012 -0.18003884328207767
leaf_weight=43 54 50 1152 552 3547 999 1152 180 63 76 295 68 3659 94 76 226 602 7440 1017 759 537 46 152 186 332 79 40 15632 601 393
leaf_count=43 54 50 1152 552 3547 999 1152 180 63 76 295 68 3659 94 76 226 602 7440 1017 759 537 46 152 186 332 79 40 15632 601 393
internal_value=0.00174392 0.142715 0.100734 -0.00663924 -0.0249508 -0.0396777 -0.0309596 0.0857387 0.133627 0.0937384 0.327891 -0.0412135 0.0541611 -0.0579833 -0.0552832 0.0396806 -0.133724 0.0507897 0.181142 0.032434 -0.0579655 0.244921 -0.0514535 0.0170883 0.00970044 -0.187802 -0.0783142 -0.0537264 0.121547 0.023827
internal_weight=40102 2250 2196 37852 27128 22871 21872 1766 1586 1523 371 20106 4257 16559 16465 10724 645 10079 1243 8836 16389 598 15852 8077 7891 451 372 15784 2146 994
internal_count=40102 2250 2196 37852 27128 22871 21872 1766 1586 1523 371 20106 4257 16559 16465 10724 645 10079 1243 8836 16389 598 15852 8077 7891 451 372 15784 2146 994
is_linear=0
shrinkage=0.03


Tree=183
num_leaves=31
num_cat=0
split_feature=5 8 10 13 6 6 1 13 4 4 14 16 14 4 1 4 16 8 8 25 12 15 14 16 3 11 25 6 13 25
split_gain=36360 35435 54017.6 45530.7 286462 39119.3 34584.9 32174.7 30082.8 34094.3 33950.3 35173.4 35137.2 29939.9 29937.5 31435.5 29177.5 28921.3 27299.9 26966.2 26858.4 39575 30733.7 30270.1 27014.4 26778.9 26423.2 25747 32048.6 25610.4
threshold=38156.250000000007 268.89375000000007 279.11000000000007 220.01500000000001 3.0158590308370052 1.0000000180025095e-35 5.5000000000000009 293.64000000000004 348.50000000000006 112.50000000000001 428.82000000000005 4300.3608812364073 53.360000000000007 258.50000000000006 3.5000000000000004 100.50000000000001 3488.4247647492866 3.7937500000000006 8.9562500000000025 79.076875000000015 63.524374999999999 36.013958333333342 106.84125000000002 9447.3683596182982 1.0000000180025095e-35 139.70375000000004 352.82791666666679 8.08149779735683 43.00500000000001 296.20833333333337
decision_type=2 2 10 10 2 2 2 10 2 2 10 8 10 2 2 2 10 2 2 10 8 8 10 8 2 10 10 2 10 10
left_child=13 2 8 4 -4 -5 7 -7 9 10 11 12 -2 17 15 -3 -17 -1 -9 -18 22 -22 25 -24 27 -13 -15 28 -23 -16
right_child=1 14 3 5 -6 6 -8 18 -10 -11 -12 20 -14 26 29 16 19 -19 -20 -21 21 24 23 -25 -26 -27 -28 -29 -30 -31
leaf_value=0.0015407211698038735 0.87792286890857629 -0.1401879979716833 2.7020464319884776 -0.5408616329090935 0.21186720328287181 -0.08149814564240232 0.61250160673260678 0.065012511167028705 -0.11788632579897983 0.060050927311333817 -0.81892347137978738 -0.084805224262191406 0.092176586753347792 -0.19638721378048135 -0.080970241924219463 0.073941961261504832 -0.030281715815867846 -0.18782628982071167 0.47529795922308549 -0.45097130383775885 0.37781731627368731 0.37847003002941365 6.5700531005859371e-05 -0.54287178108165424 -0.53837125441016143 0.43829875573679639 -0.94416064421335855 -0.092704689343747301 0.022036085499792194 -0.40083763190638272
leaf_weight=3233 52 1062 44 83 550 581 119 362 1380 12230 46 2757 1545 808 3698 3889 587 935 244 178 246 246 144 257 85 90 44 1778 2811 239
leaf_count=3233 52 1062 44 83 550 581 119 362 1380 12230 46 2757 1545 808 3698 3889 587 935 244 178 246 246 144 257 85 90 44 1778 2811 239
internal_value=0.0014115 0.0121546 0.0305926 0.180955 0.400556 0.0868226 0.127097 0.0779593 0.017987 0.0264051 -0.0145125 -0.0107348 0.118295 -0.0741261 -0.0368371 0.00701152 0.040624 -0.0409745 0.230721 -0.128629 -0.0352361 0.00726667 -0.102819 -0.348387 -0.0113339 -0.0681207 -0.236066 -0.00195907 0.0508331 -0.100485
internal_weight=40323 35303 25650 1983 594 1389 1306 1187 23667 22287 10057 10011 1597 5020 9653 5716 4654 4168 606 765 8414 5166 3248 401 4920 2847 852 4835 3057 3937
internal_count=40323 35303 25650 1983 594 1389 1306 1187 23667 22287 10057 10011 1597 5020 9653 5716 4654 4168 606 765 8414 5166 3248 401 4920 2847 852 4835 3057 3937
is_linear=0
shrinkage=0.03


Tree=184
num_leaves=31
num_cat=0
split_feature=11 15 8 7 4 4 25 12 13 15 4 25 8 4 4 12 25 13 25 25 4 4 5 12 4 15 4 5 9 12
split_gain=30845.1 100620 29663.9 31990.5 29357.6 25961.7 25554.6 32226.7 46096.4 49489.3 32364.3 27706.5 28918.8 35770.5 26924.5 25190.1 23383.2 34235.3 23186.5 26164.8 28522.2 35122.3 22848.9 22765.8 22506.9 21856.6 21369.4 22846.7 21235.1 31734.3
threshold=367.71000000000009 284.98812500000003 760.65625000000011 4.4357638888888902 348.50000000000006 126.50000000000001 31.561510416666668 57.468750000000007 35.850000000000001 139.77625000000003 2.5000000000000004 57.07416666666667 317.49375000000003 259.50000000000006 228.50000000000003 87.752083333333346 444.56375000000008 298.67500000000001 126.31166666666668 69.683958333333351 112.50000000000001 92.500000000000014 42451.000000000007 21.927291666666672 263.50000000000006 79.342031250000005 217.50000000000003 50154.875000000007 89.99375000000002 133.98562500000003
decision_type=10 10 2 2 2 2 8 8 10 10 2 10 2 2 2 10 10 10 10 8 2 2 2 10 2 10 2 2 10 10
left_child=2 -2 3 -1 6 -4 -5 14 9 18 -10 -12 15 -14 23 26 17 28 19 20 21 -9 -11 -8 -24 -6 -13 -28 29 -17
right_child=1 -3 5 4 25 -7 7 8 10 22 11 12 13 -15 -16 16 -18 -19 -20 -21 -22 -23 24 -25 -26 -27 27 -29 -30 -31
leaf_value=0.04403368841588759 1.5766523723091397 0.089702127861827338 -0.80725227750332673 0.06068761987840849 0.0098572664695869509 -0.14584008446650013 -0.31880599127600062 -0.078823305459965645 -0.67306314403563738 -0.016273765001446009 0.17179739182501441 -0.062285701630365294 -0.098245718684093084 -0.5152160387746455 0.026267886993730415 0.095901945150308629 -0.46965794289241664 0.46981225022735695 -0.26839047784843145 0.13763271855440415 0.034924600896846424 -0.85345281825615804 0.3000452858479099 -0.098487534274568564 0.85610036256767452 -0.28265242780318278 -0.52391465487650468 -0.077700034036142077 -0.012353100575767573 0.80376406488880026
leaf_weight=10438 41 1661 58 3765 359 574 474 163 69 79 605 1596 1632 208 1459 713 91 143 188 2085 966 77 140 3815 125 638 209 204 7443 61
leaf_count=10438 41 1661 58 3765 359 574 474 163 69 79 605 1596 1632 208 1459 713 91 143 188 2085 966 77 140 3815 125 638 209 204 7443 61
internal_value=0.00149296 0.126427 -0.00405092 -0.00063531 -0.0177109 -0.207719 -0.0116522 -0.0237351 -0.00275159 0.0887879 -0.02973 -0.0262383 -0.0359923 -0.145636 -0.0850426 -0.016693 0.00600986 0.0112431 0.054785 0.0733225 -0.0378826 -0.32986 0.431516 -0.122905 0.564568 -0.177421 -0.11215 -0.304228 0.00320648 0.152655
internal_weight=40079 1702 38377 37745 27307 632 26310 22545 16797 3823 12974 12905 12300 1840 5748 10460 8451 8360 3479 3291 1206 240 344 4289 265 997 2009 413 8217 774
internal_count=40079 1702 38377 37745 27307 632 26310 22545 16797 3823 12974 12905 12300 1840 5748 10460 8451 8360 3479 3291 1206 240 344 4289 265 997 2009 413 8217 774
is_linear=0
shrinkage=0.03


Tree=185
num_leaves=31
num_cat=0
split_feature=1 6 7 0 15 0 7 17 12 0 9 15 4 4 5 15 25 21 12 6 25 25 12 25 9 25 17 9 0 0
split_gain=35195.6 139450 234198 88051.9 38465.1 33991.5 31110.1 30749.5 33128.2 26544.3 23220.9 24292.6 22636 30190.6 35358 30103.4 35557.9 26736.4 28905.1 43483.2 37027.6 23831.2 33374.8 29825.7 23241.4 22372.3 21912.2 31191.7 21769.9 33030.6
threshold=1.0000000180025095e-35 0.39052863436123347 5.0052083333333348 4.5000000000000009 156.12083333333337 21.500000000000004 11.432291666666668 2363.9040300000011 175.86458333333337 10.500000000000002 354.05500000000006 443.54708333333343 20.500000000000004 110.50000000000001 49804.687500000007 74.281875000000014 106.07395833333335 1.0000000180025095e-35 112.52760416666668 20.72268722466961 152.63843750000004 201.19645833333334 172.82776041666668 296.20833333333337 143.97500000000005 120.83364583333334 15045.638720000001 -2.4362499999999998 1.5000000000000002 16.500000000000004
decision_type=2 2 2 2 8 2 2 10 10 2 10 10 2 2 2 10 10 2 10 2 10 10 10 10 10 10 10 10 2 2
left_child=1 2 -1 4 -3 10 7 28 9 -9 11 12 15 14 -14 -5 -17 18 20 21 -15 -20 -23 -24 -21 -18 -11 -28 -2 -30
right_child=6 3 -4 5 -6 -7 -8 8 -10 26 -12 -13 13 17 -16 16 25 -19 19 24 -22 22 23 -25 -26 -27 27 -29 29 -31
leaf_value=-0.0025768879055976866 0.080255251772468103 -0.092829120428442935 2.9198084909450719 -0.15270319637499358 -0.5062706373195196 -0.12865084617336084 -0.30822908523641407 -0.22001595616689884 -0.82746549734129349 -0.023282093002915873 0.65198850873228786 -0.47869975787098124 -0.43463311260825466 0.15773683188724816 0.054177954697471886 1.3675546175638835 -0.073392259313301608 -0.42176666810663777 0.53589499363054827 1.4012225237488747 -0.55433197658289879 -0.3793852135784847 0.83635735960233781 0.017589874178976624 0.53321653683980297 0.78893097271521884 -1.0464882946014404 -0.16384030670359095 -0.030845590800758195 0.041488321469214433
leaf_weight=62 2892 907 40 56 260 490 318 863 51 4574 76 58 157 1995 847 44 54 66 152 47 67 96 62 110 71 53 41 258 16939 8548
leaf_count=62 2892 907 40 56 260 490 318 863 51 4574 76 58 157 1995 847 44 54 66 152 47 67 96 62 110 71 53 41 258 16939 8548
internal_value=-0.00186432 0.0667066 1.16068 0.0468185 -0.185296 0.107028 -0.0133395 -0.0105859 -0.0736048 -0.066759 0.135844 0.125712 0.134875 0.117583 -0.022616 0.439431 0.65859 0.170369 0.185557 0.381233 0.134342 0.237137 0.0663295 0.315855 0.887817 0.35709 -0.0395779 -0.287957 0.00226701 -0.00658509
internal_weight=40254 5770 102 5668 1167 4501 34484 34166 5787 5736 4011 3935 3877 3670 1004 207 151 2666 2600 538 2062 420 268 172 118 107 4873 299 28379 25487
internal_count=40254 5770 102 5668 1167 4501 34484 34166 5787 5736 4011 3935 3877 3670 1004 207 151 2666 2600 538 2062 420 268 172 118 107 4873 299 28379 25487
is_linear=0
shrinkage=0.03


Tree=186
num_leaves=31
num_cat=0
split_feature=0 8 7 14 9 14 7 11 22 13 13 12 0 18 4 0 23 7 14 14 14 14 23 11 14 9 7 8 1 14
split_gain=31548.5 27559 25622 23240.4 20809.1 36452.9 23049.8 26190.6 25198.4 21194.4 28554.6 25357.4 21158.9 32304.4 29241 25186.6 21405.2 20891.1 28792 26243.1 25126.1 22274.6 20743.5 20191.9 19885.1 19004.9 18510 18471.2 21362.1 30192.4
threshold=14.500000000000002 521.76875000000007 3.220486111111112 38.355000000000011 22.385000000000002 133.09 4.3767361111111134 570.0150000000001 1.0000000180025095e-35 37.180000000000007 1.2862500000000001 88.987708333333345 2.5000000000000004 1.0000000180025095e-35 156.50000000000003 5.5000000000000009 3.5000000000000004 5.9322916666666687 307.29000000000008 463.79500000000007 218.24000000000004 371.3250000000001 3.5000000000000004 410.13500000000005 85.125000000000014 494.88000000000005 10.220486111111114 719.03750000000014 5.5000000000000009 181.84500000000003
decision_type=2 2 2 8 8 10 2 10 2 10 8 10 2 2 2 2 2 2 10 10 10 10 2 10 10 10 2 2 2 10
left_child=1 3 -2 -1 5 -5 -6 8 12 10 -10 -11 16 15 -15 -14 23 19 20 21 -19 -16 25 -8 -18 -17 27 28 -4 -30
right_child=2 -3 26 4 6 -7 7 -9 9 11 -12 -13 13 14 17 22 24 18 -20 -21 -22 -23 -24 -25 -26 -27 -28 -29 29 -31
leaf_value=-0.24115107931839633 0.20229526169561712 -0.12002274856042752 0.01967827009562876 0.032013622683983653 0.03010693497880422 0.39641880358968457 -0.0097282059487196065 0.60067912881311614 -0.61083893830125979 0.01440643936395645 0.33651296734968877 -0.71255529611253399 -0.11321443927323481 -0.051970935243134508 -0.15202674037109418 0.011619111721768103 -0.14851587569373362 -0.36668232082496094 -0.86543279602475787 0.38832926666266038 0.27542019673756185 -0.79010700841838455 0.52172202918940869 -0.68119655292208603 0.20551688038767796 -0.54426787596503601 -0.16116491673059369 -0.18526447698563889 0.063984435445778781 0.35173362621231702
leaf_weight=393 754 2379 11641 2603 5837 272 2383 56 43 62 81 141 2018 1552 712 4784 172 435 91 75 62 52 70 40 822 55 474 351 1467 422
leaf_count=393 754 2379 11641 2603 5837 272 2383 56 43 62 81 141 2018 1552 712 4784 172 435 91 75 62 52 70 40 822 55 474 351 1467 422
internal_value=-0.00232177 -0.0228788 0.0319506 -0.0127427 -0.00872799 0.0666154 -0.0198147 -0.0410756 -0.0437522 -0.303531 0.0057372 -0.491545 -0.0373539 -0.0595568 -0.142151 -0.0240213 0.0270117 -0.240126 -0.377151 -0.143759 -0.286189 -0.196432 0.01266 -0.0210896 0.144168 0.00518976 0.0229897 0.0292893 0.0348686 0.128419
internal_weight=40299 25190 15109 22811 22418 2875 19543 13706 13650 327 124 203 13323 9906 2979 6927 3417 1427 588 839 497 764 4909 2423 994 4839 14355 13881 13530 1889
internal_count=40299 25190 15109 22811 22418 2875 19543 13706 13650 327 124 203 13323 9906 2979 6927 3417 1427 588 839 497 764 4909 2423 994 4839 14355 13881 13530 1889
is_linear=0
shrinkage=0.03


Tree=187
num_leaves=31
num_cat=0
split_feature=8 6 6 7 16 25 7 11 15 6 18 4 1 14 25 3 14 7 15 4 15 25 4 13 13 14 13 7 13 25
split_gain=30015.5 30701.9 30113.2 34757 36489.4 30331.7 29162 29003.9 327776 37779.4 26987.5 26938.9 26434.9 37346.9 25788.7 22603.2 21178.1 20360.8 20347.3 19543.2 38976.9 35140.7 28357.6 25134.3 23853.5 48626.8 25091.2 21787.4 18631.9 18389.5
threshold=772.06250000000011 24.505726872246704 9.7850220264317205 6.383680555555558 2927.6437134969487 46.534583333333345 3.3211805555555562 320.91500000000002 284.98812500000003 0.39052863436123347 1.5000000000000002 176.50000000000003 1.0000000180025095e-35 201.74000000000004 40.351041666666674 1.0000000180025095e-35 68.13000000000001 10.57465277777778 331.09791666666672 50.500000000000007 113.22250000000001 250.48604166666669 20.500000000000004 6.1237500000000011 60.520000000000003 215.80500000000004 1.9200000000000002 4.0190972222222241 3.0700000000000007 296.20833333333337
decision_type=2 2 2 2 10 10 2 10 10 2 2 2 2 10 8 2 10 2 10 2 10 10 2 10 10 10 10 2 10 10
left_child=1 2 7 4 -4 -6 -2 14 -9 -10 -8 -7 13 -3 16 18 -1 -5 19 21 -21 22 23 -16 25 26 -22 -26 -24 -29
right_child=6 12 3 17 5 11 10 8 9 -11 -12 -13 -14 -15 15 -17 -18 -19 -20 20 24 -23 28 -25 27 -27 -28 29 -30 -31
leaf_value=-0.029060635987095466 0.12549312967654974 0.16798824678263011 0.021769883622983498 -0.062355351472135299 0.0079557026114195177 -0.40292208094992232 -0.21016932131260888 2.7312299822744994 -0.78128555011876077 0.11335408389199592 -0.77679013462410762 -0.1125920035664353 0.062211341545978863 0.85538009696680573 0.51235109761291375 -0.32388868214781058 0.23701697670898872 -0.25693237853222167 -0.42115840340288058 -0.011579695202681123 -0.46142906918082122 -0.4933556637797557 -0.46743721955227402 0.049524179866123529 0.31434496120620176 1.2092961151459638 0.30572151310032536 0.096168920773934644 -0.060922559632380212 -0.16852598577669828
leaf_weight=391 172 317 13779 7024 1276 397 350 43 46 441 96 1042 2421 91 112 178 862 519 94 3650 42 141 105 1619 356 50 363 1715 2395 273
leaf_count=391 172 317 13779 7024 1276 397 350 43 46 441 96 1042 2421 91 112 178 862 519 94 3650 42 141 105 1619 356 50 363 1715 2395 273
internal_value=0.00146841 0.00469703 -0.00260381 -0.0224353 0.00196132 -0.0985409 -0.205828 0.0344166 0.251518 0.0274223 -0.333597 -0.192914 0.0999262 0.32302 0.025077 0.0104987 0.15403 -0.0757756 0.015981 0.0198169 0.0530091 -0.0291449 -0.0135619 0.0797488 0.137209 0.335779 0.225225 0.0985377 -0.0781762 0.0597535
internal_weight=40360 39742 36913 24037 16494 2715 618 12876 530 487 446 1439 2829 408 12346 11093 1253 7543 10915 10821 6449 4372 4231 1731 2799 455 405 2344 2500 1988
internal_count=40360 39742 36913 24037 16494 2715 618 12876 530 487 446 1439 2829 408 12346 11093 1253 7543 10915 10821 6449 4372 4231 1731 2799 455 405 2344 2500 1988
is_linear=0
shrinkage=0.03


Tree=188
num_leaves=31
num_cat=0
split_feature=6 8 5 1 6 24 15 7 16 13 9 0 6 9 10 24 6 1 9 1 15 14 25 15 8 13 8 10 1 23
split_gain=32568.2 33492.8 30724.5 29552.7 28737.1 58958.7 287863 36271.3 38207.5 30069.4 25876 25225.3 27623.9 25380.9 29322 24724.7 23276.6 19792.7 23716.8 19766.8 40238.2 69277.3 70071.7 36160.6 32558.9 31957.1 26261.4 35885.5 31618.3 27648
threshold=33.845154185022039 772.06250000000011 40089.375000000007 2.5000000000000004 6.2090308370044065 410.77500000000003 284.98812500000003 6.9010416666666687 3114.1481194819844 20.050000000000004 100.55500000000002 6.5000000000000009 12.026211453744496 89.445000000000007 66.001250000000013 396.99500000000006 1.1993392070484583 5.5000000000000009 287.36000000000007 3.5000000000000004 513.26479166666684 735.36000000000001 444.56375000000008 396.69062500000013 129.43750000000003 304.53000000000003 0.11250000000000002 494.7000000000001 2.5000000000000004 1.5000000000000002
decision_type=2 2 2 2 2 10 10 2 10 8 10 2 2 10 10 10 2 2 10 2 10 10 10 10 2 10 2 10 2 2
left_child=1 4 -3 10 5 9 -7 8 19 -1 -2 13 -13 -9 -15 -14 -8 -11 -19 26 21 22 23 24 -21 -25 -6 29 -29 -28
right_child=3 2 -4 -5 7 6 16 11 -10 17 -12 12 15 14 -16 -17 -18 18 -20 20 -22 -23 -24 25 -26 -27 27 28 -30 -31
leaf_value=0.23430193258521287 0.29774793859491955 -0.95688680515158919 -0.16260575899063762 -0.025628174142135925 -0.0059714288184551717 2.8065471628380987 -0.62971876917883396 -0.089650039095373363 -0.073051706162179139 -0.0038298864855494199 1.336150552204677 0.035732743611177509 -0.078870328926683261 -1.0773395328466282 -0.26093928172322123 -0.63000901364088058 0.20252581950057955 0.10446985651577119 0.66898117717814765 0.046105616573428918 -0.8924432184903518 1.212658588375364 -0.69466685929081651 1.1807079918439998 -0.071471857408006101 0.13052079067510716 0.039699704416172765 0.93666272473622514 0.10958072340488434 0.17093021589558821
leaf_weight=673 46 47 515 71 4429 40 42 1599 4200 4504 41 2888 3204 42 525 74 101 822 72 4861 45 41 131 42 3757 67 5169 82 84 2005
leaf_count=673 46 47 515 71 4429 40 42 1599 4200 4504 41 2888 3204 42 525 74 101 822 72 4861 45 41 131 42 3757 67 5169 82 84 2005
internal_value=0.00084518 -0.000855527 -0.230613 0.429354 0.00241927 0.0614114 0.590479 -0.00867976 0.00944251 0.0453689 0.796733 -0.0628607 -0.0319115 -0.150909 -0.323204 -0.0915005 -0.0445852 0.0217745 0.150631 0.0261727 -0.00744512 -0.00287014 -0.00863257 0.00174383 -0.0051544 0.542235 0.0517194 0.0865265 0.521302 0.0763949
internal_weight=40219 40061 562 158 39499 6254 183 33245 24913 6071 87 8332 6166 2166 567 3278 143 5398 894 20713 8944 8899 8858 8727 8618 109 11769 7340 166 7174
internal_count=40219 40061 562 158 39499 6254 183 33245 24913 6071 87 8332 6166 2166 567 3278 143 5398 894 20713 8944 8899 8858 8727 8618 109 11769 7340 166 7174
is_linear=0
shrinkage=0.03


Tree=189
num_leaves=31
num_cat=0
split_feature=5 1 14 4 0 8 4 15 24 4 13 14 0 12 12 9 15 4 14 8 4 4 5 14 15 4 4 15 15 7
split_gain=33153.6 31684.3 119422 313201 57076.3 31701 33803.2 29964.7 27313.1 35618.6 29834.3 29040.7 26998.7 26477 25944.1 53113.8 52580.9 32172.3 40292 25830.5 24910.8 40719.6 35907.7 30756.6 39405.8 23554.4 25916.2 22757.6 22539.9 22050.5
threshold=35821.687500000007 1.0000000180025095e-35 463.79500000000007 205.50000000000003 5.5000000000000009 739.8375000000002 126.50000000000001 144.3897916666667 92.00500000000001 260.50000000000006 -0.0087499999999999991 169.84750000000003 21.500000000000004 383.62437500000004 302.37062500000008 368.71000000000009 233.41687500000003 180.50000000000003 428.82000000000005 161.51250000000002 272.50000000000006 270.50000000000006 55156.250000000007 438.64000000000004 477.00062500000007 337.50000000000006 317.50000000000006 113.875 443.54708333333343 11.432291666666668
decision_type=2 2 10 2 2 2 2 8 10 2 10 10 2 10 8 10 8 2 10 2 2 2 2 10 10 2 2 10 10 2
left_child=8 2 4 -4 7 14 -7 -2 11 10 -10 -1 19 -5 15 29 -16 18 -18 25 21 23 -22 -19 -25 26 -6 -28 -12 -3
right_child=1 5 3 13 12 6 -8 -9 9 -11 28 -13 -14 -15 16 -17 17 20 -20 -21 22 -23 -24 24 -26 -27 27 -29 -30 -31
leaf_value=-0.068279302140338408 -0.054804329615849329 -0.0027065347940149987 3.104645127228328 -0.51132993892747525 0.20768421727084294 -0.85158171826257156 -0.13507907002696579 -0.43051178940481249 -0.72799213109697614 -0.6726722002147838 0.0044750614739056177 0.54536636434495445 -0.11701444354300436 0.51518867433071136 0.50984390491873022 -0.97442502975463874 0.24419311181038292 0.70468941077683123 -0.5411884855296083 0.050699945871913552 -0.78331690919810326 1.1011631237006769 0.010891190481880171 0.24341777163358458 -0.13635012151113726 -0.092620518821953005 0.21094624604408937 0.93852388700534561 -0.70182098714510599 -0.25156892760807681
leaf_weight=1932 746 29140 41 48 1443 64 680 256 69 150 422 71 455 41 249 50 90 79 166 1911 57 40 439 623 405 206 71 86 44 323
leaf_count=1932 746 29140 41 48 1443 64 680 256 69 150 422 71 455 41 249 50 90 79 166 1911 57 40 439 623 405 206 71 86 44 323
internal_value=-0.000472662 0.00678454 0.0747484 0.969297 0.0520894 -0.00434165 -0.197774 -0.151127 -0.102246 -0.26563 -0.150464 -0.0462662 0.100921 -0.0379694 0.000209906 -0.00711781 0.100847 0.0469791 -0.265202 0.127623 0.0957525 0.172524 -0.0817711 0.138005 0.0938139 0.208945 0.247805 0.61291 -0.0635739 -0.00544323
internal_weight=40397 37709 5304 130 5174 32405 744 1002 2688 685 535 2003 4172 89 31661 29513 2148 1899 256 3717 1643 1147 496 1107 1028 1806 1600 157 466 29463
internal_count=40397 37709 5304 130 5174 32405 744 1002 2688 685 535 2003 4172 89 31661 29513 2148 1899 256 3717 1643 1147 496 1107 1028 1806 1600 157 466 29463
is_linear=0
shrinkage=0.03


Tree=190
num_leaves=31
num_cat=0
split_feature=7 14 4 6 24 7 2 4 6 5 14 4 4 4 24 8 6 8 25 6 25 8 13 25 14 25 8 25 4 18
split_gain=28055.8 41746.8 84819.1 281228 56233.8 32685 33373.2 29884.5 27156.8 29805.4 37721.1 32298.3 31002.6 56546.6 32018 26224.2 25442.6 28834.4 25493.4 25082.4 25076.4 24843.2 24188.6 31846.3 27831.5 22797.2 21126.5 20780.6 27235.5 20950.7
threshold=5.7656250000000018 318.98000000000008 178.50000000000003 1.1993392070484583 396.99500000000006 3.4531250000000004 1.5000000000000002 154.50000000000003 1.1993392070484583 45612.750000000007 428.82000000000005 222.50000000000003 207.50000000000003 198.50000000000003 396.99500000000006 237.11250000000004 10.524669603524233 0.11250000000000002 316.57312500000006 20.191629955947139 225.56291666666667 0.11250000000000002 75.155000000000015 71.156041666666681 225.02000000000001 32.143125000000005 317.49375000000003 518.99125000000015 254.50000000000003 1.5000000000000002
decision_type=2 10 2 2 10 2 2 2 2 2 10 2 2 2 10 2 2 2 10 2 10 2 8 8 10 10 2 10 2 2
left_child=1 7 3 -3 5 -5 -7 20 -4 10 26 -12 13 14 -11 21 17 18 -2 -8 22 -14 24 -24 -1 -9 -10 28 29 -13
right_child=16 2 8 4 -6 6 19 25 9 12 11 27 15 -15 -16 -17 -18 -19 -20 -21 -22 -23 23 -25 -26 -27 -28 -29 -30 -31
leaf_value=-0.070343932048387417 -0.019416073601734047 2.6871218086271842 -0.47196210306394715 1.145071870947993 -0.75567021675904589 -0.47996131816125925 0.27696848576243682 0.14296828031835213 -0.23435423983260989 0.52836755660864021 -0.25289367413317615 0.75014562728859135 0.0089525854315742216 1.1746176456874362 -0.40732964614504263 -0.13685057890072869 -0.062040649106371602 0.090078596586540688 -0.39246855660227309 1.0521998064462528 -0.28137452386462525 0.38263047180205045 0.52339593878462298 0.024872766305678223 0.65540089619345965 0.019960158397139285 -0.94734620226754074 -0.19649604138240073 -0.031176722463296384 0.156285932666377
leaf_weight=5239 4601 46 86 42 44 46 311 1557 125 77 230 125 306 72 56 295 9810 2686 170 42 364 335 120 2463 47 10462 53 102 146 94
leaf_count=5239 4601 46 86 42 44 46 311 1557 125 77 230 125 306 72 56 295 9810 2686 170 42 364 335 120 2463 47 10462 53 102 146 94
internal_value=-0.00142431 0.020358 0.132708 0.471106 0.25583 0.358232 0.272751 0.00574534 0.0470402 0.0694031 -0.0622835 0.0374284 0.170356 0.503602 0.13429 0.0969098 -0.0302933 0.0114744 -0.0327881 0.371917 -0.0382836 0.204536 -0.0270045 0.0482265 -0.0637683 0.0359058 -0.450756 0.180648 0.286291 0.497116
internal_weight=40152 22885 2633 531 485 441 399 20252 2102 2016 875 697 1141 205 133 936 17267 7457 4771 353 8233 641 7869 2583 5286 12019 178 467 365 219
internal_count=40152 22885 2633 531 485 441 399 20252 2102 2016 875 697 1141 205 133 936 17267 7457 4771 353 8233 641 7869 2583 5286 12019 178 467 365 219
is_linear=0
shrinkage=0.03


Tree=191
num_leaves=31
num_cat=0
split_feature=0 6 1 1 0 1 4 11 13 6 13 18 25 13 13 14 14 4 13 15 17 13 5 15 12 15 12 13 1 1
split_gain=39507.5 31595.8 26892.2 23081.4 28855.3 30593.1 33758.8 29067.1 27404.9 24137.3 22897.3 21967.2 29559.3 23180.2 29509.7 40307.3 28367.1 27175.6 26014.3 40927.6 22377 20833 19354.4 18821.7 18664.5 21988.3 23895.8 19717.9 18940.5 25898.1
threshold=15.500000000000002 32.259691629955952 2.5000000000000004 5.5000000000000009 20.500000000000004 3.5000000000000004 233.50000000000003 494.55500000000006 262.4500000000001 11.942731277533044 6.4800000000000013 1.5000000000000002 384.48208333333338 315.09000000000009 281.36500000000007 398.82500000000005 300.85000000000008 2.5000000000000004 68.020000000000024 122.58145833333334 3486.5200400000008 87.750000000000014 53806.250000000007 164.08375000000004 50.554270833333341 45.749375000000008 37.47291666666667 7.4350000000000014 1.5000000000000002 2.5000000000000004
decision_type=2 2 2 2 2 2 2 10 10 2 10 2 10 8 10 10 10 2 10 10 10 10 2 10 10 10 10 10 2 2
left_child=11 3 -3 4 5 6 -2 10 -5 -7 -8 20 13 14 15 16 17 -13 19 24 -1 -20 -18 -22 25 -19 -27 -28 -26 -30
right_child=1 2 -4 8 -6 9 7 -9 -10 -11 -12 12 -14 -15 -16 -17 22 18 21 -21 23 -23 -24 -25 28 26 27 -29 29 -31
leaf_value=0.0024121465050012639 0.042737481213932248 0.70803173548136 0.055639324071151866 0.1091531813241842 -0.04301054675156471 0.10161425558013636 0.39211917748253117 0.71152861963054437 0.73599171630579696 -0.10186562718132434 0.11354856461804687 -0.64426599194606138 -0.69456559022835318 0.58262591351289295 -0.85341279476881027 0.80139109976748202 -0.68580077871288125 -0.053025440301878342 0.30111356833905917 -0.54799836121796597 -0.073562832954421273 -0.0053513793750537015 0.0036044293804602186 -0.70539990630260729 0.57339853463804025 -0.13079615330848937 -0.69667701777621838 -0.10222234857000716 -0.73139125882224609 0.0089510321342463374
leaf_weight=18909 3101 116 111 1867 4306 793 348 98 64 1546 1117 71 69 47 43 46 113 883 265 173 3309 800 54 42 50 350 168 72 43 1268
leaf_count=18909 3101 116 111 1867 4306 793 348 98 64 1546 1117 71 69 47 43 46 113 883 265 173 3309 800 54 42 50 350 168 72 43 1268
internal_value=-0.00141037 0.040501 0.390664 0.0344684 0.0180954 0.055669 0.100066 0.213707 0.130299 -0.0328651 0.179943 -0.0224912 -0.0828198 -0.0731717 -0.0803092 -0.0724835 -0.0819939 -0.0664799 -0.0562498 -0.101368 -0.0102516 0.0711161 -0.464185 -0.0816901 -0.0739201 -0.147886 -0.289526 -0.519505 0.0061828 -0.0158707
internal_weight=40242 13467 227 13240 11309 7003 4664 1563 1931 2339 1465 26775 4515 4446 4399 4356 4310 4143 4072 3007 22260 1065 167 3351 2834 1473 590 240 1361 1311
internal_count=40242 13467 227 13240 11309 7003 4664 1563 1931 2339 1465 26775 4515 4446 4399 4356 4310 4143 4072 3007 22260 1065 167 3351 2834 1473 590 240 1361 1311
is_linear=0
shrinkage=0.03


Tree=192
num_leaves=31
num_cat=0
split_feature=6 8 5 8 1 6 16 12 4 15 13 13 24 4 6 6 4 24 1 24 13 4 4 5 4 24 16 24 15 25
split_gain=28920.8 32115 32875.8 33987.7 60643 128477 30532.2 31305 33361.5 27706.1 27519.9 27175.2 26875.8 24399.1 97569.6 25219.4 48856.3 38550.4 23178.4 24773.5 22037.5 21375.9 21516.4 21276.8 21213.5 32636 21045.3 26692.7 20999.1 20060.8
threshold=32.259691629955952 222.76875000000004 37254.187500000007 1.0000000180025095e-35 1.0000000180025095e-35 1.8845814977973572 7408.5596776926459 58.349166666666669 325.50000000000006 513.26479166666684 293.64000000000004 351.34500000000008 62.185000000000009 84.500000000000014 2.3182819383259923 11.017180616740092 272.50000000000006 260.5800000000001 2.5000000000000004 164.11750000000004 20.050000000000004 337.50000000000006 317.50000000000006 41436.812500000007 260.50000000000006 162.09500000000003 3229.8507425844905 43.255000000000003 113.875 71.156041666666681
decision_type=2 2 2 2 2 2 8 8 2 10 10 10 10 2 2 2 2 10 2 10 10 2 2 2 2 10 10 10 10 10
left_child=1 2 9 6 5 -5 12 -8 13 11 -6 24 -4 -9 -15 -16 -17 -18 19 -2 -10 22 -7 29 -1 -26 -25 -28 -24 -3
right_child=18 23 3 4 10 21 7 8 20 -11 -12 -13 -14 14 15 16 17 -19 -20 -21 -22 -23 28 26 25 -27 27 -29 -30 -31
leaf_value=-0.037874305268917413 0.31600639083981513 -0.068824613048439592 0.1759758331806914 1.8786410882829554 0.028048301185089431 0.19443707301082913 -0.12592503547617592 -0.04032783483131977 0.31761115335828655 -0.7855251136049628 0.3350118849165325 0.64183274796118539 0.01182536352980673 1.4971845173627831 0.15924882145515482 0.084173578204904356 -0.1643995654069095 -1.1163824802491722 0.025027283869589433 1.1756754046278755 -0.16513578043545651 -0.15904163200073212 0.24380324004619167 -0.0089945265902455027 -0.14172027069949367 -0.77471476626950631 -0.030560698613753958 -0.27310147414120778 1.0482132003307343 -0.28899190897643567
leaf_weight=3079 119 1060 1333 41 8761 1219 2416 2842 90 47 270 48 2745 42 1412 1637 590 40 157 40 1332 138 64 8047 502 85 1054 666 54 574
leaf_count=3079 119 1060 1333 41 8761 1219 2416 2842 90 47 270 48 2745 42 1412 1637 590 40 157 40 1332 138 64 8047 502 85 1054 666 54 574
internal_value=-0.00126742 -0.00351874 0.0133586 0.0257876 0.0667478 0.24226 -0.0040518 -0.03133 -0.00269639 -0.0693299 0.0372617 -0.0600576 0.0655122 0.0258516 0.076395 0.0597726 -0.00222906 -0.226516 0.284157 0.538272 -0.13438 0.195532 0.232221 -0.0461306 -0.0694201 -0.234542 -0.02936 -0.124579 0.617638 -0.146296
internal_weight=40504 40188 28787 25026 10547 1516 14479 10401 7985 3761 9031 3714 4078 6563 3721 3679 2267 630 316 159 1422 1475 1337 11401 3666 587 9767 1720 118 1634
internal_count=40504 40188 28787 25026 10547 1516 14479 10401 7985 3761 9031 3714 4078 6563 3721 3679 2267 630 316 159 1422 1475 1337 11401 3666 587 9767 1720 118 1634
is_linear=0
shrinkage=0.03


Tree=193
num_leaves=31
num_cat=0
split_feature=6 5 4 8 4 15 4 12 15 24 8 6 25 0 16 7 15 12 1 10 1 4 7 12 9 24 1 5 4 4
split_gain=32009 28635.6 23840.7 33659.3 27961.8 26983.6 40709.5 24676.1 24563.2 24281.5 23489.4 35107.5 26591.6 23381.6 22927.3 22882.6 25075.1 22612.7 21137.7 21548.1 20908.6 22277.8 20225.8 19799.6 23706.1 61833.9 20417.9 19232.2 19161.6 26619.1
threshold=33.845154185022039 40600.562500000007 259.50000000000006 71.725000000000009 263.50000000000006 477.00062500000007 244.50000000000003 49.953125000000007 105.17520833333334 104.38500000000001 526.26875000000018 23.957488986784146 461.83645833333338 14.500000000000002 9591.4219230577237 5.0781250000000018 513.26479166666684 120.83364583333334 2.5000000000000004 48.965000000000011 1.5000000000000002 122.50000000000001 6.3593750000000027 417.90270833333335 466.00500000000005 466.00500000000005 1.5000000000000002 64601.437500000007 348.50000000000006 112.50000000000001
decision_type=2 2 2 2 2 10 2 10 10 10 2 2 10 2 10 2 10 10 2 10 2 2 2 10 10 10 2 2 2 2
left_child=1 2 3 5 8 7 -7 9 -4 -1 11 12 14 20 23 -14 -17 27 19 -2 -5 -22 -6 24 25 28 -25 -16 29 -3
right_child=18 10 4 13 22 6 -8 -9 -10 -11 -12 -13 15 -15 17 16 -18 -19 -20 -21 21 -23 -24 26 -26 -27 -28 -29 -30 -31
leaf_value=-0.048090354385581818 0.25178815803357535 -0.0096387781883859446 0.0020198483529843781 0.2794111314389322 -0.030987286422181001 -0.013180835888404208 -1.0369453676397149 0.071173660689677468 -0.75785645305740923 -0.63934094584905188 -0.064185065939185965 0.1527598339480192 -0.020588987112936118 -0.049880924440340244 -0.11391743796309334 -0.74032218647457781 0.083730947010694654 -0.57333772014826534 0.032867883772992379 1.220793793367785 -0.91651795162344873 -0.27308176204861206 -0.28263211805787347 0.90001678092139104 -0.58287065565838647 1.1832799616383343 0.16199467866088854 0.16545036907634644 -0.090940477704106681 0.054571392203098854
leaf_weight=1643 41 11183 56 55 860 96 54 3126 120 64 3535 1634 183 943 1361 117 46 83 66 42 52 597 431 41 58 40 175 264 1389 12094
leaf_count=1643 41 11183 56 55 860 96 54 3126 120 64 3535 1634 183 943 1361 117 46 83 66 42 52 597 431 41 58 40 175 264 1389 12094
internal_value=-0.00228397 -0.00391201 -0.0543405 -0.0301142 -0.163735 0.00875437 -0.386162 0.0210886 -0.517432 -0.0706193 0.00876884 0.0177666 0.00960192 -0.147645 0.0129941 -0.251329 -0.508675 -0.0933128 0.435143 0.750824 -0.278342 -0.325967 -0.115153 0.0202662 0.0177653 0.0191989 0.305584 -0.0684571 0.0172633 0.0237237
internal_weight=40449 40300 8097 6630 1467 4983 150 4833 176 1707 32203 28668 27034 1647 26688 346 163 1708 149 83 704 649 1291 24980 24764 24706 216 1625 24666 23277
internal_count=40449 40300 8097 6630 1467 4983 150 4833 176 1707 32203 28668 27034 1647 26688 346 163 1708 149 83 704 649 1291 24980 24764 24706 216 1625 24666 23277
is_linear=0
shrinkage=0.03


Tree=194
num_leaves=31
num_cat=0
split_feature=5 0 2 6 9 25 7 16 25 12 6 2 25 13 15 5 24 12 15 2 2 25 13 25 15 10 8 8 23 13
split_gain=29326.8 41811.8 31609.5 76723.8 328730 29882.1 29819.8 36618.6 31761.2 49389 23036.9 20727.2 50408.4 25626.9 20644.9 20748.1 20321.8 20039.4 19991.5 19981.3 22311.2 21815.6 70378.6 39252.9 33846.8 21941 19923.2 19117.7 19092.8 18709.9
threshold=50578.187500000007 6.5000000000000009 3.5000000000000004 0.39052863436123347 331.43000000000006 18.972500000000004 5.4913194444444473 1528.6792452707598 444.56375000000008 417.90270833333335 10.524669603524233 9.5000000000000018 159.98604166666669 119.48000000000002 4.0881250000000007 74725.000000000015 24.703750000000003 513.26479166666684 228.61104166666669 11.500000000000002 5.5000000000000009 250.48604166666669 130.76000000000002 192.31750000000002 196.84062500000002 240.31000000000003 673.72500000000002 728.91250000000014 5.5000000000000009 10.616250000000003
decision_type=2 2 2 2 10 8 2 10 10 10 2 2 10 10 10 2 10 10 10 2 2 10 10 10 10 10 2 2 2 10
left_child=6 28 5 4 -4 16 7 27 9 11 29 26 -13 18 -5 19 -3 -10 -14 20 -16 23 -23 24 25 -22 -8 -1 -2 -7
right_child=1 2 3 14 -6 10 8 -9 17 -11 -12 12 13 -15 15 -17 -18 -19 -20 -21 21 22 -24 -25 -26 -27 -28 -29 -30 -31
leaf_value=0.048003987306473012 -0.10239958313351545 0.17491816208142191 2.9401887927004475 0.67172959074107075 -0.76019716470137877 0.18847634270811667 -0.025076164893830868 -0.075647449999254296 -0.74637659989681437 0.77445919693433318 -0.099998905037698829 -0.069211371428776022 -0.42635511027855999 -0.73206695483368966 -0.00082642291147679253 0.43412059458119695 0.87095718814858358 -0.070603928807027191 0.16974695696218595 -0.0051776762837268172 0.1348136610062558 1.4536326718584021 0.21489387521406877 -0.15484959785354857 0.84009714963761239 0.66694875599816439 -0.31389804535153493 -0.14554734490409926 0.066694600767037482 0.011180458300628445
leaf_weight=9765 2513 118 40 54 45 609 7871 3326 96 64 1536 1791 161 162 1128 151 55 67 73 1788 2301 46 344 388 65 71 220 481 789 4399
leaf_count=9765 2513 118 40 54 45 609 7871 3326 96 64 1536 1791 161 162 1128 151 55 67 73 1788 2301 46 344 388 65 71 220 481 789 4399
internal_value=0.00254547 0.033432 0.0574168 0.105005 0.995101 0.0119165 -0.0185447 0.0108284 -0.0564908 -0.0499172 0.00159912 -0.0551253 -0.137048 -0.44291 0.0929093 0.0878276 0.399936 -0.470729 -0.240461 0.0792294 0.113973 0.154238 0.364346 0.125114 0.169732 0.151016 -0.0329673 0.0389044 -0.0619872 0.0327739
internal_weight=40517 16440 13138 6421 85 6717 24077 13572 10505 10342 6544 10278 2187 396 6336 6282 173 163 234 6131 4343 3215 390 2825 2437 2372 8091 10246 3302 5008
internal_count=40517 16440 13138 6421 85 6717 24077 13572 10505 10342 6544 10278 2187 396 6336 6282 173 163 234 6131 4343 3215 390 2825 2437 2372 8091 10246 3302 5008
is_linear=0
shrinkage=0.03


Tree=195
num_leaves=31
num_cat=0
split_feature=6 8 1 25 5 16 8 1 6 12 14 25 12 5 15 14 17 10 11 7 15 25 7 14 9 14 25 12 25 2
split_gain=33850.1 25342.9 28938.2 34183.8 30490.9 25745.2 23204.3 59630.1 91980.3 33400.5 38331.6 32861.8 25300.8 23409.1 22856.5 21639.4 21595 21574.8 21433.6 21154 19922.4 23073.1 20559.2 18867 42236.5 35747.7 21520.5 23696.8 24265.9 24188
threshold=30.33392070484582 278.3562500000001 3.5000000000000004 214.18333333333337 48006.250000000007 2734.3015981636495 0.13750000000000004 1.0000000180025095e-35 1.4325991189427314 315.7247916666667 438.64000000000004 444.56375000000008 417.90270833333335 41436.812500000007 110.38000000000001 560.49500000000012 285.0715350000001 115.66500000000001 123.20500000000001 10.390625000000002 406.63729166666673 284.98812500000003 4.3975694444444455 82.641250000000014 45.685000000000009 155.64000000000001 36.776875000000011 57.767500000000005 93.401666666666685 9.5000000000000018
decision_type=2 2 2 10 2 10 2 2 2 10 10 10 10 2 10 10 10 10 10 2 10 10 2 8 8 10 8 8 10 2
left_child=1 6 5 -4 20 -3 11 8 -8 10 13 12 19 16 -7 -13 -9 -16 -2 23 21 -5 -23 -1 25 -25 -26 28 -28 -29
right_child=18 2 3 4 -6 14 7 9 -10 -11 -12 15 -14 -15 17 -17 -18 -19 -20 -21 -22 22 -24 24 26 -27 27 29 -30 -31
leaf_value=-0.075678951302174516 0.1165246794543606 0.031779999312222661 -0.07707413964062404 -0.34616990703344347 -0.038027616608230501 -0.070915071685778222 1.5407906409303347 -0.022705052736145578 0.16668642735833347 0.22437662737181699 -0.81966794871232085 -0.87273560637936864 0.41506758983210312 0.024597500979193762 -0.63535714900174001 -0.20243484642631654 -0.25901687281879365 0.12287016080773394 0.52221112454677843 -0.21526571632574565 -0.037727769006575859 -0.39881648928653901 -1.2490067908855584 0.11264688297751281 0.14964442245354334 0.62691907280201742 -0.13221813751134176 0.022632423641490894 -0.78121350802481171 -0.073705135428295279
leaf_weight=2796 466 4296 3538 104 169 965 44 1041 1737 638 50 50 126 8457 131 297 522 45 156 439 55 40 77 1437 725 132 713 7533 55 3405
leaf_count=2796 466 4296 3538 104 169 965 44 1041 1737 638 50 50 126 8457 131 297 522 45 156 439 55 40 77 1437 725 132 713 7533 55 3405
internal_value=-0.000468997 -0.00391934 -0.0468767 -0.108299 -0.355828 -0.00186841 0.00948237 0.0407951 0.20148 0.0140531 0.000706793 -0.0126028 -0.00681648 0.00488187 -0.128476 -0.30125 -0.101742 -0.441893 0.218947 -0.00992466 -0.549583 -0.676225 -0.964186 -0.00454512 0.00966571 0.156284 -0.0088511 -0.0186793 -0.179651 -0.00736146
internal_weight=40239 39617 9420 3983 445 5437 30197 12489 1781 10708 10070 17708 17361 10020 1141 347 1563 176 622 17235 276 221 117 16796 14000 1569 12431 11706 768 10938
internal_count=40239 39617 9420 3983 445 5437 30197 12489 1781 10708 10070 17708 17361 10020 1141 347 1563 176 622 17235 276 221 117 16796 14000 1569 12431 11706 768 10938
is_linear=0
shrinkage=0.03


Tree=196
num_leaves=31
num_cat=0
split_feature=5 16 8 10 4 4 25 14 13 5 4 15 16 14 14 8 24 14 13 4 24 0 7 11 24 5 25 14 16 4
split_gain=27734.8 26937.4 27994.9 28216.1 47075.4 418464 22746.1 26649.9 28909.8 29326.9 24293.6 39400.5 31662.2 25719.5 21485.3 21237.4 21147.1 29149.9 26073.8 22211.1 22849.4 20688.3 20204.5 20498.4 23587.3 19873.6 21558.4 41740.6 19841.3 19109.9
threshold=35821.687500000007 11653.267558709189 222.76875000000004 279.11000000000007 94.500000000000014 88.500000000000014 33.475000000000009 70.535000000000011 6.4800000000000013 58706.250000000007 44.500000000000007 68.745833333333351 3705.3720670662406 147.17500000000004 133.09 0.11250000000000002 92.00500000000001 169.84750000000003 0.015000000000000001 240.50000000000003 272.60500000000008 14.500000000000002 9.9565972222222268 494.55500000000006 381.02500000000003 44202.437500000007 194.71916666666669 438.64000000000004 2549.0174168748867 251.50000000000003
decision_type=2 10 2 10 2 2 8 8 8 2 2 10 8 10 10 2 10 10 10 2 10 2 2 10 10 2 10 10 8 2
left_child=16 2 3 6 5 -5 10 -8 9 14 11 -2 -12 -14 -9 29 17 -1 28 -20 -21 25 23 24 -10 26 -4 -28 -18 -6
right_child=1 -3 21 4 15 -7 7 8 22 -11 12 -13 13 -15 -16 -17 18 -19 19 20 -22 -23 -24 -25 -26 -27 27 -29 -30 -31
leaf_value=-0.065039765972046082 0.1460473140009341 -0.13464100803808346 -0.12963162574231976 0.043857387129428251 0.13935024090046469 3.30169467303811 -0.11447234903799618 0.016605066138849794 0.0076801518281857783 0.40967464995221231 0.20529864367821207 1.1676086942881954 0.01818858040813531 -0.64157366551052442 0.18850154684319775 0.18232081480535631 -0.14746917597819553 0.55410523834362835 -0.015702146427308928 -0.24230149382539093 -1.0316979667757238 0.019502375486655579 -0.21190328007921036 0.56130301377177239 -0.70426042437553404 -0.036675094047361086 -1.2046983177521648 -0.071749080419540409 -0.98318188793623629 -0.15274334720145796
leaf_weight=1899 112 1152 1077 264 344 40 1442 1935 14991 255 1075 48 1604 54 988 845 42 70 365 159 41 4977 385 59 41 5200 50 69 66 484
leaf_count=1899 112 1152 1077 264 344 40 1442 1935 14991 255 1075 48 1604 54 988 845 42 70 365 159 41 4977 385 59 41 5200 50 69 66 484
internal_value=0.00149655 0.00811794 0.0126472 0.0304189 0.139146 0.48194 0.021063 0.00973847 0.0193459 0.101747 0.0996972 0.457864 0.0785689 -0.00367322 0.0747522 0.0766062 -0.0924309 -0.0427584 -0.237479 -0.155206 -0.408455 -0.0263645 0.00241942 0.00790088 0.00569161 -0.0620529 -0.172268 -0.55385 -0.662517 -0.0313687
internal_weight=40133 37491 36339 24966 1977 304 22989 20096 18654 3178 2893 160 2733 1658 2923 1673 2642 1969 673 565 200 11373 15476 15091 15032 6396 1196 119 108 828
internal_count=40133 37491 36339 24966 1977 304 22989 20096 18654 3178 2893 160 2733 1658 2923 1673 2642 1969 673 565 200 11373 15476 15091 15032 6396 1196 119 108 828
is_linear=0
shrinkage=0.03


Tree=197
num_leaves=31
num_cat=0
split_feature=5 8 8 10 9 1 15 6 16 25 14 4 24 16 12 13 24 4 12 4 24 8 14 15 13 5 15 25 10 14
split_gain=30818.3 24308 38975.5 41535.9 88600.8 27690 25518.8 25507.5 24973.7 21290.5 26495.4 73686.4 100520 24832.8 25045.6 22576.9 20643 20616.8 19866.4 19136.6 31547.4 27923.2 21009.2 24458.7 24469.5 20963.9 18670 18511.7 29196.5 17837.9
threshold=38901.812500000007 231.28125000000003 0.11250000000000002 311.23000000000008 279.52000000000004 1.0000000180025095e-35 552.14062500000011 32.259691629955952 38.104787521392332 444.56375000000008 463.79500000000007 254.50000000000003 354.05500000000006 7579.017418192062 58.349166666666669 19.515000000000004 52.585000000000008 349.50000000000006 88.058072916666674 260.50000000000006 160.00375000000003 1.0000000180025095e-35 91.975000000000009 513.26479166666684 345.17000000000002 35821.687500000007 37.054635416666677 277.52729166666671 76.512500000000017 144.92000000000004
decision_type=2 2 2 10 10 2 10 2 8 8 10 2 10 8 10 10 10 2 10 2 10 2 10 10 10 2 8 10 10 10
left_child=19 2 9 5 -5 29 -6 8 -3 10 13 12 -12 16 -15 18 -2 26 -16 21 -21 22 -1 24 -24 -22 -17 28 -19 -4
right_child=1 7 3 4 6 -7 -8 -9 -10 -11 11 -13 -14 14 15 17 -18 27 -20 20 25 -23 23 -25 -26 -27 -28 -29 -30 -31
leaf_value=-0.12084459589846264 0.1804336447400561 0.49321682258276267 0.1089199435702512 1.3417822322157713 0.13196385453501505 0.032010378943082757 0.79394391505733919 0.25738666652904257 -0.038893454722678307 -0.27970894747990227 0.090523488087193016 -0.030047991390255362 2.0656230553558892 -0.12055192830462808 0.07554265426476274 0.24639407681478451 0.016779956437627277 -0.6564990758162278 0.49437965700361464 -0.11247180719062311 -1.0213116602301597 -0.14493940073136341 0.051820726338504666 -0.49659600825376909 0.61709935731451271 -0.2924594761779184 -0.019960330168740187 -0.60179717238992447 0.083311892858220493 0.34304921322812637
leaf_weight=841 923 79 1064 64 662 8131 56 275 10346 251 52 219 41 2282 418 246 2784 64 134 819 59 1556 2368 70 70 90 5761 95 183 404
leaf_count=841 923 79 1064 64 662 8131 56 275 10346 251 52 219 41 2282 418 246 2784 64 134 819 59 1556 2368 70 70 90 5761 95 183 404
internal_value=-0.000523051 0.0102819 0.0271458 0.0708154 0.280923 0.0536712 0.184627 -0.027281 -0.0348142 -0.00655452 -0.00134044 0.271385 0.973978 -0.00796224 -0.0344179 -0.00592206 0.0575655 -0.0219319 0.177927 -0.0640487 -0.185882 -0.039972 0.00882624 0.0523392 0.0682974 -0.58595 -0.00901333 -0.24815 -0.110254 0.173543
internal_weight=40407 34534 23834 10381 782 9599 718 10700 10425 13453 13202 312 93 12890 9183 6901 3707 6349 552 5873 968 4905 3349 2508 2438 149 6007 342 247 1468
internal_count=40407 34534 23834 10381 782 9599 718 10700 10425 13453 13202 312 93 12890 9183 6901 3707 6349 552 5873 968 4905 3349 2508 2438 149 6007 342 247 1468
is_linear=0
shrinkage=0.03


Tree=198
num_leaves=31
num_cat=0
split_feature=7 8 11 6 24 25 12 14 4 14 4 14 14 24 4 6 12 4 4 4 24 5 25 4 14 7 23 5 14 4
split_gain=25071 27857.1 24372 108935 25842.8 23893.1 29559.6 34709.4 26107.1 32573.9 23309.8 25169 51961.4 22506.8 20521.2 58353.8 40468.7 34735.9 61351.9 46789 40564.3 33702.7 33699.7 30771.7 43594.5 29478.7 26351.2 22369.3 21572.1 20150.8
threshold=3.6475694444444451 772.06250000000011 279.11000000000007 0.39052863436123347 410.77500000000003 47.685468750000005 57.028750000000002 155.64000000000001 42.500000000000007 170.62125000000003 168.50000000000003 133.09 138.43000000000004 195.18500000000003 272.50000000000006 12.368722466960355 284.98812500000003 222.50000000000003 215.50000000000003 242.50000000000003 344.32500000000005 37593.750000000007 277.52729166666671 176.50000000000003 438.64000000000004 8.8940972222222268 1.5000000000000002 50802.187500000007 272.94125000000003 361.50000000000006
decision_type=2 2 10 2 10 8 8 10 2 10 2 10 10 10 2 2 10 2 2 2 10 2 10 2 10 2 2 2 10 2
left_child=-1 2 4 -4 5 8 7 -7 -2 10 11 -10 -13 -5 17 22 -17 18 23 -19 -21 -22 28 -15 26 -24 -25 -26 -16 -8
right_child=1 -3 3 13 -6 6 29 -9 9 -11 -12 12 -14 14 15 16 -18 19 -20 20 21 -23 25 24 27 -27 -28 -29 -30 -31
leaf_value=0.060087717169870644 0.2810637718453059 -0.26674825409697667 1.1792435113576394 0.41643664958946247 -0.69451612415313724 -0.11079677869773173 -0.0094160462362447017 0.54054673471450798 -0.031580094190399442 -0.62700046904709028 0.093019604234455211 0.96125459744896691 -0.092787481368734284 -0.12074176519422326 0.97442565134791437 -0.27263671841472387 -1.3478928367137908 0.53733060347234329 -0.7259973741416792 0.7214015677192599 -0.78894688075551622 0.035527016939861426 -0.015799801796903976 1.1358363273739813 -0.0757439646102432 -0.77294967638121714 0.2752524550348196 0.61016126036643981 0.1786391626941887 -0.4835686375614669
leaf_weight=5559 366 371 78 140 49 4108 19683 74 4117 68 2938 70 103 479 42 87 49 286 102 66 51 314 324 61 265 53 68 50 109 80
leaf_count=5559 366 371 78 140 49 4108 19683 74 4117 68 2938 70 103 479 42 87 49 286 102 66 51 314 324 61 265 53 68 50 109 80
internal_value=0.00095124 -0.00853738 -0.00573516 0.0821074 -0.0130189 -0.0119404 -0.026695 -0.0991449 0.0341673 0.0217451 0.0279343 -0.0166506 0.336777 0.0480454 0.0264454 -0.115354 -0.667056 0.0805303 -0.0315294 0.240548 0.0428233 -0.0815143 0.0277437 0.0459183 0.225583 -0.124006 0.687802 0.0347162 0.404938 -0.0113598
internal_weight=40210 34651 34280 2624 31656 31607 23945 4182 7662 7296 7228 4290 173 2546 2406 664 136 1742 1025 717 431 365 528 923 444 377 129 315 151 19763
internal_count=40210 34651 34280 2624 31656 31607 23945 4182 7662 7296 7228 4290 173 2546 2406 664 136 1742 1025 717 431 365 528 923 444 377 129 315 151 19763
is_linear=0
shrinkage=0.03


Tree=199
num_leaves=31
num_cat=0
split_feature=0 8 5 4 16 9 5 4 4 5 4 14 3 24 4 14 14 0 1 1 25 10 0 0 14 24 9 5 11 1
split_gain=30976.5 27275.4 27412.8 32849.4 40736.6 23684.2 22409 25006.1 30567.6 53944.9 76861.9 28614 27543.8 24761.2 32674.2 28816.5 22273.4 19558 21558.1 20409.1 24152.6 22716.2 20520.5 19853.7 20253.9 19390.4 19080.9 18769.1 45053.9 18022.7
threshold=14.500000000000002 171.35625000000002 42202.750000000007 122.50000000000001 503.57856435821446 21.247500000000002 35821.687500000007 339.50000000000006 84.500000000000014 68762.500000000015 330.50000000000006 451.89500000000004 1.0000000180025095e-35 92.00500000000001 261.50000000000006 169.84750000000003 735.36000000000001 22.500000000000004 1.0000000180025095e-35 5.5000000000000009 461.83645833333338 311.23000000000008 17.500000000000004 20.500000000000004 134.82500000000002 166.01375000000004 86.596250000000012 48802.812500000007 494.55500000000006 2.5000000000000004
decision_type=2 2 2 2 10 10 2 2 2 2 2 10 2 10 2 10 10 2 2 2 10 10 2 2 10 10 10 2 10 2
left_child=1 6 3 4 -3 -5 13 8 11 -10 -11 12 -8 15 26 -1 17 18 23 20 27 -21 -23 24 -2 -16 -15 -20 -29 -22
right_child=16 2 -4 5 -6 -7 7 -9 9 10 -12 -13 -14 14 25 -17 -18 -19 19 21 29 22 -24 -25 -26 -27 -28 28 -30 -31
leaf_value=-0.052220903959186687 0.10195494595868207 -0.15693603745661674 -0.050405483599740591 0.015882428568842349 -1.4384812011829642 -0.31088474269535088 -0.024174740642416887 -0.11084103508283953 0.046720503373057123 1.744814954625397 0.079735927462577821 -0.76138321477539683 -0.68783505230553843 -0.67459534393166598 -0.40117354535032063 0.57679269598687388 0.50648667164146899 -0.068375577958763603 -0.031205960630702776 0.083814744433330396 0.016883427034667196 -0.032341266748856526 0.72539753776235671 -0.032840803896675687 0.33418363595686046 -1.1648906497955323 -0.074640309687079118 0.042617838411265783 0.84402979985112325 -0.76125585508067162
leaf_weight=1819 913 47 6623 358 42 450 4487 1385 9037 40 64 48 56 52 95 67 87 1689 4682 1790 46 48 96 489 537 44 482 4689 63 63
leaf_count=1819 913 47 6623 358 42 450 4487 1385 9037 40 64 48 56 52 95 67 87 1689 4682 1790 46 48 96 489 537 44 482 4689 63 63
internal_value=-0.00325263 -0.0236534 -0.0715039 -0.227054 -0.770974 -0.166264 -0.0032932 0.0106062 0.0228624 0.0545811 0.730669 -0.0402898 -0.032505 -0.0853741 -0.24145 -0.0295814 0.0305815 0.027807 0.0399201 0.0242832 0.00626899 0.113122 0.474337 0.132415 0.188131 -0.64952 -0.134215 0.0114211 0.053418 -0.435699
internal_weight=40388 25196 7520 897 89 808 17676 15117 13732 9141 104 4591 4543 2559 673 1886 15192 15105 13416 11477 9543 1934 144 1939 1450 139 534 9434 4752 109
internal_count=40388 25196 7520 897 89 808 17676 15117 13732 9141 104 4591 4543 2559 673 1886 15192 15105 13416 11477 9543 1934 144 1939 1450 139 534 9434 4752 109
is_linear=0
shrinkage=0.03


Tree=200
num_leaves=31
num_cat=0
split_feature=7 6 24 6 4 4 5 13 13 15 24 11 2 7 14 14 5 14 13 8 13 16 14 13 14 14 13 1 14 18
split_gain=22484.9 36472.6 82492.2 211824 23117.9 23588.8 41147.2 35275.5 40832.2 46825.4 29899.7 27820 26539.5 22598.4 26618.4 22118.3 23369.6 21702.5 21211 20085.8 28952.9 19896.7 19491.4 19371 22052.9 19556.9 22027.9 21224.1 18634 31712.4
threshold=4.4357638888888902 6.2090308370044065 410.77500000000003 1.8845814977973572 339.50000000000006 110.50000000000001 50154.875000000007 258.71000000000009 150.04000000000005 205.65479166666668 111.24125000000002 75.902500000000018 10.500000000000002 8.1822916666666696 215.80500000000004 438.64000000000004 40343.750000000007 294.89000000000004 20.050000000000004 654.63750000000005 136.33500000000004 4673.1035098204702 266.50500000000005 298.67500000000001 428.82000000000005 348.72500000000008 202.49000000000004 4.5000000000000009 172.18000000000004 1.0000000180025095e-35
decision_type=2 2 10 2 2 2 2 10 10 10 10 10 2 2 10 10 2 10 8 2 10 8 10 10 10 10 10 2 10 2
left_child=-1 2 18 -4 5 10 13 8 9 17 21 -12 -11 19 28 16 -13 22 -2 -7 -21 -3 -8 24 25 26 -20 -27 -15 -30
right_child=1 4 3 -5 -6 6 7 -9 -10 12 11 15 -14 14 -16 -17 -18 -19 23 20 -22 -23 -24 -25 -26 27 -28 -29 29 -31
leaf_value=0.035002030387832839 0.21297609950447904 0.1296140472921477 2.5146035452700368 -0.21356332998722791 -0.15594234706574014 -0.0041015998475945233 0.098583195001904989 0.74045429527178985 -0.26593646357817047 0.23712966697997059 -0.60003805709422608 -0.81146957814693454 1.1391890335275279 -0.14479777424964554 -0.53972276020217957 -0.55613241842332872 -0.096010790891767409 -0.3907061075258858 0.017503601687917147 -0.098606515760412031 -0.71413509574201373 -0.05014963827394299 0.60827084799323761 0.62996383312279769 -0.35479759388453475 0.097715633441928212 -0.49916217093895143 0.69455804993894377 0.89101672102104523 -0.20023303904201625
leaf_weight=11437 579 638 42 63 1227 12061 1953 76 261 57 121 41 61 793 141 105 1946 78 3256 459 80 4173 69 45 142 178 75 76 43 52
leaf_count=11437 579 638 42 63 1227 12061 1953 76 261 57 121 41 61 793 141 105 1946 78 3256 459 80 4173 69 45 142 178 75 76 43 52
internal_value=-0.000599291 -0.0146934 0.06423 0.891131 -0.029088 -0.0223749 -0.00244841 0.108008 0.0883277 0.130116 -0.0682805 -0.159516 0.709103 -0.0231618 -0.15827 -0.133762 -0.111174 0.0972607 0.0440748 -0.0121163 -0.191118 -0.0262887 0.116268 0.0180989 0.0105442 0.0251101 0.00572416 0.278322 -0.097162 0.297837
internal_weight=40328 28891 4456 105 24435 23208 16184 2555 2479 2218 7024 2213 118 13629 1029 2092 1987 2100 4351 12600 539 4811 2022 3772 3727 3585 3331 254 888 95
internal_count=40328 28891 4456 105 24435 23208 16184 2555 2479 2218 7024 2213 118 13629 1029 2092 1987 2100 4351 12600 539 4811 2022 3772 3727 3585 3331 254 888 95
is_linear=0
shrinkage=0.03


Tree=201
num_leaves=31
num_cat=0
split_feature=0 6 24 13 4 4 24 5 15 10 15 13 6 1 0 10 7 13 25 4 25 0 15 6 1 13 13 4 9 25
split_gain=29078.5 28040 51753.2 383724 27226.2 32844.4 39006.2 29986.3 30553.9 26000 22546.7 25891.5 28729.1 22058.4 29760.5 25423 21707.7 23748.1 20775.8 19371.2 19173.5 18528.3 17889.1 17988.1 24539.8 17785.5 19765.3 16750.1 18347 56638.5
threshold=15.500000000000002 10.524669603524233 410.77500000000003 262.4500000000001 122.50000000000001 259.50000000000006 396.99500000000006 43906.250000000007 101.26708333333335 -23.451249999999998 373.12250000000006 3.3500000000000001 18.082819383259924 2.5000000000000004 2.5000000000000004 48.965000000000011 7.2760416666666687 36.805000000000007 82.138958333333349 355.50000000000006 272.38666666666671 22.500000000000004 113.875 27.005726872246697 2.5000000000000004 121.26500000000001 134.72000000000003 2.5000000000000004 113.58500000000002 180.92000000000004
decision_type=2 2 10 10 2 2 10 2 10 10 10 10 2 2 2 10 2 10 10 2 10 2 10 2 2 10 10 2 10 10
left_child=1 2 27 -4 9 13 7 8 -7 -3 11 19 -13 15 -15 -6 -16 -18 -10 -9 -12 22 23 25 -25 -2 -27 -1 29 -29
right_child=21 4 3 -5 5 6 -8 10 18 -11 20 12 -14 14 16 -17 17 -19 -20 -21 -22 -23 -24 24 -26 26 -28 28 -30 -31
leaf_value=-0.34844679367023962 0.0041724209686740451 -0.83975298382665797 3.075984516943373 -0.22266562219629896 -0.030738491706251227 -0.078455017028231308 -0.96265536649430061 0.23187858853564799 -0.99344678512641349 -0.11969486106162701 0.10739346208291894 -0.049481902695296308 -0.44080626554371138 0.10367183611366351 -0.056373959076203808 0.11532498304337059 -0.14452357314913192 -0.86711895303380104 -0.30160476841295997 -0.35140223537461235 0.88786713559960206 -0.057544846449939256 0.10359373825848482 0.36973695632968251 0.027467574236800477 0.9030790978670119 -0.028046845880950369 0.039226860394223281 -0.034172178026612106 0.97322926864785664
leaf_weight=114 7128 45 40 140 1881 923 46 393 41 2489 84 1184 196 1103 4547 2493 122 61 614 58 42 1660 3747 306 489 41 40 6108 4024 58
leaf_count=114 7128 45 40 140 1881 923 46 393 41 2489 84 1184 196 1103 4547 2493 122 61 614 58 42 1660 3747 306 489 41 40 6108 4024 58
internal_value=0.00018604 -0.0178572 0.0204256 0.523312 -0.0424469 -0.0258316 -0.103989 -0.0925466 -0.189806 -0.132808 -0.0140657 -0.0408556 -0.10534 0.00159657 -0.0365912 0.052519 -0.0693144 -0.388792 -0.346359 0.156255 0.372494 0.0362496 0.0495033 0.0241715 0.159508 0.00922671 0.448529 0.0115908 0.0156525 0.0481689
internal_weight=40217 26806 10484 180 16322 13788 3581 3535 1578 2534 1957 1831 1380 10207 5833 4374 4730 183 655 451 126 13411 11751 8004 795 7209 81 10304 10190 6166
internal_count=40217 26806 10484 180 16322 13788 3581 3535 1578 2534 1957 1831 1380 10207 5833 4374 4730 183 655 451 126 13411 11751 8004 795 7209 81 10304 10190 6166
is_linear=0
shrinkage=0.03


Tree=202
num_leaves=31
num_cat=0
split_feature=5 1 6 7 0 0 17 12 8 6 8 15 7 10 6 12 24 24 0 7 6 13 11 15 12 13 13 13 13 13
split_gain=22284.3 23996.6 122922 206263 38489.3 27475.2 22866.7 27625.2 22254.9 21862 25974.3 20186.6 20073 19283.4 19011.1 21579.5 41395.8 20880.5 17970.9 16931.9 16927.9 26474.2 21014.9 17269.5 24620 16100.6 24659.9 17056.2 19555.3 16043.1
threshold=39056.250000000007 1.0000000180025095e-35 0.39052863436123347 4.9670138888888902 5.5000000000000009 20.500000000000004 2363.9040300000011 175.86458333333337 3.3187500000000005 32.259691629955952 206.88750000000002 144.3897916666667 11.432291666666668 -23.451249999999998 20.409030837004412 109.47375000000001 368.47500000000008 190.00500000000002 11.500000000000002 6.9288194444444464 10.943832599118947 60.520000000000003 1.6562500000000002 100.00375000000001 98.998750000000015 6.4800000000000013 -17.154999999999998 93.175000000000026 75.155000000000015 11.983750000000002
decision_type=2 2 2 2 2 2 10 10 2 2 2 8 2 10 2 10 10 10 2 2 2 10 10 10 8 10 10 10 10 10
left_child=8 2 3 -2 11 9 12 13 19 10 25 -4 29 -8 17 -16 -17 -12 -15 -1 -20 23 -23 24 -22 26 -6 28 -27 -3
right_child=1 6 4 -5 5 -7 7 -9 -10 -11 14 -13 -14 18 15 16 -18 -19 20 -21 21 22 -24 -25 -26 27 -28 -29 -30 -31
leaf_value=0.0035205223558559739 -0.014065260194963024 0.067610464032179171 -0.05280922585555195 2.7175842457371098 -0.10647853023646509 -0.082018260870735799 -0.5005518877757601 -0.74844170167165636 -0.15300791470137934 0.7876504640823061 0.0012020115077576265 -0.41174622864443428 -0.23843427135006076 -0.13678563224940937 0.060473701170735104 0.87711842589080335 -0.12844198062306358 -0.39608649156451653 0.14480480043107971 -0.1756549401133283 0.0022357678044692434 -0.83268844217061988 -0.18072950399471946 -0.20355500457079514 0.44193254657741632 0.094626941534360562 0.40593790101714033 0.29258924446030843 -0.42071370551715026 0.0056828684644597499
leaf_weight=4032 61 4697 504 41 101 711 82 50 1434 43 830 195 277 1290 530 89 62 138 560 537 2552 51 316 344 119 634 506 368 73 18959
leaf_count=4032 61 4697 504 41 101 711 82 50 1434 43 830 195 277 1290 530 89 62 138 560 537 2552 51 316 344 119 634 506 368 73 18959
internal_value=0.00335944 0.0127216 0.0742641 1.09967 0.052176 0.0873796 0.00245572 -0.0535226 -0.0499451 0.12309 0.114278 -0.153387 0.0150036 -0.0468445 0.0296383 0.150968 0.466111 -0.0557865 -0.0396393 -0.017572 -0.00782202 -0.0331297 -0.273345 -0.00380857 0.0219835 0.19719 0.320641 0.12725 0.0408973 0.0179812
internal_weight=40186 34183 4886 102 4784 4085 29297 5364 6003 3374 3331 699 23933 5314 1649 681 151 968 5232 4569 3942 3382 367 3015 2671 1682 607 1075 707 23656
internal_count=40186 34183 4886 102 4784 4085 29297 5364 6003 3374 3331 699 23933 5314 1649 681 151 968 5232 4569 3942 3382 367 3015 2671 1682 607 1075 707 23656
is_linear=0
shrinkage=0.03


Tree=203
num_leaves=31
num_cat=0
split_feature=5 4 4 5 6 13 6 12 7 4 24 12 4 10 24 16 10 5 16 9 6 4 6 10 3 15 4 13 13 16
split_gain=23457.5 36255.3 59500.6 392908 29932.5 28972 28946.7 26453.4 24588.6 26975 24800.3 25594.5 22011.5 30478.6 21807.9 20475 21020.1 20317.9 19717.3 19567 19553.4 22110.7 19456.1 20993.3 19425 19087 18950.7 18932.5 25615.3 18864.7
threshold=50802.187500000007 84.500000000000014 94.500000000000014 61853.125000000007 1.0000000180025095e-35 -2.1199999999999997 6.5372246696035257 458.07729166666678 6.383680555555558 110.50000000000001 110.44875000000002 105.58979166666668 348.50000000000006 494.7000000000001 396.99500000000006 8286.8877197121856 53.455000000000005 73006.250000000015 1528.6792452707598 279.52000000000004 26.378193832599123 332.50000000000006 10.308810572687227 380.28000000000003 1.0000000180025095e-35 4.0881250000000007 10.500000000000002 20.050000000000004 10.616250000000003 15452.278173638399
decision_type=2 2 2 2 2 10 2 10 2 2 10 10 2 10 10 8 10 2 10 10 2 2 2 10 2 10 2 10 10 8
left_child=8 5 3 6 -4 -2 -3 22 9 10 11 -1 13 14 17 16 -8 25 -11 -19 21 -16 23 24 26 -6 -7 28 29 -14
right_child=1 2 4 -5 12 7 15 -9 -10 18 -12 -13 27 -15 20 -17 -18 19 -20 -21 -22 -23 -24 -25 -26 -27 -28 -29 -30 -31
leaf_value=-0.10040210890250664 0.73020000682232233 0.61186541670933359 -0.41190131374069899 3.2022210672497748 0.7271338907465702 0.14377852463448257 0.8863286354144414 -0.76773946557726169 -0.067479398370808005 0.034454112121896509 -0.31764437792523037 0.29250945544173551 0.26281098682601967 0.66591742826832656 -0.72587535586726815 -0.088810483379529251 0.074793040752410889 0.89155127048492433 -0.037719058831145305 0.15025395468443256 0.36174288482167 -0.050811602184266759 -0.10829917939095506 0.66980487809624778 -0.60955543834230175 0.077132316429355557 -0.0098436843946117202 -0.11669328378557758 0.54939807151303144 -0.25537340880297926
leaf_weight=1126 46 99 121 40 40 823 44 41 6307 11532 403 171 115 80 78 302 80 54 4834 78 42 98 1564 42 45 5123 5878 966 98 138
leaf_count=1126 46 99 121 40 40 823 44 41 6307 11532 403 171 115 80 78 302 80 54 4834 78 42 98 1564 42 45 5123 5878 966 98 138
internal_value=0.00205321 0.0302326 0.0777754 0.373694 0.0539461 -0.0125651 0.152509 -0.0167225 -0.0164865 0.0013183 -0.112387 -0.0484141 0.0621619 0.0881415 0.0796381 0.0445748 0.367544 0.0917568 0.0131354 0.457935 -0.213788 -0.352398 -0.0129443 0.00903882 0.00482628 0.082308 0.00904245 -0.0481509 0.140283 -0.0197277
internal_weight=40408 16035 7596 565 7031 8439 525 8393 24373 18066 1700 1297 6910 5593 5513 426 124 5295 16366 132 218 176 8352 6788 6746 5163 6701 1317 351 253
internal_count=40408 16035 7596 565 7031 8439 525 8393 24373 18066 1700 1297 6910 5593 5513 426 124 5295 16366 132 218 176 8352 6788 6746 5163 6701 1317 351 253
is_linear=0
shrinkage=0.03


Tree=204
num_leaves=31
num_cat=0
split_feature=0 14 6 25 4 11 15 14 15 4 25 13 6 4 4 18 7 7 18 0 9 13 4 10 15 4 6 10 25 5
split_gain=22036.1 22717.6 245493 68231 43935.3 29218.8 27032.6 43723.2 31199.3 26635 26008.4 32381.8 30001.2 42223.9 28864.9 33128.4 23051.1 21091.8 20016.1 60907.7 20526.5 35826.6 20491.8 20350.5 18848.3 21009.4 26255.8 23858.9 18529.7 18435.6
threshold=14.500000000000002 463.79500000000007 0.39052863436123347 384.48208333333338 180.50000000000003 465.51500000000004 477.00062500000007 560.49500000000012 406.63729166666673 254.50000000000003 277.52729166666671 351.34500000000008 9.7850220264317205 272.50000000000006 253.50000000000003 1.0000000180025095e-35 4.6545138888888902 3.0607638888888897 1.0000000180025095e-35 5.5000000000000009 92.705000000000013 60.520000000000003 361.50000000000006 -7.7899999999999991 4.0881250000000007 136.50000000000003 10.00286343612335 279.11000000000007 32.143125000000005 57956.250000000007
decision_type=2 10 2 10 2 10 10 10 10 2 10 10 2 2 2 2 2 2 2 2 10 10 2 10 8 2 2 10 8 2
left_child=1 3 -3 5 -4 18 8 -8 10 -10 -6 12 -12 14 15 -14 -9 -2 22 -20 23 -22 24 -21 -1 26 -26 -27 29 -19
right_child=17 2 4 -5 6 -7 7 16 9 -11 11 -13 13 -15 -16 -17 -18 28 19 20 21 -23 -24 -25 25 27 -28 -29 -30 -31
leaf_value=0.48126863324376812 0.20485465615128096 2.3101887688311664 -0.54967936587623423 -0.69390132463153664 0.6405611384684039 0.58341343608374396 -0.87491360318660727 -0.21249049776175924 0.88699967984314798 0.18196730946855885 0.23731058738509514 0.57713313775828912 -0.036285844859323999 -1.1205574584938585 0.4366421766116701 -1.0192160703241824 0.37958196016252038 0.085553318081486418 0.04273394272157538 -0.73574843520564681 -0.47680442038964438 -0.14280435548252929 -0.32983838351149308 -0.070153229502379885 -0.00012121785211119354 0.02044086083200056 -0.12659672793894949 0.38331199900931623 0.0077258262233992009 0.50578527846232513
leaf_weight=72 584 43 107 135 61 71 59 144 90 104 132 69 94 47 57 45 99 1868 2986 41 363 1412 170 2701 4361 9272 2233 165 12569 98
leaf_count=72 584 43 107 135 61 71 59 144 90 104 132 69 94 47 57 45 99 1868 2986 41 363 1412 170 2701 4361 9272 2233 165 12569 98
internal_value=-0.000382158 -0.017598 0.112537 -0.0238482 0.0252428 -0.020026 0.0871852 -0.149663 0.189582 0.511916 0.0649878 -0.0153505 -0.125612 -0.322921 -0.126933 -0.359508 0.0292913 0.0282358 -0.0218525 -0.0623865 -0.131871 -0.21134 -0.00316073 -0.0803702 0.000308288 -0.00188173 -0.0429637 0.0268254 0.0211259 0.106747
internal_weight=40252 25133 1151 23982 1108 23847 1001 302 699 194 505 444 375 243 196 139 243 15119 23776 7503 4517 1775 16273 2742 16103 16031 6594 9437 14535 1966
internal_count=40252 25133 1151 23982 1108 23847 1001 302 699 194 505 444 375 243 196 139 243 15119 23776 7503 4517 1775 16273 2742 16103 16031 6594 9437 14535 1966
is_linear=0
shrinkage=0.03


Tree=205
num_leaves=31
num_cat=0
split_feature=0 8 5 7 0 7 11 24 12 2 15 5 0 13 11 15 13 25 15 4 8 25 13 4 13 13 24 15 12 6
split_gain=22187.1 22106.8 35515.4 21475.9 18449.3 20087.8 24875.9 33286.4 23298.3 22718.2 21053.4 16002.4 27622.9 24220.8 19746.6 19614.9 37662.4 19530.1 16993.1 18802.1 29929 15562.9 15004.8 14478.3 27563.7 22430.7 13818.4 19341 13482.3 12392.7
threshold=14.500000000000002 739.8375000000002 41706.250000000007 3.0607638888888897 1.0000000180025095e-35 4.3767361111111134 570.0150000000001 396.99500000000006 343.15729166666671 5.5000000000000009 513.26479166666684 48206.250000000007 20.500000000000004 272.55000000000007 367.71000000000009 383.62437500000004 345.17000000000002 40.963854166666671 406.63729166666673 222.50000000000003 7.3812500000000005 12.43125 329.49500000000006 349.50000000000006 20.050000000000004 3.8962500000000007 447.81000000000006 383.62437500000004 373.12250000000006 16.593171806167408
decision_type=2 2 2 2 2 2 10 10 10 2 10 2 2 10 10 10 10 8 10 2 2 10 10 2 10 10 10 10 10 2
left_child=1 4 -3 -2 28 -6 7 22 -9 -10 29 15 13 17 -15 16 21 -13 -17 -20 -21 -5 23 -7 25 -25 27 -19 -1 -11
right_child=3 2 -4 11 5 6 -8 8 9 10 -12 12 -14 14 -16 18 -18 26 19 20 -22 -23 -24 24 -26 -27 -28 -29 -30 -31
leaf_value=0.062624616456294524 0.20594262277339484 -0.92807530138109406 -0.12752046120340949 0.18232429962705851 0.018599351832059765 -0.034297206414612667 0.59487349191849881 -0.87314340758708209 -0.86633953972560607 -0.20663551424558346 -0.65924535988733857 0.25363457033612641 -0.038445188118957217 0.95045504368841649 0.23909288671963355 -0.67452977179591334 0.77174898792590407 0.053489055218313347 -0.58192880201339725 -0.40219464044570918 0.41134027856119559 -0.020033209212589081 0.37169815718382593 -0.20200710528708518 -0.35164850415130483 0.35733552635592569 -0.38220943446038291 0.53632298815591062 0.50022828331047831 0.31566230697687281
leaf_weight=1607 571 55 461 360 7119 14795 54 61 40 77 45 497 2230 47 135 66 55 4309 59 74 88 6517 79 140 360 118 63 75 65 85
leaf_count=1607 571 55 461 360 7119 14795 54 61 40 77 45 497 2230 47 135 66 55 4309 59 74 88 6517 79 140 360 118 63 75 65 85
internal_value=-0.00306385 -0.0203325 -0.214481 0.0256229 -0.0162591 -0.0232626 -0.0420601 -0.0442745 -0.352591 -0.221032 -0.0927687 0.0185449 0.0496825 0.0880214 0.426986 -0.0131861 -0.0031068 0.0754595 -0.25578 -0.128248 0.039538 -0.00941515 -0.0381224 -0.040247 -0.182399 0.0542082 0.0554939 0.0618696 0.0799256 0.067665
internal_weight=40307 25161 516 15146 24645 22973 15854 15800 308 247 207 14575 7356 5126 182 7219 6932 4944 287 221 162 6877 15492 15413 618 258 4447 4384 1672 162
internal_count=40307 25161 516 15146 24645 22973 15854 15800 308 247 207 14575 7356 5126 182 7219 6932 4944 287 221 162 6877 15492 15413 618 258 4447 4384 1672 162
is_linear=0
shrinkage=0.03


Tree=206
num_leaves=31
num_cat=0
split_feature=6 25 8 5 25 14 13 4 25 10 6 13 7 7 7 15 25 12 14 14 15 12 15 15 4 7 4 4 2 13
split_gain=23633.7 29813.4 25329.9 29672.5 20665.8 32832 48839.9 45344.9 43337.1 35427.4 28582.8 25488.6 25381.5 23765.4 78200 28868.6 24445.5 48034.8 28590.2 25096.6 23748.6 25927.5 23187.1 22032.5 21817.9 25279.1 23198 21330.3 23114.8 20830.7
threshold=30.33392070484582 373.22166666666675 772.06250000000011 41552.062500000007 32.143125000000005 147.17500000000004 33.81750000000001 268.50000000000006 157.58687500000002 79.996250000000018 5.5189427312775337 -0.50499999999999989 7.2760416666666687 5.5121527777777795 5.4913194444444473 36.013958333333342 444.56375000000008 417.90270833333335 577.68000000000018 470.46000000000004 159.81479166666671 92.705625000000012 4.0881250000000007 458.07729166666678 260.50000000000006 4.4531250000000009 248.50000000000003 220.50000000000003 9.5000000000000018 57.105000000000011
decision_type=2 10 2 2 8 8 8 2 10 8 2 10 2 2 2 10 10 10 10 10 10 10 8 10 2 2 2 2 2 10
left_child=2 -2 4 -4 -1 8 7 10 11 12 -7 -6 29 14 -11 -15 17 19 -18 -17 22 -22 -13 -20 26 -26 -12 -21 -29 -8
right_child=1 -3 3 -5 5 6 9 -9 -10 13 24 20 -14 15 -16 16 18 -19 23 27 21 -23 -24 -25 25 -27 -28 28 -30 -31
leaf_value=0.057075055447447738 0.12347496813046137 0.88781279454231266 -0.79847015752740524 -0.12102234048253678 -0.15224715347339968 0.75648999996875466 0.12258857418794698 0.47659958551186676 -0.84563816149355997 0.04788228016605648 0.075146196901855727 0.49479805102831204 -0.57533627321080461 0.73781601332805369 1.3312395128278538 -0.017865404310152117 -0.81270539712261503 0.61926826543532887 -0.35095183405611247 -0.89777879964636298 -0.13053211764149042 -1.0262178676627403 -0.020361285649405453 0.29622817296075493 -0.644245894310566 0.16162685992196202 0.57749336378041949 0.15608260622417386 -0.53813887090192125 -0.21224651999406074
leaf_weight=5185 572 49 68 375 1445 56 238 352 58 6906 1184 78 122 43 42 4872 73 103 134 48 91 42 16986 72 77 63 88 87 84 557
leaf_count=5185 572 49 68 375 1445 56 238 352 58 6906 1184 78 122 43 42 4872 73 103 134 48 91 42 16986 72 77 63 88 87 84 557
internal_value=0.00163005 0.185115 -0.00125711 -0.226574 0.00130236 -0.00722925 0.0255151 0.171278 -0.0338467 0.00567799 0.0977931 -0.0312758 -0.174184 0.0189237 0.0558305 -0.0275661 -0.0337132 -0.0189898 -0.306764 -0.032022 -0.0211027 -0.418928 -0.0179776 -0.124415 0.0711522 -0.283029 0.110326 -0.345444 -0.186085 -0.111979
internal_weight=40150 621 39529 443 39086 33901 15201 1820 18700 13381 1468 18642 917 12464 6948 5516 5473 5194 279 5091 17197 133 17064 206 1412 140 1272 219 171 795
internal_count=40150 621 39529 443 39086 33901 15201 1820 18700 13381 1468 18642 917 12464 6948 5516 5473 5194 279 5091 17197 133 17064 206 1412 140 1272 219 171 795
is_linear=0
shrinkage=0.03


Tree=207
num_leaves=31
num_cat=0
split_feature=7 1 10 15 6 4 13 16 4 13 15 11 16 24 13 13 4 4 4 13 4 6 10 13 4 5 15 14 4 15
split_gain=22450.5 19498.9 35888.6 30643.3 18591.1 27018.2 26994.9 18917.2 18610.9 20096.4 37857.6 18245.7 17560.9 22705.9 17321.5 16762.5 34874.2 35114.8 30576 59960.3 41830.6 37559.7 36586.2 29565.5 29223.8 27837.5 22899.1 38161 38151.7 24735.6
threshold=4.4357638888888902 2.5000000000000004 447.30500000000006 417.90270833333335 6.2090308370044065 339.50000000000006 20.050000000000004 16860.699280851204 311.50000000000006 151.20500000000004 207.81663043478264 189.29000000000005 2143.0817376805485 153.90500000000003 119.48000000000002 11.023750000000001 10.500000000000002 222.50000000000003 259.50000000000006 190.41000000000005 267.50000000000006 18.801982378854635 82.173750000000013 16.260000000000002 4.5000000000000009 44801.437500000007 214.00083333333336 232.05000000000004 273.50000000000006 166.03687500000004
decision_type=2 2 10 10 2 2 8 10 2 10 10 10 10 10 10 8 2 2 2 10 2 2 10 10 2 2 10 10 2 10
left_child=1 2 3 11 6 7 -2 8 15 10 14 -1 -3 -14 -10 16 -6 -18 23 21 -21 26 -23 -17 -25 -19 29 -28 -29 -20
right_child=4 12 -4 -5 5 -7 -8 -9 9 -11 -12 -13 13 -15 -16 18 17 25 19 20 -22 22 -24 24 -26 -27 27 28 -30 -31
leaf_value=0.050666159980697859 0.2250074624884843 0.013791101312932017 0.67167376028498005 -0.51534357395488772 0.41417753260200085 -0.16710583344844945 0.0096817856807987161 -0.36324483609447877 0.058483524015674727 -0.23081473055295645 0.86816970754477929 0.21135578791792259 -0.10778892766452798 -0.84139541810605578 0.49785490841701113 -0.25823933926499953 -0.040189599139176066 0.0055971236619284971 -0.040792647727856478 0.05180004117100738 -1.0735592573866395 -1.093965450949588 -0.25232551980813339 -0.55323270661632218 -0.010210159809790082 0.2106936312459512 0.94135046061347516 0.5117809123492667 -0.32327644258988003 -0.34353337123101907
leaf_weight=3904 606 6029 89 79 184 1188 3833 143 1132 159 58 759 522 40 86 470 6161 1373 1243 42 100 58 224 89 9989 1051 50 83 118 301
leaf_count=3904 606 6029 89 79 184 1188 3833 143 1132 159 58 759 522 40 86 470 6161 1373 1243 42 100 58 224 89 9989 1051 50 83 118 301
internal_value=-0.00318757 0.0323903 0.0781674 0.0668889 -0.0173273 -0.0276394 0.0391215 -0.0204642 -0.0183146 0.0862583 0.125918 0.0768614 -0.00116967 -0.161405 0.0898894 -0.0252863 0.00664934 -0.00213233 -0.04722 -0.148416 -0.742672 -0.10745 -0.428683 -0.0259192 -0.0150601 0.0945733 -0.0567731 0.208447 0.0223748 -0.0999956
internal_weight=40163 11422 4831 4742 28741 24302 4439 23114 22971 1435 1276 4663 6591 562 1218 21536 8769 8585 12767 2219 142 2077 282 10548 10078 2424 1795 251 201 1544
internal_count=40163 11422 4831 4742 28741 24302 4439 23114 22971 1435 1276 4663 6591 562 1218 21536 8769 8585 12767 2219 142 2077 282 10548 10078 2424 1795 251 201 1544
is_linear=0
shrinkage=0.03


Tree=208
num_leaves=31
num_cat=0
split_feature=6 8 4 23 17 4 5 13 4 14 13 4 15 1 6 6 14 25 4 7 25 13 14 25 14 25 15 15 14 13
split_gain=25048.3 29805.2 28383 35690 19734.7 19991.7 21638.8 30290.8 25423.7 33570.8 32811.8 31191.7 31398.8 30762.7 27256.7 61840.3 25404.1 24412.3 22086.7 22280.3 25831.7 37627.8 21922.1 48883.2 43660.4 29607.6 40088.5 35626.1 23611.4 20652.7
threshold=31.153744493392079 739.8375000000002 126.50000000000001 1.5000000000000002 1754.8409150000002 348.50000000000006 37593.750000000007 11.023750000000001 50.500000000000007 356.3300000000001 96.867500000000021 64.500000000000014 154.14432291666671 2.5000000000000004 -0.55132158590308367 0.92334801762114538 133.09 38.983541666666675 342.50000000000006 5.1197916666666687 444.56375000000008 329.49500000000006 243.49875000000003 208.25750000000005 283.66500000000002 162.53015625000003 186.33395833333336 146.06291666666667 227.77750000000003 130.76000000000002
decision_type=2 2 2 2 10 2 2 8 2 10 10 2 10 2 2 2 10 8 2 2 10 10 10 10 10 10 10 10 10 10
left_child=1 4 3 -3 5 6 -1 16 9 17 22 12 -12 -14 -13 -16 -8 -9 19 -17 21 29 25 24 -24 26 27 -10 -29 -21
right_child=-2 2 -4 -5 -6 -7 7 8 10 -11 11 14 13 -15 15 18 -18 -19 -20 20 -22 -23 23 -25 -26 -27 -28 28 -30 -31
leaf_value=-0.04759632861114562 0.21918714841554876 -0.098352984117174677 -0.12344126463806337 -1.3303772613619056 -0.044594542739529279 -0.093880885523974458 0.057108330141516471 0.29442296416956831 -0.0014105213017275638 -0.78882086081938307 0.15382502295508069 -0.68970461410145423 0.16663041636852896 1.0750400830750113 1.2154756006172727 0.11161610638317961 0.21603632875315215 -0.05742854624284801 0.36064790501557992 0.1241098384459873 -0.30474549527889416 0.74279909111204601 0.26092248389927236 -0.22186078959336017 1.2346846457584848 -0.32869829713618348 0.55821086440900614 -0.41188557423803268 0.33499791343103758 -0.056893049168618773
leaf_weight=4006 470 43 622 41 6620 1522 4837 184 8992 54 310 42 58 80 41 2647 1113 4370 211 832 242 62 194 145 52 262 111 293 43 1778
leaf_count=4006 470 43 622 41 6620 1522 4837 184 8992 54 310 42 58 80 41 2647 1113 4370 211 832 242 62 194 145 52 262 111 293 43 1778
internal_value=0.00169372 -0.000879665 -0.193928 -0.708275 0.00261085 0.0122329 0.0174525 0.0271221 0.010193 -0.0520584 0.0276916 0.0813884 0.322381 0.69719 0.0628968 0.0684521 0.0868685 -0.0431508 0.0600954 0.0486288 -0.00860585 0.0183192 -0.00584968 0.214098 0.470924 -0.0147359 -0.00598725 -0.0127601 -0.315592 0.000831391
internal_weight=40277 39807 706 84 39101 32481 30959 26953 21003 4608 16395 6303 448 138 5855 5813 5950 4554 5772 5561 2914 2672 10092 391 246 9701 9439 9328 336 2610
internal_count=40277 39807 706 84 39101 32481 30959 26953 21003 4608 16395 6303 448 138 5855 5813 5950 4554 5772 5561 2914 2672 10092 391 246 9701 9439 9328 336 2610
is_linear=0
shrinkage=0.03


Tree=209
num_leaves=31
num_cat=0
split_feature=1 6 7 0 0 0 0 24 1 14 15 15 25 6 8 8 12 8 5 11 4 14 25 1 25 14 25 14 4 12
split_gain=24380.4 104185 232413 57517.1 28250.6 27069 27690.6 26248.4 21655.1 21508.7 38687.3 35298 31293.3 30555.6 23808.8 20130.3 28847.3 19088.7 40023.3 17461.6 20539.1 17336.6 35151.7 36929.9 16581 15534.2 29071 21029.1 15656.3 41424
threshold=1.0000000180025095e-35 0.39052863436123347 5.1406250000000027 4.5000000000000009 20.500000000000004 1.5000000000000002 14.500000000000002 211.94500000000002 5.5000000000000009 144.92000000000004 159.81479166666671 142.67291666666668 142.42932291666671 20.72268722466961 254.21875000000003 363.69375000000008 302.37062500000008 739.8375000000002 41706.250000000007 145.54500000000004 98.500000000000014 735.36000000000001 461.83645833333338 2.5000000000000004 119.63979166666668 36.056250000000013 40.351041666666674 104.10250000000001 231.50000000000003 25.359479166666667
decision_type=2 2 2 2 2 2 2 10 2 10 10 10 10 2 2 2 10 2 2 10 2 10 10 2 8 10 8 10 2 10
left_child=1 2 -1 7 9 -2 17 -3 21 10 19 12 24 14 -13 16 -10 -7 -19 25 -21 22 -8 -24 -11 -5 27 -27 29 -28
right_child=5 3 -4 4 -6 6 8 -9 15 11 -12 13 -14 -15 -16 -17 -18 18 -20 20 -22 -23 23 -25 -26 26 28 -29 -30 -31
leaf_value=-0.15400734343699046 0.078024537172141806 -0.099350206549494571 2.7549469189890998 -0.28016803862260919 -0.082848744417143808 -0.036476633353698329 0.0013924308784439847 -0.57816261015305492 0.12551939477520999 0.45081524071614604 -0.66513424766640505 0.15123649713366302 0.88239925168088218 0.50746002562112724 -0.25279144838452339 -0.068174245232992869 0.72800553989410388 -1.0342868646740915 -0.13396354906647293 0.80269435968765845 -0.047411302827125371 0.41095174698957376 0.0099028408527374271 -0.95756020906105843 -0.1748767924840961 0.20688100515845181 -0.39147740467915082 0.7227986436675895 0.16532533180089065 0.059382815438074561
leaf_weight=62 2886 1081 40 104 717 18293 10628 113 1573 120 61 484 121 156 179 477 74 49 404 64 42 90 71 70 55 379 222 87 602 1032
leaf_count=62 2886 1081 40 104 717 18293 10628 113 1573 120 61 484 121 156 179 477 74 49 404 64 42 90 71 70 55 379 222 87 602 1032
internal_value=-0.000441101 0.0569241 1.00243 0.0395853 0.0894435 -0.00992352 -0.0179253 -0.145111 0.0157504 0.122772 0.0753414 0.232909 0.513159 0.13112 0.0419386 0.103332 0.153015 -0.0412478 -0.233413 0.0934363 0.468565 -0.00138831 -0.0048722 -0.473759 0.254293 0.0768593 0.0929639 0.304542 0.0397061 -0.0206829
internal_weight=40336 5721 102 5619 4425 34615 31729 1194 12983 3708 2593 1115 296 819 663 2124 1647 18746 453 2532 106 10859 10769 141 175 2426 2322 466 1856 1254
internal_count=40336 5721 102 5619 4425 34615 31729 1194 12983 3708 2593 1115 296 819 663 2124 1647 18746 453 2532 106 10859 10769 141 175 2426 2322 466 1856 1254
is_linear=0
shrinkage=0.03


Tree=210
num_leaves=31
num_cat=0
split_feature=17 12 16 25 14 13 9 15 14 4 4 15 7 4 7 13 10 13 25 4 23 4 15 23 15 25 24 8 14 4
split_gain=21214.1 34694.6 19989.6 19868.6 29217.2 64545.1 44865.1 41804.7 27573.5 26206.4 42650.5 37501.7 33315.5 32227.9 46366.6 38645 36710.6 33270.8 33569.6 31391.4 35445.1 26866.7 25914.2 47487.6 25256.2 26838.7 48588.4 125543 26870.7 39323.4
threshold=1754.8409150000002 175.86458333333337 38.104787521392332 32.143125000000005 147.17500000000004 33.81750000000001 117.12875000000001 159.81479166666671 173.73500000000004 259.50000000000006 50.500000000000007 134.48708333333335 7.0225694444444473 293.50000000000006 5.4913194444444473 60.520000000000003 410.50500000000005 190.41000000000005 125.06359375000001 289.50000000000006 2.5000000000000004 14.500000000000002 315.7247916666667 2.5000000000000004 103.74354166666667 444.56375000000008 466.00500000000005 132.24375000000003 640.34000000000003 242.50000000000003
decision_type=10 10 8 8 8 8 10 10 10 2 2 10 2 2 2 10 10 10 10 2 2 2 10 2 10 10 10 2 10 2
left_child=3 2 -2 -1 7 6 8 -5 -6 10 11 12 -7 14 15 -11 -17 18 -16 20 -20 -14 -15 -24 -12 26 -26 -28 -27 -30
right_child=1 -3 -4 4 5 9 -8 -9 -10 13 24 -13 21 22 17 16 -18 -19 19 -21 -22 -23 23 -25 25 28 27 -29 29 -31
leaf_value=0.081766109482733343 0.3486819901961391 -0.81632356868340417 -0.04500158786947598 -0.018588481726616968 0.28851132672581004 0.21623721108055083 0.084444292018816064 -0.50301138258642619 0.73720422921368944 0.6976601412403397 -0.053934714054897984 -0.15156809938789623 -0.61874632969331211 0.052411162328830252 -0.78793222194294565 -0.11880484737968923 0.72825407098750672 -0.9045554594163383 0.24619923155031984 -0.56456028696354921 -0.36556566762763099 0.19606160601300576 -0.0037337789476170375 -0.66708438367318756 0.13065065906276355 -0.30239423886218686 2.0397037828550104 -0.31578993558883667 0.19613292115597197 -0.52272856555243097
leaf_weight=3327 117 51 7164 15586 358 572 722 161 189 63 934 1479 88 2569 91 765 48 83 200 126 147 61 353 133 4223 251 40 40 415 81
leaf_count=3327 117 51 7164 15586 358 572 722 161 189 63 934 1479 88 2569 91 765 48 83 200 126 147 61 353 133 4223 251 40 40 415 81
internal_value=0.00202011 -0.0441485 -0.0386284 0.0122464 0.00447672 0.0359563 0.239919 -0.0235729 0.444607 0.0156579 0.0478088 -0.0651202 0.112176 -0.0418156 -0.154501 -0.0121663 -0.0679608 -0.346897 -0.263375 -0.161006 -0.0132692 -0.286084 0.0143932 -0.186265 0.0893307 0.115833 0.144644 0.872598 -0.0501013 0.0779226
internal_weight=40437 7332 7281 33105 29778 14031 1269 15747 547 12762 8184 2200 721 4578 1523 876 813 647 564 473 347 149 3055 486 5984 5050 4303 80 747 496
internal_count=40437 7332 7281 33105 29778 14031 1269 15747 547 12762 8184 2200 721 4578 1523 876 813 647 564 473 347 149 3055 486 5984 5050 4303 80 747 496
is_linear=0
shrinkage=0.03


Tree=211
num_leaves=31
num_cat=0
split_feature=0 14 6 25 4 15 4 6 14 14 12 14 4 12 1 10 0 1 25 14 14 4 4 11 24 7 6 10 25 14
split_gain=20763 21892.6 221693 48093.6 43875.2 33739.9 49983.3 62422.4 27535.7 27039.9 54751.4 26865.3 31967.8 25811.2 21369.3 31026.9 24076.2 32252.1 30575.4 53053.5 20115.8 26410.8 25983.1 20085.7 20067 18945.2 20927.9 18676.5 18544.3 21182.2
threshold=14.500000000000002 463.79500000000007 0.39052863436123347 384.48208333333338 223.50000000000003 513.26479166666684 272.50000000000006 11.702422907488989 508.52000000000004 602.50000000000011 513.26479166666684 693.2650000000001 211.50000000000003 383.62437500000004 5.5000000000000009 311.23000000000008 20.500000000000004 3.5000000000000004 302.37062500000008 398.82500000000005 640.34000000000003 237.50000000000003 232.50000000000003 494.55500000000006 427.87500000000006 3.6475694444444451 14.953744493392072 82.173750000000013 246.2154166666667 294.89000000000004
decision_type=2 10 2 10 2 10 2 2 10 10 10 10 2 10 2 10 2 2 10 10 10 2 2 10 10 2 2 10 10 10
left_child=1 3 -3 23 11 6 8 -8 -6 -7 -11 12 13 -4 16 27 17 18 19 25 22 -22 -10 -1 -19 -2 28 -16 29 -27
right_child=14 2 4 -5 5 9 7 -9 20 10 -12 -13 -14 -15 15 -17 -18 24 -20 -21 21 -23 -24 -25 -26 26 -28 -29 -30 -31
leaf_value=-0.019479916664467085 0.24437793341925759 2.1522876392499257 -0.3081851791374145 -0.59893293783068646 1.0719929459787185 -0.85752822160720821 0.18257672685487517 -1.049644393641898 0.69890026863325727 0.92284246495791833 -0.35704626484299606 -0.81053501167893405 -0.53770872120878532 0.33666257211991718 -0.029859881873311588 0.5439588181622379 -0.042547176107727638 -0.023683591071058593 0.33292995712017437 -0.82152718627452848 0.22231215039889016 1.1024741680199099 -0.091062716548725706 0.53473971441640689 -0.46276051612858915 0.11930751263133402 -0.00097094721372101322 0.1580214613334171 0.50877302320467099 -0.55381678443835225
leaf_weight=23729 537 45 92 128 61 41 173 46 54 41 105 59 111 139 768 142 4348 2742 414 59 62 61 117 58 96 2009 2591 1251 107 42
leaf_count=23729 537 45 92 128 61 41 173 46 54 41 105 59 111 139 768 142 4348 2742 414 59 62 61 117 58 96 2009 2591 1251 107 42
internal_value=0.00176614 -0.0149465 0.10966 -0.0212398 0.028774 0.16253 0.276438 -0.0798406 0.495834 -0.186722 0.00620734 -0.224836 -0.121725 0.0796187 0.0295593 0.116867 0.0149764 0.044071 0.0848567 0.0655833 0.373062 0.664186 0.161012 -0.0181061 -0.0386939 0.0756384 0.0565105 0.0865746 0.125494 0.10526
internal_weight=40228 25122 1207 23915 1162 761 574 219 355 187 146 401 342 231 15106 2161 12945 8597 5759 5345 294 123 171 23787 2838 5286 4749 2019 2158 2051
internal_count=40228 25122 1207 23915 1162 761 574 219 355 187 146 401 342 231 15106 2161 12945 8597 5759 5345 294 123 171 23787 2838 5286 4749 2019 2158 2051
is_linear=0
shrinkage=0.03


Tree=212
num_leaves=31
num_cat=0
split_feature=0 18 0 25 13 0 8 23 6 4 4 13 25 14 15 15 7 16 25 4 9 12 9 24 6 4 24 6 14 6
split_gain=20300.1 21174.5 65479.9 27323.4 27645.4 25747.2 38133.3 27089.6 58317.3 21843.6 21183.7 20010.7 33018.4 18777.6 29427.2 16986.5 16858.6 16617.9 16404.4 16174.6 16153.5 18261.7 17394.9 15872.1 15990.4 16029.6 17060.8 15751 15483.9 15059.1
threshold=14.500000000000002 1.0000000180025095e-35 5.5000000000000009 80.14562500000001 59.305000000000007 5.5000000000000009 184.20625000000004 2.5000000000000004 0.39052863436123347 220.50000000000003 337.50000000000006 351.34500000000008 365.13833333333338 227.77750000000003 188.36187500000003 443.54708333333343 3.017361111111112 3082.2234814077437 115.51354166666668 361.50000000000006 97.63000000000001 78.507343750000004 -23.451249999999998 396.99500000000006 14.334140969162998 270.50000000000006 98.835000000000022 16.934361233480178 102.74500000000002 11.789427312775333
decision_type=2 2 2 10 10 2 2 2 2 2 2 10 10 10 10 10 2 10 10 2 10 10 8 8 2 2 10 2 10 2
left_child=1 5 13 20 29 23 7 9 -9 -7 28 12 -6 14 -3 19 -2 -8 -19 -11 22 -22 -4 24 -1 -26 -27 -17 -10 -5
right_child=16 2 3 4 11 6 17 8 10 15 -12 -13 -14 -15 -16 27 -18 18 -20 -21 21 -23 -24 -25 25 26 -28 -29 -30 -31
leaf_value=-0.07248906101600662 0.19096980278562997 0.027703716509896465 -0.63996836135553758 -0.22011980743598691 -0.1409335932876381 -0.0086761978167501797 -0.0047116235327515294 1.2615219436067602 0.081494644905769853 0.1260012178278245 -0.20243511777798662 0.46928737505276996 -0.82896185251799492 0.20759113237083068 -0.70017520322519189 0.91812093071315592 0.019503549749433188 -0.0980657639797783 -0.48248187839984891 -0.32431274421215056 -0.81852277354399361 -0.17529104138703216 -0.031090315906940551 -0.39404288326139036 0.045598463553827989 -0.028662885208725928 -0.6174339039947675 0.12100610744953154 0.32306367137356773 -0.57110527446621473
leaf_weight=4448 534 2521 42 193 1311 2447 4080 45 426 1706 121 44 65 541 50 45 14601 769 114 74 44 349 2367 114 2247 124 68 44 545 261
leaf_count=4448 534 2521 42 193 1311 2447 4080 45 426 1706 121 44 65 541 50 45 14601 769 114 74 44 349 2367 114 2247 124 68 44 545 261
internal_value=-0.00189689 -0.0183878 -0.0595048 -0.130459 -0.21911 3.57952e-08 0.029903 0.0846579 0.214872 0.0503127 0.170626 -0.153764 -0.174013 0.0471167 0.0132814 0.127508 0.0255655 -0.0302627 -0.148186 0.107109 -0.0711116 -0.249201 -0.041967 -0.0444872 -0.0386446 0.0230818 -0.239305 0.529765 0.217275 -0.42271
internal_weight=40340 25205 7788 4676 1874 17417 10416 5453 1137 4316 1092 1420 1376 3112 2571 1869 15135 4963 883 1780 2802 393 2409 7001 6887 2439 192 89 971 454
internal_count=40340 25205 7788 4676 1874 17417 10416 5453 1137 4316 1092 1420 1376 3112 2571 1869 15135 4963 883 1780 2802 393 2409 7001 6887 2439 192 89 971 454
is_linear=0
shrinkage=0.03


Tree=213
num_leaves=31
num_cat=0
split_feature=8 16 25 5 14 6 11 25 12 7 4 4 4 14 9 14 1 25 11 9 12 4 5 7 17 4 12 1 4 14
split_gain=23639.7 25777.4 21279.8 22802.1 25144.5 20270.7 19755.8 19354.8 28852.8 32336.6 23041.3 45163.4 34201.7 18021.3 24372.4 38299.2 21406.2 18386.8 17045.7 30007.1 17908.8 17011.5 21231.1 16729.4 16030.8 16603.2 16043.1 16921.3 15892.5 22880.1
threshold=363.69375000000008 10368.122739129029 124.22145833333335 64601.437500000007 84.00500000000001 31.153744493392079 644.96000000000015 444.56375000000008 417.90270833333335 4.9670138888888902 242.50000000000003 237.50000000000003 347.50000000000006 47.195 29.085000000000004 130.01000000000002 2.5000000000000004 20.943177083333335 494.55500000000006 466.00500000000005 225.56291666666667 100.50000000000001 49506.250000000007 5.5538194444444455 15717.936815000003 257.50000000000006 79.905000000000015 5.5000000000000009 348.50000000000006 463.79500000000007
decision_type=2 10 10 2 10 2 10 8 10 2 2 2 2 10 10 10 2 10 10 10 10 2 2 2 10 2 10 2 2 10
left_child=1 6 3 4 -3 24 7 8 13 -10 11 -9 -12 17 15 -15 -17 21 19 28 -20 -1 -23 -22 25 -2 -27 -28 29 -16
right_child=5 2 -4 -5 -6 -7 -8 10 9 -11 12 -13 -14 14 18 16 -18 -19 20 -21 23 22 -24 -25 -26 26 27 -29 -30 -31
leaf_value=-0.39043884602988638 -0.034608881586770425 0.031911735873919253 -0.61714949111427575 0.17723835393053106 -0.244333239528226 0.1643888912879968 0.41859894657859931 -0.13870578268965503 0.0012613446637988091 0.72705556736209176 -0.68767084474327844 0.83258143934668316 0.16225035967571394 0.070856174239628936 0.014591466008869536 0.66719769573406029 0.1121161247904484 -0.28973466525760899 0.7320654174759984 -0.66415206840482799 0.53414758425205944 0.0048471896621766182 0.70567709777842857 -0.24665713228285313 -0.35324110740981995 0.024088523700567226 -0.21576860665052663 -0.75093449426967585 -0.09433951837627623 0.24387682194732616
leaf_weight=81 6538 491 69 253 747 394 110 356 111 109 133 48 62 2472 24749 160 103 338 59 58 41 336 43 59 159 223 431 60 1181 397
leaf_count=81 6538 491 69 253 747 394 110 356 111 109 133 48 62 2472 24749 160 103 338 59 58 41 336 43 59 159 223 431 60 1181 397
internal_value=0.00185762 0.0130964 -0.105857 -0.0817977 -0.134835 -0.0450315 0.0190845 0.0176486 0.0209894 0.362522 -0.151079 -0.0215345 -0.41799 0.0184793 0.0223146 0.107568 0.451056 -0.122094 0.0135267 0.0116542 0.322242 0.00144753 0.0860087 0.0755918 -0.0561858 -0.0496251 -0.186886 -0.282559 0.0131682 0.0182209
internal_weight=40371 32566 1560 1491 1238 7805 31006 30896 30297 220 599 404 195 30077 29279 2735 263 798 26544 26385 159 460 379 100 7411 7252 714 491 26327 25146
internal_count=40371 32566 1560 1491 1238 7805 31006 30896 30297 220 599 404 195 30077 29279 2735 263 798 26544 26385 159 460 379 100 7411 7252 714 491 26327 25146
is_linear=0
shrinkage=0.03


Tree=214
num_leaves=31
num_cat=0
split_feature=6 8 18 1 25 13 4 13 5 12 1 16 3 16 12 16 9 5 15 9 6 9 8 4 4 8 12 1 10 24
split_gain=21473 25271.3 23310.2 21747.9 20037.3 21330.6 43768.4 25353.7 24639.4 15943.1 29803.1 31834.5 25262.4 33131.3 16029 15710.9 25068.9 25723.3 22722 18678.5 22031.8 17678 16042.6 20016.8 18614.1 18520.6 27402.1 22531.7 29244.2 37977.1
threshold=27.654185022026436 772.06250000000011 1.5000000000000002 2.5000000000000004 32.143125000000005 -0.50499999999999989 270.50000000000006 -1.0162499999999997 44300.437500000007 9.5979687500000015 1.0000000180025095e-35 7980.2843478406494 1.0000000180025095e-35 973.01198820312391 12.43125 7497.9230040573084 156.75500000000002 56831.250000000007 4.0881250000000007 54.125000000000007 20.72268722466961 112.62500000000001 367.24375000000003 259.50000000000006 261.50000000000006 0.38125000000000003 628.70145833333345 3.5000000000000004 410.50500000000005 466.00500000000005
decision_type=2 2 2 2 8 8 2 10 2 10 2 10 2 10 10 10 10 2 8 10 2 10 2 2 2 2 10 2 10 10
left_child=1 4 -3 -2 9 6 7 -6 -8 -1 11 12 13 -11 -12 18 17 19 -7 -17 21 -21 25 -24 -25 -20 27 28 29 -27
right_child=3 2 -4 -5 5 15 8 -9 -10 10 14 -13 -14 -15 -16 16 -18 -19 22 20 -22 -23 23 24 -26 26 -28 -29 -30 -31
leaf_value=-0.086680861638226053 0.24592669615256804 -0.14487603991734704 -0.78537847649306058 0.00847275818477136 -0.12335746336651818 0.50830195507177933 -0.083873506182432167 -0.52198683253592915 0.79168450319766992 1.0999647280825189 0.27936418287186737 -0.29613586195877623 0.06265389109709274 0.33220370432528762 0.030967572020851972 -0.03678215622614394 -0.63542990749080974 0.046918365860270921 -0.017845709103913188 -0.25649798544592217 0.28897602198452782 -0.72595299946275704 -0.033047906881566308 -0.79857312730018126 -0.17271666054364021 0.06242804243983896 0.79917707496455725 -0.019572418502913483 0.39561592497310394 -0.72245522436286724
leaf_weight=673 610 258 63 804 1277 77 49 161 69 82 248 62 106 133 3840 595 71 995 13883 500 57 84 4091 46 491 6058 41 4547 235 55
leaf_count=673 610 258 63 804 1277 77 49 161 69 82 248 62 106 133 3840 595 71 995 13883 500 57 84 4091 46 491 6058 41 4547 235 55
internal_value=-0.00378264 -0.00796381 -0.272631 0.111012 -0.00575158 -0.0142449 -0.122664 -0.16832 0.430456 0.0493576 0.0698497 0.322551 0.442597 0.628761 0.0461013 -0.00894045 -0.0844087 -0.066596 -0.00305349 -0.157941 -0.270173 -0.325148 -0.00440784 -0.0556798 -0.227713 0.0051547 0.0343521 0.0314009 0.0679098 0.0552493
internal_weight=40261 38847 321 1414 38526 33382 1556 1438 118 5144 4471 383 321 215 4088 31826 2302 2231 29524 1236 641 584 29447 4628 537 24819 10936 10895 6348 6113
internal_count=40261 38847 321 1414 38526 33382 1556 1438 118 5144 4471 383 321 215 4088 31826 2302 2231 29524 1236 641 584 29447 4628 537 24819 10936 10895 6348 6113
is_linear=0
shrinkage=0.03


Tree=215
num_leaves=31
num_cat=0
split_feature=6 1 6 4 14 0 11 0 9 6 4 13 16 6 25 12 13 14 1 4 11 4 14 12 12 18 25 16 2 25
split_gain=17686.4 20468.4 19219.1 37607.3 28941.5 25947.5 18615.8 44724.5 80621 26919.9 18186.4 37934.5 28193.3 27794 27486 29033.8 41528 38659.6 25689.8 25465.1 34432.9 27495.3 26337.6 24469.8 28183.8 22087.5 26392.1 20942.2 20877.5 61157.4
threshold=33.845154185022039 2.5000000000000004 10.665638766519828 108.50000000000001 693.2650000000001 6.5000000000000009 250.00500000000002 7.5000000000000009 287.36000000000007 0.39052863436123347 259.50000000000006 16.260000000000002 973.01198820312391 17.550881057268729 397.21708333333339 113.06953125000003 67.281250000000014 196.57500000000002 2.5000000000000004 188.50000000000003 69.245000000000019 197.50000000000003 117.01875000000001 119.63979166666668 100.66244791666669 1.5000000000000002 165.09020833333338 4673.1035098204702 9.5000000000000018 261.6985416666667
decision_type=2 2 2 2 10 2 10 2 10 2 2 10 10 2 10 10 10 10 2 2 10 2 10 10 10 2 10 8 2 10
left_child=2 -2 4 -4 5 -1 -7 8 -8 -9 12 23 18 14 15 -13 17 -17 -5 20 -14 22 -21 24 -12 28 -27 -15 -18 -30
right_child=1 -3 3 10 -6 6 7 9 -10 -11 11 13 19 27 -16 16 25 -19 -20 21 -22 -23 -24 -25 -26 26 -28 -29 29 -31
leaf_value=-0.025042530077695691 0.60694298306884964 -0.055323095476398104 -0.11243659294568631 0.097528262785226333 -0.6623287226070057 0.042214919898979839 1.7999693526872773 -0.55026295148409321 0.041641237544161928 0.15133341993415547 0.054555377491434583 -0.16108491740922373 -0.038202536779851373 0.1076377175523425 -0.63605732442140572 -0.0067041202213453206 0.27295757758170969 0.97184129308622624 0.0012478819364945908 0.033299372818421671 -0.26207761920019984 -0.012439883922235691 0.5207989293926365 -0.38806491083234818 0.74329197635975752 -0.060867497460807073 -0.87352953250919063 -0.35143485259112656 0.055959136988581494 -0.66655500884883656
leaf_weight=5411 91 77 3332 4347 54 8184 40 51 55 929 1940 1238 2270 105 74 68 246 77 5850 221 849 2648 181 108 54 101 55 587 819 120
leaf_count=5411 91 77 3332 4347 54 8184 40 51 55 929 1940 1238 2270 105 74 68 246 77 5850 221 849 2648 181 108 54 101 55 587 819 120
internal_value=-0.00138179 0.304873 -0.0026752 -0.0185392 0.0245724 0.0271458 0.0576443 0.17496 0.793028 0.114298 -0.0042864 -0.0509887 0.0116732 -0.111617 -0.0694604 -0.0538405 0.035554 0.516034 0.0422979 -0.0389464 -0.0992064 0.0226892 0.253543 0.0496785 0.0735704 -0.0167454 -0.351122 -0.281723 0.0275328 -0.0369858
internal_weight=40182 168 40014 25290 14724 14670 9259 1075 95 980 21958 5592 16366 3490 2798 2724 1486 145 10197 6169 3119 3050 402 2102 1994 1341 156 692 1185 939
internal_count=40182 168 40014 25290 14724 14670 9259 1075 95 980 21958 5592 16366 3490 2798 2724 1486 145 10197 6169 3119 3050 402 2102 1994 1341 156 692 1185 939
is_linear=0
shrinkage=0.03


Tree=216
num_leaves=31
num_cat=0
split_feature=1 14 4 0 12 24 24 0 14 15 25 12 0 0 1 10 4 13 13 2 18 24 15 8 4 9 5 13 5 15
split_gain=20706.5 73055.6 259041 41431.9 36344.9 34543.6 23602.4 23461.3 26029.9 30241.7 29819.5 27746.2 22259.5 21040.6 25189 24443.8 20599 38040.6 43328.7 20560.1 19105.8 31042 23997.2 28399 22356.2 27201.6 24905.1 21099.4 19761.2 17214.3
threshold=1.0000000180025095e-35 463.79500000000007 205.50000000000003 4.5000000000000009 396.69062500000013 396.99500000000006 211.94500000000002 20.500000000000004 144.92000000000004 142.67291666666668 155.63750000000002 112.52760416666668 1.5000000000000002 15.500000000000002 5.5000000000000009 82.173750000000013 148.50000000000003 94.075000000000017 67.281250000000014 11.500000000000002 1.0000000180025095e-35 202.97000000000003 406.63729166666673 544.24375000000009 110.50000000000001 381.02500000000003 58501.625000000007 4.1987500000000013 50955.312500000007 40.963854166666671
decision_type=2 10 2 2 10 8 10 2 10 10 10 10 2 2 2 10 2 10 10 2 2 10 10 2 2 10 2 10 2 10
left_child=1 3 -3 6 -4 7 -1 8 10 11 -5 -10 -2 20 -15 -16 -11 18 -18 -19 24 29 23 -23 25 26 -14 -28 -26 -22
right_child=12 2 4 5 -6 -7 -8 -9 9 16 -12 -13 13 14 15 -17 17 19 -20 -21 21 22 -24 -25 28 -27 27 -29 -30 -31
leaf_value=-0.083513990844395036 0.071346473223778573 2.7070943464551656 -0.46354126602411272 0.085730087364943808 0.63878173886343481 -0.43846194889200363 -0.57928452430570376 -0.070359278685635948 0.20887977128089577 -0.048941157287359233 -0.64684343380086562 0.76591541409309649 -0.14162373119560362 -0.0032207381747192936 -0.038953790522140007 0.19002795553992552 0.43657052716935973 0.72334847931997681 -0.52433289698390073 0.029966837528806464 0.016335308590275245 -0.25364273275292359 0.37687647829664511 -0.92073737135300271 -0.015684982143662849 -0.82968167565762996 0.31441666374441052 -0.021750191322269501 0.081169344381805328 -0.08868619868717828
leaf_weight=1081 2881 41 71 2596 42 113 93 685 161 299 50 162 1916 9604 620 1295 82 157 85 51 2082 511 46 64 6184 41 182 2054 2733 4315
leaf_count=1081 2881 41 71 2596 42 113 93 685 161 299 50 162 1916 9604 620 1295 82 157 85 51 2082 511 46 64 6184 41 182 2054 2733 4315
internal_value=0.000317708 0.0529232 0.695423 0.035181 -0.0518189 0.0770804 -0.123247 0.0906389 0.120923 0.251493 0.0716479 0.489762 -0.008473 -0.0157414 0.0165929 0.115911 0.136752 0.284548 -0.0527219 0.554293 -0.0342459 -0.0741905 -0.276527 -0.329363 -0.0128588 -0.0699804 -0.0622805 0.00574055 0.014006 -0.0545082
internal_weight=40297 5769 154 5615 113 4441 1174 4328 3643 997 2646 323 34528 31647 11519 1915 674 375 167 208 20128 7018 621 575 13110 4193 4152 2236 8917 6397
internal_count=40297 5769 154 5615 113 4441 1174 4328 3643 997 2646 323 34528 31647 11519 1915 674 375 167 208 20128 7018 621 575 13110 4193 4152 2236 8917 6397
is_linear=0
shrinkage=0.03


Tree=217
num_leaves=31
num_cat=0
split_feature=17 4 15 25 14 14 9 25 4 25 25 4 15 6 25 15 15 16 25 12 25 25 25 7 14 15 25 4 4 14
split_gain=20507.6 28258.9 23427.7 19715 26793.8 21321.4 58069.7 43502.8 21780.2 32916.8 30308 26901.2 45087.7 28029 331320 28384.4 28593.8 27722.3 26820.2 21319.8 20860 19798.3 26753.6 18924.9 29168.6 31206.9 38951.8 37309.8 60466.3 33880
threshold=15045.638720000001 126.50000000000001 113.22250000000001 12.43125 85.125000000000014 165.07875000000004 74.195000000000007 170.86473958333337 50.500000000000007 42.728750000000012 250.48604166666669 62.500000000000007 158.40666666666669 0.39052863436123347 352.82791666666679 55.370104166666671 78.994883333333348 5591.6571550569597 97.953333333333333 41.885000000000005 142.42932291666671 48.726458333333333 51.722291666666671 4.8489583333333348 176.18250000000003 113.875 189.57125000000002 272.50000000000006 318.50000000000006 183.26375000000004
decision_type=10 2 10 8 10 8 8 10 2 8 10 2 10 2 10 10 10 10 8 10 10 8 10 2 10 10 10 2 2 10
left_child=3 -2 -3 4 -1 7 20 21 10 -10 18 12 -11 14 -13 -15 17 -17 -8 -6 -7 -5 -23 -18 -25 29 -27 -28 -29 -26
right_child=1 2 -4 5 19 6 8 -9 9 11 -12 13 -14 15 -16 16 23 -19 -20 -21 -22 22 -24 24 25 26 27 28 -30 -31
leaf_value=0.026168950048397432 -0.94402308383653333 0.011089153579372143 -0.62925340637793914 0.029076402403644154 0.660569306564602 0.2434970727817625 0.4257112303914295 -0.78225945847955614 -0.59482430977159984 0.10816591734554871 -0.49221786760865777 2.5512566143545237 0.8562192412112889 0.53993783210048962 -0.74582268839013088 -0.13086461232394297 0.084550340766382195 -0.8862859706695263 -0.059732646648251467 0.18163589339136429 0.70327418879047032 -0.19452223257179585 -0.020294323973612551 0.24796101876232018 -0.73050875193732123 0.13173821087071624 0.021685984492240427 -0.53675538207412865 -0.057173393813785736 -0.11601998990259156
leaf_weight=792 42 246 64 7722 120 350 107 65 72 308 138 43 94 96 72 278 3885 51 1987 275 119 831 17026 390 104 1445 2058 326 857 352
leaf_count=792 42 246 64 7722 120 350 107 65 72 308 138 43 94 96 72 278 3885 51 1987 275 119 831 17026 390 104 1445 2058 326 857 352
internal_value=0.00455445 -0.223103 -0.122709 0.00656523 0.126946 0.00287697 0.0339623 -0.0130422 0.0218072 0.0400073 -0.0632288 0.0444767 0.284774 0.0347474 0.498364 0.0292801 0.0241951 -0.250297 -0.0347359 0.328435 0.361405 -0.011057 -0.0284127 0.0338106 -0.00183167 -0.020822 0.00225541 -0.0554973 -0.189674 -0.257458
internal_weight=40315 352 310 39963 1187 38776 13132 25644 12663 10431 2232 10359 402 9957 115 9842 9746 329 2094 395 469 25579 17857 9417 5532 5142 4686 3241 1183 456
internal_count=40315 352 310 39963 1187 38776 13132 25644 12663 10431 2232 10359 402 9957 115 9842 9746 329 2094 395 469 25579 17857 9417 5532 5142 4686 3241 1183 456
is_linear=0
shrinkage=0.03


Tree=218
num_leaves=31
num_cat=0
split_feature=1 14 4 0 24 25 0 24 14 25 9 0 14 13 13 15 13 2 4 4 7 25 0 1 14 25 13 1 14 4
split_gain=19266.5 93673.2 279708 43654.7 30308.2 28702.6 22732.9 18820.6 18447.4 25443.7 22115.1 18113.4 21946.2 40881.5 50202.8 33892.2 24442.2 24059.6 18138 26847.4 16666.2 16286.6 16059.9 20900.9 20161.6 24941.9 25413.2 20596.7 19437.7 19145.1
threshold=1.0000000180025095e-35 463.79500000000007 205.50000000000003 4.5000000000000009 211.94500000000002 409.80145833333341 1.0000000180025095e-35 494.88000000000005 74.815000000000012 59.162343750000012 -0.068749999999999992 20.500000000000004 144.92000000000004 67.281250000000014 94.075000000000017 159.81479166666671 185.19000000000003 9.5000000000000018 148.50000000000003 28.500000000000004 11.881944444444448 104.93875000000003 15.500000000000002 5.5000000000000009 735.36000000000001 461.83645833333338 293.64000000000004 2.5000000000000004 470.46000000000004 270.50000000000006
decision_type=2 10 2 2 10 10 2 10 10 10 10 2 10 10 10 10 10 2 2 2 2 10 2 2 10 10 10 2 10 2
left_child=1 3 -3 4 -1 8 -2 -4 -5 -10 -11 12 15 -14 17 21 18 -15 19 -16 22 -12 -8 24 25 26 28 -27 -24 -30
right_child=6 2 7 5 -6 -7 20 -9 9 10 11 -13 13 14 16 -17 -18 -19 -20 -21 -22 -23 23 -25 -26 27 -28 -29 29 -31
leaf_value=-0.084181380116577512 0.11105998382622224 2.8706333102498736 -0.50195277372071911 -0.025878778734952104 -0.63827014566082307 -0.55505334905348713 -0.024620646963350527 0.29993270416470136 0.32414629688390934 -0.31483158940778061 0.14373923173891148 -0.069022313215794009 0.52079698279391207 -0.014860692151092194 0.83086960559494272 -0.73671784705304078 -0.089443899720017581 -0.69630637592739519 0.57307047020233992 -0.018068631717971729 -0.27488042857776457 -0.11046764226009448 0.00093485001475859017 0.11017944275837953 0.48799090429356223 -0.010532812380021619 0.32710448578209944 -0.76483097676081313 -0.89443528567041664 -0.11847675977355759
leaf_weight=1064 1432 41 42 1036 96 63 21397 67 467 118 961 461 320 110 42 46 133 80 208 152 213 296 9011 1902 75 61 212 69 41 91
leaf_count=1064 1432 41 42 1036 96 63 21397 67 467 118 961 461 320 110 42 46 133 80 208 152 213 296 9011 1902 75 61 212 69 41 91
internal_value=0.00258531 0.053156 0.790583 0.0334523 -0.130547 0.0758132 -0.00592113 -0.010805 0.0849082 0.118723 0.0858483 0.102786 0.136533 0.238886 0.11391 0.0543271 0.262592 -0.303929 0.378994 0.16904 -0.0109896 0.083838 -0.00927063 0.0193841 0.00131033 -0.002589 0.00316716 -0.413673 -0.00437897 -0.364407
internal_weight=40307 5803 150 5653 1160 4493 34504 109 4430 3394 2927 2809 2348 1045 725 1303 535 190 402 194 33072 1257 32859 11462 9560 9485 9355 130 9143 132
internal_count=40307 5803 150 5653 1160 4493 34504 109 4430 3394 2927 2809 2348 1045 725 1303 535 190 402 194 33072 1257 32859 11462 9560 9485 9355 130 9143 132
is_linear=0
shrinkage=0.03


Tree=219
num_leaves=31
num_cat=0
split_feature=7 8 25 4 14 12 15 4 13 10 13 12 8 25 11 13 12 6 7 12 10 24 5 7 14 9 25 25 8 11
split_gain=20166.4 27302.7 22055.1 21731.5 20896.8 19857 17841.7 21883.6 20307.7 19293.8 18011.1 17762.5 24681.6 17526.6 28179.7 25132.6 24595.9 22888.8 33509.6 21277.8 20311.3 27127.8 16746.9 15892 16012.2 62896.3 32140.8 30389.1 26975.2 21671.3
threshold=3.6753472222222237 772.06250000000011 30.627500000000005 128.50000000000003 44.935000000000009 108.27708333333335 27.88651041666667 40.500000000000007 0.10250000000000002 50.245000000000012 -0.0087499999999999991 628.70145833333345 8.9562500000000025 444.56375000000008 494.55500000000006 345.17000000000002 364.06333333333345 23.582819383259917 4.8281250000000018 225.56291666666667 447.30500000000006 466.00500000000005 49101.000000000007 11.432291666666668 165.07875000000004 74.891250000000014 148.67416666666671 142.42932291666671 254.21875000000003 14.365
decision_type=2 2 8 2 8 10 10 2 10 10 10 10 2 10 10 10 10 2 2 10 10 10 2 2 8 8 10 10 2 10
left_child=-1 2 5 -3 -4 6 8 -8 10 -9 -2 13 -13 14 15 20 19 -15 -19 -16 21 23 -18 24 26 27 -6 28 -26 -30
right_child=1 3 4 -5 11 -7 7 9 -10 -11 -12 12 -14 17 16 -17 22 18 -20 -21 -22 -23 -24 -25 25 -27 -28 -29 29 -31
leaf_value=0.051446461799179909 0.0069935877941762238 -0.88793554975227873 -0.2837793129521447 -0.17864774500517996 -0.02476961920601153 -0.43343378067220723 0.67472538790336023 0.05654387261768392 0.13910641915513822 0.27711925168544793 -0.22778914459683286 -0.10288595655831423 0.77949486482143404 -0.27319855098743384 0.48774186852731205 0.4657826765596258 0.2566636407917196 0.67621877000445418 -0.26860455638741793 -0.28816534106930097 -0.28745143334597956 0.65864953305986185 1.0718758147001266 -0.22629944208134631 0.55648733452941379 0.0041139097259185135 -0.47014977224019106 0.90212721060654699 0.36662511553834465 -0.3597627332254692
leaf_weight=5758 1186 43 258 343 18336 72 64 1362 741 483 390 54 59 469 56 97 43 62 72 71 244 53 49 314 136 9179 146 84 67 80
leaf_count=5758 1186 43 258 343 18336 72 64 1362 741 483 390 54 59 469 56 97 43 62 72 71 244 53 49 314 136 9179 146 84 67 80
internal_value=-0.00053429 -0.00918272 -0.00634938 -0.259752 -0.0154758 0.057191 0.0656506 0.133535 0.00968628 0.114407 -0.0512138 -0.0131333 0.360622 -0.0145743 -0.0112375 -0.0138266 0.327002 -0.174519 0.170323 0.0551045 -0.0154672 -0.01312 0.69771 -0.0143994 -0.0120175 0.0195323 -0.0283132 0.404101 0.253621 -0.0284478
internal_weight=40371 34613 34227 386 29929 4298 4226 1909 2317 1845 1576 29671 113 29558 28955 28736 219 603 134 127 28639 28395 92 28342 28028 9546 18482 367 283 147
internal_count=40371 34613 34227 386 29929 4298 4226 1909 2317 1845 1576 29671 113 29558 28955 28736 219 603 134 127 28639 28395 92 28342 28028 9546 18482 367 283 147
is_linear=0
shrinkage=0.03


Tree=220
num_leaves=31
num_cat=0
split_feature=5 25 10 4 5 2 25 6 4 6 25 14 10 8 9 4 6 6 5 4 24 8 4 4 14 14 4 14 7 23
split_gain=22708.7 18074.3 24698.7 18276 39179.2 209447 31434 31316.2 26928.1 34765.1 33289.8 27204.9 19734.1 19619.6 20164.8 21964 20009.6 18400.9 17988.4 17487.5 33977.3 24243.6 17963.7 17787.6 16992.4 16769.3 16716.2 23357.6 19052.7 18421
threshold=39056.250000000007 47.685468750000005 130.56500000000003 50.500000000000007 68762.500000000015 10.500000000000002 250.48604166666669 0.39052863436123347 281.50000000000006 15.221585903083705 192.31750000000002 220.38000000000002 240.31000000000003 470.39375000000007 427.87500000000006 144.50000000000003 23.582819383259917 4.5411894273127764 48500.625000000007 259.50000000000006 160.00375000000003 3.7937500000000006 263.50000000000006 293.50000000000006 96.010000000000005 602.50000000000011 321.50000000000006 256.90500000000003 5.0607638888888902 1.5000000000000002
decision_type=2 8 8 2 2 2 10 2 2 2 10 10 10 2 10 2 2 2 2 2 10 2 2 2 10 10 2 10 2 2
left_child=19 -2 -3 6 8 -6 17 -7 13 10 12 -11 -10 -5 15 -15 -16 -4 -17 21 23 24 -22 -21 -1 -18 29 -28 -29 -12
right_child=1 2 3 4 5 7 -8 -9 9 11 26 -13 -14 14 16 18 25 -19 -20 20 22 -23 -24 -25 -26 -27 27 28 -30 -31
leaf_value=-0.089768836763096799 0.05517910651135715 -0.021311168313384247 0.087464793314632611 0.10374105969398845 1.7973828934612748 -0.66051365360300596 -0.4982453689117764 0.15296901951124378 0.082192185929259365 0.029420922756267402 -0.13348939025827677 -0.58606105654754415 0.51126302947307167 -0.18854395253502804 -0.89905976423195422 -0.024297320817464163 -0.61102204352617262 -0.10552555711272985 0.34812363690807735 -0.16862683697359482 -1.0256917999505997 -0.1391969726635153 -0.34909506530268114 0.13587687564895876 0.050849267369052653 0.056036020095618262 0.35042975005141253 0.086231628462113435 -0.21754527562463574 -0.63994804951305284
leaf_weight=1087 6710 17477 851 4333 72 46 128 454 790 102 192 175 109 275 41 251 49 929 217 636 49 1320 127 236 2674 105 117 299 488 97
leaf_count=1087 6710 17477 851 4333 72 46 128 454 790 102 192 175 109 275 41 251 49 929 217 636 49 1320 127 236 2674 105 117 299 488 97
internal_value=0.00152007 0.0110229 0.000285068 0.0375797 0.0570116 0.296275 -0.0460411 0.0769596 0.0390617 -0.0449372 -0.00305057 -0.360131 0.134726 0.0768156 -0.047542 0.0238305 -0.318223 -0.0132615 0.148759 -0.0516651 -0.163185 -0.0286356 -0.542196 -0.086154 0.0101949 -0.158782 -0.106899 -0.0432701 -0.10217 -0.305098
internal_weight=40436 34307 27597 10120 8212 572 1908 500 7640 2369 2092 277 899 5271 938 743 195 1780 468 6129 1048 5081 176 872 3761 154 1193 904 787 289
internal_count=40436 34307 27597 10120 8212 572 1908 500 7640 2369 2092 277 899 5271 938 743 195 1780 468 6129 1048 5081 176 872 3761 154 1193 904 787 289
is_linear=0
shrinkage=0.03


Tree=221
num_leaves=31
num_cat=0
split_feature=6 8 6 16 5 9 4 5 13 15 4 16 15 17 12 13 4 7 4 15 7 9 5 4 6 1 7 9 1 16
split_gain=19261.7 22218.2 21640.4 17949.7 18764.9 18321.2 17700.1 19850 34631.8 27814.6 25250.6 28542.5 26679.4 23945.5 22686.1 45006.8 49324.5 26031.1 21824.1 19897 19614.5 19321.1 19223.5 18721.1 25135.2 24648.9 17824.1 17673.9 16685.5 17943
threshold=32.259691629955952 423.16250000000008 23.084801762114541 10530.608477091942 63656.250000000007 47.411250000000003 348.50000000000006 47504.500000000007 11.983750000000002 139.77625000000003 10.500000000000002 5721.6617484452063 74.281875000000014 265.94903500000009 89.961614583333358 60.520000000000003 16.500000000000004 5.6857638888888902 106.50000000000001 113.875 8.1822916666666696 87.152500000000018 41305.187500000007 351.50000000000006 5.1077092511013236 4.5000000000000009 10.085069444444448 102.56500000000001 2.5000000000000004 2117.7773580610324
decision_type=2 2 2 10 2 10 2 2 8 10 2 8 10 10 8 8 2 2 2 10 2 10 2 2 2 2 2 10 2 8
left_child=1 2 3 6 5 -5 7 13 9 10 12 -12 -9 20 -10 16 17 -16 26 -18 -1 -15 -23 25 -25 -8 -13 -11 29 -2
right_child=28 -3 -4 4 -6 -7 23 8 14 27 11 18 -14 21 15 -17 19 -19 -20 -21 -22 22 -24 24 -26 -27 -28 -29 -30 -31
leaf_value=0.011231200926551558 0.16189249342848216 -0.056067512106564348 0.10716971532058919 -0.034327217231777001 0.11641684372280807 -0.27229192245714118 -0.11628233038243793 0.13300126730519182 -0.042050253849670288 0.94112990173160049 0.21959467098360741 -0.12725510743115492 0.87322450908330762 -0.060773855142890763 0.20973293515768918 0.021967049528220681 0.23058776189901609 -0.61063917512829236 0.14539845638283477 0.59907715987760657 -0.14680616095573301 -0.60245989948522483 -0.16275471662089536 0.15682210964970775 -0.13548173788100271 -0.71206252561287675 0.49999010536559796 0.18781733339031537 0.0080345639833219479 0.79648200054963425
leaf_weight=11072 92 6121 1802 570 282 595 188 101 4314 60 885 795 77 1632 65 7535 274 73 569 257 754 122 333 384 847 93 42 53 156 71
leaf_count=11072 92 6121 1802 570 282 595 188 101 4314 60 885 795 77 1632 65 7535 274 73 569 257 754 122 333 384 847 93 42 53 156 71
internal_value=-0.00162386 -0.00348325 0.00604819 0.000345625 -0.10286 -0.155992 0.00524116 0.0104575 0.0342757 0.13429 0.113085 0.0862315 0.4563 -0.0153933 0.0136373 0.0429217 0.27855 -0.225503 0.00219021 0.409725 0.00114352 -0.109055 -0.281716 -0.0947939 -0.0442468 -0.315288 -0.0952213 0.592553 0.2302 0.44148
internal_weight=40214 39895 33774 31972 1447 1165 30525 29013 15100 2582 2469 2291 178 13913 12518 8204 669 138 1406 531 11826 2087 455 1512 1231 281 837 113 319 163
internal_count=40214 39895 33774 31972 1447 1165 30525 29013 15100 2582 2469 2291 178 13913 12518 8204 669 138 1406 531 11826 2087 455 1512 1231 281 837 113 319 163
is_linear=0
shrinkage=0.03


Tree=222
num_leaves=31
num_cat=0
split_feature=1 6 6 8 25 14 25 25 6 8 4 25 9 25 17 14 5 4 14 6 25 14 13 4 4 13 19 24 14 4
split_gain=17598.8 108968 162632 33857.1 27080.1 21925.3 42278 32924.8 31189.7 20210.1 23054 28598.1 21355.6 18895.2 14975.1 22484.6 21305 20445.2 27772.7 21871.5 19860.3 19200.9 26985.4 33040.4 30130.1 34922.9 23504 21194.9 27032.3 27046.2
threshold=1.0000000180025095e-35 0.39052863436123347 -0.55132158590308367 0.11250000000000002 261.6985416666667 196.57500000000002 192.31750000000002 159.98604166666669 23.084801762114541 521.76875000000007 257.50000000000006 166.81552083333335 -23.451249999999998 155.63750000000002 301.74571500000008 279.92000000000002 58501.625000000007 50.500000000000007 356.3300000000001 0.39052863436123347 46.149062500000007 129.78250000000003 38.995000000000012 304.50000000000006 62.500000000000007 150.04000000000005 1.0000000180025095e-35 94.541250000000019 173.73500000000004 285.50000000000006
decision_type=2 2 2 2 8 10 10 10 2 2 2 10 10 10 10 10 2 2 10 2 8 10 10 2 2 10 2 10 10 2
left_child=1 2 -1 4 -3 7 13 -5 -8 14 12 -12 -11 -7 17 16 -16 18 20 -19 -2 -21 23 27 25 -24 -26 28 29 -23
right_child=9 3 -4 5 -6 6 8 -9 -10 10 11 -13 -14 -15 15 -17 -18 19 -20 21 -22 22 24 -25 26 -27 -28 -29 -30 -31
leaf_value=-0.25655245722216719 0.16444179446910592 -0.021581315357381173 2.0735870312462592 0.069267116233904094 -0.36357975720840946 0.25738710240523022 0.015861722614007211 -0.75844841492446979 0.58822594282527763 -0.64603821535543959 -0.17098568592116098 -1.0829409642585297 -0.050038615958889324 1.0459776939530121 -0.06624941392374091 -0.64750048566406426 0.080429715937631124 -0.33894371270686385 -0.7257774957021077 -0.0071559569626700754 -0.061461404753933413 0.25599613019218159 0.099417425169499571 0.51134771700078085 0.023776405892924745 0.67491244371069803 -0.62203677710364846 0.0071536209580012168 0.73195244978214125 -0.31086591138289521
leaf_weight=50 384 2218 57 2558 229 44 415 43 107 54 106 43 3374 75 4625 54 1103 149 53 9376 3884 454 321 213 9233 134 50 785 86 90
leaf_count=50 384 2218 57 2558 229 44 415 43 107 54 106 43 3374 75 4625 54 1103 149 53 9376 3884 454 321 213 9233 134 50 785 86 90
internal_value=5.90541e-05 0.0484316 0.992443 0.0305051 -0.0537223 0.0940754 0.251096 0.055297 0.134086 -0.00805201 -0.075561 -0.439632 -0.0596128 0.758973 -0.000258649 -0.0437987 -0.0379954 0.00972796 -0.0496667 0.0220147 -0.0411027 0.0246238 0.0508378 0.163855 0.0319286 0.270012 0.0202313 0.111223 0.24068 0.161815
internal_weight=40367 5796 107 5689 2447 3242 641 2601 522 34571 3577 149 3428 119 30994 5782 5728 25212 4321 20891 4268 20742 11366 1628 9738 455 9283 1415 630 544
internal_count=40367 5796 107 5689 2447 3242 641 2601 522 34571 3577 149 3428 119 30994 5782 5728 25212 4321 20891 4268 20742 11366 1628 9738 455 9283 1415 630 544
is_linear=0
shrinkage=0.03


Tree=223
num_leaves=31
num_cat=0
split_feature=5 13 4 4 4 9 4 12 12 25 10 21 4 6 9 23 15 13 4 25 15 7 24 4 14 5 6 12 12 15
split_gain=18414.4 17823.2 32627.7 33446.7 27385.4 26712.1 22986.2 22480.9 21764.4 23608.8 20519 23494.1 23047.1 54094 268751 40258.8 50819.3 35154.1 26501.4 35336.2 34099.9 23940.8 20669.5 28774 39497.7 36425.3 31145.7 25782.2 35822.9 24204
threshold=39056.250000000007 3.5600000000000005 162.50000000000003 355.50000000000006 20.500000000000004 97.63000000000001 267.50000000000006 14.051041666666668 25.359479166666667 46.534583333333345 105.00125000000001 1.0000000180025095e-35 281.50000000000006 0.39052863436123347 224.94000000000003 1.5000000000000002 315.7247916666667 39.995000000000012 311.50000000000006 157.58687500000002 242.03625000000002 4.9843750000000018 96.932500000000019 112.50000000000001 428.82000000000005 52556.250000000007 11.702422907488989 315.7247916666667 458.07729166666678 149.78520833333337
decision_type=2 10 2 2 2 10 2 10 10 10 8 2 2 2 10 2 10 10 2 10 10 2 8 2 10 2 2 10 10 10
left_child=-1 2 4 6 7 8 -4 -2 9 -6 11 -3 13 14 -12 17 18 -14 19 -17 -20 -19 -15 24 -24 26 -25 -26 -29 -27
right_child=1 10 3 -5 5 -7 -8 -9 -10 -11 12 -13 15 22 -16 16 -18 21 20 -21 -22 -23 23 25 27 29 -28 28 -30 -31
leaf_value=-0.045508362591024018 -0.12445239680858565 -0.033832977947536078 0.094476973862629168 -0.2310407762726148 -0.033377874269119263 -0.28984736905093966 0.27328496093347754 0.52443102326219448 0.063711156558126425 -0.34402853050952631 0.047796817559047015 0.21390795159962628 0.52534493640849467 0.18839023741508557 2.7076578783116689 -0.033313331499398316 -0.69220530437908578 0.15716725029634657 -0.087271496249403932 -0.53624089404817454 0.35576445396211831 -0.060425853458589134 -0.009496846637459689 0.40679126081512107 -0.88580328834872391 -0.0010618232786655426 0.041707257859350519 0.27514357728017891 -0.72562883070969986 0.7390340061064381
leaf_weight=6129 70 12872 2559 233 1354 314 866 150 2022 262 206 353 132 766 40 262 138 727 928 241 187 1213 3897 222 73 59 3703 70 58 121
leaf_count=6129 70 12872 2559 233 1354 314 866 150 2022 262 206 353 132 766 40 262 138 727 928 241 187 1213 3897 222 73 59 3703 70 58 121
internal_value=0.00236252 0.0109682 0.0506918 0.11608 -0.00665416 -0.0248219 0.139755 0.318339 -0.00187383 -0.0839249 -0.000874105 -0.0272046 0.0258239 0.051525 0.489506 -0.0360429 -0.141685 0.0535126 -0.0943318 -0.274864 -0.0127164 0.0211544 0.039459 0.0255304 -0.0307014 0.0816601 0.062455 -0.439734 -0.180441 0.497781
internal_weight=40227 34098 7830 3658 4172 3952 3425 220 3638 1616 26268 13225 13043 9215 246 3828 1756 2072 1618 503 1115 1940 8969 8203 4098 4105 3925 201 128 180
internal_count=40227 34098 7830 3658 4172 3952 3425 220 3638 1616 26268 13225 13043 9215 246 3828 1756 2072 1618 503 1115 1940 8969 8203 4098 4105 3925 201 128 180
is_linear=0
shrinkage=0.03


Tree=224
num_leaves=31
num_cat=0
split_feature=17 12 4 15 4 25 14 13 25 22 15 15 15 12 13 14 15 12 13 10 13 4 6 5 4 16 4 4 6 15
split_gain=17239 35014.3 20636.2 26330.5 22903 19743.7 24321 48926.9 33450.7 28361.3 23023.4 20425.9 32338 20304.7 27301.9 60616.6 26636 19127.8 18449.1 17893.4 21398.9 17691.8 37761.8 54123.9 75531.6 27092.9 26647.6 49696 28033.1 26914.6
threshold=1754.8409150000002 175.86458333333337 223.50000000000003 113.22250000000001 74.500000000000014 32.143125000000005 147.17500000000004 33.81750000000001 112.99098958333336 1.0000000180025095e-35 144.3897916666667 139.77625000000003 130.32395833333337 107.69708333333335 64.030000000000015 283.66500000000002 97.699166666666684 108.27708333333335 18.073750000000004 34.593750000000007 50.006250000000001 50.500000000000007 1.0000000180025095e-35 71712.500000000015 329.50000000000006 8825.5725816356517 254.50000000000003 252.50000000000003 17.277753303964761 214.00083333333336
decision_type=10 10 2 10 2 8 8 8 10 2 10 10 10 10 10 10 10 10 10 10 10 2 2 2 2 10 2 2 2 10
left_child=5 2 3 -2 -5 17 8 11 -7 13 -10 12 -8 -9 15 16 -15 -1 -4 -18 -21 -16 -23 25 -25 26 27 29 -28 -24
right_child=1 -3 18 4 -6 6 7 9 10 -11 -12 -13 -14 14 21 -17 19 -19 -20 20 -22 22 23 24 -26 -27 28 -29 -30 -31
leaf_value=0.088639009482782194 -0.048634719484296644 -0.75911440763439308 0.11488189502212635 -0.066920718969935081 -0.47857321130428387 -0.016949780521640499 0.18024407349951527 -0.14941104950873474 -0.16242713777082307 -0.31707404478984713 -0.6668961959332228 0.38362939069745483 -0.4847048016389211 0.47348778640701822 -0.065566071125335593 1.0247271539713887 0.58708671460791328 -0.36222067891009924 -0.057579198468517223 -0.32026022766608481 0.13159675697283596 -0.55021416443766968 0.13287522691806403 1.6070899732410908 0.24197431866461314 -0.74452544942134768 0.0035753950679605398 0.75287040300118291 -0.22039849367596906 -0.0067431202847650596
leaf_weight=3228 4575 60 1252 235 252 15064 771 626 545 232 95 402 71 136 2013 73 40 86 1006 171 208 98 2385 41 282 40 3109 94 599 2593
leaf_count=3228 4575 60 1252 235 252 15064 771 626 545 232 95 402 71 136 2013 73 40 86 1006 171 208 98 2385 41 282 40 3109 94 599 2593
internal_value=-0.00187598 -0.0433229 -0.0373528 -0.0709905 -0.280476 0.00739352 -0.000360194 0.0284134 -0.0259825 0.0108712 -0.238233 0.207914 0.123665 0.0169788 0.0257568 0.218104 0.110355 0.0768332 0.0380543 -0.00835829 -0.0725817 0.015005 0.0325613 0.0388673 0.419681 0.0248754 0.0284651 0.0731463 -0.0326556 0.0601624
internal_weight=40382 7380 7320 5062 487 33002 29688 13984 15704 12740 640 1244 842 12508 11882 628 555 3314 2258 419 379 11254 9241 9143 323 8820 8780 5072 3708 4978
internal_count=40382 7380 7320 5062 487 33002 29688 13984 15704 12740 640 1244 842 12508 11882 628 555 3314 2258 419 379 11254 9241 9143 323 8820 8780 5072 3708 4978
is_linear=0
shrinkage=0.03


Tree=225
num_leaves=31
num_cat=0
split_feature=7 5 8 4 14 0 9 4 5 4 6 14 14 1 2 6 4 12 16 12 16 3 4 16 12 17 5 4 24 12
split_gain=17560.7 18442.6 19124.5 25266.9 23850 20012.8 16717 16555 31807.8 371044 38271.3 22752.2 23797 37081.8 22350 29560.1 20986.3 20989.3 20177.3 20220.1 20145.5 18873.7 25767.1 19954.7 24969.6 18606.1 18874.7 23064 55084.2 34271.1
threshold=11.432291666666668 40600.562500000007 69.61875000000002 260.50000000000006 96.010000000000005 10.500000000000002 58.395000000000003 84.500000000000014 68762.500000000015 326.50000000000006 1.0000000180025095e-35 428.82000000000005 348.72500000000008 2.5000000000000004 11.500000000000002 11.702422907488989 74.500000000000014 50.554270833333341 9447.3683596182982 143.91687500000003 56.114263251353414 1.0000000180025095e-35 10.500000000000002 4004.8406881361257 143.91687500000003 1892.0825700000003 50802.187500000007 271.50000000000006 286.86500000000007 82.031041666666681
decision_type=2 2 2 2 10 2 10 2 2 2 2 10 10 2 2 2 2 10 8 10 8 2 2 8 10 10 2 2 10 10
left_child=1 2 3 4 -1 -4 -6 11 14 -10 -11 12 16 -14 15 -9 21 -18 19 -16 -17 22 -3 24 -24 26 27 -22 29 -29
right_child=-2 7 5 -5 6 -7 -8 8 9 10 -12 -13 13 -15 18 20 17 -19 -20 -21 25 -23 23 -25 -26 -27 -28 28 -30 -31
leaf_value=-0.085191432885590349 -0.19660706601980932 0.14200518275850024 -0.28126798005436943 -0.13410480875796488 0.20253015418169892 -0.060672569942352518 0.030180819411316812 0.097172596677670642 2.9266235170807948 -0.7850919457978528 0.11240138595850256 -0.4063484760622183 -0.22148875932209192 0.50589796462066072 0.096713307781619962 0.39479199987729308 0.089460539116090046 -0.2258837142381728 -0.12475331522749923 -0.55810197267929706 0.035462192803842441 -0.40955001955435977 0.14245772068185825 -0.044266381726827224 -0.2901749361728263 -0.042840393223828689 0.1277767165106671 0.15089157243858234 -0.87722912484949278 -0.16414912488969574
leaf_weight=1424 398 993 512 1220 613 1332 2896 4734 42 45 607 134 95 184 748 121 250 784 1634 44 6997 102 1027 5750 135 4515 1522 481 76 874
leaf_count=1424 398 993 512 1220 613 1332 2896 4734 42 45 607 134 95 184 748 121 250 784 1634 44 6997 102 1027 5750 135 4515 1522 481 76 874
internal_value=0.00142891 0.00340963 -0.0373243 -0.0119195 0.0183197 -0.122042 0.0603383 0.013624 0.0276527 0.22744 0.0493504 -0.0196739 -0.0140714 0.258315 0.0212665 0.0320444 -0.0225047 -0.149627 -0.0645439 0.0596768 0.0109014 -0.00607189 -0.000814579 -0.0213501 0.0919886 0.00766306 0.0305819 0.0130166 -0.0966811 -0.0522867
internal_weight=40289 39891 7997 6153 4933 1844 3509 31894 22440 694 652 9454 9320 279 21746 19320 9041 1034 2426 792 14586 8007 7905 6912 1162 14465 9950 8428 1431 1355
internal_count=40289 39891 7997 6153 4933 1844 3509 31894 22440 694 652 9454 9320 279 21746 19320 9041 1034 2426 792 14586 8007 7905 6912 1162 14465 9950 8428 1431 1355
is_linear=0
shrinkage=0.03


Tree=226
num_leaves=31
num_cat=0
split_feature=17 4 15 5 24 13 14 7 14 6 25 17 12 0 15 6 25 24 17 13 4 4 6 13 5 13 5 10 24 4
split_gain=17695.5 22783.3 17709.5 16574.5 16211.3 18787.6 16328.6 15753.1 15508.3 13517.8 13882.3 13770.5 31784.1 25809.3 15778.3 16137.1 19752.5 28069.9 19464.4 17403.8 15475.9 14722.9 94107.4 31234.1 21588.5 22233.2 20146.5 18752.4 33759.8 51821
threshold=15045.638720000001 136.50000000000003 113.22250000000001 34554.750000000007 90.885000000000005 -1.0000000180025095e-35 155.64000000000001 11.432291666666668 81.520000000000024 30.33392070484582 373.22166666666675 1754.8409150000002 175.86458333333337 11.500000000000002 4.0881250000000007 11.017180616740092 142.42932291666671 49.692500000000003 12569.378060000005 6.1237500000000011 348.50000000000006 84.500000000000014 0.39052863436123347 -3.2149999999999994 48006.250000000007 6.4800000000000013 56831.250000000007 494.7000000000001 396.99500000000006 186.50000000000003
decision_type=10 2 10 2 10 10 10 2 10 2 10 10 10 2 10 2 10 10 10 10 2 2 2 8 2 10 2 10 10 2
left_child=3 -2 -3 4 6 -6 -1 9 -9 11 -11 20 13 -13 -15 19 17 -17 -19 -16 21 23 -23 -5 -24 -26 -25 28 -27 -30
right_child=1 2 -4 7 5 -7 -8 8 -10 10 -12 12 -14 14 15 16 -18 18 -20 -21 -22 22 24 26 25 27 -28 -29 29 -31
leaf_value=-0.058597122677158851 -0.86071622472256415 0.0061643431751759016 -0.53582871316814085 0.70472315544883413 -0.751251694812613 -0.17130987113848714 0.52357359973589579 0.062159409274719656 -0.32271648830526012 0.111957521034365 0.66409520053863524 -0.12156061035905003 -0.76563003918191164 0.30587305863326336 0.47498121838311891 0.02071426084054313 0.33792400439885945 -0.13124761716004324 -0.72510531049651594 0.066722657954866732 -0.080019437914863226 1.1075680113002044 0.0060861182723531797 -0.085150480891614838 0.21298060059133503 0.059340592851116286 0.013355601505389525 0.36277296674674786 -1.1385059628546237 -0.094401297386872723
leaf_weight=1192 42 230 70 53 58 348 44 149 254 469 44 1881 52 156 110 2398 129 1145 51 616 1499 72 13528 2785 863 5936 5674 168 49 298
leaf_count=1192 42 230 70 53 58 348 44 149 254 469 44 1881 52 156 110 2398 129 1145 51 616 1499 72 13528 2785 863 5936 5674 168 49 298
internal_value=-0.000104721 -0.214667 -0.121661 0.00173414 -0.0915743 -0.255801 -0.0374661 0.00572851 -0.180616 0.00771069 0.160514 0.00561405 -0.0339401 -0.0279568 0.0102955 -0.000135015 -0.0253737 -0.038504 -0.157156 0.129148 0.0139772 0.0187681 0.0323055 -0.0144933 0.028538 0.0700585 -0.0190823 0.0509086 0.0425133 -0.244688
internal_weight=40363 342 300 40021 1642 406 1236 38379 403 37976 513 37463 6538 6486 4605 4449 3723 3594 1196 726 30925 29426 20914 8512 20842 7314 8459 6451 6283 347
internal_count=40363 342 300 40021 1642 406 1236 38379 403 37976 513 37463 6538 6486 4605 4449 3723 3594 1196 726 30925 29426 20914 8512 20842 7314 8459 6451 6283 347
is_linear=0
shrinkage=0.03


Tree=227
num_leaves=31
num_cat=0
split_feature=0 8 7 13 1 13 14 15 14 15 15 14 14 5 24 14 4 4 4 13 14 14 5 24 6 13 6 8 15 13
split_gain=19172.4 20688.2 18619.2 17902.9 28626 27518.3 25769.9 21138.8 19389.4 19195 20955.1 17050.7 15163.6 14825 17611.6 28768.1 16279.3 16782.7 16532.8 21281.7 14237.6 17769.9 20017.4 16855.3 93410.2 16196.5 14046.5 22942.1 20786.4 17522
threshold=14.500000000000002 321.04375000000005 3.017361111111112 293.64000000000004 1.5000000000000002 315.09000000000009 470.46000000000004 351.38812500000012 534.45000000000016 373.12250000000006 443.54708333333343 38.355000000000011 650.50000000000011 35821.687500000007 92.00500000000001 169.84750000000003 260.50000000000006 252.50000000000003 240.50000000000003 0.21500000000000002 801.49500000000012 602.50000000000011 53003.125000000007 466.00500000000005 9.0984581497797361 304.53000000000003 14.421806167400883 0.50625000000000009 406.63729166666673 9.8662500000000026
decision_type=2 2 2 8 2 8 10 10 10 10 10 8 10 2 10 10 2 2 2 10 10 10 2 10 2 10 2 2 10 10
left_child=1 11 -2 6 -5 7 26 -6 -8 -7 -11 -1 -12 14 15 -13 17 18 19 -16 21 23 25 -15 -25 -23 27 -4 -28 -29
right_child=2 -3 3 4 5 9 8 -9 -10 10 12 13 -14 20 16 -17 -18 -19 -20 -21 -22 22 -24 24 -26 -27 28 29 -30 -31
leaf_value=-0.21481240383914804 0.20036569601527163 -0.07183737564269832 -0.00020877290098438099 0.79087090831249951 0.20146318954048736 0.30308156926184893 -0.57397734963174529 0.99589865261858157 -0.022851296331571496 -0.73961965455199186 -0.34253396504248179 -0.043104232138251659 0.27985744074634883 0.0059681780908955994 -0.58872210220551835 0.57276900560083521 -0.47084217336686218 0.37770665420456367 -0.6981812073746505 -0.01888225611576012 -0.49005436238120581 0.91066804698535364 -0.26142130900513044 1.449520539343357 -0.48977586220949881 0.25249727119220777 -0.014279892382130748 0.25090030120462986 0.49797089979052539 0.07431348267328089
leaf_weight=335 534 4847 3585 63 98 87 115 43 114 52 71 1769 68 17089 70 70 152 54 48 349 50 41 54 41 47 177 7279 643 71 2363
leaf_count=335 534 4847 3585 63 98 87 115 43 114 52 71 1769 68 17089 70 70 152 54 48 349 50 41 54 41 47 177 7279 643 71 2363
internal_value=-9.60354e-05 -0.0161454 0.0265286 0.0201798 0.199791 0.109246 0.0140565 0.449045 -0.30091 -0.0640894 -0.232042 -0.00287513 -0.0382306 0.00068342 -0.067454 -0.019363 -0.198641 -0.118477 -0.176536 -0.115257 0.0104679 0.0119302 0.252067 0.0081131 0.419895 0.379875 0.0192515 0.051048 -0.00926455 0.112157
internal_weight=40379 25193 15186 14652 482 419 14170 141 229 278 191 20346 139 20011 2512 1839 673 521 467 419 17499 17449 272 17177 88 218 13941 6591 7350 3006
internal_count=40379 25193 15186 14652 482 419 14170 141 229 278 191 20346 139 20011 2512 1839 673 521 467 419 17499 17449 272 17177 88 218 13941 6591 7350 3006
is_linear=0
shrinkage=0.03


Tree=228
num_leaves=31
num_cat=0
split_feature=1 6 2 14 0 0 1 10 8 8 10 14 14 10 24 9 2 2 15 15 10 7 24 12 4 1 4 15 14 12
split_gain=15459.4 45520.7 180268 22433.8 19392.8 20770.1 19997.7 20753.7 20214.8 18534.4 23665.5 25355 40851.1 25701.7 18917.1 24448.5 23101.2 22634.5 17734.4 47050 33609.2 21873.9 19866.1 20220.8 18162.3 16611.6 16451.5 16872.7 15966.6 15674.8
threshold=1.5000000000000002 0.39052863436123347 3.5000000000000004 52.095000000000006 1.5000000000000002 14.500000000000002 5.5000000000000009 82.173750000000013 622.23125000000016 0.11250000000000002 465.86000000000007 470.46000000000004 508.52000000000004 236.68500000000003 396.99500000000006 344.27500000000003 5.5000000000000009 9.5000000000000018 406.63729166666673 477.00062500000007 367.73000000000008 4.2343750000000009 396.99500000000006 373.12250000000006 244.50000000000003 4.5000000000000009 26.500000000000004 73.996041666666684 220.38000000000002 302.37062500000008
decision_type=2 2 2 10 2 2 2 10 2 2 10 10 10 10 10 10 2 2 10 8 10 2 10 10 2 2 2 10 10 10
left_child=1 2 -1 -3 25 18 -7 -8 29 -5 11 13 -13 26 16 -16 -15 -18 22 20 -20 -22 -6 -24 -21 -2 27 -11 -27 -9
right_child=4 3 -4 9 5 6 7 8 -10 10 -12 12 -14 14 15 -17 17 -19 19 24 21 -23 23 -25 -26 28 -28 -29 -30 -31
leaf_value=0.010224493290034106 0.0065025808704646916 -0.17294911835007371 2.201153541526129 -0.012817147038060793 -0.040504696753581024 -0.0058762954706219192 -0.028534815997912473 0.15729957827844226 -0.40648985972007112 -0.086356380364264948 0.71023829042911524 -0.86928459521602186 0.050684238115618049 0.0266735831896464 -0.48082403522364942 0.4293589572146021 1.1052297374137809 0.33539513871703347 0.079378115388664225 0.02082690495914883 1.3476160357793172 0.46632258142743788 -0.92401811799832756 -0.1858086154290608 -0.59663913607597352 0.1087583274042752 0.045019319684013306 0.40384103736399035 0.41975510883038164 0.54963791258407368
leaf_weight=158 1426 499 42 4623 14935 8621 786 1275 53 87 50 67 120 62 48 57 69 70 102 134 44 62 41 167 62 797 5316 227 182 98
leaf_count=158 1426 499 42 4623 14935 8621 786 1275 53 87 50 67 120 62 48 57 69 70 102 134 44 62 41 167 62 797 5316 227 182 98
internal_value=0.00206501 0.0314739 0.478982 0.0235082 -0.00967982 -0.0171156 0.0147735 0.0952196 0.163404 0.0326038 0.0666164 0.0612455 -0.281801 0.0720981 0.33942 0.0126645 0.509206 0.722708 -0.0393351 0.156593 0.469842 0.841318 -0.0445723 -0.335046 -0.176531 0.0718552 0.0575109 0.268179 0.166943 0.185683
internal_weight=40280 11495 200 11295 28785 26380 10833 2212 1426 10796 6173 6123 187 5936 306 105 201 139 15547 404 208 106 15143 208 196 2405 5630 314 979 1373
internal_count=40280 11495 200 11295 28785 26380 10833 2212 1426 10796 6173 6123 187 5936 306 105 201 139 15547 404 208 106 15143 208 196 2405 5630 314 979 1373
is_linear=0
shrinkage=0.03


Tree=229
num_leaves=31
num_cat=0
split_feature=24 10 1 8 8 25 14 12 14 5 5 14 8 4 5 12 9 12 14 15 14 15 15 25 15 4 15 14 4 4
split_gain=21283.8 62592.1 25369.8 24142.6 17968 15822.5 25036.9 21401.3 16349.9 25608.3 80484.4 24821.9 45926.2 23945.7 20144.3 19767.1 18225 16621.7 26489.3 31695.1 19126.2 62868.1 26253.9 18867.5 16283.9 14809.1 16151.5 23308.2 20681.4 17710.5
threshold=427.87500000000006 380.28000000000003 1.5000000000000002 8.9562500000000025 719.03750000000014 12.43125 85.125000000000014 41.885000000000005 421.93000000000006 69712.500000000015 67364.250000000015 438.64000000000004 11.618750000000002 188.50000000000003 51081.250000000007 315.7247916666667 229.01000000000002 351.38812500000012 387.40500000000003 237.64000000000001 343.97000000000008 188.36187500000003 331.09791666666672 316.57312500000006 233.41687500000003 272.50000000000006 417.90270833333335 560.49500000000012 223.50000000000003 259.50000000000006
decision_type=10 10 2 2 2 8 10 10 8 2 2 8 2 2 2 8 10 10 10 10 10 10 10 10 8 2 10 10 2 2
left_child=4 -2 3 -3 5 6 -1 -8 17 10 11 12 -10 -14 16 -16 -13 18 20 -20 23 -22 -23 -7 -17 26 28 -28 -18 -30
right_child=1 2 -4 -5 -6 8 7 -9 9 -11 -12 14 13 -15 15 24 25 -19 19 -21 21 22 -24 -25 -26 -27 27 -29 29 -31
leaf_value=0.016325018616448406 -0.60390094701309216 -0.13086390659922645 -0.097556950611650275 0.63159204706068961 -0.1209888887414682 -0.0022558350940521154 0.63971034180617226 0.15891267534136103 -0.032202428228982533 -0.46788044532432271 1.3624038607594759 0.6502192870011696 0.22501601870854693 1.1149492893025681 -0.7582126795053481 0.47271576579024149 0.012996488183736801 0.60118191657996767 -0.81311738363684027 -0.11879705429925948 1.0138387732175842 -0.021106623158603906 0.67898789667420922 -0.45785708887547977 -0.17455172905737387 -0.37892804274793529 -0.48460938951064797 0.18107931439120034 0.61367896345059769 0.048672259954305797
leaf_weight=792 205 62 715 92 1047 34631 121 266 130 67 45 51 44 73 44 40 239 40 72 315 69 449 53 81 238 60 86 103 142 77
leaf_count=792 205 62 715 92 1047 34631 121 266 130 67 45 51 44 73 44 40 239 40 72 315 69 449 53 81 238 60 86 103 142 77
internal_value=-0.00202884 -0.133731 -0.0222496 0.325765 0.0015668 0.0049177 0.113068 0.310501 0.00148238 0.100592 0.128673 0.0858412 0.356506 0.785017 0.0236666 -0.174787 0.108089 -0.00251411 -0.00320792 -0.249736 -0.00049689 0.171567 0.0540107 -0.00333213 -0.0800592 0.0681191 0.110097 -0.122783 0.206256 0.416148
internal_weight=40449 1074 869 154 39375 38328 1179 387 37149 1439 1372 1327 247 117 1080 322 758 35710 35670 387 35283 571 502 34712 278 707 647 189 458 219
internal_count=40449 1074 869 154 39375 38328 1179 387 37149 1439 1372 1327 247 117 1080 322 758 35710 35670 387 35283 571 502 34712 278 707 647 189 458 219
is_linear=0
shrinkage=0.03


Tree=230
num_leaves=31
num_cat=0
split_feature=25 13 4 13 10 12 16 7 25 10 0 5 13 25 4 4 5 16 17 11 12 13 22 25 25 16 15 15 5 16
split_gain=20316.2 24562.2 30033.3 25170.8 20241.1 18091.7 17901.9 17859 22511 23450.9 17664 16908.8 16371.4 25154.4 26454 35967.5 26144.5 25214.9 24409.4 23365.7 21321.4 44353.1 35549.3 27936.5 21788.8 21259.9 28256 21032.1 20609 20704.4
threshold=32.143125000000005 -0.50499999999999989 270.50000000000006 -1.0162499999999997 -23.451249999999998 108.27708333333335 9892.672507177127 3.220486111111112 484.18229166666674 380.28000000000003 17.500000000000004 42823.562500000007 3.5600000000000005 113.68005208333334 355.50000000000006 223.50000000000003 44406.250000000007 11284.474023714241 3435.6155000000003 129.01625000000004 87.752083333333346 33.81750000000001 1.0000000180025095e-35 126.31166666666668 72.502083333333346 8611.5419976579615 45.749375000000008 142.67291666666668 52701.500000000007 6232.4303678495135
decision_type=8 8 2 10 10 10 8 2 10 10 2 2 10 10 2 2 2 10 10 10 10 10 2 10 10 8 10 10 2 8
left_child=4 2 3 6 -1 -6 -2 8 9 -3 -5 -4 13 14 15 17 -15 28 20 -17 23 27 24 -14 25 26 -23 -22 -9 -30
right_child=1 7 11 10 5 -7 -8 12 -10 -11 -12 -13 18 16 -16 19 -18 -19 -20 -21 21 22 -24 -25 -26 -27 -28 -29 29 -31
leaf_value=-0.43822184855470786 -0.17862403798172546 0.069862430359682967 -0.11152866484766656 -0.68226511717203164 0.068917163987697011 -0.3510839571217273 0.054312059737476812 -0.0098160788519544434 -0.47669318578460002 0.63427099396858144 0.022848401394757356 0.64204035453711239 -0.04336028223483613 -0.62076386802555883 -0.3734496579228378 0.15509579923652594 0.045631436286745847 -0.34887022594921291 -0.12158306376934583 0.55016667298678501 0.15252981088392756 -0.62747976269040784 -0.33349980422949532 -0.63685655087232595 -0.00051204489217549247 0.3345523305820382 0.17771781988207336 0.54312785924997864 0.46020627222461263 0.066273856165411579
leaf_weight=73 1027 2614 43 123 5182 93 417 2047 65 67 43 69 8383 101 122 1205 110 164 1904 151 488 55 281 71 14187 344 130 166 180 358
leaf_count=73 1027 2614 43 123 5182 93 417 2047 65 67 43 69 8383 101 122 1205 110 164 1904 151 488 55 281 71 14187 344 130 166 180 358
internal_value=0.00010153 -0.00823918 -0.118678 -0.151781 0.0545461 0.0614473 -0.111365 -0.00250637 0.0707532 0.0841986 -0.500572 0.354297 -0.00911571 0.044133 0.0601134 0.0730866 -0.274777 0.0106992 -0.0182031 0.199463 -0.0100326 0.0107041 0.000150079 -0.0484194 0.00654331 0.195401 -0.0637518 0.25235 0.0336374 0.198682
internal_weight=40263 34915 1722 1610 5348 5275 1444 33193 2746 2681 166 112 30447 4438 4227 4105 211 2749 26009 1356 24105 15651 14997 8454 14716 529 185 654 2585 538
internal_count=40263 34915 1722 1610 5348 5275 1444 33193 2746 2681 166 112 30447 4438 4227 4105 211 2749 26009 1356 24105 15651 14997 8454 14716 529 185 654 2585 538
is_linear=0
shrinkage=0.03


Tree=231
num_leaves=31
num_cat=0
split_feature=6 24 15 7 6 4 13 13 12 17 25 12 6 9 12 13 12 12 13 13 0 12 4 4 25 25 10 4 10 15
split_gain=17257.3 65040.9 285494 19792 19695.9 17523 16997.8 16864.6 20900.3 17904.5 16540.6 29809.3 22177.5 21979 17629.7 34254.7 31697.8 29907.5 24288.9 32106.6 26180.1 17207.3 17591.7 17113.8 40793.5 22921.5 33782.9 17040.5 26606.3 17033.1
threshold=5.2376651982378855 410.77500000000003 331.09791666666672 4.4739583333333348 1.8845814977973572 339.50000000000006 -76.709999999999994 33.81750000000001 101.19083333333334 4781.872980000001 444.56375000000008 417.90270833333335 15.048678414096919 466.00500000000005 343.15729166666671 225.04500000000004 277.52729166666671 302.37062500000008 258.71000000000009 268.29500000000007 13.500000000000002 396.69062500000013 242.50000000000003 311.50000000000006 258.53812500000009 208.25750000000005 232.04000000000005 237.50000000000003 494.7000000000001 458.07729166666678
decision_type=2 10 8 2 2 2 10 10 10 8 10 10 2 10 10 10 10 10 10 10 2 10 2 2 8 10 10 2 10 10
left_child=1 -1 -3 6 -4 10 -2 8 9 -7 11 13 -12 14 16 -16 23 -18 20 -20 -17 -14 27 -5 25 26 -25 28 -23 -21
right_child=3 2 4 5 -6 7 -8 -9 -10 -11 12 -13 21 -15 15 18 17 -19 19 29 -22 22 -24 24 -26 -27 -28 -29 -30 -31
leaf_value=0.032459727981671065 -0.49352599182831391 2.8075910303069325 -0.58574966907501214 -0.020014726300723509 0.20073313068174109 0.1140531454348889 0.030578063479083418 -0.22878517121343042 0.53487216585560848 -0.23238160825559967 -0.75617672350523724 0.428863155675413 -0.56532224826514721 -0.70895647021328523 0.77873867940902708 0.090683386266231528 -0.49409299784898753 0.035211043892810066 0.7780388986560014 0.14412246265121406 -0.93504641916693698 0.33713013766209282 -0.32952921744436026 0.067953566273041763 0.98408186397769237 -0.292059037878031 0.88682743184109947 0.63935761041146644 -0.43075945217061684 -0.48456651719326665
leaf_weight=4823 55 40 44 20649 78 253 10253 700 56 284 55 136 63 40 69 49 239 160 64 221 40 89 111 1296 43 151 46 46 73 46
leaf_count=4823 55 40 44 20649 78 253 10253 700 56 284 55 136 63 40 69 49 239 160 64 221 40 89 111 1296 43 151 46 46 73 46
internal_value=0.000142345 0.0523859 0.641782 -0.00723939 -0.0853725 -0.0216723 0.027734 -0.129173 -0.0113999 -0.0692551 -0.0157987 -0.0123572 -0.198444 -0.0149718 -0.0137381 0.16429 -0.0175999 -0.282283 0.0617348 0.1801 -0.375586 -0.116377 -0.0262248 -0.012827 0.0837497 0.0571778 0.0966617 0.136437 -0.00941403 0.0344051
internal_weight=40272 4985 162 35287 122 24979 10308 1293 593 537 23686 23249 437 23113 23073 489 22584 399 420 331 89 382 319 22185 1536 1493 1342 208 162 267
internal_count=40272 4985 162 35287 122 24979 10308 1293 593 537 23686 23249 437 23113 23073 489 22584 399 420 331 89 382 319 22185 1536 1493 1342 208 162 267
is_linear=0
shrinkage=0.03


Tree=232
num_leaves=31
num_cat=0
split_feature=5 8 4 4 5 4 13 13 14 5 25 4 24 23 14 5 14 17 14 13 1 5 0 4 10 25 11 4 9 17
split_gain=14613 21013.9 22793.4 18743.4 35358.6 313758 23858.6 20268.3 35929 27729.4 22470.3 19862.4 19261.8 19024.8 39451.1 27613.9 18367.7 17671.8 20180.8 20038.5 18434.1 16824.2 16574.6 36138 20517.8 16536.1 26103.6 24193.4 16248.9 15834
threshold=40906.250000000007 71.725000000000009 255.50000000000003 84.500000000000014 68762.500000000015 326.50000000000006 -3.2149999999999994 40.267500000000005 131.75250000000003 53156.250000000007 159.98604166666669 334.50000000000006 331.43000000000006 4.5000000000000009 348.72500000000008 58306.250000000007 96.010000000000005 15.060900000000002 232.05000000000004 78.511250000000004 2.5000000000000004 74725.000000000015 14.500000000000002 122.50000000000001 -1.0000000180025095e-35 484.18229166666674 396.59500000000008 241.50000000000003 331.43000000000006 inf
decision_type=2 2 2 2 2 2 8 10 10 2 10 2 10 2 10 2 10 10 10 10 2 2 2 2 10 10 10 2 10 8
left_child=1 2 16 6 7 -6 -2 8 -5 10 29 17 21 15 -15 -8 -1 -9 20 -20 -19 -7 23 -3 -25 26 -18 -27 -4 -10
right_child=3 22 28 4 5 12 13 11 9 -11 -12 -13 -14 14 -16 -17 25 18 19 -21 -22 -23 -24 24 -26 27 -28 -29 -30 -31
leaf_value=-0.066822719647027018 0.59838747261870984 -0.88918307136243846 -0.093881520252839745 0.01933621747971926 2.5256357860833409 0.11169408467285713 -0.13940803999535284 0.021834930048775125 0.041797927802068549 0.40874329874853049 0.5565679169937815 -0.10501074814113061 -0.12552473564300087 0.019531821242308307 0.70004951065099685 -0.012153616409203972 0.060426683777957582 0.11185500513280877 -0.10628219031152271 -0.89487578913298516 -0.15755703593390016 0.66354119472205642 -0.04595980968025648 0.43901823757216329 -0.20189076357941174 0.0047133826819481328 0.64179177086747863 -0.85289431833943652 -0.67314061896006261 0.25833542293564948
leaf_weight=1460 54 66 1422 7771 49 294 2301 8789 1432 331 96 1643 285 2602 78 4605 3346 355 62 54 638 59 1176 47 724 95 70 42 44 385
leaf_count=1460 54 66 1422 7771 49 294 2301 8789 1432 331 96 1643 285 2602 78 4605 3346 355 62 54 638 59 1176 47 724 95 70 42 44 385
internal_value=0.000954034 -0.0340147 -0.00770361 0.0102687 0.0254112 0.237128 -0.0246697 0.018653 0.0498787 0.155592 0.111599 -0.00844578 0.0576872 -0.0282415 0.0395917 -0.0545674 0.0227294 0.00759234 -0.1052 -0.477897 -0.0612259 0.205543 -0.118653 -0.220612 -0.162303 0.0595367 0.0725242 -0.262478 -0.111714 0.0877964
internal_weight=40375 8492 6479 31883 22243 687 9640 21556 10015 2244 1913 11541 638 9586 2680 6906 5013 9898 1109 116 993 353 2013 837 771 3553 3416 137 1466 1817
internal_count=40375 8492 6479 31883 22243 687 9640 21556 10015 2244 1913 11541 638 9586 2680 6906 5013 9898 1109 116 993 353 2013 837 771 3553 3416 137 1466 1817
is_linear=0
shrinkage=0.03


Tree=233
num_leaves=31
num_cat=0
split_feature=6 8 24 25 5 11 25 24 4 13 13 11 4 14 14 25 24 13 5 7 13 0 14 14 17 5 17 25 7 25
split_gain=14808.1 20485.3 21448 19649 39582.3 16674.8 16340.9 40977.5 113771 29402.9 18155 15862.2 18675.7 21122.3 23439.5 20010.5 17021.3 15376.9 23523 23719.2 28662.4 15322.9 15172 17452.4 15007.1 17511.3 14305.3 20109.9 17334.7 14295
threshold=27.005726872246697 228.45625000000004 396.99500000000006 365.13833333333338 42950.750000000007 644.96000000000015 444.56375000000008 466.00500000000005 258.50000000000006 281.36500000000007 281.36500000000007 494.55500000000006 348.50000000000006 481.94000000000005 470.46000000000004 365.13833333333338 301.8300000000001 258.71000000000009 47802.937500000007 3.564236111111112 345.17000000000002 11.500000000000002 398.82500000000005 283.66500000000002 15045.638720000001 43376.250000000007 3382.1315400000003 108.97041666666668 3.9027777777777781 419.74625000000009
decision_type=2 2 10 10 2 10 10 10 2 10 10 10 2 10 10 10 10 10 2 2 10 2 10 10 10 2 8 10 2 10
left_child=1 5 3 21 -5 6 7 11 -9 -8 -10 12 13 14 -1 22 -13 -4 -19 -20 -21 -3 23 26 -23 -26 27 -14 -29 -15
right_child=-2 2 17 4 -6 -7 9 8 10 -11 -12 16 15 29 -16 -17 -18 18 19 20 -22 24 -24 -25 25 -27 -28 28 -30 -31
leaf_value=0.0095519264468335811 0.084406310961477091 -0.11231601675281561 -0.58544226554632184 -0.41595878694738658 0.71381250364439819 0.44840260968966916 -0.69985938984614149 1.8031362267427666 -0.48650118500628364 -0.063945931373369 0.37197734688009537 0.74643924640284642 0.11016168360112726 0.30055715424961904 -0.5146472306491493 -0.55901023828983309 0.0061885941761024924 -0.56997631613801159 -0.5328618252277374 0.67952830558314048 -0.18624302384044442 -0.013053177070781753 0.25923324352243671 -0.56826966394396383 -0.81202105017503101 -0.10141084585052269 -0.16822058137036444 0.033015123109022777 -0.81325425708016674 -0.23462960246663825
leaf_weight=25847 1725 2007 99 41 83 76 77 42 46 408 41 53 488 339 76 79 58 81 47 67 69 7387 114 67 44 103 674 44 42 51
leaf_count=25847 1725 2007 99 41 83 76 77 42 46 408 41 53 488 339 76 79 58 81 47 67 69 7387 114 67 44 103 674 44 42 51
internal_value=-0.00156716 -0.00540635 -0.0423027 -0.0337849 0.33992 0.00752168 0.00633222 0.00931897 0.54071 -0.166138 -0.0823012 0.00684554 0.00541096 0.0112966 0.00799531 -0.0972269 0.36315 -0.268376 -0.147715 0.0412693 0.242123 -0.0386769 -0.0713249 -0.100157 -0.0190477 -0.31816 -0.0745909 0.0354518 -0.384876 0.23015
internal_weight=40375 38650 10028 9665 124 28622 28546 28061 129 485 87 27932 27821 26313 25923 1508 111 363 264 183 136 9541 1429 1315 7534 147 1248 574 86 390
internal_count=40375 38650 10028 9665 124 28622 28546 28061 129 485 87 27932 27821 26313 25923 1508 111 363 264 183 136 9541 1429 1315 7534 147 1248 574 86 390
is_linear=0
shrinkage=0.03


Tree=234
num_leaves=31
num_cat=0
split_feature=6 11 8 6 15 16 5 9 4 9 1 13 4 25 25 5 11 25 6 6 4 0 9 4 15 6 15 4 12 8
split_gain=15716.9 15690.3 15476.9 22532.2 17787.4 17643.4 24667.2 33203.8 28128.7 17981.4 17277.8 15584.5 14814.8 15160.5 32483 52497.8 34015.9 25196.3 32702.1 25000 23712.6 31591.1 23608.3 15049.2 14119.1 16986.6 14106.5 13943.7 22349.4 22497.6
threshold=32.259691629955952 127.77500000000002 378.71875000000006 23.084801762114541 4.0881250000000007 5653.9389137593607 57578.062500000007 93.992500000000021 172.50000000000003 142.40500000000003 2.5000000000000004 345.17000000000002 348.50000000000006 444.56375000000008 302.37062500000008 68762.500000000015 524.47500000000002 284.98812500000003 6.732158590308372 15.048678414096919 242.50000000000003 4.5000000000000009 279.52000000000004 351.50000000000006 296.20833333333337 8.7262114537444955 246.2154166666667 257.50000000000006 214.00083333333336 498.44375000000008
decision_type=2 10 2 2 10 10 2 10 2 10 2 10 2 10 10 2 10 10 2 2 2 2 10 2 10 2 10 2 10 2
left_child=2 -2 3 5 -4 12 7 -7 10 -8 -9 -5 13 14 17 16 -16 24 26 -15 -21 -22 -20 -14 -1 -26 -19 -6 -29 -30
right_child=1 -3 4 11 27 6 9 8 -10 -11 -12 -13 23 19 15 -17 -18 18 22 20 21 -23 -24 -25 25 -27 -28 28 29 -31
leaf_value=0.013097951565417347 0.099582078573444199 0.6147901073098182 0.28636777202764602 0.097050143187174989 -0.03495560531679686 -0.059346410076208361 0.078227758874140324 -0.88310924449024053 -0.11055291941371108 -0.3584642444815036 -0.35561528759424027 0.57488423903938379 -0.29709707584097444 -0.52039887045739119 0.084635080323706188 0.99911031721243226 0.8974924640266263 -0.33875804849600388 -0.085917119751585294 0.13314540513358372 -1.0253703827636187 -0.041567325680813887 -0.940870022714138 -0.038898755616273699 -0.1117410833939262 0.47439695291191808 0.25307271713470209 -0.10147302824366454 -0.16296439197556725 -1.0337199751945101
leaf_weight=23608 247 67 145 1566 6430 2288 1260 93 253 90 144 63 248 121 859 66 48 58 46 268 42 93 79 1106 68 126 93 525 57 50
leaf_count=23608 247 67 145 1566 6430 2288 1260 93 253 90 144 63 248 121 859 66 48 58 46 268 42 93 79 1106 68 126 93 525 57 50
internal_value=4.02181e-05 0.211118 -0.00162643 0.00714814 -0.0414174 0.00144185 -0.0563032 -0.107413 -0.331277 0.0488712 -0.565447 0.115871 0.0102955 0.0154166 0.0187596 0.188607 0.128594 0.0118885 -0.272583 -0.144135 -0.0301538 -0.352928 -0.629426 -0.086375 0.0151984 0.269427 0.0250139 -0.0481872 -0.182538 -0.575663
internal_weight=40207 314 39893 32686 7207 31057 4128 2778 490 1350 237 1629 26929 25575 25051 973 907 24078 276 524 403 135 125 1354 23802 194 151 7062 632 107
internal_count=40207 314 39893 32686 7207 31057 4128 2778 490 1350 237 1629 26929 25575 25051 973 907 24078 276 524 403 135 125 1354 23802 194 151 7062 632 107
is_linear=0
shrinkage=0.03


Tree=235
num_leaves=31
num_cat=0
split_feature=25 12 9 12 25 12 12 13 14 14 25 13 13 17 5 22 23 13 14 7 15 5 6 24 11 14 24 10 14 15
split_gain=17614.1 28378.2 23990.8 29686.6 35296.2 22385.4 28116.8 30196.8 30028.6 28019.3 24667.2 29480.3 24447.8 26048.5 25430.3 24163.8 20498.8 23925.1 19993.9 18117.2 18008.5 17699.4 15944 72652.9 254017 18806.6 18482.2 34891.6 25513.6 18738.4
threshold=32.143125000000005 40.351041666666674 29.085000000000004 112.52760416666668 93.401666666666685 87.752083333333346 83.088593750000015 59.305000000000007 113.94500000000001 165.07875000000004 104.93875000000003 -0.96874999999999989 33.81750000000001 6289.6118300000007 53300.312500000007 1.0000000180025095e-35 6.5000000000000009 60.520000000000003 96.010000000000005 5.8489583333333348 96.201875000000015 42339.375000000007 4.8218061674008821 410.77500000000003 380.06500000000005 560.49500000000012 410.77500000000003 380.28000000000003 560.49500000000012 458.07729166666678
decision_type=8 8 8 10 10 8 10 10 10 10 10 10 8 10 2 2 2 10 10 2 10 2 2 10 10 10 10 10 10 10
left_child=-1 -2 3 4 18 6 9 8 19 10 -4 -12 14 15 -7 22 17 -15 -3 -8 -17 -13 23 -14 -25 -26 28 -28 29 -24
right_child=1 2 5 -5 -6 12 7 -9 -10 -11 11 21 13 16 -16 20 -18 -19 -20 -21 -22 -23 26 24 25 -27 27 -29 -30 -31
leaf_value=0.049500774170551404 -0.09312222241084854 -0.083592560791089884 -0.0194745891845454 0.6917599525886613 -0.22831883209002643 0.067333008085426319 -0.38133325630571779 -0.0034076349461884263 -0.2325592949193579 0.39325657182640128 0.44153534560787433 -0.91572070935437844 0.044256820858863323 0.21850036157309774 0.38138983616026467 0.023059449953664289 -0.62814720885320141 -0.28156274608697796 0.18714192184994344 -1.2923613305389881 -0.4018510379327031 -0.26716340821280454 0.0099678828915670172 2.7347836380470087 0.42836851791540781 -0.37204817418940361 -0.431637747531257 -0.024065075720088841 0.29502929497417058 -0.29589035258674229
leaf_weight=5379 3257 304 9257 73 284 1077 40 528 630 142 48 42 2696 126 295 151 87 267 1264 40 220 337 12107 40 44 63 245 817 279 182
leaf_count=5379 3257 304 9257 73 284 1077 40 528 630 142 48 42 2696 126 295 151 87 267 1264 40 220 337 12107 40 44 63 245 817 279 182
internal_value=-0.00103093 -0.00881102 -0.000141742 0.10247 0.0788818 -0.00678235 -0.0406029 -0.175278 -0.302906 -0.0236188 -0.0297716 -0.252435 0.0132332 0.00357549 0.135088 0.00979113 -0.214109 -0.12109 0.134633 -0.847179 -0.229312 -0.341256 0.0151897 0.0798004 0.72697 -0.0419861 0.00170811 -0.118408 0.0118666 0.00541442
internal_weight=40321 34942 31685 1925 1852 29760 11064 1238 710 9826 9684 427 18696 17324 1372 16844 480 393 1568 80 371 379 16473 2843 147 107 13630 1062 12568 12289
internal_count=40321 34942 31685 1925 1852 29760 11064 1238 710 9826 9684 427 18696 17324 1372 16844 480 393 1568 80 371 379 16473 2843 147 107 13630 1062 12568 12289
is_linear=0
shrinkage=0.03


Tree=236
num_leaves=31
num_cat=0
split_feature=1 6 7 0 15 0 0 4 15 13 12 14 4 5 7 12 1 24 10 4 15 0 1 1 10 15 4 6 14 24
split_gain=16322.5 100928 169595 41224.6 34746.7 24119.2 19368.7 18228.8 29177.9 24175.2 30844.4 19834.7 16577.7 14909.3 13820.4 20310.1 22452 19196 32443.6 23938.3 23857.2 16874.8 16494.5 14763 20164 14257.5 13601.7 13145 13324.7 25097.2
threshold=1.0000000180025095e-35 0.39052863436123347 5.1406250000000027 4.5000000000000009 406.63729166666673 20.500000000000004 1.5000000000000002 20.500000000000004 74.281875000000014 20.050000000000004 87.752083333333346 57.045000000000009 266.50000000000006 67056.250000000015 3.6753472222222237 628.70145833333345 3.5000000000000004 396.99500000000006 380.28000000000003 263.50000000000006 513.26479166666684 14.500000000000002 2.5000000000000004 5.5000000000000009 295.05500000000001 477.00062500000007 199.50000000000003 32.259691629955952 508.52000000000004 410.77500000000003
decision_type=2 2 2 2 10 2 2 2 10 10 10 10 2 2 2 10 2 10 10 2 10 2 2 2 10 10 2 2 10 10
left_child=1 2 -1 4 12 7 -2 8 -5 -10 -11 -9 -3 27 -8 17 -17 20 19 26 21 -16 25 -23 -25 -20 -19 28 29 -13
right_child=6 3 -4 5 -6 -7 14 11 9 10 -12 13 -14 -15 15 16 -18 18 22 -21 -22 23 -24 24 -26 -27 -28 -29 -30 -31
leaf_value=-0.018751557613572764 0.06868333225106503 -0.027637916488939023 2.4759495953806652 -0.17185235331293011 -0.96222762723301725 -0.085217586012554553 0.034425296614933508 -0.16077044336643434 1.2206479134729931 -0.27242354158844262 0.78641536796679257 0.12979106239046811 -0.2901544240254999 -0.071282188884417882 -0.040720861400693573 0.016382358615335664 0.93426009953021993 -0.60305250080192785 0.3554305197572708 -1.0989669960737227 0.60027867299105442 -0.0072907265413452169 -0.16516787676998737 0.061978476080531204 0.50624622093340788 -0.19866797086738405 0.011154659830388568 0.64643889410929245 0.63596924098829433 -0.43779453985393046
leaf_weight=61 2860 864 40 60 42 720 4733 265 41 41 60 2737 288 367 14703 56 41 67 124 47 55 9298 444 1777 96 62 62 43 44 71
leaf_count=61 2860 864 40 60 42 720 4733 265 41 41 60 2737 288 367 14703 56 41 67 124 47 55 9298 444 1777 96 62 62 43 44 71
internal_value=0.00175165 0.0485636 0.983837 0.0316525 -0.124801 0.0736593 -0.00606036 0.10435 0.380856 0.613963 0.358133 0.0884104 -0.0934618 0.108697 -0.0128346 -0.0211719 0.409926 -0.0227513 -0.166843 -0.525736 -0.018266 -0.019604 -0.0659065 0.00819076 0.0850073 0.170656 -0.310037 0.131529 0.123542 0.115289
internal_weight=40169 5744 101 5643 1194 4449 34425 3729 202 142 101 3527 1152 3262 31565 26832 97 26735 806 176 25929 25874 630 11171 1873 186 129 2895 2852 2808
internal_count=40169 5744 101 5643 1194 4449 34425 3729 202 142 101 3527 1152 3262 31565 26832 97 26735 806 176 25929 25874 630 11171 1873 186 129 2895 2852 2808
is_linear=0
shrinkage=0.03


Tree=237
num_leaves=31
num_cat=0
split_feature=6 8 11 9 12 24 12 4 6 8 7 25 1 16 25 25 8 13 4 24 16 4 9 25 6 6 5 13 4 15
split_gain=17754.9 17875.9 24922.2 41933 126848 23477.2 31195.5 21883.6 22235.8 20909.5 17609.3 17020.6 30623.3 34286.3 20572.5 31800.7 25365.7 16539.9 17898.1 15253.5 15188.6 15041.4 14206.7 14011 13986.1 12402.8 15286.5 25190.1 24492.1 27576.6
threshold=33.845154185022039 423.16250000000008 367.71000000000009 279.52000000000004 272.38666666666671 396.99500000000006 343.15729166666671 180.50000000000003 1.1993392070484583 29.106250000000003 6.7656250000000027 80.14562500000001 4.5000000000000009 2734.3015981636495 284.98812500000003 97.953333333333333 633.26875000000007 298.67500000000001 253.50000000000003 135.76500000000001 14040.386736227545 257.50000000000006 170.80500000000004 444.56375000000008 26.664537444933924 23.957488986784146 47504.500000000007 11.983750000000002 10.500000000000002 74.281875000000014
decision_type=2 2 10 10 10 10 10 2 2 2 2 10 2 10 10 10 2 10 2 10 10 2 10 10 2 2 2 10 2 10
left_child=1 2 5 4 22 17 -7 10 -9 -10 -5 -3 13 21 15 -14 -16 20 -19 -2 23 -13 -4 25 -15 26 -1 28 29 -28
right_child=19 11 3 7 -6 6 -8 8 9 -11 -12 12 14 24 16 -17 -18 18 -20 -21 -22 -23 -24 -25 -26 -27 27 -29 -30 -31
leaf_value=-0.02026576393738283 0.13551378332078456 -0.00038944559097897879 0.67475780210843894 -0.80349133356757785 1.9681778498028599 -0.92936793704827625 -0.10594818174839019 -0.54302309023573037 0.00052063977564958963 0.2787767996362156 0.030549703810525977 0.011028540914750392 -0.57835214306335181 -0.60066317609035302 -0.26099613837897778 -0.05967422267139081 -1.2463224611112049 0.073568158429116001 0.62215110522282269 0.79082676494324744 -0.14679893346849696 -0.25137338419891381 0.050414239484592373 -0.49089244148310496 -0.036058853801928067 0.10097630530131274 0.11267997730304213 0.004466703665743514 0.076709241211828219 0.8132391827762796
leaf_weight=13806 119 3297 40 45 42 53 179 46 543 439 45 1922 150 134 55 361 41 167 78 43 596 218 165 50 56 1208 118 13227 2931 88
leaf_count=13806 119 3297 40 45 42 53 179 46 543 439 45 1922 150 134 55 361 41 167 78 43 596 218 165 50 56 1208 118 13227 2931 88
internal_value=0.000771378 -0.000498742 0.00809539 0.133626 0.486554 0.00281932 -0.297238 0.0552883 0.0946773 0.125071 -0.390718 -0.0471799 -0.0996877 -0.0501878 -0.2893 -0.21276 -0.690323 0.00498575 0.250038 0.313239 0.00310322 -0.015807 0.174922 0.00595055 -0.435314 0.00675787 0.00298216 0.022596 0.0990117 0.414431
internal_weight=40262 40100 33866 1365 247 32501 232 1118 1028 982 90 6234 2937 2330 607 511 96 32269 245 162 32024 2140 205 31428 190 31378 30170 16364 3137 206
internal_count=40262 40100 33866 1365 247 32501 232 1118 1028 982 90 6234 2937 2330 607 511 96 32269 245 162 32024 2140 205 31428 190 31378 30170 16364 3137 206
is_linear=0
shrinkage=0.03


Tree=238
num_leaves=31
num_cat=0
split_feature=7 8 18 6 5 2 25 5 24 6 5 17 13 12 25 12 13 25 10 2 25 25 13 13 9 25 12 2 15 12
split_gain=14220.2 27387.1 17974.1 18330.3 16392.2 14795.6 25630.8 250326 36688.3 22458 21403.6 16330.4 22427.1 16263.6 18533.5 73038.3 41485.9 34758.1 28754.1 20093.9 38989.2 22574.6 23372.1 20592.4 20036.8 18207.1 18610.5 23183.8 17937.5 29633.2
threshold=3.6753472222222237 772.06250000000011 1.5000000000000002 26.116740088105733 34554.750000000007 11.500000000000002 302.37062500000008 65906.250000000015 381.02500000000003 0.39052863436123347 73006.250000000015 4605.9003950000015 20.050000000000004 343.15729166666671 189.57125000000002 179.27020833333339 103.69500000000001 186.80062500000003 177.32500000000002 10.500000000000002 119.63979166666668 122.00250000000001 50.006250000000001 86.236250000000013 237.215 46.534583333333345 25.359479166666667 9.5000000000000018 296.20833333333337 277.52729166666671
decision_type=2 2 2 2 2 2 10 2 10 2 2 8 10 10 8 10 10 10 10 2 8 10 10 10 10 10 10 2 10 10
left_child=-1 4 -3 -4 -2 6 8 -8 13 -7 11 12 -11 14 15 19 -17 -18 -19 24 23 -22 -23 -21 25 -6 27 -27 -16 -30
right_child=1 2 3 -5 5 9 7 -9 -10 10 -12 -13 -14 -15 28 16 17 18 -20 20 21 22 -24 -25 -26 26 -28 -29 29 -31
leaf_value=0.046257044348890872 -0.10146108650488586 -0.1485095852775935 -1.0928534151826585 -0.19531482245240891 0.038802172046128208 -0.49645094734004558 0.064052579836282403 2.438696108126059 -0.89520929875897193 0.21494254519784006 0.26852369883254668 -0.13717699868450761 -0.09166964252309133 0.36045898111242997 -0.09291044230956863 1.0577397928237915 0.14527586940128506 0.28184964224696157 1.2906677008753127 0.07100093230469437 1.0063299133662473 0.91002945938835966 0.18095324726295225 -0.24125155986518479 -0.63955856426556912 -0.27319429426346109 -0.01581091496441412 0.21260189599461024 0.41872793712592743 -0.32989628470462301
leaf_weight=5707 1431 281 41 41 6046 104 1568 40 40 348 177 1398 557 113 2633 59 591 57 46 1358 43 45 290 220 44 491 16389 107 153 68
leaf_count=5707 1431 281 41 41 6046 104 1568 40 40 348 177 1398 557 113 2633 59 591 57 46 1358 43 45 290 220 44 491 16389 107 153 68
internal_value=0.00237024 -0.00483241 -0.263689 -0.651844 -0.00209456 0.00221924 0.0080778 0.124602 0.00156617 -0.0666837 -0.0484684 -0.0729372 0.0263392 0.00284482 0.0014213 0.00945098 0.300367 0.23455 0.740468 0.000688506 0.0929846 0.36622 0.281306 0.0273424 -0.00713818 -0.00590235 -0.0218149 -0.186061 -0.071105 0.187934
internal_weight=40486 34779 363 82 34416 32985 30401 1608 28793 2584 2480 2303 905 28753 28640 25786 753 694 103 25033 1956 378 335 1578 23077 23033 16987 598 2854 221
internal_count=40486 34779 363 82 34416 32985 30401 1608 28793 2584 2480 2303 905 28753 28640 25786 753 694 103 25033 1956 378 335 1578 23077 23033 16987 598 2854 221
is_linear=0
shrinkage=0.03


Tree=239
num_leaves=31
num_cat=0
split_feature=8 6 23 15 12 11 10 9 24 6 14 24 4 13 4 14 4 5 14 15 13 3 12 13 12 14 24 24 4 4
split_gain=13997.9 20803.7 19868.3 26664 45197.8 25291.8 15109.9 17532.6 18076.6 15018.9 24578.5 40072.3 321478 18924.6 15946.8 17603.4 17284 20934.7 17100.5 22514.7 16322.4 16355.8 16991.6 33430 29792.7 22309 17355 16677.5 15888.3 19060.2
threshold=654.63750000000005 23.775770925110134 4.5000000000000009 15.325208333333336 25.359479166666667 184.24875000000003 427.46000000000009 397.09500000000008 311.45500000000004 10.875110132158591 693.2650000000001 410.77500000000003 98.500000000000014 293.64000000000004 84.500000000000014 451.89500000000004 92.500000000000014 54810.625000000007 338.24625000000009 216.51187500000003 202.49000000000004 1.0000000180025095e-35 86.420260416666693 84.600000000000009 131.61145833333336 136.75125000000006 86.591250000000016 168.12500000000003 108.50000000000001 259.50000000000006
decision_type=2 2 2 10 10 10 10 10 10 2 10 10 2 10 2 10 2 2 10 10 10 2 10 10 10 10 10 10 2 2
left_child=1 9 6 -4 -5 -6 7 8 -2 10 11 14 -13 -14 15 18 17 -16 20 -20 21 22 -1 24 25 -24 -25 -26 -11 -30
right_child=2 -3 3 4 5 -7 -8 -9 -10 28 -12 12 13 -15 16 -17 -18 -19 19 -21 -22 -23 23 26 27 -27 -28 -29 29 -31
leaf_value=-0.05719723706780408 -0.038953430848531832 0.082923653049751314 0.39938806326852899 -1.1314181371679846 -0.10209057565339624 -0.72895595100910759 0.53528208150420076 -0.6319758266799671 0.5489760422463319 -0.083421720202255439 -0.68776041602546523 2.8282732966469553 -0.23285244661348836 0.42990082586512846 0.069751428451336611 -0.55346347500880555 0.034812601601670025 0.45274753519029604 0.67896813506881393 0.059120987142300484 -0.46791172102559359 -0.41597476633389785 0.29153400698290416 0.25390355803553133 1.0685146442868492 0.0081975119609166598 -0.046683358511467994 0.34771658258636795 0.012480073374806772 -0.055428005501859487
leaf_weight=3468 1192 2776 53 52 364 68 42 42 48 2955 43 40 161 50 354 53 6571 201 71 198 71 89 395 185 43 679 2450 89 12192 5352
leaf_count=3468 1192 2776 53 52 364 68 42 42 48 2955 43 40 161 50 354 53 6571 201 71 198 71 89 395 185 43 679 2450 89 12192 5352
internal_value=-5.65053e-05 0.00383009 -0.0803913 -0.234125 -0.304178 -0.202219 -0.017909 -0.0364354 -0.0157708 -0.00232058 0.0202643 0.0223167 0.397468 -0.0745149 0.015978 -0.0136864 0.0484082 0.209023 -0.0099183 0.224633 -0.0183947 -0.014018 -0.00906719 0.0343925 0.165146 0.112578 -0.0254912 0.588791 -0.0190796 -0.00823805
internal_weight=40347 38486 1861 537 484 432 1324 1282 1240 35710 15211 15168 251 211 14917 7791 7126 555 7738 269 7469 7398 7309 3841 1206 1074 2635 132 20499 17544
internal_count=40347 38486 1861 537 484 432 1324 1282 1240 35710 15211 15168 251 211 14917 7791 7126 555 7738 269 7469 7398 7309 3841 1206 1074 2635 132 20499 17544
is_linear=0
shrinkage=0.03


Tree=240
num_leaves=31
num_cat=0
split_feature=7 8 25 12 13 15 15 25 25 25 1 13 14 7 6 6 5 9 1 9 12 25 13 15 15 15 9 25 14 15
split_gain=14261.3 19113.8 19458.8 21873.8 30092.9 39425.8 26755 24812.8 22043.5 20286.3 20103.6 20306.1 18865.6 17851.9 17396.2 32714.2 57248.9 32677.4 17118.2 16324.5 16070.2 48273.9 40247.7 26879.6 24865.8 43906.4 31278.2 23559.1 23217.5 21056.6
threshold=3.6753472222222237 783.81250000000011 47.685468750000005 57.468750000000007 35.850000000000001 139.77625000000003 121.23250000000002 70.479583333333352 57.07416666666667 80.963541666666686 2.5000000000000004 27.268750000000001 155.64000000000001 6.5746527777777795 1.0000000180025095e-35 0.39052863436123347 68762.500000000015 321.3250000000001 4.5000000000000009 93.305000000000021 170.32057291666669 189.57125000000002 85.075000000000003 156.12083333333337 113.875 113.22250000000001 208.97000000000003 186.80062500000003 348.72500000000008 139.77625000000003
decision_type=2 2 8 8 10 10 10 8 10 8 2 10 10 2 2 2 2 10 2 10 10 10 10 10 10 10 10 10 10 10
left_child=-1 2 -2 12 5 6 7 10 -6 -9 13 -12 19 -5 17 16 -16 -10 -8 -4 23 22 -22 24 25 26 -17 28 -24 -26
right_child=1 -3 3 4 8 -7 18 9 14 -11 11 -13 -14 -15 15 20 -18 -19 -20 -21 21 -23 27 -25 29 -27 -28 -29 -30 -31
leaf_value=0.042447158781491842 0.035670750784891285 -0.23627072404786989 -0.075360862021219346 0.00070126593991049694 0.24118172296363374 0.30984996309214818 -0.10829743253083475 0.22986522843526827 -0.12634662946364295 0.047455864509956411 -0.18397168295856844 0.23665658523806002 0.37560514616221186 0.38890433838187188 -0.21498647838830945 -0.048980283955501448 1.3658583995899776 -1.0084858826751057 -0.6121706725213979 -0.33702151326421598 0.96013244235919681 -0.026998935646658676 0.051849721089760978 -0.1833163713067166 0.12669415872412296 -0.96448224007152017 -0.80193737325668335 0.54786052076819058 0.64624608737882228 -0.05614503763475609
leaf_weight=5718 7643 328 3963 419 275 508 341 877 271 1465 787 118 79 142 41 7259 40 43 73 226 58 4977 783 1202 1388 47 49 118 63 957
leaf_count=5718 7643 328 3963 419 275 508 341 877 271 1465 787 118 79 142 41 7259 40 43 73 226 58 4977 783 1202 1388 47 49 118 63 957
internal_value=-0.00143338 -0.0086987 -0.00651006 -0.0186449 -0.00673527 0.0604243 0.0303467 0.0552618 -0.0248166 0.115831 -0.0415131 -0.128927 -0.0808587 0.0994802 -0.0290596 -0.0249605 0.572814 -0.249967 -0.198406 -0.0895547 -0.0278591 0.0115754 0.19927 -0.0495577 -0.0329654 -0.0600855 -0.0541379 0.152544 0.096824 0.0520849
internal_weight=40258 34540 34212 26569 22301 4730 4222 3808 17571 2342 1466 905 4268 561 17296 16982 81 314 414 4189 16901 5999 1022 10902 9700 7355 7308 964 846 2345
internal_count=40258 34540 34212 26569 22301 4730 4222 3808 17571 2342 1466 905 4268 561 17296 16982 81 314 414 4189 16901 5999 1022 10902 9700 7355 7308 964 846 2345
is_linear=0
shrinkage=0.03


Tree=241
num_leaves=31
num_cat=0
split_feature=5 0 0 14 18 24 8 0 24 4 4 10 14 15 4 25 24 12 12 24 14 17 8 24 14 13 15 13 0 8
split_gain=16192.3 20911.8 23773.5 146184 30186.8 18687.8 16314.5 22466.4 25971.2 33446.8 21270.7 18446.6 15933.9 22733.8 18292.1 16980.7 16225.2 24061.4 16668.5 15225 14296.9 13972.4 14410.8 13929 14066.7 43083 19907.7 13916.1 13739.6 15574
threshold=44602.875000000007 6.5000000000000009 8.5000000000000018 470.46000000000004 1.0000000180025095e-35 45.695000000000007 42.250000000000007 14.500000000000002 185.00500000000002 222.50000000000003 260.50000000000006 -2.4362499999999998 147.17500000000004 417.90270833333335 244.50000000000003 82.874583333333348 104.38500000000001 57.028750000000002 45.749375000000008 1.6725000000000001 602.50000000000011 16407.862360000003 654.63750000000005 205.80625000000003 211.32500000000002 76.517500000000013 158.40666666666669 -1.0000000180025095e-35 22.500000000000004 385.96250000000003
decision_type=2 2 2 10 2 8 2 2 10 2 2 10 10 10 2 10 10 10 10 10 10 8 2 10 10 10 10 10 2 2
left_child=6 23 3 4 5 -3 10 8 11 -10 12 -8 16 15 -15 27 -1 18 -18 -9 -16 -21 -23 24 26 -26 -2 -14 29 -4
right_child=1 2 28 -5 -6 -7 7 19 9 -11 -12 -13 13 14 20 -17 17 -19 -20 21 -22 22 -24 -25 25 -27 -28 -29 -30 -31
leaf_value=0.012569933751050817 -0.030768575134586657 0.50865630495438829 0.041845943055444347 1.3980489811988976 -0.17024363917542115 0.10236032271345237 -0.7080563634504442 0.14716105329848472 -0.92656855404376981 -0.057183201959622752 -0.085316973535769752 -0.099202671049213889 0.83001095301700079 0.0035388546829160893 -0.92973910820193406 0.10463143208535773 -0.28125912033502132 -0.042175192874806491 -1.007514927642686 -0.13352761735331392 -0.14709275293350219 0.047160377120691058 -0.31141325927999886 -0.18373329632293819 0.79269468487550809 0.02104323023632932 -0.34430567280307334 0.22201394499260552 -0.077304534900192526 -0.01989335060424343
leaf_weight=4643 3281 108 13083 77 370 1584 45 440 83 76 2099 1747 52 189 40 1636 92 373 41 945 44 1215 109 545 71 682 192 97 1276 5114
leaf_count=4643 3281 108 13083 77 370 1584 45 440 83 76 2099 1747 52 189 40 1636 92 373 41 945 44 1215 109 545 71 682 192 97 1276 5114
internal_value=0.00187593 0.015703 0.0282521 0.123165 0.0749027 0.128579 -0.0242438 -0.0700578 -0.147649 -0.513968 -0.00129726 -0.114878 0.0231815 0.0937171 -0.160825 0.132715 -0.00502359 -0.166166 -0.51099 -0.014143 -0.526335 -0.0454738 0.0174276 -0.0411369 -0.022708 0.0947567 -0.0481962 0.43832 0.0178207 0.0244949
internal_weight=40349 26383 21612 2139 2062 1692 13966 4660 1951 159 9306 1792 7207 2058 273 1785 5149 506 133 2709 84 2269 1324 4771 4226 753 3473 149 19473 18197
internal_count=40349 26383 21612 2139 2062 1692 13966 4660 1951 159 9306 1792 7207 2058 273 1785 5149 506 133 2709 84 2269 1324 4771 4226 753 3473 149 19473 18197
is_linear=0
shrinkage=0.03


Tree=242
num_leaves=31
num_cat=0
split_feature=7 17 12 0 5 15 13 13 7 4 24 14 9 4 14 13 13 22 5 14 7 6 6 8 12 9 24 6 24 8
split_gain=14702.8 15207.4 22086.5 20303.8 16231.7 15974.3 15486.2 27485.5 16899.5 14345.2 13706.7 14289.6 21471.9 16070.7 14253.8 17083.1 15793.4 14181.7 15038 13607.1 13388.7 13357.7 13346 16192.7 13079.2 46425.6 261476 45526.1 31260.7 21714.1
threshold=11.432291666666668 2363.9040300000011 175.86458333333337 11.500000000000002 35821.687500000007 4.0881250000000007 -29.089999999999996 -33.748749999999994 3.9461805555555567 126.50000000000001 42.277500000000011 75.593750000000014 101.91375000000001 2.5000000000000004 130.01000000000002 3.3500000000000001 -2.5487499999999996 1.0000000180025095e-35 53952.562500000007 81.520000000000024 4.7725694444444455 3.1762114537444943 28.020484581497797 783.81250000000011 246.2154166666667 279.52000000000004 354.05500000000006 0.39052863436123347 410.77500000000003 375.20625000000007
decision_type=2 10 10 2 2 10 10 10 2 2 8 10 10 2 10 10 10 2 2 10 2 2 2 2 10 10 10 2 10 2
left_child=1 4 3 -3 -1 9 7 8 -7 -5 11 13 14 -6 16 -16 -13 22 20 -2 -19 -14 23 24 28 26 -26 -27 -12 -29
right_child=19 2 -4 5 10 6 -8 -9 -10 -11 17 12 21 -15 15 -17 -18 18 -20 -21 -22 -23 -24 -25 25 27 -28 29 -30 -31
leaf_value=-0.063724750978810071 0.051443175068059545 -0.12492020518708515 -0.66837463388442997 0.59319245235919948 0.50585318547570046 -0.6147781318922837 -0.0024270656120684354 -0.9459934269104685 0.043965328446817852 -0.0017473570847262939 0.0027278898439451076 0.41741226914155222 0.29354099012212825 -0.020767223091249461 0.60199762398331635 0.16991135573527943 0.081841117891112078 0.13955389986232833 -0.017919278290140402 -0.31653119575662675 -0.41384723914285693 -0.26625618822911246 0.16692655683010202 -0.33689254785658884 0.13467963953564563 -0.6024651895566947 2.5356987496309502 0.069773944820666928 -0.76370866853743791 -0.15868763845971504
leaf_weight=2548 141 1709 49 74 53 44 4690 41 158 71 21849 136 47 1524 122 253 1621 48 421 250 207 192 483 121 809 107 42 1993 47 460
leaf_count=2548 141 1709 49 74 53 44 4690 41 158 71 21849 136 47 1524 122 253 1621 48 421 250 207 192 483 121 809 107 42 1993 47 460
internal_value=-0.00120781 0.000587584 -0.0401434 -0.03551 0.00900486 -0.00540027 -0.0145504 -0.247567 -0.101845 0.30386 0.0150757 0.067228 0.113759 -0.00275915 0.143992 0.311711 0.108039 0.00732915 -0.128219 -0.184042 -0.309539 -0.155406 0.0108703 0.0078996 0.0095614 0.0641951 0.256016 0.000354551 0.00104792 0.0268844
internal_weight=40310 39919 6836 6787 33083 5078 4933 243 202 145 30535 3948 2371 1577 2132 375 1757 26587 676 391 255 239 25911 25428 25307 3411 851 2560 21896 2453
internal_count=40310 39919 6836 6787 33083 5078 4933 243 202 145 30535 3948 2371 1577 2132 375 1757 26587 676 391 255 239 25911 25428 25307 3411 851 2560 21896 2453
is_linear=0
shrinkage=0.03


Tree=243
num_leaves=31
num_cat=0
split_feature=1 0 14 0 11 25 0 4 15 13 12 4 12 12 12 15 25 14 0 17 8 1 13 4 25 14 10 4 15 13
split_gain=15293.1 51716.7 101686 230677 39213 21641 18734.2 18183 33154.2 23266.3 24431.8 23187 19770.4 30537 23464.9 17770 16613.6 16956.9 16013.3 22328.1 17866.1 24254.8 23491.5 22343.2 26616.1 16214.4 17438.9 16181.2 15145.9 13539.6
threshold=1.0000000180025095e-35 4.5000000000000009 470.46000000000004 12.500000000000002 295.01500000000004 409.80145833333341 1.5000000000000002 20.500000000000004 74.281875000000014 20.050000000000004 87.752083333333346 110.50000000000001 40.351041666666674 95.317083333333343 109.91265625000001 124.51536458333335 97.431093750000016 144.92000000000004 11.500000000000002 2144.9437750000011 521.76875000000007 5.5000000000000009 195.09500000000003 257.50000000000006 159.06442708333336 291.46500000000009 143.30500000000004 204.50000000000003 48.331458333333337 -20.979999999999997
decision_type=2 2 10 2 10 10 2 2 10 10 10 2 10 10 10 10 8 10 2 10 2 2 10 2 10 10 10 2 10 10
left_child=1 4 5 -4 16 7 -2 8 -3 -10 -11 12 -9 15 -15 28 -1 -18 19 -8 21 -20 25 -22 -25 26 -23 -24 -14 -13
right_child=6 2 3 -5 -6 -7 18 11 9 10 -12 29 13 14 -16 -17 17 -19 20 -21 23 22 27 24 -26 -27 -28 -29 -30 -31
leaf_value=-0.0017707297960687133 0.066349322250875309 -0.17077619018482751 2.6432019719084101 -0.15761999817994923 -1.0185436468346174 -0.47367430393025273 -0.024057248185386296 -0.26311500089368905 1.1354575360616048 -0.22641344918505005 0.61396042837172138 -0.045703748923925952 0.61804971961006527 -0.80483782239582224 -0.085811644361271117 0.7632224750518799 -0.48389626942388708 -0.10438188481520662 0.0032601826556681126 -0.14674283757209128 -0.038195472982171901 0.05108646360548947 0.82878111083060502 -0.13724589886062818 -0.95779214422290138 -0.40772433769904959 0.25858223672553388 0.21357005237638951 0.060961933850629681 0.13326344146104102
leaf_weight=690 2894 86 44 64 42 64 12923 295 44 45 97 447 49 45 368 43 159 316 11577 1488 3226 1665 63 114 51 58 466 99 364 2538
leaf_count=690 2894 86 44 64 42 64 12923 295 44 45 97 447 49 45 368 43 159 316 11577 1488 3226 1665 63 114 51 58 466 99 364 2538
internal_value=0.00084582 0.0459256 0.0918476 0.997237 -0.128753 0.0698282 -0.00670678 0.0778015 0.314986 0.539298 0.347924 0.06218 -0.0513594 0.0207452 -0.165911 0.189793 -0.0958285 -0.232169 -0.0133719 -0.0367344 0.00606884 0.021104 0.108933 -0.0556737 -0.395111 0.0830193 0.096561 0.456436 0.12839 0.106457
internal_weight=40424 5800 4593 108 1207 4485 34624 4421 272 186 142 4149 1164 869 413 456 1165 475 31730 14411 17319 13928 2351 3391 165 2189 2131 162 413 2985
internal_count=40424 5800 4593 108 1207 4485 34624 4421 272 186 142 4149 1164 869 413 456 1165 475 31730 14411 17319 13928 2351 3391 165 2189 2131 162 413 2985
is_linear=0
shrinkage=0.03


Tree=244
num_leaves=31
num_cat=0
split_feature=24 11 10 24 25 14 13 14 6 25 20 21 16 20 13 19 7 24 13 4 13 14 25 13 12 3 16 12 12 14
split_gain=20764.3 48940.9 44670.3 23547.5 15165.7 20862.5 32581.1 33499.9 52672 28291.6 23891.8 21229.2 20921.6 19391.8 19024.5 18549 16218.9 16195.7 15408.1 17048.8 19456.5 17209.3 15203.2 19892.7 18825 15782 15008.8 15002.2 18813.3 16882.2
threshold=396.99500000000006 524.47500000000002 380.28000000000003 466.00500000000005 32.143125000000005 165.07875000000004 64.030000000000015 283.66500000000002 19.357048458149784 170.86473958333337 1.0000000180025095e-35 1.0000000180025095e-35 4133.6936167023368 1.0000000180025095e-35 113.11000000000001 1.0000000180025095e-35 10.220486111111114 158.05500000000004 -0.50499999999999989 271.50000000000006 -1.0162499999999997 57.045000000000009 104.93875000000003 106.91500000000001 109.91265625000001 1.0000000180025095e-35 10850.03959962895 89.364791666666676 37.47291666666667 161.15500000000003
decision_type=10 10 10 10 8 8 10 10 2 10 2 2 10 2 10 2 2 10 10 2 10 10 8 10 10 2 8 10 10 10
left_child=1 4 3 -2 -1 9 7 11 -9 18 12 13 15 -7 17 16 -8 -14 19 20 21 -6 24 25 -20 27 -23 28 -24 -29
right_child=2 -3 -4 -5 5 6 10 8 -10 -11 -12 -13 14 -15 -16 -17 -18 -19 22 -21 -22 26 23 -25 -26 -27 -28 29 -30 -31
leaf_value=0.047346011892082034 -0.25205416257777269 0.79466648593119216 -0.014560430056856906 -0.79612838961482046 -0.38999714322112222 0.10911704133075141 0.014982437250635309 1.4064482948572739 -0.08016071314128434 -0.70991679161787036 0.34789591561182071 0.593960399031639 -0.17793092511877229 -0.36551225227338296 0.11832217179479138 -0.59470052952351771 -0.27425946515932514 -0.6285272470345864 -0.0094318345225763382 0.2783445585495547 -0.45467004743050182 -0.12557719590817362 0.23134123101234433 0.37067143548193365 0.19955682478014672 -0.5080210972130299 0.11225339021244989 -0.018295832001085949 -0.27759615753340322 -0.32660441767199538
leaf_weight=5405 258 69 1007 99 161 1797 8820 45 40 53 176 77 236 80 123 45 177 103 16945 94 154 871 74 85 396 79 328 1967 519 173
leaf_count=5405 258 69 1007 99 161 1797 8820 45 40 53 176 77 236 80 123 45 177 103 16945 94 154 871 74 85 396 79 328 1967 519 173
internal_value=-0.00188579 0.00213026 -0.116902 -0.404734 0.000708577 -0.00679083 0.025514 0.134473 0.71407 -0.0240788 0.00255126 0.108908 -0.00387994 0.0887039 -0.200571 0.00619105 0.00926227 -0.316284 -0.0223824 -0.111736 -0.136122 -0.0997439 -0.0152778 -0.0788815 -0.00464813 -0.0925974 -0.0604766 -0.0804077 -0.213804 -0.0433608
internal_weight=40456 39092 1364 357 39023 33618 11719 2039 85 21899 9680 1954 9504 1877 462 9042 8997 339 21846 1608 1514 1360 20238 2897 17341 2812 1199 2733 593 2140
internal_count=40456 39092 1364 357 39023 33618 11719 2039 85 21899 9680 1954 9504 1877 462 9042 8997 339 21846 1608 1514 1360 20238 2897 17341 2812 1199 2733 593 2140
is_linear=0
shrinkage=0.03


Tree=245
num_leaves=31
num_cat=0
split_feature=25 12 9 12 25 4 4 4 6 24 1 24 11 4 13 4 6 9 14 15 24 4 25 15 5 15 13 15 5 4
split_gain=13937.4 18623.6 22362.2 25071.4 28845 19095.5 20508.8 17496.7 17597.6 78246.2 227594 18354.4 30246.6 30064.5 23141.6 21973.3 26816 20072.6 18075.4 26266.3 20760.6 20616.9 17592.3 17102.3 24618.2 33484.3 21643.9 17386.2 15864.3 15617.4
threshold=32.143125000000005 40.351041666666674 29.085000000000004 113.74994791666667 87.882968750000003 198.50000000000003 26.500000000000004 2.5000000000000004 5.2376651982378855 410.77500000000003 1.5000000000000002 410.77500000000003 494.55500000000006 186.50000000000003 213.14000000000001 272.50000000000006 9.0984581497797361 321.3250000000001 560.49500000000012 458.07729166666678 266.72500000000008 207.50000000000003 36.776875000000011 477.00062500000007 48602.062500000007 406.63729166666673 351.34500000000008 343.15729166666671 61853.125000000007 50.500000000000007
decision_type=8 8 10 10 10 2 2 2 2 10 2 10 10 2 10 2 2 10 10 10 10 2 8 10 2 10 10 10 2 2
left_child=-1 5 3 4 -3 6 28 -4 9 22 -11 12 18 -13 -14 17 -17 -15 19 -10 -21 -20 -9 24 27 -26 -25 -19 -2 -8
right_child=1 2 7 -5 -6 -7 29 8 11 10 -12 13 14 15 -16 16 -18 23 21 20 -22 -23 -24 26 25 -27 -28 -29 -30 -31
leaf_value=0.045202281390442453 -0.04954950080918414 0.1400476285310697 -0.3821583143279359 0.71971142486522077 -0.15656014600723253 0.017750886809307254 -0.47956490184691158 0.47329414817003101 -0.012231590631998973 2.4795072769341262 -0.065650059738579916 -0.68480035056550814 0.78976870405673971 -0.51011404455304143 0.0063237699440547397 -0.10214140256401151 -1.0757528531412746 0.52302824300268413 -0.2334071294750486 0.07269048983274505 -0.75679478336517736 0.39258891889468372 0.018704246354097152 -0.43174440125902214 0.039571141627701846 1.0459671248251741 0.027973006695652235 -0.11365608105808496 0.71387822386216027 -0.13117263265529511
leaf_weight=5331 55 1474 110 56 368 1233 123 77 23651 45 101 82 74 74 62 63 42 45 62 42 75 192 4331 142 65 54 259 239 43 1796
leaf_count=5331 55 1474 110 56 368 1233 123 77 23651 45 101 82 74 74 62 63 42 45 62 42 75 192 4331 142 65 54 259 239 43 1796
internal_value=1.6144e-05 -0.00686057 0.000134522 0.0999595 0.0807377 -0.0752516 -0.132085 -0.00620808 -0.00480649 0.0494632 0.730347 -0.0146064 -0.00923036 -0.136432 0.435263 -0.0900383 -0.498061 -0.0407318 -0.0117649 -0.0144597 -0.460938 0.239471 0.0267507 0.00305001 0.140895 0.501166 -0.135489 -0.0112918 0.289251 -0.153741
internal_weight=40366 35035 31785 1898 1842 3250 2017 29887 29777 4554 146 25223 24158 1065 136 983 105 878 24022 23768 117 254 4408 804 403 119 401 284 98 1919
internal_count=40366 35035 31785 1898 1842 3250 2017 29887 29777 4554 146 25223 24158 1065 136 983 105 878 24022 23768 117 254 4408 804 403 119 401 284 98 1919
is_linear=0
shrinkage=0.03


Tree=246
num_leaves=31
num_cat=0
split_feature=5 4 5 4 13 4 13 24 14 16 13 13 4 4 17 14 14 10 16 4 4 1 16 15 17 16 15 1 13 13
split_gain=15865.5 15001.8 34852.3 321604 25548.6 19484.2 21231.6 22737.1 21003.1 18015.7 18032.4 17196.6 24354.7 23370.2 32572.4 23889.8 20088.5 20990.4 20364 18766.2 18169.1 33660.3 17945.3 17755.1 18564.8 21998.6 20640.1 16801.4 18127.6 20033.7
threshold=39056.250000000007 84.500000000000014 68762.500000000015 326.50000000000006 -3.2149999999999994 68.500000000000014 229.99000000000004 279.07500000000005 410.02500000000003 9318.1049316519293 213.14000000000001 39.705000000000005 188.50000000000003 281.50000000000006 12.484155000000001 269.8300000000001 129.78250000000003 -1.0000000180025095e-35 7579.017418192062 293.50000000000006 86.500000000000014 2.5000000000000004 997.71621929074684 4.0881250000000007 inf 1.0000000180025095e-35 110.38000000000001 2.5000000000000004 62.116250000000008 76.517500000000013
decision_type=2 2 2 2 8 2 10 10 10 10 10 10 2 2 10 10 10 10 8 2 2 2 10 10 8 10 10 2 10 8
left_child=-1 4 11 -4 -2 6 7 -6 -8 10 -7 12 20 14 -13 27 18 22 -14 -15 21 -3 -18 -22 25 -25 -27 28 -16 -30
right_child=1 2 3 -5 5 9 8 -9 -10 -11 -12 13 16 19 15 -17 17 -19 -20 -21 23 -23 -24 24 -26 26 -28 -29 29 -31
leaf_value=-0.045929063763191932 0.65832134438374523 -0.23929007915461933 2.7109094511378893 0.060338749872012563 -0.0091779753258778903 -0.067543906421178079 0.81581018065322519 -0.5084093438106847 0.057279440222016295 -0.48405374980111293 -0.47353867882915901 0.041226221332166649 0.1044464346624551 -0.2163790142811125 0.4011202238872647 -0.83832567088983279 0.12347817199715114 0.19504750956123579 -0.025184312114802813 -0.040432931153560656 0.24233087361834973 0.91340617810304348 -0.64621864476624657 -0.28510560992773687 0.079713423208379638 -0.021098620468789821 -0.39576138654156867 -0.22334155861362517 -0.3462366297917488 0.29558852163063626
leaf_weight=6094 48 40 43 648 7626 1593 54 82 82 112 104 7080 2440 629 95 43 58 1600 1971 4078 228 51 50 353 1108 3228 137 501 116 69
leaf_count=6094 48 40 43 648 7626 1593 54 82 82 112 104 7080 2440 629 95 43 58 1600 1971 4078 228 51 50 353 1108 3228 137 501 116 69
internal_value=-0.00133131 0.00660101 0.0190746 0.228959 -0.0249847 -0.0284503 -0.00797637 -0.0145542 0.362217 -0.117174 -0.0926894 0.0129907 0.0399291 -0.0110717 0.0204438 -0.157957 0.0803741 0.1677 0.04653 -0.0639857 -0.00817872 0.409633 -0.235522 -0.0157812 -0.0280231 -0.0601425 -0.0364654 -0.119474 0.0665091 -0.106551
internal_weight=40361 34267 24566 691 9701 9653 7844 7708 136 1809 1697 23875 11264 12611 7904 824 6119 1708 4411 4707 5145 91 108 5054 4826 3718 3365 781 280 185
internal_count=40361 34267 24566 691 9701 9653 7844 7708 136 1809 1697 23875 11264 12611 7904 824 6119 1708 4411 4707 5145 91 108 5054 4826 3718 3365 781 280 185
is_linear=0
shrinkage=0.03


Tree=247
num_leaves=31
num_cat=0
split_feature=0 17 9 0 6 4 13 16 15 4 1 1 6 12 12 13 4 5 4 8 9 25 24 24 17 13 25 12 15 25
split_gain=16147.5 19366.6 14202.4 13780.3 16453.8 23603.6 21688.8 21500.8 15880.4 16000.4 15538.1 17325.9 15817.3 15253.5 13445.3 17674.3 17384.4 13012.4 20520.6 19021.5 16916.9 12931.2 12693.7 12364.1 11004.5 13303.1 12335.7 29351.1 15320.3 19085.4
threshold=13.500000000000002 1190.3375400000002 143.97500000000005 22.500000000000004 14.334140969162998 154.50000000000003 9.8662500000000026 6711.4942210718118 88.64895833333334 12.500000000000002 3.5000000000000004 5.5000000000000009 33.845154185022039 44.237916666666671 87.368645833333332 60.520000000000003 16.500000000000004 60356.250000000007 122.50000000000001 644.01875000000007 83.291250000000019 47.308697916666667 0.065000000000000016 60.925000000000004 15994.152085000002 1.2862500000000001 302.37062500000008 331.09791666666672 364.06333333333345 518.99125000000015
decision_type=2 10 10 2 2 2 8 8 10 2 2 2 2 10 8 8 2 2 2 2 10 10 10 10 10 10 10 10 10 10
left_child=1 -1 17 4 6 22 7 23 9 -9 12 21 24 -10 -8 16 -16 18 19 20 -3 -12 -6 -2 25 -7 -27 -28 -29 -30
right_child=3 2 -4 -5 5 10 14 8 13 -11 11 -13 -14 -15 15 -17 -18 -19 -20 -21 -22 -23 -24 -25 -26 26 27 28 29 -31
leaf_value=-0.0049210342795291857 0.57968759713249818 -0.1399237839934355 -0.4188539772522118 -0.059935202379642491 0.094723178021828919 0.17162242546428408 -0.023336825633899393 0.54674724892336635 0.57295479791484916 -0.029703276122617868 0.074985143853139272 0.089967693231353368 0.46725874725933914 0.10630393192832228 -0.15769559618252427 0.053186274008445771 0.3812225310175501 0.064400299513995965 -0.053154420521207973 -0.7833483898308542 -0.66788209198195414 -0.12075032806589249 -0.10290133736013027 0.21923188959432735 -0.37111084229805891 0.0057179526797308958 0.71887973581293696 0.47162271841683173 -0.23902984704113811 0.29076222606915597
leaf_weight=19875 154 534 107 1665 339 896 1909 46 105 555 394 850 90 157 66 3139 281 551 2373 53 60 1317 2101 196 50 1998 75 65 162 97
leaf_count=19875 154 534 107 1665 339 896 1909 46 105 555 394 850 90 157 66 3139 281 551 2373 53 60 1317 2101 196 50 1998 75 65 162 97
internal_value=-0.000623749 -0.0166251 -0.0798523 0.0219341 0.0309996 0.00322515 0.0664431 0.181014 0.10036 0.0152527 0.0352455 -0.0206742 0.0769552 0.294788 0.0406543 0.0756937 0.278561 -0.0695802 -0.0940382 -0.243674 -0.194286 -0.0756599 -0.0754169 0.379032 0.0663109 0.0730632 0.0361655 0.188237 0.063569 -0.0402583
internal_weight=40260 23553 3678 16707 15042 8434 6608 1213 863 601 5994 2561 3433 262 5395 3486 347 3571 3020 647 594 1711 2440 350 3343 3293 2397 399 324 259
internal_count=40260 23553 3678 16707 15042 8434 6608 1213 863 601 5994 2561 3433 262 5395 3486 347 3571 3020 647 594 1711 2440 350 3343 3293 2397 399 324 259
is_linear=0
shrinkage=0.03


Tree=248
num_leaves=31
num_cat=0
split_feature=8 4 6 16 14 4 4 14 6 14 4 8 12 9 12 14 9 8 14 25 25 14 16 25 4 1 4 15 4 23
split_gain=14410.5 22169 18203.8 15024 27459.9 16757 31595.9 20622.3 17836.3 17165.7 15615.5 15344.9 14902.9 16606.9 22236.2 14669.9 32159.2 20853.7 27839.4 16229.2 48984.7 17283.8 14619.9 13224.4 13077.7 12941.3 18274.4 15876.1 14676.7 13166.8
threshold=772.06250000000011 128.50000000000003 27.005726872246697 5653.9389137593607 193.83125000000004 24.500000000000004 6.5000000000000009 105.95500000000001 21.432158590308376 137.46500000000003 316.50000000000006 17.006250000000005 86.810208333333335 86.007500000000007 56.396041666666669 75.593750000000014 46.503750000000004 458.5750000000001 154.01625000000004 18.972500000000004 18.394166666666671 44.935000000000009 1738.5572936894696 93.065833333333345 2.5000000000000004 1.0000000180025095e-35 154.50000000000003 105.17520833333334 144.50000000000003 3.5000000000000004
decision_type=2 2 2 10 10 2 2 10 2 10 2 2 10 10 10 8 10 2 10 8 10 10 10 10 2 2 2 10 2 2
left_child=2 -2 3 15 5 6 -5 10 12 -8 -7 -10 13 -9 -15 19 17 18 23 20 22 -21 -1 25 -18 28 29 -28 -17 -27
right_child=1 -3 -4 4 -6 7 9 8 11 -11 -12 -13 -14 14 -16 16 24 -19 -20 21 -22 -23 -24 -25 -26 26 27 -29 -30 -31
leaf_value=-0.10898494156217954 -0.77075595300565369 -0.092062627161553653 0.10964439260058828 -0.35118777813582586 -0.39637384040927015 -0.028853987491027341 0.44346322225432999 -0.13593880550381751 0.61707356170732142 -0.056050834753973919 0.1777330387054509 -0.012848654681401065 -0.042572477293664396 -0.76888913804834536 -0.24463482521079455 0.48837988529396908 -0.45313985017471403 -0.011658730371402578 0.47042202324459426 -0.31595912227759487 0.70474297350958781 -0.060000071080716498 0.12840551868470301 -0.14641562423390506 0.0017783485486100095 -0.10782810758614894 0.20201605105109638 -0.27463348871069171 0.13594306285029106 0.13430721123708353
leaf_weight=556 46 559 1378 86 198 1780 212 715 48 87 403 120 680 98 282 174 56 1213 208 258 94 2865 401 168 25517 504 1061 66 274 336
leaf_count=556 46 559 1378 86 198 1780 212 715 48 87 403 120 680 98 282 174 56 1213 208 258 94 2865 401 168 25517 504 1061 66 274 336
internal_value=0.000340624 -0.144852 0.00254918 -0.00129073 -0.051483 -0.0362604 0.152777 -0.0539323 -0.124997 0.298417 0.00934762 0.169715 -0.152971 -0.221427 -0.3815 0.00571351 0.0131439 0.0921898 0.137312 -0.046929 0.0550047 -0.08124 -0.00948392 0.110316 0.000764485 0.128228 0.0949944 0.173884 0.27361 -0.0109294
internal_weight=40443 605 39838 38460 4709 4511 385 4126 1943 299 2183 168 1775 1095 380 33751 29577 4004 2791 4174 1051 3123 957 2583 25573 2415 1967 1127 448 840
internal_count=40443 605 39838 38460 4709 4511 385 4126 1943 299 2183 168 1775 1095 380 33751 29577 4004 2791 4174 1051 3123 957 2583 25573 2415 1967 1127 448 840
is_linear=0
shrinkage=0.03


Tree=249
num_leaves=31
num_cat=0
split_feature=7 17 6 4 15 25 7 15 4 15 14 17 9 12 6 16 25 12 1 11 15 4 9 25 10 14 14 25 6 15
split_gain=13470.8 14759.2 20580.8 16103 21141.5 13995.4 19592.1 14158.9 33194.1 16528.9 13021.8 11688.9 18681 25369.4 13435 22692.2 14121 15053.3 11554.3 34333.6 112368 25041.8 17943.4 23757.5 23464.9 30372.3 15718.2 21606.2 22333.8 15714.4
threshold=3.6753472222222237 14279.171179999999 33.845154185022039 126.50000000000001 93.87541666666668 12.43125 8.5711805555555589 4.0881250000000007 126.50000000000001 11.199583333333335 85.125000000000014 1754.8409150000002 48.965000000000011 105.06604166666669 11.323788546255509 6232.4303678495135 140.89843750000003 133.98562500000003 1.5000000000000002 367.71000000000009 351.38812500000012 206.50000000000003 331.43000000000006 384.48208333333338 286.9550000000001 508.52000000000004 463.79500000000007 302.37062500000008 16.593171806167408 513.26479166666684
decision_type=2 10 2 2 10 8 2 8 2 8 10 10 10 10 2 10 10 10 2 10 10 2 10 10 10 10 10 10 2 10
left_child=-1 2 5 -3 -5 6 10 8 -7 -9 -2 18 13 -13 -14 16 17 -16 19 22 -21 -22 23 26 -24 -26 27 -11 -29 -20
right_child=1 3 -4 4 -6 7 -8 9 -10 11 -12 12 14 -15 15 -17 -18 -19 29 20 21 -23 24 -25 25 -27 -28 28 -30 -31
leaf_value=0.043423968214519312 0.077931908172050215 -0.74807978951653764 0.5290658469956655 0.081584949021680009 -0.44791659848110094 0.68500119487554589 -0.21273143852413293 -0.28106597658521287 -0.31685622235760091 0.021825066842103499 0.32456855938310775 -0.010069465525258925 -0.015303275698883845 0.71646331809461117 -0.12428634057318431 -0.42146824663777027 0.19147443051953783 -0.66924103014171121 -0.010592483017851191 1.7030176474402348 -0.26904332466009589 0.2584287746677032 -0.92853340675191176 -0.53020227867364889 -0.5384645967438535 0.54903033799514545 -0.56076442349247813 0.041660144470986864 0.87282678266546943 -0.28911870316642779
leaf_weight=5747 602 42 64 174 110 78 150 200 47 7368 283 2556 751 43 951 266 121 47 19857 44 107 324 40 69 52 40 40 62 54 183
leaf_count=5747 602 42 64 174 110 78 150 200 47 7368 283 2556 751 43 951 266 121 47 19857 44 107 324 40 69 52 40 40 62 54 183
internal_value=0.000883894 -0.00615755 -0.00425053 -0.206755 -0.124356 -0.00526001 0.103328 -0.00863805 0.308778 -0.00984331 0.157077 -0.00818981 -0.0518048 0.00222183 -0.117513 -0.172883 -0.113468 -0.150595 -0.000875312 0.0291213 0.276404 0.127159 0.0138824 0.0199307 -0.331566 -0.0648213 0.0250455 0.028251 0.432736 -0.0131502
internal_weight=40472 34725 34399 326 284 34335 1035 33300 125 33175 885 32975 4735 2599 2136 1385 1119 998 28240 8200 475 431 7725 7593 132 92 7524 7484 116 20040
internal_count=40472 34725 34399 326 284 34335 1035 33300 125 33175 885 32975 4735 2599 2136 1385 1119 998 28240 8200 475 431 7725 7593 132 92 7524 7484 116 20040
is_linear=0
shrinkage=0.03


Tree=250
num_leaves=31
num_cat=0
split_feature=0 8 5 10 24 16 10 5 14 9 7 14 13 25 0 15 14 6 13 4 1 7 4 24 13 15 4 7 14 6
split_gain=13236.9 18741.7 24697.8 18430.1 15922.5 15340.5 14838.6 14684.6 14431.9 30162.7 14696 14291.1 25200.2 14298.2 13319.2 15353.9 13908.8 15774.5 25100.2 15242.3 16696.4 17476.6 13138.5 12912.8 12737.6 12667.5 12642.5 15869.7 15133.9 38398.1
threshold=13.500000000000002 124.81875000000001 41436.812500000007 121.57375 410.77500000000003 3705.3720670662406 380.28000000000003 50368.750000000007 82.641250000000014 45.685000000000009 10.390625000000002 154.01625000000004 0.85125000000000017 12.43125 22.500000000000004 396.69062500000013 801.49500000000012 14.334140969162998 -0.011249999999999998 108.50000000000001 3.5000000000000004 9.6267361111111125 122.50000000000001 0.28125000000000006 -56.274999999999991 443.54708333333343 325.50000000000006 4.5954861111111134 220.38000000000002 1.0000000180025095e-35
decision_type=2 2 2 10 10 10 10 2 8 8 2 10 10 10 2 8 10 2 8 2 2 2 2 10 8 10 2 2 10 2
left_child=1 8 3 22 5 24 -6 -8 -1 11 26 13 -13 -10 16 -16 17 18 -2 23 -21 -22 -3 -19 -4 -9 28 -28 -11 -30
right_child=14 2 4 -5 6 -7 7 25 9 10 -12 12 -14 -15 15 -17 -18 19 -20 20 21 -23 -24 -25 -26 -27 27 -29 29 -31
leaf_value=-0.062496170021499133 0.3615798953698971 -0.63885209965965017 -0.50833418872693303 -0.54879837698289258 -0.64288055484493567 -0.143490769511609 0.18219775835444268 -0.75564334491657648 0.60310153792351484 -0.011772021843887617 -0.31077144605985707 0.87759385404039603 0.058092222973317294 0.087333918190094659 -0.04578054774307249 -0.52320961481048944 0.54617414545429788 0.18292476093969665 0.047143382934018742 0.047418675414770739 -0.03172336457503129 -0.51094198501110077 -0.10771655310396544 -0.17606021137279526 -0.0068333257555783502 -0.034773184294285976 0.06814127912646456 -0.1464441833479537 0.7537976793882748 0.051808399589648835
leaf_weight=2859 236 45 45 133 71 937 75 42 49 7606 139 60 76 1526 1619 62 45 103 6384 4429 3192 69 482 685 5013 45 439 1052 71 2711
leaf_count=2859 236 45 45 133 71 937 75 42 49 7606 139 60 76 1526 1619 62 45 103 6384 4429 3192 69 482 685 5013 45 439 1052 71 2711
internal_value=-0.00390792 -0.0184627 -0.060056 -0.234423 -0.0415432 -0.0320614 -0.284327 -0.124204 -0.00118888 0.0115817 -0.00520039 0.129393 0.423404 0.103753 0.0164015 -0.0636901 0.025296 0.0237074 0.0584058 -0.00339038 0.00949241 -0.0420168 -0.154194 -0.128965 -0.0113947 -0.387412 -0.00159895 -0.0832598 0.0101288 0.0699884
internal_weight=40300 23476 6888 660 6228 5995 233 162 16588 13729 12018 1711 136 1575 16824 1681 15143 15098 6620 8478 7690 3261 527 788 5058 87 11879 1491 10388 2782
internal_count=40300 23476 6888 660 6228 5995 233 162 16588 13729 12018 1711 136 1575 16824 1681 15143 15098 6620 8478 7690 3261 527 788 5058 87 11879 1491 10388 2782
is_linear=0
shrinkage=0.03


Tree=251
num_leaves=31
num_cat=0
split_feature=0 0 6 7 13 12 13 5 16 17 24 4 11 15 4 15 6 11 6 1 1 15 7 24 12 15 4 12 13 4
split_gain=13521.9 16204.5 19829.6 18183.5 17896 18679.2 20851 17833.8 17756.3 16775.6 16075 28028 16003.7 15679.3 15415.7 18448 14269.7 13461.4 268272 16532.6 18653.8 15930.2 15655.4 22648.2 20088.6 35033.7 26961.6 15002.4 30015 14674.6
threshold=22.500000000000004 13.500000000000002 14.334140969162998 4.3559027777777795 9.5450000000000017 87.368645833333332 86.236250000000013 52701.500000000007 6711.4942210718118 1238.3524500000001 570.0150000000001 237.50000000000003 104.04500000000002 396.69062500000013 8.5000000000000018 88.64895833333334 0.68281938325991198 320.91500000000002 1.1993392070484583 1.0000000180025095e-35 5.5000000000000009 443.54708333333343 4.0190972222222241 192.92750000000004 246.2154166666667 246.2154166666667 60.500000000000007 179.27020833333339 110.90000000000002 188.50000000000003
decision_type=2 2 2 2 8 8 8 2 8 10 10 2 10 10 2 10 2 10 2 2 2 10 2 10 10 8 2 10 10 2
left_child=1 9 4 7 8 -6 -7 -4 -3 10 17 -12 -9 -2 -10 -16 -8 22 -19 21 -21 -20 24 27 -1 26 -26 -24 -29 -27
right_child=13 2 3 -5 5 6 16 12 14 -11 11 -13 -14 -15 15 -17 -18 18 19 20 -22 -23 23 -25 25 29 -28 28 -30 -31
leaf_value=0.031326287158010016 -0.063109323708604156 0.36085958677936686 0.04992812186942016 -0.027443113155690473 -0.028967301832965257 0.19472039788424952 -0.5178022731804266 0.18326593831320231 0.51362794559001923 -0.069046877906007428 -0.81240114657555595 0.096156651657074682 0.89162361792155675 -0.54558460193020952 -0.035686374402975465 0.27245870041292763 0.046764359233406515 2.4861857815050499 -0.09152044415473938 0.10093177761467609 -0.43488354868122509 -0.77969250719721717 -0.010798498382943561 -0.11704877231244946 0.017098211161792276 -0.50850007471229353 0.88457280469172206 0.83073016129872379 0.076180877251831161 0.14449709038108083
leaf_weight=3356 1624 329 2245 6206 1948 1104 40 93 74 3658 58 63 41 62 542 257 2349 40 117 816 62 40 12463 1778 47 41 102 50 686 117
leaf_count=3356 1624 329 2245 6206 1948 1104 40 93 74 3658 58 63 41 62 542 257 2349 40 117 816 62 40 12463 1778 47 41 102 50 686 117
internal_value=0.00197794 0.00560006 0.0297046 -0.000410628 0.0686179 0.0454567 0.0869583 0.0700898 0.173335 -0.0100243 0.000863121 -0.34244 0.405001 -0.0811645 0.102333 0.0636458 0.0370989 0.00298739 0.106162 0.0118695 0.0626435 -0.270676 -0.00296824 -0.0165655 0.0526167 0.284498 0.612878 -0.00302189 0.128499 -0.0270839
internal_weight=40408 38722 15228 8585 6643 5441 3493 2379 1202 23494 19836 121 134 1686 873 799 2389 19715 1075 1035 878 157 18640 14977 3663 307 149 13199 736 158
internal_count=40408 38722 15228 8585 6643 5441 3493 2379 1202 23494 19836 121 134 1686 873 799 2389 19715 1075 1035 878 157 18640 14977 3663 307 149 13199 736 158
is_linear=0
shrinkage=0.03


Tree=252
num_leaves=31
num_cat=0
split_feature=8 7 12 14 7 6 11 4 12 4 9 14 5 25 4 25 7 11 16 14 25 17 5 4 14 5 7 12 1 0
split_gain=13025 16231.1 13800.2 12990.8 12903.8 19263.9 40839.8 295800 18095.7 17279.8 15751.6 14198.1 26855.5 24131.6 13811.7 15351.9 21937.7 14546.8 16303.4 12267.8 19885.5 12018.3 11768.5 10847.2 26015.7 20691.3 18154.4 16406.3 16119.8 15417.8
threshold=739.8375000000002 3.2864583333333344 15.325208333333336 126.58000000000003 4.4531250000000009 6.2090308370044065 320.91500000000002 339.50000000000006 18.394166666666671 136.50000000000003 397.09500000000008 318.98000000000008 60751.500000000007 225.56291666666667 339.50000000000006 12.43125 8.4496527777777803 37.925000000000004 5785.8389637575619 438.64000000000004 409.80145833333341 6979.342455 54305.500000000007 110.50000000000001 428.82000000000005 50681.250000000007 9.5295138888888928 47.308697916666667 1.5000000000000002 11.500000000000002
decision_type=2 2 10 10 2 2 10 2 8 2 10 10 2 10 2 10 2 10 8 10 10 10 2 2 10 2 2 10 2 2
left_child=4 -2 -3 -4 9 6 8 -8 -6 11 -9 13 -13 21 15 16 17 -7 -19 -10 -21 -1 -5 24 29 26 -25 -28 -27 -17
right_child=1 2 3 22 5 14 7 10 19 -11 -12 12 -14 -15 -16 23 -18 18 -20 20 -22 -23 -24 25 -26 28 27 -29 -30 -31
leaf_value=0.00044400964063647831 0.10492866671868953 -0.71357566705771858 -0.00052870446717359989 -0.34665797450005603 0.66022927592440339 0.09425647491483756 2.6925137087277005 -0.56717394002413346 0.036839082882673325 0.056091221306847808 0.094987063556909557 0.85408713865787422 -0.018023627003033955 -0.38144691644055501 -0.11492548620836993 -0.093354613784989715 -0.22396358475505543 0.69969732022285469 0.16176407478311483 -0.44870837424216525 0.28763660244485167 -0.20673177161501893 0.16667188740157066 -0.011151691879324027 -0.46493955457752401 0.18478483926046541 0.031109573421678662 -0.42686625172667081 0.018147721524215319 -0.0004660132412050867
leaf_weight=2695 231 41 282 291 40 476 41 58 4144 7900 71 46 98 174 1222 2776 141 89 118 111 46 277 46 12650 131 854 115 180 1344 3821
leaf_count=2695 231 41 282 291 40 476 41 58 4144 7900 71 46 98 174 1222 2776 141 89 118 111 46 277 46 12650 131 854 115 180 1344 3821
internal_value=0.00219515 -0.111174 -0.186854 -0.150871 0.00474753 -0.00599439 0.0508627 0.505622 0.0329413 0.0320353 -0.204801 -0.0257277 0.264536 -0.0390936 -0.0167199 -0.0114273 0.115612 0.18594 0.395301 0.0269553 -0.232509 -0.0189285 -0.276303 -0.0162186 -0.0479119 -0.00213513 -0.0165869 -0.248831 0.0829467 -0.0395615
internal_weight=40509 891 660 619 39618 28428 4511 170 4341 11190 129 3290 144 3146 23917 22695 824 683 207 4301 157 2972 337 21871 6728 15143 12945 295 2198 6597
internal_count=40509 891 660 619 39618 28428 4511 170 4341 11190 129 3290 144 3146 23917 22695 824 683 207 4301 157 2972 337 21871 6728 15143 12945 295 2198 6597
is_linear=0
shrinkage=0.03


Tree=253
num_leaves=31
num_cat=0
split_feature=6 8 8 1 6 0 15 16 15 4 4 7 23 14 0 5 23 4 7 4 14 14 3 25 14 5 14 15 6 5
split_gain=15728.2 14671.5 19429.7 38373.1 108814 18235.4 15196.6 14378.4 13188.8 18764.4 18508 15399.2 12126.6 14775.8 11992.7 11983.2 11697.8 23582 22785.4 25039 21234.9 18992.8 13787.5 13673.2 20586.1 64772.5 15114.8 13088.8 11907.5 10894.1
threshold=32.259691629955952 168.59375000000003 0.63125000000000009 1.0000000180025095e-35 1.4325991189427314 11.500000000000002 4.0881250000000007 38.104787521392332 272.38666666666671 223.50000000000003 339.50000000000006 5.1579861111111134 4.5000000000000009 166.64500000000001 9.5000000000000018 41843.750000000007 3.5000000000000004 258.50000000000006 5.0607638888888902 268.50000000000006 266.50500000000005 307.29000000000008 1.0000000180025095e-35 444.56375000000008 470.46000000000004 67650.562500000015 481.94000000000005 82.681458333333339 9.630616740088108 38600.500000000007
decision_type=2 2 2 2 2 2 8 8 10 2 2 2 2 10 2 2 2 2 2 2 10 10 2 10 10 2 10 10 2 2
left_child=1 2 16 4 -4 12 -7 -8 29 -10 11 14 -3 -14 -11 -15 22 20 19 -19 -18 28 23 24 -1 26 -26 -24 -20 -5
right_child=-2 5 3 8 -6 6 7 -9 9 10 -12 -13 13 15 -16 -17 17 18 21 -21 -22 -23 27 -25 25 -27 -28 -29 -30 -31
leaf_value=-0.015659792759000795 0.21363386641291876 -0.05422291400351701 1.7052364985431943 -0.11133219882729865 0.15191196453356268 0.27586144587151795 0.42704646337610569 -0.013895135579942939 -0.076300134359229915 0.46341844581895403 0.079336510180465628 0.2159388353201476 -0.11131667300790762 -0.67155256225821669 1.1623573714203952 -0.21563450851759244 0.052366614854472172 -0.40173651619359502 0.02546157388450877 0.14680767369596048 0.29446907150307 -0.48420164321878345 -0.037994219983526825 -0.20415199972109166 -0.4760544808427008 1.3000763334469363 0.15398508366357766 -0.47108173772310596 -0.19803616975703514 0.024810172721157587
leaf_weight=12026 315 2066 41 577 1222 168 66 10066 190 53 185 87 555 88 40 128 3293 85 385 580 361 132 136 333 40 43 208 116 483 6239
leaf_count=12026 315 2066 41 577 1222 168 66 10066 190 53 185 87 555 88 40 128 3293 85 385 580 361 132 136 333 40 43 208 116 483 6239
internal_value=0.00281537 0.00114954 0.0138583 0.0509254 0.203646 -0.0248292 -0.00627605 -0.010981 0.0247331 0.165229 0.290821 0.506541 -0.092162 -0.193623 0.773205 -0.403618 -0.0037077 0.0337254 -0.0598285 0.0761951 0.0763594 -0.15027 -0.0191414 -0.0147545 -0.00961782 0.239274 0.050862 -0.238426 -0.0989889 0.0132706
internal_weight=40307 39992 26855 8634 1263 13137 10300 10132 7371 555 365 180 2837 771 93 216 18221 5319 1665 665 3654 1000 12902 12650 12317 291 248 252 868 6816
internal_count=40307 39992 26855 8634 1263 13137 10300 10132 7371 555 365 180 2837 771 93 216 18221 5319 1665 665 3654 1000 12902 12650 12317 291 248 252 868 6816
is_linear=0
shrinkage=0.03


Tree=254
num_leaves=31
num_cat=0
split_feature=7 14 10 11 0 25 12 14 9 6 10 25 6 13 14 14 14 13 12 15 13 12 14 12 15 9 10 2 15 15
split_gain=12715.7 16103.6 29925.9 14032.9 26674.7 18433 23835.5 21185.4 17580 16887.4 14882.9 13296.8 14409.5 20166 17266.6 16134.3 15382.1 17097.9 13971.7 13236.1 18836.6 35633.1 17581.3 14295.5 12762.4 12512 14755.9 12223.9 12068.8 11932.4
threshold=4.4531250000000009 75.593750000000014 -0.51624999999999988 570.0150000000001 11.500000000000002 444.56375000000008 417.90270833333335 577.68000000000018 466.00500000000005 23.775770925110134 427.46000000000009 30.627500000000005 6.2090308370044065 20.050000000000004 438.64000000000004 150.69000000000003 387.40500000000003 202.49000000000004 108.27708333333335 27.88651041666667 -0.80874999999999986 14.051041666666668 63.755000000000003 26.085208333333338 65.558333333333351 368.71000000000009 396.7050000000001 9.5000000000000018 31.561510416666668 477.00062500000007
decision_type=2 8 10 10 2 10 10 10 10 2 10 8 2 8 10 10 10 10 10 10 10 10 10 10 10 10 10 2 10 10
left_child=1 2 -1 5 -5 6 8 10 11 25 -7 18 13 15 16 24 17 -15 19 -2 21 -21 -23 -24 -13 -9 -27 28 -22 -3
right_child=3 29 -4 4 -6 7 -8 9 -10 -11 -12 12 -14 14 -16 -17 -18 -19 -20 20 27 22 23 -25 -26 26 -28 -29 -30 -31
leaf_value=-0.84991914087470544 -0.0052264319203501747 0.037510826236040865 -0.063663594769809803 0.84017896549701687 0.024617441678775175 -1.0258660608815937 0.33075055739668369 0.197569617457309 -0.54951213590123427 0.38974876007943782 -0.23409545358022052 -0.048143254465080408 -0.031466342816398492 0.017746014797616921 -0.34538660386713538 0.71247373859882357 0.34718672960569136 -0.33307755747666723 -0.37112755120004687 -0.028890645375618567 0.20216611068212539 0.97739205586282829 0.08893795689839995 0.60521330494019721 0.26291020402017062 -0.76130707016214727 -0.16809936005335588 0.30343034976710936 -0.035877311169724833 -0.19412092341219678
leaf_weight=46 1962 10687 600 49 130 42 181 58 54 52 44 189 19894 3268 122 49 121 129 72 194 244 56 88 107 317 47 181 150 880 203
leaf_count=46 1962 10687 600 49 130 42 181 58 54 52 44 189 19894 3268 122 49 121 129 72 194 244 56 88 107 317 47 181 150 880 203
internal_value=-0.00205798 0.0245391 -0.120878 -0.0127566 0.251299 -0.0144238 -0.0114551 -0.210518 -0.0136872 -0.102724 -0.628121 -0.0126283 -0.0208118 0.0297111 0.00400601 0.197989 0.0162172 0.0043295 0.0398895 0.0480276 0.108777 0.276583 0.511865 0.37387 0.14686 -0.193311 -0.293174 0.0499928 0.0159314 0.0331756
internal_weight=40216 11536 646 28680 179 28501 28077 424 27896 338 86 27842 24089 4195 3640 555 3518 3397 3753 3681 1719 445 251 195 506 286 228 1274 1124 10890
internal_count=40216 11536 646 28680 179 28501 28077 424 27896 338 86 27842 24089 4195 3640 555 3518 3397 3753 3681 1719 445 251 195 506 286 228 1274 1124 10890
is_linear=0
shrinkage=0.03


Tree=255
num_leaves=31
num_cat=0
split_feature=5 0 1 6 23 8 4 10 4 15 25 25 4 9 15 15 14 25 10 4 12 24 7 14 12 12 17 9 5 4
split_gain=14845.1 19226 25091.7 248714 18900.4 18103 24934.4 22702.9 16343.5 23122.5 18491.6 20021.5 16953.4 18578.3 32490.5 15943.7 22210.8 15078.6 16460.8 26372.3 26988.3 14378.2 14331.5 20080.8 21958 26834 13171.6 19252.7 20861 13866.2
threshold=45400.437500000007 6.5000000000000009 1.0000000180025095e-35 0.39052863436123347 6.5000000000000009 719.03750000000014 126.50000000000001 60.295000000000009 24.500000000000004 74.281875000000014 81.832968750000006 119.63979166666668 122.50000000000001 -0.068749999999999992 90.025208333333353 149.78520833333337 79.665000000000006 48.331458333333337 81.611250000000013 297.50000000000006 108.27708333333335 211.94500000000002 7.5434027777777795 215.80500000000004 113.06953125000003 100.66244791666669 265.94903500000009 79.996250000000018 40906.250000000007 322.50000000000006
decision_type=2 2 2 2 2 2 2 10 2 10 10 10 2 10 10 10 10 10 10 2 10 10 2 10 10 10 10 10 2 2
left_child=5 4 3 -3 21 22 -7 -8 9 -5 -11 -12 15 14 -14 16 -10 18 -4 -20 -21 -2 26 24 25 -24 29 -28 -29 -1
right_child=1 2 17 8 -6 6 7 -9 12 10 11 -13 13 -15 -16 -17 -18 -19 19 20 -22 -23 23 -25 -26 -27 27 28 -30 -31
leaf_value=0.010218214155342216 -0.052317666635841399 2.0686183112139176 0.038952842230642007 -0.17854261492971671 0.069340343819854183 -0.88198114815861617 0.090240638711584539 -0.4549670068117288 -0.14264619811943599 0.96419130002751052 -0.21388844893333758 0.55946050960526739 0.048049615706333856 0.13530838167496051 -0.80485324367037359 -0.25298526520742981 0.1775567956901932 0.0011116080647337431 0.35639663435740593 0.20222706112621436 -0.49691000031519539 -0.24624808173424512 -0.073615338363584817 -0.47034548121594616 0.27637250278502296 -0.61155862259864802 -0.024462105186901596 -0.50933870162791994 -0.10645500415699807 -0.40465248063614923
leaf_weight=10721 3113 56 2263 65 1088 46 166 116 384 50 46 84 166 1721 52 256 394 14378 402 133 78 386 1155 123 145 89 1987 162 401 72
leaf_count=10721 3113 56 2263 65 1088 46 166 116 384 50 46 84 166 1721 52 256 394 14378 402 133 78 386 1155 123 145 89 1987 162 401 72
internal_value=0.00154236 0.0156995 0.0281072 0.104235 -0.0398221 -0.0218753 -0.241988 -0.134844 0.0694186 0.304436 0.478868 0.28627 0.0499553 0.102252 -0.158141 -0.048117 0.0195329 0.0136565 0.0763502 0.214121 -0.0573465 -0.0737758 -0.0169992 -0.104502 -0.0717908 -0.112562 -0.00707642 -0.0683841 -0.22308 0.00741338
internal_weight=40298 25115 20528 3274 4587 15183 328 282 3218 245 180 130 2973 1939 218 1034 778 17254 2876 613 211 3499 14855 1512 1389 1244 13343 2550 563 10793
internal_count=40298 25115 20528 3274 4587 15183 328 282 3218 245 180 130 2973 1939 218 1034 778 17254 2876 613 211 3499 14855 1512 1389 1244 13343 2550 563 10793
is_linear=0
shrinkage=0.03


Tree=256
num_leaves=31
num_cat=0
split_feature=8 10 6 6 24 4 10 4 7 14 4 14 25 5 13 14 4 13 4 4 15 13 25 13 13 13 17 25 15 13
split_gain=12389.2 20554.1 15063.5 13706.1 21436.4 332746 33225.4 17432.5 17580.6 16106.3 15625.9 18751.8 21404.7 13563.6 15744.8 42658.3 14120.2 36695.3 32857.1 26940.9 37663 20589.3 32709 29968.7 20876.5 22671.1 18669.6 17419.8 30129.1 16980.6
threshold=739.8375000000002 -23.451249999999998 27.005726872246697 10.665638766519828 410.77500000000003 94.500000000000014 380.28000000000003 108.50000000000001 8.3454861111111143 72.00500000000001 306.50000000000006 127.18250000000002 122.00250000000001 50578.187500000007 329.49500000000006 534.45000000000016 259.50000000000006 190.41000000000005 267.50000000000006 262.50000000000006 107.71937500000001 50.983750000000008 159.98604166666669 75.985000000000014 82.220000000000013 87.750000000000014 0.85555000000000014 208.25750000000005 110.38000000000001 60.520000000000003
decision_type=2 10 2 2 10 2 10 2 2 10 2 10 10 2 10 8 2 10 2 2 10 10 10 10 10 10 10 10 10 10
left_child=2 -2 3 4 -1 -6 -7 -5 13 -10 -11 -12 -13 16 15 -15 26 19 -19 20 -18 22 -21 27 -25 -26 -9 28 -23 -22
right_child=1 -3 -4 7 5 6 -8 8 9 10 11 12 -14 14 -16 -17 17 18 -20 21 29 23 -24 24 25 -27 -28 -29 -30 -31
leaf_value=0.017452418529375624 -0.7662584135735907 -0.078243620991046342 0.10532385282347068 -0.078235553396055452 2.6773634744232346 -0.75458108731678553 0.049836576997206124 0.032773267071561793 0.10000529432452694 -0.24507149919103219 -0.27445438772205294 0.68909527868564635 -0.0069998088090316114 0.0727832011462822 -0.44997750257959168 1.0518280618655971 0.09830494629485266 -0.050012413556515069 -0.89072218464179465 0.033831667947714528 -0.898273275567264 -0.46471876619211377 0.82747390730306503 0.61062326887622465 -0.42523738905321806 0.031736028748482727 -0.044312082016435647 -0.86222775244712824 0.06137025814008161 -0.31475461377547337
leaf_weight=14552 40 845 1259 3307 43 62 173 9258 257 696 126 55 137 1752 48 40 125 80 87 1782 81 226 47 47 113 683 4070 44 172 103
leaf_count=14552 40 845 1259 3307 43 62 173 9258 257 696 126 55 137 1752 48 40 125 80 87 1782 81 226 47 47 113 683 4070 44 172 103
internal_value=0.000772843 -0.11017 0.00326599 -0.000103317 0.0224477 0.282928 -0.164691 -0.0144348 -0.00389726 -0.111828 -0.165564 0.00867603 0.19494 0.00342149 0.0807523 0.0952113 -0.00499328 -0.0577929 -0.490682 -0.0365362 -0.303247 -0.00998184 0.054667 -0.10197 0.00300983 -0.033588 0.00923199 -0.301748 -0.23778 -0.575097
internal_weight=40310 885 39425 38166 14830 278 235 23336 20029 1271 1014 318 192 18758 1840 1792 16918 3590 167 3423 309 3114 1829 1285 843 796 13328 442 398 184
internal_count=40310 885 39425 38166 14830 278 235 23336 20029 1271 1014 318 192 18758 1840 1792 16918 3590 167 3423 309 3114 1829 1285 843 796 13328 442 398 184
is_linear=0
shrinkage=0.03


Tree=257
num_leaves=31
num_cat=0
split_feature=25 14 14 9 15 25 16 5 4 4 24 9 17 13 15 13 17 4 4 8 15 1 6 7 8 13 4 4 9 15
split_gain=13424.4 15829.7 15133.1 14745.6 19314.4 18945 16980.9 32104.3 26429.3 35239.1 19985.9 18863.7 15372.5 14204.8 17425.6 17949.7 13469.9 12802.6 38326.2 34641 34166.1 25665.2 156718 24277 20693 16882.1 16550.8 39844.6 27158.7 37931.2
threshold=31.561510416666668 70.535000000000011 170.62125000000003 48.195000000000007 6.7772916666666676 145.41166666666669 4174.9269599850368 58115.937500000007 188.50000000000003 231.50000000000003 170.16000000000003 102.56500000000001 8862.2939300000016 -0.50499999999999989 88.124375000000001 -1.0162499999999997 4310.2226650000002 254.50000000000003 252.50000000000003 526.26875000000018 137.10125000000002 1.0000000180025095e-35 0.39052863436123347 10.085069444444448 0.11250000000000002 121.26500000000001 222.50000000000003 216.50000000000003 381.02500000000003 46.149062500000007
decision_type=8 8 10 10 8 10 10 2 2 2 10 10 10 8 10 10 10 2 2 2 10 2 2 2 2 10 2 2 10 10
left_child=2 -2 -1 4 -3 13 17 8 11 -10 -9 16 -11 14 -6 -16 -8 18 21 23 -20 22 -5 24 -19 -21 27 -23 29 -29
right_child=1 3 -4 6 5 -7 7 10 9 12 -12 -13 -14 -15 15 -17 -18 19 20 25 -22 26 -24 -25 -26 -27 -28 28 -30 -31
leaf_value=0.051262261997226589 -0.083098015441748038 0.67379571538079874 -0.50136069841186204 1.465629718870906 0.0001744314656256677 0.58601108877282393 -0.10491830812422516 0.064728314154759464 0.23140621349370191 -0.12255094426813243 -0.55888421341776839 -0.47025974871142434 -0.71146027058362959 0.059615758439889269 -0.12661680236020509 -0.74112271411078312 -0.50903309811199648 -0.066074053872647073 0.13757375209725328 -0.25571434330825621 1.0596961701738423 -0.0077509858219889649 0.058624088786389618 -0.39809425975304918 0.036826784260356592 -1.0299916262959323 0.073310288964851714 -0.96591017242521038 -0.97604255048667687 -0.064026313550676769
leaf_weight=5079 2219 43 44 73 625 56 453 1273 288 821 47 294 41 3907 135 62 88 3712 97 64 57 12742 1919 153 3341 42 2161 50 50 238
leaf_count=5079 2219 43 44 73 625 56 453 1273 288 821 47 294 41 3907 135 62 88 3712 97 64 57 12742 1919 153 3341 42 2161 50 50 238
internal_value=0.00106286 -0.00556746 0.046419 -0.000325072 0.04809 0.0423275 -0.00867344 -0.0725251 -0.148744 -0.0553795 0.0421177 -0.277109 -0.151354 0.0357668 -0.077523 -0.322781 -0.17147 -0.000126795 0.0138799 -0.0334303 0.483514 0.00965527 0.110896 -0.0254703 -0.0173317 -0.569262 -0.00358325 -0.0162918 -0.337292 -0.223404
internal_weight=40174 35051 5123 32832 4828 4785 28004 3305 1985 1150 1320 835 862 4729 822 197 541 24699 17387 7312 154 17233 1992 7206 7053 106 15241 13080 338 288
internal_count=40174 35051 5123 32832 4828 4785 28004 3305 1985 1150 1320 835 862 4729 822 197 541 24699 17387 7312 154 17233 1992 7206 7053 106 15241 13080 338 288
is_linear=0
shrinkage=0.03


Tree=258
num_leaves=31
num_cat=0
split_feature=16 14 13 5 6 9 17 7 25 0 6 12 6 12 1 9 5 25 6 11 6 15 13 4 11 5 23 17 25 15
split_gain=12410.1 29354.2 18813.1 17023.2 19968.5 28264.9 24181.8 16006 15804.3 15537.3 15300.2 17100 24010.9 21032.1 17669.2 14382.1 16024.3 13753.4 30117.4 24941.1 177394 24279.9 20666.6 18223.5 22280.1 13937.2 13829.3 13361.6 15300.3 15807.1
threshold=5519.7222734008838 193.83125000000004 113.11000000000001 60557.125000000007 20.409030837004412 46.503750000000004 759.13384000000008 8.0746527777777803 70.134687500000013 8.5000000000000018 17.371145374449345 150.60333333333335 4.2548458149779753 120.83364583333334 1.0000000180025095e-35 103.20625000000001 53300.312500000007 444.56375000000008 23.413876651982381 311.17500000000007 0.68281938325991198 261.6985416666667 281.36500000000007 227.50000000000003 494.55500000000006 48303.937500000007 2.5000000000000004 14865.901655000003 12.43125 36.776875000000011
decision_type=10 10 10 2 2 10 10 2 10 2 2 10 2 10 2 10 2 10 2 10 2 10 10 2 10 2 2 10 8 10
left_child=7 3 -3 4 5 -2 -6 17 15 10 11 13 -13 14 -9 -7 -17 19 22 27 -21 -22 -19 24 -20 -24 -25 28 29 -1
right_child=1 2 -4 -5 6 8 -8 9 -10 -11 -12 12 -14 -15 -16 16 -18 18 23 20 21 -23 25 26 -26 -27 -28 -29 -30 -31
leaf_value=0.080682105799304668 0.00044658975094475229 -0.53762736198413796 0.12906229144334794 0.086163639699238057 0.4838881620365803 -0.21249524561564015 -0.0080505005035151553 0.22327239695218865 -0.079912571109395911 -0.0077814813263271188 -0.71484428853523441 0.28402606695890426 -0.45632046414555627 0.39871736842106625 -0.1732485573593941 -0.85583722418301722 -0.1870175347328186 -0.62253579637967049 0.38573037967085838 2.0384266421406769 -0.46280606056962692 0.11063749974490432 -0.032287321662492069 0.17298351421285033 -0.40748086725537841 -0.37051056429726514 0.84977400761969535 -0.16722720912131278 0.011038174121725891 0.42502243808641721
leaf_weight=657 1780 165 49 958 126 620 308 121 769 2168 40 47 226 82 593 72 59 95 55 42 69 1318 340 66 73 161 46 367 28547 146
leaf_count=657 1780 165 49 958 126 620 308 121 769 2168 40 47 226 82 593 72 59 95 55 42 69 1318 340 66 73 161 46 367 28547 146
internal_value=0.00239525 -0.0423049 -0.385084 -0.0265921 -0.0555362 -0.080701 0.135554 0.00861593 -0.175667 -0.0545195 -0.145799 -0.123858 -0.32829 -0.0534214 -0.105833 -0.27348 -0.558312 0.0150865 -0.104922 0.018311 0.14069 0.0817971 -0.219089 0.178326 -0.0662999 -0.141499 0.456011 0.0124216 0.0146736 0.14374
internal_weight=40165 4906 214 4692 3734 3300 434 35259 1520 3277 1109 1069 273 796 714 751 131 31982 836 31146 1429 1387 596 240 128 501 112 29717 29350 803
internal_count=40165 4906 214 4692 3734 3300 434 35259 1520 3277 1109 1069 273 796 714 751 131 31982 836 31146 1429 1387 596 240 128 501 112 29717 29350 803
is_linear=0
shrinkage=0.03


Tree=259
num_leaves=31
num_cat=0
split_feature=5 8 25 4 25 6 6 15 15 6 8 4 7 13 4 15 4 12 5 13 13 25 12 13 5 15 15 5 25 12
split_gain=14662.8 18866.2 13105.7 14659.3 23251.2 22772.3 26781.6 21939.1 21471 27961.7 20396.7 20532.7 18493.9 25923.7 22348 27297.8 18273.3 25912.6 18644.5 22952.4 17564.7 17432.1 19189.6 19601.8 18909.6 17333.5 28531.8 16621.2 16163.1 15551.5
threshold=40906.250000000007 772.06250000000011 40.963854166666671 50.500000000000007 250.48604166666669 -0.55132158590308367 1.0000000180025095e-35 113.875 113.22250000000001 18.167180616740094 419.41875000000005 257.50000000000006 4.7725694444444455 40.267500000000005 58.500000000000007 158.40666666666669 20.500000000000004 47.308697916666667 55156.250000000007 20.050000000000004 142.73500000000004 146.77458333333337 87.368645833333332 64.581250000000026 55705.625000000007 124.51536458333335 183.94875000000005 69056.250000000015 78.803750000000022 92.237291666666678
decision_type=2 2 8 2 10 2 2 10 10 2 2 2 2 10 2 10 2 10 2 8 10 10 10 10 2 10 10 2 10 10
left_child=1 -1 -2 4 16 -5 -7 8 -8 -10 12 -12 -9 29 15 -15 18 -18 -4 -20 -13 22 28 -24 -23 -21 27 -27 -19 -14
right_child=2 -3 3 5 -6 6 7 10 9 -11 11 20 13 14 -16 -17 17 21 19 25 -22 24 23 -25 -26 26 -28 -29 -30 -31
leaf_value=-0.031144860191267949 0.055090440529084149 -0.53657120544518988 -0.22489122401157471 -0.47798757766274846 -0.4335495594054905 0.70752689652442924 -0.0086308675969998545 0.14754015443140853 -0.050854348425354273 -1.0263032480727794 -0.0068396476919334081 -0.12957671194606357 0.10283244053843059 0.10512486736999975 -0.0071549344362245061 0.8381705274933674 -0.41430122061661373 -0.03190529380000974 0.37133100711107253 -0.012102987368307847 -0.71999091976362728 -0.65963222886834816 0.50434352695499307 0.05494043454556511 -0.123007740655123 0.20486716611085684 -0.1688051185780956 0.80428285435030722 -0.34176210559820863 0.37921534825225967
leaf_weight=8445 4762 66 218 84 133 49 12857 2026 69 42 1322 134 565 184 3973 60 193 1020 199 1365 68 62 100 649 976 90 92 78 177 271
leaf_count=8445 4762 66 218 84 133 49 12857 2026 69 42 1322 134 565 184 3973 60 193 1020 199 1365 68 62 100 649 976 90 92 78 177 271
internal_value=-0.000153422 -0.0351269 0.00920243 0.00112416 -0.0433401 0.0120901 0.0140162 0.0124082 -0.0122343 -0.425811 0.0495508 -0.049981 0.0709825 0.0402637 0.00999118 0.288067 -0.033315 -0.0783099 0.0366935 0.0680635 -0.330898 -0.056447 -0.00347148 0.115533 -0.155664 0.0307194 0.254722 0.48628 -0.0779708 0.192771
internal_weight=40329 8511 31818 27056 5352 21704 21620 21571 12968 111 8603 1524 7079 5053 4217 244 5219 3177 2042 1824 202 2984 1946 749 1038 1625 260 168 1197 836
internal_count=40329 8511 31818 27056 5352 21704 21620 21571 12968 111 8603 1524 7079 5053 4217 244 5219 3177 2042 1824 202 2984 1946 749 1038 1625 260 168 1197 836
is_linear=0
shrinkage=0.03


Tree=260
num_leaves=31
num_cat=0
split_feature=7 0 0 0 25 7 6 13 4 4 25 12 12 15 1 7 1 12 25 15 9 15 11 12 15 13 12 13 2 25
split_gain=12836 10571.1 13169.4 13824.5 13356.5 13148.3 16705.7 22029.8 17710.4 16496.7 13228.2 23338 15325.7 14134.9 11915.7 11775.9 12651.5 20167.6 18869.8 10960 12993.1 10355.8 22277.1 18797 21374.1 14161.2 10261.5 10118.1 14809.2 10699.8
threshold=11.432291666666668 1.0000000180025095e-35 13.500000000000002 22.500000000000004 628.70145833333345 3.220486111111112 14.239647577092514 9.8662500000000026 108.50000000000001 8.5000000000000018 284.98812500000003 315.7247916666667 87.368645833333332 296.20833333333337 3.5000000000000004 6.383680555555558 1.0000000180025095e-35 197.65354166666671 211.26041666666671 134.48708333333335 100.55500000000002 364.06333333333345 367.71000000000009 552.14062500000011 406.63729166666673 268.29500000000007 9.5979687500000015 39.705000000000005 4.5000000000000009 261.6985416666667
decision_type=2 2 2 2 10 2 2 8 2 2 10 10 8 10 2 2 2 10 10 10 10 10 10 10 10 10 8 8 2 10
left_child=1 -1 26 4 5 -4 7 9 -8 -7 12 13 -9 -12 -13 16 17 18 -10 20 -11 22 -18 24 -23 -26 -3 28 -14 -29
right_child=-2 2 3 -5 -6 6 8 10 15 19 11 14 27 -15 -16 -17 21 -19 -20 -21 -22 23 -24 -25 25 -27 -28 29 -30 -31
leaf_value=0.075807910279960491 -0.17056761349565705 -0.15695575880818069 0.1371311503020628 -0.062755186388416859 0.48659654316149253 0.60795070265998707 -0.14852332883300334 -0.025047748816094121 0.13245804882245446 0.16395057380924533 -0.76864689495013305 0.19523043913554541 0.060003651759841223 -0.17188336475956731 -0.24874471233551759 -0.056370574376084323 0.01337491858608455 0.62039615294585626 -0.52415843595351497 0.47179887473375043 -0.12965655590097108 -0.81858073484439109 0.62673750129010941 0.36925000285729764 0.29197935857451879 -0.30034110653991541 -0.013271807609996904 0.06288633496549155 0.74394630151636454 0.36907042323428896
leaf_weight=1689 389 456 907 1669 56 73 746 1809 638 839 64 157 65 81 82 2021 4074 71 41 84 161 51 53 47 51 120 21188 2605 50 106
leaf_count=1689 389 456 907 1669 56 73 746 1809 638 839 64 157 65 81 82 2021 4074 71 41 84 161 51 53 47 51 120 21188 2605 50 106
internal_value=0.000709576 0.00237722 -0.000857423 0.0191394 0.0282236 0.0264796 0.019347 0.0563197 -0.00951322 0.174271 0.0290999 -0.139885 0.0431271 -0.438743 0.0425025 0.0049748 0.0290734 0.142869 0.0920971 0.144532 0.116598 0.00963067 0.0214018 -0.170372 -0.28576 -0.123014 -0.0163061 0.0867612 0.36122 0.0749898
internal_weight=40443 40054 38365 16721 15052 14996 14089 6176 7913 1157 5019 384 4635 145 239 7167 5146 750 679 1084 1000 4396 4127 269 222 171 21644 2826 115 2711
internal_count=40443 40054 38365 16721 15052 14996 14089 6176 7913 1157 5019 384 4635 145 239 7167 5146 750 679 1084 1000 4396 4127 269 222 171 21644 2826 115 2711
is_linear=0
shrinkage=0.03


Tree=261
num_leaves=31
num_cat=0
split_feature=8 6 1 25 10 4 5 25 4 14 14 25 14 4 13 24 6 7 1 6 15 5 6 4 13 4 15 15 14 16
split_gain=11576 16776.2 15539.9 30711.1 24863.1 16223.5 15040.4 18696.6 23376.4 18342.2 15029.4 14768.2 34155.6 177827 27070.9 20605.9 16593.9 15281.3 27154.2 21906.3 19880 21577.6 16391.8 15724.6 14712 12811.8 12797.6 12634.1 19293.6 12013.9
threshold=363.69375000000008 23.246035242290748 3.5000000000000004 71.606041666666684 -2.4362499999999998 100.50000000000001 48006.250000000007 284.98812500000003 223.50000000000003 421.93000000000006 650.50000000000011 444.56375000000008 463.79500000000007 172.50000000000003 304.53000000000003 224.58500000000004 1.1993392070484583 6.3072916666666687 3.5000000000000004 12.897356828193836 383.62437500000004 38156.250000000007 7.2182819383259931 335.50000000000006 304.53000000000003 244.50000000000003 458.07729166666678 164.08375000000004 205.60500000000002 6083.9910851169288
decision_type=2 2 2 10 10 2 2 10 2 10 10 10 10 2 10 10 2 2 2 2 10 2 2 2 10 2 10 10 10 10
left_child=1 11 5 4 -4 -2 7 9 -9 -5 26 12 -1 -14 -13 -15 -17 18 19 22 21 -20 -18 -23 -22 -8 27 28 29 -3
right_child=2 10 3 6 -6 -7 25 8 -10 -11 -12 14 13 15 -16 16 17 -19 20 -21 24 23 -24 -25 -26 -27 -28 -29 -30 -31
leaf_value=0.0030894823474227938 -0.12754346089768681 0.096048984388312428 -0.65779571817237503 -0.22164248876351331 0.027786238848171718 0.030410692362618633 0.015655382899287688 -0.98096745545130504 -0.20025066818061626 0.40030916759620111 0.66015679929838622 -0.47005182561549275 1.6938012612949718 0.66085494231812802 -0.011094109511444556 -0.43603632794693109 -0.036474390403101485 -0.24020711606935316 -0.42685133333717074 -0.32616257620570455 1.0104839981218863 0.74587909207624548 0.66427962168734123 -0.042234558122498649 0.26492328943208204 -0.37535822381575901 -0.43191471236508067 0.40614795383451313 -0.21420921050139835 0.46084778586741199
leaf_weight=29644 691 1078 48 862 1675 3792 465 64 75 44 42 164 65 48 387 63 83 114 41 137 57 50 46 41 42 89 40 115 174 87
leaf_count=29644 691 1078 48 862 1675 3792 465 64 75 44 42 164 65 48 387 63 83 114 41 137 57 50 46 41 42 89 40 115 174 87
internal_value=0.00240654 0.0102816 -0.0304006 -0.079565 0.00831656 0.00604096 -0.174208 -0.241152 -0.564157 -0.191029 0.107024 0.00548211 0.0082714 0.203207 -0.148303 0.0668556 0.0236366 0.0716684 0.143544 -0.0631204 0.380767 0.137881 0.216595 0.394195 0.699998 -0.047724 0.0910431 0.105717 0.0796305 0.123663
internal_weight=40323 32518 7805 3322 1723 4483 1599 1045 139 906 1536 30982 30431 787 551 722 674 611 497 266 231 132 129 91 99 554 1494 1454 1339 1165
internal_count=40323 32518 7805 3322 1723 4483 1599 1045 139 906 1536 30982 30431 787 551 722 674 611 497 266 231 132 129 91 99 554 1494 1454 1339 1165
is_linear=0
shrinkage=0.03


Tree=262
num_leaves=31
num_cat=0
split_feature=17 12 0 25 4 14 6 4 11 6 24 25 5 12 4 13 14 14 16 13 13 5 11 8 12 13 6 13 14 9
split_gain=13062.9 23840.4 17092.6 14523 14100.2 21816 21711.7 35678.2 333345 24534.8 17418.8 16154.8 15987.7 32134.3 15108.7 19433.9 15492.2 21325.6 16901.2 24216.8 14771.1 13081.5 12846.5 21905.3 12811.7 12786.1 12589.3 18320.8 12251.2 33743.2
threshold=1754.8409150000002 175.86458333333337 10.500000000000002 32.143125000000005 50.500000000000007 356.3300000000001 5.6420704845814988 104.50000000000001 286.91500000000002 0.39052863436123347 344.32500000000005 250.48604166666669 55705.625000000007 145.41166666666669 20.500000000000004 20.050000000000004 184.99500000000003 193.83125000000004 778.17372652843903 53.805000000000007 23.740000000000006 66756.250000000015 74.765000000000015 526.26875000000018 108.27708333333335 293.64000000000004 6.4207048458149787 86.236250000000013 166.64500000000001 114.40375000000002
decision_type=10 10 2 8 2 10 2 2 10 2 10 10 2 10 2 8 10 10 10 10 10 2 10 2 10 10 2 10 10 10
left_child=3 2 -2 24 5 11 7 8 -6 10 -9 12 13 -5 15 -14 18 -18 -17 -20 -11 -22 -4 -24 -1 -23 27 -19 -8 -30
right_child=1 -3 22 4 6 -7 28 9 -10 20 -12 -13 14 -15 -16 16 17 26 19 -21 21 25 23 -25 -26 -27 -28 -29 29 -31
leaf_value=0.079000430466276028 -0.13174533879777406 -0.64599948244659522 0.017713250075670497 -0.09447785304198611 0.12081883732558298 -0.63750845750895413 -0.015027252901863079 -0.13646698564637769 2.8885872529683314 0.3218496947735548 -0.85735486475626621 -0.42833476297317008 0.35458734700375277 -0.7791751274680514 -0.053407368612421263 -0.11403160661588743 0.64429542299411069 0.73059645533561701 -0.37046166161696115 0.29135496790356497 -0.054276382367070442 0.088340425821699847 -0.037696701611875084 -0.35722119170467598 -0.29214449492304823 0.59860780885219567 -0.40653714039496008 0.060054480508607747 0.21530254443761626 0.011405389842057811
leaf_weight=3188 1236 56 4391 670 877 54 13673 93 40 155 44 92 183 67 2446 731 72 41 62 237 869 386 1486 221 85 49 41 291 807 7615
leaf_count=3188 1236 56 4391 670 877 54 13673 93 40 155 44 92 183 67 2446 731 72 41 62 237 869 386 1486 221 85 49 41 291 807 7615
internal_value=0.00121714 -0.0348197 -0.0300655 0.00932044 0.00268771 -0.0433056 0.01201 0.0955483 0.244565 0.00982929 -0.372528 -0.0366731 -0.0291429 -0.157695 -0.00602473 0.0638676 0.0275828 0.175291 -0.0363412 0.153345 0.0459632 0.0129484 -0.00943786 -0.0792495 0.0692755 0.14706 0.0832791 0.144808 0.00250476 0.0309662
internal_weight=40258 7390 7334 32868 29595 4987 24608 2513 917 1596 137 4933 4841 737 4104 1658 1475 445 1030 299 1459 1304 6098 1707 3273 435 373 332 22095 8422
internal_count=40258 7390 7334 32868 29595 4987 24608 2513 917 1596 137 4933 4841 737 4104 1658 1475 445 1030 299 1459 1304 6098 1707 3273 435 373 332 22095 8422
is_linear=0
shrinkage=0.03


Tree=263
num_leaves=31
num_cat=0
split_feature=6 1 5 24 4 15 12 12 25 14 10 4 4 14 1 4 6 14 14 15 4 6 4 14 16 1 4 9 4 25
split_gain=12291.5 15937.9 10828.8 13715.6 22837.8 17851.5 12541.8 30447 15974.8 14065.1 18803.7 12066.3 14934.6 18609.5 15344 14219.9 104716 21206.7 21511.8 54976.7 22713.2 18671.8 18628.6 16193.3 15968.8 15645.9 15095.2 15277.1 19179.3 25422.1
threshold=33.845154185022039 2.5000000000000004 38156.250000000007 381.02500000000003 244.50000000000003 396.69062500000013 272.38666666666671 364.06333333333345 332.98166666666674 215.80500000000004 163.94500000000002 348.50000000000006 351.50000000000006 104.73500000000003 4.5000000000000009 84.500000000000014 0.39052863436123347 428.82000000000005 348.72500000000008 188.36187500000003 62.500000000000007 11.017180616740092 74.500000000000014 178.39625000000004 2769.9801891181837 3.5000000000000004 144.50000000000003 70.41125000000001 178.50000000000003 162.53015625000003
decision_type=2 2 2 10 2 10 10 10 10 10 10 2 2 10 2 2 2 10 10 10 2 2 2 10 8 2 2 10 2 10
left_child=2 -2 3 5 -5 6 9 -8 -9 10 -1 15 13 -13 -15 17 -17 18 22 -20 -21 -18 24 -24 -4 -22 -23 -28 29 -29
right_child=1 -3 11 4 -6 -7 7 8 -10 -11 -12 12 -14 14 -16 16 21 -19 19 20 25 26 23 -25 -26 -27 27 28 -30 -31
leaf_value=-0.034031198940192756 0.56456977176479994 -0.045710947501659389 0.10892872568633283 -0.081131001305580139 -0.91694874201502119 0.37454183291643861 -0.69055461912307625 0.51900223226741304 -0.2774393963254988 0.15390751766195696 -0.43691342402284389 0.22923226482217959 -0.02951754420211038 -0.21824308447680382 -0.74644098258998293 1.1916548151976389 0.068186864154703111 -0.39050983992350452 1.2433846053055355 -0.34829550665756687 -0.042562326357832969 -0.046065226718432072 -0.085014245136754235 -0.39170192289225597 -0.021247348464801953 0.51805124842628991 0.064037367775333323 0.018798216355972321 -0.020681542749786796 0.29285956348005465
leaf_weight=4093 79 74 961 99 41 95 85 42 47 348 106 54 1339 158 72 68 5776 135 41 79 83 3896 887 187 7163 96 4810 1076 7808 424
leaf_count=4093 79 74 961 99 41 95 85 42 47 348 106 54 1339 158 72 68 5776 135 41 79 83 3896 887 187 7163 96 4810 1076 7808 424
internal_value=0.00351705 0.271021 0.00248887 -0.0390188 -0.330673 -0.0304736 -0.0387013 -0.28793 0.1 -0.0291028 -0.0443032 0.00834839 -0.0715127 -0.268713 -0.386108 0.0122207 0.0246413 -0.018544 -0.0132159 0.236781 0.0726336 0.0212556 -0.0213675 -0.138728 -0.00583712 0.25931 0.00620463 0.0206312 -0.00180376 0.0964097
internal_weight=40222 153 40069 4956 140 4816 4721 174 89 4547 4199 35113 1623 284 230 33490 23858 9632 9497 299 258 23790 9198 1074 8124 179 18014 14118 9308 1500
internal_count=40222 153 40069 4956 140 4816 4721 174 89 4547 4199 35113 1623 284 230 33490 23858 9632 9497 299 258 23790 9198 1074 8124 179 18014 14118 9308 1500
is_linear=0
shrinkage=0.03


Tree=264
num_leaves=31
num_cat=0
split_feature=7 14 9 10 5 7 15 24 15 14 13 14 7 14 6 2 4 6 9 13 14 15 5 24 24 7 24 0 11 4
split_gain=13035.6 14038.9 13010.1 16107.1 21921.4 20589.4 14383.2 13459.8 10894.3 27584 67336.1 23488.3 24730.4 20871.4 136919 31739 24200.3 65189.7 35954.5 32463.7 22677.5 35192.8 25285 19724.1 15148.6 14383.8 13737.4 13457.5 12831.6 12524.6
threshold=11.432291666666668 81.520000000000024 570.0150000000001 524.65000000000009 38302.187500000007 5.2482638888888902 443.54708333333343 494.88000000000005 458.07729166666678 463.79500000000007 258.71000000000009 560.49500000000012 5.3697916666666687 463.79500000000007 0.39052863436123347 6.5000000000000009 272.50000000000006 11.702422907488989 302.15000000000003 208.00000000000003 534.45000000000016 383.62437500000004 48500.625000000007 396.99500000000006 240.54000000000005 3.6753472222222237 286.86500000000007 17.500000000000004 343.72000000000008 92.500000000000014
decision_type=2 10 10 10 2 2 10 10 10 10 10 10 2 10 2 2 2 2 10 10 10 10 2 10 10 2 10 2 10 2
left_child=2 -2 3 8 -5 7 -4 -6 13 10 26 -11 -13 23 -15 29 19 25 -19 -17 21 24 -22 28 -21 -18 -10 -25 -1 -16
right_child=1 -3 6 4 5 -7 -8 -9 9 11 -12 12 -14 14 15 16 17 18 -20 20 22 -23 -24 27 -26 -27 -28 -29 -30 -31
leaf_value=0.0018960991963505871 0.0618229792606214 -0.3127835290776137 -0.50511104612246793 -0.36784187061446055 0.33892704382538796 0.082856234953719743 -0.054309364775436339 1.0675779454251553 0.067703292270501453 -0.69326769580342329 1.2046896161351885 -0.36760880680829289 0.35046035925095731 1.6229319831493467 -0.074094056894904683 0.94088144638863469 0.66648409537293685 -0.16856644489548422 -1.399850869234218 0.59324308335781095 0.24070957563285314 -0.56538715464700207 1.062587584402503 -0.47637373918753401 0.013220730908215047 0.06610853236394397 -0.62914809831353125 -0.0022008527286591067 0.17105634341235545 -0.62722250992508777
leaf_weight=37230 144 238 91 41 47 97 208 46 62 97 41 124 65 52 75 54 43 43 42 59 195 75 40 129 125 197 42 92 407 72
leaf_count=37230 144 238 91 41 47 97 208 46 62 97 41 124 65 52 75 54 43 43 42 59 195 75 40 129 125 197 42 92 407 72
internal_value=0.00240822 -0.171778 0.00408051 0.0055717 0.254807 0.39039 -0.192736 0.706858 0.00410257 -0.145722 0.190472 -0.31624 -0.120109 0.005765 0.13624 0.0589329 0.127676 -0.0772875 -0.786169 0.249152 0.17179 -0.0219578 0.384513 0.00206692 0.201408 0.175995 -0.217029 -0.27988 0.00372986 -0.347422
internal_weight=40273 382 39891 39592 231 190 299 93 39361 431 145 286 189 38930 1072 1020 873 325 85 548 494 259 235 37858 184 240 104 221 37637 147
internal_count=40273 382 39891 39592 231 190 299 93 39361 431 145 286 189 38930 1072 1020 873 325 85 548 494 259 235 37858 184 240 104 221 37637 147
is_linear=0
shrinkage=0.03


Tree=265
num_leaves=31
num_cat=0
split_feature=8 8 1 24 1 7 0 5 15 5 14 0 14 1 24 15 13 13 16 13 13 2 15 2 7 14 11 14 25 15
split_gain=11934.5 19005.8 27248.9 74190.4 19193 20356.1 17178.8 16528 16074.2 23857.6 15912.3 14076.7 17767.9 13579.4 12348.7 11721.6 11036.4 10866.1 10305.1 9343.89 19631.2 8794.46 9099.12 8754.52 15177.1 13434.3 20576 11808.4 9746.34 8734.8
threshold=168.59375000000003 0.38125000000000003 1.0000000180025095e-35 466.00500000000005 4.5000000000000009 8.1336805555555589 10.500000000000002 36766.687500000007 443.54708333333343 45903.437500000007 184.99500000000003 2.5000000000000004 227.77750000000003 4.5000000000000009 214.95500000000001 4.0881250000000007 -76.709999999999994 -17.154999999999998 38.104787521392332 185.19000000000003 136.33500000000004 5.5000000000000009 2.5441666666666669 9.5000000000000018 4.9079861111111134 124.08875000000002 84.933750000000018 307.29000000000008 119.63979166666668 628.70145833333345
decision_type=2 2 2 8 2 2 2 2 10 2 10 2 10 2 10 10 10 10 8 10 10 2 10 2 2 10 10 10 10 10
left_child=1 4 3 17 -1 11 13 -4 -9 -10 -7 12 -6 -2 -15 21 -17 -3 -18 20 -19 22 -8 25 -25 -13 -27 28 -26 -20
right_child=6 2 7 -5 5 10 15 8 9 -11 -12 23 -14 14 -16 16 18 19 29 -21 -22 -23 -24 24 27 26 -28 -29 -30 -31
leaf_value=-0.024172838728067723 -0.059292804552877151 -0.10500900988616049 -0.15356641234927712 1.432044948041439 0.098564987265253437 -0.041443205171274998 0.18827138369394975 0.031498289284853015 -0.16938130795955658 0.6152627635851502 -0.42204070433851115 -0.0046446807154408489 0.38854739093061147 -0.20504040950294583 -0.75332937266768474 -0.35173446972702826 0.31465403906230266 0.16019701611818249 -0.011344678352543738 -0.21471997755224054 0.81529802765957138 -0.053030528323990953 0.72930054060050409 0.10016723361083449 -0.17440646893432679 0.38689338415109809 0.071936012873875688 -0.47450625727457157 0.14303559818118811 -0.40482134300119738
leaf_weight=12863 1099 149 428 40 1062 542 87 7003 53 99 120 1219 231 399 40 85 86 1013 11612 54 42 69 41 370 317 237 869 84 119 50
leaf_count=12863 1099 149 428 40 1062 542 87 7003 53 99 120 1219 231 399 40 85 86 1013 11612 54 42 69 41 370 317 237 869 84 119 50
internal_value=0.00157543 0.0131407 0.0490615 0.17602 -0.00455151 0.0442617 -0.0213652 0.0273093 0.0381489 0.342351 -0.110966 0.0670765 0.150632 -0.115741 -0.256597 -0.00929096 -0.0131203 0.134977 -0.0106406 0.167286 0.187024 0.219628 0.36588 0.0334361 -0.0465409 0.0640578 0.139715 -0.150921 -0.0876361 -0.0130662
internal_weight=40482 26914 8881 1298 18033 5170 13568 7583 7155 152 662 4508 1293 1538 439 12030 11833 1258 11748 1109 1055 197 128 3215 890 2325 1106 520 436 11662
internal_count=40482 26914 8881 1298 18033 5170 13568 7583 7155 152 662 4508 1293 1538 439 12030 11833 1258 11748 1109 1055 197 128 3215 890 2325 1106 520 436 11662
is_linear=0
shrinkage=0.03


Tree=266
num_leaves=31
num_cat=0
split_feature=5 24 14 12 12 6 6 15 15 4 4 4 5 25 25 24 4 12 12 6 7 4 11 24 15 16 6 24 5 25
split_gain=13184.5 16110.8 25477.3 13750 32197.2 29397.5 172196 18890.8 44798.7 21862.9 56343.5 40576.8 23493.7 21379.5 31936.4 24292.4 20640.3 23666.9 18370.7 23248 17393.2 16425.2 15998.6 18709.7 21427.9 19047.7 23709.6 17003.5 15880.9 15072.9
threshold=34554.750000000007 92.00500000000001 166.64500000000001 246.2154166666667 250.48604166666669 -0.55132158590308367 0.39052863436123347 148.98041666666668 196.84062500000002 222.50000000000003 242.50000000000003 215.50000000000003 65656.250000000015 246.2154166666667 277.52729166666671 255.00500000000002 237.50000000000003 552.14062500000011 302.37062500000008 11.323788546255509 4.946180555555558 60.500000000000007 494.55500000000006 192.92750000000004 443.54708333333343 5112.1935991160126 28.020484581497797 396.99500000000006 74143.750000000015 332.98166666666674
decision_type=2 10 10 8 8 2 2 8 8 2 2 2 2 10 10 10 2 10 10 2 2 2 10 8 10 10 2 10 2 10
left_child=1 2 -1 22 -5 -6 -7 -8 21 11 16 12 -10 -12 -15 -16 17 -11 19 -17 -18 -9 23 -2 25 26 27 -25 29 -20
right_child=3 -3 -4 4 5 6 7 8 9 10 13 -13 -14 14 15 18 20 -19 28 -21 -22 -23 -24 24 -26 -27 -28 -29 -30 -31
leaf_value=-0.055352550018486102 0.0047946876668176867 -0.24897672068441126 0.66402337148137713 0.47748204478115402 -0.52388064746503471 1.7677273688150139 -0.52834183348549735 -0.0068881944582817401 0.010195022505748844 0.49785338702103105 -0.37566592060384296 -0.64854827467925269 -0.41503809040326339 0.36810060527019717 0.39914760275839645 -0.14643055646872719 1.163415475993786 -0.10300934285886826 0.34356851096153257 -0.9476383270422617 0.32956253153937204 0.64468142911713644 0.43984538319545824 -0.05501224145751836 -0.69762931487998181 -0.59801561230320044 0.62227239994899086 -0.65650010621824928 0.3880970751322233 -0.10383736072987951
leaf_weight=1205 32072 393 45 158 80 51 53 46 1163 162 125 103 129 214 106 120 52 92 74 44 41 142 73 2637 48 58 45 42 77 704
leaf_count=1205 32072 393 45 158 80 51 53 46 1163 162 125 103 129 214 106 120 52 92 74 44 41 142 73 2637 48 58 45 42 77 704
internal_value=0.00151393 -0.0816952 -0.0289449 0.00504757 0.0597449 0.0411699 0.0542388 0.0283816 0.0372283 0.0107654 0.0795041 -0.0784649 -0.0325506 -0.00205559 0.0330765 -0.0309229 0.422623 0.280668 -0.0760078 -0.365829 0.80322 0.486062 -0.000796702 -0.00173091 -0.0756602 -0.0646821 -0.0531109 -0.0646835 -0.0200539 -0.0608956
internal_weight=40354 1643 1250 38711 3736 3578 3498 3447 3394 3206 1811 1395 1292 1464 1339 1125 347 254 1019 164 93 188 34975 34902 2830 2782 2724 2679 855 778
internal_count=40354 1643 1250 38711 3736 3578 3498 3447 3394 3206 1811 1395 1292 1464 1339 1125 347 254 1019 164 93 188 34975 34902 2830 2782 2724 2679 855 778
is_linear=0
shrinkage=0.03


Tree=267
num_leaves=31
num_cat=0
split_feature=9 14 10 8 4 0 12 9 10 11 18 14 14 25 25 16 17 25 5 0 14 25 4 5 0 25 11 8 7 5
split_gain=12724.8 35965.7 25520.6 20982.8 15702.9 14806.7 26952.9 22127.1 45336.4 25197.9 15320.5 15141.9 13372.1 26250.1 20758 13923.5 13133.9 12793.8 16099.5 12779.3 12671 23774.5 24814.2 14582.2 12502.2 18672.8 14887.8 12229.2 17979 12111.6
threshold=81.611250000000013 170.62125000000003 79.465000000000018 517.38125000000014 2.5000000000000004 16.500000000000004 87.368645833333332 427.87500000000006 380.28000000000003 570.0150000000001 1.5000000000000002 735.36000000000001 97.020000000000024 108.97041666666668 12.43125 2006.577378497801 6838.8822950000012 72.502083333333346 45612.750000000007 1.0000000180025095e-35 577.68000000000018 484.18229166666674 242.50000000000003 52400.500000000007 19.500000000000004 419.74625000000009 570.0150000000001 30.837500000000002 3.5399305555555567 42202.750000000007
decision_type=10 10 8 2 2 2 10 10 10 10 2 10 8 10 8 8 10 10 2 2 10 10 2 2 2 10 10 2 2 2
left_child=1 12 -2 17 -4 6 -6 9 -9 16 11 24 29 14 15 -14 -8 -3 -19 -16 -10 23 27 -22 26 -26 -7 -23 -29 -1
right_child=2 3 4 -5 5 10 7 8 20 -11 -12 -13 13 -15 19 -17 -18 18 -20 -21 21 22 -24 -25 25 -27 -28 28 -30 -31
leaf_value=-0.066480007525094309 -0.10730276980303706 -0.08264493529001872 -0.54736617416143418 0.036217242432210375 -0.15929237944834271 0.047291699676100307 0.0016370295686307993 -0.76373834289315312 -0.28024582795167369 0.72574894463426842 0.13277467199589443 0.4566011288270409 0.85047074411596568 -0.19803944544014521 0.2404543712076388 0.22213879325372329 -0.31667406026210826 0.19637163987636566 0.6408141620554354 0.035430971379498466 0.57078482344914017 -0.29462712190190293 -0.62509893209593637 -0.099960356842387799 -0.016095517568428468 -0.38508475013441057 0.54218123340713131 -0.25728439509868622 0.53130347360735353 0.0070335110310902156
leaf_weight=2827 2494 44 47 254 1197 2398 10292 100 176 42 1105 67 41 399 284 135 117 124 183 6878 88 60 69 43 3462 127 55 41 68 7033
leaf_count=2827 2494 44 47 254 1197 2398 10292 100 176 42 1105 67 41 399 284 135 117 124 183 6878 88 60 69 43 3462 127 55 41 68 7033
internal_value=-0.00162116 0.0169431 -0.0169472 0.244179 -0.00541795 -0.00408419 -0.0241059 -0.00950933 -0.179899 0.00102273 0.0300323 0.0114295 0.00911707 0.0386371 0.0515315 0.37249 -0.00197095 0.39414 0.46252 0.0435933 -0.0715698 0.0284498 -0.150105 0.351527 0.00641822 -0.0292562 0.0586043 0.0463632 0.235036 -0.0140484
internal_weight=40250 18202 22048 605 19554 19507 12293 11096 645 10451 7214 6109 17597 7737 7338 176 10409 351 307 7162 545 369 238 131 6042 3589 2453 169 109 9860
internal_count=40250 18202 22048 605 19554 19507 12293 11096 645 10451 7214 6109 17597 7737 7338 176 10409 351 307 7162 545 369 238 131 6042 3589 2453 169 109 9860
is_linear=0
shrinkage=0.03


Tree=268
num_leaves=31
num_cat=0
split_feature=0 0 25 6 7 4 25 6 15 25 14 4 25 2 25 12 7 17 4 15 4 6 14 5 4 3 14 4 15 15
split_gain=10888.3 13771.5 13828.4 14915.3 18504.8 14336.3 16572.8 14329.8 15138.9 17483.2 23174.4 13194.5 13115.6 23898.7 17187.3 20913.3 17140.3 12882.5 13811.4 12768.1 12702.4 79949.8 23642.4 20234.1 21218.7 15199.8 14180.6 17951.5 17606 15577
threshold=13.500000000000002 22.500000000000004 628.70145833333345 14.334140969162998 5.0989583333333348 54.500000000000007 36.776875000000011 1.1993392070484583 113.875 284.98812500000003 493.88000000000005 134.50000000000003 246.2154166666667 9.5000000000000018 208.25750000000005 211.05937500000005 6.5260416666666687 790.24112000000002 325.50000000000006 36.776875000000011 84.500000000000014 1.4325991189427314 451.89500000000004 43906.250000000007 260.50000000000006 1.0000000180025095e-35 348.72500000000008 80.500000000000014 216.51187500000003 218.8979166666667
decision_type=2 2 10 2 2 2 8 2 10 10 10 2 10 2 10 10 2 10 2 10 2 2 10 2 2 2 10 2 10 10
left_child=17 2 3 5 11 6 -2 -7 19 12 -11 -5 14 -14 -10 -16 -15 18 20 -9 22 -22 25 24 -23 26 27 29 -28 -1
right_child=1 -3 -4 4 -6 7 -8 8 9 10 -12 -13 13 16 15 -17 -18 -19 -20 -21 21 23 -24 -25 -26 -27 28 -29 -30 -31
leaf_value=-0.0075747115799136289 0.29950638928286288 -0.064957616958348272 0.50974870130700889 -0.075613172899153674 -0.042394134523315856 -0.45458864342334659 -0.023607114128119496 0.18606118423565485 0.2386440994361991 -0.18585690338836341 0.31781344381671756 0.072260330481470361 0.076713113250403558 1.0917184409246605 -0.60368032029696872 0.096277657831610922 0.30998554435182124 -0.065614682243001668 -0.079778076754943555 0.017947592862719883 1.326229177543095 0.012006554752946081 -0.59232959747314451 0.066168633944686764 -0.10667349742147204 -0.4813978763669729 0.76000971836799924 -0.31261618341488595 0.069012085843260268 -0.25301318264498213
leaf_weight=4314 152 1662 52 655 4632 42 2156 504 876 243 123 3157 86 58 48 177 46 3753 1996 2088 41 6403 67 4501 1719 65 43 197 136 245
leaf_count=4314 152 1662 52 655 4632 42 2156 504 876 243 123 3157 86 58 48 177 46 3753 1996 2088 41 6403 67 4501 1719 65 43 197 136 245
internal_value=-0.00149265 0.0169799 0.0260051 0.0242991 -0.00210967 0.0580867 -0.00220705 0.0905099 0.0960037 0.166805 -0.0161859 0.0468387 0.218655 0.448454 0.178628 -0.0550571 0.752197 -0.0146761 -0.00498237 0.0506955 0.0034415 0.0195029 -0.0366969 0.0151539 -0.0131218 -0.0291344 -0.0230812 -0.032967 0.238306 -0.0208171
internal_weight=40237 16757 15095 15043 8444 6599 2308 4291 4249 1657 366 3812 1291 190 1101 225 104 23480 19727 2592 17731 12664 5067 12623 8122 5000 4935 4756 179 4559
internal_count=40237 16757 15095 15043 8444 6599 2308 4291 4249 1657 366 3812 1291 190 1101 225 104 23480 19727 2592 17731 12664 5067 12623 8122 5000 4935 4756 179 4559
is_linear=0
shrinkage=0.03


Tree=269
num_leaves=31
num_cat=0
split_feature=25 12 4 14 4 16 15 14 14 14 14 1 6 11 23 13 12 16 6 0 6 15 14 12 4 11 24 14 8 15
split_gain=9983.46 20111.8 17643.9 25824.7 25645.4 14521.8 21165.1 22032.3 14469.9 41123.6 11884.8 11752.3 23545.1 142721 22084.5 14821.7 30746.2 21590.6 16607.9 21449.7 13320.6 13165.4 32328.1 32379.1 27735.1 22154.3 24530.3 26268.2 18118.4 14729
threshold=47.685468750000005 21.927291666666672 42.500000000000007 170.62125000000003 168.50000000000003 11892.515016354124 74.281875000000014 84.785000000000011 133.09 138.43000000000004 128.03500000000005 1.5000000000000002 0.39052863436123347 286.91500000000002 3.5000000000000004 -0.0087499999999999991 28.813854166666669 14424.655102311159 18.341189427312781 11.500000000000002 33.845154185022039 552.14062500000011 470.46000000000004 396.69062500000013 212.50000000000003 524.47500000000002 396.99500000000006 421.93000000000006 40.23125000000001 477.00062500000007
decision_type=8 8 2 10 2 10 10 10 10 10 10 2 2 10 2 8 10 8 2 2 2 10 10 10 2 10 10 8 2 10
left_child=2 -2 5 4 8 6 7 -1 10 -10 -4 12 13 -3 20 16 -13 18 19 -18 21 22 25 24 -24 26 27 -14 -29 -25
right_child=1 11 3 -5 -6 -7 -8 -9 9 -11 -12 15 14 -15 -16 -17 17 -19 -20 -21 -22 -23 23 29 -26 -27 -28 28 -30 -31
leaf_value=-0.12339644381129261 -0.18856388463692325 -0.064695487069456201 -0.025645781350316442 -0.52968282668621502 0.08393719014106954 -0.24533640049971067 0.85804596578373626 0.40814505225561298 0.7521173401381821 -0.13909472739723114 -0.34699848983085374 0.65671667240014886 0.0049214125444865626 1.8349542290369669 0.27316216479443634 -0.013498717197898961 -0.49717708854669967 -0.54598884559103422 -0.0025321767976036269 0.14992863385006786 0.47137439445473928 0.40135582411611403 -1.1714671293171968 0.26784290847927333 -0.29118616569925238 0.6103341540423306 -0.40418030824079071 0.12411231106089562 0.76855071710116829 -0.35696169903722857
leaf_weight=117 555 170 4554 76 3515 51 50 173 79 111 105 40 7713 44 287 21192 167 125 414 63 54 73 54 79 80 54 128 96 66 58
leaf_count=117 555 170 4554 76 3515 51 50 173 79 111 105 40 7713 44 287 21192 167 125 414 63 54 73 54 79 80 54 128 96 66 58
internal_value=-0.00183174 -0.00973214 0.0263575 0.0172172 0.0222493 0.22311 0.293891 0.194008 -0.0224758 0.23346 -0.032961 -0.00652004 0.0224496 0.332605 0.01482 -0.0183133 -0.14426 -0.186722 -0.11625 -0.320045 0.00601946 0.0029725 -0.000567342 -0.322243 -0.651976 0.010291 0.00616646 0.0128867 0.389766 0.00265719
internal_weight=40343 31512 8831 8440 8364 391 340 290 4849 190 4659 30957 8956 214 8742 22001 809 769 644 230 8455 8401 8328 271 134 8057 8003 7875 162 137
internal_count=40343 31512 8831 8440 8364 391 340 290 4849 190 4659 30957 8956 214 8742 22001 809 769 644 230 8455 8401 8328 271 134 8057 8003 7875 162 137
is_linear=0
shrinkage=0.03


Tree=270
num_leaves=31
num_cat=0
split_feature=1 6 7 0 24 4 8 4 25 0 14 25 9 6 8 14 25 13 14 13 13 7 25 5 24 14 4 10 13 13
split_gain=13074.8 65792 152165 30137.5 24303.6 19212.1 14990.8 18976.6 19000.7 14695.8 15512.5 16099.3 24143 17728.3 15572.9 16095.2 22461.3 15601.6 14779 14096.2 19163.8 13672.2 12742 12195.8 20021.4 21172.8 24809.6 15799.9 12172.6 16022.7
threshold=1.0000000180025095e-35 0.39052863436123347 5.0052083333333348 4.5000000000000009 211.94500000000002 240.50000000000003 521.76875000000007 257.50000000000006 159.06442708333336 20.500000000000004 36.056250000000013 46.85958333333334 -1.0000000180025095e-35 23.084801762114541 158.98750000000004 147.17500000000004 155.63750000000002 67.281250000000014 398.82500000000005 93.175000000000026 107.67500000000003 3.017361111111112 142.42932291666671 41843.750000000007 168.12500000000003 75.593750000000014 130.50000000000003 41.402500000000011 122.84500000000001 185.19000000000003
decision_type=2 2 2 2 10 2 2 2 10 2 10 8 10 2 2 10 10 10 10 10 10 2 10 2 10 10 2 10 10 10
left_child=1 2 -1 4 -3 -6 -2 21 -9 10 -5 -12 -13 14 15 16 -14 -17 -16 -19 22 -8 -21 24 25 26 -23 -27 -22 -30
right_child=6 3 -4 9 5 -7 7 8 -10 -11 11 12 13 -15 18 17 -18 19 -20 20 28 23 -24 -25 -26 27 -28 -29 29 -31
leaf_value=-0.13741032028482073 0.0046291942534096428 -0.056152674416296393 2.2161822426028368 -0.25791656044689382 -0.14918691857044514 -0.91289376759103369 0.10492888990191085 -0.15472940561437123 -0.85717770025134088 -0.059585529195818374 0.24650039012749222 -0.20606187189520583 0.089089257807580299 0.29688768659394055 0.0050298603905107953 0.53632868913204779 -0.59057505969767976 -0.20583184366077184 -0.52446497422009697 0.24351278301004484 -0.28830903616216447 -1.0560962165756658 0.94996547903333384 -0.038379070690598163 -0.72475409262274437 0.17528950215869962 -0.13940461923894676 -0.19155291563299084 0.47671324654987873 -0.054765229310095309
leaf_weight=62 30923 1054 40 110 64 55 472 110 50 682 584 252 901 358 927 137 45 74 49 45 53 43 48 2402 56 181 68 251 104 99
leaf_count=62 30923 1054 40 110 64 55 472 110 50 682 584 252 901 358 927 137 45 74 49 45 53 43 48 2402 56 181 68 251 104 99
internal_value=0.00482249 0.0467348 0.798123 0.0330092 -0.102266 -0.506827 -0.00214423 -0.059783 -0.378205 0.0685384 0.091628 0.102155 0.0748209 0.0998081 0.0712735 0.131737 0.056169 0.259065 -0.022063 0.168213 0.247885 -0.0450087 0.614361 -0.0686182 -0.189611 -0.133191 -0.500778 -0.0378029 0.112878 0.218521
internal_weight=40299 5743 102 5641 1173 119 34556 3633 160 4468 3786 3676 3092 2840 2482 1506 946 560 976 423 349 3473 93 3001 599 543 111 432 256 203
internal_count=40299 5743 102 5641 1173 119 34556 3633 160 4468 3786 3676 3092 2840 2482 1506 946 560 976 423 349 3473 93 3001 599 543 111 432 256 203
is_linear=0
shrinkage=0.03


Tree=271
num_leaves=31
num_cat=0
split_feature=1 6 2 14 25 12 9 24 4 4 13 12 14 9 4 24 14 6 13 9 13 0 7 8 13 2 25 25 8 8
split_gain=11861.5 23052.7 142237 20357.5 23569.4 17685.3 15132.9 15100.9 17025.7 15806.4 15521.9 14937.2 33664.5 17956.3 13989.7 13921.9 16667.3 21969.6 19807.3 15342.5 13629.6 17716.1 16811.5 13197.6 13755.5 12739.6 12452.1 12429.7 22028.4 12212.8
threshold=1.5000000000000002 0.39052863436123347 3.5000000000000004 52.095000000000006 31.561510416666668 30.175000000000001 -23.451249999999998 396.99500000000006 186.50000000000003 202.50000000000003 345.17000000000002 364.06333333333345 470.46000000000004 302.15000000000003 26.500000000000004 396.99500000000006 327.42500000000007 18.446035242290751 179.78500000000005 321.3250000000001 258.71000000000009 13.500000000000002 4.0190972222222241 281.24375000000003 293.64000000000004 7.5000000000000009 373.22166666666675 261.6985416666667 0.38125000000000003 27.406250000000004
decision_type=2 2 2 10 8 10 8 10 2 2 10 10 10 10 2 8 10 2 10 10 10 2 2 2 10 2 10 10 2 2
left_child=1 2 -1 -3 5 14 -2 10 -9 -10 -8 12 15 -13 -5 16 27 18 -18 -17 -15 -22 -23 24 26 -14 -11 -6 -29 -26
right_child=6 3 -4 4 11 -7 7 8 9 23 -12 13 25 20 -16 19 17 -19 -20 -21 21 22 -24 -25 29 -27 -28 28 -30 -31
leaf_value=-0.066761065068359146 -0.50978203073956752 -0.16899071822746492 1.8513482488014479 0.66784691080814451 0.013620733233722716 0.55982365989662486 -0.009066919733829136 -0.51516185806523407 0.30095208010954017 -0.63860088209672405 0.3480121480456807 0.78533693571175844 -0.84833166024684903 -0.26042306331748311 0.095936698363052658 -0.49766352872432845 0.37005242521896603 0.63446886707183925 -0.12780671152631271 0.19294988791857445 -0.0007431493515837682 0.010116021078686381 0.75651296661271672 -0.32977925840643951 -0.076038219728324086 -0.23496287374961666 -0.10431066676867859 -0.68103571846371602 0.12735965339814204 0.28545800863352033
leaf_weight=166 54 502 43 40 8954 98 27527 92 84 54 109 41 49 65 643 94 126 85 165 41 145 42 76 214 228 81 139 62 58 132
leaf_count=166 54 502 43 40 8954 98 27527 92 84 54 109 41 49 65 643 94 126 85 165 41 145 42 76 214 228 81 139 62 58 132
internal_value=-0.00227347 0.0233514 0.334811 0.0175958 0.0262315 0.184895 -0.0126338 -0.0116766 -0.129666 -0.0874354 -0.00764601 0.0139261 0.00680013 0.201011 0.130358 0.0133271 0.0176624 0.213117 0.0882902 -0.288045 0.125806 0.221886 0.493164 -0.130307 -0.0526595 -0.470867 -0.256322 0.00954079 -0.292488 0.056934
internal_weight=40209 11576 209 11367 10865 781 28633 28579 943 851 27636 10084 9715 369 683 9585 9450 376 291 135 328 263 118 767 553 130 193 9074 120 360
internal_count=40209 11576 209 11367 10865 781 28633 28579 943 851 27636 10084 9715 369 683 9585 9450 376 291 135 328 263 118 767 553 130 193 9074 120 360
is_linear=0
shrinkage=0.03


Tree=272
num_leaves=31
num_cat=0
split_feature=5 24 4 6 6 14 5 4 16 15 7 16 11 8 11 23 25 3 15 9 14 14 25 14 4 25 7 15 9 6
split_gain=11096.6 16221.6 12708.2 28217.9 147054 22403.4 16579.8 16388.9 23452.8 19206.5 13497.1 22635.5 12470.9 11776.6 23479.3 15426.8 27238 19513 13989 13759.6 29668.7 19081.5 21916.8 17202.1 16436.8 14397 14304.5 15893.6 13383.4 13442.7
threshold=36000.812500000007 410.77500000000003 84.500000000000014 -0.55132158590308367 0.39052863436123347 428.82000000000005 74725.000000000015 86.500000000000014 3384.0407013402018 68.745833333333351 9.5295138888888928 18274.792676951973 301.68500000000006 225.68750000000003 644.96000000000015 4.5000000000000009 72.502083333333346 1.0000000180025095e-35 628.70145833333345 71.687500000000014 97.020000000000024 166.64500000000001 45.749375000000008 173.73500000000004 96.500000000000014 157.58687500000002 6.602430555555558 115.84229166666667 21.247500000000002 17.811453744493395
decision_type=2 10 2 2 2 10 2 2 10 10 2 8 10 2 10 2 10 2 10 10 10 10 10 10 2 10 2 10 10 2
left_child=1 -1 5 12 -5 -2 7 8 9 -6 13 -12 -4 14 19 18 17 -17 -15 20 -9 25 -23 26 -22 -21 -24 -28 -26 -30
right_child=2 -3 3 4 6 -7 -8 10 -10 -11 11 -13 -14 15 -16 16 -18 -19 -20 21 24 22 23 -25 28 -27 27 -29 29 -31
leaf_value=-0.048843426022501107 -0.019993183876012448 -0.62957114135677161 -0.15789267955081801 1.4875850784583171 -0.20598790038715709 -0.40918406961030429 0.33632514127543273 0.012663855018439847 0.89593038669505787 0.40337986620989708 0.096688683711673246 -0.21205770017623143 -0.84944345476779526 0.01330618016713919 0.54422552304177341 0.024629787141698223 -0.19602243685690429 -0.5410403578532369 -0.48537898442324467 -0.021520155001293263 0.56629267776280312 -0.563393387221373 0.11043244486053784 0.043425019009006756 0.32309970415416794 -0.46357756459001281 0.92153289606173827 0.18583825707435608 0.051708817781835968 0.27922612665966151
leaf_weight=2722 9561 43 48 60 87 134 141 3022 42 98 330 603 46 6914 78 1477 1026 56 50 6437 88 51 161 5229 313 66 53 53 1003 304
leaf_count=2722 9561 43 48 60 87 134 141 3022 42 98 330 603 46 6914 78 1477 1026 56 50 6437 88 51 161 5229 313 66 53 53 1003 304
internal_value=-0.000109396 -0.058099 0.00416427 0.0144666 0.0162336 -0.0254141 0.0129909 0.0113234 0.264617 0.117246 0.00920868 -0.102868 -0.50169 0.0131762 0.0282406 -0.0134916 -0.0764654 0.00362681 0.00965656 0.0258098 0.0691642 0.00878749 0.0496583 0.0554486 0.169066 -0.0260773 0.289881 0.55886 0.147152 0.104801
internal_weight=40296 2765 37531 27836 27742 9695 27682 27541 227 185 27314 933 94 26381 16858 9523 2559 1533 6964 16780 4730 12050 5547 5496 1708 6503 267 106 1620 1307
internal_count=40296 2765 37531 27836 27742 9695 27682 27541 227 185 27314 933 94 26381 16858 9523 2559 1533 6964 16780 4730 12050 5547 5496 1708 6503 267 106 1620 1307
is_linear=0
shrinkage=0.03


Tree=273
num_leaves=31
num_cat=0
split_feature=5 8 4 14 13 4 4 4 1 25 13 5 4 12 10 13 12 14 24 14 24 4 4 4 4 14 25 17 14 7
split_gain=14325.2 16303.4 15062.5 16227.3 14694.1 27073.4 35842.4 20166 18303.6 17180.4 20757.2 28104 18330.6 18035.8 17623.1 17462.1 15815.7 14196.1 13898.5 13874.6 13307.1 13282.9 13578.4 18077 17790.8 12891.4 19634 13933.4 13072.4 12870.6
threshold=40906.250000000007 3.3187500000000005 258.50000000000006 96.010000000000005 3.5600000000000005 224.50000000000003 355.50000000000006 34.500000000000007 1.0000000180025095e-35 47.308697916666667 1.0150000000000003 50802.187500000007 100.50000000000001 25.359479166666667 44.975000000000001 -0.011249999999999998 17.516145833333336 69.120000000000019 396.99500000000006 209.59625000000003 17.313750000000002 54.500000000000007 76.500000000000014 80.500000000000014 72.500000000000014 451.89500000000004 214.18333333333337 6222.198905000002 104.73500000000003 3.220486111111112
decision_type=2 2 2 10 10 2 2 2 2 10 10 2 2 10 10 10 10 10 10 10 10 2 2 2 2 10 10 8 10 2
left_child=1 2 3 -1 5 7 -7 8 -2 10 12 -12 14 16 -9 -16 -11 -10 25 21 -5 -15 24 -24 -23 26 27 28 -3 -6
right_child=4 18 -4 20 29 6 -8 9 17 13 11 -13 -14 19 15 -17 -18 -19 -20 -21 -22 22 23 -25 -26 -27 -28 -29 -30 -31
leaf_value=-0.070022114792111997 0.75185528000195823 -0.085870474844596506 -0.097756158368041121 0.30608354768653012 0.069160600335638991 0.19663634964746715 -0.21096320156193424 -0.20526684172466578 -0.1362368282340467 -0.096249815008366074 0.14859676170487734 0.93330973232493675 0.070212180975542743 -0.40020124641094856 0.51221919333828336 -0.095377113950361886 -0.54574610190557649 0.32557886357903482 -0.51791902913995402 -0.5342830742709338 0.039419943446245484 0.086522498860560501 -0.5689409738613499 -0.009973506206136247 0.79244237558143893 0.32143334635615567 -0.56582779088845614 -0.032483536616549825 -0.34715697111960114 -0.0076897808537611662
leaf_weight=1337 53 427 1286 177 2147 1607 220 493 99 168 214 50 1823 77 69 108 121 149 68 47 3143 150 53 1459 40 67 77 1599 289 22567
leaf_count=1337 53 427 1286 177 2147 1607 220 493 99 168 214 50 1823 77 69 108 121 149 68 47 3143 150 53 1459 40 67 77 1599 289 22567
internal_value=0.000600517 -0.0340571 -0.00691161 0.0181901 0.00985747 0.0482239 0.147466 0.0131518 0.251038 -0.0015937 0.0477417 0.300178 0.0208999 -0.0658968 -0.113178 0.143029 -0.28568 0.141418 -0.09787 -0.0309745 0.0537245 -0.0173847 0.000159074 -0.02993 0.238508 -0.0860483 -0.0975914 -0.0817797 -0.191671 -0.00101097
internal_weight=40184 8470 5943 4657 31714 7000 1827 5173 301 4872 2757 264 2493 2115 670 177 289 248 2527 1826 3320 1779 1702 1512 190 2459 2392 2315 716 24714
internal_count=40184 8470 5943 4657 31714 7000 1827 5173 301 4872 2757 264 2493 2115 670 177 289 248 2527 1826 3320 1779 1702 1512 190 2459 2392 2315 716 24714
is_linear=0
shrinkage=0.03


Tree=274
num_leaves=31
num_cat=0
split_feature=17 12 2 6 9 5 1 6 13 12 8 8 8 6 2 16 24 6 19 16 13 1 13 13 11 6 10 24 2 13
split_gain=11733.5 17642.2 13013.7 19817.3 21298.4 15311.4 13168.2 119645 26122.2 41600.7 21275.6 18365.3 17548.3 18459.9 13616.2 12665.6 13377.9 14085.7 12179.3 11973.6 18741.4 13474.8 12220.5 11388.4 12030.8 10863.6 10067.2 12890.6 9969.38 12724.6
threshold=1190.3375400000002 175.86458333333337 11.500000000000002 0.39052863436123347 331.43000000000006 74725.000000000015 1.0000000180025095e-35 0.39052863436123347 193.02000000000001 364.06333333333345 0.26875000000000004 22.318750000000005 161.51250000000002 15.293832599118945 4.5000000000000009 6232.4303678495135 32.318750000000009 11.323788546255509 1.0000000180025095e-35 122.87173096943035 145.54000000000005 5.5000000000000009 20.050000000000004 90.280000000000015 367.71000000000009 15.139427312775332 22.385000000000002 153.90500000000003 7.5000000000000009 18.073750000000004
decision_type=10 10 2 2 10 2 2 2 10 10 2 2 2 2 2 8 10 2 2 10 10 2 10 10 10 2 10 10 2 10
left_child=2 15 6 4 -4 19 7 -1 10 -10 -9 -11 13 26 25 28 -17 -18 -8 20 23 -22 -21 24 -5 -14 -12 -28 -2 -30
right_child=1 -3 3 5 -6 -7 18 8 9 11 12 -13 14 -15 -16 16 17 -19 -20 22 21 -23 -24 -25 -26 -27 27 -29 29 -31
leaf_value=1.2103658000975848 -0.03826174700166815 -0.56017545962019966 -0.12568952591541938 -0.16358321438818776 -0.91969107198528943 0.28963921285066446 0.0058354630945271517 -0.0069744455358147234 -0.65555146286264054 -0.26192156772981301 0.77722446560166603 0.54983881609307395 -0.035152299862110471 0.045792095028516493 0.12291541863162893 -0.017701825598102999 -0.047876860460939218 -0.28442291701901051 -0.25511880306182083 0.20514470384660483 -0.027223478899408991 0.37817683039644601 -0.044193873770924097 -0.3736137415461826 0.25408748122699121 -0.49294895952077289 0.19296276614692595 0.51785272879457034 0.1101923620617138 -0.037037511268531179
leaf_weight=79 3795 56 84 723 47 121 25236 2158 119 46 42 53 258 313 638 907 406 513 161 268 519 85 516 216 67 56 349 161 1154 973
leaf_count=79 3795 56 84 723 47 121 25236 2158 119 46 42 53 258 313 638 907 406 513 161 268 519 85 516 216 67 56 349 161 1154 973
internal_value=-0.00128992 -0.0343019 0.00668322 -0.0570535 -0.41537 -0.038232 0.0123692 0.0610941 0.0391573 -0.279841 0.0567181 0.17381 0.132326 0.230056 0.0433792 -0.0304293 -0.0994814 -0.180086 0.00417121 -0.0549177 -0.101715 0.0303587 0.041192 -0.180964 -0.127884 -0.118103 0.334267 0.296339 -0.00912442 0.042856
internal_weight=40119 7804 32315 2646 131 2515 29669 4272 4193 218 3975 99 1817 865 952 7748 1826 919 25397 2394 1610 604 784 1006 790 314 552 510 5922 2127
internal_count=40119 7804 32315 2646 131 2515 29669 4272 4193 218 3975 99 1817 865 952 7748 1826 919 25397 2394 1610 604 784 1006 790 314 552 510 5922 2127
is_linear=0
shrinkage=0.03


Tree=275
num_leaves=31
num_cat=0
split_feature=24 10 11 5 1 8 4 11 13 24 13 14 7 10 4 5 7 4 24 13 10 25 13 14 25 24 14 14 2 14
split_gain=10263 51230 32812.8 21967.1 19748.2 17012.6 16425.2 16435.1 14753.4 15909 25805.6 13334.8 17264.7 11247.9 18046.9 11226.5 14292.9 10732.4 17497.3 10303.9 14431 18397.4 14025.1 17671.2 17521.7 16057.6 13593 14619.7 29337.7 12623.6
threshold=427.87500000000006 396.7050000000001 524.47500000000002 53003.125000000007 2.5000000000000004 8.9562500000000025 218.50000000000003 380.06500000000005 293.64000000000004 524.65000000000009 378.59000000000009 560.49500000000012 5.7031250000000018 260.67000000000007 263.50000000000006 45612.750000000007 4.0434027777777795 228.50000000000003 466.00500000000005 378.59000000000009 427.46000000000009 316.57312500000006 298.67500000000001 602.50000000000011 444.56375000000008 410.77500000000003 602.50000000000011 470.46000000000004 6.5000000000000009 421.93000000000006
decision_type=10 10 10 2 2 2 2 10 10 10 10 10 2 10 2 2 2 2 8 10 10 10 10 10 10 10 8 10 2 10
left_child=2 13 19 -4 5 -3 -6 -8 -7 -10 -11 12 -9 -2 17 -13 -17 18 -15 20 22 -22 24 -24 25 26 27 29 -29 -1
right_child=1 4 3 -5 6 8 7 11 9 10 -12 15 -14 14 -16 16 -18 -19 -20 -21 21 -23 23 -25 -26 -27 -28 28 -30 -31
leaf_value=0.0014497535803898415 -0.90857141749803405 -0.080248769701822931 0.96712395638789772 0.053239544521678575 -0.36179425882796445 0.010185959703886686 -0.54661484617751266 0.85624500361884515 0.087184817751248672 1.262943344116211 0.24402736026455052 -0.22089822716829252 -0.019317637136796625 -0.029433398688993143 -0.78620557960180137 -0.24676304765045642 0.45243019500248871 0.20508569880326588 -0.83133852660655971 0.3804212762048611 0.10973105934448539 -0.37986814525074908 0.30924245915632315 -0.29858056508577785 -0.46845906446517355 0.47079594779590311 0.47373975632949311 -0.83641109396923663 -0.059992617329900161 0.16146909505460735
leaf_weight=37526 42 114 52 43 143 66 40 40 44 47 43 122 40 61 64 41 70 44 40 64 107 192 253 51 70 65 54 54 216 448
leaf_count=37526 42 114 52 43 143 66 40 40 44 47 43 122 40 61 64 41 70 44 40 64 107 192 253 51 70 65 54 54 216 448
internal_value=0.00188568 -0.0901363 0.00437893 0.558334 0.0260519 0.211859 -0.0917657 0.0183357 0.377932 0.557643 0.784159 0.0920447 0.42363 -0.463702 -0.370401 -0.0231281 0.194272 -0.182746 -0.352056 0.00301875 0.00239027 -0.204879 0.00399537 0.206628 0.00238724 0.00325857 0.00245278 0.00177496 -0.21779 0.00334179
internal_weight=40256 1061 39195 95 810 314 496 353 200 134 90 313 80 251 209 233 111 145 101 39100 39036 299 38737 304 38433 38363 38298 38244 270 37974
internal_count=40256 1061 39195 95 810 314 496 353 200 134 90 313 80 251 209 233 111 145 101 39100 39036 299 38737 304 38433 38363 38298 38244 270 37974
is_linear=0
shrinkage=0.03


Tree=276
num_leaves=31
num_cat=0
split_feature=7 8 5 14 0 6 7 15 24 17 14 25 13 14 24 1 25 13 15 16 24 13 14 1 17 0 15 14 14 25
split_gain=12693.3 11315.2 16943.6 11310.9 11537.5 10536.5 10359.1 12178.4 9630.58 18577.5 17326 25659.2 21954.6 34896.6 27458.3 25749.5 31200.2 25311.4 24341.7 22375.4 19838.7 16933.7 15565.4 15178.9 15438 17129.5 15164.8 13060.1 12763 12504
threshold=10.390625000000002 772.06250000000011 39956.250000000007 81.520000000000024 5.5000000000000009 27.654185022026436 3.220486111111112 98.461250000000007 50.235000000000007 12569.378060000005 166.64500000000001 145.41166666666669 61.230000000000011 225.02000000000001 94.541250000000019 1.5000000000000002 126.31166666666668 59.985000000000007 132.37192708333336 5653.9389137593607 138.84250000000003 113.11000000000001 75.593750000000014 1.0000000180025095e-35 301.74571500000008 11.500000000000002 38.983541666666675 105.26625000000001 44.935000000000009 444.56375000000008
decision_type=2 2 2 10 2 2 2 10 8 10 8 10 8 10 10 2 10 10 10 10 10 10 10 2 10 2 10 10 10 10
left_child=1 5 -3 -2 -5 8 -4 -8 22 10 11 28 13 14 -12 -16 -17 20 -18 29 -15 -21 -1 26 -25 -26 27 -24 -10 -14
right_child=3 2 6 4 -6 -7 7 -9 9 -11 12 -13 19 17 15 16 18 -19 -20 21 -22 -23 23 24 25 -27 -28 -29 -30 -31
leaf_value=-0.021700341596080742 0.023761621655204467 -0.64862747169592805 0.1441656495347409 -0.49933130148918398 -0.13229701384231851 0.095509698169534488 -0.024400944271612733 -0.36270954212065665 -0.31394655514169822 -0.48678914616505303 0.40000090913660824 -0.36636564717613729 0.025806913170252771 0.7961964846010936 0.16962468171593204 0.045469511253315775 -1.080171090066433 1.0894993981500951 -0.27968450878188011 -0.38394371768372637 0.18825097289888093 0.18033423513414396 0.091722788905555547 0.087765734114807412 -0.12521220823158802 0.043355479851130405 0.12404779639152674 0.74831978108341757 -0.017735964577965311 -0.097236449017456025
leaf_weight=3436 349 50 141 92 459 1148 251 154 131 71 159 194 9421 58 331 251 43 40 159 213 273 61 43 3150 812 1630 387 75 16019 806
leaf_count=3436 349 50 141 92 459 1148 251 154 131 71 159 194 9421 58 331 251 43 40 159 213 273 61 43 3150 812 1630 387 75 16019 806
internal_value=0.00148649 0.00402561 -0.12559 -0.109853 -0.194374 0.00601412 -0.0765951 -0.153618 0.00329099 -0.00551305 -0.00428232 -0.0242895 0.0233939 0.138953 0.0418398 -0.0312144 -0.178015 0.385016 -0.454567 0.00892208 0.296857 -0.258121 0.0293601 0.0581344 0.0438879 -0.012724 0.215491 0.511833 -0.020158 0.0161012
internal_weight=40407 39507 596 900 551 38911 546 405 37763 28230 28159 16344 11815 1314 943 784 453 371 202 10501 331 274 9533 6097 5592 2442 505 118 16150 10227
internal_count=40407 39507 596 900 551 38911 546 405 37763 28230 28159 16344 11815 1314 943 784 453 371 202 10501 331 274 9533 6097 5592 2442 505 118 16150 10227
is_linear=0
shrinkage=0.03


Tree=277
num_leaves=31
num_cat=0
split_feature=17 15 0 7 6 6 11 11 23 14 5 8 24 14 13 15 10 4 6 11 13 15 10 17 13 24 4 25 15 7
split_gain=12877.5 20177.1 14705.5 12476.8 13296.1 27380.8 229356 22416.2 12193.4 17558.3 11801 12986.7 11693.2 16115.5 13557.5 11189.2 14075 12802.8 12807.5 21606.8 12161.8 17477.6 12124.5 35764.1 12942.5 11510.5 11172.5 10978 9878.26 9708.36
threshold=1754.8409150000002 172.56026041666669 10.500000000000002 3.8559027777777781 -0.55132158590308367 0.39052863436123347 235.99500000000003 286.91500000000002 4.5000000000000009 168.10000000000002 36000.812500000007 6.0062500000000005 46.503750000000004 75.593750000000014 -2.1199999999999997 4.0881250000000007 -1.0000000180025095e-35 188.50000000000003 11.323788546255509 54.003750000000004 39.705000000000005 141.38572916666669 -23.451249999999998 11859.601975000001 62.116250000000008 138.84250000000003 198.50000000000003 88.51994791666668 132.37192708333336 6.9010416666666687
decision_type=10 10 2 2 2 2 8 10 2 10 2 2 8 10 10 10 10 2 2 10 10 10 10 10 10 10 2 10 10 2
left_child=3 2 8 -1 7 6 -6 -5 -2 -10 11 29 13 -12 -15 16 -4 18 25 22 21 28 23 -20 -24 -17 -22 -16 -19 -7
right_child=1 -3 15 4 5 10 -8 -9 9 -11 12 -13 -14 14 27 17 -18 20 19 -21 26 -23 24 -25 -26 -27 -28 -29 -30 -31
leaf_value=0.055462050481268392 -0.063903075555759289 -0.58072975987195963 0.66923658222594151 -0.083109967537153662 -0.086295399161127329 -0.013784239565632466 2.3693158020842366 -0.8283371682871471 -0.19278015963597056 -0.84239531767229692 -0.012193162988359296 -0.27760982602545947 -0.00022755553601722691 0.40397949200711747 0.076803556703692641 0.10668426159179038 0.067543319811066274 0.06278189851578328 0.21129609135064209 -0.24089272324019517 0.40812038091624658 0.52777428905169166 -0.0022789780323489986 -1.0230620644041677 -0.41046718345112992 -0.3275587675216623 -0.10154086207223258 0.42517174357883902 -0.36037325142061011 -0.2130357640445055
leaf_weight=4891 883 59 46 210 207 1739 40 43 300 42 1731 228 21372 132 1967 554 138 1897 43 628 40 71 1652 40 72 60 699 84 50 251
leaf_count=4891 883 59 46 210 207 1739 40 43 300 42 1731 228 21372 132 1967 554 138 1897 43 628 40 71 1652 40 72 60 699 84 50 251
internal_value=0.00326973 -0.0328493 -0.0282892 0.0112574 0.0035352 0.00551263 0.319325 -0.212532 -0.122953 -0.274781 0.00268293 -0.0636513 0.00850382 0.0561685 0.110356 -0.00891252 0.220771 -0.0162283 -0.0585812 -0.0894504 0.0306146 0.0687374 -0.0367145 -0.388673 -0.0195544 0.0637865 -0.0734401 0.0912714 0.0517356 -0.0390103
internal_weight=40169 7274 7215 32895 28004 27751 247 253 1225 342 27504 2218 25286 3914 2183 5990 184 5806 3049 2435 2757 2018 1807 83 1724 614 739 2051 1947 1990
internal_count=40169 7274 7215 32895 28004 27751 247 253 1225 342 27504 2218 25286 3914 2183 5990 184 5806 3049 2435 2757 2018 1807 83 1724 614 739 2051 1947 1990
is_linear=0
shrinkage=0.03


Tree=278
num_leaves=31
num_cat=0
split_feature=7 14 25 13 2 5 13 16 24 5 15 23 14 1 13 12 15 12 25 17 15 16 13 12 17 14 14 12 6 8
split_gain=10665.1 10528.1 9368.35 16789.6 13775 20945.7 17191.3 18402.7 14929.4 13264 16019.1 12987.7 11927.6 31518.4 13998.6 23782.1 11752.7 12023.5 11514.4 11184.1 12474 11178.3 11083.4 25696.7 11022.3 13906.8 10874.4 10697.6 10636 10576.4
threshold=11.432291666666668 81.520000000000024 32.143125000000005 -0.50499999999999989 8.5000000000000018 39506.250000000007 -1.0162499999999997 9754.6114984395044 16.281250000000004 57756.250000000007 107.71937500000001 6.5000000000000009 99.86375000000001 1.0000000180025095e-35 35.430000000000007 56.820885416666677 27.131875000000004 37.47291666666667 61.256875000000015 9676.9243400000032 30.175000000000001 104.30377461938392 -0.80874999999999986 14.051041666666668 2408.4116300000005 279.92000000000002 63.755000000000003 27.131875000000004 9.8601321585903108 749.43125000000009
decision_type=2 10 8 8 2 2 10 8 10 2 10 2 10 2 10 10 10 10 10 8 10 8 10 10 10 10 10 10 2 2
left_child=2 -2 9 4 6 -6 7 8 -4 10 12 -11 14 -14 15 16 29 22 -9 -15 -21 -5 23 -18 -23 -26 -25 -20 -10 -1
right_child=1 -3 3 21 5 -7 -8 18 28 11 -12 -13 13 19 -16 -17 17 -19 27 20 -22 24 -24 26 25 -27 -28 -29 -30 -31
leaf_value=-0.044888868738473899 0.044049122284205863 -0.2838383434884823 0.039831522369788867 0.18229119980076466 -0.32774986679049639 0.31349865705347979 -0.44927143020786503 -0.15541864549803236 0.22456011191010475 0.42986595019927781 -0.47272070997639709 -0.053087421534462026 0.62157941895903956 0.011250394012903814 0.26116212795426447 -0.61258910795737953 -0.020353772082611132 0.42422935698377456 -0.068316744056276302 0.27090300821031643 -0.15616192629337311 0.004317876848015832 -0.012068589093305647 0.7783772767531244 -0.04167511397278377 -0.50566663810257184 0.27903313215766379 0.32137993851739372 -0.26313599789507036 -0.53293012706244869
leaf_weight=1602 141 233 235 297 64 155 136 134 42 145 56 76 98 969 179 57 284 75 98 349 74 28496 1153 56 4023 58 133 177 689 40
leaf_count=1602 141 233 235 297 64 155 136 134 42 145 56 76 98 969 179 57 284 75 98 349 74 28496 1153 56 4023 58 133 177 689 40
internal_value=-0.0011928 -0.160435 0.00030196 -0.00540848 -0.0964731 0.125464 -0.128702 -0.096691 -0.168053 0.0372591 0.0274193 0.264291 0.0330368 0.104328 0.00333615 -0.0103104 0.000138878 0.0553886 0.0718555 0.0674923 0.196 -0.000613405 0.0381254 0.160247 -0.00228646 -0.0483917 0.430305 0.182762 -0.234847 -0.0570949
internal_weight=40324 374 39950 34604 1730 219 1511 1375 966 5346 5125 221 5069 1490 3579 3400 3343 1701 409 1392 423 32874 1626 473 32577 4081 189 275 731 1642
internal_count=40324 374 39950 34604 1730 219 1511 1375 966 5346 5125 221 5069 1490 3579 3400 3343 1701 409 1392 423 32874 1626 473 32577 4081 189 275 731 1642
is_linear=0
shrinkage=0.03


Tree=279
num_leaves=31
num_cat=0
split_feature=6 17 8 25 4 1 16 7 9 16 9 5 14 9 14 15 10 4 15 5 6 14 15 8 9 25 4 25 4 2
split_gain=10446.1 13954.4 12067.3 16068.8 18297.7 17214.2 19904.6 17262.3 12288 12039.7 23326.6 18379.4 15265.8 17085.9 31647 14587.4 14462.1 14353.7 16720 13997.3 13776.2 14213 24810.4 12996.9 12465.9 11493 12908.2 17069.4 11174.1 13165.2
threshold=33.845154185022039 7356.9659700000002 521.76875000000007 80.14562500000001 257.50000000000006 4.5000000000000009 4174.9269599850368 4.3975694444444455 149.22500000000002 7696.0931347021024 156.75500000000002 68762.500000000015 38.355000000000011 34.593750000000007 155.64000000000001 4.0881250000000007 85.50500000000001 202.50000000000003 105.17520833333334 44406.250000000007 21.937885462555069 106.84125000000002 100.71187500000001 119.63750000000002 118.20500000000001 107.31708333333336 204.50000000000003 201.19645833333334 223.50000000000003 7.5000000000000009
decision_type=2 10 2 10 2 2 10 2 10 10 10 2 8 10 10 8 10 2 10 2 2 10 10 2 10 10 2 10 2 2
left_child=2 -2 9 -4 5 6 28 25 -6 12 11 20 -1 14 15 19 -16 -17 -19 -14 21 -11 24 -22 -23 -7 27 -27 29 -5
right_child=1 -3 3 4 8 7 -8 -9 -10 10 -12 -13 13 -15 16 17 -18 18 -20 -21 23 22 -24 -25 -26 26 -28 -29 -30 -31
leaf_value=-0.16177135732246839 0.69438070251183082 0.068414337128400796 0.0034348636783919774 -0.023059660090355698 -0.24850207635838734 -0.3928124575122543 -0.52932753171771763 -0.48646405183239261 -0.89954415888321104 -0.0084272625799536888 -0.55386915227625433 0.28497413800173516 0.13336608241227541 0.0021973227748887485 0.63720806000874408 -0.0061689861453763485 0.014063525802277503 0.14911092328396727 -0.21916926936536538 0.7293728793342158 0.70223678269037382 -0.22206793690433368 0.0092223464750920778 -0.039311513026555375 -0.64100242308961841 0.30266971123005665 0.48437979713399354 -0.53874524507919952 0.16588579015950766 -0.36643137063797826
leaf_weight=469 43 119 2210 980 75 68 71 177 40 1494 81 147 109 28356 123 2372 46 1236 121 52 40 603 516 44 71 41 46 44 244 111
leaf_count=469 43 119 2210 980 75 68 71 177 40 1494 81 147 109 28356 123 2372 46 1236 121 52 40 603 516 44 71 41 46 44 244 111
internal_value=-0.00186753 0.237807 -0.00284445 -0.0515493 -0.115574 -0.0917508 -0.043448 -0.271778 -0.480754 0.00273183 -0.0548316 -0.0407795 0.00797784 0.0104388 0.0679986 0.0504754 0.468675 0.0383573 0.116135 0.329179 -0.058176 -0.0700603 -0.147366 0.317914 -0.267083 -0.0793481 0.0851094 -0.134086 -0.0172304 -0.0582984
internal_weight=40149 162 39987 4107 1897 1782 1406 376 115 35880 2996 2915 32884 32415 4059 3890 169 3729 1357 161 2768 2684 1190 84 674 199 131 85 1335 1091
internal_count=40149 162 39987 4107 1897 1782 1406 376 115 35880 2996 2915 32884 32415 4059 3890 169 3729 1357 161 2768 2684 1190 84 674 199 131 85 1335 1091
is_linear=0
shrinkage=0.03


Tree=280
num_leaves=31
num_cat=0
split_feature=7 8 4 14 10 24 10 14 13 24 2 2 15 25 13 24 1 13 24 14 24 9 14 15 4 10 13 15 4 5
split_gain=12348.9 16744.5 16254.1 14290.6 13652.2 12992.4 40681 15220.7 29869.1 55517.9 31540.6 52443.4 25421.8 18924.7 17343.9 16985.8 16612.1 18125.9 16091.1 14794.2 12878.1 22035.9 20730.6 18167.4 16437.1 15463.2 15359.6 12859.9 12741.9 12767.5
threshold=3.6475694444444451 772.06250000000011 130.50000000000003 693.2650000000001 396.7050000000001 427.87500000000006 380.28000000000003 421.93000000000006 225.04500000000004 381.02500000000003 5.5000000000000009 9.5000000000000018 513.26479166666684 384.48208333333338 378.59000000000009 381.02500000000003 2.5000000000000004 315.09000000000009 272.60500000000008 451.89500000000004 48.957500000000003 97.63000000000001 115.84000000000002 6.7772916666666676 50.500000000000007 0.065000000000000016 54.787500000000009 383.62437500000004 197.50000000000003 37081.250000000007
decision_type=2 2 2 10 10 10 10 8 8 10 2 2 10 10 10 10 2 10 10 10 8 10 10 10 2 8 10 10 2 2
left_child=3 5 -3 4 -1 7 27 13 9 10 -9 19 14 20 15 -10 -17 -18 -13 -12 21 22 26 -24 -23 -22 -2 -7 -8 -30
right_child=1 2 -4 -5 -6 6 28 8 12 -11 11 18 -14 -15 -16 16 17 -19 -20 -21 25 24 23 -25 -26 -27 -28 -29 29 -31
leaf_value=0.037125999026858029 0.0036904192194180305 -0.7694849793503924 -0.13715177697276315 -0.3746586334946993 0.32544550741140382 -0.95282897735541716 -0.45767394611709994 -0.37232511743255281 0.021202449792888531 1.2446373787353622 0.50193669898395843 0.25639595031738283 0.60104429832526618 -0.45965087156338863 0.52614704320017169 -0.67634264247820652 0.14871469072500865 -0.58355548681124403 -0.58489391606028485 1.2943090836157978 -0.26597796965958426 0.1583197387985969 0.72377822383590362 0.11796332698930551 -0.30895237221950433 -0.014981578153950355 0.23816464577997032 -0.36013647787114406 -0.477482705672582 0.046236970910167277
leaf_weight=5391 6239 40 348 73 151 52 56 68 640 52 46 40 62 82 48 67 89 45 40 42 222 88 45 1466 286 23572 261 93 44 606
leaf_count=5391 6239 40 348 73 151 52 56 68 640 52 46 40 62 82 48 67 89 45 40 42 222 88 45 1466 286 23572 261 93 44 606
internal_value=-0.00175788 -0.00843022 -0.204151 0.0395168 0.045039 -0.00621364 -0.121903 -0.00327124 0.0998714 0.366966 0.169145 0.389218 0.0186841 -0.00723546 -0.0225602 -0.0544653 -0.29431 -0.099698 -0.166277 0.890408 -0.00606835 0.0258997 0.036417 0.136472 -0.198877 -0.0173345 0.0131406 -0.577759 -0.0275931 0.0101062
internal_weight=40354 34739 388 5615 5542 34351 851 33500 1239 288 236 168 951 32261 889 841 201 134 80 88 32179 8385 8011 1511 374 23794 6500 145 706 650
internal_count=40354 34739 388 5615 5542 34351 851 33500 1239 288 236 168 951 32261 889 841 201 134 80 88 32179 8385 8011 1511 374 23794 6500 145 706 650
is_linear=0
shrinkage=0.03


Tree=281
num_leaves=31
num_cat=0
split_feature=4 4 14 23 14 25 15 15 8 4 13 4 5 4 13 14 4 13 4 25 4 12 13 14 15 4 25 5 13 13
split_gain=12980.9 14659 19180 21670.2 13552.8 23390.9 13653.2 13494.7 12284.5 13304.6 16345.4 11455.4 48300.3 250297 26086.7 23997.6 18905.1 22593.4 16668.8 20598.4 16557.8 19824 23831.1 15803.8 30192.4 17508.1 15819 14707.4 21997.9 18347.8
threshold=348.50000000000006 351.50000000000006 104.73500000000003 2.5000000000000004 398.82500000000005 284.98812500000003 79.342031250000005 443.54708333333343 521.76875000000007 257.50000000000006 105.05000000000001 84.500000000000014 68762.500000000015 326.50000000000006 -3.2149999999999994 428.82000000000005 86.500000000000014 18.685000000000006 342.50000000000006 444.56375000000008 340.50000000000006 284.98812500000003 170.73000000000005 338.24625000000009 216.51187500000003 80.500000000000014 258.53812500000009 48206.250000000007 3.3500000000000001 0.85125000000000017
decision_type=2 2 10 2 10 8 10 10 2 2 10 2 2 2 8 10 2 10 2 10 2 10 10 10 10 2 10 2 10 10
left_child=8 2 -2 -4 5 6 -3 -8 11 -10 -11 14 16 -14 -1 23 17 -13 20 -20 21 22 -15 25 -25 -16 -26 -18 29 -29
right_child=1 4 3 -5 -6 -7 7 -9 9 10 -12 12 13 18 15 -17 27 -19 19 -21 -22 -23 -24 24 26 -27 -28 28 -30 -31
leaf_value=0.61151443865339628 0.2357970647017161 0.087868508609182536 -0.14006203602054226 -0.72428433826949334 0.23421667668737212 -0.55264482290604533 -0.16085333199191715 0.33351361857520212 -0.0320228527951813 -0.12391186801637982 -0.76117074035868348 0.74898454961531302 2.4220812553167343 -0.001586739522969629 -0.014579960904592218 -0.41989321416660919 -0.0024928660288841688 0.080971825946388493 0.54280900058544368 -0.19947600766699364 -0.52442071785147371 -0.41536867945358669 0.75662256360054014 0.70112794664464417 0.34116132126782428 -0.23464953246829515 -0.16676707146966174 0.097225471319477647 0.025611889647990653 0.36795273027431807
leaf_weight=58 53 468 133 100 144 84 632 53 4046 141 48 67 45 126 8706 133 16903 139 120 46 51 57 52 78 87 337 147 875 6132 303
leaf_count=58 53 468 133 100 144 84 632 53 4046 141 48 67 45 126 8706 133 16903 139 120 46 51 57 52 78 87 337 147 875 6132 303
internal_value=0.00112683 -0.0808162 -0.275916 -0.392825 -0.0402413 -0.0723545 -0.0369152 -0.122173 0.00465879 -0.0435527 -0.28891 0.0105845 0.0212903 0.313772 -0.0173579 -0.0212662 0.0153248 0.300807 0.0989906 0.337153 -0.0399365 0.0669835 0.222902 -0.0155547 0.194025 -0.0228062 0.0227263 0.0128837 0.0484345 0.167114
internal_weight=40364 1667 286 233 1381 1237 1153 685 38697 4235 189 34462 24916 497 9546 9488 24419 206 452 166 286 235 178 9355 312 9043 234 24213 7310 1178
internal_count=40364 1667 286 233 1381 1237 1153 685 38697 4235 189 34462 24916 497 9546 9488 24419 206 452 166 286 235 178 9355 312 9043 234 24213 7310 1178
is_linear=0
shrinkage=0.03


Tree=282
num_leaves=31
num_cat=0
split_feature=8 6 13 5 15 14 14 6 12 7 13 25 25 13 13 23 6 14 14 5 14 13 13 14 15 2 15 9 14 12
split_gain=10147.1 18647.5 16386.9 14334.2 12178.5 18247 12046.9 111670 24094.9 29167.4 23941.7 25425.7 21482.3 15972.8 13366.7 20364.9 17538.1 19902.3 13939.6 23761.6 13345.8 40819.9 19950.4 28527.9 16911.4 11330.2 11043.4 10936.8 41460 33894
threshold=521.76875000000007 23.084801762114541 315.09000000000009 50802.187500000007 139.77625000000003 218.24000000000004 463.79500000000007 0.39052863436123347 302.37062500000008 5.3697916666666687 213.14000000000001 332.98166666666674 384.48208333333338 195.09500000000003 293.64000000000004 2.5000000000000004 7.7504405286343632 602.50000000000011 560.49500000000012 38017.687500000007 438.64000000000004 258.71000000000009 258.71000000000009 421.93000000000006 302.37062500000008 6.5000000000000009 364.06333333333345 85.001250000000013 165.07875000000004 87.368645833333332
decision_type=2 2 10 2 10 10 8 2 8 2 8 8 10 10 8 2 2 8 10 2 10 10 10 10 10 2 10 10 10 10
left_child=1 6 -2 -4 5 -3 12 -8 9 -9 13 -12 20 -10 15 25 17 -16 19 -18 22 -22 27 -24 -23 -13 -6 28 -1 -29
right_child=2 4 3 -5 26 -7 7 8 10 -11 11 14 -14 -15 16 -17 18 -19 -20 -21 21 24 23 -25 -26 -27 -28 29 -30 -31
leaf_value=0.0044641603910518003 -0.034890319948110447 0.080911768417347707 -0.54966103333120153 0.080086978375911708 0.37721670275655661 -0.24200397324269218 1.3605847914037057 -0.0096648383980066001 0.16802585758841954 -0.99551093199036322 0.44077174052596091 -0.49586155109784819 -0.35126509802829886 0.96214002685887456 0.77163718378916379 -0.62611009605333834 -0.87257195302418289 -0.025700861008630858 0.068080134633461825 -0.00034538879297500431 0.51989441320896146 -0.77417876002192487 0.10454898054491389 0.95807804842789968 -0.17675708192697864 0.029842203194722857 0.073009375850406455 -0.11181162027211353 0.30590171597650828 -0.0013610757295237665
leaf_weight=15277 4115 1759 103 47 219 172 58 70 51 43 119 43 161 41 59 70 41 53 438 85 49 79 164 44 93 228 211 3096 421 12983
leaf_count=15277 4115 1759 103 47 219 172 58 70 51 43 119 43 161 41 59 70 41 53 438 85 49 79 164 44 93 228 211 3096 421 12983
internal_value=-0.00240567 0.00276121 -0.0461625 -0.353116 0.0842522 0.0520383 -0.00293917 0.0832197 0.0269993 -0.390252 0.0656809 0.0277701 -0.00666567 0.528465 -0.0209411 -0.173795 0.056307 0.397437 -0.0120187 -0.288801 -0.00493214 -0.236733 -0.00332316 0.288823 -0.454043 -0.0550884 0.228459 -0.00524447 0.0125673 -0.0226339
internal_weight=40392 36127 4265 150 2361 1931 33766 1399 1341 113 1228 1136 32367 92 1017 341 676 112 564 126 32206 221 31985 208 172 271 430 31777 15698 16079
internal_count=40392 36127 4265 150 2361 1931 33766 1399 1341 113 1228 1136 32367 92 1017 341 676 112 564 126 32206 221 31985 208 172 271 430 31777 15698 16079
is_linear=0
shrinkage=0.03


Tree=283
num_leaves=31
num_cat=0
split_feature=5 8 8 15 6 23 4 7 9 24 14 0 9 4 10 15 4 4 9 5 6 10 14 14 24 4 4 12 16 1
split_gain=10953.6 10306.7 18182.3 28128.6 64171.2 16703.4 20455.5 16750.8 16547.4 36826.1 16123.7 15933.9 14690.7 14155.2 13931.6 12721.2 12545 13413.7 15673.3 13543.4 13285.8 12453 12975 11975.6 19002.5 12603.5 11835.6 12057.5 12325 11249.8
threshold=34554.750000000007 171.35625000000002 0.11250000000000002 242.03625000000002 1.6548458149779737 5.5000000000000009 285.50000000000006 4.9079861111111134 381.02500000000003 396.99500000000006 250.76000000000002 10.500000000000002 71.001250000000013 110.50000000000001 465.86000000000007 628.70145833333345 223.50000000000003 285.50000000000006 203.00500000000002 48802.812500000007 5.5189427312775337 90.308750000000018 100.06000000000002 640.34000000000003 466.00500000000005 223.50000000000003 10.500000000000002 87.368645833333332 14882.673083195032 2.5000000000000004
decision_type=2 2 2 10 2 2 2 2 10 10 10 2 10 2 10 10 2 2 10 2 2 10 10 8 10 2 2 10 10 2
left_child=-1 2 5 12 -5 8 10 -8 9 13 -7 14 21 -2 -3 23 -6 19 -19 -18 -20 22 -4 24 -13 -26 -14 28 -28 -25
right_child=1 11 3 4 16 6 7 -9 -10 -11 -12 15 26 -15 -16 -17 17 18 20 -21 -22 -23 -24 29 25 -27 27 -29 -30 -31
leaf_value=-0.075019471451416062 -0.0608159775795361 -0.094523716333308153 0.034166729849450787 1.3521607849853381 0.01143824515634758 0.062611560219157647 0.11162156205768906 -0.14492115625232008 -0.23187360298746013 0.85043655988844957 0.27146900085453668 -0.0047741105454419432 0.20019997091090985 0.0066918328264066775 -0.64899839608797005 -0.48860310498549009 0.29442411066646257 0.63745672141512233 0.31453002901421379 0.86706318592538634 -0.12276372734626587 0.27494243409733382 0.25111258746445242 0.4575171347162158 -0.75208104610443105 -0.053460410901091313 -0.045274839168314561 0.034316240986766645 -0.55795739794193311 0.013243560921062122
leaf_weight=1670 4521 1455 1564 41 348 2541 334 724 327 43 382 11428 270 7321 41 48 163 44 96 48 175 306 294 96 50 43 2306 3287 42 109
leaf_count=1670 4521 1455 1564 41 348 2541 334 724 327 43 382 11428 270 7321 41 48 163 44 96 48 175 306 294 96 50 43 2306 3287 42 109
internal_value=0.000172837 0.00344079 0.0147173 0.048942 0.206488 -0.00427263 0.049085 -0.0639043 -0.0216693 -0.0158668 0.0899902 -0.0179536 0.0310534 -0.019084 -0.110143 -0.00623162 0.15126 0.243568 0.118951 0.428168 0.0327316 0.0979014 0.0686117 -0.00421555 -0.00826868 -0.433068 0.00654331 -0.00276959 -0.0546791 0.222505
internal_weight=40117 38447 25177 8984 915 16193 3981 1058 12212 11885 2923 13270 8069 11842 1496 11774 874 526 315 211 271 2164 1858 11726 11521 93 5905 5635 2348 205
internal_count=40117 38447 25177 8984 915 16193 3981 1058 12212 11885 2923 13270 8069 11842 1496 11774 874 526 315 211 271 2164 1858 11726 11521 93 5905 5635 2348 205
is_linear=0
shrinkage=0.03


Tree=284
num_leaves=31
num_cat=0
split_feature=24 10 1 8 11 4 10 15 5 14 24 17 12 7 4 24 13 4 16 12 4 5 8 4 9 14 13 4 16 15
split_gain=12991 47676.6 16834.5 16933 16381.4 15349.3 12428.9 14001.4 12262.9 12065.1 11119.3 10420 23387.8 11365.5 16381.6 25278 14764.3 18413.8 17893.1 22399.2 14746 14628.4 24604.9 21286.9 20874.3 20409.5 18195.9 18928.1 17526.2 14839.3
threshold=427.87500000000006 380.28000000000003 2.5000000000000004 0.11250000000000002 570.0150000000001 217.50000000000003 494.7000000000001 383.62437500000004 45200.312500000007 602.50000000000011 524.65000000000009 1754.8409150000002 175.86458333333337 4.9079861111111134 330.50000000000006 410.77500000000003 55.358750000000008 331.50000000000006 16355.874478631567 101.19083333333334 108.50000000000001 44300.437500000007 622.23125000000016 272.50000000000006 149.22500000000002 148.38375000000005 3.3500000000000001 254.50000000000003 6805.713048151455 315.7247916666667
decision_type=10 10 2 2 10 2 10 10 2 10 10 10 10 2 2 10 10 2 8 10 2 2 2 2 10 10 10 2 10 10
left_child=4 8 3 -3 11 10 7 -5 -2 -9 -4 13 -13 20 15 21 18 -18 -16 -20 -1 22 23 25 -25 -15 27 28 -23 -28
right_child=1 2 5 6 -6 -7 -8 9 -10 -11 -12 12 -14 14 16 -17 17 -19 19 -21 -22 26 -24 24 -26 -27 29 -29 -30 -31
leaf_value=-0.026526303570531505 -0.048773152274744852 -0.19500626318156719 -0.12893962271801837 0.49695322573930023 0.60104478277811191 -0.014685376142956199 0.56898235469040548 -0.38302529968321319 -0.62974568276513709 0.23986328998580575 -0.66121493352882899 -0.026726699298586582 -0.65341726287061141 -0.034865295397750087 0.15591790000784533 0.55342123080492012 -0.65967791503475559 -0.12773717659985667 -0.2178643162300907 0.43935790432824029 0.052278872466348644 0.11805054642400209 -0.45728606971866281 -0.096255588609676215 -0.48284911850033552 0.10607720957051925 -0.00077076857185704231 0.28332825088765762 -0.11689059250859113 0.22710674350742588
leaf_weight=2852 41 91 76 59 40 381 87 55 164 55 66 7191 53 3963 391 74 61 1086 345 53 8517 1069 121 911 145 1205 9968 422 389 263
leaf_count=2852 41 91 76 59 40 381 87 55 164 55 66 7191 53 3963 391 74 61 1086 345 53 8517 1069 121 911 145 1205 9968 422 389 263
internal_value=-0.00112884 -0.103965 -0.00678481 0.154971 0.0016997 -0.114198 0.279652 0.128236 -0.514352 -0.0722259 -0.379229 0.00107086 -0.0314014 0.00846062 -0.00489957 0.00377782 -0.0879124 -0.156577 0.0119799 -0.129463 0.0325094 0.00154414 -0.0353525 -0.0270776 -0.149746 -0.00198818 0.0208757 0.106632 0.0553302 0.00510872
internal_weight=40194 1075 870 347 39119 523 256 169 205 110 142 39079 7244 31835 20466 18530 1936 1147 789 398 11369 18456 6345 6224 1056 5168 12111 1880 1458 10231
internal_count=40194 1075 870 347 39119 523 256 169 205 110 142 39079 7244 31835 20466 18530 1936 1147 789 398 11369 18456 6345 6224 1056 5168 12111 1880 1458 10231
is_linear=0
shrinkage=0.03


Tree=285
num_leaves=31
num_cat=0
split_feature=5 24 12 12 9 16 9 5 4 4 9 13 7 13 17 13 5 7 8 25 4 9 4 12 13 4 12 13 4 4
split_gain=10170.5 17643.7 14519.9 10868.4 16100.7 9196.92 21920.4 17033.7 16370 33098.8 17640.4 21788.1 19332.1 17757.8 15748.6 12533.2 11762.9 11375.7 15483.8 13843 17916.9 19401.8 15853.4 14885 13277.8 17347.8 16473.9 54903.1 39485.5 65230.3
threshold=34554.750000000007 92.00500000000001 84.866770833333348 78.507343750000004 87.795000000000016 5519.7222734008838 168.81000000000003 63656.250000000007 188.50000000000003 197.50000000000003 44.047500000000007 5.080000000000001 8.5086805555555589 0.051250000000000011 5298.4151250000004 12.545000000000002 48303.937500000007 8.2968750000000018 0.11250000000000002 46.534583333333345 48.500000000000007 133.83000000000001 170.50000000000003 46.85958333333334 18.685000000000006 221.50000000000003 170.32057291666669 106.91500000000001 279.50000000000006 285.50000000000006
decision_type=2 10 10 10 10 10 10 2 2 2 10 10 2 10 10 10 2 2 2 8 2 10 2 8 10 2 10 10 2 2
left_child=1 3 -3 4 -1 17 7 8 10 -10 -7 12 13 -12 -13 -11 -8 19 -19 20 -2 22 -22 -21 25 -25 -26 28 -28 -30
right_child=5 2 -4 -5 -6 6 16 -9 9 15 11 14 -14 -15 -16 -17 -18 18 -20 23 21 -23 -24 24 26 -27 27 -29 29 -31
leaf_value=-0.03960371145034576 0.32730039503703884 -0.67810953209965918 -0.16904927496335276 0.13771753908569215 -0.63418899825146025 -0.018873305371696795 -0.078148808493846797 0.11340314355458825 0.57747991827096834 0.047825121647705346 -0.33400566073158117 -0.027550461903241352 0.02030612826347351 -0.83444696149296971 -0.48554859248074617 -0.11100318594943111 -0.74670750927116913 -0.12126489063681986 0.018984816608855464 -0.083887431375553989 0.0084818595044049826 -0.5597137759182047 0.11705800743097293 0.0059195571662573358 -0.01830220615891117 0.13151416683273798 0.12784135580814185 0.017555530060044344 1.7388804075329802 0.37956895816893804
leaf_weight=881 213 58 357 310 42 998 40 672 88 1136 236 553 92 88 76 736 58 1367 1469 1588 2972 46 2041 2272 13389 1753 237 6341 42 125
leaf_count=881 213 58 357 310 42 998 40 672 88 1136 236 553 92 88 76 736 58 1367 1469 1588 2972 46 2041 2272 13389 1753 237 6341 42 125
internal_value=0.000253607 -0.0727099 -0.241654 -0.0156973 -0.0673167 0.00336827 -0.0356132 -0.0262527 -0.0497197 0.0122201 -0.10912 -0.195207 -0.363397 -0.472077 -0.0835717 -0.0146461 -0.477372 0.00886491 -0.0486368 0.0141236 0.0584079 0.0470242 0.0527022 0.00505392 0.0109034 0.0606386 0.000958253 0.0391878 0.377837 0.729747
internal_weight=40276 1648 415 1233 923 38628 4773 4675 4003 1960 2043 1045 416 324 629 1872 98 33855 2836 31019 5272 5059 5013 25747 24159 4025 20134 6745 404 167
internal_count=40276 1648 415 1233 923 38628 4773 4675 4003 1960 2043 1045 416 324 629 1872 98 33855 2836 31019 5272 5059 5013 25747 24159 4025 20134 6745 404 167
is_linear=0
shrinkage=0.03


Tree=286
num_leaves=31
num_cat=0
split_feature=25 12 14 13 15 15 25 4 4 4 1 15 13 25 7 15 25 9 12 7 4 4 10 4 23 15 15 13 14 14
split_gain=12780 20893.7 19478 18239.8 26363.4 32984.1 25293.3 22760.8 28648.6 18052.4 16837.6 22368.5 21546.7 16873.9 16788.6 16038.4 23159 21312.2 18421.2 19830.1 16555.2 46369.2 33408.4 52142.8 36977.7 35393.2 31481.1 24307.1 71412.3 27420.3
threshold=49.953125000000007 57.028750000000002 155.64000000000001 35.850000000000001 139.77625000000003 121.23250000000002 69.262083333333351 112.50000000000001 92.500000000000014 2.5000000000000004 2.5000000000000004 81.707708333333343 27.268750000000001 63.753750000000004 6.3072916666666687 102.99119791666668 59.162343750000012 178.01500000000001 162.16973958333338 4.9843750000000018 254.50000000000003 252.50000000000003 68.035000000000011 277.50000000000006 1.5000000000000002 284.98812500000003 242.03625000000002 67.281250000000014 283.66500000000002 142.04500000000004
decision_type=8 8 10 10 10 10 8 2 2 2 2 10 10 10 2 8 10 10 10 2 2 2 10 2 2 10 10 10 10 10
left_child=-1 2 -2 4 5 6 7 8 -3 -5 14 12 -12 -13 -9 17 -17 -11 19 -19 21 -18 23 -22 27 26 -26 28 29 -24
right_child=1 3 -4 9 -6 -7 -8 10 -10 15 11 13 -14 -15 -16 16 20 18 -20 -21 22 -23 24 -25 25 -27 -28 -29 -30 -31
leaf_value=0.030707684214179888 -0.081512611187525327 -0.067715462177991861 0.39132607014477255 -0.45390259784567782 0.23779403734649648 -0.21854904216162002 0.097395892773677217 0.061470332330039561 -0.75090353407981714 -0.034771649945667782 -0.066955368902120324 -0.1085899539212031 0.41656208671477374 -0.66426706440244498 0.54354372035712006 0.72240481225455677 0.026120829743173528 -0.21387462579823552 -0.1190316201532912 -1.1054494613011678 -1.3760702377412377 0.6667933647132035 -0.5858488324071679 -0.16196643531425245 -0.10883661024243518 -0.39910182771086689 0.34770000738630952 0.02018441573699245 1.4420519214175467 0.26473833962292459
leaf_weight=9547 3999 149 79 82 590 451 3200 349 87 7940 539 111 97 88 79 40 7900 46 156 44 40 102 41 144 1287 344 151 2400 42 181
leaf_count=9547 3999 149 79 82 590 451 3200 349 87 7940 539 111 97 88 79 40 7900 46 156 44 40 102 41 144 1287 344 151 2400 42 181
internal_value=0.000387936 -0.00902373 -0.072259 0.000644036 0.0480165 0.0262331 0.0497683 -0.0519022 -0.321674 -0.0123432 -0.00127891 -0.0796826 0.00732682 -0.356409 0.151511 -0.0105856 0.010558 -0.0433134 -0.317754 -0.657114 0.00824688 0.0343697 -0.0368986 -0.431914 -0.0204573 -0.126204 -0.0606888 0.0502993 0.322962 0.105725
internal_weight=40305 30758 4078 26680 5740 5150 4699 1499 236 20940 1263 835 636 199 428 20858 12672 8186 246 90 12632 8002 4630 184 4446 1782 1438 2664 264 222
internal_count=40305 30758 4078 26680 5740 5150 4699 1499 236 20940 1263 835 636 199 428 20858 12672 8186 246 90 12632 8002 4630 184 4446 1782 1438 2664 264 222
is_linear=0
shrinkage=0.03


Tree=287
num_leaves=31
num_cat=0
split_feature=24 12 0 8 8 2 14 25 14 12 4 4 7 15 6 1 8 15 18 4 15 6 25 6 4 24 25 25 15 12
split_gain=13057.9 21180.5 23648.7 15580.5 14639.4 13404.3 11992.7 10631.2 20409.5 17121.4 11190.2 15838.3 10827.1 15074.6 14780 13907.9 13156.1 12666.1 10628.3 11470.5 10166.2 9641.1 15760.3 10370.8 9516.17 15408.2 74112.4 13249.9 15889.8 28539.5
threshold=427.87500000000006 373.12250000000006 18.500000000000004 660.88125000000014 494.80000000000007 8.5000000000000018 650.50000000000011 12.43125 85.125000000000014 41.885000000000005 100.50000000000001 102.50000000000001 3.220486111111112 183.94875000000005 23.957488986784146 3.5000000000000004 719.03750000000014 102.99119791666668 1.5000000000000002 172.50000000000003 32.143125000000005 12.897356828193836 221.41520833333337 6.732158590308372 348.50000000000006 410.77500000000003 373.22166666666675 332.98166666666674 228.61104166666669 108.27708333333335
decision_type=10 10 2 2 2 2 10 8 10 10 2 2 2 8 2 2 2 10 2 2 10 2 10 2 2 10 10 10 10 10
left_child=7 2 5 4 -3 -2 -6 8 10 -10 -1 -12 13 -9 15 21 24 -18 19 -19 -13 23 -23 -15 25 -14 -27 28 29 -26
right_child=1 3 -4 -5 6 -7 -8 12 9 -11 11 20 16 14 -16 -17 17 18 -20 -21 -22 22 -24 -25 27 26 -28 -29 -30 -31
leaf_value=-0.24809098607632851 -1.0544421564102171 -0.032745434722791497 -0.0023024164043463666 0.45148412468298427 -0.023189678889949147 -0.36228929763355039 -0.69901344661054943 0.024494481767218468 0.55276791271886649 0.12701798756026997 0.62230229019210104 -0.084986885199636958 -0.0040018872750769291 0.19966960012912752 0.75590038762560907 -0.18098510762654155 -0.046241520144239531 0.082921233177185055 -0.74230683888707838 -0.37905514588822492 0.15295676069950565 0.50052406506878988 -0.23865583467132903 0.68943255486695665 -0.055966592246056372 1.370948254967608 -0.20238322368151024 -0.31732089968706989 0.14680838082252712 -0.64820502412319181
leaf_weight=134 49 727 76 52 40 54 57 2694 125 264 40 385 32664 92 41 82 517 74 41 137 277 41 67 68 869 40 78 186 292 79
leaf_count=134 49 727 76 52 40 54 57 2694 125 264 40 385 32664 92 41 82 517 74 41 137 277 41 67 68 869 40 78 186 292 79
internal_value=-0.00406767 -0.108171 -0.404585 -0.0472105 -0.0791906 -0.698539 -0.423404 -0.00126942 0.0856833 0.264894 0.00207784 0.0501158 -0.00407012 0.0497966 0.223621 0.159293 -0.00882249 -0.131455 -0.305405 -0.217408 0.0146562 0.263693 0.0439763 0.410808 -0.00606193 -0.00276061 0.337988 -0.0819001 -0.0463598 -0.105951
internal_weight=40342 1055 179 876 824 103 97 39287 1225 389 836 702 38062 3085 391 350 34977 769 252 211 662 268 108 160 34208 32782 118 1426 1240 948
internal_count=40342 1055 179 876 824 103 97 39287 1225 389 836 702 38062 3085 391 350 34977 769 252 211 662 268 108 160 34208 32782 118 1426 1240 948
is_linear=0
shrinkage=0.03


Tree=288
num_leaves=31
num_cat=0
split_feature=6 1 12 8 25 25 14 12 5 25 24 13 15 7 12 14 12 14 8 6 8 15 7 17 15 15 12 15 14 2
split_gain=8977.22 11816.6 14204.6 10066.8 17339.8 8906.29 20382.7 18991.3 8471.25 20941.1 17000.8 220509 28001.2 18789.4 15897.5 11906 29939.6 20481.3 28464.5 19032.8 10918.2 11264.1 10552.3 13020.3 15241.9 17449.8 14898.8 12688.2 21054.2 19603.4
threshold=32.259691629955952 2.5000000000000004 106.31937500000002 739.8375000000002 284.98812500000003 12.43125 85.125000000000014 41.885000000000005 50955.312500000007 18.972500000000004 410.77500000000003 220.01500000000001 383.62437500000004 5.0781250000000018 14.051041666666668 438.64000000000004 315.7247916666667 421.93000000000006 6.6000000000000014 0.68281938325991198 184.20625000000004 30.627500000000005 5.1753472222222241 16867.832565000001 172.56026041666669 151.53354166666671 140.89843750000003 61.887083333333344 181.84500000000003 6.5000000000000009
decision_type=2 2 10 2 10 8 10 10 2 8 10 10 10 2 10 10 10 10 2 2 2 10 2 8 10 10 10 10 10 2
left_child=3 2 -2 5 -5 6 -1 -8 22 14 15 -12 -13 -14 -10 17 -17 -11 -19 -18 21 -16 23 24 25 27 -27 28 -7 -29
right_child=1 -3 -4 4 -6 8 7 -9 9 10 11 12 13 -15 20 16 19 18 -20 -21 -22 -23 -24 -25 -26 26 -28 29 -30 -31
leaf_value=-0.0037468713997584864 0.085867915029872899 -0.02690664402668989 0.65232264634842674 -0.062814290365563477 -0.54976203987961758 -0.0031600065005120462 0.5765272180047355 0.1194024691276674 -0.17179138787090778 0.0075180222533347291 2.26001135046993 -0.30147652150411158 0.42938240808541656 -0.30115397019441736 0.33593484559926118 -0.74178611563687968 -0.49031434497126608 -0.1121203283874356 0.87341414807685491 0.095460026686609051 0.059471112028127764 0.97058013525009157 -0.033112297830718292 0.039748946933990989 -0.5526390244522873 0.68996069545192373 0.049603607414290311 -0.28338920220320662 0.61133197877336942 -0.042962183879933231
leaf_weight=812 90 157 71 673 72 3129 118 264 43 14265 41 179 121 42 54 65 63 48 57 226 40 49 11805 5590 48 55 79 381 50 1521
leaf_count=812 90 157 71 673 72 3129 118 264 43 14265 41 179 121 42 54 65 63 48 57 226 40 49 11805 5590 48 55 79 381 50 1521
internal_value=-0.000112703 0.158401 0.338156 -0.0013803 -0.110549 0.000700144 0.0813407 0.261745 -0.00183902 0.0154127 0.0115063 0.208567 -0.0432383 0.240458 0.330935 0.00636656 -0.165264 0.0106058 0.426077 -0.0334851 0.482248 0.644283 -0.0134832 0.00786872 -0.0259934 -0.021041 0.315601 -0.0299795 0.00669406 -0.091247
internal_weight=40208 318 161 39890 745 39145 1194 382 37951 15293 15107 383 342 163 186 14724 354 14370 105 289 143 103 22658 10853 5263 5215 134 5081 3179 1902
internal_count=40208 318 161 39890 745 39145 1194 382 37951 15293 15107 383 342 163 186 14724 354 14370 105 289 143 103 22658 10853 5263 5215 134 5081 3179 1902
is_linear=0
shrinkage=0.03


Tree=289
num_leaves=31
num_cat=0
split_feature=6 24 8 14 4 11 6 24 4 14 14 6 4 4 24 15 15 15 13 11 5 11 6 0 7 5 13 7 1 23
split_gain=10918.5 13233.9 11612 14241.4 105673 241612 25739.7 21107.7 14114.3 13109.4 12443 12424.9 12250.8 12607.1 11792.2 11478.1 20603.5 14641 21908.9 11255.4 11026.6 10588.9 18736.4 10464.9 10362.5 10240.3 16873.9 10483.9 10123.5 9888.99
threshold=33.845154185022039 135.76500000000001 222.76875000000004 463.79500000000007 94.500000000000014 245.00500000000002 0.39052863436123347 224.58500000000004 223.50000000000003 451.89500000000004 801.49500000000012 8.809030837004407 242.50000000000003 247.50000000000003 410.77500000000003 406.63729166666673 364.06333333333345 458.07729166666678 351.34500000000008 494.55500000000006 58115.937500000007 570.0150000000001 17.72004405286344 11.500000000000002 3.8107638888888897 36766.687500000007 213.14000000000001 11.881944444444448 3.5000000000000004 4.5000000000000009
decision_type=2 10 2 10 2 10 2 10 2 10 10 2 2 2 10 10 10 10 10 10 2 8 2 2 2 2 10 2 2 2
left_child=2 -2 3 9 5 -5 -6 -8 -9 19 14 -11 28 -14 23 16 -16 -17 -19 25 -21 22 -15 29 -20 26 -1 -27 -10 -4
right_child=1 -3 10 4 6 -7 7 8 12 11 -12 -13 13 21 15 17 -18 18 24 20 -22 -23 -24 -25 -26 27 -28 -29 -30 -31
leaf_value=-0.032685834897485791 0.089266722589731201 0.7187348385554988 -0.036533728626408753 -0.48663211562284608 -0.6052480893427471 2.7802195867678012 0.72314915145552439 -0.13454717177098494 0.10517640578345611 -0.5966573413725822 0.48216465288942506 0.065586806725371968 -0.35925079459235781 0.10770000711206766 -0.029697527239720026 0.33900307382306744 -0.74316309850811957 -0.53091786446896461 -0.16488524138293367 0.64368518897294991 8.6180859423698255e-05 0.50977643127344086 -0.50988727131668399 -0.003158782213725668 0.48841394497127066 0.018370852846922064 -0.59391157836330177 -0.18968030335604932 0.53352713818210606 -0.17811749752121864
leaf_weight=3031 114 40 1586 40 52 40 42 288 103 61 43 43 62 452 71 61 74 87 46 49 46 48 48 8883 40 23857 48 219 96 616
leaf_count=3031 114 40 1586 40 52 40 42 288 103 61 43 43 62 452 71 61 74 87 46 49 46 48 48 8883 40 23857 48 219 96 616
internal_value=0.0050427 0.256347 0.004072 0.0143034 0.11243 1.16095 0.0410851 0.0710979 0.0454975 0.00974003 -0.0213788 -0.324828 0.109679 0.0427985 -0.0233094 -0.187639 -0.396407 -0.0571371 -0.197962 0.0110288 0.335295 0.0888573 0.0475122 -0.0176746 0.141096 0.00988205 -0.041625 0.0164706 0.313452 -0.0762041
internal_weight=40286 154 40132 28625 1271 80 1191 1139 1097 27354 11507 104 809 610 11464 379 145 234 173 27250 95 548 500 11085 86 27155 3079 24076 199 2202
internal_count=40286 154 40132 28625 1271 80 1191 1139 1097 27354 11507 104 809 610 11464 379 145 234 173 27250 95 548 500 11085 86 27155 3079 24076 199 2202
is_linear=0
shrinkage=0.03


Tree=290
num_leaves=31
num_cat=0
split_feature=17 4 24 6 1 6 0 4 1 24 24 24 11 10 0 8 15 15 1 12 7 5 2 24 12 4 15 15 12 24
split_gain=8883.54 17447.6 13146 9345.62 10439.7 9481.55 16409.5 15684.8 15221.5 215109 14920.8 14373.8 38038.2 33008.6 14146.8 18272.4 13166.4 19276.4 15538.1 19497.2 26628.1 18319.4 14754.9 13122.6 14631.9 17241.8 14367.4 20844.8 12569.2 17791.7
threshold=15045.638720000001 128.50000000000003 -0.51624999999999988 27.654185022026436 2.5000000000000004 10.524669603524233 6.5000000000000009 106.50000000000001 1.0000000180025095e-35 396.99500000000006 205.80625000000003 396.99500000000006 524.47500000000002 396.7050000000001 19.500000000000004 11.618750000000002 296.20833333333337 277.52729166666671 1.5000000000000002 284.98812500000003 7.4392361111111134 45200.312500000007 8.5000000000000018 187.48500000000004 331.09791666666672 222.50000000000003 373.12250000000006 417.90270833333335 179.27020833333339 113.13375000000001
decision_type=10 2 10 2 2 2 2 2 2 10 8 10 10 10 2 2 10 10 2 10 2 2 2 10 10 2 10 10 10 10
left_child=3 -2 -3 5 -5 6 10 -7 9 14 28 12 16 -13 15 -8 17 -9 19 20 21 -18 -21 -20 -25 -26 -27 -28 -1 -30
right_child=1 2 -4 4 -6 7 8 11 -10 -11 -12 13 -14 -15 -16 -17 18 -19 23 22 -22 -23 -24 24 25 26 27 -29 29 -31
leaf_value=-0.025665780833343116 -0.71788971279942704 0.33949412433724652 -0.16474910384029384 0.18218208409294456 0.004566035781587873 -0.074493177418040471 0.31825055718175227 -0.0040972849710364453 0.025102539407823102 2.2744598647443257 -0.16397243149346116 -0.40684891027842573 0.86243552047273386 -0.0074906371352701558 -0.10085302410675073 0.033918066877886649 0.40251933850671928 -0.4393981416588244 0.44039750448504428 0.27554594064200366 -0.071335083714553285 1.2625746627056853 -0.41207033781118169 -0.34332180548061442 -0.11939670453519703 -0.17185977788134055 0.77850718603966984 -0.041515437332184414 0.54706738288526402 0.058405925214831962
leaf_weight=4159 42 56 253 526 685 3354 301 18998 7805 40 616 259 45 657 334 624 45 91 60 80 41 46 42 102 207 43 72 45 76 522
leaf_count=4159 42 56 253 526 685 3354 301 18998 7805 40 616 259 45 657 334 624 45 91 60 80 41 46 42 102 207 43 72 45 76 522
internal_value=-0.00155386 -0.151603 -0.0725649 -0.000229283 0.0818005 -0.0028006 0.0164013 -0.014294 0.0409366 0.135983 -0.0251712 -0.00459913 0.000747624 -0.12073 0.0662894 0.126685 -0.00124696 -0.00619534 0.119245 0.311612 0.562863 0.846271 0.0374 0.0264662 -0.0273131 0.0612092 0.294158 0.465435 -0.0071667 0.12132
internal_weight=40226 351 309 39875 1211 38664 14477 24187 9104 1299 5373 20833 19917 916 1259 925 19872 19089 783 254 132 91 122 529 469 367 160 117 4757 598
internal_count=40226 351 309 39875 1211 38664 14477 24187 9104 1299 5373 20833 19917 916 1259 925 19872 19089 783 254 132 91 122 529 469 367 160 117 4757 598
is_linear=0
shrinkage=0.03


Tree=291
num_leaves=31
num_cat=0
split_feature=25 3 4 4 16 15 14 4 14 14 1 12 13 5 16 12 14 12 4 14 13 13 4 4 4 8 15 23 24 5
split_gain=10170.5 14630.2 16603 15366.6 17806.6 17816.7 16675.2 14243.5 18164.4 14895.3 23607.1 16251 15363.9 15902.2 15339 14009.2 19034.9 30195.7 14185.5 13939.4 12928.2 11665.2 19337.4 19232.7 35202.1 23677.3 22114.5 22067.2 33006.7 280392
threshold=47.685468750000005 1.0000000180025095e-35 132.50000000000003 42.500000000000007 11892.515016354124 74.281875000000014 72.00500000000001 60.500000000000007 84.00500000000001 75.593750000000014 1.0000000180025095e-35 16.261927083333337 91.162500000000009 54656.250000000007 4174.9269599850368 57.468750000000007 155.64000000000001 54.161250000000003 2.5000000000000004 142.04500000000004 12.545000000000002 18.685000000000006 211.50000000000003 254.50000000000003 252.50000000000003 435.14375000000007 137.10125000000002 1.5000000000000002 410.77500000000003 50154.875000000007
decision_type=8 2 2 2 10 10 8 2 10 10 2 10 10 2 10 8 10 10 2 10 10 10 2 2 2 2 10 2 8 2
left_child=1 3 -3 4 5 6 -1 8 -5 -9 14 -12 13 -13 -11 16 19 -18 -17 -2 -15 22 -20 24 27 -25 -26 -23 -29 -30
right_child=15 2 -4 7 -6 -7 -8 9 -10 10 11 12 -14 20 -16 18 17 -19 21 -21 -22 23 -24 25 26 -27 -28 28 29 -31
leaf_value=-0.10096013481418291 -0.057372568229772311 -0.28923593262563629 0.027162543665617704 -0.0064863454499229619 -0.28085260182619093 0.83008340792655944 0.38403061767597552 -0.011375951123254929 -0.39933541029815051 0.44237518490638938 0.53879979496040653 0.042719477837886814 -0.32976193102750373 0.56803769656001246 -0.070291062825742892 -0.35759249211486543 0.93604059804569584 -0.19164805378232683 -0.015713342966599653 -0.5254535792870767 0.12158961184127078 -0.017446966562636904 0.11735089950101754 -0.035625119627611418 0.15609657912300184 -0.31561110147317811 0.93049719693297051 0.041485344283100467 -0.0540080046178638 2.662355717827634
leaf_weight=98 4596 268 335 355 53 49 180 2951 150 238 61 3711 93 93 67 98 43 41 1993 57 156 10169 1938 6906 77 282 58 5057 206 40
leaf_count=98 4596 268 335 355 53 49 180 2951 150 238 61 3711 93 93 67 98 43 41 1993 57 156 10169 1938 6906 77 282 58 5057 206 40
internal_value=0.000425435 0.0288294 -0.113705 0.0392536 0.225335 0.307984 0.213314 0.030247 -0.123733 0.0408132 0.0756597 0.0567358 0.0493493 0.0583337 0.329895 -0.00754717 -0.0551037 0.389842 0.00085285 -0.0632183 0.28994 0.00218054 0.0499011 -0.00605069 0.0126505 -0.0466519 0.493198 0.00842591 0.0580335 0.396668
internal_weight=40419 8858 603 8255 380 327 278 7875 505 7370 4419 4114 4053 3960 305 31561 4737 84 26824 4653 249 26726 3931 22795 15607 7188 135 15472 5303 246
internal_count=40419 8858 603 8255 380 327 278 7875 505 7370 4419 4114 4053 3960 305 31561 4737 84 26824 4653 249 26726 3931 22795 15607 7188 135 15472 5303 246
is_linear=0
shrinkage=0.03


Tree=292
num_leaves=31
num_cat=0
split_feature=24 11 13 11 15 13 9 14 24 7 13 14 15 1 7 13 11 14 0 9 12 12 6 14 11 9 11 15 13 22
split_gain=11193.2 21780 19835.8 17327.3 14286.9 11062.6 15154.1 29262.2 19567.6 53822.8 12490.8 13886.9 28182.8 17636.3 16907.9 14313.4 11147.7 9634.36 9261.53 10834.1 47431.4 21590.8 34265.6 14767.9 14347.5 13378.1 11708.7 18537.6 19377.5 12028.5
threshold=427.87500000000006 570.0150000000001 293.64000000000004 367.71000000000009 628.70145833333345 298.67500000000001 410.90500000000003 470.46000000000004 410.77500000000003 5.2135416666666687 304.53000000000003 560.49500000000012 331.09791666666672 3.5000000000000004 6.1302083333333348 378.59000000000009 295.01500000000004 602.50000000000011 13.500000000000002 90.343750000000014 71.809202898550737 129.87729166666671 10.00286343612335 75.593750000000014 37.015000000000008 112.62500000000001 23.505000000000006 51.427708333333342 95.830000000000013 1.0000000180025095e-35
decision_type=10 10 10 10 10 10 10 10 8 2 10 10 10 2 2 10 10 10 2 10 10 10 2 10 8 10 10 10 10 2
left_child=1 5 3 -2 -4 6 8 -8 18 -10 16 12 -12 -14 -15 17 -7 -13 19 21 24 23 -23 -1 -21 -26 27 -22 -29 -28
right_child=2 -3 4 -5 -6 10 7 -9 9 -11 11 15 13 14 -16 -17 -18 -19 -20 20 26 22 -24 -25 25 -27 29 28 -30 -31
leaf_value=-0.058643745960654227 -0.68132625533116831 0.69073159614714186 0.054405383227195743 -0.17137671101941829 -0.35772406956245156 0.18801927754724465 0.021972635491536215 -0.93407040471615987 -0.17800420569746117 1.2498479958750852 0.49152157632672056 0.32524401098489758 0.13270942531526089 -0.92655961006879806 -0.1259080758690834 0.60051538155192419 0.7903814792633056 -0.15201637282091029 0.014471550821682286 -0.80114348894259968 -0.037410265022800079 1.0894640695622988 0.067607061072151267 0.016435844760418532 -0.18389472834896051 -0.67624818559619593 -0.01438259615677458 -0.81889920003073546 -0.088993309651102345 -0.26217885118474565
leaf_weight=3104 73 40 582 323 86 80 77 45 56 40 48 68 47 53 43 62 42 84 16057 60 251 41 100 9798 228 63 8601 69 62 179
leaf_count=3104 73 40 582 323 86 80 77 45 56 40 48 68 47 53 43 62 42 84 16057 60 251 41 100 9798 228 63 8601 69 62 179
internal_value=-0.00294907 -0.000354838 -0.0989182 -0.266862 0.000891397 -0.00107473 -0.00292927 -0.335393 -0.0018728 0.423686 0.135321 0.0547619 -0.130831 -0.341695 -0.57293 0.220246 0.40013 0.0622251 -0.00294178 -0.0153379 -0.0396815 0.00241888 0.370323 -0.00163016 -0.381425 -0.292438 -0.026549 -0.188921 -0.476739 -0.0194638
internal_weight=40462 39398 1064 396 668 39358 38831 122 38709 96 527 405 191 143 96 214 122 152 38613 22556 9513 13043 141 12902 351 291 9162 382 131 8780
internal_count=40462 39398 1064 396 668 39358 38831 122 38709 96 527 405 191 143 96 214 122 152 38613 22556 9513 13043 141 12902 351 291 9162 382 131 8780
is_linear=0
shrinkage=0.03


Tree=293
num_leaves=31
num_cat=0
split_feature=25 3 4 24 16 15 25 15 16 13 9 8 15 1 25 6 17 4 5 4 13 6 4 15 9 5 13 6 24 5
split_gain=10026.6 13227.4 14183 13007.7 12149.5 15164 11893.3 13202 12613.1 15011.3 18772.7 12265.2 13811.1 15101.8 15830.8 13713.1 13366.7 12888.5 22573.4 88012.9 268569 26622.5 20379.5 23788.7 19010.8 15140.8 17514.8 13073.4 12860.2 12475.9
threshold=47.685468750000005 1.0000000180025095e-35 42.500000000000007 -7.7899999999999991 11892.515016354124 74.281875000000014 54.168333333333344 4.0881250000000007 4673.1035098204702 5.080000000000001 89.445000000000007 378.71875000000006 628.70145833333345 4.5000000000000009 71.606041666666684 22.939207048458155 15717.936815000003 50.500000000000007 67650.562500000015 94.500000000000014 150.04000000000005 0.39052863436123347 62.500000000000007 154.14432291666671 267.38500000000005 64356.250000000007 10.616250000000003 0.68281938325991198 410.77500000000003 53806.250000000007
decision_type=8 2 2 10 10 10 8 8 8 10 10 2 10 2 10 2 10 2 2 2 10 2 2 10 10 2 8 2 10 2
left_child=1 2 4 -3 5 -1 8 -8 -2 10 -10 17 13 15 -15 28 29 24 22 20 -20 -21 23 -19 25 -9 -27 -24 -13 -17
right_child=6 3 -4 -5 -6 -7 7 11 9 -11 -12 12 -14 14 -16 16 -18 18 19 21 -22 -23 27 -25 -26 26 -28 -29 -30 -31
leaf_value=0.20120925706323084 0.038575334692753538 -0.53382897520373607 0.030657074034685875 -0.060985672195014669 -0.2338656389587761 0.78703723554915572 0.51699416813525279 -0.089167714512501273 -0.20786592356923778 -0.064325887491985367 -0.84750385952756757 -0.051590755492091266 -0.59364439906143551 0.075823985857452134 -0.19823802621381612 0.047938883925213407 -0.24267692159517451 0.087329258659202894 -0.041579632602632047 -0.51908923165548748 2.8924646802646357 0.095043680024544636 -0.32803630869539679 0.54280050748005149 -0.45655646499712021 0.43794422049974568 0.0047307257546210738 0.0045622552494345324 -0.54306138184605812 0.34637018088332339
leaf_weight=268 573 57 7890 543 45 46 43 2115 353 949 46 2202 40 242 869 1466 129 645 89 68 40 801 106 122 95 86 2431 17857 48 137
leaf_count=268 573 57 7890 543 45 46 43 2115 353 949 46 2202 40 242 869 1466 129 645 89 68 40 801 106 122 95 86 2431 17857 48 137
internal_value=0.000948878 0.0291678 0.0390634 -0.106719 0.223217 0.289257 -0.006966 -0.00227503 -0.0792844 -0.129375 -0.283543 -0.00304713 -0.0452022 -0.0407791 -0.138527 -0.013479 0.0499581 0.00580253 0.0164635 0.155412 0.883453 0.0464458 0.00905195 0.16039 -0.0386849 -0.0300178 0.0197007 0.00258143 -0.0623121 0.0736443
internal_weight=40401 8849 8249 600 359 314 31552 29631 1921 1348 399 29588 5133 5093 1111 3982 1732 24455 19728 998 129 869 18730 767 4727 4632 2517 17963 2250 1603
internal_count=40401 8849 8249 600 359 314 31552 29631 1921 1348 399 29588 5133 5093 1111 3982 1732 24455 19728 998 129 869 18730 767 4727 4632 2517 17963 2250 1603
is_linear=0
shrinkage=0.03


Tree=294
num_leaves=31
num_cat=0
split_feature=24 10 9 6 15 6 12 8 0 15 0 17 9 5 13 17 12 24 4 18 8 14 13 13 13 14 5 4 15 12
split_gain=12140.6 19182 34921.1 60632.8 22421.1 13670.4 19755.9 23090.4 11203.3 13283.5 11098.2 15134.4 11823.3 24334.2 11852.1 10666 12935.8 10206.4 11086 20440.6 9419.11 9106.56 11007 14037.9 15925.9 11464.2 11125.9 10336 12410.9 11477
threshold=381.02500000000003 279.11000000000007 279.52000000000004 0.39052863436123347 373.12250000000006 24.312555066079302 331.09791666666672 352.25625000000008 20.500000000000004 396.69062500000013 13.500000000000002 1190.3375400000002 75.297500000000014 40755.687500000007 -3.2149999999999994 9940.8714000000018 87.752083333333346 41.412500000000009 122.50000000000001 1.5000000000000002 22.318750000000005 438.64000000000004 250.07500000000002 293.64000000000004 304.53000000000003 560.49500000000012 69712.500000000015 216.50000000000003 552.14062500000011 628.70145833333345
decision_type=10 10 10 2 10 2 10 2 2 10 2 10 10 2 10 10 10 10 2 2 2 10 10 10 10 10 2 2 10 10
left_child=10 4 -3 -4 -2 6 20 8 21 -10 11 -1 14 -14 17 16 -15 18 19 -13 -5 -8 -23 26 -25 -26 -24 -27 -29 -30
right_child=1 2 3 5 -6 -7 7 -9 9 -11 -12 12 13 15 -16 -17 -18 -19 -20 -21 -22 22 23 24 25 27 -28 28 29 -31
leaf_value=-0.0025351875454793405 -0.92795302891117681 0.60267663224883694 -1.2113134638752254 -0.81977694188026662 -0.08038993896916509 0.13840855406325184 0.44824127629399296 -0.42848827474099355 0.12153375517766354 -0.45289762345113249 0.01924154490334588 -0.067324287892767676 -0.67791739044761334 -0.26321615072669208 -0.0065697993853302506 -0.47949080199448024 -0.016205522006332691 -0.50761578088075343 0.0050641465615481138 -0.89207202598816004 -0.2063867412653306 0.402381838237653 -0.54108549207448964 0.56271253116319286 -0.32616797415109783 -0.21459634693769308 -0.015281202965290159 0.38577840455837786 0.28514911893506845 -0.36648037183959531
leaf_weight=19085 50 68 41 46 63 266 47 132 58 94 16075 80 73 267 2208 66 663 70 239 40 45 60 71 50 77 77 73 123 44 52
leaf_count=19085 50 68 41 46 63 266 47 132 58 94 16075 80 73 267 2208 66 663 70 239 40 45 60 71 50 77 77 73 123 44 52
internal_value=-0.00311745 -0.0857852 -0.0557663 -0.0892054 -0.460268 -0.0533256 -0.10203 -0.0616354 -0.00256273 -0.234345 0.00015386 -0.0133094 -0.0687781 -0.152892 -0.0346347 -0.11377 -0.087328 -0.178729 -0.113369 -0.347341 -0.521992 0.0499784 0.0194583 -0.0216998 0.0654799 -0.00249958 -0.276476 0.0825127 0.187476 -0.0679562
internal_weight=40403 1537 1424 1356 113 1315 1049 958 826 152 38866 22791 3706 1069 2637 996 930 429 359 120 91 674 627 567 423 373 144 296 219 96
internal_count=40403 1537 1424 1356 113 1315 1049 958 826 152 38866 22791 3706 1069 2637 996 930 429 359 120 91 674 627 567 423 373 144 296 219 96
is_linear=0
shrinkage=0.03


Tree=295
num_leaves=31
num_cat=0
split_feature=17 0 12 4 15 12 5 0 6 6 14 7 13 12 24 4 4 6 11 13 4 5 14 15 4 4 4 7 4 4
split_gain=10378.2 14401.6 11973.6 10847.1 21394.6 19456 16419.3 61262.1 224510 24548.1 16289.7 15479.1 16156.3 19504.3 14924.8 22585.3 19045.5 33798.5 16208.3 14893.4 14027 15902.4 16883.7 27180 20768.2 21317.8 15827 14951.1 12868.3 12593.7
threshold=1754.8409150000002 10.500000000000002 175.86458333333337 50.500000000000007 134.48708333333335 86.420260416666693 67650.562500000015 8.5000000000000018 0.68281938325991198 0.39052863436123347 398.82500000000005 2.4531250000000004 107.67500000000003 131.61145833333336 396.99500000000006 186.50000000000003 272.50000000000006 9.1724669603524251 524.47500000000002 -0.044999999999999991 334.50000000000006 50154.875000000007 348.72500000000008 237.64000000000001 178.50000000000003 92.500000000000014 279.50000000000006 5.3697916666666687 88.500000000000014 342.50000000000006
decision_type=10 2 10 2 10 8 2 2 2 2 10 2 10 10 10 2 2 2 10 10 2 2 10 10 2 2 2 2 2 2
left_child=3 -2 -3 4 5 19 14 8 -8 -9 11 -6 13 -13 18 28 -17 -18 20 -1 21 -5 -23 26 25 -25 27 -24 -16 -11
right_child=1 2 -4 6 10 -7 7 9 -10 29 -12 12 -14 -15 15 16 17 -19 -20 -21 -22 22 23 24 -26 -27 -28 -29 -30 -31
leaf_value=0.43688758466924937 -0.12305488754963975 -0.0079182364992867252 -0.51029969136382258 0.0069270231792453825 0.44870240103453396 0.095098643888511497 2.5886804589411105 -0.6560169645150502 0.051319784336619906 -0.033758324104702579 -0.71238493035479289 -0.19551659377215772 -0.18537801515976976 0.20317050386794472 -0.15359471697608629 -0.015597457003116733 0.11412841162511279 -1.1014835868376056 0.45143991097420838 -0.058666541258980458 -0.060149590456331566 0.047759862409688228 1.0482038805298506 0.09643222137405795 0.47585625448199204 -0.51889820115092922 0.064595841488242142 0.39346377480197958 -0.85490348196373533 0.2231548537547266
leaf_weight=55 1253 6075 42 17033 43 1446 40 44 134 441 40 195 1073 252 44 943 41 40 76 2169 2028 5869 59 198 85 67 49 70 51 280
leaf_count=55 1253 6075 42 17033 43 1446 40 44 134 441 40 195 1073 252 44 943 41 40 76 2169 2028 5869 59 198 85 67 49 70 51 280
internal_value=0.00173332 -0.0304389 -0.0114505 0.00894866 -0.0304727 0.00947073 0.0164832 0.139711 0.64608 0.0238441 -0.12187 -0.106312 -0.122298 0.0291984 0.0121367 -0.0950519 -0.0537477 -0.492286 0.0168376 -0.0462205 0.0155225 0.0220747 0.0624003 0.224738 0.0707367 -0.0605078 0.525463 0.698678 -0.53507 0.0661847
internal_weight=40235 7370 6117 32865 5273 3670 27592 939 174 765 1603 1563 1520 447 26653 1119 1024 81 25534 2224 25458 23430 6397 528 350 265 178 129 95 721
internal_count=40235 7370 6117 32865 5273 3670 27592 939 174 765 1603 1563 1520 447 26653 1119 1024 81 25534 2224 25458 23430 6397 528 350 265 178 129 95 721
is_linear=0
shrinkage=0.03


Tree=296
num_leaves=31
num_cat=0
split_feature=0 14 10 25 25 15 17 1 7 0 14 8 4 13 7 5 6 13 15 15 25 4 16 4 15 7 13 4 7 4
split_gain=8999.02 11856.9 21985.2 15104.5 20094.4 16193.7 17589.6 26844.5 13500.3 11678.2 13219.1 11655.2 12530.9 17307.6 16455.5 11717.4 11541.6 18021 11499 10505 17932.4 10326.2 10265.9 10261.3 10244.9 10161.4 10293.7 18868.1 13516.2 11503.1
threshold=14.500000000000002 75.593750000000014 -23.451249999999998 48.726458333333333 51.722291666666671 105.17520833333334 15274.511890000003 1.0000000180025095e-35 5.1406250000000027 22.500000000000004 735.36000000000001 526.26875000000018 325.50000000000006 20.050000000000004 4.5954861111111134 53952.562500000007 13.883039647577098 -0.011249999999999998 115.84229166666667 373.12250000000006 409.80145833333341 2.5000000000000004 18274.792676951973 245.50000000000003 46.85958333333334 2.970486111111112 39.705000000000005 188.50000000000003 9.7170138888888911 184.50000000000003
decision_type=2 8 10 10 8 10 8 2 2 2 10 2 2 10 2 2 2 8 10 10 10 2 8 2 10 2 10 2 2 2
left_child=1 2 -1 5 8 6 7 24 -5 10 16 12 21 -14 -15 -16 17 -2 -4 -17 -21 -6 -9 -13 -3 -18 27 29 -28 -27
right_child=9 3 18 4 11 -7 -8 22 -10 -11 -12 23 13 14 15 19 25 -19 -20 20 -22 -23 -24 -25 -26 26 28 -29 -30 -31
leaf_value=-0.6888283639669418 0.34882203977555037 0.65870750298802272 -0.046290339776805647 -0.066740061538742179 -0.39967229892100609 -0.32998555264901369 0.19513429464645432 0.011888631875740172 -0.44301838280679656 -0.057244731955644154 0.4409620882635531 -0.060463559179229021 0.18426064280231602 0.040189790777152491 -0.33129757882826005 -0.080518554779044835 0.17244608522439847 0.047041182231599886 -0.41969439404244585 -0.020429349465637788 -0.86440675302993408 0.008490427591606153 -0.37033023963524742 -0.3020926577760053 0.19920928818947176 -0.02327480846868777 -0.037701868284527283 0.090256074200034037 -0.47474907817290374 -0.36471509602762037
leaf_weight=49 183 70 3215 186 55 95 731 2339 159 1673 68 1430 208 503 286 872 296 5577 75 48 42 14530 64 177 117 1973 3176 2021 64 92
leaf_count=49 183 70 3215 186 55 95 731 2339 159 1673 68 1430 208 503 286 872 296 5577 75 48 42 14530 64 177 117 1973 3176 2021 64 92
internal_value=-0.000819315 -0.0117801 -0.0644335 -0.00375409 -0.0144589 0.0541945 0.0652803 0.0285692 -0.240934 0.0174816 0.0267801 -0.0101412 -0.00264652 -0.0738671 -0.104618 -0.162967 0.0246427 0.0566879 -0.0549275 -0.112631 -0.419456 0.00692395 0.00155904 -0.0872487 0.373803 0.000421588 -0.00655148 0.0251125 -0.0464787 -0.0386558
internal_weight=40374 25251 3339 21912 18496 3416 3321 2590 345 15123 13450 18151 16544 1959 1751 1248 13382 5760 3290 962 90 14585 2403 1607 187 7622 7326 4086 3240 2065
internal_count=40374 25251 3339 21912 18496 3416 3321 2590 345 15123 13450 18151 16544 1959 1751 1248 13382 5760 3290 962 90 14585 2403 1607 187 7622 7326 4086 3240 2065
is_linear=0
shrinkage=0.03


Tree=297
num_leaves=31
num_cat=0
split_feature=16 5 8 14 8 14 15 11 25 24 5 17 9 14 14 15 25 11 13 5 0 23 24 12 7 16 1 12 15 14
split_gain=8986.37 9407.2 20721.7 21520.7 90945.1 22375.8 21333.4 38421.6 17215.5 56596 16040.9 13955.7 16848.9 12338.8 15451.5 14745.4 14164.4 11259.2 9999.3 9647.3 9241.79 14807 14853.2 17669.4 10338 15754.4 13425.1 15698.9 11033.4 17481.2
threshold=14424.655102311159 50802.187500000007 0.13750000000000004 421.93000000000006 14.868750000000002 438.64000000000004 383.62437500000004 524.47500000000002 332.98166666666674 368.47500000000008 57402.125000000007 1754.8409150000002 81.001250000000013 451.89500000000004 348.72500000000008 205.65479166666668 221.41520833333337 295.01500000000004 293.64000000000004 73551.500000000015 2.5000000000000004 4.5000000000000009 396.99500000000006 373.12250000000006 5.2309027777777795 1479.4548030981452 1.0000000180025095e-35 105.58979166666668 113.22250000000001 164.33500000000004
decision_type=10 2 2 10 2 10 10 8 10 8 2 8 10 10 10 10 10 10 10 2 2 2 10 10 2 10 2 10 10 10
left_child=1 20 8 11 -5 -6 -7 10 9 13 -8 12 -4 14 16 -16 -3 18 -10 -14 21 22 23 -1 25 -22 27 -27 29 -28
right_child=-2 2 3 4 5 6 7 -9 17 -11 -12 -13 19 -15 15 -17 -18 -19 -20 -21 24 -23 -24 -25 -26 26 28 -29 -30 -31
leaf_value=-0.0023449178995016556 -0.12106827831069418 -0.0085859912055750599 0.37645624662060373 1.4848456025868655 0.60723244796628528 -0.17749386952990709 0.86355218846193493 -0.38537611257698801 -0.18320604701239901 1.0530844348669053 0.12065713902545529 0.026240639946923126 0.048377004173280204 -0.48879751339250682 0.66566686695112898 0.10371526612543765 -0.18798003009874634 -0.37593822594136767 0.36526898136096342 0.47241965037555644 0.024446205881187587 0.13827343647457041 -0.4560405592833246 0.51895697012543673 -0.037870967845139207 0.03430034967087623 -0.093662661874352765 0.6384656153314493 -0.26964203684500404 0.21403425591228448
leaf_weight=2368 530 5649 222 47 68 214 70 53 103 44 42 7375 682 48 50 242 425 193 41 51 8265 943 62 59 10073 323 1719 43 267 183
leaf_count=2368 530 5649 222 47 68 214 70 53 103 44 42 7375 682 48 50 242 425 193 41 51 8265 943 62 59 10073 323 1719 43 267 183
internal_value=0.00153362 0.00316418 0.0213293 0.0516497 0.24384 0.11033 0.0198131 0.275242 -0.0180466 -0.00712197 0.5885 0.0402242 0.148072 -0.014558 -0.010906 0.201883 -0.0211671 -0.226758 -0.0256009 0.0784841 -0.00850957 0.0371051 -0.00126436 0.0105364 -0.0160111 0.00437891 -0.0610314 0.106828 -0.0893924 -0.0639608
internal_weight=40454 39924 15619 8824 494 447 379 165 6795 6458 112 8330 955 6414 6366 292 6074 337 144 733 24305 3432 2489 2427 20873 10800 2535 366 2169 1902
internal_count=40454 39924 15619 8824 494 447 379 165 6795 6458 112 8330 955 6414 6366 292 6074 337 144 733 24305 3432 2489 2427 20873 10800 2535 366 2169 1902
is_linear=0
shrinkage=0.03


Tree=298
num_leaves=31
num_cat=0
split_feature=7 15 14 8 14 0 17 11 9 12 14 4 4 25 14 25 6 14 25 6 4 14 4 4 16 6 11 13 23 15
split_gain=10388.9 17463.5 21846.2 11449.7 14445.8 11389.6 16406.2 15374.4 14319.6 31448.4 27856.6 15964.9 15164 14331.3 14929 17140.5 14321 13701.2 13589.9 12742.8 16303.5 27084.1 19002.8 18789.3 16680.1 15783.5 15389.5 15388.5 14263.6 18744.6
threshold=3.9027777777777781 477.00062500000007 640.34000000000003 637.96875000000011 137.46500000000003 11.500000000000002 2824.095530000001 494.55500000000006 81.611250000000013 55.370104166666671 138.43000000000004 285.50000000000006 4.5000000000000009 97.953333333333333 91.975000000000009 48.726458333333333 17.911894273127761 130.01000000000002 51.722291666666671 4.3894273127753314 110.50000000000001 438.64000000000004 259.50000000000006 262.50000000000006 6477.5529211865151 18.529515418502211 320.91500000000002 3.3500000000000001 2.5000000000000004 284.98812500000003
decision_type=2 10 10 2 10 2 10 10 8 8 10 2 2 10 10 10 2 10 10 2 2 10 2 2 10 2 10 10 2 10
left_child=1 2 -1 5 -5 6 7 8 10 -10 13 -12 -11 14 16 17 -2 -16 -17 26 21 27 24 -24 -22 28 -14 -21 -25 -30
right_child=3 -3 -4 4 -6 -7 -8 -9 9 12 11 -13 19 -15 15 18 -18 -19 -20 20 22 -23 23 25 -26 -27 -28 -29 29 -31
leaf_value=0.032485542838823107 -0.022421979480872406 -0.31457954370882357 0.57278686607585227 -0.018482467604505476 -0.22826679885434878 0.013652790006987527 -0.1485833206651466 0.26701973741657509 -0.4417272730765201 -0.50837495601812344 0.3406883252343173 0.023703062682735674 0.024008352828847692 -0.20874096101099912 0.13932617692070903 -0.34100672895438039 -0.29982095873322001 0.66688687951006786 0.025175941587769288 -0.48977707673188131 0.014424179163428624 -0.8308211404936654 -0.56957956071322158 0.0044636566073562502 0.41935252182107224 -0.61895762641379171 0.46820532826153005 -0.089103241095963223 -0.12295130078031709 -0.71399047038302965
leaf_weight=7115 3473 128 67 793 470 15645 874 171 176 60 345 244 1369 297 804 95 175 46 1829 91 2528 48 71 1139 94 46 73 1405 692 51
leaf_count=7115 3473 128 67 793 470 15645 874 171 176 60 345 244 1369 297 804 95 175 46 1829 91 2528 48 71 1139 94 46 73 1405 692 51
internal_value=-0.000970039 0.031396 0.037605 -0.00811781 -0.0966683 -0.00460245 -0.0222364 -0.0150201 -0.0182207 -0.0463711 0.0119927 0.209636 -0.037239 -0.00536171 0.00407506 0.0565177 -0.0358077 0.168627 0.00692744 -0.0334566 -0.0522343 -0.136601 -0.0240216 -0.0936725 0.0290954 -0.0758607 0.0468043 -0.113787 -0.0622646 -0.164426
internal_weight=40414 7310 7182 33104 1263 31841 16196 15322 15151 7843 7308 589 7667 6719 6422 2774 3648 850 1924 7607 6165 1544 4621 1999 2622 1928 1442 1496 1882 743
internal_count=40414 7310 7182 33104 1263 31841 16196 15322 15151 7843 7308 589 7667 6719 6422 2774 3648 850 1924 7607 6165 1544 4621 1999 2622 1928 1442 1496 1882 743
is_linear=0
shrinkage=0.03


Tree=299
num_leaves=31
num_cat=0
split_feature=6 24 8 8 1 6 13 9 23 4 14 9 24 15 4 14 7 14 7 4 14 13 13 24 10 6 14 14 12 4
split_gain=10746 11653.1 10837.3 13132.2 20810 67717.2 15712.5 19635.2 13121 22796.8 22564.2 18360.8 46736.3 15103.9 14134 13534.8 13053.6 14237.4 12673.4 16930.3 10975 10287.1 10147.6 10143.1 26232.4 17780 14305.8 19856.2 19170.9 13484.7
threshold=33.845154185022039 133.15500000000003 222.76875000000004 0.13750000000000004 1.0000000180025095e-35 1.4325991189427314 293.64000000000004 466.00500000000005 4.5000000000000009 258.50000000000006 348.72500000000008 381.02500000000003 410.77500000000003 277.52729166666671 110.50000000000001 438.64000000000004 9.2065972222222268 220.38000000000002 5.446180555555558 265.50000000000006 481.94000000000005 268.29500000000007 208.00000000000003 396.99500000000006 380.28000000000003 23.413876651982381 421.93000000000006 438.64000000000004 277.52729166666671 222.50000000000003
decision_type=2 10 2 2 2 2 8 10 2 2 10 10 8 10 2 10 2 10 2 2 8 10 10 10 10 2 8 8 10 2
left_child=2 -2 3 8 5 -5 7 -6 11 10 -10 12 14 18 15 -1 -16 -18 19 -11 -8 -13 -12 26 -25 -26 28 -28 -4 -29
right_child=1 -3 23 4 6 -7 20 -9 9 13 22 21 -14 -15 16 -17 17 -19 -20 -21 -22 -23 -24 24 25 -27 27 29 -30 -31
leaf_value=-0.057236405241805705 0.091849494209560026 0.67474722602537696 -0.021415096301062562 1.3101023087390633 0.014830127210749323 0.10276474275757581 -0.16627927463788253 -0.47260359866619106 0.058972619246002313 -0.43655826206864978 0.79295981825784201 -0.6066323245291052 0.98198175804955612 -0.42008860601074233 0.012190984157967783 -0.55364796708226194 -0.060352925144872817 -0.48723768890845143 -0.12108103173696214 0.098096217722928328 0.31437295123424019 -0.16558374017666685 0.27242261361862935 -0.50967458301183322 -0.28232314346045473 0.16042440592504964 0.64113825402810021 -0.14126759803879099 -0.38253322452056543 0.26376852138219647
leaf_weight=4479 118 41 10511 42 8981 1527 51 74 3114 57 42 57 41 97 7558 49 272 94 755 659 247 274 167 137 136 201 64 147 133 147
leaf_count=4479 118 41 10511 42 8981 1527 51 74 3114 57 42 57 41 97 7558 49 272 94 755 659 247 274 167 137 136 201 64 147 133 147
internal_value=6.49881e-05 0.245434 -0.000913701 0.00895755 0.0348289 0.135897 0.0178615 0.0107949 -0.00699422 0.0348081 0.0792912 -0.0229388 -0.0170858 -0.0594537 -0.020454 -0.0627294 0.00370823 -0.171019 -0.0354036 0.0549834 0.231833 -0.243133 0.380306 -0.0255449 -0.161279 -0.0185578 -0.0196829 0.166585 -0.0259629 0.0614581
internal_weight=40272 159 40113 28637 10922 1569 9353 9055 17715 4891 3323 12824 12493 1568 12452 4528 7924 366 1471 716 298 331 209 11476 474 337 11002 358 10644 294
internal_count=40272 159 40113 28637 10922 1569 9353 9055 17715 4891 3323 12824 12493 1568 12452 4528 7924 366 1471 716 298 331 209 11476 474 337 11002 358 10644 294
is_linear=0
shrinkage=0.03


end of trees

feature_importances:
day_of_year=991
price_lag1_max=756
price_lag_same_type=569
wind100_ms=557
price_lag1_min=549
temp_c=495
price_lag_same_type_mean=490
price_lag7_mean=476
load_fc_mw=463
dow=458
price_lag1=457
price_lag1_mean=442
hour=369
price_lag7=359
wind_proxy_mw=356
radiation_wm2=353
price_lag2=248
solar_proxy_mw=176
day_type=146
same_type_lag_days=103
month=97
year_end_break=54
holiday=25
post_holiday=5
bridge_day=4
pre_holiday=2

parameters:
[boosting: gbdt]
[objective: regression]
[metric: l2]
[tree_learner: serial]
[device_type: cpu]
[data_sample_strategy: bagging]
[data: ]
[valid: ]
[num_iterations: 300]
[learning_rate: 0.03]
[num_leaves: 31]
[num_threads: 8]
[seed: 7]
[deterministic: 0]
[force_col_wise: 0]
[force_row_wise: 0]
[histogram_pool_size: -1]
[max_depth: -1]
[min_data_in_leaf: 40]
[min_sum_hessian_in_leaf: 0.001]
[bagging_fraction: 0.8]
[pos_bagging_fraction: 1]
[neg_bagging_fraction: 1]
[bagging_freq: 1]
[bagging_seed: 17422]
[bagging_by_query: 0]
[feature_fraction: 0.8]
[feature_fraction_bynode: 1]
[feature_fraction_seed: 7040]
[extra_trees: 0]
[extra_seed: 6516]
[early_stopping_round: 0]
[early_stopping_min_delta: 0]
[first_metric_only: 0]
[max_delta_step: 0]
[lambda_l1: 0]
[lambda_l2: 1]
[linear_lambda: 0]
[min_gain_to_split: 0]
[drop_rate: 0.1]
[max_drop: 50]
[skip_drop: 0.5]
[xgboost_dart_mode: 0]
[uniform_drop: 0]
[drop_seed: 15215]
[top_rate: 0.2]
[other_rate: 0.1]
[min_data_per_group: 100]
[max_cat_threshold: 32]
[cat_l2: 10]
[cat_smooth: 10]
[max_cat_to_onehot: 4]
[top_k: 20]
[monotone_constraints: ]
[monotone_constraints_method: basic]
[monotone_penalty: 0]
[feature_contri: ]
[forcedsplits_filename: ]
[refit_decay_rate: 0.9]
[cegb_tradeoff: 1]
[cegb_penalty_split: 0]
[cegb_penalty_feature_lazy: ]
[cegb_penalty_feature_coupled: ]
[path_smooth: 0]
[interaction_constraints: ]
[verbosity: -1]
[saved_feature_importance_type: 0]
[use_quantized_grad: 0]
[num_grad_quant_bins: 4]
[quant_train_renew_leaf: 0]
[stochastic_rounding: 1]
[linear_tree: 0]
[max_bin: 255]
[max_bin_by_feature: ]
[min_data_in_bin: 3]
[bin_construct_sample_cnt: 200000]
[data_random_seed: 61]
[is_enable_sparse: 1]
[enable_bundle: 1]
[use_missing: 1]
[zero_as_missing: 0]
[feature_pre_filter: 1]
[pre_partition: 0]
[two_round: 0]
[header: 0]
[label_column: ]
[weight_column: ]
[group_column: ]
[ignore_column: ]
[categorical_feature: ]
[forcedbins_filename: ]
[precise_float_parser: 0]
[parser_config_file: ]
[objective_seed: 15521]
[num_class: 1]
[is_unbalance: 0]
[scale_pos_weight: 1]
[sigmoid: 1]
[boost_from_average: 1]
[reg_sqrt: 0]
[alpha: 0.9]
[fair_c: 1]
[poisson_max_delta_step: 0.7]
[tweedie_variance_power: 1.5]
[lambdarank_truncation_level: 30]
[lambdarank_norm: 1]
[label_gain: ]
[lambdarank_position_bias_regularization: 0]
[eval_at: ]
[multi_error_top_k: 1]
[auc_mu_weights: ]
[num_machines: 1]
[local_listen_port: 12400]
[time_out: 120]
[machine_list_filename: ]
[machines: ]
[gpu_platform_id: -1]
[gpu_device_id: -1]
[gpu_use_dp: 0]
[num_gpu: 1]

end of parameters

pandas_categorical:[]
